{"type":"FeatureCollection","features":[{"type":"Feature","id":1,"geometry":{"type":"Polygon","coordinates":[[[-76.6505485862711,39.3200161765766],[-76.6501134067091,39.3198561272335],[-76.6497068338634,39.3196923936914],[-76.6492916043782,39.3195158809685],[-76.6489222283499,39.3193587717072],[-76.6487115706864,39.3192667628654],[-76.6484056712002,39.319112962778],[-76.6482500867518,39.3190243578445],[-76.6481487623966,39.3189593148675],[-76.6480132288847,39.3188856320331],[-76.6478658278144,39.3188045003015],[-76.6480333275691,39.3186807749681],[-76.6480905177149,39.3186248393439],[-76.6479253207135,39.3184770456473],[-76.6476581472873,39.3186479137137],[-76.6476104938703,39.3185567913745],[-76.6476227419634,39.3183369619497],[-76.6476244550368,39.3183193997358],[-76.6464522715371,39.3171787194413],[-76.6460587163495,39.3169802666411],[-76.6457313961871,39.316813895193],[-76.6454351477789,39.3166874406028],[-76.6450992688819,39.316589694146],[-76.6449223056358,39.3165341326825],[-76.6447655090442,39.3164982872154],[-76.6446037031943,39.3164506319457],[-76.6444116313257,39.3163793058983],[-76.6442398130526,39.3163080381452],[-76.6440427732337,39.3162170438457],[-76.6435441515431,39.315887766003],[-76.6431423605285,39.3157018807534],[-76.6430842238196,39.3156824686432],[-76.6429047816279,39.3156225522586],[-76.6426873175437,39.3155747215895],[-76.6424545047857,39.315562220861],[-76.6423933246774,39.3155625427343],[-76.642078954386,39.3156050731194],[-76.6418786039555,39.3156688503251],[-76.6415433517887,39.3157204096367],[-76.6411606934391,39.3157260281121],[-76.6409546774933,39.3157084548308],[-76.6409069288288,39.3156867755596],[-76.6408249082057,39.3156516748092],[-76.6408071766062,39.3156528942788],[-76.6407410410548,39.3157199089514],[-76.6404793609154,39.3157262588786],[-76.6402058894915,39.3157571725671],[-76.6400828113475,39.3157833597768],[-76.6397947566421,39.315875890637],[-76.6396206459927,39.3159307819354],[-76.6393905197205,39.3160230994021],[-76.6392961676874,39.3160617646759],[-76.6391363037494,39.3161531857481],[-76.6390602679851,39.3161992139738],[-76.6389262666418,39.3162727261672],[-76.6388237456112,39.3163316959362],[-76.638706198611,39.3163976687078],[-76.638573201468,39.3164546565851],[-76.6384921498916,39.3165033856835],[-76.6383489646638,39.3165745927643],[-76.6381373696672,39.3166621475736],[-76.6379100385648,39.3167566955978],[-76.6376356790224,39.3168721289423],[-76.6374368592633,39.3169543768156],[-76.636962396564,39.3171369879848],[-76.6361394012728,39.3171565058269],[-76.6360607081634,39.3170994985736],[-76.6360413371203,39.3171003573517],[-76.6359103752695,39.3171044635678],[-76.6357954298679,39.3171074528003],[-76.6355607091253,39.3171042066622],[-76.6353591457425,39.317100612562],[-76.6351925168287,39.317098810068],[-76.6350827998751,39.3170959806625],[-76.6349653755654,39.3171034047957],[-76.6348126633275,39.3171105696395],[-76.6347167490183,39.3171158796412],[-76.6343380987028,39.3171364696896],[-76.634129918512,39.3171472658267],[-76.6338184918038,39.3171417741124],[-76.6334822559697,39.3171354763958],[-76.6332007045308,39.3171324226711],[-76.633151547316,39.3171331312568],[-76.6329675230728,39.317113850762],[-76.6325844824755,39.3170754789354],[-76.6325424686392,39.3169875422616],[-76.6322748010988,39.3169729955952],[-76.6321223623546,39.3169649927358],[-76.631654873762,39.3169667504321],[-76.6311714197468,39.3169691605531],[-76.630515083179,39.3169689202215],[-76.6300405349367,39.3169706511027],[-76.6299196662888,39.3169587364157],[-76.6296977165346,39.3170268601603],[-76.629664653833,39.3169795556599],[-76.6293634543769,39.3165486085982],[-76.629272291252,39.3163578506526],[-76.6291326385145,39.3160561074203],[-76.6289703708249,39.315801925293],[-76.6287889154508,39.3156013581637],[-76.6286172153267,39.3154052532706],[-76.6285459361126,39.3153252834538],[-76.6282250826697,39.3149844067265],[-76.6279334125551,39.3146721005829],[-76.6276578972081,39.3143870602156],[-76.627580069057,39.3143133986236],[-76.6274430222234,39.3141827855978],[-76.6273425222337,39.3140858395572],[-76.6273045823199,39.3140492630586],[-76.6272941042424,39.3140393909012],[-76.627278930081,39.3140213313153],[-76.6272372600042,39.3139723882328],[-76.6272157540571,39.313947830337],[-76.6270983509316,39.3138058549485],[-76.6269830552438,39.3136909825843],[-76.6266876080317,39.3133841116605],[-76.6264974230437,39.3131745983163],[-76.6261956762775,39.3127829181411],[-76.6260639640801,39.3126112018964],[-76.6260138434203,39.312555517246],[-76.6258692129226,39.3124039545529],[-76.6257249228796,39.3122547905637],[-76.6255745111331,39.3121148504188],[-76.6254349727956,39.3119977527189],[-76.6252962159561,39.3118899630274],[-76.6251397931306,39.311770092652],[-76.6249258695083,39.3116093559976],[-76.624725396157,39.3114705195924],[-76.6245063822613,39.3113294014349],[-76.6242517664167,39.3111845561038],[-76.624135684446,39.3111216977616],[-76.6239704766343,39.3110321377921],[-76.6237322240231,39.3110393162129],[-76.6236907213385,39.3110409046578],[-76.623668561957,39.3109947952504],[-76.6234811046238,39.3109863699216],[-76.6234036659994,39.310822314225],[-76.6233837081851,39.3107474957709],[-76.623305828502,39.3107495160481],[-76.623154822804,39.3106610939564],[-76.6224786469842,39.3102651507408],[-76.6216823653333,39.3097988679565],[-76.6211321686616,39.3095101671694],[-76.6208925085721,39.3093854738049],[-76.6206298909509,39.3092223165635],[-76.6205366649715,39.3091738143651],[-76.6205067933704,39.3091607956715],[-76.6203551220329,39.3090745385865],[-76.6202660275618,39.3091066076237],[-76.6201873405146,39.3090652816015],[-76.620153421449,39.3090474694292],[-76.6201666742894,39.3089673694084],[-76.6201696036006,39.3089566734056],[-76.6203559600418,39.308562565734],[-76.6203748513827,39.3085053657739],[-76.6204716682483,39.3082122260462],[-76.6204747999176,39.3082081179088],[-76.6204779327508,39.3082040088743],[-76.6204959046775,39.3081805662189],[-76.6205157689553,39.3081471339931],[-76.6205303675688,39.308114016237],[-76.6206297269799,39.3078065949792],[-76.6206667317962,39.3076482193662],[-76.6208732707469,39.3076500794298],[-76.6208887397575,39.3076078677069],[-76.620830763155,39.307554155968],[-76.6208792207709,39.3074119875911],[-76.6209377309593,39.3074370056708],[-76.6209530671215,39.3073738608572],[-76.6208747807764,39.3072960361563],[-76.6208919733128,39.3072539173627],[-76.6208953602786,39.3072085446355],[-76.6208953366624,39.3071997315695],[-76.6208956964366,39.3071920754094],[-76.6209099647547,39.3068831668638],[-76.6208544403677,39.3068707707758],[-76.6208483751565,39.3067820997598],[-76.6208358236321,39.3065983024478],[-76.6208881243091,39.3065654143745],[-76.6208478239615,39.3063629665528],[-76.6208382513504,39.3063148812576],[-76.6209107647594,39.3062578145567],[-76.6208957724406,39.3061401959681],[-76.6207791024882,39.3061026642304],[-76.620774648956,39.306063664254],[-76.6206642919944,39.3050973267699],[-76.6206285417955,39.304784278835],[-76.6205944273127,39.304483898068],[-76.6203609033168,39.3044963092514],[-76.6203542662827,39.3044299282073],[-76.6205868935885,39.3044175645845],[-76.6207153276178,39.3043718145795],[-76.6207099777425,39.3043166052829],[-76.6206315531627,39.3043153738838],[-76.6206240203604,39.3042460471897],[-76.6207023394236,39.3042323076869],[-76.6207011997376,39.3042197330556],[-76.6206978450724,39.3041901305864],[-76.6205556763919,39.3041428304487],[-76.6203968751062,39.3041475329046],[-76.6203831201555,39.3040368170603],[-76.6204245948374,39.3040327778443],[-76.620400051064,39.3038249184182],[-76.62038597747,39.3038263826183],[-76.620322611199,39.3033918656203],[-76.6203367436987,39.3033921598946],[-76.6202961604858,39.3031572042666],[-76.6203156544144,39.3031400808278],[-76.6202631275644,39.3028589903607],[-76.6201497010918,39.3023162745872],[-76.620086430913,39.3020032948737],[-76.6201708827987,39.3019508331044],[-76.6202772087706,39.3018709860007],[-76.6202480531199,39.3017503840254],[-76.6202419585954,39.3017111498798],[-76.6203338270856,39.3016984164211],[-76.6204045777858,39.3015758646532],[-76.6205351966892,39.3014315403465],[-76.6208835835802,39.3011610957761],[-76.6210741782992,39.301022867924],[-76.621506690005,39.3007091870968],[-76.6217413933065,39.3004997881956],[-76.6217085077182,39.3004714904248],[-76.6217233611959,39.3004580061729],[-76.6217365854774,39.3004474081044],[-76.621691367325,39.3004116375764],[-76.6217289869943,39.3003815761285],[-76.6217766832839,39.3004152711685],[-76.6218103377447,39.3003882991378],[-76.6218541272014,39.3004171931461],[-76.6221632906782,39.3001726665823],[-76.6225261348625,39.2998834638657],[-76.6226618064846,39.2997479114408],[-76.6226214688771,39.2997198043665],[-76.6226528382361,39.2996931589324],[-76.6227036678241,39.2996499831325],[-76.6227278220933,39.2996243134483],[-76.6227828230719,39.2996576063854],[-76.6230867463369,39.2993475088182],[-76.6233498118679,39.2990255588166],[-76.6233317197156,39.2989825319848],[-76.6233569787921,39.2989556884196],[-76.6234100968326,39.2989673622605],[-76.6238179140719,39.2985840110329],[-76.624019863522,39.2983995580877],[-76.6239995346121,39.2983646634391],[-76.6239896545112,39.298347702982],[-76.6240259556336,39.2983153612532],[-76.6240442879734,39.2983253687831],[-76.6240890004631,39.2983497755554],[-76.6249410314543,39.2976651168628],[-76.6260927358029,39.296712035243],[-76.626066352619,39.2966549305952],[-76.6260578524092,39.2966365352848],[-76.6261022068658,39.296588701178],[-76.626132957743,39.2965994856289],[-76.6262008145179,39.2966232833842],[-76.6267659248817,39.2961741172842],[-76.6271487269172,39.2958395094133],[-76.6273297905873,39.2956248828583],[-76.627497050144,39.2953512720324],[-76.6275916734236,39.295136370948],[-76.6277302755521,39.2947171694114],[-76.6277031554272,39.2946682839858],[-76.6275897796165,39.2946752586309],[-76.6275992478469,39.2946139632076],[-76.6275513583536,39.2945989578922],[-76.6275876259362,39.2943901680548],[-76.627635253438,39.2943808574515],[-76.6276414671753,39.2943406240494],[-76.6275884500394,39.2943272616926],[-76.627607536581,39.2938845903432],[-76.6276660012483,39.2938638212981],[-76.6276681864249,39.2938108122716],[-76.6276182991918,39.2937858238437],[-76.6276131511797,39.2936186429272],[-76.6276727796818,39.2936146217705],[-76.6277340639663,39.2936120677615],[-76.627737210932,39.293611910192],[-76.6277374256529,39.2936153941063],[-76.6277401267667,39.293659329064],[-76.627932049762,39.2936599370383],[-76.6279469193582,39.2936313886438],[-76.62796398225,39.2935986307412],[-76.6279642951155,39.2935389780855],[-76.6280331749871,39.2935365641715],[-76.6280441700908,39.2935927432732],[-76.6280837060391,39.2936269054076],[-76.6281205947559,39.2936587793285],[-76.6290340866193,39.2936300867289],[-76.6298741072164,39.2936178223202],[-76.6303756158501,39.2935711520966],[-76.6313681732215,39.2935347949337],[-76.6321778337997,39.2934987333453],[-76.6327130768206,39.2934775988856],[-76.6340095590265,39.2934194241277],[-76.6340085231693,39.2934027037235],[-76.6340031928241,39.2933167016097],[-76.6340709443614,39.2933142824432],[-76.6340760457097,39.2933966024405],[-76.6340771971722,39.293415185072],[-76.6354524660043,39.2933799839178],[-76.6354785621496,39.2933470980317],[-76.6355024635699,39.2933169769641],[-76.6355015914479,39.2932669704525],[-76.6355569108508,39.2932671420719],[-76.6355589255969,39.2933145201113],[-76.6355772890914,39.2933437985805],[-76.6355947592022,39.2933716528786],[-76.6364585735306,39.2933418711306],[-76.6370152549907,39.2933225380923],[-76.6379396971929,39.2932857951532],[-76.6379394874157,39.2932846514443],[-76.6383222120257,39.293271456007],[-76.638331655779,39.2932510738948],[-76.6383521373428,39.2932068700748],[-76.6383499951033,39.2931734471451],[-76.6383911501767,39.2931735738268],[-76.6383914496756,39.2932055543742],[-76.6384193701491,39.2932486272019],[-76.638431825399,39.2932678408796],[-76.6387228348287,39.2932623587692],[-76.6389092900303,39.2932545099089],[-76.6394643211264,39.2932309500524],[-76.6397055118809,39.2932206439818],[-76.639720070714,39.293209420143],[-76.6397253879572,39.2932046453154],[-76.6397254621644,39.29320464194],[-76.6397732244478,39.293161695219],[-76.639773407156,39.2931229775819],[-76.6398246560545,39.2931195713109],[-76.6398295327481,39.2931586377394],[-76.6398666613899,39.2931871677838],[-76.63991075157,39.2932254383361],[-76.6403910065017,39.2932147220964],[-76.6409957283919,39.2931894434292],[-76.6412440458463,39.293181159265],[-76.6418159573417,39.2931662997387],[-76.6421171565471,39.2931555699522],[-76.6425471731102,39.2931309228598],[-76.6425652054772,39.2931220331943],[-76.6426146446576,39.2930682461956],[-76.6426126445699,39.2930345112177],[-76.6426604242682,39.2930342196886],[-76.6426642700215,39.293068841221],[-76.6427521904894,39.2931211463132],[-76.6427614410602,39.2931209123219],[-76.6429203424124,39.2931168934091],[-76.6431948198046,39.2931096835722],[-76.6434109879747,39.2931039697342],[-76.6436928759984,39.2930967866314],[-76.6439591791585,39.2930885080404],[-76.6439807444893,39.2930701763083],[-76.6440276033302,39.293031629834],[-76.6440273554979,39.292985844443],[-76.6440882062528,39.2929849010565],[-76.6440908829195,39.2930306388591],[-76.6441586765717,39.2930797770075],[-76.6446752927527,39.2930673059323],[-76.6447154338107,39.2930044075861],[-76.6447141645178,39.2929701443098],[-76.6447452382119,39.2929685655698],[-76.6447472946825,39.2930028177146],[-76.6448046244844,39.2930640012132],[-76.6453753550508,39.2930568393904],[-76.6453747101171,39.2930348931732],[-76.6454415126857,39.2929993175867],[-76.6454416997402,39.292961894351],[-76.6454946622818,39.2929620541786],[-76.6454966331562,39.2929988930285],[-76.6455944205668,39.293050960939],[-76.6470880922858,39.2930070965574],[-76.6471388132035,39.2929890265733],[-76.6471736992893,39.2929877243653],[-76.647169530303,39.2929185975746],[-76.6472375545051,39.2929171192337],[-76.647240895411,39.2929485774339],[-76.6473008447918,39.2930018400026],[-76.6475462063987,39.2929946316718],[-76.647908868167,39.292978691188],[-76.6479832909145,39.2929749490703],[-76.6481687324429,39.2929637929133],[-76.6484095811189,39.2929483750684],[-76.6488839324363,39.2929273306032],[-76.6489104142886,39.2928264626888],[-76.648972645658,39.2928266486479],[-76.6490088128704,39.2929264904429],[-76.6502195029914,39.2928727671287],[-76.6502533186956,39.2928475465946],[-76.6503006359806,39.2928290913001],[-76.6504221191597,39.2928255435567],[-76.6505012744414,39.2928703143419],[-76.6513450489053,39.2928432090468],[-76.6516027047307,39.2928349307078],[-76.6516328536185,39.2928349093183],[-76.651695195789,39.2927896311065],[-76.6517898847359,39.2927882255786],[-76.651864469438,39.292831706423],[-76.6519477707168,39.2928340042668],[-76.6521789258105,39.2928540713693],[-76.6524061388303,39.2928927702412],[-76.6529771814816,39.2930239360381],[-76.6531805790215,39.2930752763547],[-76.6532095156006,39.2930825786466],[-76.6532848355047,39.2931015817568],[-76.6534807306499,39.2931515770973],[-76.6534847154817,39.2931260622743],[-76.65349251161,39.2930761463531],[-76.653571224257,39.2930102457438],[-76.6538911178886,39.2930940637284],[-76.6542418655525,39.292825759116],[-76.654237255185,39.2927496945575],[-76.6544468257707,39.2926311021555],[-76.6545281604643,39.2926313413601],[-76.6547750736145,39.2925571412386],[-76.6548186922626,39.2932794231842],[-76.6549514938669,39.2932900819376],[-76.6553457012703,39.293288679115],[-76.6553533222893,39.2933709280409],[-76.6553421736381,39.2934215953825],[-76.6555697360244,39.2934143730213],[-76.6562285490207,39.2933864290179],[-76.6562257949646,39.2933260999199],[-76.6562716146234,39.2933219625939],[-76.6562768250858,39.2933404307602],[-76.6565958655418,39.2933322994287],[-76.6565994141479,39.2933068688016],[-76.6566191565168,39.293305014198],[-76.6566317826932,39.2933299282267],[-76.6570581470277,39.2933143753622],[-76.6572740092783,39.2933065904052],[-76.6574195383058,39.2933014184513],[-76.6575699479614,39.2932954561664],[-76.6577672672886,39.2932883791961],[-76.6577774352073,39.2932572984478],[-76.6577971548164,39.2932575090174],[-76.6578142909886,39.2932864606399],[-76.6581540776738,39.2932737321886],[-76.6584110518108,39.2932646496709],[-76.658634195938,39.2932578327863],[-76.6589430418025,39.2932460336051],[-76.6591023409187,39.2932406221083],[-76.6592601960217,39.2932348864385],[-76.6592768148862,39.2931950004502],[-76.6593207611619,39.2931949288275],[-76.6593481076933,39.2932336686406],[-76.6596376222844,39.2932199208895],[-76.6598515329643,39.293209721422],[-76.6600950157047,39.2931991783671],[-76.6604120744222,39.2931841653671],[-76.6606262841032,39.2931741770317],[-76.6608200046876,39.2931648902945],[-76.6610516003092,39.2931539046967],[-76.6613017272555,39.2931428846956],[-76.6613115448332,39.2931209975679],[-76.6613297830513,39.2931206979489],[-76.6613373690365,39.2931432630761],[-76.6621109040352,39.2931147267981],[-76.6622955502941,39.2931068203146],[-76.6623312353614,39.293190883394],[-76.6624039398234,39.293196830164],[-76.6624290637675,39.2932584105815],[-76.6623580033281,39.2933062194529],[-76.6624959992625,39.2935174166258],[-76.6623053747152,39.2935256278129],[-76.6620341710692,39.2935373117306],[-76.6620350884358,39.293552551582],[-76.6620426986757,39.2937292083941],[-76.6626260516667,39.2937059836023],[-76.662734174716,39.2937152989173],[-76.6627892134831,39.2938201780525],[-76.6627891343313,39.2938202462828],[-76.6627303312553,39.293870980183],[-76.6628611274845,39.2940613622353],[-76.6628703540485,39.2940974099938],[-76.6630407876927,39.294353424841],[-76.6630607416496,39.2943934432597],[-76.6631923644106,39.2944030624406],[-76.6632059824157,39.2944227442909],[-76.6632670996542,39.2944571905863],[-76.6633071749883,39.2944502507129],[-76.6633317096726,39.2944677146428],[-76.6635593128264,39.2944592608956],[-76.6643807770625,39.2944344138879],[-76.6647542745966,39.294424493732],[-76.6648458542282,39.2944220635589],[-76.6648505902866,39.294421941956],[-76.6649034166549,39.2943623274101],[-76.6649370484627,39.2943804781068],[-76.6653575774938,39.2943655396279],[-76.6653657053894,39.2943418458454],[-76.6654059966045,39.2943625627166],[-76.6656474109722,39.2943473246271],[-76.6656505103749,39.294317895806],[-76.6656860606571,39.294342736266],[-76.6660797836127,39.2943304040773],[-76.6666394659034,39.2943116886339],[-76.6666589944544,39.2942892251183],[-76.6666835457148,39.2943104787794],[-76.667061476511,39.2942945891472],[-76.667388963909,39.2942814793572],[-76.6677096860835,39.2942665957463],[-76.6679462882517,39.29425741493],[-76.6683693208192,39.2942417656556],[-76.6685941867283,39.2942345699028],[-76.6686137392604,39.294206835802],[-76.668642602216,39.2942320708505],[-76.6687169079702,39.2942313219962],[-76.6687333769733,39.294203818782],[-76.6687546072711,39.294230359997],[-76.6690752868435,39.2942242450115],[-76.6694238165796,39.2942182084192],[-76.6698152353224,39.2942152142949],[-76.6700892691311,39.2942126648457],[-76.6702109352635,39.2942111824033],[-76.6703557885538,39.2942056709568],[-76.6705278231197,39.2941967523347],[-76.6712547287148,39.2941611730045],[-76.6712894730017,39.2941594723102],[-76.6716209963899,39.2941398855769],[-76.671634679269,39.2942161638845],[-76.6716249994044,39.2943003593982],[-76.6716274515336,39.2943668943516],[-76.6710946903426,39.2953745713653],[-76.6706865182922,39.2953881436319],[-76.6706861642444,39.2955785157401],[-76.670723440382,39.295578208573],[-76.6707665652167,39.2963133863238],[-76.6706393613395,39.2965110619739],[-76.6706177978549,39.2966046540538],[-76.6705499198427,39.2968989867054],[-76.670406297922,39.2975217458865],[-76.6700013651096,39.2992287548256],[-76.6699255293153,39.2992074010698],[-76.6698682725884,39.2995063964365],[-76.6695999732302,39.2994377568246],[-76.6694869018297,39.2995115502681],[-76.6694919822679,39.299603540705],[-76.6698121156894,39.2997109830589],[-76.6698280697215,39.2997163369455],[-76.6697801369198,39.2999326024258],[-76.6697776477457,39.299943580142],[-76.6697269658445,39.3001653270632],[-76.6696737027142,39.300357501201],[-76.6696154675325,39.3005395836739],[-76.669552588983,39.3006795931864],[-76.6694896048134,39.3008113649568],[-76.6694015214691,39.3009683250455],[-76.6692987683505,39.3011258193561],[-76.6691957900328,39.3012710968965],[-76.6690277240278,39.3014685744243],[-76.6689073365087,39.3015963126999],[-76.6687149576878,39.3017710987922],[-76.6685095952255,39.3019335202018],[-76.6683373147168,39.3020566644389],[-76.6682772294253,39.3020931474364],[-76.6681496327091,39.3021706213605],[-76.667952026361,39.3022768088473],[-76.6679419969604,39.3022903710928],[-76.6679567956171,39.302321464635],[-76.6678834220414,39.3023550535832],[-76.6676642195925,39.3024537393034],[-76.6676297338164,39.3024681664288],[-76.6672829250345,39.3025969070918],[-76.6670629844845,39.3026645396805],[-76.666976475294,39.3026880699435],[-76.6667857964687,39.3027399685924],[-76.6667509428934,39.3027494519752],[-76.6667628479633,39.3029681925875],[-76.6667657780992,39.3030219029907],[-76.6667031145591,39.3030239483195],[-76.6661998236939,39.3030405302041],[-76.6660894242079,39.3030553131704],[-76.6659775987895,39.3030959130132],[-76.6659897160905,39.3031299986881],[-76.6659905799656,39.3031324313799],[-76.6655374777319,39.3031470399168],[-76.6654145408074,39.3031359321992],[-76.6653047169703,39.3031598578272],[-76.6650484618957,39.303171318424],[-76.6650296558049,39.3031764279385],[-76.6650283879983,39.3031583903145],[-76.6649521274544,39.3031794982512],[-76.6648999705054,39.3031939561531],[-76.6648226478183,39.303214588981],[-76.6636251288551,39.3035341333521],[-76.6636320710556,39.3035498218527],[-76.6636365630675,39.3035599736061],[-76.6635886009768,39.303561808049],[-76.6635764704309,39.3035622723358],[-76.6635577441012,39.3035629879621],[-76.6635581980351,39.3035701907951],[-76.6635687218471,39.3037371136435],[-76.6632169060591,39.3038314011185],[-76.6623129288855,39.3040736776744],[-76.6620753111977,39.3041373615623],[-76.6620618821481,39.3041409619889],[-76.6620717388225,39.3046308962804],[-76.6620745921405,39.3047737281012],[-76.6620761331983,39.3048505785892],[-76.6623134731576,39.3048428046312],[-76.6627891688941,39.3048271852315],[-76.6627995056915,39.304882153703],[-76.6628302286059,39.3055943322045],[-76.6628511138502,39.3056759076755],[-76.6628547698769,39.3056902194381],[-76.6628587127059,39.3057056615691],[-76.6629176882713,39.3059360986304],[-76.6629281377583,39.3059769255567],[-76.6629434153059,39.3060069770995],[-76.6630168255529,39.3060377250126],[-76.6630203934142,39.3060566943144],[-76.6630314100572,39.3061070132002],[-76.662972179199,39.306160753453],[-76.6630268540064,39.306403881422],[-76.6630273808574,39.3064062230915],[-76.6629430465926,39.306409027563],[-76.662890910045,39.3064108011101],[-76.6628309658439,39.3064128242587],[-76.6627755442713,39.3064146702971],[-76.6627183205755,39.3064165922044],[-76.6626630762593,39.3064184657213],[-76.6625901977417,39.3064209055941],[-76.6625888595425,39.3064209503922],[-76.6625944375239,39.3064428952625],[-76.6627832761551,39.3071894452276],[-76.6627965960191,39.3072420865654],[-76.6626323828063,39.3072480952367],[-76.6626325359203,39.3073219331558],[-76.6626689673102,39.3074237481444],[-76.6629677600283,39.3074137064012],[-76.6632875884411,39.307402954934],[-76.6633114830842,39.3074987870187],[-76.6631875405225,39.3077674914115],[-76.6631035201737,39.3079496594387],[-76.6630702501055,39.3080217747499],[-76.6630638125846,39.308035727878],[-76.6631697080196,39.3087095850924],[-76.6632032111734,39.3087429819691],[-76.6632102015336,39.3087632662498],[-76.6632648114931,39.3087615563927],[-76.6633107600501,39.3087601216446],[-76.6633649467991,39.3087584114292],[-76.6634124156551,39.3087569269513],[-76.6634721500264,39.3087550659373],[-76.6635248870633,39.3087534325642],[-76.663574829553,39.3087518452118],[-76.6635907014976,39.3087513691156],[-76.6636342126007,39.3087499831096],[-76.6637136244273,39.3090772288357],[-76.6637156574182,39.3090891200911],[-76.6638252981338,39.3091369413262],[-76.6638295797415,39.3091688123115],[-76.6637653821811,39.3091811932433],[-76.6637685230054,39.3092245230494],[-76.6638389231934,39.3092264611167],[-76.6638393504445,39.3092542280526],[-76.6638852300265,39.309246127309],[-76.6638837707659,39.30922032917],[-76.6640007965728,39.3092182155966],[-76.6640070039548,39.3092452352203],[-76.6639763223561,39.3092637174145],[-76.6639982775402,39.3095930279419],[-76.6639156290612,39.3095928618518],[-76.6638588277245,39.3095944297306],[-76.6637935100753,39.3095962191219],[-76.6637318325144,39.3095979099024],[-76.6636808977124,39.3095993287441],[-76.6636319796148,39.309600671368],[-76.6635808339092,39.3096020634409],[-76.6635323053981,39.3096034053371],[-76.6634841990475,39.3096047241019],[-76.6634679386214,39.3096051711483],[-76.6634307884834,39.309606684304],[-76.6633796060196,39.3096087346344],[-76.6633329810557,39.3096106322613],[-76.6632841306734,39.3096126063623],[-76.6632337934546,39.3096146590512],[-76.6631851204656,39.3096166336194],[-76.6631356310788,39.3096186328497],[-76.6630840587463,39.3096207386813],[-76.6630387443699,39.3096225552783],[-76.662969779946,39.3096253507048],[-76.6629703810691,39.3096342707844],[-76.6629716288157,39.3096527839364],[-76.6629751576523,39.3097207459619],[-76.6627061719086,39.309729225827],[-76.6623530238202,39.3097405663745],[-76.6623025508037,39.3097321524255],[-76.6622545724689,39.3097343222667],[-76.6622559790674,39.3097781164163],[-76.6621967394226,39.3098124864115],[-76.6621973961816,39.309823337869],[-76.6621986581087,39.3098441876227],[-76.6615630864941,39.3098652848298],[-76.6615692922721,39.3099677786663],[-76.6615794593593,39.310135779454],[-76.6615868445596,39.3102037346058],[-76.6617076233691,39.3102880838776],[-76.6617451037814,39.3108314709087],[-76.6617754398962,39.3112712777495],[-76.6622437990779,39.3112543377602],[-76.6622488933761,39.3113389438776],[-76.6622696408763,39.3114138668531],[-76.6623254500961,39.3114122797739],[-76.6624539073518,39.3114083017934],[-76.6624881183696,39.3113326314546],[-76.6626766636603,39.3113257551298],[-76.6626680626636,39.3111655460076],[-76.6632078574936,39.3111458608571],[-76.6632189055453,39.3113059805697],[-76.6632894961571,39.3113034112384],[-76.6636319492615,39.3112909113068],[-76.663684901808,39.3112889749209],[-76.6640202840136,39.3112767292516],[-76.6641161804898,39.3113388832833],[-76.6641461593292,39.3113389653638],[-76.66419553522,39.3113391434008],[-76.6642517674943,39.3112694840475],[-76.6645891936395,39.3112589720395],[-76.6646296677284,39.3112577148084],[-76.6646089709436,39.3109575159871],[-76.6646008263944,39.3108393815575],[-76.6646528912874,39.3108377466571],[-76.6647029427925,39.3108362140793],[-76.664761231574,39.3108344041282],[-76.6648142160713,39.3108327429558],[-76.6648545659028,39.3108314735836],[-76.6648614033614,39.3108312588881],[-76.6649188084844,39.3108294715598],[-76.6649707700406,39.3108278632466],[-76.6650179918579,39.3108264323589],[-76.6650697751034,39.3108247694484],[-76.6651242438649,39.3108230844432],[-76.6651802341379,39.3108213479013],[-76.665230036453,39.3108197882672],[-76.6652789585817,39.3108182540282],[-76.6653307415642,39.3108166441464],[-76.6653837619791,39.3108149828195],[-76.6654381252078,39.3108132982691],[-76.6654397868573,39.310831469378],[-76.6654482659408,39.3109242115829],[-76.6654485448872,39.3109272659282],[-76.6655006805583,39.3109256299529],[-76.6655505210755,39.3109240973141],[-76.6656074299898,39.3109223091379],[-76.6656568090205,39.3109207760415],[-76.6657104650384,39.3109190884522],[-76.6657606593228,39.3109175288073],[-76.6657777766347,39.3112219705883],[-76.6658082778917,39.3112233832414],[-76.6658660993119,39.3112612720771],[-76.665867794213,39.31128840756],[-76.6658732608356,39.3113296082071],[-76.6660212701125,39.3113890093174],[-76.6660448264952,39.3118000274097],[-76.666046475311,39.311854941054],[-76.666372606295,39.3118418102646],[-76.6663758640728,39.3119005719807],[-76.666379123907,39.3119588977374],[-76.6663825460533,39.3120204333339],[-76.6663859336819,39.312081420273],[-76.6663890608734,39.3121378747873],[-76.6663921244229,39.3121930698684],[-76.6663952835636,39.3122498829706],[-76.6661111817391,39.3122597202994],[-76.6660396213791,39.3123308880544],[-76.6660405483261,39.312373874581],[-76.6660915868317,39.312437527142],[-76.6664052097061,39.3124267414033],[-76.666409403253,39.3124265965768],[-76.6664123364895,39.3124791809028],[-76.6664146509291,39.3125208364479],[-76.6664168952948,39.3125613667541],[-76.6664190823468,39.3126005241509],[-76.6664213962831,39.3126420418778],[-76.6664237078975,39.3126838073043],[-76.6664259245848,39.3127235682875],[-76.6664283690002,39.3127674229338],[-76.6664305203894,39.3128060298672],[-76.6664322783884,39.3128380466826],[-76.6664244421209,39.3128383162828],[-76.6661145308533,39.31284897841],[-76.6660494407108,39.3128835814014],[-76.6660559112092,39.3129221825996],[-76.6661214921757,39.3129668174491],[-76.6664211551734,39.3129560721673],[-76.6664253610844,39.3130314482205],[-76.6664281060932,39.3130806703958],[-76.6664290439029,39.3130974882948],[-76.666430743432,39.3131281321955],[-76.6664328224328,39.3131656147808],[-76.6664364059508,39.3132303358694],[-76.6664410012977,39.313312657818],[-76.66616268069,39.3133226368939],[-76.6660810053357,39.3133749285873],[-76.6660840795599,39.3134416073717],[-76.6661509587364,39.3135044311635],[-76.6664626657245,39.3134932335799],[-76.6664690035339,39.3134984714245],[-76.6664729792143,39.3135700564463],[-76.6664759116356,39.3136225876055],[-76.6664790427006,39.3136787412503],[-76.666482137569,39.3137344561253],[-76.6664851672641,39.3137889899287],[-76.6664881647618,39.3138429741812],[-76.6664915219112,39.3139033295694],[-76.6664943924029,39.3139544878013],[-76.6664972568477,39.3140064395775],[-76.666500743727,39.3140690472097],[-76.666182989654,39.3140804448037],[-76.6661845233275,39.3141078770483],[-76.6661993133177,39.3143739632556],[-76.6661296363872,39.3144209899277],[-76.6660473283064,39.3144263866597],[-76.6660514981828,39.3144719215926],[-76.6655247378119,39.3144994943932],[-76.6651631478495,39.3145179911928],[-76.6649491040027,39.3145291990006],[-76.6647026368796,39.3145356246025],[-76.6645212820815,39.3145404917253],[-76.6644180583544,39.3145432532594],[-76.6644027693202,39.3144937916642],[-76.6643494494691,39.3144983530203],[-76.6643347646321,39.3144995991522],[-76.6643347188251,39.3145002124332],[-76.6643308320677,39.3145526133653],[-76.6640304966531,39.3145611004311],[-76.6634872401616,39.314576899964],[-76.6634673355668,39.3145164367599],[-76.6634269774341,39.3145185190154],[-76.6634067579835,39.3145801031427],[-76.6633570971652,39.3145830450691],[-76.6632370332318,39.314590383585],[-76.6630530069769,39.314601747817],[-76.662844725616,39.3146144104188],[-76.6626140091067,39.3146284845764],[-76.6625894842593,39.3145753553893],[-76.6625226913004,39.3145823362853],[-76.6625085934072,39.3146354257351],[-76.6621970160419,39.314677611683],[-76.6618133614703,39.3147298363603],[-76.6617707542419,39.3146513132177],[-76.6617490695502,39.3146543917265],[-76.6616963328809,39.3146637689763],[-76.6617030776439,39.3147486923426],[-76.6616415491034,39.3147609726023],[-76.6614081522414,39.3148073169133],[-76.6611985713164,39.3148532159949],[-76.6608818704065,39.3149235213665],[-76.6608170803367,39.3148537252025],[-76.6607887043134,39.3148232132075],[-76.6607881482604,39.3148226153049],[-76.6607655582616,39.3148277888697],[-76.6607097875181,39.3148403951211],[-76.6607050428051,39.3148461588436],[-76.6606684835181,39.3148910566398],[-76.6606401907189,39.3149919392916],[-76.6604279519402,39.3150582250429],[-76.6601220644134,39.3151542364368],[-76.6599835930686,39.3151964279225],[-76.65971100942,39.3152818769055],[-76.6592997117586,39.3154169968744],[-76.6589959791727,39.3155255374338],[-76.6589931015022,39.3157480183065],[-76.6588347136826,39.3157913927796],[-76.6589369435722,39.3160022014241],[-76.6591449797658,39.316433078588],[-76.6592706024945,39.3167185567562],[-76.6592639451659,39.3169222468333],[-76.6592081935845,39.3170291529603],[-76.6590992062587,39.3171491375825],[-76.6588745071809,39.3173914929014],[-76.6588131035756,39.3173880728515],[-76.6588438852261,39.3174254893328],[-76.6587737862752,39.3175098969681],[-76.6582056522187,39.3181001258693],[-76.6579806747458,39.3182919528022],[-76.6575745885672,39.3185706696133],[-76.6575271309697,39.3185629127804],[-76.6575352437276,39.3185934124214],[-76.657360226511,39.3187015733696],[-76.6569788766816,39.3188817154078],[-76.6564555400974,39.3190646470166],[-76.6556597368902,39.3192227183615],[-76.6556247152568,39.3192053726774],[-76.6555942136601,39.3192141061505],[-76.6555654830852,39.3192220710612],[-76.6554124588807,39.3191745888991],[-76.6552096424332,39.3191110784344],[-76.6550822890771,39.3190711077456],[-76.6550005110452,39.3190454025911],[-76.65499102897,39.3190250817434],[-76.6549839987772,39.3190099221882],[-76.6549501655759,39.3190300870497],[-76.6549480001506,39.3190313561552],[-76.6548275920368,39.3189926026769],[-76.6547313188875,39.318961619598],[-76.6547067185795,39.3189537053887],[-76.6546894554495,39.3189481438751],[-76.6546670041279,39.318940909733],[-76.6546312112225,39.3189293794331],[-76.6545613563292,39.3189068886585],[-76.6544524528084,39.3188718256557],[-76.6544665270695,39.3188502228953],[-76.6544395337293,39.3188355657796],[-76.6544151819844,39.3188544720941],[-76.6544117701776,39.3188571210779],[-76.654286825238,39.3188164143847],[-76.6540157024683,39.3187279527686],[-76.6539499676793,39.3187065087199],[-76.6539272456425,39.3186991745558],[-76.6539275592256,39.3186774538727],[-76.6538907301675,39.318663484664],[-76.6538677660544,39.3186843657958],[-76.6536794520313,39.3186228374026],[-76.653693392356,39.3186075648151],[-76.6536716404749,39.3185951126912],[-76.6536388197459,39.3186050098004],[-76.6534546533938,39.3185391246261],[-76.6534238565092,39.3185280833831],[-76.6534101412598,39.318496350016],[-76.6533732662147,39.3184939632644],[-76.6533724367512,39.3185130080968],[-76.6533722271654,39.3185169779887],[-76.6532723890588,39.3184865443597],[-76.653204228821,39.318465563828],[-76.6531968424535,39.3184633315892],[-76.653177158645,39.3184301871196],[-76.6531407085817,39.3184305398318],[-76.6531253967021,39.3184308017961],[-76.653127409569,39.3184531364521],[-76.6530376056637,39.3184445619369],[-76.6527854692268,39.3184209409286],[-76.6526421146206,39.3184235393366],[-76.652637878072,39.3184236249968],[-76.6525817228603,39.3184274367253],[-76.652569779883,39.3184042314027],[-76.6525632987836,39.318405163436],[-76.6525526491894,39.3184067289839],[-76.6525421388233,39.3184082796297],[-76.6525387850785,39.3184087723335],[-76.6525346457107,39.3184093780106],[-76.6525258888479,39.3184106627132],[-76.6525138258368,39.3184124294499],[-76.6525104822261,39.3184068313048],[-76.6525006065633,39.3183903192627],[-76.6524648909052,39.318330267774],[-76.652445347752,39.3183314368039],[-76.6523490515983,39.3183566288311],[-76.6523561660392,39.3183700872794],[-76.6523855820722,39.3184257344113],[-76.6523405215863,39.3184334529698],[-76.652371952997,39.3184858039129],[-76.6523141521446,39.3185068924538],[-76.6521449129778,39.3185686344484],[-76.65191773202,39.3187197545582],[-76.6517024139878,39.3189117899602],[-76.6516656276805,39.3188924868352],[-76.6516266947907,39.3189248984506],[-76.6516567609581,39.3189619138508],[-76.6513725240537,39.3192739819663],[-76.6510937703151,39.3195800504367],[-76.6510164977687,39.3195740228781],[-76.6509928741797,39.3195981315794],[-76.651031786106,39.3196481081797],[-76.6507523822997,39.3199548899805],[-76.6507272220193,39.3199825159946],[-76.6506486027406,39.319974598022],[-76.6505995010386,39.3200404050162],[-76.6505485862711,39.3200161765766]]]},"properties":{"OBJECTID":1,"DistrictNumber":7,"Dist_Abbr":"WD","Dist_Alt":"WESTERN","Dist_Name":"Western","DistrictName":"Western","District":"7","Shape__Area":103832204.65460205,"Shape__Length":52080.195707609571}},{"type":"Feature","id":2,"geometry":{"type":"Polygon","coordinates":[[[-76.5297378330728,39.3158776541148],[-76.5297406438088,39.3133980161462],[-76.5297426778027,39.311604471833],[-76.5297442773249,39.3101932770576],[-76.5297449694311,39.3095826851994],[-76.5297462231778,39.3084776940469],[-76.5297468643802,39.3079120189294],[-76.5297472404687,39.3075797204088],[-76.5297491141028,39.3059274645685],[-76.529749339445,39.305728410153],[-76.5297494471543,39.3056341775876],[-76.5297526279076,39.3028282643631],[-76.5297544279328,39.301240403967],[-76.5297559179867,39.2999260830202],[-76.5297569506369,39.2990150866111],[-76.5297572838095,39.2987219458427],[-76.5297573808661,39.2986356118156],[-76.5297578827125,39.2981937486912],[-76.5297592561497,39.296982157109],[-76.5297594162848,39.2968408425607],[-76.5297609047478,39.2955274314403],[-76.5297614501749,39.2950466371107],[-76.5297633686668,39.2933548082829],[-76.5297637400287,39.2930275696747],[-76.5297640297714,39.2927713982382],[-76.5297643682217,39.2924730802542],[-76.5297650825017,39.2918426504066],[-76.5297661219535,39.2909260436607],[-76.5297671027578,39.2900616474206],[-76.529768025364,39.2892474710397],[-76.5297692180584,39.2881956423156],[-76.5297694027348,39.2880324326076],[-76.5297712693664,39.286386313861],[-76.5297715538489,39.2862727474334],[-76.5297713984962,39.2862727522162],[-76.5297730356637,39.2848284148846],[-76.529773275527,39.2846164810226],[-76.5297738482879,39.2841116005648],[-76.5297758031388,39.2823877855711],[-76.5297763912413,39.2818688682001],[-76.5297767856658,39.2815206434114],[-76.5297779035723,39.2805344427385],[-76.5297790302915,39.2795411365642],[-76.5297795958411,39.2790420526567],[-76.5297800945279,39.2786020209038],[-76.529780584939,39.2781691825884],[-76.5297805869032,39.278167662101],[-76.5297831832806,39.275878152742],[-76.5297901810501,39.2697054622117],[-76.5297930895978,39.2671398254378],[-76.5297966845872,39.2639693470164],[-76.529797810674,39.2629762269888],[-76.5297984816652,39.2623845886223],[-76.5297993562491,39.2616132209065],[-76.5298002285881,39.2608434131463],[-76.5298012146163,39.2599740730585],[-76.5298020428651,39.2592436167955],[-76.5298022221492,39.2590855689074],[-76.5298030782628,39.258330616961],[-76.529803952347,39.2575593086913],[-76.52980458179,39.2570041802586],[-76.5298061442882,39.2556263361587],[-76.5298065760917,39.2552453153019],[-76.5298095612064,39.2526124919792],[-76.5298119811358,39.2504782116237],[-76.52981370572,39.2489567541478],[-76.5298152514943,39.2475932705655],[-76.5298158247383,39.2470871722306],[-76.5298177404483,39.245397796823],[-76.5298194200325,39.2439168475731],[-76.5298198987843,39.2434937377559],[-76.5298205647282,39.2429069998903],[-76.5298227623168,39.2409688326147],[-76.5298231452854,39.2406311841864],[-76.5298430824474,39.2251157307032],[-76.5395633220406,39.2327927135701],[-76.5652654998277,39.250659913008],[-76.5672729282684,39.2593557512827],[-76.5672812502352,39.259472364159],[-76.56801294684,39.2597719476152],[-76.568256033351,39.2596049659763],[-76.5686935018346,39.2591972131395],[-76.5698607097288,39.2599268343789],[-76.5713600837355,39.2608392708577],[-76.5718119155095,39.2622405333455],[-76.574752205235,39.265642946784],[-76.5769966406589,39.2700347136957],[-76.5775644278114,39.2704321598883],[-76.5880769853375,39.2769913097469],[-76.5863080652482,39.2794181272125],[-76.5868653530739,39.2832158277892],[-76.5869021681601,39.2837680196908],[-76.5869039400653,39.2837947461581],[-76.5869287412962,39.283803590593],[-76.5869415568061,39.283986193305],[-76.5869717021897,39.2843705864054],[-76.5869613679016,39.2843797369495],[-76.5869726349227,39.2843869673564],[-76.5869816843464,39.284598317247],[-76.5869575785749,39.2846039550348],[-76.5869584096709,39.2846164911714],[-76.5869620579305,39.2846715288995],[-76.5868634505347,39.284683810832],[-76.5868614083331,39.2847198188499],[-76.5868597148552,39.2847496839908],[-76.5869703422091,39.2847965010377],[-76.5869729537633,39.2848358969743],[-76.5869988551487,39.2848348188526],[-76.5870226013157,39.285262513325],[-76.5870548969711,39.285844187118],[-76.5870401868884,39.2858501488969],[-76.5870411852657,39.2858652149574],[-76.5870328508035,39.2858788448206],[-76.5869271967731,39.285950638834],[-76.5866789173744,39.2859597171436],[-76.586674821181,39.2859603008372],[-76.5866629351475,39.2859619938835],[-76.5866717210126,39.2861022726164],[-76.5866766415415,39.2861808346144],[-76.5866216971392,39.2861819032461],[-76.5865736792317,39.2861828286877],[-76.5865570152055,39.28618314926],[-76.5865488151833,39.2860269119726],[-76.5864978835273,39.2860292061949],[-76.586494366838,39.2859699407576],[-76.586465034477,39.2858916125813],[-76.5864452289576,39.2858923985818],[-76.5864215548289,39.2859698492694],[-76.5864244938748,39.286025993335],[-76.5863711760289,39.2860292113905],[-76.5863789658717,39.2861561328337],[-76.5863794740851,39.2861641937449],[-76.586379956918,39.2861724329178],[-76.5863245503171,39.2861740492482],[-76.5862715805835,39.2861755921657],[-76.5862739368637,39.2862139828538],[-76.5862756206551,39.286241279184],[-76.5862761312997,39.2862495175543],[-76.5862666875424,39.2862498031635],[-76.5859950710359,39.2862580267823],[-76.5859779833095,39.2860318364407],[-76.585974703702,39.285988427044],[-76.5859320659184,39.285961843882],[-76.5858969467104,39.2859397243652],[-76.5858667599129,39.2859207118422],[-76.5857942007402,39.2859221908856],[-76.5857672806655,39.2859507627291],[-76.5857256624516,39.2859949343821],[-76.5857388823706,39.2861691551457],[-76.5857395722603,39.2861782480737],[-76.585728972363,39.286178622341],[-76.5856873447167,39.2861801230242],[-76.5856443028349,39.2861816448264],[-76.5855976946393,39.2861833206728],[-76.5855569179173,39.286184796388],[-76.585505711837,39.2861866199151],[-76.5854960289402,39.2861869685728],[-76.5854625306786,39.2861881717852],[-76.5854519283128,39.2861885712402],[-76.585408111822,39.2861901469703],[-76.5853665179387,39.2861916197354],[-76.5853200859052,39.2861932969943],[-76.5852764444458,39.2861948705909],[-76.5852682815732,39.2861951444282],[-76.5852316727047,39.2861964699056],[-76.5852245346244,39.2861967194346],[-76.5851765827156,39.2861984444153],[-76.5851296198185,39.2862001188237],[-76.5851294833817,39.2861980790155],[-76.5851290675856,39.2861918794002],[-76.5851213157899,39.286075086176],[-76.5850692403036,39.2860773307013],[-76.5850654843026,39.2860247020918],[-76.5850654307056,39.2860239569719],[-76.5850649240345,39.2860223959622],[-76.5850356289432,39.2859322153223],[-76.5850124169643,39.2859331701011],[-76.5849927148385,39.2859527344196],[-76.5849976848005,39.2860274801417],[-76.5850015830399,39.2860861011284],[-76.5849416334392,39.2860883970464],[-76.5848956553435,39.2860901577108],[-76.5848471892457,39.2860920140528],[-76.5847954108382,39.2860939973847],[-76.5847914195474,39.2860352625657],[-76.5847660721101,39.2860362773051],[-76.584756116551,39.2860366753805],[-76.5847575625505,39.2860583564425],[-76.5847590073971,39.2860800365994],[-76.5846995707984,39.2860822162073],[-76.5844796284714,39.2860902983252],[-76.5844542594676,39.2860912309517],[-76.5844516403989,39.2860499847761],[-76.5843963243292,39.2860120174059],[-76.5843304185682,39.2859612226094],[-76.5843068773127,39.2859621895951],[-76.5842502380135,39.2859645157902],[-76.5842059856303,39.2860574890096],[-76.5842651879686,39.2869633935889],[-76.5843243929728,39.2878692987991],[-76.5844413012392,39.2896062029386],[-76.5844429626471,39.2896308815774],[-76.5845519431839,39.2896285917694],[-76.5845962249023,39.2896273134476],[-76.5846825438483,39.289681837288],[-76.5846824593365,39.289680829037],[-76.5850205846535,39.2896676333677],[-76.5850708052926,39.2896656732518],[-76.5850726046117,39.2896933672165],[-76.5852491652345,39.2896885699142],[-76.5852472551061,39.2896588011072],[-76.5852480476559,39.2896084972715],[-76.5852947384977,39.2896071488256],[-76.5853072523148,39.2896579968544],[-76.5853117738036,39.2897262788322],[-76.585371138751,39.2897287456821],[-76.5853805184183,39.2898703992179],[-76.5853889863427,39.2899982849929],[-76.5854716944299,39.2899948756364],[-76.5855446376479,39.2899918668398],[-76.5856388175364,39.2899879438691],[-76.5857093918179,39.2899850617287],[-76.5857806027641,39.2899821304474],[-76.5858507493044,39.2899792476147],[-76.5859212553422,39.2899763371829],[-76.5859689329429,39.2899743794287],[-76.5859932790048,39.2899733789123],[-76.586112441143,39.2899756318474],[-76.5862434200369,39.2899621530474],[-76.5866829771737,39.28994456278],[-76.5867096329337,39.2898845568551],[-76.586722044298,39.2898821414397],[-76.5867485566989,39.2898769796639],[-76.5868108584961,39.2898747820655],[-76.5868808657018,39.2898723115775],[-76.5869507291846,39.2898698378403],[-76.5870102041708,39.2898677689142],[-76.5870738497185,39.2898655209539],[-76.5871295787096,39.2898635757161],[-76.5871566299,39.2898626286031],[-76.5871836822541,39.2898616805872],[-76.5873024378696,39.2898636480483],[-76.5874336807032,39.2898507516422],[-76.5874976441363,39.2898484514237],[-76.5875619253486,39.2898461216602],[-76.587625181691,39.2898438197907],[-76.5876811577096,39.2898418472349],[-76.5877444511528,39.289839542729],[-76.5878044922388,39.2898373916168],[-76.5878582042744,39.2898354398573],[-76.5879249618572,39.2898330384153],[-76.5879854980431,39.2898308619244],[-76.5880288715624,39.2898292926812],[-76.5880105771845,39.2895575228415],[-76.5880099116876,39.2895575466297],[-76.5880740098825,39.289466913395],[-76.5881008963432,39.289467557133],[-76.5881803441777,39.2895515929764],[-76.5881923502237,39.2897214141857],[-76.5881942195127,39.2897478481779],[-76.5882282866368,39.2897465759165],[-76.5882779060395,39.2897447447342],[-76.5883397352245,39.289742461799],[-76.5883420079772,39.2897794793474],[-76.5883435891294,39.2898052385573],[-76.5883444263561,39.2898189681941],[-76.5883642882394,39.2898182424191],[-76.5883662817972,39.2898522378341],[-76.5883670494698,39.2898659690283],[-76.5884169494139,39.2898639478086],[-76.5884789354448,39.2898614203423],[-76.5884874527462,39.2898610646522],[-76.5884900552436,39.2898692283613],[-76.5884909926501,39.2898842770623],[-76.5885440022255,39.2898821288648],[-76.5885450301627,39.2898997576628],[-76.5885588119236,39.2898992852917],[-76.5885560997155,39.2898550754321],[-76.5885737700482,39.2898544761595],[-76.5886286501886,39.2898525803828],[-76.5886263278506,39.2898144925632],[-76.5886259385865,39.2898082588321],[-76.5886930494112,39.2898055005885],[-76.5887650368461,39.2898025413932],[-76.5889276715598,39.2897958891909],[-76.5889167753917,39.2896200647727],[-76.58891083071,39.2895241371976],[-76.5889106769791,39.2895216613672],[-76.5889292014714,39.2894636613041],[-76.5889332925877,39.2894511829588],[-76.5890565520893,39.28944634024],[-76.5891574197143,39.2895112127838],[-76.5891677651909,39.2897055666217],[-76.5891724601164,39.289793781091],[-76.5891901269355,39.2897931844159],[-76.5892774151831,39.2897902486869],[-76.5892770067189,39.2897815152782],[-76.5893921768635,39.2897770888994],[-76.5894500099686,39.2897748796872],[-76.5894534546022,39.2897747494049],[-76.5895090443264,39.2897726079877],[-76.589511434994,39.2898173985927],[-76.5895132498502,39.2898517221397],[-76.5895139806522,39.2898654531968],[-76.5895157517081,39.2899063449419],[-76.5895167141363,39.2899062897553],[-76.5895182754395,39.289935753709],[-76.5895190085721,39.2899494829722],[-76.5894643757631,39.2899512962585],[-76.5894666957214,39.289996083012],[-76.5895190665929,39.289994344691],[-76.5895197997158,39.2900080757556],[-76.5895210397303,39.2900319655756],[-76.589523433286,39.2900762598674],[-76.5895057640809,39.2900768565846],[-76.5895079950455,39.2901185984513],[-76.5895100673686,39.2901575077698],[-76.5895189019786,39.2901572098616],[-76.5895231725092,39.2901946460088],[-76.5895236213523,39.2902024166428],[-76.5894940956905,39.2902124992818],[-76.5894953390255,39.2902358144265],[-76.589495696735,39.2902413049154],[-76.5894739168915,39.2902421313702],[-76.5894724792023,39.2902421857965],[-76.589475035127,39.2902828559908],[-76.589476004856,39.2902829422495],[-76.589485910668,39.2902838271835],[-76.5894884797408,39.290322026635],[-76.5894912168381,39.2903620390047],[-76.5894938534993,39.2904009791169],[-76.589496292967,39.2904373387597],[-76.5894971575941,39.2904497785905],[-76.5894980198979,39.290462219314],[-76.5894982916852,39.2904661322695],[-76.5894983099001,39.2904663899509],[-76.5894854003731,39.2904665520155],[-76.5892087373691,39.2904755662518],[-76.5891190477531,39.2904864841858],[-76.5891180766287,39.2904866384224],[-76.5891193885825,39.2905929472413],[-76.5891452673473,39.2906079399423],[-76.5892201750898,39.2906511006422],[-76.5892316605338,39.2908258100917],[-76.5892322528678,39.2908348197736],[-76.5892327711126,39.2908426113676],[-76.5892331634621,39.2908485226329],[-76.5893611372173,39.290844320299],[-76.5894696863238,39.2908407552434],[-76.5894716023408,39.2908696178198],[-76.5894739096607,39.2909045763126],[-76.5894760536118,39.2909371183931],[-76.5894781319001,39.290968588338],[-76.5894804717265,39.2910037397062],[-76.589482579319,39.2910365563905],[-76.5894847569427,39.2910692904492],[-76.5894867388475,39.2910993890977],[-76.5894890764568,39.2911349250815],[-76.5894897907092,39.2911459087546],[-76.5894903727295,39.2911458900708],[-76.5895003911725,39.2911455611707],[-76.5895020476724,39.2911707972742],[-76.5895042887053,39.2912047953204],[-76.589506887558,39.2912440658696],[-76.5895090336475,39.2912764431143],[-76.5895115312673,39.2913147792197],[-76.589500585274,39.2913151382079],[-76.5894975673267,39.2913152375553],[-76.5894962699479,39.2913152798615],[-76.5892644422834,39.29132289258],[-76.5892694232135,39.2913399289718],[-76.5892719955175,39.2913487275904],[-76.5892732620367,39.2913692306352],[-76.589285457299,39.2915667389794],[-76.5892882658086,39.2916122246118],[-76.5892005275807,39.2916376291624],[-76.5892036076756,39.2917062680021],[-76.5892081674766,39.2917968284261],[-76.5892963634544,39.2918191315654],[-76.5893004384107,39.2918855390889],[-76.5893575444217,39.2928162145785],[-76.5893576080444,39.2928172389656],[-76.5893576736518,39.2928183210084],[-76.5893577086566,39.2928188823046],[-76.5893617327566,39.2928874865828],[-76.5893714502757,39.2930531271688],[-76.5893891487021,39.2933548095622],[-76.5894275425685,39.2940092551343],[-76.5894288467865,39.2940314724392],[-76.5893932464571,39.2940601498289],[-76.5893866381439,39.2940654727444],[-76.5893798518612,39.2940684971983],[-76.5893238135709,39.2940934730682],[-76.5893247181108,39.294111435587],[-76.5893252400487,39.294121798856],[-76.5905783560035,39.2940765739894],[-76.5905856793397,39.2940604290642],[-76.5906093889124,39.2940594704076],[-76.5906676812646,39.2940570225848],[-76.5907203189125,39.2939784209834],[-76.5912191915347,39.2939601420637],[-76.5912993974452,39.2939603940877],[-76.5912795263377,39.2936589351015],[-76.5912737270398,39.293570961993],[-76.5917708144327,39.2935555857854],[-76.5917798068839,39.2937011645708],[-76.5917908343299,39.2938796912187],[-76.5918799936316,39.294006145229],[-76.5919522939768,39.294003110394],[-76.5919912136669,39.2939308343593],[-76.5920414748932,39.2939289569693],[-76.5926568129728,39.2939059653999],[-76.592769137117,39.293881680279],[-76.592770774487,39.2939013756698],[-76.5927763555955,39.2939685187567],[-76.5928408395844,39.2939658120819],[-76.5928619796377,39.2938977014085],[-76.5934242420867,39.2938750506223],[-76.5934595488113,39.2938736352057],[-76.593690623074,39.2938643379695],[-76.5937630279836,39.2938614248858],[-76.5938074421404,39.2938817816012],[-76.5938236626288,39.2939272422937],[-76.5939105738049,39.2939252142752],[-76.5939146693361,39.2939950805709],[-76.5939340906393,39.2945283543565],[-76.5938784344765,39.2945665811875],[-76.5939381384095,39.2946063714496],[-76.593957386267,39.2950952776129],[-76.5939595521368,39.2951784432354],[-76.5941218259347,39.2951729076137],[-76.5941811720042,39.2951173141611],[-76.5942529746516,39.2951684325642],[-76.5948138204242,39.2951492993867],[-76.5948392111328,39.2950943694512],[-76.5949070981722,39.295088872013],[-76.5949643392518,39.2951395020014],[-76.59561360603,39.2951027681111],[-76.5956227377162,39.2950535126758],[-76.595677336102,39.2950502623875],[-76.5957139260336,39.2951008209374],[-76.5959323066278,39.2950901100496],[-76.5959532639901,39.295036310394],[-76.5960255768149,39.2950308284314],[-76.5960724803409,39.2950837147653],[-76.5962613323624,39.2950774866067],[-76.5962896786802,39.295021420751],[-76.5963442704908,39.2950193158967],[-76.5964014994966,39.2950722375743],[-76.5970181820942,39.295058307416],[-76.5970376705948,39.2950033567647],[-76.5970907878267,39.2950012474066],[-76.5971244089716,39.2950552344334],[-76.5973309882737,39.2950444795771],[-76.5973692444145,39.2950424894009],[-76.597377032015,39.2951758969643],[-76.5973976147547,39.2951862775933],[-76.597451532221,39.2960988532814],[-76.5974972970896,39.2961267633722],[-76.5974588705632,39.2961543850141],[-76.597524806457,39.2971240034082],[-76.5975731235583,39.2971519213007],[-76.5975270205521,39.2971834818055],[-76.5975953887656,39.2981315494259],[-76.5976022188357,39.2982262560731],[-76.5975644136482,39.2982453154501],[-76.5969997791177,39.2982637795623],[-76.5967539672932,39.2982847957705],[-76.5952701150064,39.2983408965603],[-76.5944690603746,39.2983774804245],[-76.5944536689888,39.2983355870514],[-76.5941588379803,39.2983487730729],[-76.5941094918064,39.2983828701779],[-76.5941799282279,39.2984304006259],[-76.5942525874441,39.2993320894354],[-76.5942555382968,39.2993687046523],[-76.5942569812022,39.2993866176161],[-76.5941774202514,39.299445203806],[-76.5942658502939,39.2994755396005],[-76.5943240501265,39.3004491784532],[-76.5942436463243,39.3004810200519],[-76.5942462756134,39.3005221757689],[-76.5943339522024,39.3005448254278],[-76.5944047910866,39.3018391485542],[-76.5943328091089,39.3018755482881],[-76.5944156412997,39.3019083281825],[-76.5944299274737,39.3020931472483],[-76.5945144337945,39.3031863714156],[-76.5945002607778,39.3031923755947],[-76.5944192007914,39.3032267236428],[-76.5945022476,39.3032520576358],[-76.5945806731927,39.3042065212496],[-76.5945550547336,39.304207594831],[-76.5945396203587,39.3042695253794],[-76.5944860508687,39.3042722472587],[-76.5941062367237,39.3042853984069],[-76.5938921002473,39.3042928121568],[-76.5938567259876,39.3042956011382],[-76.59383588346,39.3042346550186],[-76.5938104278418,39.3042360379603],[-76.5937000335451,39.3042420372505],[-76.5936917357807,39.3043086078466],[-76.5935915204536,39.3043165086016],[-76.5935334072334,39.3043190206682],[-76.5935201904598,39.3042491563517],[-76.5935132562178,39.3041394903858],[-76.5934579368191,39.3041416806011],[-76.5933974789533,39.3041440736948],[-76.5933545551888,39.3041457726058],[-76.5933043348206,39.3041477606105],[-76.5932495001525,39.3041499307873],[-76.5932020583325,39.3041518085661],[-76.5931007953763,39.3041558167061],[-76.5930446479554,39.304158038989],[-76.5930009066116,39.3041597700688],[-76.5929500240538,39.3041617844528],[-76.5929025184419,39.3041636636911],[-76.5928519721858,39.3041656638849],[-76.5928018329665,39.3041676483532],[-76.5927549628354,39.3041695036122],[-76.592687767275,39.3041721630324],[-76.5926949165872,39.3042819099633],[-76.5926246447311,39.304358295576],[-76.5925525896366,39.3043614091673],[-76.5925577343033,39.304442067301],[-76.59245876517,39.3044987690352],[-76.592458769409,39.3044988384082],[-76.5924604763195,39.3045250221353],[-76.5924710818827,39.3046877708011],[-76.5924183776136,39.3046901686656],[-76.592365214219,39.3046925658143],[-76.5923431565629,39.3046935575883],[-76.592318060125,39.3046945442194],[-76.5922640867434,39.3046966619797],[-76.5922103243618,39.3046987813481],[-76.5921609443991,39.3047007240419],[-76.5921124121002,39.3047026426346],[-76.5920638822729,39.3047045341932],[-76.5920153511385,39.3047064509485],[-76.5919659363784,39.3047083943402],[-76.5919174030806,39.304710283124],[-76.5918758542341,39.3047119403323],[-76.5918679893138,39.3047122544015],[-76.591822003804,39.3047140439045],[-76.5917714571614,39.304716037328],[-76.5917218658501,39.3047180340491],[-76.5916712126992,39.3047199991359],[-76.5916186518781,39.3047220404404],[-76.5915671194346,39.3047240843952],[-76.5915175226211,39.3047260278664],[-76.5914625748663,39.3047282184357],[-76.5914598739865,39.3047283252428],[-76.5913891792479,39.3047310987624],[-76.5913889212537,39.3047269778016],[-76.5913760428692,39.3045208568706],[-76.5912953123808,39.3044618872523],[-76.5912382566041,39.3044603286379],[-76.5911626903946,39.3045292574073],[-76.591082377495,39.3045324179294],[-76.5904679484809,39.3045565981736],[-76.5902162444522,39.3045664846815],[-76.5901950626179,39.3045507421347],[-76.5900213046367,39.3045499450375],[-76.5899909522005,39.3045070837817],[-76.589938111262,39.3045090639068],[-76.5898557423209,39.3045806559584],[-76.5898707606364,39.304826573688],[-76.589872449684,39.3048568855616],[-76.5896429845921,39.3048649244474],[-76.5896283857165,39.3048654499469],[-76.5894165565124,39.3048728654065],[-76.5893458644147,39.304875343159],[-76.5892812523425,39.3048776079245],[-76.5890765282317,39.3048847728755],[-76.5890588192307,39.3048853973199],[-76.5890332281528,39.3048862896427],[-76.5890209277717,39.3048867204194],[-76.5890177369067,39.3048335276474],[-76.5889736239656,39.3048352694411],[-76.5889295100405,39.304836980589],[-76.5888853969489,39.3048387475702],[-76.5888412515437,39.3048404882999],[-76.5887971364423,39.3048422011955],[-76.588752987565,39.3048439400784],[-76.5887089105625,39.304845680097],[-76.5886647976115,39.304847420874],[-76.5886383315174,39.3048484559702],[-76.5886293440449,39.3048488064268],[-76.5886292720977,39.304847618076],[-76.5886273778185,39.3048164011038],[-76.5886250193172,39.3047780674237],[-76.5886226654992,39.3047391266491],[-76.5886202458932,39.3046993353288],[-76.5886180209753,39.3046627585918],[-76.5886159871256,39.304629420746],[-76.5883512744278,39.3046398323984],[-76.5883532794717,39.3046723189324],[-76.5883554669858,39.304708924368],[-76.5883578518239,39.3047486876489],[-76.58836027623,39.304787626875],[-76.5883614368535,39.3048067945534],[-76.588230416538,39.3048375350156],[-76.5881102204189,39.3048417166134],[-76.588083994199,39.3048425722741],[-76.5880577679837,39.3048434270283],[-76.5880078969923,39.3048450347772],[-76.5879573520488,39.3048466995916],[-76.5879108010138,39.3048482099497],[-76.5878601518937,39.3048498446319],[-76.5878113047795,39.3048514306675],[-76.5877597349331,39.3048530909008],[-76.5877109226065,39.3048546752152],[-76.5876606595533,39.3048563111661],[-76.5876112476563,39.3048579212585],[-76.5875627879185,39.3048594824283],[-76.5875130570229,39.3048611192833],[-76.5874649161283,39.3048626788298],[-76.5874153650853,39.3048642901528],[-76.5873647472457,39.3048659247314],[-76.5873167130083,39.3048674845918],[-76.5872644357545,39.3048691691461],[-76.5872153762883,39.3048707812108],[-76.587166813955,39.3048720383017],[-76.5871608774647,39.3047808662011],[-76.5871543951864,39.3046862602941],[-76.5870684956794,39.3046370833538],[-76.5870005635666,39.3046432670035],[-76.5869009934594,39.3046900653353],[-76.5869126368611,39.3048818523007],[-76.5869136833388,39.3048990523389],[-76.5869143318911,39.3049097258915],[-76.5869143435269,39.3049099177938],[-76.5868667308212,39.304911754584],[-76.5856267121892,39.3049595852702],[-76.5856264199372,39.3049548363472],[-76.5856253389596,39.3049372443456],[-76.5856251124483,39.3049335468383],[-76.5856228822319,39.3048975447064],[-76.5856204949504,39.3048586595962],[-76.5856182036642,39.3048212043262],[-76.5856157822257,39.3047820146385],[-76.5856131697734,39.3047392041325],[-76.5855310026791,39.3047018562659],[-76.585529513778,39.3046669763859],[-76.5854837025209,39.3046680875546],[-76.5853664862941,39.3047486034453],[-76.5853121581289,39.304750676227],[-76.5851017732858,39.3047587051243],[-76.5850780626441,39.3047596176375],[-76.5850664972382,39.3047600632063],[-76.5850666903715,39.3047633174244],[-76.5850677839561,39.3047817030444],[-76.5850776614933,39.3049470935764],[-76.5850779550155,39.3049520154509],[-76.5850398864237,39.3049534726558],[-76.584986724675,39.3049555088727],[-76.5849329623595,39.304957542944],[-76.5848835463717,39.3049594320109],[-76.5848725298707,39.3047674497785],[-76.5848664934312,39.3047308991318],[-76.584811177543,39.3047032476978],[-76.5847580266773,39.3047030598788],[-76.5847117526168,39.3047325132483],[-76.5847115121363,39.3047735824374],[-76.5847202795023,39.3049656666296],[-76.5846866641127,39.304966941292],[-76.5846404303108,39.3049686991845],[-76.5845959289567,39.3049704082373],[-76.5845515692044,39.3049720907512],[-76.5845023317581,39.3049739775868],[-76.5844566279465,39.3049757102583],[-76.5844105715144,39.3049774695884],[-76.5843645127614,39.3049792288923],[-76.5843189156122,39.3049809609868],[-76.5842732823507,39.3049827217601],[-76.5842592062379,39.3049832583506],[-76.5842228156828,39.304984647366],[-76.584221922736,39.3049846811374],[-76.5842217948062,39.3049825729122],[-76.5842102564254,39.3047927001417],[-76.5841180703491,39.3047557526993],[-76.5841163788517,39.3047082857971],[-76.5840772628304,39.3047096462046],[-76.5840231204126,39.3047116758116],[-76.5839543568338,39.3048034087098],[-76.5839120450445,39.3048050306765],[-76.5838546794867,39.3048072406539],[-76.5836977211542,39.3048132899197],[-76.5836940856031,39.3048134256642],[-76.583683618463,39.3048138164387],[-76.5836952758146,39.3050011558554],[-76.58365741885,39.3050026962321],[-76.5836081794007,39.3050047187005],[-76.583558622281,39.3050067391216],[-76.5835077220872,39.3050088394325],[-76.5834573520705,39.3050108839523],[-76.583406699006,39.305012953569],[-76.5833594043166,39.3050149017599],[-76.5833109779059,39.3050168720405],[-76.5832602888865,39.3050189423674],[-76.5832112269656,39.3050209373756],[-76.5831605019887,39.3050230093334],[-76.5831125717808,39.3050249821933],[-76.5830635098621,39.3050269753384],[-76.5830127512437,39.3050290489146],[-76.5829636546758,39.3050308212094],[-76.5829140976421,39.3050326233758],[-76.5828666280071,39.3050343482605],[-76.5828058315728,39.3050365491497],[-76.582793886812,39.3048442652604],[-76.5827058935427,39.3047784001621],[-76.5827058415982,39.304778361245],[-76.5826247135758,39.3047812167444],[-76.582624659942,39.304781267897],[-76.5825457255278,39.3048788674128],[-76.5825564532548,39.3050469463514],[-76.5825041776769,39.3050486963513],[-76.5824446183654,39.3050506915729],[-76.5824019921747,39.305052119117],[-76.5823544873581,39.3050537103576],[-76.582309210207,39.3050552284297],[-76.5822467169832,39.3050573221132],[-76.5822401320687,39.3048672829912],[-76.5822103827538,39.3047956336446],[-76.5821489257241,39.3047954583483],[-76.5821195032074,39.3048702571146],[-76.5821267653333,39.3050588448301],[-76.582086468838,39.3050607876713],[-76.582040409537,39.3050630135557],[-76.5819919102317,39.3050653397336],[-76.5819474397739,39.3050674892648],[-76.5819013804802,39.3050697123925],[-76.5818568416287,39.3050718589438],[-76.5818102152116,39.3050741097426],[-76.5817634483406,39.3050763879465],[-76.5817188016574,39.3050785340617],[-76.5816690299897,39.3050809384467],[-76.5816587973101,39.3048866833661],[-76.5816277875734,39.3048876808903],[-76.5816234517068,39.3048878203824],[-76.581399012836,39.3048950503868],[-76.5813809445885,39.3048956327613],[-76.5813195505247,39.3048358730387],[-76.5812945321949,39.3048363576739],[-76.5812943385559,39.3048363605869],[-76.58119214783,39.3048381564135],[-76.5811304682004,39.3049066823786],[-76.5808833923465,39.3049161528535],[-76.5808531424949,39.3049221674015],[-76.5808555134832,39.304960621096],[-76.5808555557759,39.304961312128],[-76.5808642640722,39.3051025765808],[-76.5808649771423,39.3051141466534],[-76.5808183537377,39.3051158773324],[-76.5807691164278,39.3051177058571],[-76.5807198072383,39.3051195332039],[-76.5806710999305,39.3051213356552],[-76.5806240172428,39.3051230907401],[-76.5805729765834,39.3051249947152],[-76.5805232440406,39.3051268483919],[-76.5804736531062,39.3051286746296],[-76.5804244492249,39.3051305328543],[-76.5803747864031,39.3051323587936],[-76.5803242050096,39.3051342372782],[-76.5802967764019,39.305135265257],[-76.5802693477934,39.3051362932295],[-76.5802419183553,39.3051372653456],[-76.5801868535532,39.3051387413297],[-76.5801383915072,39.3051400418138],[-76.5800885217278,39.3051413759798],[-76.5800378031113,39.3051427341135],[-76.5799795900064,39.3051442906255],[-76.57985982186,39.305157272024],[-76.5797390461402,39.3051547953982],[-76.5796996640274,39.3051563929993],[-76.5796836555875,39.3051570419308],[-76.5796346978158,39.3051590358188],[-76.5795831259587,39.3051611572487],[-76.579534027724,39.3051631794165],[-76.579482206757,39.3051652719872],[-76.5794318040501,39.3051673146651],[-76.5793827058281,39.3051693331668],[-76.5793321233882,39.3051713787616],[-76.5792803393442,39.305173499299],[-76.5792316644416,39.305175494032],[-76.579181153886,39.3051775380178],[-76.5791294405613,39.3051796578412],[-76.5790809768255,39.3051816253447],[-76.5790303953778,39.3051836960344],[-76.5789795310406,39.305185764788],[-76.578928560031,39.3051878340382],[-76.5788803443941,39.305189802348],[-76.5788282762719,39.3051919216681],[-76.5787785436511,39.3051939673685],[-76.5787275019067,39.3051960362779],[-76.5786804181528,39.3051979536176],[-76.5786607485054,39.3051987550214],[-76.5786496037991,39.3051992095743],[-76.5786271497148,39.3052001243917],[-76.578591086538,39.3052015984096],[-76.5785734208393,39.3052023196123],[-76.5784538917013,39.3052109200514],[-76.5783185932029,39.3051984743231],[-76.5783169858746,39.3051706522567],[-76.5783082932622,39.3050201918205],[-76.5779164738166,39.3050345725878],[-76.5778811641991,39.3050358734467],[-76.5771140338389,39.3050640281856],[-76.5770949568158,39.3050021963667],[-76.5770948199809,39.305002200378],[-76.5770109026044,39.305004549249],[-76.5769902093966,39.3050051278044],[-76.5769606441175,39.3050067165914],[-76.5769591334932,39.3050082559524],[-76.5769017599704,39.3050682893566],[-76.5768918921228,39.3050686879897],[-76.5768734448493,39.3050694331451],[-76.5766547517637,39.305078271825],[-76.5766191931742,39.3050797083231],[-76.5764372368395,39.3050870684064],[-76.5764370570908,39.3050870749645],[-76.5763865798745,39.3050575219876],[-76.5763553408394,39.3050392329701],[-76.576355231819,39.3050392388823],[-76.5763100534538,39.3050416656655],[-76.5762723015665,39.3050434391401],[-76.5762094561517,39.3050962923517],[-76.5757331246248,39.3051155448662],[-76.5756567919646,39.3050723562223],[-76.575603197967,39.305074873944],[-76.5755637017922,39.3050767291653],[-76.5754988066021,39.3051250212633],[-76.5754778995768,39.3051258663051],[-76.5752621970027,39.305134581688],[-76.5752242690716,39.3051361172905],[-76.5750134046982,39.3051446362275],[-76.5749685868348,39.3051046876456],[-76.5749334529031,39.3050733709113],[-76.574879393836,39.3050770684148],[-76.5748526603428,39.3051093143028],[-76.5748197011935,39.3051492229233],[-76.5748023521077,39.3051499239874],[-76.5745917567026,39.3051584296299],[-76.574550595521,39.3051600929268],[-76.5743261474475,39.3051691586491],[-76.5743255200486,39.3051691842998],[-76.5742550225475,39.3051294423649],[-76.5742147970506,39.3051067677538],[-76.5741505899724,39.3051082699332],[-76.57412520414,39.3051328586942],[-76.5740785001363,39.3051780957158],[-76.5740603346453,39.3051788234361],[-76.5738510290353,39.3051872117254],[-76.5738297219166,39.3051880658322],[-76.5737884875955,39.3051870380331],[-76.5737913087403,39.3052450633793],[-76.5737978283418,39.3053791206979],[-76.5737404219095,39.3053816309484],[-76.5736946822988,39.3053836340369],[-76.5736870466921,39.3053839630345],[-76.5736351200602,39.3053862165821],[-76.5735825891902,39.3053884994405],[-76.5735280484336,39.3053908830717],[-76.5734740377015,39.3053932379757],[-76.5734171614208,39.3053956950465],[-76.5733550893997,39.3053984061543],[-76.5733512283018,39.3052060974407],[-76.5733159854344,39.3052076439784],[-76.5730658461372,39.3052185272095],[-76.5729990911001,39.3051544596378],[-76.572956759358,39.3051552714101],[-76.572937329915,39.3051556439684],[-76.572923765613,39.3052144141613],[-76.5728092911958,39.3052129396448],[-76.5727931280903,39.3051584102471],[-76.5727260816616,39.3051596959524],[-76.5727254770718,39.3050781859673],[-76.5726670499802,39.3050648206258],[-76.5726032445912,39.3050673890173],[-76.5715151926557,39.3051111764396],[-76.5715090073635,39.3050115462589],[-76.5721481625326,39.3049858419133],[-76.5721846736653,39.304955665246],[-76.5721750768312,39.3048008107121],[-76.5726800513491,39.304780464373],[-76.5726678440943,39.304169104251],[-76.5726671128024,39.3041324956777],[-76.5727180832678,39.3040817350534],[-76.5727100410923,39.3029979952762],[-76.5727040015838,39.3029605170703],[-76.5726351432526,39.3025332331942],[-76.5726317204983,39.3023622297216],[-76.5726044609466,39.3009689718001],[-76.5725955526812,39.3005131687708],[-76.572595161964,39.3004931632886],[-76.5725948046896,39.3004749189123],[-76.5725946284812,39.3004658746486],[-76.5725947855201,39.3004434697345],[-76.5725952387211,39.30037903557],[-76.5726503323702,39.300328125087],[-76.5726505584592,39.3002750153407],[-76.5725377614628,39.3002904691943],[-76.5720777717466,39.3001850291071],[-76.5720012841264,39.3002133388083],[-76.5719934525298,39.300156132779],[-76.5715991011592,39.3000138699525],[-76.5711081685869,39.2998426649713],[-76.5704485447168,39.2996231929331],[-76.5699066669029,39.299468737212],[-76.5698716683798,39.2994893292652],[-76.5698340089635,39.2995114869944],[-76.5698173365996,39.2994518659238],[-76.5698152170089,39.299450202567],[-76.5698243263675,39.2993526250995],[-76.5692449568364,39.2993835918326],[-76.5682801537683,39.2994181023755],[-76.5672702126757,39.2994516451934],[-76.5672667741811,39.2994014692179],[-76.5671863978085,39.2994045834354],[-76.5671562189002,39.2993640191382],[-76.5671244626228,39.2993478884359],[-76.5671215096264,39.2992987221931],[-76.5670633239292,39.2983301440274],[-76.5663533997798,39.2983581661712],[-76.5663368004479,39.298073806088],[-76.5655019001353,39.2981067149388],[-76.5654693604603,39.2976270613544],[-76.5653529044901,39.2976316280075],[-76.5653458376168,39.297527546928],[-76.5653227009824,39.2971861920331],[-76.5652955384738,39.2967863718491],[-76.5652178890358,39.2967980367139],[-76.5647065640915,39.2968748473266],[-76.5647164724154,39.2971487755917],[-76.5647174689743,39.2971762371661],[-76.5643600435621,39.297178069569],[-76.5642129825122,39.2971774413156],[-76.5642143165812,39.297293719132],[-76.564215336777,39.2973318313899],[-76.563718990001,39.297373889682],[-76.5635777523583,39.2973801199324],[-76.5632249052524,39.2973956655586],[-76.5632076673856,39.2971477914403],[-76.5631432828916,39.297086805665],[-76.5630491248892,39.2971076324025],[-76.5629348961529,39.2972311737948],[-76.5629398984084,39.2972366420048],[-76.5629449006647,39.2972421102145],[-76.562949938964,39.2972729610898],[-76.562975446296,39.2973942163712],[-76.5629907437801,39.2975265796768],[-76.5630259119129,39.2977887425958],[-76.5630333962112,39.2978760793354],[-76.562333165591,39.2979025756339],[-76.562322526555,39.2979029746718],[-76.5622360658891,39.2976732648988],[-76.5622380525449,39.2975345128487],[-76.562238172928,39.2975262776438],[-76.5622396250298,39.29742285773],[-76.5620043388635,39.2974896585707],[-76.5620040060142,39.2975033849204],[-76.5620033702973,39.2975261699905],[-76.5620031779847,39.2975344094309],[-76.5619989074631,39.2976939344096],[-76.5619941319171,39.2977867408738],[-76.5619942426629,39.297834514018],[-76.5615846286693,39.2979429573935],[-76.5615317132891,39.297617251211],[-76.5614869596519,39.2976290994277],[-76.5604252381851,39.2979101775816],[-76.560311873217,39.297833023002],[-76.5602942313543,39.2978382039088],[-76.5602441738579,39.2978541203549],[-76.5602140938624,39.29791128082],[-76.5601713262644,39.2979841724024],[-76.5601825759486,39.2981438653012],[-76.5602112735761,39.2985512443303],[-76.560243069928,39.2990024523802],[-76.5602324601937,39.2989979097686],[-76.5596947333039,39.2987675504173],[-76.5596393035076,39.2987428248836],[-76.5596419025016,39.2987510711769],[-76.5596945876281,39.298916329348],[-76.5598253295293,39.2993265624404],[-76.5597021890259,39.2993313425648],[-76.5596915856934,39.2993317423998],[-76.5596809810225,39.2993321710531],[-76.5585165102511,39.2993774673873],[-76.5583923445621,39.2993822729132],[-76.5582150355509,39.2993809181649],[-76.5576252060164,39.2994038219646],[-76.5576220205731,39.2994039468865],[-76.5576079184273,39.299404524321],[-76.5576307068053,39.2997280343729],[-76.5574578691854,39.2997347409099],[-76.5568483798188,39.2997584152844],[-76.5564371754909,39.2997744086239],[-76.5557964394068,39.2997993332357],[-76.5550295928411,39.2998291030126],[-76.5546743055,39.2998429131242],[-76.5545149922636,39.2998104555988],[-76.554500894285,39.2998075836655],[-76.5543908948483,39.2998728715861],[-76.5544083732455,39.2999503293927],[-76.5539817404832,39.3000711392522],[-76.5536310341681,39.3001725147949],[-76.5536154903029,39.3001610097814],[-76.5536138554416,39.3001615935682],[-76.5535745366765,39.3000866027156],[-76.5527598894937,39.3003444404145],[-76.5527368573713,39.3004316913502],[-76.552735892959,39.3004353429638],[-76.5527319627484,39.3004333274143],[-76.5526318898028,39.3003820048299],[-76.5511094655967,39.3008808022909],[-76.5507174167056,39.3010264826147],[-76.5507361860178,39.3010752611855],[-76.5505558365474,39.3011476312015],[-76.5504455789084,39.3011270909151],[-76.5489850044953,39.3016055826748],[-76.5478049776585,39.3019914942174],[-76.5477973019505,39.3020568841726],[-76.5477937196569,39.3020874088512],[-76.5477645405931,39.3020672366225],[-76.5477046761771,39.3020258513715],[-76.5476028035815,39.3020571298984],[-76.5465867026403,39.3023691070561],[-76.5465815459505,39.3024160455745],[-76.5465783675144,39.3024449729244],[-76.5465268394464,39.3024556174153],[-76.5465132570947,39.3024360770533],[-76.5464862187669,39.3023971805667],[-76.5463750601089,39.3024302020891],[-76.5461934687634,39.3024841463798],[-76.5461894934453,39.3025310480083],[-76.5461868650201,39.3025620510208],[-76.5461594408813,39.3026037610749],[-76.545957609483,39.3029828137431],[-76.5455244231541,39.3035695756384],[-76.5446276655227,39.3049803096377],[-76.5445649607963,39.3054685177435],[-76.5435702138898,39.3071811128202],[-76.5434892023089,39.3073206283071],[-76.5434634799896,39.3073649078561],[-76.5426139659901,39.3088273411356],[-76.5426632111254,39.3092580016076],[-76.5427762400767,39.3095966626524],[-76.5427802154923,39.3096104056749],[-76.5433458789499,39.3115716131064],[-76.5427894109599,39.3117515717419],[-76.5427771772315,39.3121482375742],[-76.5417789506019,39.3126308269264],[-76.5405106204504,39.3132439724384],[-76.5403252582325,39.3133786340431],[-76.539932850107,39.3136637085924],[-76.5398320475764,39.3137369382061],[-76.5396991670107,39.3138713998668],[-76.5394851468019,39.3140879654177],[-76.5392443814081,39.3143315916438],[-76.5392401081459,39.3143359129354],[-76.5392308612606,39.3143452661716],[-76.5392131437462,39.314352473018],[-76.5391844030129,39.3143641935674],[-76.5389893387058,39.3142110168124],[-76.5388477657827,39.3142392126153],[-76.5387985455202,39.3142754172516],[-76.5388310767049,39.3144814381624],[-76.5388814583474,39.3146967681575],[-76.5383555429154,39.3152140834366],[-76.536701472947,39.3168410406437],[-76.5363538454015,39.3170856960181],[-76.5359891221128,39.3173933466134],[-76.5354996401682,39.317806259024],[-76.535483103774,39.3178216776648],[-76.5354777703369,39.3178266819032],[-76.5354283023007,39.3178728032535],[-76.5353430226276,39.3179523595884],[-76.5347857829795,39.3184721316028],[-76.5349045427979,39.3186664074261],[-76.5349988393934,39.3191199265814],[-76.5350234095084,39.3192381363131],[-76.5350133590092,39.319255968447],[-76.5345800131385,39.3200262098744],[-76.5345757230712,39.3200338790336],[-76.5339053339023,39.3209649428534],[-76.5338828903037,39.3209806954314],[-76.5329042142496,39.3216705997084],[-76.5318763236855,39.3224987016892],[-76.5316820786489,39.322655216821],[-76.5308571737927,39.3231345894202],[-76.5299678789617,39.3238767686913],[-76.5297329613532,39.3239127833626],[-76.529728721722,39.3239134329579],[-76.5297289155855,39.3237423983938],[-76.5297335476445,39.3196576006859],[-76.5297356251955,39.3178250229951],[-76.5297357410858,39.3177229181973],[-76.5297378330728,39.3158776541148]]]},"properties":{"OBJECTID":2,"DistrictNumber":2,"Dist_Abbr":"SED","Dist_Alt":"SOUTHEASTERN","Dist_Name":"Southeastern","DistrictName":"Southeastern","District":"2","Shape__Area":341192359.03125,"Shape__Length":111808.90015472424}},{"type":"Feature","id":3,"geometry":{"type":"Polygon","coordinates":[[[-76.6511344553706,39.3604288429622],[-76.6511033556187,39.3603267455877],[-76.6505805488353,39.3604349456788],[-76.6505547829745,39.3602631395843],[-76.650988508037,39.3601169622033],[-76.6510099643244,39.3601113503231],[-76.6511150034183,39.3600838777979],[-76.6511512441574,39.3600747752528],[-76.6511874848917,39.3600656717958],[-76.6514442107705,39.3599880641951],[-76.6516893408506,39.3598904441914],[-76.6519570816592,39.3597513773243],[-76.6522084066925,39.3595947941578],[-76.6524414417533,39.3594221619645],[-76.6525692341746,39.3593139320378],[-76.6528643071914,39.3589911479488],[-76.6533980988795,39.3581886484488],[-76.6534042903878,39.3581812428012],[-76.6535425085284,39.3580158788663],[-76.6537715298086,39.3577812720589],[-76.6539702054704,39.3576190508318],[-76.6541904703681,39.3574642283799],[-76.6544281426493,39.3573261212575],[-76.6545843773998,39.3572489491171],[-76.6546692666081,39.3568730620301],[-76.6547403632376,39.3564190068434],[-76.654758072168,39.3562108419299],[-76.6547702205208,39.3561054522554],[-76.6547883596552,39.3559609015636],[-76.6548056494698,39.3558816088085],[-76.6548335036864,39.3558041314264],[-76.6548716383774,39.3557293476994],[-76.6549136398252,39.3556660507389],[-76.6550184641671,39.3555127505545],[-76.6557374205293,39.3545216578796],[-76.6566155119789,39.3533002978855],[-76.6566895016444,39.3532027763299],[-76.6567482275455,39.3531320855791],[-76.6567891063095,39.353096075281],[-76.657054886679,39.3528706800747],[-76.6573943884439,39.3525888866003],[-76.657679814806,39.3523517691056],[-76.6588203322091,39.351410176598],[-76.6594473914545,39.3508834915551],[-76.6594488053718,39.350883075004],[-76.6595085372349,39.350838918895],[-76.6595814116329,39.3508338263371],[-76.6596716896234,39.3508275167654],[-76.6599369486859,39.3507172381139],[-76.660002728758,39.3507474140317],[-76.6600237057862,39.3507555957738],[-76.6600257774319,39.3507564043246],[-76.6600645358398,39.3507632142997],[-76.6600997603241,39.350762300996],[-76.6601021053703,39.3506787630898],[-76.66010380642,39.3506194388581],[-76.6602040590074,39.3503851962085],[-76.6602059057901,39.3503808779854],[-76.6602756117659,39.3503790743575],[-76.6603891723007,39.3503761363256],[-76.6604951643369,39.3503733681885],[-76.6606012270081,39.3503706262813],[-76.6607072538362,39.3503678571527],[-76.6613674289769,39.3503506799197],[-76.6613686162861,39.3504353260328],[-76.6614483456759,39.3505040273046],[-76.6614563729729,39.3505115175656],[-76.6614654080115,39.3506781933855],[-76.6614679857576,39.3507250979169],[-76.6614680434448,39.3507261366381],[-76.6618975660686,39.3507147981658],[-76.6619699903638,39.3507505001203],[-76.6620507410378,39.3507475481206],[-76.6620762677226,39.350709648025],[-76.6620922232784,39.3506904441324],[-76.662532218154,39.3506791397429],[-76.6625876839399,39.3506777154192],[-76.6625882915007,39.3506911949582],[-76.6626769475502,39.3506899162731],[-76.6627397297589,39.350783236646],[-76.6629309685169,39.350849740022],[-76.6631863087032,39.3511267201183],[-76.663231023019,39.3511752234115],[-76.6632437229195,39.3511889879844],[-76.6632614131142,39.351187281302],[-76.663317806254,39.3511817050697],[-76.6633860922906,39.3512557532646],[-76.6634904385919,39.3513689445552],[-76.6635731839612,39.3514586825949],[-76.6636387600284,39.3515298693329],[-76.6636989912921,39.3515951922328],[-76.6637685453383,39.3516706435722],[-76.6638288091932,39.3517359944181],[-76.6638890393952,39.351801370356],[-76.6639404390057,39.3518570848944],[-76.6640051017828,39.3519272518701],[-76.6640652967334,39.3519925456446],[-76.6641114654199,39.3520426191303],[-76.6640653234724,39.3521261796682],[-76.6640536270614,39.3521473614051],[-76.6641454297745,39.3522426257183],[-76.6641714632413,39.3522337854415],[-76.6642597513136,39.3522038041957],[-76.6642602719131,39.3522036273354],[-76.664315055413,39.3522624814385],[-76.6643756776327,39.352327582606],[-76.6644429488643,39.3523998158673],[-76.6645035341722,39.3524649213638],[-76.6645614474606,39.3525271314294],[-76.6646260801664,39.3525965566495],[-76.6646866647911,39.3526616323203],[-76.6647489417715,39.352728525074],[-76.6648095636197,39.3527936278064],[-76.664862690327,39.3528507195724],[-76.6649054744841,39.3528966648958],[-76.6650750623919,39.3530788148764],[-76.6650878697326,39.353092578645],[-76.6651360067407,39.3531433148539],[-76.6652072516651,39.3531385069075],[-76.6652709927689,39.3531793171888],[-76.6653125120406,39.3531716124419],[-76.6654102666394,39.3531534713992],[-76.6654569551349,39.3530937833495],[-76.6657052573403,39.3528927461299],[-76.6659966321208,39.3526568342516],[-76.6660348786673,39.352625867328],[-76.6667459170816,39.352050162091],[-76.6669750687812,39.3527997890802],[-76.6670157804672,39.3527920165913],[-76.6671062804103,39.3528247958892],[-76.6671471807207,39.3528166329675],[-76.6671773184111,39.3527698239111],[-76.6671874184515,39.3527541363741],[-76.6670916735675,39.3524424486086],[-76.6669481041044,39.3519750664106],[-76.6670151182006,39.3519620063088],[-76.667349774896,39.3518967887263],[-76.6673562581805,39.3519167656872],[-76.6674450279255,39.3518994730536],[-76.6674635391928,39.3518958747038],[-76.6679595244559,39.3517992361099],[-76.6680360781845,39.3520492619673],[-76.6681129342866,39.3523032122341],[-76.6682769181887,39.3522712248872],[-76.6684484057494,39.3522378037736],[-76.668560572247,39.3522159635753],[-76.6686202461085,39.3522043257568],[-76.6686923451566,39.3521902792086],[-76.6687626047929,39.3521765868302],[-76.6688276957634,39.3521638940865],[-76.6688966790543,39.3521504700568],[-76.6689984035764,39.3521306321083],[-76.6691016131713,39.3521105244258],[-76.6691727563129,39.3520966676516],[-76.6692379180411,39.3520839460563],[-76.6692718156351,39.3520773507028],[-76.6693045310908,39.3520709844059],[-76.6696305849394,39.3520074358412],[-76.6696436054202,39.3520667195567],[-76.6697009891893,39.3522755626051],[-76.6697893665258,39.3522924141859],[-76.6698202197847,39.3522763685598],[-76.6698882448225,39.3522409947082],[-76.6698776056024,39.3521999703217],[-76.6697594625683,39.3517444302352],[-76.6697619494162,39.3517433067899],[-76.6699015038968,39.3519297602086],[-76.6700334470059,39.3519438019951],[-76.6700135664774,39.351914836924],[-76.6702210810794,39.3518211944107],[-76.6703205397216,39.3519540785924],[-76.6703235502371,39.3519581007347],[-76.6703829959211,39.3519552526134],[-76.6703879783869,39.351952366195],[-76.6704398832563,39.3519244923388],[-76.6704335894785,39.3518865282857],[-76.6706903099851,39.3517514293386],[-76.6707341619433,39.3517280238919],[-76.6709868055119,39.3515874489823],[-76.671008425469,39.3515754188305],[-76.6710700984797,39.3515860381682],[-76.6711480398044,39.3515428197483],[-76.6711456093763,39.3514990342368],[-76.6713716179586,39.3513733362992],[-76.6714149427089,39.351349186913],[-76.6713678874468,39.3512856351305],[-76.6713856421888,39.3512774753987],[-76.671515284034,39.3512176123008],[-76.6715790749762,39.351257839244],[-76.6716748883956,39.3512045136341],[-76.6717600401795,39.3512034534074],[-76.6717686824025,39.3511986612704],[-76.6718556342252,39.3511513574498],[-76.6718403206075,39.3511103940447],[-76.6719330937503,39.3510588774333],[-76.6719033126786,39.3510154515754],[-76.6720416611548,39.3509522127924],[-76.6720593804228,39.35094416275],[-76.6720898480439,39.3509302357936],[-76.6720672594117,39.3508997088303],[-76.6721929884329,39.3508382316501],[-76.6722418086738,39.3508874977722],[-76.6723719367175,39.3508152561962],[-76.6724442080542,39.3508244622614],[-76.6724605068011,39.3508152453442],[-76.6725429884214,39.3507697723767],[-76.672527035012,39.3507291099243],[-76.6726282596675,39.3506729054226],[-76.6727722967313,39.350592972866],[-76.6727757419422,39.3505910602724],[-76.6728043551252,39.3505746671442],[-76.6725715136875,39.3502654034048],[-76.6726309999717,39.3502328406089],[-76.6726742157357,39.3502091858573],[-76.6727142748689,39.3501872544288],[-76.672753909414,39.3501655632035],[-76.6727968761953,39.3501420446262],[-76.6728372889641,39.3501198907558],[-76.6728662519623,39.3501040750586],[-76.672900214245,39.350085445835],[-76.6729396719413,39.3500638396251],[-76.6730017467936,39.3500298849896],[-76.6730415220413,39.3500080850683],[-76.673082396355,39.3499856882956],[-76.6731228110123,39.349963589277],[-76.6731362551086,39.3499773530491],[-76.6731582798561,39.3499998769626],[-76.6732193631084,39.3499663202854],[-76.6732606225947,39.3499436533981],[-76.6733010771982,39.3499214283252],[-76.6732657849441,39.3498853312289],[-76.6732522689286,39.3498715636683],[-76.6732466582476,39.3498658247656],[-76.673366851357,39.3497993840616],[-76.6737045144125,39.3495972566584],[-76.6737087440047,39.3496033646141],[-76.6737603132134,39.3496621225602],[-76.6737725545948,39.349676076583],[-76.6737853998648,39.349689645862],[-76.6740023818924,39.349918727921],[-76.6740812054323,39.3499301147315],[-76.6741333701615,39.3499053889472],[-76.6741480054453,39.3498407742937],[-76.6739139534656,39.3495936645582],[-76.6738605556374,39.3495329253795],[-76.6738462150073,39.3495122874447],[-76.6738410586966,39.3495048672451],[-76.6738605921037,39.3494942413371],[-76.6740353753881,39.3493987898501],[-76.6741229907443,39.3493509412271],[-76.6741953118294,39.3493114432687],[-76.6742676281975,39.3492719443517],[-76.6743275766293,39.3492391919156],[-76.6743893276037,39.3492054833493],[-76.6744493455301,39.349172731043],[-76.6745145378693,39.3491371385803],[-76.6745248529255,39.349131509577],[-76.6745796592477,39.3491015738079],[-76.6747347513278,39.3490168936871],[-76.6747764282455,39.3490428440442],[-76.6749201861466,39.3491323033173],[-76.6751655951067,39.349285080781],[-76.6751803797359,39.3492770059451],[-76.67532809558,39.3491963291826],[-76.67527043283,39.3491326667647],[-76.6752579419715,39.3491189328885],[-76.6754262258678,39.3490287676477],[-76.6754936043648,39.3491059481129],[-76.6756395899982,39.3490262290741],[-76.6758349789552,39.3489709525808],[-76.6758571149548,39.3489565846298],[-76.6758635179544,39.3488669802978],[-76.6762769168998,39.3486042505816],[-76.6762139532999,39.3485438644298],[-76.6761570146877,39.3484950765743],[-76.6761323762019,39.3484739673839],[-76.6761077677263,39.3484539103372],[-76.6760143758527,39.348377740321],[-76.6759555415772,39.3483297794263],[-76.6758719775908,39.3482616818041],[-76.67588236835,39.348255175567],[-76.6762538494379,39.3480187166602],[-76.6762722536723,39.3480069892353],[-76.6763304511313,39.3480549193997],[-76.6763471496867,39.3480686656499],[-76.6763858817324,39.3481005765534],[-76.6764031893342,39.3481148387953],[-76.6765730296828,39.3482547706605],[-76.6766828361456,39.3483452621294],[-76.6767986199509,39.3483367585967],[-76.6768222581365,39.3483205597806],[-76.6768284896462,39.3482471682612],[-76.6764147149398,39.3479062407005],[-76.6768770243102,39.3476109717048],[-76.6769495819377,39.347564663081],[-76.6770151564706,39.347522754269],[-76.6770790588704,39.3474819397327],[-76.6771446297619,39.3474400326393],[-76.6772020814807,39.3474033725587],[-76.6772676519765,39.3473615203402],[-76.6773665588155,39.3472983174047],[-76.6774573561672,39.3473985741021],[-76.6774582115055,39.3473995186245],[-76.6775781829328,39.3473228927925],[-76.6776054528519,39.3473054247207],[-76.6779331302117,39.3470961283254],[-76.678013679541,39.3470534276866],[-76.6780696974411,39.3470089231944],[-76.6783973720634,39.3467996245849],[-76.6785188307102,39.3467220425618],[-76.678846538622,39.3465127472835],[-76.6788462405962,39.3465124654379],[-76.6789219642611,39.3464730152802],[-76.6789825027441,39.3464250143022],[-76.6793098531061,39.3462159347238],[-76.6794054592122,39.3461548612199],[-76.6794052050809,39.3461546209295],[-76.6794327652356,39.3461374189403],[-76.6794212852433,39.3461266057545],[-76.679384560375,39.3460920152919],[-76.6793353751539,39.3460456199342],[-76.6792886525755,39.3460015921181],[-76.6794400208161,39.3459046680073],[-76.6796160012802,39.3457919892321],[-76.679593538268,39.3457707875958],[-76.6793237657174,39.3455164823164],[-76.6793553345085,39.3454493496127],[-76.6793044964095,39.3454004438581],[-76.6791913344414,39.3453916042033],[-76.6789416468097,39.3451562215661],[-76.6789127383484,39.3451289897369],[-76.6788243357705,39.3451855175727],[-76.6785852162132,39.3453384235944],[-76.6785290225816,39.3452854486181],[-76.6784817027123,39.3452408423596],[-76.6784321653149,39.3451940889512],[-76.6783826621591,39.3451474734284],[-76.6783332656746,39.3451008842972],[-76.6782770735837,39.3450479082989],[-76.678252166858,39.345024427139],[-76.6782552858113,39.3450224837653],[-76.6782925370793,39.3449986142391],[-76.6783437442083,39.3449657259163],[-76.6783956245719,39.3449324836192],[-76.6784472921038,39.3448993497069],[-76.6784964442156,39.344867829329],[-76.6785793176831,39.3448146553962],[-76.678323889706,39.3445738611516],[-76.6783328695379,39.3444719018278],[-76.6783133370772,39.3444536326655],[-76.678302289418,39.3444429979927],[-76.6781899938146,39.3444483626493],[-76.6781829778444,39.3444417103754],[-76.6779278684691,39.3441998108954],[-76.6779054763101,39.3441785559734],[-76.6776601177293,39.3443359098492],[-76.6776220258034,39.3442997847016],[-76.6775790017844,39.344258979267],[-76.6775375983474,39.3442197167295],[-76.677494365336,39.3441787179304],[-76.6774519755812,39.3441385167841],[-76.677408777347,39.3440975450699],[-76.6773657188914,39.3440567133379],[-76.6773295975405,39.3440225138831],[-76.6773337023693,39.3440132123679],[-76.6773401737486,39.3439985471183],[-76.6773626093586,39.3439477653548],[-76.6773841168324,39.3438990374355],[-76.677406089568,39.3438492650256],[-76.6774279531275,39.3437997697402],[-76.6774496388319,39.3437506036341],[-76.6772138479421,39.3435227134518],[-76.6771580941159,39.3434883294267],[-76.6771219355787,39.3434868276728],[-76.6770943046321,39.3434794377527],[-76.6770262843271,39.3435243042784],[-76.6769356953338,39.3435001983038],[-76.6768173312553,39.3434687874481],[-76.6766249062002,39.3434172006117],[-76.6766322694947,39.3434008093253],[-76.6766232972567,39.3433406564415],[-76.6766717484871,39.3433114146647],[-76.6766920768285,39.3432651552579],[-76.6767122996242,39.3432191405588],[-76.676732951586,39.3431721127989],[-76.67675385079,39.3431245362612],[-76.6767742163953,39.3430782219948],[-76.6767946197271,39.3430317691136],[-76.6768150192974,39.3429853720639],[-76.6768370267795,39.3429353827622],[-76.6768571075141,39.342889699117],[-76.6768768998579,39.3428446731184],[-76.6768978363669,39.3427970137849],[-76.6769179170273,39.3427513292266],[-76.6769385310993,39.3427044103103],[-76.6769595426364,39.3426565602124],[-76.6769801538325,39.3426097511703],[-76.6770006276114,39.3425630534386],[-76.6770218493765,39.3425148724318],[-76.6770414269807,39.3424703394183],[-76.6770616866893,39.3424242707056],[-76.6770816217917,39.3423789162876],[-76.677098749523,39.342339949433],[-76.6770847176616,39.3423359314086],[-76.6770318191944,39.3423207400843],[-76.6769790308149,39.3423055787631],[-76.6769256052147,39.3422902490295],[-76.6768727784814,39.3422751136765],[-76.676819635841,39.3422598125951],[-76.6767669515788,39.342244733432],[-76.6767125020072,39.3422290981358],[-76.676650599672,39.3422113561949],[-76.6766247641197,39.3422077145877],[-76.6765507270382,39.3421973099993],[-76.6764840794286,39.3421622210078],[-76.6764837758984,39.342162134602],[-76.6763847486304,39.3421339444149],[-76.6763417029936,39.3421216902014],[-76.6763235167196,39.3421165067961],[-76.6762711149736,39.3421015894204],[-76.6762059277531,39.3420830725667],[-76.6761468890554,39.3420662443939],[-76.6760864717379,39.3420490286762],[-76.6760253140903,39.342031618128],[-76.6759664479395,39.3420148732079],[-76.6759143279562,39.3420000149973],[-76.6758363062881,39.3419823101565],[-76.6757775120193,39.3419655923619],[-76.6757132450951,39.3419472957514],[-76.675652262659,39.3419299134145],[-76.6755745073934,39.3419077648655],[-76.675571549219,39.3419070352067],[-76.6754944942819,39.3418925691775],[-76.6754458694085,39.341871166595],[-76.6754449310227,39.3418708991859],[-76.6753799773155,39.3418523987297],[-76.6753073067974,39.3418317160415],[-76.675233541503,39.3418107294355],[-76.6751596349844,39.3417896874474],[-76.6750867178914,39.3417689219731],[-76.6750134845298,39.3417480754128],[-76.6749394009269,39.3417269751484],[-76.6748690255842,39.3417069596796],[-76.6747856219953,39.3416831988673],[-76.6746991072341,39.3416667866612],[-76.6746516152881,39.3416450518058],[-76.674582546952,39.3416253946745],[-76.6745095952649,39.3416046575683],[-76.6744485787473,39.3415872465861],[-76.6743870651273,39.3415697243045],[-76.6743184568218,39.3415502061051],[-76.6742588697549,39.3415332502564],[-76.6737950149305,39.3414012553927],[-76.673701524795,39.3413935927361],[-76.6736294838757,39.3413532754388],[-76.6728287747153,39.3411494372677],[-76.6728176956028,39.3411740543901],[-76.6727462877057,39.3411553246356],[-76.6726767905127,39.3411370658419],[-76.6726038302148,39.3411179191374],[-76.6725325325128,39.3410992147801],[-76.6724559632474,39.3410791256608],[-76.6724515211927,39.3410779603325],[-76.6723506177111,39.3410686176749],[-76.6722514946943,39.3410502778596],[-76.6721756833107,39.3410211003622],[-76.6721118743228,39.3409957214009],[-76.6720321088448,39.3409652420159],[-76.6719651201824,39.3409396604437],[-76.6718904381256,39.3409111452565],[-76.6717760478211,39.3408674479188],[-76.6717839055968,39.3408504205743],[-76.6717309220283,39.3408317947793],[-76.6716734545442,39.3408115369001],[-76.6716667465051,39.3408094869882],[-76.6716012527668,39.3407892904265],[-76.6715366428617,39.3407693701237],[-76.6714670196025,39.3407479252275],[-76.6713815411233,39.3407215755568],[-76.6712982067532,39.3407106543581],[-76.6712497271587,39.3406848854268],[-76.6711633572976,39.3406604291701],[-76.6710987737622,39.340642127336],[-76.6710328153984,39.3406233838575],[-76.6709668209807,39.340604668164],[-76.6709008254463,39.3405859506286],[-76.6708357670919,39.3405675104069],[-76.6708348311024,39.34056723396],[-76.6707688021238,39.3405484892341],[-76.6707061616407,39.3405307159569],[-76.6706197934405,39.340506232281],[-76.6705346017395,39.3404991740315],[-76.6704828377397,39.3404725993188],[-76.6701258484358,39.3403724046188],[-76.6700586027414,39.340523682349],[-76.6700409478342,39.340518665195],[-76.6697836430494,39.3404460111184],[-76.6697649987252,39.3404407416375],[-76.6698413218839,39.3402737697747],[-76.6698631232425,39.3402260753413],[-76.669493566139,39.3401224656231],[-76.6692664460285,39.3400587792963],[-76.6691269411125,39.3400196601478],[-76.6692461512329,39.3398506367469],[-76.6692562460456,39.3398363225951],[-76.6693982251041,39.3397672061002],[-76.6694120672811,39.339736579183],[-76.6694170251455,39.3397256094476],[-76.6694175603533,39.3396426821172],[-76.6696160000963,39.3395619901128],[-76.6694531838839,39.3393119361411],[-76.6695309890958,39.3392509420851],[-76.6696045762922,39.3392519685969],[-76.6696733975472,39.339225283777],[-76.6697370112774,39.3392006704117],[-76.6698101178895,39.3391723771111],[-76.6698764589182,39.3391467012458],[-76.669944109598,39.339120506588],[-76.6700119739107,39.3390942584463],[-76.6700789552094,39.3390683086359],[-76.6701519883375,39.3390400437398],[-76.6702174808206,39.3390146949734],[-76.6702804214094,39.3389903271299],[-76.6703534195824,39.3389620611097],[-76.6704182728016,39.3389369572427],[-76.6704814840105,39.338912484663],[-76.6704869166214,39.3389103813391],[-76.670567484231,39.3388437457665],[-76.6706261504604,39.3388564944521],[-76.6706893736566,39.3388319073995],[-76.6707534845444,39.3388069922255],[-76.6708157164312,39.3387827869464],[-76.6708806407193,39.3387575452089],[-76.6709448561144,39.3387325770791],[-76.6710062384242,39.3387086980926],[-76.6710684363746,39.3386845196069],[-76.6711298510714,39.3386606424479],[-76.6711933957409,39.3386359443306],[-76.6712610472374,39.3386096129034],[-76.6713022408349,39.3385936119651],[-76.6713201271542,39.3385866613866],[-76.6713824652395,39.3385624840268],[-76.6714476352867,39.3385371877172],[-76.6715162077063,39.3385105830887],[-76.6715220599765,39.3385195339273],[-76.6715300096799,39.3385316900709],[-76.6715944676136,39.3385133652552],[-76.6716598583419,39.3384877298636],[-76.6716683214553,39.338484460378],[-76.6719667898267,39.3383689606156],[-76.6719747335055,39.3383658869216],[-76.6720063953125,39.3383536755944],[-76.6719983914762,39.3383414229518],[-76.6717929129093,39.3380268885805],[-76.6726017612259,39.3377149182616],[-76.6726197956879,39.3377079633933],[-76.672370996147,39.3373246167102],[-76.672412515206,39.3372530304129],[-76.6723826654666,39.3372055752485],[-76.6723772961368,39.3371970383363],[-76.6723421807677,39.3371417103861],[-76.6726050159454,39.3370395730865],[-76.6726691875322,39.3370145795653],[-76.672734316891,39.3370527137885],[-76.6727755726895,39.3370360360432],[-76.6727725917059,39.3369739583052],[-76.6728266231934,39.3369489328688],[-76.6729868267892,39.3368851609052],[-76.6729389345755,39.3368589736201],[-76.6722726519252,39.3364080677401],[-76.6719316515245,39.3361772932349],[-76.6716693634197,39.3360077675896],[-76.6715608016802,39.3359367684259],[-76.6715682096849,39.3359175717201],[-76.6707951325148,39.3355789781782],[-76.6704607175785,39.3354664739483],[-76.6699807534799,39.3353050010421],[-76.6698773740797,39.3352757175707],[-76.6699476686229,39.3352508769289],[-76.6700738406134,39.3352062884065],[-76.6707669259634,39.3349613020605],[-76.6705781916623,39.3349191264407],[-76.6699902439842,39.3347298871427],[-76.6695611728864,39.3345917828647],[-76.6693943543436,39.3345358837243],[-76.6692211448324,39.3344777955646],[-76.6691340981359,39.3344487789683],[-76.6689570128017,39.3343876872297],[-76.6689444134857,39.3343833416785],[-76.6687997682156,39.3343334328409],[-76.6686854582566,39.3342978041816],[-76.6684972580397,39.3342328369351],[-76.6683411074035,39.3341789408077],[-76.6682812074506,39.3341585932802],[-76.6680834684056,39.3340920338525],[-76.6678877078305,39.3340261111024],[-76.6676492384758,39.3339455715755],[-76.6674229141885,39.3338461214305],[-76.6673553507844,39.3338098463705],[-76.667349341101,39.3338069523811],[-76.6673154244523,39.3337907600644],[-76.6672892452272,39.333774353642],[-76.6672691591536,39.333763569804],[-76.6671847978156,39.333720528431],[-76.6671066533254,39.3336708615991],[-76.667035642768,39.3336151456934],[-76.6670006871851,39.3335828702203],[-76.6669781187868,39.3335635050964],[-76.6669582772402,39.3335424182608],[-76.6669506256824,39.3335305355561],[-76.6669472637798,39.3335237461142],[-76.6669421320665,39.3335176632472],[-76.6669355100573,39.3335125372537],[-76.6669276437613,39.333508590414],[-76.6669189256136,39.3335059850735],[-76.666909666969,39.3335048599283],[-76.6669003326642,39.3335052730426],[-76.666891306871,39.3335071705594],[-76.6668829495518,39.3335104670273],[-76.6668757146986,39.3335150601471],[-76.6668698192305,39.3335206983248],[-76.6668655831294,39.3335271653876],[-76.6667450224208,39.3334081638542],[-76.666641122639,39.3332800119206],[-76.666555075276,39.3331441136704],[-76.6664877592829,39.3330019812866],[-76.6664411619545,39.3328599094517],[-76.6660575622051,39.3330597885615],[-76.665999988012,39.3329454409682],[-76.6659581258044,39.3328622993157],[-76.6656873429338,39.3329807388074],[-76.6656801729226,39.3329838746311],[-76.6656796434973,39.3329822643923],[-76.6655022531093,39.3324422342064],[-76.6654445181393,39.3321963489252],[-76.6654744353904,39.3321715320268],[-76.6652448544009,39.3313485245573],[-76.6652221988406,39.3312673063418],[-76.6652014343225,39.3311928689245],[-76.6651125991759,39.3310125673584],[-76.6644965706781,39.3289328379846],[-76.664113487475,39.3275348957425],[-76.6640442315591,39.3272822487633],[-76.6640176598313,39.3271902550723],[-76.6639568539971,39.3269746988547],[-76.6639254072848,39.3267553803439],[-76.6639236606456,39.3265346938267],[-76.6639259000285,39.3265171023102],[-76.6639516255664,39.3261834071669],[-76.6642974833822,39.3241009259795],[-76.6643371140021,39.3237563711615],[-76.6632809139911,39.32374747356],[-76.6632650852023,39.3238426698166],[-76.6627740616933,39.3240211470074],[-76.6627453519875,39.3239706028683],[-76.6623319578897,39.3232425185743],[-76.6625146333697,39.3231761373956],[-76.6625626850841,39.3231582648795],[-76.662632232566,39.3231322175957],[-76.6627183435015,39.3231016600121],[-76.6627745723572,39.3230815599021],[-76.6628171699154,39.3230658676596],[-76.6628548891273,39.3230505469287],[-76.6628980980562,39.3230328522432],[-76.6629487480131,39.3230114173517],[-76.663021191631,39.3229781586368],[-76.6631422123504,39.3229132705845],[-76.6631943683457,39.3228799265925],[-76.6632469107201,39.3228467746429],[-76.6633048180758,39.3228077084059],[-76.6633450802577,39.3227779792093],[-76.6633819388792,39.3227501633507],[-76.6634255129631,39.3227148436526],[-76.663475304677,39.3226728158454],[-76.6635140379102,39.3226372885921],[-76.6635432257233,39.322609562414],[-76.6635864821521,39.3225666087954],[-76.6636395244475,39.3225103700901],[-76.6637247955307,39.3224033177205],[-76.6637585019378,39.3223541881964],[-76.6638012221567,39.3222902310874],[-76.6638356777783,39.3222322619259],[-76.6638583247889,39.3221898266349],[-76.6638832376517,39.3221391064197],[-76.6639250763032,39.3220523866017],[-76.6638389270473,39.3219884257115],[-76.6637636400813,39.3219639756859],[-76.6638404966424,39.321833718353],[-76.6638405089821,39.3218335616579],[-76.6632072435005,39.3216403439048],[-76.6625985652279,39.3214566863063],[-76.6598587999126,39.3206259711895],[-76.6594257321282,39.3204769724111],[-76.6594269766088,39.3204245460533],[-76.6593893271567,39.3204097880475],[-76.6593385298697,39.3204458779995],[-76.6586923374599,39.320236600071],[-76.6586638830222,39.3202266965547],[-76.6586518440007,39.3201938184339],[-76.6586249080065,39.3202148988215],[-76.6581947669557,39.3200848062197],[-76.6577795032221,39.3199502119702],[-76.6566799452849,39.3195897161414],[-76.6566623344865,39.3195531491712],[-76.6566336492683,39.3195732971252],[-76.6559568734067,39.3193532128798],[-76.6559804641029,39.3193355182335],[-76.6559576633422,39.3193211412653],[-76.655916292285,39.3193373039196],[-76.6556279481021,39.3192407609327],[-76.6556607901995,39.3192231231824],[-76.6556609322557,39.3192230037988],[-76.6556597368902,39.3192227183615],[-76.6564555400974,39.3190646470166],[-76.6569788766816,39.3188817154078],[-76.657360226511,39.3187015733696],[-76.6575352437276,39.3185934124214],[-76.6575271309697,39.3185629127804],[-76.6575745885672,39.3185706696133],[-76.6579806747458,39.3182919528022],[-76.6582056522187,39.3181001258693],[-76.6587737862752,39.3175098969681],[-76.6588438852261,39.3174254893328],[-76.6588131035756,39.3173880728515],[-76.6588745071809,39.3173914929014],[-76.6590992062587,39.3171491375825],[-76.6592081935845,39.3170291529603],[-76.6592639451659,39.3169222468333],[-76.6592706024945,39.3167185567562],[-76.6591449797658,39.316433078588],[-76.6589369435722,39.3160022014241],[-76.6588347136826,39.3157913927796],[-76.6589931015022,39.3157480183065],[-76.6589959791727,39.3155255374338],[-76.6592997117586,39.3154169968744],[-76.65971100942,39.3152818769055],[-76.6599835930686,39.3151964279225],[-76.6601220644134,39.3151542364368],[-76.6604279519402,39.3150582250429],[-76.6606401907189,39.3149919392916],[-76.6606684835181,39.3148910566398],[-76.6607050428051,39.3148461588436],[-76.6607097875181,39.3148403951211],[-76.6607655582616,39.3148277888697],[-76.6607881482604,39.3148226153049],[-76.6607887043134,39.3148232132075],[-76.6608170803367,39.3148537252025],[-76.6608818704065,39.3149235213665],[-76.6611985713164,39.3148532159949],[-76.6614081522414,39.3148073169133],[-76.6616415491034,39.3147609726023],[-76.6617030776439,39.3147486923426],[-76.6616963328809,39.3146637689763],[-76.6617490695502,39.3146543917265],[-76.6617707542419,39.3146513132177],[-76.6618133614703,39.3147298363603],[-76.6621970160419,39.314677611683],[-76.6625085934072,39.3146354257351],[-76.6625226913004,39.3145823362853],[-76.6625894842593,39.3145753553893],[-76.6626140091067,39.3146284845764],[-76.662844725616,39.3146144104188],[-76.6630530069769,39.314601747817],[-76.6632370332318,39.314590383585],[-76.6633570971652,39.3145830450691],[-76.6634067579835,39.3145801031427],[-76.6634269774341,39.3145185190154],[-76.6634673355668,39.3145164367599],[-76.6634872401616,39.314576899964],[-76.6640304966531,39.3145611004311],[-76.6643308320677,39.3145526133653],[-76.6643347188251,39.3145002124332],[-76.6643347646321,39.3144995991522],[-76.6643494494691,39.3144983530203],[-76.6644027693202,39.3144937916642],[-76.6644180583544,39.3145432532594],[-76.6645212820815,39.3145404917253],[-76.6647026368796,39.3145356246025],[-76.6649491040027,39.3145291990006],[-76.6651631478495,39.3145179911928],[-76.6655247378119,39.3144994943932],[-76.6660514981828,39.3144719215926],[-76.6660473283064,39.3144263866597],[-76.6661296363872,39.3144209899277],[-76.6661993133177,39.3143739632556],[-76.6661845233275,39.3141078770483],[-76.666182989654,39.3140804448037],[-76.666500743727,39.3140690472097],[-76.6664972568477,39.3140064395775],[-76.6664943924029,39.3139544878013],[-76.6664915219112,39.3139033295694],[-76.6664881647618,39.3138429741812],[-76.6664851672641,39.3137889899287],[-76.666482137569,39.3137344561253],[-76.6664790427006,39.3136787412503],[-76.6664759116356,39.3136225876055],[-76.6664729792143,39.3135700564463],[-76.6664690035339,39.3134984714245],[-76.6664626657245,39.3134932335799],[-76.6661509587364,39.3135044311635],[-76.6660840795599,39.3134416073717],[-76.6660810053357,39.3133749285873],[-76.66616268069,39.3133226368939],[-76.6664410012977,39.313312657818],[-76.6664364059508,39.3132303358694],[-76.6664328224328,39.3131656147808],[-76.666430743432,39.3131281321955],[-76.6664290439029,39.3130974882948],[-76.6664281060932,39.3130806703958],[-76.6664253610844,39.3130314482205],[-76.6664211551734,39.3129560721673],[-76.6661214921757,39.3129668174491],[-76.6660559112092,39.3129221825996],[-76.6660494407108,39.3128835814014],[-76.6661145308533,39.31284897841],[-76.6664244421209,39.3128383162828],[-76.6664322783884,39.3128380466826],[-76.6664305203894,39.3128060298672],[-76.6664283690002,39.3127674229338],[-76.6664259245848,39.3127235682875],[-76.6664237078975,39.3126838073043],[-76.6664213962831,39.3126420418778],[-76.6664190823468,39.3126005241509],[-76.6664168952948,39.3125613667541],[-76.6664146509291,39.3125208364479],[-76.6664123364895,39.3124791809028],[-76.666409403253,39.3124265965768],[-76.6664052097061,39.3124267414033],[-76.6660915868317,39.312437527142],[-76.6660405483261,39.312373874581],[-76.6660396213791,39.3123308880544],[-76.6661111817391,39.3122597202994],[-76.6663952835636,39.3122498829706],[-76.6663921244229,39.3121930698684],[-76.6663890608734,39.3121378747873],[-76.6663859336819,39.312081420273],[-76.6663825460533,39.3120204333339],[-76.666379123907,39.3119588977374],[-76.6663758640728,39.3119005719807],[-76.666372606295,39.3118418102646],[-76.666046475311,39.311854941054],[-76.6660448264952,39.3118000274097],[-76.6660212701125,39.3113890093174],[-76.6658732608356,39.3113296082071],[-76.665867794213,39.31128840756],[-76.6658660993119,39.3112612720771],[-76.6658082778917,39.3112233832414],[-76.6657777766347,39.3112219705883],[-76.6657606593228,39.3109175288073],[-76.6657104650384,39.3109190884522],[-76.6656568090205,39.3109207760415],[-76.6656074299898,39.3109223091379],[-76.6655505210755,39.3109240973141],[-76.6655006805583,39.3109256299529],[-76.6654485448872,39.3109272659282],[-76.6654482659408,39.3109242115829],[-76.6654397868573,39.310831469378],[-76.6654381252078,39.3108132982691],[-76.6653837619791,39.3108149828195],[-76.6653307415642,39.3108166441464],[-76.6652789585817,39.3108182540282],[-76.665230036453,39.3108197882672],[-76.6651802341379,39.3108213479013],[-76.6651242438649,39.3108230844432],[-76.6650697751034,39.3108247694484],[-76.6650179918579,39.3108264323589],[-76.6649707700406,39.3108278632466],[-76.6649188084844,39.3108294715598],[-76.6648614033614,39.3108312588881],[-76.6648545659028,39.3108314735836],[-76.6648142160713,39.3108327429558],[-76.664761231574,39.3108344041282],[-76.6647029427925,39.3108362140793],[-76.6646528912874,39.3108377466571],[-76.6646008263944,39.3108393815575],[-76.6646089709436,39.3109575159871],[-76.6646296677284,39.3112577148084],[-76.6645891936395,39.3112589720395],[-76.6642517674943,39.3112694840475],[-76.66419553522,39.3113391434008],[-76.6641461593292,39.3113389653638],[-76.6641161804898,39.3113388832833],[-76.6640202840136,39.3112767292516],[-76.663684901808,39.3112889749209],[-76.6636319492615,39.3112909113068],[-76.6632894961571,39.3113034112384],[-76.6632189055453,39.3113059805697],[-76.6632078574936,39.3111458608571],[-76.6626680626636,39.3111655460076],[-76.6626766636603,39.3113257551298],[-76.6624881183696,39.3113326314546],[-76.6624539073518,39.3114083017934],[-76.6623254500961,39.3114122797739],[-76.6622696408763,39.3114138668531],[-76.6622488933761,39.3113389438776],[-76.6622437990779,39.3112543377602],[-76.6617754398962,39.3112712777495],[-76.6617451037814,39.3108314709087],[-76.6617076233691,39.3102880838776],[-76.6615868445596,39.3102037346058],[-76.6615794593593,39.310135779454],[-76.6615692922721,39.3099677786663],[-76.6615630864941,39.3098652848298],[-76.6621986581087,39.3098441876227],[-76.6621973961816,39.309823337869],[-76.6621967394226,39.3098124864115],[-76.6622559790674,39.3097781164163],[-76.6622545724689,39.3097343222667],[-76.6623025508037,39.3097321524255],[-76.6623530238202,39.3097405663745],[-76.6627061719086,39.309729225827],[-76.6629751576523,39.3097207459619],[-76.6629716288157,39.3096527839364],[-76.6629703810691,39.3096342707844],[-76.662969779946,39.3096253507048],[-76.6630387443699,39.3096225552783],[-76.6630840587463,39.3096207386813],[-76.6631356310788,39.3096186328497],[-76.6631851204656,39.3096166336194],[-76.6632337934546,39.3096146590512],[-76.6632841306734,39.3096126063623],[-76.6633329810557,39.3096106322613],[-76.6633796060196,39.3096087346344],[-76.6634307884834,39.309606684304],[-76.6634679386214,39.3096051711483],[-76.6634841990475,39.3096047241019],[-76.6635323053981,39.3096034053371],[-76.6635808339092,39.3096020634409],[-76.6636319796148,39.309600671368],[-76.6636808977124,39.3095993287441],[-76.6637318325144,39.3095979099024],[-76.6637935100753,39.3095962191219],[-76.6638588277245,39.3095944297306],[-76.6639156290612,39.3095928618518],[-76.6639982775402,39.3095930279419],[-76.6639763223561,39.3092637174145],[-76.6640070039548,39.3092452352203],[-76.6640007965728,39.3092182155966],[-76.6638837707659,39.30922032917],[-76.6638852300265,39.309246127309],[-76.6638393504445,39.3092542280526],[-76.6638389231934,39.3092264611167],[-76.6637685230054,39.3092245230494],[-76.6637653821811,39.3091811932433],[-76.6638295797415,39.3091688123115],[-76.6638252981338,39.3091369413262],[-76.6637156574182,39.3090891200911],[-76.6637136244273,39.3090772288357],[-76.6636342126007,39.3087499831096],[-76.6635907014976,39.3087513691156],[-76.663574829553,39.3087518452118],[-76.6635248870633,39.3087534325642],[-76.6634721500264,39.3087550659373],[-76.6634124156551,39.3087569269513],[-76.6633649467991,39.3087584114292],[-76.6633107600501,39.3087601216446],[-76.6632648114931,39.3087615563927],[-76.6632102015336,39.3087632662498],[-76.6632032111734,39.3087429819691],[-76.6631697080196,39.3087095850924],[-76.6630638125846,39.308035727878],[-76.6630702501055,39.3080217747499],[-76.6631035201737,39.3079496594387],[-76.6631875405225,39.3077674914115],[-76.6633114830842,39.3074987870187],[-76.6632875884411,39.307402954934],[-76.6629677600283,39.3074137064012],[-76.6626689673102,39.3074237481444],[-76.6626325359203,39.3073219331558],[-76.6626323828063,39.3072480952367],[-76.6627965960191,39.3072420865654],[-76.6627832761551,39.3071894452276],[-76.6625944375239,39.3064428952625],[-76.6625888595425,39.3064209503922],[-76.6625901977417,39.3064209055941],[-76.6626630762593,39.3064184657213],[-76.6627183205755,39.3064165922044],[-76.6627755442713,39.3064146702971],[-76.6628309658439,39.3064128242587],[-76.662890910045,39.3064108011101],[-76.6629430465926,39.306409027563],[-76.6630273808574,39.3064062230915],[-76.6630268540064,39.306403881422],[-76.662972179199,39.306160753453],[-76.6630314100572,39.3061070132002],[-76.6630203934142,39.3060566943144],[-76.6630168255529,39.3060377250126],[-76.6629434153059,39.3060069770995],[-76.6629281377583,39.3059769255567],[-76.6629176882713,39.3059360986304],[-76.6628587127059,39.3057056615691],[-76.6628547698769,39.3056902194381],[-76.6628511138502,39.3056759076755],[-76.6628302286059,39.3055943322045],[-76.6627995056915,39.304882153703],[-76.6627891688941,39.3048271852315],[-76.6623134731576,39.3048428046312],[-76.6620761331983,39.3048505785892],[-76.6620745921405,39.3047737281012],[-76.6620717388225,39.3046308962804],[-76.6620618821481,39.3041409619889],[-76.6620753111977,39.3041373615623],[-76.6623129288855,39.3040736776744],[-76.6632169060591,39.3038314011185],[-76.6635687218471,39.3037371136435],[-76.6635581980351,39.3035701907951],[-76.6635577441012,39.3035629879621],[-76.6635764704309,39.3035622723358],[-76.6635886009768,39.303561808049],[-76.6636365630675,39.3035599736061],[-76.6636320710556,39.3035498218527],[-76.6636251288551,39.3035341333521],[-76.6648226478183,39.303214588981],[-76.6648999705054,39.3031939561531],[-76.6649521274544,39.3031794982512],[-76.6650283879983,39.3031583903145],[-76.6650296558049,39.3031764279385],[-76.6650484618957,39.303171318424],[-76.6653047169703,39.3031598578272],[-76.6654145408074,39.3031359321992],[-76.6655374777319,39.3031470399168],[-76.6659905799656,39.3031324313799],[-76.6659897160905,39.3031299986881],[-76.6659775987895,39.3030959130132],[-76.6660894242079,39.3030553131704],[-76.6661998236939,39.3030405302041],[-76.6667031145591,39.3030239483195],[-76.6667657780992,39.3030219029907],[-76.6667628479633,39.3029681925875],[-76.6667509428934,39.3027494519752],[-76.6667857964687,39.3027399685924],[-76.666976475294,39.3026880699435],[-76.6670629844845,39.3026645396805],[-76.6672829250345,39.3025969070918],[-76.6676297338164,39.3024681664288],[-76.6676642195925,39.3024537393034],[-76.6678834220414,39.3023550535832],[-76.6679567956171,39.302321464635],[-76.6679419969604,39.3022903710928],[-76.667952026361,39.3022768088473],[-76.6681496327091,39.3021706213605],[-76.6682772294253,39.3020931474364],[-76.6683373147168,39.3020566644389],[-76.6685095952255,39.3019335202018],[-76.6687149576878,39.3017710987922],[-76.6689073365087,39.3015963126999],[-76.6690277240278,39.3014685744243],[-76.6691957900328,39.3012710968965],[-76.6692987683505,39.3011258193561],[-76.6694015214691,39.3009683250455],[-76.6694896048134,39.3008113649568],[-76.669552588983,39.3006795931864],[-76.6696154675325,39.3005395836739],[-76.6696737027142,39.300357501201],[-76.6697269658445,39.3001653270632],[-76.6697776477457,39.299943580142],[-76.6697801369198,39.2999326024258],[-76.6698280697215,39.2997163369455],[-76.6698121156894,39.2997109830589],[-76.6694919822679,39.299603540705],[-76.6694869018297,39.2995115502681],[-76.6695999732302,39.2994377568246],[-76.6698682725884,39.2995063964365],[-76.6699255293153,39.2992074010698],[-76.6700013651096,39.2992287548256],[-76.670406297922,39.2975217458865],[-76.6705499198427,39.2968989867054],[-76.6706177978549,39.2966046540538],[-76.6706393613395,39.2965110619739],[-76.6707665652167,39.2963133863238],[-76.670723440382,39.295578208573],[-76.6706861642444,39.2955785157401],[-76.6706865182922,39.2953881436319],[-76.6710946903426,39.2953745713653],[-76.6716274515336,39.2943668943516],[-76.6716249994044,39.2943003593982],[-76.67163391441,39.2943000032956],[-76.6717603523555,39.2942967040489],[-76.6720685442661,39.2942886670244],[-76.6721102991396,39.2942875774528],[-76.6721273906339,39.2942871324385],[-76.6721857648024,39.2942227209749],[-76.6722149360165,39.2942615484232],[-76.672278376455,39.29426025357],[-76.6723279192738,39.2942613726828],[-76.6724023085031,39.2942578564069],[-76.6724288222163,39.2942267920721],[-76.6724747681602,39.2942780696474],[-76.6725533331485,39.2942760196392],[-76.672554742458,39.2943114971727],[-76.6725556740494,39.2943349455684],[-76.6725709545232,39.294719556349],[-76.6725783336131,39.294905288623],[-76.6725863514761,39.2951070966679],[-76.6725949929291,39.2953247561501],[-76.6726283381167,39.2955107769263],[-76.672667907254,39.2965072597285],[-76.6729960164174,39.2967158166264],[-76.6730962966384,39.2967848432022],[-76.6735326777073,39.297085151745],[-76.6740565175542,39.297438992716],[-76.6743208769013,39.297519703027],[-76.6752679832842,39.2978089009273],[-76.675279277301,39.2978118974303],[-76.6753754353975,39.2978325346456],[-76.6754738926364,39.2978452712984],[-76.6755734823471,39.2978499393232],[-76.6756374261051,39.2978449806649],[-76.6757100562019,39.2978337334513],[-76.675773695079,39.2978183683468],[-76.6757810518917,39.297816605152],[-76.675787846528,39.2978143170663],[-76.6758343845813,39.2977987146789],[-76.6759035275187,39.2977696921183],[-76.6759176950727,39.2977626197317],[-76.675955102092,39.2977417749319],[-76.6760058932165,39.2977077070032],[-76.6760139390795,39.2977022922285],[-76.676019791803,39.2976975866057],[-76.6760741960323,39.2976539463702],[-76.6763011364773,39.2977814135611],[-76.6766671208173,39.2979870171683],[-76.6801305781724,39.2999324638405],[-76.6822185573871,39.3011052250526],[-76.6842106276487,39.302224046411],[-76.6844276584984,39.3023459349813],[-76.6849134675335,39.3026196988689],[-76.6850363453264,39.3026866201678],[-76.685276308453,39.3028180580594],[-76.685491570038,39.3029394733033],[-76.6856420145386,39.3030081638633],[-76.685645666716,39.3030089167563],[-76.6856679096336,39.3030135629017],[-76.685752883773,39.303032677202],[-76.6857752826626,39.3030377110684],[-76.6858859046485,39.303062574914],[-76.6860338785022,39.3030751035588],[-76.6861624502497,39.3030724286137],[-76.686259915397,39.3030635741702],[-76.6863573947922,39.3030517544017],[-76.6864666691489,39.303009626831],[-76.6872785933109,39.3026725296609],[-76.6874348043957,39.3025881384154],[-76.687485692212,39.3025398141058],[-76.6875600855739,39.3024581955538],[-76.6876227809022,39.3023439034251],[-76.6876487341984,39.302284203781],[-76.6876664626524,39.3022227230943],[-76.6876758554304,39.302160150151],[-76.6876767694966,39.3020971151006],[-76.6876692349841,39.3020344151909],[-76.6876532527356,39.3019726539277],[-76.687629063212,39.3019125183216],[-76.6875969140739,39.3018546395541],[-76.6875674809687,39.3018139570926],[-76.6875562053795,39.3017983575719],[-76.6875458688763,39.3017864419301],[-76.6866691326087,39.3007749154301],[-76.6865842803502,39.3006647592267],[-76.6865146527893,39.3005483013658],[-76.6864610882723,39.300426806969],[-76.6864241534862,39.3003016223971],[-76.6864042906839,39.3001741783439],[-76.6864027908989,39.3001536380331],[-76.6864018615364,39.30013990805],[-76.686401110705,39.3001261794441],[-76.6863904985427,39.2999286651333],[-76.6863544673244,39.2992867252324],[-76.686645750869,39.2992760403396],[-76.6866841246374,39.2992746321101],[-76.6874393170392,39.299246924026],[-76.6876157770834,39.2992404466987],[-76.688968127973,39.29919082688],[-76.6890309233847,39.2991900319921],[-76.6890912574844,39.2991942819913],[-76.6891506880586,39.2992033909433],[-76.6892085754415,39.2992172986085],[-76.689264258393,39.2992358411043],[-76.6893171618305,39.2992587701062],[-76.6893666523645,39.2992859146014],[-76.6894122795324,39.2993168941855],[-76.6902961334398,39.2999011373941],[-76.6903338312919,39.2999260840745],[-76.6905279035958,39.3000544269082],[-76.690607450755,39.3001022980333],[-76.6906980370038,39.3001462168288],[-76.6907940300664,39.3001825185896],[-76.6908943685103,39.3002108140866],[-76.6909979927239,39.3002308266929],[-76.6911037432753,39.3002423056442],[-76.6912104450496,39.3002451397562],[-76.6913169388116,39.3002392980576],[-76.6914220569679,39.3002248054058],[-76.6915246692599,39.3002018993384],[-76.6916236758617,39.300170751722],[-76.6917178740477,39.3001317377266],[-76.6918063483361,39.3000852963319],[-76.6918880659396,39.3000319175552],[-76.6920097659849,39.2999249432458],[-76.6922032491525,39.2997508083528],[-76.692247684818,39.2997059266507],[-76.6922858096524,39.2996577064203],[-76.6923172690924,39.2996066403526],[-76.6923416351866,39.2995533029143],[-76.6923587628418,39.2994982729154],[-76.6923633542354,39.2994743707995],[-76.6923670410337,39.2994553547109],[-76.6923685974377,39.2994469304237],[-76.6924209104729,39.2991662291529],[-76.6924234092853,39.2991524811681],[-76.6924267541514,39.2991387894433],[-76.6924279745181,39.2991337997539],[-76.6924380867027,39.2990924752725],[-76.6924607419914,39.2990339179529],[-76.6924912003471,39.298977549168],[-76.6925289930889,39.2989239738933],[-76.6925672744604,39.2988804198819],[-76.6927597709189,39.2987040043383],[-76.6927783407964,39.2987160221284],[-76.6946466084465,39.2999230937558],[-76.6949431387628,39.3001146780631],[-76.6949607591373,39.3001260616072],[-76.6952854088401,39.3002954225609],[-76.6954990637582,39.3001157273941],[-76.6958525813036,39.2998259236294],[-76.6958413321867,39.2999222130913],[-76.6957680207582,39.300455283427],[-76.6955417944157,39.3009046116081],[-76.6952153419966,39.3015529991294],[-76.6953578623182,39.3015028004029],[-76.6956140630581,39.3014246637214],[-76.6958124287316,39.3013947319491],[-76.6960223268794,39.3013630380786],[-76.6962125437385,39.3013627418781],[-76.6964855366947,39.3013462546902],[-76.6967572007042,39.3012953771505],[-76.6970042835289,39.3011718411193],[-76.6971131118221,39.3011877470936],[-76.6971814236093,39.3012220500419],[-76.6973174504882,39.3011526092095],[-76.6974856814144,39.3011541035574],[-76.6979746267975,39.3011572340809],[-76.6985901741855,39.3012211442182],[-76.6991599614239,39.301265248892],[-76.6996352449048,39.3012965302218],[-76.700226569397,39.3013392732926],[-76.7006742201912,39.3013687612745],[-76.7011072409523,39.3013917807525],[-76.7011193412107,39.3013562596755],[-76.701122961521,39.3013423080991],[-76.7011300134645,39.3013283652514],[-76.701138682921,39.3013154695906],[-76.7011487739224,39.3013033548955],[-76.7011870471711,39.3012580227104],[-76.7011987882174,39.3012450087509],[-76.7012162604249,39.30122444213],[-76.7012440165546,39.301202098346],[-76.7012597150941,39.3011933306889],[-76.701272385527,39.3011883907414],[-76.7012848544344,39.3011828521795],[-76.7012953801494,39.3011765178142],[-76.7013058342261,39.3011687492655],[-76.7013239223586,39.3011571818257],[-76.7013368768603,39.3011511310628],[-76.7013503083249,39.3011455183766],[-76.7013635271077,39.3011414058044],[-76.7013763554361,39.3011391622037],[-76.7013921911957,39.3011366217899],[-76.7014106508534,39.3011342853071],[-76.7014263418638,39.3011330812398],[-76.7014480310425,39.3011305674025],[-76.7014668167657,39.3011278858499],[-76.701485971084,39.3011249467143],[-76.7015043223782,39.3011216362265],[-76.7015181718104,39.3011205589786],[-76.7015292873664,39.3011208925711],[-76.7015385365118,39.3011225716517],[-76.7015504413246,39.3011246195804],[-76.7015634690316,39.3011265136288],[-76.7015760004782,39.301127320106],[-76.7015901197382,39.3011274163166],[-76.7016035582554,39.3011259083554],[-76.7016188664406,39.3011217290004],[-76.7016343558508,39.3011180130912],[-76.7016492204888,39.3011150963639],[-76.7016636578509,39.3011128820387],[-76.7016812747647,39.301109966891],[-76.7017016342064,39.3011060633703],[-76.7017203508837,39.3011029798656],[-76.7017423985134,39.3010987563521],[-76.7017596585307,39.3010949692576],[-76.7017764994313,39.3010904956231],[-76.7017924689723,39.3010848073596],[-76.7018087169889,39.3010771327375],[-76.7018242339793,39.3010696093861],[-76.7018403893585,39.3010613553396],[-76.70185625236,39.3010520502698],[-76.7018689939094,39.3010436902754],[-76.7018830548277,39.3010353210166],[-76.7018961531019,39.3010286985781],[-76.7019113654323,39.3010219391823],[-76.7019281801839,39.3010134742186],[-76.7019421842723,39.3010064865652],[-76.7019549413918,39.3010004865764],[-76.70196958043,39.3009930339397],[-76.7019824678871,39.3009855363246],[-76.701995793586,39.300979415271],[-76.7020093923831,39.3009761737183],[-76.7020230399805,39.300975941707],[-76.7020389722204,39.3009736023189],[-76.7020549964537,39.3009681303394],[-76.7020708452026,39.300962206635],[-76.7020851334636,39.3009568374393],[-76.7020999225795,39.3009514632064],[-76.7021139861803,39.3009449287626],[-76.7021274981766,39.3009366796846],[-76.7021401053593,39.3009285553175],[-76.7021497033074,39.3009233678857],[-76.7021668144155,39.3009163745703],[-76.7021817361716,39.3009097792408],[-76.7021977754676,39.3009040271455],[-76.702214494403,39.300897106691],[-76.702230257047,39.3008895938167],[-76.7022517334342,39.3008786446309],[-76.7022686912356,39.3008697782445],[-76.702285814372,39.300860742032],[-76.7023021973107,39.3008521092809],[-76.7023184029689,39.3008437282895],[-76.7023334895329,39.3008359776908],[-76.7023497592655,39.3008272446625],[-76.7023646336591,39.3008192187924],[-76.7023796075048,39.3008115282527],[-76.7023943770174,39.3008041821824],[-76.7024214915668,39.3007906638836],[-76.7024371785695,39.3007823788436],[-76.7024539306637,39.3007733452698],[-76.7024690105085,39.3007647019894],[-76.7024860693184,39.3007552350242],[-76.7025004074913,39.3007470699636],[-76.7025162977124,39.3007387007566],[-76.7025311150592,39.3007321051183],[-76.7025469721777,39.3007266515643],[-76.7025629825398,39.3007214235846],[-76.7025787087138,39.3007159543819],[-76.7025950727074,39.3007101643218],[-76.7026105115635,39.3007051997107],[-76.7026379745564,39.3006962103344],[-76.7026657162051,39.300692374871],[-76.7026779596693,39.3006905115678],[-76.7026906051232,39.3006870603504],[-76.7027051322323,39.3006827671838],[-76.7027200259946,39.3006770184238],[-76.7027337879459,39.300670510165],[-76.702747803426,39.3006624289286],[-76.7027656032097,39.3006509731307],[-76.7027772429791,39.3006423913668],[-76.7027904930376,39.3006343694402],[-76.7028061171107,39.3006280802627],[-76.7028195055189,39.30062439131],[-76.7028335959677,39.3006211022646],[-76.7028476410722,39.3006161836388],[-76.7028610754903,39.3006100897843],[-76.7028721737623,39.3006029082148],[-76.7028803425728,39.3005940222156],[-76.702887161614,39.300583824007],[-76.7028943137515,39.3005721539073],[-76.7029025705938,39.3005605172261],[-76.7029118506495,39.3005503783833],[-76.7029227312197,39.3005387041977],[-76.7029313277641,39.3005267846358],[-76.7029338114096,39.300516182734],[-76.7029341735149,39.3005061240275],[-76.702934266683,39.3004949513089],[-76.702935676473,39.3004833162292],[-76.7029390156179,39.3004730119375],[-76.7029440965803,39.3004625886461],[-76.7029514724342,39.3004500913151],[-76.7029551544905,39.3004401229704],[-76.7029572767605,39.3004302695817],[-76.702957351505,39.3004210037127],[-76.702954507524,39.3004116241759],[-76.7029474534471,39.3004018241518],[-76.7029378580767,39.3003920330151],[-76.7029277545184,39.3003812308471],[-76.7029188221669,39.3003692552547],[-76.7029113810991,39.3003588498438],[-76.7029038341813,39.3003476983403],[-76.7028960316799,39.3003366740971],[-76.7028897135477,39.3003255491194],[-76.7028832395566,39.3003148227812],[-76.7028761069967,39.3003035597293],[-76.7028705884734,39.3002927916696],[-76.7028642354019,39.3002811531721],[-76.702858024501,39.3002704473143],[-76.7028524261628,39.3002593610856],[-76.7028471547106,39.3002488395554],[-76.7028398345663,39.3002366950891],[-76.7028311077407,39.3002243732188],[-76.7028214412348,39.3002099871447],[-76.7028140414745,39.3001972011382],[-76.7028076261812,39.3001843689805],[-76.702802935383,39.3001711241353],[-76.7027979630292,39.3001570111513],[-76.7027933124778,39.3001452292323],[-76.7027891386242,39.3001325666804],[-76.7027871451633,39.3001219138221],[-76.7027844203533,39.3001101097512],[-76.7027830812169,39.3000940900526],[-76.7027815020014,39.3000822438417],[-76.7027823305387,39.3000709919141],[-76.7027856664519,39.3000539896087],[-76.702789143146,39.3000440603817],[-76.7027996923466,39.3000251315936],[-76.7028068405033,39.3000149549379],[-76.702814101761,39.3000032400794],[-76.7028226084394,39.2999895151848],[-76.7028313164291,39.2999764411432],[-76.7028356816343,39.2999705486401],[-76.702881857952,39.2999176037863],[-76.7028873964439,39.2999111440708],[-76.702897339448,39.299898538837],[-76.7029065331311,39.2998865811516],[-76.7029140751282,39.2998759226805],[-76.7029215135687,39.2998648000586],[-76.7029279700182,39.2998531336],[-76.702932612131,39.2998422957514],[-76.7029358955713,39.2998325515862],[-76.7029369205693,39.2998217190042],[-76.7029370583275,39.2998118020476],[-76.7029384992081,39.2998018748743],[-76.7029419542186,39.2997926860073],[-76.7029498855925,39.2997845524317],[-76.7029631183608,39.299775633289],[-76.7029754002688,39.2997692563721],[-76.7029884799802,39.2997628337306],[-76.7030010519697,39.2997552883651],[-76.7030160676359,39.2997463998451],[-76.7030277952881,39.2997383830495],[-76.7030391687294,39.2997291286218],[-76.7030508376016,39.2997196434458],[-76.7030614919949,39.2997087901612],[-76.7030701731585,39.2996987822009],[-76.7030812447733,39.2996898981171],[-76.7030934912944,39.299682829319],[-76.703106908046,39.2996762003424],[-76.7031199642066,39.2996704117577],[-76.7031329733386,39.2996656102795],[-76.7031460173331,39.299661065603],[-76.7031623894692,39.2996557537837],[-76.7031765114851,39.2996512433537],[-76.7031925112131,39.2996462710746],[-76.7032081350499,39.2996416401306],[-76.7032219143789,39.2996378467306],[-76.7032356590817,39.2996340163107],[-76.7032527872431,39.2996294972507],[-76.7032680314795,39.2996260930681],[-76.7032821531247,39.2996233309887],[-76.703298102405,39.2996201609773],[-76.7033174678294,39.2996162483606],[-76.7033323367104,39.2996130567007],[-76.7033475843177,39.2996091219719],[-76.7033617215748,39.2996048430519],[-76.7033769983458,39.2995997554275],[-76.7033911181832,39.2995954827653],[-76.7034044962033,39.2995931151257],[-76.7034175022045,39.2995909951538],[-76.7034308711339,39.29958969218],[-76.7034438611544,39.2995897303723],[-76.703457217388,39.299589800113],[-76.7034709484245,39.2995897879288],[-76.7034846865125,39.2995889209449],[-76.7034980415478,39.2995873359923],[-76.7035110676076,39.2995848539574],[-76.7035244473646,39.2995823466917],[-76.7035411678914,39.2995796550924],[-76.7035574984363,39.2995792900561],[-76.7035745865054,39.2995793628938],[-76.7035894126677,39.2995794534424],[-76.7036042365792,39.2995795277699],[-76.7036202116605,39.2995796104038],[-76.7036339388708,39.2995796810603],[-76.7036476707259,39.2995797499253],[-76.7036729051555,39.2995798658148],[-76.7036892302952,39.2995799619328],[-76.7037052053805,39.2995800436544],[-76.7037215108572,39.2995801289093],[-76.7037378395276,39.2995802124189],[-76.7037534228836,39.2995802652228],[-76.7037682501529,39.2995803683622],[-76.7037831135927,39.2995798608794],[-76.7037968599534,39.2995781219496],[-76.7038106151851,39.2995750913589],[-76.7038247343167,39.2995729237058],[-76.7038395845912,39.2995722369325],[-76.7038554094547,39.2995713679593],[-76.703866352372,39.2995713441975],[-76.7039015376479,39.299569973652],[-76.7039255976434,39.2995692659402],[-76.7039668873265,39.2995688646563],[-76.7040439864598,39.2995672591802],[-76.7040826054536,39.2995695443839],[-76.7041090008524,39.2995756558223],[-76.7041468873188,39.2995890211406],[-76.7041807977768,39.2995992219945],[-76.7041913894562,39.2996030822716],[-76.7042028345108,39.2996077490698],[-76.7042224635491,39.299615114412],[-76.7042390634429,39.2996207742039],[-76.704254755616,39.2996264281056],[-76.7042722126185,39.2996322783079],[-76.7042869504461,39.2996368750199],[-76.7043045354857,39.2996423256047],[-76.7043190155324,39.2996464658822],[-76.7043370685751,39.2996503359153],[-76.7043588708343,39.2996533785788],[-76.7043810766593,39.2996533326664],[-76.704401926439,39.2996529221357],[-76.7044812786186,39.2996542801179],[-76.7045241728109,39.2996569488413],[-76.7046027894552,39.2996656721612],[-76.7047090958965,39.2996787192853],[-76.7047818307517,39.2996839652031],[-76.7048289786735,39.2996843691979],[-76.7048493318425,39.2996826683608],[-76.7048785104589,39.2996755067969],[-76.7049092096549,39.299662042864],[-76.704981353733,39.2996345627713],[-76.7050678141595,39.2996023526809],[-76.7051593631099,39.299563922977],[-76.7051987409537,39.2995470912079],[-76.7052184366444,39.29953704497],[-76.7052322448313,39.2995315769046],[-76.7052483176336,39.2995276701216],[-76.7052605087336,39.2995241148013],[-76.7052647037649,39.2995206186882],[-76.7052632742249,39.2995058562427],[-76.7052637484876,39.2995033209082],[-76.7052641035624,39.2994976632603],[-76.7052710888854,39.2994908638742],[-76.7052823200828,39.2994853506062],[-76.7052980848039,39.2994799739132],[-76.7053098510924,39.2994768156557],[-76.7053377816189,39.2994681078551],[-76.7053487759234,39.2994643612666],[-76.7053621141843,39.2994578678498],[-76.7053724439417,39.2994525081431],[-76.7053976588981,39.2994391591376],[-76.7054892164405,39.29939521568],[-76.7055130795082,39.2993832828498],[-76.7055412414997,39.2993704672403],[-76.705562045491,39.2993645879095],[-76.7055766280943,39.2993610619691],[-76.705586127476,39.2993602372624],[-76.7056028789174,39.2993592830025],[-76.7056212048502,39.2993582948534],[-76.7056501157338,39.2993577700858],[-76.7056670606792,39.2993599130949],[-76.7056782555808,39.299363134313],[-76.705688648855,39.2993681622366],[-76.7057032577429,39.2993747851455],[-76.7057150416505,39.2993782690541],[-76.7057342736867,39.2993818688972],[-76.7057591096,39.2993874878504],[-76.7058189165943,39.29939834758],[-76.705832367298,39.2994013474412],[-76.705851625707,39.2994072568652],[-76.7058658497058,39.2994122069902],[-76.7058816369312,39.2994184428],[-76.7058983793401,39.2994266590551],[-76.7059134682443,39.2994343937693],[-76.7059341076927,39.2994472271319],[-76.7059693473726,39.2994687839036],[-76.7060411546284,39.2995204696127],[-76.7061365769988,39.2995904230906],[-76.7061588980737,39.299607606758],[-76.7061914218887,39.2996279775823],[-76.7062153253496,39.2996426692057],[-76.7062271184201,39.2996534744159],[-76.7062358376269,39.2996649619172],[-76.7062431496793,39.2996758270816],[-76.7062569751981,39.2996924751584],[-76.7062674921878,39.299707682763],[-76.7062866766301,39.2997320429795],[-76.706297025973,39.299745183832],[-76.7063251677584,39.2997792486396],[-76.7063312447837,39.2997854439035],[-76.7063379387649,39.2997896320272],[-76.7063570491102,39.2998089388153],[-76.7063739985496,39.2998341113157],[-76.7063843347884,39.29985266566],[-76.7063909628622,39.2998708171073],[-76.7064027141692,39.2998978889143],[-76.706414929651,39.299913932145],[-76.7064276106248,39.2999270301704],[-76.7064391841287,39.2999354433073],[-76.7064517109486,39.2999465736978],[-76.7064618756575,39.2999556003293],[-76.7064771991869,39.2999730754103],[-76.7064801448599,39.2999792808584],[-76.7064805807746,39.2999865627432],[-76.7064809472431,39.2999971790463],[-76.7064814206675,39.3000108050362],[-76.7064815848017,39.3000274522835],[-76.7064825438579,39.3000478324402],[-76.7064857555961,39.3000564201467],[-76.706491040441,39.3000643924121],[-76.7064950581541,39.3000704005703],[-76.706502749363,39.3000759486118],[-76.7065114777206,39.3000810452633],[-76.7065264899816,39.3000899813113],[-76.7065320452646,39.3000950772417],[-76.706545417426,39.3001100946855],[-76.7065508450891,39.3001205380734],[-76.7065590484723,39.3001404400062],[-76.706568731856,39.3001699828026],[-76.7065759349179,39.3001842390112],[-76.7065802142967,39.3001995814336],[-76.7065811206678,39.3002046801637],[-76.7065824836318,39.3002123453817],[-76.7065872167585,39.3002256181032],[-76.7065928832465,39.3002369051909],[-76.706592999973,39.3002372738908],[-76.7065965736022,39.3002486260109],[-76.7066004594293,39.3002643808956],[-76.7066008784958,39.3002765799537],[-76.7066012980245,39.3002886673194],[-76.7066025582915,39.3003009810721],[-76.7066073837038,39.3003124056755],[-76.7066125455608,39.3003229321663],[-76.7066169552834,39.3003325524216],[-76.7066233091586,39.3003427450062],[-76.7066367663339,39.3003627312099],[-76.7066498446206,39.3003857511063],[-76.7066588200056,39.3004082176031],[-76.7066657268905,39.3004332686027],[-76.7066682177354,39.3004488227364],[-76.7066696954369,39.3004587428265],[-76.7066770578234,39.3005121380877],[-76.7066871696627,39.3005544411207],[-76.7066892208293,39.3005695068478],[-76.7066869085081,39.3005817080934],[-76.7066854421645,39.3005962335946],[-76.7066828275906,39.3006184459658],[-76.7066830644244,39.3006354672041],[-76.7066826805922,39.3006444602742],[-76.7066835282705,39.3006710436398],[-76.7066863109675,39.3006995693574],[-76.706689538088,39.3007294013767],[-76.7066924141899,39.3007549656479],[-76.7066947826021,39.3007771418168],[-76.7066957486543,39.3008050991264],[-76.7066930821043,39.3008286651998],[-76.7066891548542,39.3008613221375],[-76.7066881372049,39.3008657468025],[-76.7066775004704,39.3008940084252],[-76.7066521681523,39.3009527662122],[-76.706633900655,39.3009829760251],[-76.7066032443123,39.3010202141077],[-76.7065929997161,39.301030738155],[-76.706524475288,39.3011011329762],[-76.7064886692858,39.3011327050342],[-76.7063249477808,39.3012432940291],[-76.7062802801344,39.3012766886169],[-76.7062409957254,39.3013060612696],[-76.7062258310645,39.3013201507773],[-76.7062078101205,39.3013445098411],[-76.7061918747353,39.3013663736245],[-76.7061691082456,39.3013891273821],[-76.7061028719612,39.3014507633397],[-76.7059770384828,39.3015721196373],[-76.705863918665,39.3016773931403],[-76.7057852510303,39.3017488619479],[-76.7057547199079,39.3017778059761],[-76.7057334410437,39.3017954227712],[-76.7057185987568,39.3018032978188],[-76.7057041991711,39.3018067431661],[-76.7056860384418,39.3018093963355],[-76.7056792725184,39.3018116123561],[-76.7056632365871,39.301819366408],[-76.7055967376571,39.3018622378168],[-76.7055730412149,39.3018774020781],[-76.7055528893582,39.3018882714163],[-76.7055324998588,39.3018949444449],[-76.7055219267627,39.3018985155567],[-76.7055120453344,39.3019055499974],[-76.705493871603,39.3019283583684],[-76.7054808286685,39.3019554779938],[-76.7054770587612,39.3019749428379],[-76.7054763503736,39.3019942117856],[-76.7054761795584,39.3020099403175],[-76.7054724915948,39.302045128021],[-76.705464213063,39.302090803401],[-76.7054635082345,39.3020963718945],[-76.7054612320514,39.3021143254141],[-76.7054501800787,39.302151402452],[-76.705431538637,39.3022086436475],[-76.7054257153437,39.30222730167],[-76.7054270037795,39.3022411665969],[-76.7054353236095,39.3022561832002],[-76.7054469365996,39.3022643641328],[-76.7054629574296,39.302271443683],[-76.7054838571505,39.3022806882612],[-76.7054972190101,39.3022890185937],[-76.7055048860536,39.3022951205992],[-76.7055072222214,39.3023029269803],[-76.7055094956482,39.3023230519096],[-76.7055099519164,39.3023270866275],[-76.7055182333356,39.3023580626794],[-76.7055287866868,39.3023849541025],[-76.7055414783324,39.3024125831957],[-76.7055508310794,39.3024281878683],[-76.7055608548017,39.3024380005748],[-76.7055837722285,39.3024563784269],[-76.7056342058471,39.3024982781319],[-76.7057116494395,39.3025541206738],[-76.7057799079746,39.3025967062941],[-76.7058581732997,39.3026370100956],[-76.7059975323347,39.3027087733131],[-76.7062738033304,39.3028406580971],[-76.7063018036453,39.3028540250106],[-76.7064741557878,39.3029249675652],[-76.7065254749999,39.3029427388106],[-76.706559068408,39.3029507376306],[-76.7065849059998,39.3029547177289],[-76.7066181437191,39.3029590180513],[-76.706656555871,39.3029624440405],[-76.7066901241035,39.3029658831468],[-76.7067181343268,39.3029704361137],[-76.7067492600701,39.3029754832564],[-76.7068019364574,39.3029931091434],[-76.7068846802685,39.3030188348282],[-76.7069019121329,39.3030219061463],[-76.7069242254306,39.3030213573984],[-76.706945054193,39.3030206572202],[-76.7069740045502,39.3030227227886],[-76.7069948144033,39.3030263191476],[-76.7070517931641,39.3030417406983],[-76.707224297445,39.3030957789888],[-76.707379971468,39.3031396596526],[-76.7074752180956,39.3031772636632],[-76.7075028755425,39.3031886748002],[-76.7075335676438,39.3031889871966],[-76.7075677105073,39.3031891901746],[-76.7076130886159,39.3031984637629],[-76.707652845014,39.3032088366775],[-76.7076937811313,39.3032154023272],[-76.7077318655587,39.3032260971283],[-76.7077998401635,39.3032420888191],[-76.7078332606664,39.3032527278519],[-76.7078642164062,39.30326081702],[-76.7078804616684,39.3032689722946],[-76.7078968120614,39.3032873531786],[-76.7079109552675,39.3032932828666],[-76.7079413109425,39.3032990060453],[-76.7080401177042,39.3033035788167],[-76.7081909307911,39.3033067475913],[-76.7083909631239,39.3032989068259],[-76.7085927148029,39.3032865436995],[-76.7086488144452,39.3032832653591],[-76.7086945905276,39.3032809396162],[-76.7087593598883,39.3032836186801],[-76.7088546675184,39.303290205185],[-76.7089258065268,39.3032928846271],[-76.7089635785411,39.3032904867076],[-76.7090015718697,39.3032804896695],[-76.7090405903165,39.3032613912453],[-76.7090659119078,39.3032442531624],[-76.7091033426029,39.3032086048505],[-76.7091694745608,39.3031416381224],[-76.7092526353085,39.3030596844266],[-76.7093246424787,39.3029828707001],[-76.7093891108401,39.3029126633229],[-76.7094099219616,39.3028919191025],[-76.7094681283123,39.302833899599],[-76.7095160758877,39.3027850748151],[-76.7095495829833,39.3027564596473],[-76.7096002478027,39.3027226940335],[-76.7096362095475,39.3027047606355],[-76.7096479637603,39.3027001039632],[-76.7096845699573,39.3026856022115],[-76.7097446516757,39.3026638686451],[-76.7097937179198,39.3026458837998],[-76.7098483801201,39.3026299547604],[-76.7098949520422,39.3026166197072],[-76.7099245997119,39.3026091806208],[-76.7099822789075,39.3026027997466],[-76.7100584781088,39.3026042965959],[-76.7100916836342,39.3026054216019],[-76.7101508274589,39.3026051928009],[-76.7101959245547,39.3026069046775],[-76.7102381166759,39.3026164639419],[-76.7102797581959,39.3026330972508],[-76.7103216393934,39.3026509471526],[-76.7103705395408,39.3026630936567],[-76.7104167225468,39.3026654863924],[-76.7104441874868,39.302664481281],[-76.7105653987727,39.3026942336545],[-76.7105726729507,39.3027046750897],[-76.7105873098897,39.3027152157277],[-76.7106044429803,39.3027217730756],[-76.7106254571682,39.3027236173298],[-76.7106502256364,39.3027245511565],[-76.7106738590115,39.3027255019994],[-76.7106992630961,39.3027314834007],[-76.7107326965114,39.3027438357752],[-76.7107667130584,39.302756483221],[-76.7107973815709,39.3027662337007],[-76.7108357518254,39.3027765462808],[-76.7108705655768,39.3027858980006],[-76.7109077063117,39.3027983504235],[-76.710948761128,39.3028105116118],[-76.710983743218,39.3028189611573],[-76.7110000480273,39.3028219548315],[-76.7110896117787,39.3028507235603],[-76.7110916458597,39.3028514446606],[-76.7110940486909,39.3028521486524],[-76.7111253457113,39.3028613196056],[-76.7111606293522,39.3028711759153],[-76.7111965258028,39.3028811571238],[-76.7111972364892,39.3033868272749],[-76.7111992134467,39.3047933154296],[-76.7111999250384,39.3052999112639],[-76.7112018926017,39.3066993357824],[-76.7112024678243,39.3071107323061],[-76.7112031632776,39.3076056422898],[-76.7112042912947,39.3084074718098],[-76.7112045234073,39.3085734151606],[-76.7112055264966,39.3092869128472],[-76.711206746846,39.3101549176752],[-76.7112080004761,39.3110469318729],[-76.7112089429366,39.3117172486814],[-76.7112100779252,39.3125250852209],[-76.7112202947762,39.3197939873507],[-76.7112207611109,39.3201253918937],[-76.7112218390981,39.320893471687],[-76.7112222230048,39.3211662444146],[-76.7112226978046,39.3215041171105],[-76.7112232941657,39.3219280349225],[-76.7112236206734,39.3221599476955],[-76.7112239163771,39.3223703802423],[-76.7112239500932,39.3223939934301],[-76.7112280756568,39.322395569967],[-76.7112262534711,39.3226393916183],[-76.7112242970854,39.3226410946293],[-76.7112244027069,39.3227159614405],[-76.7112251865246,39.323273818024],[-76.7112254898984,39.3234897730006],[-76.7112273340894,39.3248009882614],[-76.7112293762172,39.32625326583],[-76.7112307380774,39.3272222077416],[-76.7112319324594,39.3280719613062],[-76.7112322649215,39.3283081206717],[-76.7112323620837,39.3283776648217],[-76.7112341984199,39.329683750133],[-76.7112370645484,39.3317220028974],[-76.7112422955687,39.3354409997611],[-76.7112433928677,39.3362212504095],[-76.7112436696471,39.3364187013704],[-76.7112445530139,39.3370464481355],[-76.7112568440334,39.3457847769401],[-76.7112572128794,39.3460470718941],[-76.7112586501564,39.3470685914471],[-76.7112621212039,39.3495367948489],[-76.7112688588859,39.3543270450804],[-76.7112688777388,39.354340074314],[-76.7112703633603,39.3553936647981],[-76.7112712176636,39.3560010330304],[-76.7112723696708,39.3568195538156],[-76.7112731596156,39.3573809272314],[-76.711273975348,39.3579613205893],[-76.7112761940213,39.3595364701491],[-76.7112775157485,39.3604765494013],[-76.7112783106911,39.3610424114461],[-76.711278471646,39.3611566964377],[-76.7112785963906,39.3612451238836],[-76.7112808952451,39.3628755447729],[-76.7112809481465,39.3629135397647],[-76.7112811526579,39.3630592866142],[-76.711282774645,39.3642124968003],[-76.7112834536902,39.3646957513984],[-76.7112853927363,39.366072484673],[-76.7112871043136,39.3672897506404],[-76.7112875154086,39.3675816024201],[-76.7112886725336,39.3684046526769],[-76.7112903870868,39.3696229238571],[-76.7112936066934,39.3719118403106],[-76.7112936697445,39.3719570311786],[-76.6932317716589,39.3719593467512],[-76.6823339264881,39.3719594018237],[-76.6750587430539,39.3719606731544],[-76.6532017792446,39.3719617872481],[-76.6531837644808,39.3718831188132],[-76.6530666369309,39.3715280960389],[-76.653014264876,39.3713676402784],[-76.6529587665461,39.3711664601932],[-76.6528893073848,39.3707419851252],[-76.6528903817687,39.3707285285962],[-76.6528946799187,39.3704796129384],[-76.6528855166152,39.3702489127538],[-76.6528652906915,39.3700094229417],[-76.6528453360432,39.3698730511093],[-76.6528156864317,39.3697377234259],[-76.6527718771468,39.3696047147559],[-76.6527273581887,39.3694718679019],[-76.6526657009197,39.3693431993708],[-76.6525961440871,39.3692170052103],[-76.652516239957,39.3690945419079],[-76.6524259142889,39.3689765217065],[-76.6523326148032,39.3688598941856],[-76.6522369006296,39.3687444673335],[-76.6521373592351,39.3686310052948],[-76.6520371421961,39.3685178978595],[-76.6519385239536,39.3684039717919],[-76.6518401877948,39.3682898546145],[-76.6517415701864,39.3681759283734],[-76.6516410368207,39.3680629835777],[-76.6515426666642,39.3679488939583],[-76.6514452902616,39.3678343117914],[-76.6513974880658,39.3677765706816],[-76.6513229529411,39.3676879405878],[-76.6512535658454,39.3676077674172],[-76.6512416426784,39.3675940309489],[-76.6511732211868,39.3675039695971],[-76.6508866199185,39.3670653573123],[-76.6507897423598,39.3669364300013],[-76.6507684087138,39.3669162639987],[-76.6507305499109,39.3668060796706],[-76.6507265385936,39.366709032224],[-76.6507062240709,39.3666511625672],[-76.6505736356498,39.3661751198802],[-76.6505483262173,39.3659785794076],[-76.6505291393431,39.3657017806688],[-76.6505003881526,39.3651782747289],[-76.650484289617,39.3649640278234],[-76.6504630877571,39.3646662754315],[-76.650435193533,39.3642910234281],[-76.650402535554,39.3637559761612],[-76.6503826680846,39.363496003668],[-76.650360104689,39.3630872751944],[-76.6503670957933,39.3629391254062],[-76.6503784747004,39.3627614705536],[-76.6503897648334,39.3626885857315],[-76.6504243231319,39.3624652368426],[-76.650480841382,39.3621709542733],[-76.6505984891833,39.3617877630191],[-76.650700324887,39.361512176446],[-76.6507515449173,39.3613743407801],[-76.6508044641043,39.3612319028522],[-76.6509341225892,39.3609163193628],[-76.6510654281824,39.3605977843636],[-76.6511344553706,39.3604288429622]]]},"properties":{"OBJECTID":3,"DistrictNumber":6,"Dist_Abbr":"NWD","Dist_Alt":"NORTHWESTERN","Dist_Name":"Northwestern","DistrictName":"Northwestern","District":"6","Shape__Area":356482584.11193848,"Shape__Length":113851.64038772075}},{"type":"Feature","id":4,"geometry":{"type":"Polygon","coordinates":[[[-76.6177367948702,39.3079275426473],[-76.6176842563883,39.3079171922878],[-76.6175398544801,39.3080486352804],[-76.6175022353839,39.3080220414388],[-76.6173558632046,39.3079185644328],[-76.6172490951638,39.3078410661222],[-76.6172016966737,39.307806661405],[-76.6171275211309,39.3077528202993],[-76.6169991829852,39.3076596639014],[-76.6169395944777,39.3076164108566],[-76.6165068856527,39.3073031651572],[-76.6164252060436,39.3072589714182],[-76.616400917535,39.3071499286411],[-76.6163848443701,39.3071175138255],[-76.6163534607849,39.3070542242665],[-76.6162812057592,39.3070275601706],[-76.6162471923842,39.3070350370586],[-76.6162113414137,39.3070429177788],[-76.6160471692294,39.3069461969781],[-76.6159995243844,39.3069354529059],[-76.6159764874854,39.306911024793],[-76.6158251299775,39.3068057613545],[-76.6157347985195,39.3067429382349],[-76.6156149870367,39.3067054064104],[-76.6155679462594,39.3066829399023],[-76.6155470239359,39.3066703626567],[-76.6154700267452,39.3066267294186],[-76.6153914655303,39.3065848132548],[-76.6153114062088,39.3065446450039],[-76.6152299112051,39.3065062581949],[-76.6150505493013,39.3064358495571],[-76.6150083349113,39.3064192787667],[-76.6147584006399,39.3063380464483],[-76.6147542560302,39.3063366979399],[-76.6147294232484,39.3062824892052],[-76.6146989529549,39.3062159738678],[-76.6146833921066,39.3061901711339],[-76.6145779208569,39.3061769498249],[-76.6144461405089,39.3062600022555],[-76.6144070158676,39.3062846599717],[-76.6143653027939,39.306277434134],[-76.614211918626,39.3062508627733],[-76.6135841602807,39.3062160900064],[-76.6135680197556,39.3062005682463],[-76.6135321390136,39.3061660611833],[-76.6134510555973,39.3061613294278],[-76.6134213963389,39.3061595978842],[-76.6133694359014,39.3061871269727],[-76.6133643370631,39.3061898286768],[-76.6133400417156,39.3062026998012],[-76.6127654640998,39.3061581145638],[-76.6126637973711,39.306139368027],[-76.6125746318448,39.3061229262201],[-76.6123751541652,39.306073477102],[-76.6122158041193,39.3060234827102],[-76.6121946097039,39.3060167057339],[-76.6121365669727,39.3059981477434],[-76.6121368880248,39.3060191562342],[-76.6121389651005,39.3060381384158],[-76.6121159457263,39.3060824552879],[-76.6120558760513,39.3060791998154],[-76.6119833794328,39.3060814861628],[-76.611935208381,39.3060830051932],[-76.6103889996079,39.3059059999946],[-76.6098889987467,39.3059060002566],[-76.6097966364166,39.3059060007368],[-76.6085652576887,39.3058609099451],[-76.6084756719514,39.3058443708444],[-76.6084752260427,39.3058442855883],[-76.6084637493517,39.305845459765],[-76.6084181453777,39.305850123241],[-76.6084180293725,39.3058501345643],[-76.6084225903035,39.3058820995852],[-76.6084240983758,39.3058928713493],[-76.6084266150289,39.3059103850314],[-76.608375939086,39.3059361516188],[-76.6083132295256,39.3059763802462],[-76.6081155419977,39.3059844007966],[-76.6063370851564,39.3060565417117],[-76.6062474363555,39.3060620593201],[-76.6061058260444,39.3060693294052],[-76.6059404018589,39.3060756096968],[-76.6058113414881,39.3060819874296],[-76.6056931059065,39.3060864223843],[-76.6054762828987,39.3060954137547],[-76.605330913016,39.3060988231535],[-76.6049985749289,39.3061123401241],[-76.6048306549077,39.3061166351053],[-76.6045031929741,39.3061301931957],[-76.6039182207869,39.3061535629115],[-76.6039093799943,39.3061502633655],[-76.6038076235644,39.3061122894185],[-76.6037698247766,39.3060560790752],[-76.6037466762167,39.3060238016782],[-76.603744752512,39.306023839328],[-76.6036746306923,39.30602520168],[-76.6036512191349,39.306026093729],[-76.6036022536867,39.3059958793234],[-76.6035797883551,39.3059878300397],[-76.6035775849,39.3059499674192],[-76.6035685351071,39.3057944816484],[-76.6035680513032,39.3057862425988],[-76.6033244810109,39.3057948100778],[-76.6033229024133,39.3057673505937],[-76.6033207686227,39.3057315689479],[-76.6033102364685,39.3057319720604],[-76.6032199378767,39.3057351233819],[-76.6032176105273,39.3057014119192],[-76.6032155963728,39.3056722332194],[-76.6032147660492,39.3056722646444],[-76.603212571349,39.3056349460992],[-76.6032108654218,39.3056051784441],[-76.6032103046641,39.3055955735857],[-76.6032088975557,39.3055714573847],[-76.6032070613974,39.3055396851059],[-76.6032049977104,39.305504233369],[-76.6032028990012,39.3054686175756],[-76.6031967098842,39.3053621254525],[-76.6031967864195,39.3053621230087],[-76.6032291568235,39.3053609829686],[-76.6032813989398,39.3053591443699],[-76.6032920387117,39.3053587686462],[-76.6035426777389,39.3053499773806],[-76.6035410989158,39.3053225449179],[-76.6035407117564,39.3053158924253],[-76.6035283324436,39.3051031351914],[-76.6036037116081,39.305066453083],[-76.603595989035,39.3049537639956],[-76.6035959846843,39.3049537126378],[-76.6035122428729,39.3049111557869],[-76.6035112162561,39.3048927940014],[-76.6035111425011,39.3048914696403],[-76.6035051649698,39.304784386433],[-76.6035023058877,39.3047333651324],[-76.6035007618805,39.3047059318807],[-76.6032184476857,39.3047172237849],[-76.6032177615494,39.304704954963],[-76.6032163912382,39.3046804812793],[-76.6032146541484,39.3046498631959],[-76.6032126633527,39.3046140279733],[-76.6032107032843,39.3045791251371],[-76.6032086501509,39.3045419989187],[-76.6032068499444,39.3045098151055],[-76.6032047629508,39.3044725248341],[-76.6032030929799,39.3044423456438],[-76.603201003364,39.3044051103088],[-76.6031991723951,39.3043726237361],[-76.6031970831717,39.3043355262173],[-76.6031952548011,39.3043021614146],[-76.6031935528235,39.3042714875991],[-76.6031920298298,39.3042440517077],[-76.6031874874437,39.3042442327327],[-76.6031444454001,39.3042459699495],[-76.6031410417912,39.3042461070788],[-76.6030956213347,39.3042479299232],[-76.6030515450549,39.3042496753223],[-76.6030118498298,39.3042512706682],[-76.6029604907996,39.3042533211045],[-76.6029167320167,39.3042550972508],[-76.6029164728163,39.3042504511717],[-76.6029158005075,39.3042384147881],[-76.6029060044824,39.3040630655692],[-76.6029021149388,39.3039934464336],[-76.6028836086943,39.303978322333],[-76.6028460651276,39.3039803905857],[-76.6028354173563,39.30406587516],[-76.602845893957,39.3042534076206],[-76.60284614471,39.3042579050464],[-76.6028330428864,39.3042584246353],[-76.6027919260256,39.3042600556357],[-76.6027331495611,39.3042612017593],[-76.6026913280087,39.304251615919],[-76.6026921697735,39.3042489182962],[-76.602687829593,39.3042479803449],[-76.6026972579028,39.3042177521986],[-76.6026992661082,39.3042113140734],[-76.6026408028991,39.3041993912276],[-76.6026295069458,39.304197100234],[-76.6026211757562,39.3041953984526],[-76.6025499806723,39.3041808806583],[-76.6024872892347,39.3041681210426],[-76.6024894734562,39.3041611034289],[-76.6025002812229,39.3041263779811],[-76.6024931347343,39.3041249216012],[-76.6023071292787,39.3040870125685],[-76.6022938672631,39.3040780609967],[-76.6022466544253,39.3040461927397],[-76.6021920473746,39.304044228881],[-76.6021878710593,39.3039950631371],[-76.6021799134529,39.3039891875805],[-76.6021564724793,39.3039718776345],[-76.6020552329407,39.3039111057221],[-76.6017714324368,39.3039233231937],[-76.6017672381039,39.3038522284416],[-76.6017345075827,39.3038534055892],[-76.6017274396545,39.3038536581647],[-76.6017270752153,39.3038475335833],[-76.601724687072,39.3038074427018],[-76.6017238548353,39.3037935727264],[-76.6016726372799,39.3037830773346],[-76.6016549978489,39.3037839777424],[-76.6016086204011,39.3037863462289],[-76.6016032526591,39.3036977565883],[-76.6015538380141,39.3036996490637],[-76.6015546802808,39.3037133785567],[-76.6015589514291,39.3037833494358],[-76.6015619610031,39.303832504945],[-76.6015649729049,39.3038816595604],[-76.6015680134941,39.3039316934113],[-76.6015150962993,39.3039341784019],[-76.6014678014609,39.3039363770818],[-76.6014092309244,39.3039390896573],[-76.6013739354272,39.3039407408093],[-76.6013536527467,39.3040034835846],[-76.6012699802486,39.3040067783854],[-76.6012167127099,39.3040088756281],[-76.601178825157,39.3039486025902],[-76.6011455815051,39.3039498904268],[-76.6011340847353,39.3039503378094],[-76.6010890984431,39.303952086589],[-76.6010326153624,39.3039542854261],[-76.6009761635864,39.3039564834417],[-76.6009232185451,39.3039585528223],[-76.6008891085373,39.3039598898878],[-76.6008667354592,39.303960750679],[-76.6006479071373,39.303969258821],[-76.6005774966357,39.3039719973968],[-76.6005098266742,39.303999895285],[-76.6004846627946,39.3040328846249],[-76.6004535594753,39.3040337363707],[-76.6003730223328,39.3040355153119],[-76.6003302858179,39.3039816037673],[-76.6002921727081,39.3039830900803],[-76.6000965046679,39.3039907202758],[-76.6000931963107,39.3039381876737],[-76.6000900830992,39.3038886750725],[-76.6000870018849,39.303839657095],[-76.600083887585,39.3037903390519],[-76.6000802882909,39.3037332737469],[-76.600020021413,39.3037356213548],[-76.5999614186901,39.3037378926286],[-76.5998998448838,39.3037402906715],[-76.5998569704214,39.3037419551936],[-76.5998578123449,39.3037556874008],[-76.5998589802361,39.3037741145634],[-76.5998351204532,39.3037750475602],[-76.5998176248283,39.3037757310996],[-76.5998180777472,39.3037831999186],[-76.5997776418772,39.3037847907482],[-76.5997295709868,39.303786660011],[-76.5996758803923,39.3037887560147],[-76.5996106317113,39.3037912783009],[-76.5996241020363,39.304009098442],[-76.5995340390054,39.304059796892],[-76.5995082749698,39.3040605990282],[-76.5995081822045,39.3040606014143],[-76.5994786257581,39.304061612204],[-76.5994654060663,39.3040620643595],[-76.5994726808783,39.3041791587485],[-76.5993865363161,39.3042005021591],[-76.5993304415394,39.3042026726784],[-76.5993466340617,39.3044763985821],[-76.5992931203143,39.304478495916],[-76.5992347988319,39.3044807416662],[-76.5991787026796,39.3044829103075],[-76.5991156102524,39.3044853586078],[-76.5990609995625,39.3044874791162],[-76.5990133178975,39.3044893196904],[-76.5989531930987,39.304491640215],[-76.5988978761821,39.3044937852599],[-76.5988613283925,39.3044951953848],[-76.5988469068788,39.3044957523597],[-76.5988418071926,39.3044136660803],[-76.5988299024072,39.3042220218084],[-76.5987845213655,39.304192059909],[-76.5987791215235,39.3041032043055],[-76.5987754081005,39.3040421076846],[-76.5987407971007,39.3040434532251],[-76.598106367058,39.3040681077098],[-76.5980250445475,39.3040842674468],[-76.5980012277856,39.3041336339284],[-76.597873391886,39.304138634372],[-76.5978274134349,39.3040789576818],[-76.5977785548934,39.3040808558784],[-76.597364117629,39.3040969598004],[-76.5973268889181,39.3041580909152],[-76.5972301020782,39.3041619954496],[-76.5972363106888,39.3042836711849],[-76.5972414877009,39.3043612035809],[-76.5972524669151,39.3045256185661],[-76.5972526934413,39.3045290115935],[-76.5971956065871,39.3045316704081],[-76.597134631211,39.3045345104265],[-76.5970752806124,39.3045372704128],[-76.597019183001,39.3045398793894],[-76.5969593744215,39.3045426404488],[-76.5968963844043,39.3045456094475],[-76.596837706547,39.3045483157749],[-76.5967804422658,39.3045509755807],[-76.5967213039554,39.3045537099949],[-76.5967209867925,39.3045487259183],[-76.5967054399405,39.3043045286584],[-76.5966037657206,39.3042626151054],[-76.5966001211326,39.3042011592466],[-76.5965071248909,39.3042047510261],[-76.5965070587859,39.3042047544022],[-76.5965099336962,39.3042521053674],[-76.5964424138639,39.3043150273735],[-76.5964401954221,39.3043151161352],[-76.5964136692396,39.3043161725921],[-76.5961488712159,39.3043267222126],[-76.5961379495188,39.3043271512664],[-76.5961124681955,39.3043281644073],[-76.5961029925731,39.30432854078],[-76.5961172932996,39.304547901771],[-76.5960669961637,39.3045498978992],[-76.596010970259,39.3045521220178],[-76.5959592211019,39.3045541950764],[-76.5959068387643,39.3045562929576],[-76.5958547719146,39.30455836758],[-76.5958031643574,39.3045604122327],[-76.5957517354912,39.3045624313557],[-76.5957012629546,39.3045644816701],[-76.5956503617512,39.3045664764424],[-76.5955957481091,39.3045686772995],[-76.5955447097893,39.3045707246986],[-76.5954886850214,39.3045729467707],[-76.5954394465167,39.3045749201529],[-76.5953874864725,39.3045769652111],[-76.5953386365202,39.3045789110648],[-76.5952838860567,39.304581110405],[-76.5952285326998,39.3045833094445],[-76.5952167261652,39.3043901725669],[-76.5952151196463,39.3043638946486],[-76.595210544904,39.304316517077],[-76.5949375669751,39.304329118339],[-76.5948387252313,39.3043318167145],[-76.5948139242858,39.3042945038006],[-76.5948137999205,39.304255593363],[-76.5947494240151,39.3042588635895],[-76.5947189926077,39.304200737255],[-76.5945806731927,39.3042065212496],[-76.5945022476,39.3032520576358],[-76.5944192007914,39.3032267236428],[-76.5945002607778,39.3031923755947],[-76.5945144337945,39.3031863714156],[-76.5944299274737,39.3020931472483],[-76.5944156412997,39.3019083281825],[-76.5943328091089,39.3018755482881],[-76.5944047910866,39.3018391485542],[-76.5943339522024,39.3005448254278],[-76.5942462756134,39.3005221757689],[-76.5942436463243,39.3004810200519],[-76.5943240501265,39.3004491784532],[-76.5942658502939,39.2994755396005],[-76.5941774202514,39.299445203806],[-76.5942569812022,39.2993866176161],[-76.5942555382968,39.2993687046523],[-76.5942525874441,39.2993320894354],[-76.5941799282279,39.2984304006259],[-76.5941094918064,39.2983828701779],[-76.5941588379803,39.2983487730729],[-76.5944536689888,39.2983355870514],[-76.5944690603746,39.2983774804245],[-76.5952701150064,39.2983408965603],[-76.5967539672932,39.2982847957705],[-76.5969997791177,39.2982637795623],[-76.5975644136482,39.2982453154501],[-76.5976022188357,39.2982262560731],[-76.5975953887656,39.2981315494259],[-76.5975270205521,39.2971834818055],[-76.5975731235583,39.2971519213007],[-76.597524806457,39.2971240034082],[-76.5974588705632,39.2961543850141],[-76.5974972970896,39.2961267633722],[-76.597451532221,39.2960988532814],[-76.5973976147547,39.2951862775933],[-76.597377032015,39.2951758969643],[-76.5973692444145,39.2950424894009],[-76.5973309882737,39.2950444795771],[-76.5971244089716,39.2950552344334],[-76.5970907878267,39.2950012474066],[-76.5970376705948,39.2950033567647],[-76.5970181820942,39.295058307416],[-76.5964014994966,39.2950722375743],[-76.5963442704908,39.2950193158967],[-76.5962896786802,39.295021420751],[-76.5962613323624,39.2950774866067],[-76.5960724803409,39.2950837147653],[-76.5960255768149,39.2950308284314],[-76.5959532639901,39.295036310394],[-76.5959323066278,39.2950901100496],[-76.5957139260336,39.2951008209374],[-76.595677336102,39.2950502623875],[-76.5956227377162,39.2950535126758],[-76.59561360603,39.2951027681111],[-76.5949643392518,39.2951395020014],[-76.5949070981722,39.295088872013],[-76.5948392111328,39.2950943694512],[-76.5948138204242,39.2951492993867],[-76.5942529746516,39.2951684325642],[-76.5941811720042,39.2951173141611],[-76.5941218259347,39.2951729076137],[-76.5939595521368,39.2951784432354],[-76.593957386267,39.2950952776129],[-76.5939381384095,39.2946063714496],[-76.5938784344765,39.2945665811875],[-76.5939340906393,39.2945283543565],[-76.5939146693361,39.2939950805709],[-76.5939105738049,39.2939252142752],[-76.5938236626288,39.2939272422937],[-76.5938074421404,39.2938817816012],[-76.5937630279836,39.2938614248858],[-76.593690623074,39.2938643379695],[-76.5934595488113,39.2938736352057],[-76.5934242420867,39.2938750506223],[-76.5928619796377,39.2938977014085],[-76.5928408395844,39.2939658120819],[-76.5927763555955,39.2939685187567],[-76.592770774487,39.2939013756698],[-76.592769137117,39.293881680279],[-76.5926568129728,39.2939059653999],[-76.5920414748932,39.2939289569693],[-76.5919912136669,39.2939308343593],[-76.5919522939768,39.294003110394],[-76.5918799936316,39.294006145229],[-76.5917908343299,39.2938796912187],[-76.5917798068839,39.2937011645708],[-76.5917708144327,39.2935555857854],[-76.5912737270398,39.293570961993],[-76.5912795263377,39.2936589351015],[-76.5912993974452,39.2939603940877],[-76.5912191915347,39.2939601420637],[-76.5907203189125,39.2939784209834],[-76.5906676812646,39.2940570225848],[-76.5906093889124,39.2940594704076],[-76.5905856793397,39.2940604290642],[-76.5905783560035,39.2940765739894],[-76.5893252400487,39.294121798856],[-76.5893247181108,39.294111435587],[-76.5893238135709,39.2940934730682],[-76.5893798518612,39.2940684971983],[-76.5893866381439,39.2940654727444],[-76.5893932464571,39.2940601498289],[-76.5894288467865,39.2940314724392],[-76.5894275425685,39.2940092551343],[-76.5893891487021,39.2933548095622],[-76.5893714502757,39.2930531271688],[-76.5893617327566,39.2928874865828],[-76.5893577086566,39.2928188823046],[-76.5893576736518,39.2928183210084],[-76.5893576080444,39.2928172389656],[-76.5893575444217,39.2928162145785],[-76.5893004384107,39.2918855390889],[-76.5892963634544,39.2918191315654],[-76.5892081674766,39.2917968284261],[-76.5892036076756,39.2917062680021],[-76.5892005275807,39.2916376291624],[-76.5892882658086,39.2916122246118],[-76.589285457299,39.2915667389794],[-76.5892732620367,39.2913692306352],[-76.5892719955175,39.2913487275904],[-76.5892694232135,39.2913399289718],[-76.5892644422834,39.29132289258],[-76.5894962699479,39.2913152798615],[-76.5894975673267,39.2913152375553],[-76.589500585274,39.2913151382079],[-76.5895115312673,39.2913147792197],[-76.5895090336475,39.2912764431143],[-76.589506887558,39.2912440658696],[-76.5895042887053,39.2912047953204],[-76.5895020476724,39.2911707972742],[-76.5895003911725,39.2911455611707],[-76.5894903727295,39.2911458900708],[-76.5894897907092,39.2911459087546],[-76.5894890764568,39.2911349250815],[-76.5894867388475,39.2910993890977],[-76.5894847569427,39.2910692904492],[-76.589482579319,39.2910365563905],[-76.5894804717265,39.2910037397062],[-76.5894781319001,39.290968588338],[-76.5894760536118,39.2909371183931],[-76.5894739096607,39.2909045763126],[-76.5894716023408,39.2908696178198],[-76.5894696863238,39.2908407552434],[-76.5893611372173,39.290844320299],[-76.5892331634621,39.2908485226329],[-76.5892327711126,39.2908426113676],[-76.5892322528678,39.2908348197736],[-76.5892316605338,39.2908258100917],[-76.5892201750898,39.2906511006422],[-76.5891452673473,39.2906079399423],[-76.5891193885825,39.2905929472413],[-76.5891180766287,39.2904866384224],[-76.5891190477531,39.2904864841858],[-76.5892087373691,39.2904755662518],[-76.5894854003731,39.2904665520155],[-76.5894983099001,39.2904663899509],[-76.5894982916852,39.2904661322695],[-76.5894980198979,39.290462219314],[-76.5894971575941,39.2904497785905],[-76.589496292967,39.2904373387597],[-76.5894938534993,39.2904009791169],[-76.5894912168381,39.2903620390047],[-76.5894884797408,39.290322026635],[-76.589485910668,39.2902838271835],[-76.589476004856,39.2902829422495],[-76.589475035127,39.2902828559908],[-76.5894724792023,39.2902421857965],[-76.5894739168915,39.2902421313702],[-76.589495696735,39.2902413049154],[-76.5894953390255,39.2902358144265],[-76.5894940956905,39.2902124992818],[-76.5895236213523,39.2902024166428],[-76.5895231725092,39.2901946460088],[-76.5895189019786,39.2901572098616],[-76.5895100673686,39.2901575077698],[-76.5895079950455,39.2901185984513],[-76.5895057640809,39.2900768565846],[-76.589523433286,39.2900762598674],[-76.5895210397303,39.2900319655756],[-76.5895197997158,39.2900080757556],[-76.5895190665929,39.289994344691],[-76.5894666957214,39.289996083012],[-76.5894643757631,39.2899512962585],[-76.5895190085721,39.2899494829722],[-76.5895182754395,39.289935753709],[-76.5895167141363,39.2899062897553],[-76.5895157517081,39.2899063449419],[-76.5895139806522,39.2898654531968],[-76.5895132498502,39.2898517221397],[-76.589511434994,39.2898173985927],[-76.5895090443264,39.2897726079877],[-76.5894534546022,39.2897747494049],[-76.5894500099686,39.2897748796872],[-76.5893921768635,39.2897770888994],[-76.5892770067189,39.2897815152782],[-76.5892774151831,39.2897902486869],[-76.5891901269355,39.2897931844159],[-76.5891724601164,39.289793781091],[-76.5891677651909,39.2897055666217],[-76.5891574197143,39.2895112127838],[-76.5890565520893,39.28944634024],[-76.5889332925877,39.2894511829588],[-76.5889292014714,39.2894636613041],[-76.5889106769791,39.2895216613672],[-76.58891083071,39.2895241371976],[-76.5889167753917,39.2896200647727],[-76.5889276715598,39.2897958891909],[-76.5887650368461,39.2898025413932],[-76.5886930494112,39.2898055005885],[-76.5886259385865,39.2898082588321],[-76.5886263278506,39.2898144925632],[-76.5886286501886,39.2898525803828],[-76.5885737700482,39.2898544761595],[-76.5885560997155,39.2898550754321],[-76.5885588119236,39.2898992852917],[-76.5885450301627,39.2898997576628],[-76.5885440022255,39.2898821288648],[-76.5884909926501,39.2898842770623],[-76.5884900552436,39.2898692283613],[-76.5884874527462,39.2898610646522],[-76.5884789354448,39.2898614203423],[-76.5884169494139,39.2898639478086],[-76.5883670494698,39.2898659690283],[-76.5883662817972,39.2898522378341],[-76.5883642882394,39.2898182424191],[-76.5883444263561,39.2898189681941],[-76.5883435891294,39.2898052385573],[-76.5883420079772,39.2897794793474],[-76.5883397352245,39.289742461799],[-76.5882779060395,39.2897447447342],[-76.5882282866368,39.2897465759165],[-76.5881942195127,39.2897478481779],[-76.5881923502237,39.2897214141857],[-76.5881803441777,39.2895515929764],[-76.5881008963432,39.289467557133],[-76.5880740098825,39.289466913395],[-76.5880099116876,39.2895575466297],[-76.5880105771845,39.2895575228415],[-76.5880288715624,39.2898292926812],[-76.5879854980431,39.2898308619244],[-76.5879249618572,39.2898330384153],[-76.5878582042744,39.2898354398573],[-76.5878044922388,39.2898373916168],[-76.5877444511528,39.289839542729],[-76.5876811577096,39.2898418472349],[-76.587625181691,39.2898438197907],[-76.5875619253486,39.2898461216602],[-76.5874976441363,39.2898484514237],[-76.5874336807032,39.2898507516422],[-76.5873024378696,39.2898636480483],[-76.5871836822541,39.2898616805872],[-76.5871566299,39.2898626286031],[-76.5871295787096,39.2898635757161],[-76.5870738497185,39.2898655209539],[-76.5870102041708,39.2898677689142],[-76.5869507291846,39.2898698378403],[-76.5868808657018,39.2898723115775],[-76.5868108584961,39.2898747820655],[-76.5867485566989,39.2898769796639],[-76.586722044298,39.2898821414397],[-76.5867096329337,39.2898845568551],[-76.5866829771737,39.28994456278],[-76.5862434200369,39.2899621530474],[-76.586112441143,39.2899756318474],[-76.5859932790048,39.2899733789123],[-76.5859689329429,39.2899743794287],[-76.5859212553422,39.2899763371829],[-76.5858507493044,39.2899792476147],[-76.5857806027641,39.2899821304474],[-76.5857093918179,39.2899850617287],[-76.5856388175364,39.2899879438691],[-76.5855446376479,39.2899918668398],[-76.5854716944299,39.2899948756364],[-76.5853889863427,39.2899982849929],[-76.5853805184183,39.2898703992179],[-76.585371138751,39.2897287456821],[-76.5853117738036,39.2897262788322],[-76.5853072523148,39.2896579968544],[-76.5852947384977,39.2896071488256],[-76.5852480476559,39.2896084972715],[-76.5852472551061,39.2896588011072],[-76.5852491652345,39.2896885699142],[-76.5850726046117,39.2896933672165],[-76.5850708052926,39.2896656732518],[-76.5850205846535,39.2896676333677],[-76.5846824593365,39.289680829037],[-76.5846825438483,39.289681837288],[-76.5845962249023,39.2896273134476],[-76.5845519431839,39.2896285917694],[-76.5844429626471,39.2896308815774],[-76.5844413012392,39.2896062029386],[-76.5843243929728,39.2878692987991],[-76.5842651879686,39.2869633935889],[-76.5842059856303,39.2860574890096],[-76.5842502380135,39.2859645157902],[-76.5843068773127,39.2859621895951],[-76.5843304185682,39.2859612226094],[-76.5843963243292,39.2860120174059],[-76.5844516403989,39.2860499847761],[-76.5844542594676,39.2860912309517],[-76.5844796284714,39.2860902983252],[-76.5846995707984,39.2860822162073],[-76.5847590073971,39.2860800365994],[-76.5847575625505,39.2860583564425],[-76.584756116551,39.2860366753805],[-76.5847660721101,39.2860362773051],[-76.5847914195474,39.2860352625657],[-76.5847954108382,39.2860939973847],[-76.5848471892457,39.2860920140528],[-76.5848956553435,39.2860901577108],[-76.5849416334392,39.2860883970464],[-76.5850015830399,39.2860861011284],[-76.5849976848005,39.2860274801417],[-76.5849927148385,39.2859527344196],[-76.5850124169643,39.2859331701011],[-76.5850356289432,39.2859322153223],[-76.5850649240345,39.2860223959622],[-76.5850654307056,39.2860239569719],[-76.5850654843026,39.2860247020918],[-76.5850692403036,39.2860773307013],[-76.5851213157899,39.286075086176],[-76.5851290675856,39.2861918794002],[-76.5851294833817,39.2861980790155],[-76.5851296198185,39.2862001188237],[-76.5851765827156,39.2861984444153],[-76.5852245346244,39.2861967194346],[-76.5852316727047,39.2861964699056],[-76.5852682815732,39.2861951444282],[-76.5852764444458,39.2861948705909],[-76.5853200859052,39.2861932969943],[-76.5853665179387,39.2861916197354],[-76.585408111822,39.2861901469703],[-76.5854519283128,39.2861885712402],[-76.5854625306786,39.2861881717852],[-76.5854960289402,39.2861869685728],[-76.585505711837,39.2861866199151],[-76.5855569179173,39.286184796388],[-76.5855976946393,39.2861833206728],[-76.5856443028349,39.2861816448264],[-76.5856873447167,39.2861801230242],[-76.585728972363,39.286178622341],[-76.5857395722603,39.2861782480737],[-76.5857388823706,39.2861691551457],[-76.5857256624516,39.2859949343821],[-76.5857672806655,39.2859507627291],[-76.5857942007402,39.2859221908856],[-76.5858667599129,39.2859207118422],[-76.5858969467104,39.2859397243652],[-76.5859320659184,39.285961843882],[-76.585974703702,39.285988427044],[-76.5859779833095,39.2860318364407],[-76.5859950710359,39.2862580267823],[-76.5862666875424,39.2862498031635],[-76.5862761312997,39.2862495175543],[-76.5862756206551,39.286241279184],[-76.5862739368637,39.2862139828538],[-76.5862715805835,39.2861755921657],[-76.5863245503171,39.2861740492482],[-76.586379956918,39.2861724329178],[-76.5863794740851,39.2861641937449],[-76.5863789658717,39.2861561328337],[-76.5863711760289,39.2860292113905],[-76.5864244938748,39.286025993335],[-76.5864215548289,39.2859698492694],[-76.5864452289576,39.2858923985818],[-76.586465034477,39.2858916125813],[-76.586494366838,39.2859699407576],[-76.5864978835273,39.2860292061949],[-76.5865488151833,39.2860269119726],[-76.5865570152055,39.28618314926],[-76.5865736792317,39.2861828286877],[-76.5866216971392,39.2861819032461],[-76.5866766415415,39.2861808346144],[-76.5866717210126,39.2861022726164],[-76.5866629351475,39.2859619938835],[-76.586674821181,39.2859603008372],[-76.5866789173744,39.2859597171436],[-76.5869271967731,39.285950638834],[-76.5870328508035,39.2858788448206],[-76.5870411852657,39.2858652149574],[-76.5870401868884,39.2858501488969],[-76.5870548969711,39.285844187118],[-76.5870226013157,39.285262513325],[-76.5869988551487,39.2848348188526],[-76.5869729537633,39.2848358969743],[-76.5869703422091,39.2847965010377],[-76.5868597148552,39.2847496839908],[-76.5868614083331,39.2847198188499],[-76.5868634505347,39.284683810832],[-76.5869620579305,39.2846715288995],[-76.5869584096709,39.2846164911714],[-76.5869575785749,39.2846039550348],[-76.5869816843464,39.284598317247],[-76.5869726349227,39.2843869673564],[-76.5869613679016,39.2843797369495],[-76.5869717021897,39.2843705864054],[-76.5869415568061,39.283986193305],[-76.5869287412962,39.283803590593],[-76.5869039400653,39.2837947461581],[-76.5869021681601,39.2837680196908],[-76.5868653530739,39.2832158277892],[-76.5863080652482,39.2794181272125],[-76.5880769853375,39.2769913097469],[-76.5892949883195,39.277662610227],[-76.5936426883038,39.2779213529631],[-76.6006664044925,39.2761182854019],[-76.6022969529706,39.278803647738],[-76.6023666278982,39.2789154864533],[-76.6041221794515,39.281733262405],[-76.6065628267558,39.2827935479449],[-76.6065977988206,39.2827335508889],[-76.6066015773377,39.282727068145],[-76.6071195889051,39.2822588497251],[-76.6071071420069,39.2819547403492],[-76.6071033248725,39.2818662879975],[-76.6071024465467,39.2818459467384],[-76.6070832916964,39.2814771040849],[-76.6070485845931,39.2809478825657],[-76.6070557992124,39.2809477238461],[-76.6070541465337,39.2809159006673],[-76.6072569109427,39.2809052670214],[-76.6074673111615,39.2808964726798],[-76.6074903276469,39.2808955110142],[-76.6075286406719,39.2808298437051],[-76.6075462720634,39.2807151589227],[-76.60964390834,39.2806249437429],[-76.609661574016,39.2806243160682],[-76.609780910478,39.280632801429],[-76.6097985537348,39.280652266077],[-76.6098164204937,39.2806719773728],[-76.6099121011742,39.2806704125721],[-76.6099570290826,39.2806320721695],[-76.6099479511853,39.280499137156],[-76.6099426533311,39.2804215593683],[-76.6104169414313,39.2804025887989],[-76.610845874198,39.280385430623],[-76.6108670895537,39.2803747142725],[-76.6108826460057,39.2803668562086],[-76.6109913023762,39.2803617250583],[-76.6110040946806,39.2803612458816],[-76.6110131924767,39.2803609021939],[-76.6110185015436,39.2804552503721],[-76.6111069303508,39.2804515005543],[-76.611110147942,39.2804929120721],[-76.6111359099802,39.2805782194404],[-76.6111541953758,39.2806387662013],[-76.6112279564304,39.2806592459958],[-76.6112727786104,39.2806565704478],[-76.6113068110474,39.2806340946399],[-76.6113953505534,39.2805657359526],[-76.6114141853559,39.280551194195],[-76.6114620977032,39.2805490962784],[-76.6114738629053,39.2805480272564],[-76.6114710028867,39.2805073141232],[-76.6115410209137,39.2805039705751],[-76.611542505996,39.2805038998223],[-76.6115400825637,39.2804621873866],[-76.6115371988424,39.2804213516719],[-76.611534737302,39.2803870235634],[-76.6116314829445,39.2803828702914],[-76.6116412003064,39.2803824070005],[-76.6116415937893,39.2803882299322],[-76.6116932885274,39.280386012015],[-76.6117449486404,39.2803837669377],[-76.6117470189995,39.2804120802553],[-76.611796029531,39.2804098534205],[-76.6117903113802,39.2803250520145],[-76.6118203480276,39.2803236136801],[-76.6119060362869,39.2803199442806],[-76.6119056425204,39.2803139574099],[-76.6119608360723,39.2803115590728],[-76.6120120719871,39.2803093025684],[-76.6120748281931,39.2803070930967],[-76.6120752173691,39.2803126502877],[-76.6121233810116,39.2803105574355],[-76.6122116813459,39.2803067306982],[-76.6122386413793,39.2803056117788],[-76.6122982527185,39.2803030630274],[-76.6123618563985,39.2803001707192],[-76.6125434067853,39.2802923683076],[-76.6125548905693,39.2802918846459],[-76.6125634624038,39.2804211741949],[-76.6125662893005,39.2804638220299],[-76.6126356522238,39.2804868310889],[-76.612637151806,39.2805218901209],[-76.6126446081682,39.2805757307854],[-76.6126457893992,39.2805839739583],[-76.6127578211655,39.2805792396326],[-76.6127814324971,39.2808366356723],[-76.6127450602901,39.280877600453],[-76.6127879589519,39.2809077724048],[-76.6129004225919,39.2821337827762],[-76.6128410774703,39.2821726514539],[-76.6128393352451,39.2822208986515],[-76.6129027398486,39.2822509795982],[-76.6129214890436,39.2825790918143],[-76.6129307253278,39.2827437617732],[-76.6129395173351,39.2828966086562],[-76.6129402894213,39.2829123006761],[-76.6129411554375,39.2829211859456],[-76.6129596888072,39.2831253326949],[-76.6129896669091,39.2834556733654],[-76.6129930187671,39.2834926705984],[-76.6129937308144,39.2835004618336],[-76.6129975840944,39.2835430670608],[-76.6129984141705,39.2835519567136],[-76.6129986649677,39.2835548507874],[-76.6129988281425,39.2835565970018],[-76.6129990796079,39.2835593685742],[-76.6129993750612,39.2835627879394],[-76.6129996131888,39.2835652423997],[-76.6130000582087,39.2835701404081],[-76.6130004273724,39.283574283328],[-76.6130241177034,39.2838200901418],[-76.6130536508026,39.2841265113305],[-76.6132666048619,39.2841145749371],[-76.613274168771,39.2841605377925],[-76.6132787344996,39.284160298809],[-76.6133447880444,39.2841568330344],[-76.6133887579485,39.2842160812449],[-76.6136194640263,39.2842019047926],[-76.614616169623,39.2841523285948],[-76.6146314173609,39.284089355018],[-76.6147058172901,39.2840854528682],[-76.6147522170845,39.2841458813279],[-76.6155640010723,39.2841186689055],[-76.616398064994,39.2840719924182],[-76.6164101652699,39.2840214793822],[-76.6164693185912,39.2840182262188],[-76.6164986250949,39.2840665757073],[-76.617588481911,39.2840138320656],[-76.6176065381401,39.283955296297],[-76.6176789898758,39.283953234286],[-76.6177393186954,39.2840062810148],[-76.6181784723605,39.2839927728572],[-76.6187049847464,39.2839542712829],[-76.6189281426384,39.2838869230764],[-76.6189219213495,39.2840262083866],[-76.6189743684128,39.2840425498937],[-76.6190118387173,39.2840542245982],[-76.6190115784205,39.2841026946376],[-76.6189759933803,39.284133631172],[-76.6189380734568,39.2841665994455],[-76.6189396490237,39.2842131379006],[-76.6189533050714,39.2846164918716],[-76.6189557799516,39.2846896020976],[-76.6189785519724,39.2850431833831],[-76.6190059885102,39.2852640111444],[-76.6192219067714,39.2852545965973],[-76.619238624961,39.2852672191108],[-76.6194038766602,39.285263066175],[-76.6198506166067,39.2852500717446],[-76.6202939277218,39.2852349252245],[-76.6205265734873,39.2852313983809],[-76.6205396586502,39.2852311433994],[-76.6206208728881,39.2852295636611],[-76.6206524491118,39.2851922209905],[-76.6206548710129,39.2851921153157],[-76.6206903988829,39.2852271138223],[-76.6213725722274,39.2852041761481],[-76.6219176126318,39.2851798546279],[-76.6220458011832,39.2851919743356],[-76.6221813279892,39.2852284659815],[-76.6222550746088,39.2852749121998],[-76.622331163693,39.2853372814509],[-76.622344282175,39.2853331648125],[-76.622385283598,39.2853495445517],[-76.6224719171709,39.2853315357581],[-76.6225351470775,39.2853626224488],[-76.622592788723,39.2853767775593],[-76.6226412295243,39.2853711025541],[-76.6234456599626,39.2849170746147],[-76.6234475908849,39.2849719074369],[-76.6234531902779,39.2851309133374],[-76.6233592422236,39.2852004418559],[-76.6233594706952,39.2852017270738],[-76.6233600000302,39.2852162058041],[-76.6233653124807,39.2853613273469],[-76.6233687674235,39.2854557030567],[-76.6233691558662,39.2854694300993],[-76.6233707446142,39.2855029038714],[-76.6233727637182,39.2855350053623],[-76.6233731509888,39.2855487351031],[-76.6233739601722,39.2855624643951],[-76.6233755438097,39.2855971199483],[-76.6233764606762,39.285614582339],[-76.6234708972355,39.2856337199905],[-76.6234739090748,39.285719232582],[-76.6233835620413,39.2857458802156],[-76.6233851801667,39.2857781893949],[-76.6233871320978,39.2858231652442],[-76.6234031498373,39.2861336269214],[-76.6234641190769,39.2861647842198],[-76.6234896207968,39.2861653893014],[-76.6235270321338,39.2861640625823],[-76.6235864493435,39.2862103061902],[-76.6241498226619,39.2861998822389],[-76.6246681751173,39.2861730079772],[-76.6247096022034,39.2861356281492],[-76.6247103367412,39.286135253077],[-76.6247113770186,39.2861364616185],[-76.6247395279147,39.286169159993],[-76.6254058044181,39.286139493274],[-76.6258160666394,39.286120421103],[-76.6258604878956,39.2860813425655],[-76.6258779742889,39.2861173566289],[-76.6263354582709,39.2860951722738],[-76.626691155208,39.2860791842213],[-76.6271870906506,39.2860550307759],[-76.6271977704009,39.2860354415963],[-76.627405508824,39.2860240557152],[-76.6274716508781,39.2860198184312],[-76.6274985458073,39.2860817931884],[-76.6274507464012,39.2861264409409],[-76.6276438025866,39.2864717219128],[-76.6277557506395,39.28667448302],[-76.627931989563,39.2870805925609],[-76.6279325189588,39.2872057431908],[-76.627873507412,39.2873450867593],[-76.6278997689454,39.2873903061489],[-76.6278997050904,39.2878201442661],[-76.6278887657162,39.28788479501],[-76.6278624872631,39.2880113631586],[-76.6278566206929,39.2880387988444],[-76.6278085978272,39.2882694358723],[-76.6279125423619,39.2883213787075],[-76.6279064814339,39.2883969170699],[-76.6277722900086,39.2884556872011],[-76.6276409459522,39.2889188822359],[-76.6277021084544,39.288954000351],[-76.6276921241192,39.2890051300727],[-76.627690885323,39.2890114710997],[-76.6276875405526,39.2890285956557],[-76.6276836918952,39.2890483046963],[-76.6276317112549,39.2890500072174],[-76.6275400113688,39.2891313640982],[-76.6273738533739,39.2897290317872],[-76.6273232339858,39.2900332865694],[-76.6273228505018,39.2900332484217],[-76.6274321179645,39.290080975864],[-76.627420142574,39.2901644058777],[-76.6272930033596,39.2902423533627],[-76.6272887741029,39.2902874752083],[-76.627259421461,39.290582004326],[-76.6272660961182,39.2911606427584],[-76.6272752080833,39.2917557186712],[-76.6273227957501,39.2920502071173],[-76.6273652013575,39.2926028113971],[-76.6274969706458,39.2926404054017],[-76.6275838391246,39.2926961216204],[-76.627588221186,39.2927428849012],[-76.6275428368548,39.2927927871931],[-76.6274574648002,39.292813888811],[-76.6275284833739,39.2934544436408],[-76.6275984769895,39.293544145102],[-76.6276641672519,39.2935405205822],[-76.6276727796818,39.2936146217705],[-76.6276131511797,39.2936186429272],[-76.6276182991918,39.2937858238437],[-76.6276681864249,39.2938108122716],[-76.6276660012483,39.2938638212981],[-76.627607536581,39.2938845903432],[-76.6275884500394,39.2943272616926],[-76.6276414671753,39.2943406240494],[-76.627635253438,39.2943808574515],[-76.6275876259362,39.2943901680548],[-76.6275513583536,39.2945989578922],[-76.6275992478469,39.2946139632076],[-76.6275897796165,39.2946752586309],[-76.6277031554272,39.2946682839858],[-76.6277302755521,39.2947171694114],[-76.6275916734236,39.295136370948],[-76.627497050144,39.2953512720324],[-76.6273297905873,39.2956248828583],[-76.6271487269172,39.2958395094133],[-76.6267659248817,39.2961741172842],[-76.6262008145179,39.2966232833842],[-76.626132957743,39.2965994856289],[-76.6261022068658,39.296588701178],[-76.6260578524092,39.2966365352848],[-76.626066352619,39.2966549305952],[-76.6260927358029,39.296712035243],[-76.6249410314543,39.2976651168628],[-76.6240890004631,39.2983497755554],[-76.6240442879734,39.2983253687831],[-76.6240259556336,39.2983153612532],[-76.6239896545112,39.298347702982],[-76.6239995346121,39.2983646634391],[-76.624019863522,39.2983995580877],[-76.6238179140719,39.2985840110329],[-76.6234100968326,39.2989673622605],[-76.6233569787921,39.2989556884196],[-76.6233317197156,39.2989825319848],[-76.6233498118679,39.2990255588166],[-76.6230867463369,39.2993475088182],[-76.6227828230719,39.2996576063854],[-76.6227278220933,39.2996243134483],[-76.6227036678241,39.2996499831325],[-76.6226528382361,39.2996931589324],[-76.6226214688771,39.2997198043665],[-76.6226618064846,39.2997479114408],[-76.6225261348625,39.2998834638657],[-76.6221632906782,39.3001726665823],[-76.6218541272014,39.3004171931461],[-76.6218103377447,39.3003882991378],[-76.6217766832839,39.3004152711685],[-76.6217289869943,39.3003815761285],[-76.621691367325,39.3004116375764],[-76.6217365854774,39.3004474081044],[-76.6217233611959,39.3004580061729],[-76.6217085077182,39.3004714904248],[-76.6217413933065,39.3004997881956],[-76.621506690005,39.3007091870968],[-76.6210741782992,39.301022867924],[-76.6208835835802,39.3011610957761],[-76.6205351966892,39.3014315403465],[-76.6204045777858,39.3015758646532],[-76.6203338270856,39.3016984164211],[-76.6202419585954,39.3017111498798],[-76.6202480531199,39.3017503840254],[-76.6202772087706,39.3018709860007],[-76.6201708827987,39.3019508331044],[-76.620086430913,39.3020032948737],[-76.6201497010918,39.3023162745872],[-76.6202631275644,39.3028589903607],[-76.6203156544144,39.3031400808278],[-76.6202961604858,39.3031572042666],[-76.6203367436987,39.3033921598946],[-76.620322611199,39.3033918656203],[-76.62038597747,39.3038263826183],[-76.620400051064,39.3038249184182],[-76.6204245948374,39.3040327778443],[-76.6203831201555,39.3040368170603],[-76.6203968751062,39.3041475329046],[-76.6205556763919,39.3041428304487],[-76.6206978450724,39.3041901305864],[-76.6207011997376,39.3042197330556],[-76.6207023394236,39.3042323076869],[-76.6206240203604,39.3042460471897],[-76.6206315531627,39.3043153738838],[-76.6207099777425,39.3043166052829],[-76.6207153276178,39.3043718145795],[-76.6205868935885,39.3044175645845],[-76.6203542662827,39.3044299282073],[-76.6203609033168,39.3044963092514],[-76.6205944273127,39.304483898068],[-76.6206285417955,39.304784278835],[-76.6206642919944,39.3050973267699],[-76.620774648956,39.306063664254],[-76.6207791024882,39.3061026642304],[-76.6208957724406,39.3061401959681],[-76.6209107647594,39.3062578145567],[-76.6208382513504,39.3063148812576],[-76.6208478239615,39.3063629665528],[-76.6208881243091,39.3065654143745],[-76.6208358236321,39.3065983024478],[-76.6208483751565,39.3067820997598],[-76.6208544403677,39.3068707707758],[-76.6209099647547,39.3068831668638],[-76.6208956964366,39.3071920754094],[-76.6208953366624,39.3071997315695],[-76.6208953602786,39.3072085446355],[-76.6208919733128,39.3072539173627],[-76.6208747807764,39.3072960361563],[-76.6209530671215,39.3073738608572],[-76.6209377309593,39.3074370056708],[-76.6208792207709,39.3074119875911],[-76.620830763155,39.307554155968],[-76.6208887397575,39.3076078677069],[-76.6208732707469,39.3076500794298],[-76.6206667317962,39.3076482193662],[-76.6206297269799,39.3078065949792],[-76.6205303675688,39.308114016237],[-76.6205157689553,39.3081471339931],[-76.6204959046775,39.3081805662189],[-76.6204779327508,39.3082040088743],[-76.6204747999176,39.3082081179088],[-76.6204716682483,39.3082122260462],[-76.6203748513827,39.3085053657739],[-76.6203559600418,39.308562565734],[-76.6201696036006,39.3089566734056],[-76.6201666742894,39.3089673694084],[-76.620153421449,39.3090474694292],[-76.6201523740705,39.309047971367],[-76.6200662653307,39.3091555493707],[-76.6201171576995,39.309199404116],[-76.6200885533416,39.3092571869366],[-76.6200117890306,39.3092577710281],[-76.6200105187203,39.3092570319044],[-76.6199688109955,39.309232798234],[-76.6197799065731,39.3091230345909],[-76.6192607921973,39.3088382095798],[-76.6192449278785,39.3088309377256],[-76.6186427784997,39.3085110275817],[-76.6178484816593,39.3081858506817],[-76.6178349638253,39.3080246246874],[-76.6177367948702,39.3079275426473]]]},"properties":{"OBJECTID":4,"DistrictNumber":1,"Dist_Abbr":"CD","Dist_Alt":"CENTRAL","Dist_Name":"Central","DistrictName":"Central","District":"1","Shape__Area":88317137.891296387,"Shape__Length":54916.849786935243}},{"type":"Feature","id":5,"geometry":{"type":"Polygon","coordinates":[[[-76.5624079692224,39.3289346426322],[-76.5621773578471,39.3287768792014],[-76.562137509221,39.3287496595677],[-76.5619188605785,39.3286000739691],[-76.5618985929032,39.3285862079165],[-76.5618283368328,39.3285608645985],[-76.5617916076833,39.3285142335578],[-76.5615071718641,39.3283202470299],[-76.5614894207695,39.3283081233401],[-76.5614673595266,39.3282930561227],[-76.5613880833324,39.3282389764184],[-76.5613481991862,39.3282117843011],[-76.561407216224,39.3281634629994],[-76.5614508842341,39.3281277426709],[-76.56149639796,39.3280904366819],[-76.5615387150882,39.328055782275],[-76.5615840153039,39.3280186664146],[-76.5616257633349,39.3279845025646],[-76.5616718117479,39.3279467877578],[-76.5617132042681,39.32791289728],[-76.5617593584717,39.3278751269863],[-76.5617804633964,39.3278578265593],[-76.5618015683108,39.3278405261285],[-76.5615574500123,39.3276614325836],[-76.5614935687449,39.3276031534064],[-76.5614323976,39.3275843120348],[-76.5613601891917,39.3275309171178],[-76.561318208207,39.3274998466251],[-76.5612815759363,39.3274727512845],[-76.5612427280049,39.3274440506277],[-76.5612063428033,39.3274171462441],[-76.5611660164117,39.3273872888803],[-76.5611287154803,39.3273597514272],[-76.5610873673663,39.3273291480008],[-76.5610524255171,39.3273032920291],[-76.5609909843989,39.3272578727168],[-76.5609285921582,39.3272117337203],[-76.5608909430464,39.3271838913354],[-76.5608567378528,39.3271585884155],[-76.5608208471137,39.3271320415537],[-76.5607853408963,39.3271057708469],[-76.5607489547036,39.327078895138],[-76.5607127812627,39.3270521283028],[-76.560676924091,39.3270256094446],[-76.5606414527672,39.3269993397243],[-76.5605382072071,39.3269230031993],[-76.5605109775639,39.3269028713547],[-76.5605280810367,39.3268586678216],[-76.5605798135023,39.3267223116513],[-76.5606236452416,39.326609004102],[-76.5606520420938,39.3265362141426],[-76.5606808032573,39.3264617069007],[-76.5607872519859,39.326217087385],[-76.5609141930104,39.3258615877829],[-76.5608301834605,39.325778494734],[-76.5608262470676,39.3257594264013],[-76.5608096423421,39.3256821842507],[-76.5609125329091,39.3256315112934],[-76.561102463949,39.3255171296768],[-76.5611586075176,39.3254837745557],[-76.5614437214523,39.3253210782456],[-76.5615683149853,39.3253348516915],[-76.5615847992739,39.3252244403367],[-76.5620582811331,39.3249388022415],[-76.562200712165,39.3249444887671],[-76.5622002257316,39.3248542279011],[-76.5624731158606,39.3246774155871],[-76.5629902522695,39.3243686031048],[-76.56338981129,39.3241269810723],[-76.5633599266362,39.3241030018973],[-76.5629309374775,39.3237587140499],[-76.5625969193342,39.3234911304209],[-76.5620542799793,39.3230576533192],[-76.56206155569,39.3230299156027],[-76.5620454037284,39.3229536084319],[-76.5619491036046,39.3229461308995],[-76.5619181303619,39.3229701133162],[-76.5618575886641,39.3229170377281],[-76.5618159594818,39.3228810532586],[-76.5617419837138,39.322805303295],[-76.5615142860571,39.3225288333172],[-76.5614170959867,39.3224002276727],[-76.5613765366824,39.3223458536406],[-76.5612112769701,39.3221243881645],[-76.5611649643115,39.3220629621903],[-76.561082265763,39.32194036884],[-76.5609329442338,39.3216859624362],[-76.5608410960336,39.3214829469259],[-76.560768263618,39.3212745095982],[-76.5606705543922,39.3209853734355],[-76.5606015327973,39.3207838148616],[-76.5605865892434,39.3207482593672],[-76.5605715434437,39.3207119891899],[-76.5605464186013,39.3206710973855],[-76.5605042284483,39.3206166727824],[-76.5605013580152,39.3206129707574],[-76.5604704336397,39.3205883708086],[-76.5604155353691,39.3205446995905],[-76.5603464616587,39.3205000466411],[-76.5602590321467,39.3204627922254],[-76.5601565945648,39.3204348431178],[-76.5600772880751,39.3204216150612],[-76.5599851761169,39.3204155603568],[-76.5599028192741,39.3204209069273],[-76.5598476009155,39.3204277566528],[-76.5597166605172,39.3204415710779],[-76.5596788989201,39.3204435157568],[-76.5595659308608,39.3204493247856],[-76.5594133152706,39.3204477916587],[-76.5592787524414,39.3204355917414],[-76.5591650541396,39.320422315165],[-76.5590067772611,39.3203929756045],[-76.5589139808683,39.3203720640515],[-76.5587772016716,39.3203301213369],[-76.558640019058,39.3202796107721],[-76.558525840437,39.3202297350181],[-76.5583409391318,39.3201280324141],[-76.5581653468299,39.3200073675972],[-76.558038266812,39.3198955015703],[-76.5579203405909,39.3197780203],[-76.5578267999075,39.3196837989651],[-76.5577151890661,39.3195697920303],[-76.5576321858113,39.3194850059596],[-76.557543571196,39.3195386753304],[-76.557429470881,39.3194358776448],[-76.5575234666479,39.31937675293],[-76.5574162652767,39.3192683974201],[-76.5573068513205,39.3191578617534],[-76.557254558295,39.3191037978252],[-76.5570454569712,39.3188934177587],[-76.5566410661558,39.3184917081867],[-76.5565137193493,39.3183725126916],[-76.5563545312747,39.3182298582933],[-76.5557028636398,39.3176521597822],[-76.5556924731508,39.3176429490098],[-76.5556875104049,39.3175788451084],[-76.5556649148306,39.317557433397],[-76.5556299781198,39.3175249930091],[-76.5556052297332,39.3175020103352],[-76.5555155152988,39.3174711795903],[-76.5554372848504,39.3175237364115],[-76.5551565883176,39.3173183514134],[-76.5504355382714,39.3154155404336],[-76.5501708382788,39.3152272558166],[-76.5501397526348,39.3147731394244],[-76.5517638409037,39.3121285534263],[-76.5514567933313,39.3114007284436],[-76.551353757898,39.3113542388623],[-76.550214168827,39.3113156429694],[-76.5499267744869,39.3113197327657],[-76.5491610387361,39.3113289352126],[-76.5478900206125,39.3113442002066],[-76.5478102975336,39.3112711401801],[-76.5474925806011,39.3108709104093],[-76.547399760557,39.3107562558141],[-76.5473675230538,39.3105690803118],[-76.5473215921794,39.3104338239594],[-76.5472354893214,39.3103140067272],[-76.5471764878112,39.310128267416],[-76.5471433201965,39.3100661845775],[-76.5471236467442,39.3100293614427],[-76.5470110554938,39.309867873766],[-76.546898068192,39.3097738989534],[-76.5466844025736,39.3096176797368],[-76.5466471640143,39.309598865165],[-76.5459681820258,39.3091857331089],[-76.5456923015991,39.3090213107422],[-76.5454527738041,39.3089365869096],[-76.5451538652096,39.3088308576628],[-76.5450814032583,39.3088052361258],[-76.5450295901808,39.3087896064383],[-76.5449931131499,39.3087792794258],[-76.5449474181711,39.3087624636733],[-76.5449095103786,39.3087440044527],[-76.5448743054125,39.3087226444372],[-76.5448421619867,39.3086984967128],[-76.5448134213617,39.3086718643578],[-76.5447884756445,39.3086430767697],[-76.5447675423722,39.3086123834029],[-76.5447526652066,39.3085843761363],[-76.5447385883237,39.3085642797258],[-76.5445206267365,39.3082528625827],[-76.5445072514594,39.3082280732075],[-76.5444654106293,39.3081504872192],[-76.5444317054802,39.3080666445605],[-76.5443860081967,39.3079733956108],[-76.5443717011898,39.3079514345899],[-76.5443280190233,39.3078843802805],[-76.5442583718155,39.3078005639207],[-76.544177801832,39.3077228276031],[-76.5440872539907,39.3076520820355],[-76.5439876808697,39.3075891262619],[-76.5439372476193,39.3075619411006],[-76.5434892023089,39.3073206283071],[-76.5435702138898,39.3071811128202],[-76.5445649607963,39.3054685177435],[-76.5446276655227,39.3049803096377],[-76.5455244231541,39.3035695756384],[-76.545957609483,39.3029828137431],[-76.5461594408813,39.3026037610749],[-76.5461868650201,39.3025620510208],[-76.5461894934453,39.3025310480083],[-76.5461934687634,39.3024841463798],[-76.5463750601089,39.3024302020891],[-76.5464862187669,39.3023971805667],[-76.5465132570947,39.3024360770533],[-76.5465268394464,39.3024556174153],[-76.5465783675144,39.3024449729244],[-76.5465815459505,39.3024160455745],[-76.5465867026403,39.3023691070561],[-76.5476028035815,39.3020571298984],[-76.5477046761771,39.3020258513715],[-76.5477645405931,39.3020672366225],[-76.5477937196569,39.3020874088512],[-76.5477973019505,39.3020568841726],[-76.5478049776585,39.3019914942174],[-76.5489850044953,39.3016055826748],[-76.5504455789084,39.3011270909151],[-76.5505558365474,39.3011476312015],[-76.5507361860178,39.3010752611855],[-76.5507174167056,39.3010264826147],[-76.5511094655967,39.3008808022909],[-76.5526318898028,39.3003820048299],[-76.5527319627484,39.3004333274143],[-76.552735892959,39.3004353429638],[-76.5527368573713,39.3004316913502],[-76.5527598894937,39.3003444404145],[-76.5535745366765,39.3000866027156],[-76.5536138554416,39.3001615935682],[-76.5536154903029,39.3001610097814],[-76.5536310341681,39.3001725147949],[-76.5539817404832,39.3000711392522],[-76.5544083732455,39.2999503293927],[-76.5543908948483,39.2998728715861],[-76.554500894285,39.2998075836655],[-76.5545149922636,39.2998104555988],[-76.5546743055,39.2998429131242],[-76.5550295928411,39.2998291030126],[-76.5557964394068,39.2997993332357],[-76.5564371754909,39.2997744086239],[-76.5568483798188,39.2997584152844],[-76.5574578691854,39.2997347409099],[-76.5576307068053,39.2997280343729],[-76.5576079184273,39.299404524321],[-76.5576220205731,39.2994039468865],[-76.5576252060164,39.2994038219646],[-76.5582150355509,39.2993809181649],[-76.5583923445621,39.2993822729132],[-76.5585165102511,39.2993774673873],[-76.5596809810225,39.2993321710531],[-76.5596915856934,39.2993317423998],[-76.5597021890259,39.2993313425648],[-76.5598253295293,39.2993265624404],[-76.5596945876281,39.298916329348],[-76.5596419025016,39.2987510711769],[-76.5596393035076,39.2987428248836],[-76.5596947333039,39.2987675504173],[-76.5602324601937,39.2989979097686],[-76.560243069928,39.2990024523802],[-76.5602112735761,39.2985512443303],[-76.5601825759486,39.2981438653012],[-76.5601713262644,39.2979841724024],[-76.5602140938624,39.29791128082],[-76.5602441738579,39.2978541203549],[-76.5602942313543,39.2978382039088],[-76.560311873217,39.297833023002],[-76.5604252381851,39.2979101775816],[-76.5614869596519,39.2976290994277],[-76.5615317132891,39.297617251211],[-76.5615846286693,39.2979429573935],[-76.5619942426629,39.297834514018],[-76.5619941319171,39.2977867408738],[-76.5619989074631,39.2976939344096],[-76.5620031779847,39.2975344094309],[-76.5620033702973,39.2975261699905],[-76.5620040060142,39.2975033849204],[-76.5620043388635,39.2974896585707],[-76.5622396250298,39.29742285773],[-76.562238172928,39.2975262776438],[-76.5622380525449,39.2975345128487],[-76.5622360658891,39.2976732648988],[-76.562322526555,39.2979029746718],[-76.562333165591,39.2979025756339],[-76.5630333962112,39.2978760793354],[-76.5630259119129,39.2977887425958],[-76.5629907437801,39.2975265796768],[-76.562975446296,39.2973942163712],[-76.562949938964,39.2972729610898],[-76.5629449006647,39.2972421102145],[-76.5629398984084,39.2972366420048],[-76.5629348961529,39.2972311737948],[-76.5630491248892,39.2971076324025],[-76.5631432828916,39.297086805665],[-76.5632076673856,39.2971477914403],[-76.5632249052524,39.2973956655586],[-76.5635777523583,39.2973801199324],[-76.563718990001,39.297373889682],[-76.564215336777,39.2973318313899],[-76.5642143165812,39.297293719132],[-76.5642129825122,39.2971774413156],[-76.5643600435621,39.297178069569],[-76.5647174689743,39.2971762371661],[-76.5647164724154,39.2971487755917],[-76.5647065640915,39.2968748473266],[-76.5652178890358,39.2967980367139],[-76.5652955384738,39.2967863718491],[-76.5653227009824,39.2971861920331],[-76.5653458376168,39.297527546928],[-76.5653529044901,39.2976316280075],[-76.5654693604603,39.2976270613544],[-76.5655019001353,39.2981067149388],[-76.5663368004479,39.298073806088],[-76.5663533997798,39.2983581661712],[-76.5670633239292,39.2983301440274],[-76.5671215096264,39.2992987221931],[-76.5671244626228,39.2993478884359],[-76.5671562189002,39.2993640191382],[-76.5671863978085,39.2994045834354],[-76.5672667741811,39.2994014692179],[-76.5672702126757,39.2994516451934],[-76.5682801537683,39.2994181023755],[-76.5692449568364,39.2993835918326],[-76.5698243263675,39.2993526250995],[-76.5698152170089,39.299450202567],[-76.5698173365996,39.2994518659238],[-76.5698340089635,39.2995114869944],[-76.5698716683798,39.2994893292652],[-76.5699066669029,39.299468737212],[-76.5704485447168,39.2996231929331],[-76.5711081685869,39.2998426649713],[-76.5715991011592,39.3000138699525],[-76.5719934525298,39.300156132779],[-76.5720012841264,39.3002133388083],[-76.5720777717466,39.3001850291071],[-76.5725377614628,39.3002904691943],[-76.5726505584592,39.3002750153407],[-76.5726503323702,39.300328125087],[-76.5725952387211,39.30037903557],[-76.5725947855201,39.3004434697345],[-76.5725946284812,39.3004658746486],[-76.5725948046896,39.3004749189123],[-76.572595161964,39.3004931632886],[-76.5725955526812,39.3005131687708],[-76.5726044609466,39.3009689718001],[-76.5726317204983,39.3023622297216],[-76.5726351432526,39.3025332331942],[-76.5727040015838,39.3029605170703],[-76.5727100410923,39.3029979952762],[-76.5727180832678,39.3040817350534],[-76.5726671128024,39.3041324956777],[-76.5726678440943,39.304169104251],[-76.5726800513491,39.304780464373],[-76.5721750768312,39.3048008107121],[-76.5721846736653,39.304955665246],[-76.5721481625326,39.3049858419133],[-76.5715090073635,39.3050115462589],[-76.5715151926557,39.3051111764396],[-76.5726032445912,39.3050673890173],[-76.5726670499802,39.3050648206258],[-76.5727254770718,39.3050781859673],[-76.5727260816616,39.3051596959524],[-76.5727931280903,39.3051584102471],[-76.5728092911958,39.3052129396448],[-76.572923765613,39.3052144141613],[-76.572937329915,39.3051556439684],[-76.572956759358,39.3051552714101],[-76.5729990911001,39.3051544596378],[-76.5730658461372,39.3052185272095],[-76.5733159854344,39.3052076439784],[-76.5733512283018,39.3052060974407],[-76.5733550893997,39.3053984061543],[-76.5734171614208,39.3053956950465],[-76.5734740377015,39.3053932379757],[-76.5735280484336,39.3053908830717],[-76.5735825891902,39.3053884994405],[-76.5736351200602,39.3053862165821],[-76.5736870466921,39.3053839630345],[-76.5736946822988,39.3053836340369],[-76.5737404219095,39.3053816309484],[-76.5737978283418,39.3053791206979],[-76.5737913087403,39.3052450633793],[-76.5737884875955,39.3051870380331],[-76.5738297219166,39.3051880658322],[-76.5738510290353,39.3051872117254],[-76.5740603346453,39.3051788234361],[-76.5740785001363,39.3051780957158],[-76.57412520414,39.3051328586942],[-76.5741505899724,39.3051082699332],[-76.5742147970506,39.3051067677538],[-76.5742550225475,39.3051294423649],[-76.5743255200486,39.3051691842998],[-76.5743261474475,39.3051691586491],[-76.574550595521,39.3051600929268],[-76.5745917567026,39.3051584296299],[-76.5748023521077,39.3051499239874],[-76.5748197011935,39.3051492229233],[-76.5748526603428,39.3051093143028],[-76.574879393836,39.3050770684148],[-76.5749334529031,39.3050733709113],[-76.5749685868348,39.3051046876456],[-76.5750134046982,39.3051446362275],[-76.5752242690716,39.3051361172905],[-76.5752621970027,39.305134581688],[-76.5754778995768,39.3051258663051],[-76.5754988066021,39.3051250212633],[-76.5755637017922,39.3050767291653],[-76.575603197967,39.305074873944],[-76.5756567919646,39.3050723562223],[-76.5757331246248,39.3051155448662],[-76.5762094561517,39.3050962923517],[-76.5762723015665,39.3050434391401],[-76.5763100534538,39.3050416656655],[-76.576355231819,39.3050392388823],[-76.5763553408394,39.3050392329701],[-76.5763865798745,39.3050575219876],[-76.5764370570908,39.3050870749645],[-76.5764372368395,39.3050870684064],[-76.5766191931742,39.3050797083231],[-76.5766547517637,39.305078271825],[-76.5768734448493,39.3050694331451],[-76.5768918921228,39.3050686879897],[-76.5769017599704,39.3050682893566],[-76.5769591334932,39.3050082559524],[-76.5769606441175,39.3050067165914],[-76.5769902093966,39.3050051278044],[-76.5770109026044,39.305004549249],[-76.5770948199809,39.305002200378],[-76.5770949568158,39.3050021963667],[-76.5771140338389,39.3050640281856],[-76.5778811641991,39.3050358734467],[-76.5779164738166,39.3050345725878],[-76.5783082932622,39.3050201918205],[-76.5783169858746,39.3051706522567],[-76.5783185932029,39.3051984743231],[-76.5784538917013,39.3052109200514],[-76.5785734208393,39.3052023196123],[-76.578591086538,39.3052015984096],[-76.5786271497148,39.3052001243917],[-76.5786496037991,39.3051992095743],[-76.5786607485054,39.3051987550214],[-76.5786804181528,39.3051979536176],[-76.5787275019067,39.3051960362779],[-76.5787785436511,39.3051939673685],[-76.5788282762719,39.3051919216681],[-76.5788803443941,39.305189802348],[-76.578928560031,39.3051878340382],[-76.5789795310406,39.305185764788],[-76.5790303953778,39.3051836960344],[-76.5790809768255,39.3051816253447],[-76.5791294405613,39.3051796578412],[-76.579181153886,39.3051775380178],[-76.5792316644416,39.305175494032],[-76.5792803393442,39.305173499299],[-76.5793321233882,39.3051713787616],[-76.5793827058281,39.3051693331668],[-76.5794318040501,39.3051673146651],[-76.579482206757,39.3051652719872],[-76.579534027724,39.3051631794165],[-76.5795831259587,39.3051611572487],[-76.5796346978158,39.3051590358188],[-76.5796836555875,39.3051570419308],[-76.5796996640274,39.3051563929993],[-76.5797390461402,39.3051547953982],[-76.57985982186,39.305157272024],[-76.5799795900064,39.3051442906255],[-76.5800378031113,39.3051427341135],[-76.5800885217278,39.3051413759798],[-76.5801383915072,39.3051400418138],[-76.5801868535532,39.3051387413297],[-76.5802419183553,39.3051372653456],[-76.5802693477934,39.3051362932295],[-76.5802967764019,39.305135265257],[-76.5803242050096,39.3051342372782],[-76.5803747864031,39.3051323587936],[-76.5804244492249,39.3051305328543],[-76.5804736531062,39.3051286746296],[-76.5805232440406,39.3051268483919],[-76.5805729765834,39.3051249947152],[-76.5806240172428,39.3051230907401],[-76.5806710999305,39.3051213356552],[-76.5807198072383,39.3051195332039],[-76.5807691164278,39.3051177058571],[-76.5808183537377,39.3051158773324],[-76.5808649771423,39.3051141466534],[-76.5808642640722,39.3051025765808],[-76.5808555557759,39.304961312128],[-76.5808555134832,39.304960621096],[-76.5808531424949,39.3049221674015],[-76.5808833923465,39.3049161528535],[-76.5811304682004,39.3049066823786],[-76.58119214783,39.3048381564135],[-76.5812943385559,39.3048363605869],[-76.5812945321949,39.3048363576739],[-76.5813195505247,39.3048358730387],[-76.5813809445885,39.3048956327613],[-76.581399012836,39.3048950503868],[-76.5816234517068,39.3048878203824],[-76.5816277875734,39.3048876808903],[-76.5816587973101,39.3048866833661],[-76.5816690299897,39.3050809384467],[-76.5817188016574,39.3050785340617],[-76.5817634483406,39.3050763879465],[-76.5818102152116,39.3050741097426],[-76.5818568416287,39.3050718589438],[-76.5819013804802,39.3050697123925],[-76.5819474397739,39.3050674892648],[-76.5819919102317,39.3050653397336],[-76.582040409537,39.3050630135557],[-76.582086468838,39.3050607876713],[-76.5821267653333,39.3050588448301],[-76.5821195032074,39.3048702571146],[-76.5821489257241,39.3047954583483],[-76.5822103827538,39.3047956336446],[-76.5822401320687,39.3048672829912],[-76.5822467169832,39.3050573221132],[-76.582309210207,39.3050552284297],[-76.5823544873581,39.3050537103576],[-76.5824019921747,39.305052119117],[-76.5824446183654,39.3050506915729],[-76.5825041776769,39.3050486963513],[-76.5825564532548,39.3050469463514],[-76.5825457255278,39.3048788674128],[-76.582624659942,39.304781267897],[-76.5826247135758,39.3047812167444],[-76.5827058415982,39.304778361245],[-76.5827058935427,39.3047784001621],[-76.582793886812,39.3048442652604],[-76.5828058315728,39.3050365491497],[-76.5828666280071,39.3050343482605],[-76.5829140976421,39.3050326233758],[-76.5829636546758,39.3050308212094],[-76.5830127512437,39.3050290489146],[-76.5830635098621,39.3050269753384],[-76.5831125717808,39.3050249821933],[-76.5831605019887,39.3050230093334],[-76.5832112269656,39.3050209373756],[-76.5832602888865,39.3050189423674],[-76.5833109779059,39.3050168720405],[-76.5833594043166,39.3050149017599],[-76.583406699006,39.305012953569],[-76.5834573520705,39.3050108839523],[-76.5835077220872,39.3050088394325],[-76.583558622281,39.3050067391216],[-76.5836081794007,39.3050047187005],[-76.58365741885,39.3050026962321],[-76.5836952758146,39.3050011558554],[-76.583683618463,39.3048138164387],[-76.5836940856031,39.3048134256642],[-76.5836977211542,39.3048132899197],[-76.5838546794867,39.3048072406539],[-76.5839120450445,39.3048050306765],[-76.5839543568338,39.3048034087098],[-76.5840231204126,39.3047116758116],[-76.5840772628304,39.3047096462046],[-76.5841163788517,39.3047082857971],[-76.5841180703491,39.3047557526993],[-76.5842102564254,39.3047927001417],[-76.5842217948062,39.3049825729122],[-76.584221922736,39.3049846811374],[-76.5842228156828,39.304984647366],[-76.5842592062379,39.3049832583506],[-76.5842732823507,39.3049827217601],[-76.5843189156122,39.3049809609868],[-76.5843645127614,39.3049792288923],[-76.5844105715144,39.3049774695884],[-76.5844566279465,39.3049757102583],[-76.5845023317581,39.3049739775868],[-76.5845515692044,39.3049720907512],[-76.5845959289567,39.3049704082373],[-76.5846404303108,39.3049686991845],[-76.5846866641127,39.304966941292],[-76.5847202795023,39.3049656666296],[-76.5847115121363,39.3047735824374],[-76.5847117526168,39.3047325132483],[-76.5847580266773,39.3047030598788],[-76.584811177543,39.3047032476978],[-76.5848664934312,39.3047308991318],[-76.5848725298707,39.3047674497785],[-76.5848835463717,39.3049594320109],[-76.5849329623595,39.304957542944],[-76.584986724675,39.3049555088727],[-76.5850398864237,39.3049534726558],[-76.5850779550155,39.3049520154509],[-76.5850776614933,39.3049470935764],[-76.5850677839561,39.3047817030444],[-76.5850666903715,39.3047633174244],[-76.5850664972382,39.3047600632063],[-76.5850780626441,39.3047596176375],[-76.5851017732858,39.3047587051243],[-76.5853121581289,39.304750676227],[-76.5853664862941,39.3047486034453],[-76.5854837025209,39.3046680875546],[-76.585529513778,39.3046669763859],[-76.5855310026791,39.3047018562659],[-76.5856131697734,39.3047392041325],[-76.5856157822257,39.3047820146385],[-76.5856182036642,39.3048212043262],[-76.5856204949504,39.3048586595962],[-76.5856228822319,39.3048975447064],[-76.5856251124483,39.3049335468383],[-76.5856253389596,39.3049372443456],[-76.5856264199372,39.3049548363472],[-76.5856267121892,39.3049595852702],[-76.5868667308212,39.304911754584],[-76.5869143435269,39.3049099177938],[-76.5869143318911,39.3049097258915],[-76.5869136833388,39.3048990523389],[-76.5869126368611,39.3048818523007],[-76.5869009934594,39.3046900653353],[-76.5870005635666,39.3046432670035],[-76.5870684956794,39.3046370833538],[-76.5871543951864,39.3046862602941],[-76.5871608774647,39.3047808662011],[-76.587166813955,39.3048720383017],[-76.5872153762883,39.3048707812108],[-76.5872644357545,39.3048691691461],[-76.5873167130083,39.3048674845918],[-76.5873647472457,39.3048659247314],[-76.5874153650853,39.3048642901528],[-76.5874649161283,39.3048626788298],[-76.5875130570229,39.3048611192833],[-76.5875627879185,39.3048594824283],[-76.5876112476563,39.3048579212585],[-76.5876606595533,39.3048563111661],[-76.5877109226065,39.3048546752152],[-76.5877597349331,39.3048530909008],[-76.5878113047795,39.3048514306675],[-76.5878601518937,39.3048498446319],[-76.5879108010138,39.3048482099497],[-76.5879573520488,39.3048466995916],[-76.5880078969923,39.3048450347772],[-76.5880577679837,39.3048434270283],[-76.588083994199,39.3048425722741],[-76.5881102204189,39.3048417166134],[-76.588230416538,39.3048375350156],[-76.5883614368535,39.3048067945534],[-76.58836027623,39.304787626875],[-76.5883578518239,39.3047486876489],[-76.5883554669858,39.304708924368],[-76.5883532794717,39.3046723189324],[-76.5883512744278,39.3046398323984],[-76.5886159871256,39.304629420746],[-76.5886180209753,39.3046627585918],[-76.5886202458932,39.3046993353288],[-76.5886226654992,39.3047391266491],[-76.5886250193172,39.3047780674237],[-76.5886273778185,39.3048164011038],[-76.5886292720977,39.304847618076],[-76.5886293440449,39.3048488064268],[-76.5886383315174,39.3048484559702],[-76.5886647976115,39.304847420874],[-76.5887089105625,39.304845680097],[-76.588752987565,39.3048439400784],[-76.5887971364423,39.3048422011955],[-76.5888412515437,39.3048404882999],[-76.5888853969489,39.3048387475702],[-76.5889295100405,39.304836980589],[-76.5889736239656,39.3048352694411],[-76.5890177369067,39.3048335276474],[-76.5890209277717,39.3048867204194],[-76.5890332281528,39.3048862896427],[-76.5890588192307,39.3048853973199],[-76.5890765282317,39.3048847728755],[-76.5892812523425,39.3048776079245],[-76.5893458644147,39.304875343159],[-76.5894165565124,39.3048728654065],[-76.5896283857165,39.3048654499469],[-76.5896429845921,39.3048649244474],[-76.589872449684,39.3048568855616],[-76.5898707606364,39.304826573688],[-76.5898557423209,39.3045806559584],[-76.589938111262,39.3045090639068],[-76.5899909522005,39.3045070837817],[-76.5900213046367,39.3045499450375],[-76.5901950626179,39.3045507421347],[-76.5902162444522,39.3045664846815],[-76.5904679484809,39.3045565981736],[-76.591082377495,39.3045324179294],[-76.5911626903946,39.3045292574073],[-76.5912382566041,39.3044603286379],[-76.5912953123808,39.3044618872523],[-76.5913760428692,39.3045208568706],[-76.5913889212537,39.3047269778016],[-76.5913891792479,39.3047310987624],[-76.5914598739865,39.3047283252428],[-76.5914625748663,39.3047282184357],[-76.5915175226211,39.3047260278664],[-76.5915671194346,39.3047240843952],[-76.5916186518781,39.3047220404404],[-76.5916712126992,39.3047199991359],[-76.5917218658501,39.3047180340491],[-76.5917714571614,39.304716037328],[-76.591822003804,39.3047140439045],[-76.5918679893138,39.3047122544015],[-76.5918758542341,39.3047119403323],[-76.5919174030806,39.304710283124],[-76.5919659363784,39.3047083943402],[-76.5920153511385,39.3047064509485],[-76.5920638822729,39.3047045341932],[-76.5921124121002,39.3047026426346],[-76.5921609443991,39.3047007240419],[-76.5922103243618,39.3046987813481],[-76.5922640867434,39.3046966619797],[-76.592318060125,39.3046945442194],[-76.5923431565629,39.3046935575883],[-76.592365214219,39.3046925658143],[-76.5924183776136,39.3046901686656],[-76.5924710818827,39.3046877708011],[-76.5924604763195,39.3045250221353],[-76.592458769409,39.3044988384082],[-76.59245876517,39.3044987690352],[-76.5925577343033,39.304442067301],[-76.5925525896366,39.3043614091673],[-76.5926246447311,39.304358295576],[-76.5926949165872,39.3042819099633],[-76.592687767275,39.3041721630324],[-76.5927549628354,39.3041695036122],[-76.5928018329665,39.3041676483532],[-76.5928519721858,39.3041656638849],[-76.5929025184419,39.3041636636911],[-76.5929500240538,39.3041617844528],[-76.5930009066116,39.3041597700688],[-76.5930446479554,39.304158038989],[-76.5931007953763,39.3041558167061],[-76.5932020583325,39.3041518085661],[-76.5932495001525,39.3041499307873],[-76.5933043348206,39.3041477606105],[-76.5933545551888,39.3041457726058],[-76.5933974789533,39.3041440736948],[-76.5934579368191,39.3041416806011],[-76.5935132562178,39.3041394903858],[-76.5935201904598,39.3042491563517],[-76.5935334072334,39.3043190206682],[-76.5935915204536,39.3043165086016],[-76.5936917357807,39.3043086078466],[-76.5937000335451,39.3042420372505],[-76.5938104278418,39.3042360379603],[-76.59383588346,39.3042346550186],[-76.5938567259876,39.3042956011382],[-76.5938921002473,39.3042928121568],[-76.5941062367237,39.3042853984069],[-76.5944860508687,39.3042722472587],[-76.5945396203587,39.3042695253794],[-76.5945550547336,39.304207594831],[-76.5945806731927,39.3042065212496],[-76.5947189926077,39.304200737255],[-76.5947494240151,39.3042588635895],[-76.5948137999205,39.304255593363],[-76.5948139242858,39.3042945038006],[-76.5948387252313,39.3043318167145],[-76.5949375669751,39.304329118339],[-76.595210544904,39.304316517077],[-76.5952151196463,39.3043638946486],[-76.5952167261652,39.3043901725669],[-76.5952285326998,39.3045833094445],[-76.5952838860567,39.304581110405],[-76.5953386365202,39.3045789110648],[-76.5953874864725,39.3045769652111],[-76.5954394465167,39.3045749201529],[-76.5954886850214,39.3045729467707],[-76.5955447097893,39.3045707246986],[-76.5955957481091,39.3045686772995],[-76.5956503617512,39.3045664764424],[-76.5957012629546,39.3045644816701],[-76.5957517354912,39.3045624313557],[-76.5958031643574,39.3045604122327],[-76.5958547719146,39.30455836758],[-76.5959068387643,39.3045562929576],[-76.5959592211019,39.3045541950764],[-76.596010970259,39.3045521220178],[-76.5960669961637,39.3045498978992],[-76.5961172932996,39.304547901771],[-76.5961029925731,39.30432854078],[-76.5961124681955,39.3043281644073],[-76.5961379495188,39.3043271512664],[-76.5961488712159,39.3043267222126],[-76.5964136692396,39.3043161725921],[-76.5964401954221,39.3043151161352],[-76.5964424138639,39.3043150273735],[-76.5965099336962,39.3042521053674],[-76.5965070587859,39.3042047544022],[-76.5965071248909,39.3042047510261],[-76.5966001211326,39.3042011592466],[-76.5966037657206,39.3042626151054],[-76.5967054399405,39.3043045286584],[-76.5967209867925,39.3045487259183],[-76.5967213039554,39.3045537099949],[-76.5967804422658,39.3045509755807],[-76.596837706547,39.3045483157749],[-76.5968963844043,39.3045456094475],[-76.5969593744215,39.3045426404488],[-76.597019183001,39.3045398793894],[-76.5970752806124,39.3045372704128],[-76.597134631211,39.3045345104265],[-76.5971956065871,39.3045316704081],[-76.5972526934413,39.3045290115935],[-76.5972524669151,39.3045256185661],[-76.5972414877009,39.3043612035809],[-76.5972363106888,39.3042836711849],[-76.5972301020782,39.3041619954496],[-76.5973268889181,39.3041580909152],[-76.597364117629,39.3040969598004],[-76.5977785548934,39.3040808558784],[-76.5978274134349,39.3040789576818],[-76.597873391886,39.304138634372],[-76.5980012277856,39.3041336339284],[-76.5980250445475,39.3040842674468],[-76.598106367058,39.3040681077098],[-76.5987407971007,39.3040434532251],[-76.5987754081005,39.3040421076846],[-76.5987791215235,39.3041032043055],[-76.5987845213655,39.304192059909],[-76.5988299024072,39.3042220218084],[-76.5988418071926,39.3044136660803],[-76.5988469068788,39.3044957523597],[-76.5988613283925,39.3044951953848],[-76.5988978761821,39.3044937852599],[-76.5989531930987,39.304491640215],[-76.5990133178975,39.3044893196904],[-76.5990609995625,39.3044874791162],[-76.5991156102524,39.3044853586078],[-76.5991787026796,39.3044829103075],[-76.5992347988319,39.3044807416662],[-76.5992931203143,39.304478495916],[-76.5993466340617,39.3044763985821],[-76.5993304415394,39.3042026726784],[-76.5993865363161,39.3042005021591],[-76.5994726808783,39.3041791587485],[-76.5994654060663,39.3040620643595],[-76.5994786257581,39.304061612204],[-76.5995081822045,39.3040606014143],[-76.5995082749698,39.3040605990282],[-76.5995340390054,39.304059796892],[-76.5996241020363,39.304009098442],[-76.5996106317113,39.3037912783009],[-76.5996758803923,39.3037887560147],[-76.5997295709868,39.303786660011],[-76.5997776418772,39.3037847907482],[-76.5998180777472,39.3037831999186],[-76.5998176248283,39.3037757310996],[-76.5998351204532,39.3037750475602],[-76.5998589802361,39.3037741145634],[-76.5998578123449,39.3037556874008],[-76.5998569704214,39.3037419551936],[-76.5998998448838,39.3037402906715],[-76.5999614186901,39.3037378926286],[-76.600020021413,39.3037356213548],[-76.6000802882909,39.3037332737469],[-76.600083887585,39.3037903390519],[-76.6000870018849,39.303839657095],[-76.6000900830992,39.3038886750725],[-76.6000931963107,39.3039381876737],[-76.6000965046679,39.3039907202758],[-76.6002921727081,39.3039830900803],[-76.6003302858179,39.3039816037673],[-76.6003730223328,39.3040355153119],[-76.6004535594753,39.3040337363707],[-76.6004846627946,39.3040328846249],[-76.6005098266742,39.303999895285],[-76.6005774966357,39.3039719973968],[-76.6006479071373,39.303969258821],[-76.6008667354592,39.303960750679],[-76.6008891085373,39.3039598898878],[-76.6009232185451,39.3039585528223],[-76.6009761635864,39.3039564834417],[-76.6010326153624,39.3039542854261],[-76.6010890984431,39.303952086589],[-76.6011340847353,39.3039503378094],[-76.6011455815051,39.3039498904268],[-76.601178825157,39.3039486025902],[-76.6012167127099,39.3040088756281],[-76.6012699802486,39.3040067783854],[-76.6013536527467,39.3040034835846],[-76.6013739354272,39.3039407408093],[-76.6014092309244,39.3039390896573],[-76.6014678014609,39.3039363770818],[-76.6015150962993,39.3039341784019],[-76.6015680134941,39.3039316934113],[-76.6015649729049,39.3038816595604],[-76.6015619610031,39.303832504945],[-76.6015589514291,39.3037833494358],[-76.6015546802808,39.3037133785567],[-76.6015538380141,39.3036996490637],[-76.6016032526591,39.3036977565883],[-76.6016086204011,39.3037863462289],[-76.6016549978489,39.3037839777424],[-76.6016726372799,39.3037830773346],[-76.6017238548353,39.3037935727264],[-76.601724687072,39.3038074427018],[-76.6017270752153,39.3038475335833],[-76.6017274396545,39.3038536581647],[-76.6017345075827,39.3038534055892],[-76.6017672381039,39.3038522284416],[-76.6017714324368,39.3039233231937],[-76.6020552329407,39.3039111057221],[-76.6021564724793,39.3039718776345],[-76.6021799134529,39.3039891875805],[-76.6021878710593,39.3039950631371],[-76.6021920473746,39.304044228881],[-76.6022466544253,39.3040461927397],[-76.6022938672631,39.3040780609967],[-76.6023071292787,39.3040870125685],[-76.6024931347343,39.3041249216012],[-76.6025002812229,39.3041263779811],[-76.6024894734562,39.3041611034289],[-76.6024872892347,39.3041681210426],[-76.6025499806723,39.3041808806583],[-76.6026211757562,39.3041953984526],[-76.6026295069458,39.304197100234],[-76.6026408028991,39.3041993912276],[-76.6026992661082,39.3042113140734],[-76.6026972579028,39.3042177521986],[-76.602687829593,39.3042479803449],[-76.6026921697735,39.3042489182962],[-76.6026913280087,39.304251615919],[-76.6027331495611,39.3042612017593],[-76.6027919260256,39.3042600556357],[-76.6028330428864,39.3042584246353],[-76.60284614471,39.3042579050464],[-76.602845893957,39.3042534076206],[-76.6028354173563,39.30406587516],[-76.6028460651276,39.3039803905857],[-76.6028836086943,39.303978322333],[-76.6029021149388,39.3039934464336],[-76.6029060044824,39.3040630655692],[-76.6029158005075,39.3042384147881],[-76.6029164728163,39.3042504511717],[-76.6029167320167,39.3042550972508],[-76.6029604907996,39.3042533211045],[-76.6030118498298,39.3042512706682],[-76.6030515450549,39.3042496753223],[-76.6030956213347,39.3042479299232],[-76.6031410417912,39.3042461070788],[-76.6031444454001,39.3042459699495],[-76.6031874874437,39.3042442327327],[-76.6031920298298,39.3042440517077],[-76.6031935528235,39.3042714875991],[-76.6031952548011,39.3043021614146],[-76.6031970831717,39.3043355262173],[-76.6031991723951,39.3043726237361],[-76.603201003364,39.3044051103088],[-76.6032030929799,39.3044423456438],[-76.6032047629508,39.3044725248341],[-76.6032068499444,39.3045098151055],[-76.6032086501509,39.3045419989187],[-76.6032107032843,39.3045791251371],[-76.6032126633527,39.3046140279733],[-76.6032146541484,39.3046498631959],[-76.6032163912382,39.3046804812793],[-76.6032177615494,39.304704954963],[-76.6032184476857,39.3047172237849],[-76.6035007618805,39.3047059318807],[-76.6035023058877,39.3047333651324],[-76.6035051649698,39.304784386433],[-76.6035111425011,39.3048914696403],[-76.6035112162561,39.3048927940014],[-76.6035122428729,39.3049111557869],[-76.6035959846843,39.3049537126378],[-76.603595989035,39.3049537639956],[-76.6036037116081,39.305066453083],[-76.6035283324436,39.3051031351914],[-76.6035407117564,39.3053158924253],[-76.6035410989158,39.3053225449179],[-76.6035426777389,39.3053499773806],[-76.6032920387117,39.3053587686462],[-76.6032813989398,39.3053591443699],[-76.6032291568235,39.3053609829686],[-76.6031967864195,39.3053621230087],[-76.6031967098842,39.3053621254525],[-76.6032028990012,39.3054686175756],[-76.6032049977104,39.305504233369],[-76.6032070613974,39.3055396851059],[-76.6032088975557,39.3055714573847],[-76.6032103046641,39.3055955735857],[-76.6032108654218,39.3056051784441],[-76.603212571349,39.3056349460992],[-76.6032147660492,39.3056722646444],[-76.6032155963728,39.3056722332194],[-76.6032176105273,39.3057014119192],[-76.6032199378767,39.3057351233819],[-76.6033102364685,39.3057319720604],[-76.6033207686227,39.3057315689479],[-76.6033229024133,39.3057673505937],[-76.6033244810109,39.3057948100778],[-76.6035680513032,39.3057862425988],[-76.6035685351071,39.3057944816484],[-76.6035775849,39.3059499674192],[-76.6035797883551,39.3059878300397],[-76.6036022536867,39.3059958793234],[-76.6036512191349,39.306026093729],[-76.6036746306923,39.30602520168],[-76.603744752512,39.306023839328],[-76.6037466762167,39.3060238016782],[-76.6037698247766,39.3060560790752],[-76.6038076235644,39.3061122894185],[-76.6039093799943,39.3061502633655],[-76.6039182207869,39.3061535629115],[-76.6045031929741,39.3061301931957],[-76.6048306549077,39.3061166351053],[-76.6049985749289,39.3061123401241],[-76.605330913016,39.3060988231535],[-76.6054762828987,39.3060954137547],[-76.6056931059065,39.3060864223843],[-76.6058113414881,39.3060819874296],[-76.6059404018589,39.3060756096968],[-76.6061058260444,39.3060693294052],[-76.6062474363555,39.3060620593201],[-76.6063370851564,39.3060565417117],[-76.6081155419977,39.3059844007966],[-76.6083132295256,39.3059763802462],[-76.608375939086,39.3059361516188],[-76.6084266150289,39.3059103850314],[-76.6084240983758,39.3058928713493],[-76.6084225903035,39.3058820995852],[-76.6084180293725,39.3058501345643],[-76.6084181453777,39.305850123241],[-76.6084637493517,39.305845459765],[-76.6084752260427,39.3058442855883],[-76.6084756719514,39.3058443708444],[-76.6085652576887,39.3058609099451],[-76.6097966364166,39.3059060007368],[-76.6098889987467,39.3059060002566],[-76.6103889996079,39.3059059999946],[-76.611935208381,39.3060830051932],[-76.6119833794328,39.3060814861628],[-76.6120558760513,39.3060791998154],[-76.6121159457263,39.3060824552879],[-76.6121389651005,39.3060381384158],[-76.6121368880248,39.3060191562342],[-76.6121365669727,39.3059981477434],[-76.6121946097039,39.3060167057339],[-76.6122158041193,39.3060234827102],[-76.6123751541652,39.306073477102],[-76.6125746318448,39.3061229262201],[-76.6126637973711,39.306139368027],[-76.6127654640998,39.3061581145638],[-76.6133400417156,39.3062026998012],[-76.6133643370631,39.3061898286768],[-76.6133694359014,39.3061871269727],[-76.6134213963389,39.3061595978842],[-76.6134510555973,39.3061613294278],[-76.6135321390136,39.3061660611833],[-76.6135680197556,39.3062005682463],[-76.6135841602807,39.3062160900064],[-76.614211918626,39.3062508627733],[-76.6143653027939,39.306277434134],[-76.6144070158676,39.3062846599717],[-76.6144461405089,39.3062600022555],[-76.6145779208569,39.3061769498249],[-76.6146833921066,39.3061901711339],[-76.6146989529549,39.3062159738678],[-76.6147294232484,39.3062824892052],[-76.6147542560302,39.3063366979399],[-76.6147584006399,39.3063380464483],[-76.6150083349113,39.3064192787667],[-76.6150505493013,39.3064358495571],[-76.6152299112051,39.3065062581949],[-76.6153114062088,39.3065446450039],[-76.6153914655303,39.3065848132548],[-76.6154700267452,39.3066267294186],[-76.6155470239359,39.3066703626567],[-76.6155679462594,39.3066829399023],[-76.6156149870367,39.3067054064104],[-76.6157347985195,39.3067429382349],[-76.6158251299775,39.3068057613545],[-76.6159764874854,39.306911024793],[-76.6159995243844,39.3069354529059],[-76.6160471692294,39.3069461969781],[-76.6162113414137,39.3070429177788],[-76.6162471923842,39.3070350370586],[-76.6162812057592,39.3070275601706],[-76.6163534607849,39.3070542242665],[-76.6163848443701,39.3071175138255],[-76.616400917535,39.3071499286411],[-76.6164252060436,39.3072589714182],[-76.6165068856527,39.3073031651572],[-76.6169395944777,39.3076164108566],[-76.6169991829852,39.3076596639014],[-76.6171275211309,39.3077528202993],[-76.6172016966737,39.307806661405],[-76.6172490951638,39.3078410661222],[-76.6173558632046,39.3079185644328],[-76.6175022353839,39.3080220414388],[-76.6175398544801,39.3080486352804],[-76.6176842563883,39.3079171922878],[-76.6177367948702,39.3079275426473],[-76.6178349638253,39.3080246246874],[-76.6178484816593,39.3081858506817],[-76.6186427784997,39.3085110275817],[-76.6192449278785,39.3088309377256],[-76.6192607921973,39.3088382095798],[-76.6197799065731,39.3091230345909],[-76.6199688109955,39.309232798234],[-76.6200105187203,39.3092570319044],[-76.6200117890306,39.3092577710281],[-76.6197589895816,39.3097765491344],[-76.6195775829425,39.3101314168761],[-76.6194690078752,39.3103617377562],[-76.6194514800338,39.3103917130507],[-76.6194656312131,39.3104157964109],[-76.6195120712539,39.3104843581879],[-76.6194928495292,39.3105181931403],[-76.6195291017017,39.3105633023039],[-76.6195141724756,39.3105990769697],[-76.6195041871519,39.3106230047059],[-76.6195575186217,39.31070512441],[-76.6195498561541,39.3107203385655],[-76.6194581105774,39.310911295071],[-76.6194298962677,39.3109125872596],[-76.6194133355121,39.3109481413452],[-76.619344873029,39.3109752178571],[-76.6193904019016,39.3110323371384],[-76.6193536472722,39.311062448304],[-76.6193478701446,39.3111061666162],[-76.6194075852017,39.3111782951698],[-76.6197676828752,39.3111656838407],[-76.6197821792708,39.3114214972038],[-76.6198932562737,39.3114156782714],[-76.6199094171154,39.3116578568621],[-76.6199980117939,39.3116989142155],[-76.6200184852727,39.3117630060192],[-76.6200728108576,39.3118282233186],[-76.6201362046146,39.3118764465537],[-76.620212496951,39.3119246826164],[-76.6202217625799,39.311930121589],[-76.620228351174,39.3119339872998],[-76.6202907823045,39.3119705948177],[-76.6203181594286,39.3120324020384],[-76.6203321560085,39.3120651194084],[-76.6203362831062,39.3120732863673],[-76.6203482167095,39.3120954267221],[-76.6203549760301,39.3121798176792],[-76.6203342991887,39.3122326836841],[-76.6205396560393,39.3124843915851],[-76.6206725014303,39.3126472218849],[-76.620695855827,39.31266843796],[-76.6207905987828,39.312716679138],[-76.6205541728772,39.3129911521006],[-76.6205396555816,39.3129917681798],[-76.6204099404949,39.3129972762162],[-76.6203426309696,39.3130001609753],[-76.6203322723276,39.3130006769691],[-76.6203216670012,39.313001137219],[-76.6195360977942,39.3130345627214],[-76.6195129402923,39.3130864774502],[-76.6194098581272,39.3130894674327],[-76.6193724867863,39.3130504356347],[-76.6193012307989,39.3130434662803],[-76.6189960659865,39.3130556814378],[-76.6189686384883,39.3131408578614],[-76.6189853084383,39.3132092106618],[-76.6189920352065,39.3132367910314],[-76.6190053195559,39.3134548831491],[-76.6190287391469,39.3138388332378],[-76.6193464035691,39.3138260252462],[-76.6193467833216,39.313832182226],[-76.619347249541,39.3138397284478],[-76.6193582242319,39.314019341819],[-76.6193599851725,39.3140481536192],[-76.6194438775394,39.314084793238],[-76.6194488606953,39.3141672373235],[-76.6193758635831,39.3142275765875],[-76.6191401963072,39.3142368537572],[-76.619140752715,39.3142450920499],[-76.6191540087581,39.3144484954044],[-76.6191573083026,39.3144989113553],[-76.6191578645645,39.31450717757],[-76.6190426538425,39.3145118411631],[-76.6189872341323,39.3145140890275],[-76.6189814269363,39.3145143197082],[-76.6189413469489,39.3145159570321],[-76.6189202242601,39.3145168199181],[-76.6189203052772,39.3145179272066],[-76.6189232290977,39.3145579598619],[-76.6189308096417,39.3148474586361],[-76.6189298970438,39.314874865599],[-76.6189578377034,39.3150924709896],[-76.6189589161762,39.3151008749108],[-76.6190802669552,39.3150959412572],[-76.6190875251724,39.3150956468173],[-76.619115584998,39.3150944983271],[-76.6194332196875,39.3150815773971],[-76.619521716001,39.3151395526814],[-76.6195214369646,39.3151915585635],[-76.6194446492377,39.3152635872663],[-76.6191017744251,39.3152769182362],[-76.6191072519726,39.3153609546395],[-76.6191201579107,39.3155589648855],[-76.6190566336583,39.3155613144245],[-76.618993069841,39.3155636890221],[-76.6189933683214,39.3155681343055],[-76.6189949101581,39.3155910877902],[-76.6190063290116,39.315761081597],[-76.6190099205567,39.3158145511305],[-76.6194781535771,39.315797228912],[-76.6194787485793,39.3158069283453],[-76.6194798583746,39.3158246353379],[-76.6195010443164,39.3161619323228],[-76.6195970231672,39.3161981830745],[-76.6195978657709,39.3162942375836],[-76.6195978687904,39.3162945393456],[-76.6195126018562,39.3163463034116],[-76.619545131455,39.3168644829844],[-76.6195499497499,39.3169347023462],[-76.6195968894554,39.3176201576643],[-76.6196925241795,39.3177073276389],[-76.6196960575851,39.3178111039529],[-76.6196148364801,39.3178915259942],[-76.6196292463046,39.3181108833184],[-76.6196310797923,39.3181383162606],[-76.6193486493897,39.3181488503969],[-76.6193491687546,39.318157086757],[-76.6191016651498,39.318166308429],[-76.619054731374,39.3181676344416],[-76.6190344441534,39.3181852468464],[-76.6190296475888,39.3181894116896],[-76.6188354564648,39.3181964960789],[-76.6188001388734,39.318197782199],[-76.6185027541996,39.318208623396],[-76.6185024556697,39.3182039754454],[-76.6185009939112,39.318181244718],[-76.618485144149,39.3179344555635],[-76.6183886950719,39.3178333374153],[-76.6183137005284,39.3178373292156],[-76.6182521997106,39.3179442136171],[-76.6182737195103,39.318279272435],[-76.6182122215655,39.3182815137097],[-76.6181532544227,39.3182836631915],[-76.6180945691196,39.3182858027505],[-76.6180428823953,39.3182876866934],[-76.6179900311681,39.3182896136675],[-76.617936550139,39.3182915628908],[-76.6178830957829,39.3182935112757],[-76.6178299974967,39.3182954472828],[-76.6177773213929,39.3182973684256],[-76.6177343440294,39.318298933768],[-76.6177230804514,39.3182987358965],[-76.6176700181146,39.3183006701468],[-76.6175529281362,39.3183049379565],[-76.6175313655935,39.3179704787603],[-76.6175296919252,39.3179705399692],[-76.6174754387937,39.3179724927746],[-76.6173895318773,39.317975644095],[-76.6173025291174,39.3179787935857],[-76.6172424301186,39.3179809956717],[-76.6171838134698,39.3179831322967],[-76.6171531109981,39.3179842519034],[-76.617108588638,39.3179083923064],[-76.6170894006274,39.3178756991302],[-76.6169653236214,39.3178816478117],[-76.6169457310229,39.3179133453885],[-76.6168961188828,39.3179936127659],[-76.6165783724539,39.31800517808],[-76.6165502054142,39.3180062031152],[-76.6165554794336,39.3182101335691],[-76.6165637912205,39.3183463895839],[-76.6165646391158,39.3183602909599],[-76.6165593406543,39.3183594530877],[-76.6162916565004,39.3183634479954],[-76.6162778562688,39.3182772036329],[-76.6159493460388,39.3182891779776],[-76.6158891760427,39.3182913710336],[-76.6158319046582,39.3182934348179],[-76.6157721231338,39.3182956272823],[-76.615712907783,39.3182977684232],[-76.6156673740135,39.3182994318404],[-76.6156491305081,39.3183001116964],[-76.6155270588899,39.3183045449497],[-76.6155250760949,39.318277137573],[-76.6155247621253,39.3182728066288],[-76.6155082178676,39.3180441550295],[-76.6154243335895,39.3179315522171],[-76.6153344338676,39.3179347349081],[-76.6153336351804,39.3179361771011],[-76.6153161787448,39.3179681399159],[-76.6153026925762,39.3179997256981],[-76.615278654602,39.3180561710353],[-76.6152814638512,39.3180964501751],[-76.6150273189059,39.3181064882345],[-76.6150278449199,39.3181140481722],[-76.6150306980722,39.3181551858787],[-76.6150339798889,39.3182019510891],[-76.6150370599558,39.3182465763506],[-76.6150388610653,39.3182723843055],[-76.6150035601594,39.3182735666539],[-76.6149311814658,39.3182759912519],[-76.6148764555935,39.3182778152041],[-76.6148587807299,39.3182784166339],[-76.61486210124,39.318326151184],[-76.6148278221763,39.3183354021662],[-76.6147917838274,39.3183335744216],[-76.6147277605402,39.3183357236277],[-76.6146687582288,39.3183377001033],[-76.6146038522996,39.3183398778743],[-76.6144847863325,39.3183438794337],[-76.6143574472164,39.318348154577],[-76.6142740355877,39.3183501723576],[-76.6141445156032,39.3183533042635],[-76.6141498241785,39.3184379482901],[-76.6140431353391,39.3184424854516],[-76.6139681848624,39.3184456720554],[-76.6138940115102,39.3184488260351],[-76.6138394845572,39.3184511446714],[-76.6137832896618,39.3184535343652],[-76.6136081317974,39.3184609816253],[-76.6136125510263,39.3185271906536],[-76.6136126518283,39.3185286961423],[-76.6135421654698,39.318531523339],[-76.6135391454824,39.3184871090128],[-76.6135363353471,39.3184452562154],[-76.6135327037114,39.3183917900159],[-76.6129885452694,39.3184130613228],[-76.6129867514519,39.3183856284015],[-76.6129862967806,39.3183788469398],[-76.612970367041,39.3181368334217],[-76.612882324085,39.3180381641455],[-76.612830147146,39.3180389353546],[-76.6128246198574,39.3180392414165],[-76.6127627020514,39.3181451253602],[-76.6127731409631,39.3183097083397],[-76.6127202455512,39.318312262425],[-76.6126673165019,39.3183148172764],[-76.6126143677257,39.3183173738404],[-76.6125615013025,39.3183199261483],[-76.6125085444014,39.3183224826379],[-76.6124556164915,39.3183250382984],[-76.6124027024981,39.3183275930803],[-76.6123498035808,39.3183301469874],[-76.6122968744999,39.3183327025726],[-76.6122439570163,39.3183352572716],[-76.6121910360499,39.3183378119352],[-76.6121381150798,39.318340366575],[-76.612148838767,39.3185094443991],[-76.6120988405945,39.318512304114],[-76.6119675231654,39.3185198143541],[-76.6118306377171,39.3185276438396],[-76.6117510804702,39.3185321937673],[-76.6116846462619,39.3185359934387],[-76.611621643322,39.3185395963379],[-76.6116075412327,39.3185404027475],[-76.61155599326,39.3185433507881],[-76.611505887161,39.3185462161994],[-76.6114502700141,39.318548107671],[-76.6113977717063,39.318549892331],[-76.6113516622501,39.3185211319574],[-76.6113097086566,39.3184949650655],[-76.6112991422904,39.3184883681363],[-76.6112885747665,39.3184817712024],[-76.6112302765013,39.3184453960368],[-76.6112277062712,39.3184437923017],[-76.6112200662711,39.3184438544013],[-76.6111044457161,39.3184447995744],[-76.6109949712874,39.3184469990084],[-76.6109696584728,39.3184479087511],[-76.6109519832421,39.3184485627367],[-76.6109342711952,39.3184491634535],[-76.6108980001389,39.3184504431425],[-76.6108485067943,39.3184521735524],[-76.6107982337334,39.3184539842285],[-76.610751850203,39.3184555609593],[-76.6106997790392,39.3184572818679],[-76.6106523364771,39.3184589099974],[-76.610600333414,39.318460687835],[-76.6105505562469,39.3184623631339],[-76.6105021952753,39.3184639863578],[-76.6104516769631,39.3184656861811],[-76.6103926371784,39.3184676856076],[-76.6103041872144,39.3184706602846],[-76.6103017503697,39.3184707431803],[-76.6102865111093,39.3184712601222],[-76.6101130701714,39.3184791384276],[-76.6101132385527,39.3182606001742],[-76.6101132432894,39.3182468736194],[-76.6101075275956,39.3182470627314],[-76.6095857026471,39.3182642984521],[-76.609578508157,39.3182645357703],[-76.6094883917885,39.3181618487026],[-76.6093781552,39.3181641684008],[-76.6093408639324,39.3182738218879],[-76.6092051007437,39.3182785732729],[-76.6092015021047,39.3185216537438],[-76.609201411655,39.3185216534431],[-76.6090921152872,39.3185215998155],[-76.6090922036179,39.3185129393724],[-76.6090899131867,39.318512757008],[-76.6090899276267,39.3185137136554],[-76.6085439916077,39.3184691999271],[-76.6083350820167,39.3186813382495],[-76.6082562438333,39.318633112209],[-76.6081889258062,39.3185919792167],[-76.6081187185264,39.3185490809841],[-76.6079760858294,39.3184618186726],[-76.6077596547098,39.3183294506154],[-76.6077427007357,39.3182766549542],[-76.6077086093158,39.3181704937335],[-76.6071689753905,39.3181903282079],[-76.6070815730522,39.3181957630162],[-76.6070460562084,39.3182461458769],[-76.6068409924329,39.3182502412462],[-76.6067296416781,39.3183687284294],[-76.6065958960284,39.3184957274179],[-76.6065932771524,39.3184985208933],[-76.6065755224608,39.318517457435],[-76.606420664885,39.3186639210702],[-76.6064401320909,39.3187246510582],[-76.6064103317322,39.31875452561],[-76.6063469195537,39.3187377600946],[-76.6059731038293,39.3187725312055],[-76.605746652946,39.3189233612459],[-76.6055123081165,39.3187807837864],[-76.605522554566,39.3189656985775],[-76.6054332397035,39.3191295807503],[-76.6057235287077,39.3191644223674],[-76.6055757006443,39.3193107796455],[-76.6052716126459,39.319640461019],[-76.6047305021411,39.3195698032779],[-76.6043818993544,39.3195242817783],[-76.6039826707966,39.3194724194107],[-76.603840714685,39.3194543429867],[-76.6035099407206,39.3194110281873],[-76.6032895379074,39.3193575426544],[-76.6029460157191,39.3192804428362],[-76.6025999446652,39.3191980892084],[-76.6025173047151,39.3192804493047],[-76.6023666271615,39.3194278954483],[-76.6022216183326,39.3195697930283],[-76.6016703849823,39.3201091937052],[-76.6015763403556,39.3202011786443],[-76.6016703869676,39.3202599490599],[-76.6023666273444,39.3206878599889],[-76.6035520354081,39.3214163936265],[-76.6035549723211,39.3214984224161],[-76.6034961819508,39.3215561181322],[-76.6033941225446,39.3215700561022],[-76.6032604387011,39.3216965010594],[-76.6026581141199,39.3223001220192],[-76.6026578645464,39.3223003715844],[-76.6023666273222,39.3225922309728],[-76.6019364188195,39.3230233508485],[-76.6019274152217,39.3230323729094],[-76.6019573479596,39.323089476556],[-76.6019097550235,39.323141257213],[-76.6018194878007,39.3231410577275],[-76.6016826025403,39.3232892908951],[-76.6016699404634,39.3233029754384],[-76.6014540115991,39.3235395635737],[-76.6011886301996,39.3234593576137],[-76.6011520836041,39.3234483119855],[-76.6011388019326,39.3234442982019],[-76.6011340192881,39.3234428515778],[-76.601084667332,39.3234997944414],[-76.6010843498328,39.3235001599697],[-76.6010840137784,39.3235005254351],[-76.601131275001,39.3235159013294],[-76.6010823083855,39.323567625643],[-76.6009880748275,39.3236672964045],[-76.6009399267491,39.3237181992481],[-76.6008896809513,39.3237713180032],[-76.6008310421231,39.3238333040544],[-76.6006702473516,39.3240032854331],[-76.6008935098813,39.3241523515983],[-76.6008943121136,39.3242092692038],[-76.6008590843803,39.3242504454286],[-76.6007626739357,39.3242423994464],[-76.6005799333628,39.3244472228645],[-76.6005381681381,39.3244881542889],[-76.6003442243352,39.3246713851744],[-76.6003728246195,39.3247464780753],[-76.6003029385653,39.3248181321031],[-76.6002031600529,39.324809582402],[-76.5994152809687,39.3256144331876],[-76.5991948609346,39.3258865012465],[-76.5989097847914,39.3262832418845],[-76.5987399376613,39.3265254730962],[-76.5983286849909,39.3270986447665],[-76.5980992807381,39.3274197970075],[-76.5979572105327,39.3276189093844],[-76.5978721463402,39.3277518015786],[-76.5978049570631,39.3279056486815],[-76.5977682080147,39.3280460922567],[-76.5977561246503,39.3281860356397],[-76.5978660369247,39.3282938172078],[-76.5978662170584,39.3282986602584],[-76.5978544865272,39.3283081311493],[-76.5977853616086,39.328363942026],[-76.5954781576798,39.3283831153704],[-76.5954090906342,39.3283081261698],[-76.5953549620923,39.3282493559262],[-76.5951431287529,39.3282486255841],[-76.5950789039907,39.328308128619],[-76.5950167557077,39.3283657075634],[-76.5937515429223,39.3283676693141],[-76.5936793899464,39.3283081289085],[-76.5936460007933,39.3282805766195],[-76.5936111360151,39.3283081289438],[-76.5935413143267,39.3283633080048],[-76.5922419339305,39.3283642499121],[-76.5921511037957,39.328308124271],[-76.592109180108,39.3282822191276],[-76.5920690865668,39.3283081251953],[-76.5919872114177,39.3283610276432],[-76.5907766931701,39.3283714449323],[-76.590691282489,39.3283081310211],[-76.5906583922897,39.3282837502596],[-76.5906206938799,39.3283081310983],[-76.5905260979064,39.3283693111638],[-76.589407729232,39.3283665871266],[-76.5892748815863,39.328308120947],[-76.5892387671838,39.3282922271042],[-76.5892180102928,39.3282944361671],[-76.589154642452,39.328296859298],[-76.589098018633,39.3283081189168],[-76.5890603410131,39.3283156111524],[-76.5889222740516,39.3283430651598],[-76.5888173192117,39.3283213160324],[-76.5887927315251,39.3283081222914],[-76.5887348962601,39.3282770899477],[-76.5886439637775,39.328218310317],[-76.5885858829057,39.3281852566547],[-76.5885713497482,39.3281516438076],[-76.5885632699366,39.3281331771549],[-76.5885525508257,39.3280974572877],[-76.5885301019864,39.3280960428909],[-76.5882964073514,39.3277944692378],[-76.5882937232608,39.3277909333962],[-76.5881055428191,39.3275566319026],[-76.5879883591747,39.3274708714312],[-76.5879882898666,39.3274708234484],[-76.5877836643753,39.3273759739049],[-76.5877576510558,39.3273812655615],[-76.5877551540174,39.3273651144425],[-76.5876280441732,39.327338444997],[-76.5876106631844,39.3273485066586],[-76.5875953095565,39.3273336327307],[-76.5873926967923,39.3273167747972],[-76.5871523729706,39.3273178053927],[-76.5871481223518,39.3273178102793],[-76.5865199166096,39.3273209561333],[-76.5865143971026,39.3273209763498],[-76.5865054885066,39.3273210332842],[-76.5857894558952,39.327323218595],[-76.5857874528714,39.3273232331544],[-76.5857868416803,39.3273232310005],[-76.585378918313,39.3273170836361],[-76.5852643256043,39.3273106650396],[-76.5852508162735,39.3273099102819],[-76.5850823990526,39.327279770345],[-76.5850821846983,39.3272797353598],[-76.5849231633121,39.3272287381368],[-76.5847789844847,39.3271609923169],[-76.5845874607467,39.3270433079825],[-76.5845871937666,39.3270433475728],[-76.5844677155416,39.3270606574392],[-76.5844324361861,39.3269856919819],[-76.5843527716224,39.326988806129],[-76.5841935979098,39.3271892259995],[-76.5836912621877,39.3278217227012],[-76.5835348646813,39.3278349780819],[-76.5826602782426,39.3272659150658],[-76.5825153636153,39.3271716223085],[-76.5822015829249,39.32696745098],[-76.5815721749682,39.3265579011786],[-76.5791355118755,39.3249723100646],[-76.5791059066115,39.3249538431196],[-76.5790356278572,39.3250315209089],[-76.5790750125823,39.3250811600953],[-76.5782808630261,39.3258590258449],[-76.5781625081911,39.3258803741109],[-76.5781133187559,39.325927269059],[-76.5781467891157,39.3260122922707],[-76.5773693371272,39.3267177605698],[-76.5772634623635,39.3267400247322],[-76.5772147760818,39.326786945426],[-76.5772289132679,39.3268418646697],[-76.5766635728151,39.3273716129604],[-76.5765770790152,39.3273936985991],[-76.5765144786264,39.3274494340696],[-76.5765254810876,39.3274929944251],[-76.5762731124308,39.3277349806935],[-76.5763524845816,39.3277860547736],[-76.576433442938,39.3278381829898],[-76.5765178190513,39.3278924906707],[-76.5765850533736,39.3279357662892],[-76.5765540825665,39.3279646634214],[-76.576305809025,39.3281963130475],[-76.5762610297789,39.3282492220985],[-76.5761944690436,39.3283002673097],[-76.5759407847982,39.3285381559615],[-76.5756348539499,39.3283383884277],[-76.5756272697104,39.328345806657],[-76.5756003206211,39.3283721662275],[-76.5753544708255,39.3286125832902],[-76.5753236541767,39.3286427182843],[-76.5752760218833,39.3286325253219],[-76.5752419931413,39.3286619794298],[-76.575189215192,39.3287076621607],[-76.5694738571037,39.3250144063071],[-76.5694434159349,39.3248922193957],[-76.5694363656383,39.3248687676941],[-76.5696098921655,39.3248801618278],[-76.5697211503735,39.3247863810743],[-76.5696072091961,39.3247038999236],[-76.5694488546206,39.3246858480519],[-76.5692187942851,39.3245189864377],[-76.5691159771829,39.3246040486581],[-76.569064462335,39.3246466896866],[-76.5690156483338,39.3246870607905],[-76.5690015516009,39.3246987197856],[-76.5689642046114,39.3247296191659],[-76.5689138248147,39.3247713311101],[-76.5688606771166,39.3248152568378],[-76.5688123580953,39.3248552459511],[-76.5687615528245,39.3248972850428],[-76.568991580823,39.3250641501157],[-76.5690109567999,39.3251889024435],[-76.5688438326768,39.3251843550169],[-76.5686162195873,39.325015523174],[-76.5685630422473,39.3250587325579],[-76.5685251710903,39.325089563217],[-76.5684936615581,39.3251151730371],[-76.568457319578,39.3251447464329],[-76.5684234284861,39.3251723525652],[-76.5683890042204,39.3252002846037],[-76.5683554336763,39.325227616263],[-76.56832154168,39.3252551674164],[-76.5682883278013,39.3252821977133],[-76.5682524823734,39.3253113324005],[-76.5682179166426,39.3253394287063],[-76.568184842521,39.3253663495951],[-76.5681548232151,39.3253907848122],[-76.5680937558308,39.3254404188838],[-76.5683106517536,39.325601254206],[-76.5683214374586,39.3256092528684],[-76.56836247298,39.3257250773079],[-76.5681996061835,39.3257108281877],[-76.5677315709037,39.3260985625593],[-76.5672222031562,39.3265205317825],[-76.5660205700999,39.3275159271932],[-76.5659378465412,39.3275844509036],[-76.5659190345296,39.3276000338005],[-76.5659523913933,39.3277231258533],[-76.5658022410405,39.3277031907092],[-76.5656651810962,39.3278133480205],[-76.5656533673097,39.3278228433297],[-76.565570992952,39.3277591169531],[-76.5654855395831,39.3278297398145],[-76.5655688408517,39.3278907782285],[-76.5655358710468,39.3279232176519],[-76.565342017254,39.328079017422],[-76.5653380322871,39.3280822201719],[-76.565386738274,39.3281824161682],[-76.5652444466487,39.3281646234399],[-76.5650701632128,39.3283081197082],[-76.5650600089324,39.3283164807456],[-76.5650485991124,39.3283081200812],[-76.5649848036887,39.32826137457],[-76.5649397913981,39.3282283989844],[-76.5649392376669,39.3282288599213],[-76.5648879157948,39.3282715322318],[-76.5649329256088,39.3283045339494],[-76.5649378211412,39.328308119948],[-76.5650078873235,39.3283594473961],[-76.5649717153171,39.3283895409595],[-76.5647352245871,39.3285842817436],[-76.5647800374233,39.328682644943],[-76.5646314235793,39.3286668124256],[-76.5643841762067,39.3288628583744],[-76.5643390344258,39.3288282895562],[-76.5643132448197,39.3288081243153],[-76.5642760231191,39.3287790758118],[-76.5642378506808,39.3287492284076],[-76.5641976362519,39.328717807913],[-76.5641624555074,39.3286903324461],[-76.5641540225247,39.3286837382989],[-76.5641195530021,39.328711122145],[-76.5640152253251,39.3287927702953],[-76.5639781057476,39.3288218178667],[-76.5639382498208,39.3288529945605],[-76.5638992468567,39.3288835177571],[-76.563850409606,39.3289263366433],[-76.564087742769,39.3291156047718],[-76.5641031580219,39.329218755676],[-76.5639428717905,39.329200131715],[-76.5636881035588,39.3290004615544],[-76.5635464604329,39.3288865463574],[-76.5629980117159,39.329342211215],[-76.5630204331705,39.3293234040059],[-76.562899870771,39.3292511333994],[-76.5628355660937,39.3292125825814],[-76.5628103395254,39.3291974561101],[-76.5627936219177,39.3291683185627],[-76.5625273232487,39.3290133000912],[-76.5625226370637,39.3290105713869],[-76.562452795652,39.3289784482305],[-76.5624148329941,39.3289393349801],[-76.5624079692224,39.3289346426322]]]},"properties":{"OBJECTID":5,"DistrictNumber":3,"Dist_Abbr":"ED","Dist_Alt":"EASTERN","Dist_Name":"Eastern","DistrictName":"Eastern","District":"3","Shape__Area":148879970.62176514,"Shape__Length":76683.824233381063}},{"type":"Feature","id":6,"geometry":{"type":"Polygon","coordinates":[[[-76.6205396565164,39.3719659617397],[-76.6097308928076,39.3719653462743],[-76.6079617592109,39.3719656957928],[-76.6079700314443,39.3714694124338],[-76.6084350313384,39.3713224027668],[-76.6086258047435,39.3712624757368],[-76.6086846276401,39.3712434235965],[-76.6087803555919,39.3712094239462],[-76.6088563045908,39.3712085254069],[-76.6088567450648,39.3711800284306],[-76.6088643664802,39.3711770056799],[-76.609007567957,39.371167581811],[-76.6091175984582,39.3710225639632],[-76.6092060968068,39.370939398387],[-76.6092531716624,39.3708952970405],[-76.6093006738613,39.37085092327],[-76.6093580955211,39.370797139992],[-76.6094032914992,39.3707538547172],[-76.6094637111532,39.3707016450237],[-76.6095328836192,39.370652923191],[-76.6095985424083,39.3706195094037],[-76.6096502020686,39.3705991782737],[-76.6096626671843,39.3705942727914],[-76.6098000404703,39.3704948854359],[-76.6097984547938,39.3704751594196],[-76.6097470129004,39.3704353274497],[-76.6096656075766,39.3704201095645],[-76.6095571647001,39.3704511313241],[-76.6094920819727,39.3704766952699],[-76.6094025881691,39.3705223005972],[-76.6093699902393,39.3705452278053],[-76.6090149896018,39.3706047498331],[-76.6089466859614,39.3703935897427],[-76.6089812426759,39.3703873075946],[-76.6089701118571,39.3703531452297],[-76.6089656258455,39.3703394021674],[-76.6089310695188,39.3703454077857],[-76.6088879790731,39.3702122218948],[-76.6088449247785,39.3700790333998],[-76.6088181994973,39.3699992724302],[-76.6087915449198,39.3699195378089],[-76.6087719351508,39.3698609092901],[-76.6087648570525,39.3698397481235],[-76.6087154779752,39.3696921807576],[-76.6085279090414,39.3691859001398],[-76.6086566479073,39.369155961989],[-76.6088334931102,39.3691576482969],[-76.6090103033542,39.3691593621456],[-76.609187148574,39.3691610479218],[-76.6091874354758,39.3691473234247],[-76.6091876257018,39.3691378717089],[-76.6091899213693,39.369023784614],[-76.6091926590378,39.3688865761283],[-76.6091951438967,39.3687630111821],[-76.6091953971526,39.36874928477],[-76.6092997955488,39.368750283761],[-76.6096791727321,39.3687539105753],[-76.6097949863651,39.368695306418],[-76.6097990289225,39.3686178428141],[-76.6096835338632,39.3685866155871],[-76.6091878548371,39.3685818988998],[-76.6091916442492,39.3684742867526],[-76.6091899604061,39.368336899616],[-76.6091883223822,39.3682040406383],[-76.6092104277336,39.3682042519044],[-76.6092230316172,39.3678881534388],[-76.6097016793592,39.3678914731769],[-76.6097783145702,39.3678947017134],[-76.6098105523581,39.3678587476004],[-76.609816406494,39.367813912939],[-76.6097209153243,39.3677517000346],[-76.6092963305436,39.3677488995629],[-76.6092164440394,39.367748391849],[-76.6092172430961,39.3677213363128],[-76.6092195327753,39.3676438785878],[-76.6092207952824,39.3676007518081],[-76.6092258167295,39.3674984445677],[-76.6092263519456,39.3674847208883],[-76.6092279229641,39.3674435164074],[-76.6092311862877,39.3673584722849],[-76.6092366417546,39.3672157539282],[-76.6092428864586,39.3670521725701],[-76.6093107930125,39.3670529025873],[-76.6097313862183,39.367057420095],[-76.6098289174107,39.3669993415929],[-76.6098351452501,39.3669190775923],[-76.6097358942583,39.3668490824306],[-76.6097266801479,39.3668489329569],[-76.6097135313816,39.3668487208845],[-76.6095304129081,39.3668457639252],[-76.6095397562837,39.3665366838352],[-76.609540099938,39.3665257022647],[-76.6095376878173,39.3665256312046],[-76.6093205981347,39.3665192355953],[-76.6093208350663,39.3665114107612],[-76.6093247489646,39.3663820046692],[-76.6093288169901,39.3662471613214],[-76.6093317005238,39.3662471790067],[-76.6094327645606,39.3662478083223],[-76.6096111401118,39.3662530672973],[-76.6097006803107,39.3662563927731],[-76.609754092676,39.3662577265694],[-76.6097604714602,39.3660375386284],[-76.6098294475298,39.3659983313211],[-76.6098341820554,39.3659955826597],[-76.6098373218822,39.3659085870726],[-76.6098417380662,39.3658525874526],[-76.6097609615909,39.3658402351298],[-76.6092628263407,39.3657941125629],[-76.6092670797272,39.3657176323106],[-76.6093895188552,39.3657296288523],[-76.6093917966653,39.3657298516944],[-76.6093922622277,39.365716125073],[-76.6093947687054,39.3656352884416],[-76.6093948844817,39.365631547155],[-76.6094125700433,39.3656315779703],[-76.6096071691128,39.3656317296012],[-76.6097674274802,39.3656318228131],[-76.609774566126,39.3654017499326],[-76.6097764339681,39.3653415579157],[-76.6098608925387,39.365255565307],[-76.6098659327226,39.3651159340873],[-76.6097926688852,39.3651114881727],[-76.6097952417492,39.3650482215631],[-76.6098687492069,39.3650379132713],[-76.6098717794323,39.3649539482816],[-76.6098724030442,39.3649426902057],[-76.6097548846581,39.3649099439384],[-76.6097295114746,39.364912688062],[-76.6096585352437,39.3649107239857],[-76.6096593266537,39.3648829135773],[-76.6096608028187,39.3648331724336],[-76.6096611963801,39.3648194455685],[-76.6093993492722,39.3648215684367],[-76.6093997440445,39.3648078415762],[-76.6094031054315,39.3646921059028],[-76.6094040688622,39.3646583673971],[-76.6094151928777,39.3642765934103],[-76.6098047415856,39.3642637197077],[-76.6099005411395,39.3642012010198],[-76.6099011223495,39.3641653931393],[-76.6099046304688,39.3640713297158],[-76.6098095339988,39.3640422301961],[-76.6098119765192,39.3638970462519],[-76.609415816143,39.3638948889869],[-76.6094123625956,39.3635559975574],[-76.6094113212257,39.3634537781302],[-76.6093373923499,39.3634534641114],[-76.6091605559107,39.3634527684531],[-76.6089837197979,39.3634520139819],[-76.6089838142974,39.3634794697511],[-76.6089840828779,39.3635561290187],[-76.608984199278,39.3635892892459],[-76.6088073626673,39.3635885633327],[-76.6086304899352,39.3635878649562],[-76.6085067045408,39.3635873151294],[-76.6083829537995,39.3635867941113],[-76.6081353477416,39.3635857783582],[-76.6079585088277,39.3635850511609],[-76.6077463062326,39.3635841508042],[-76.607534066357,39.3635832778631],[-76.6075330046368,39.3635832743199],[-76.607292505757,39.3635822787089],[-76.6072884747011,39.3635822652479],[-76.6072421728086,39.3635566494032],[-76.6070384460457,39.3634439383905],[-76.6068616025609,39.3634443084301],[-76.6067024457092,39.3634446265639],[-76.6066847962104,39.3634446774271],[-76.6066851624688,39.3635568099803],[-76.6066852544741,39.363584972826],[-76.6065865794693,39.3635846427694],[-76.6065445009004,39.3635568501776],[-76.6065164843752,39.3635383462145],[-76.6065082434754,39.3635329033917],[-76.606508070883,39.3634877117846],[-76.6065072990619,39.363261431579],[-76.6065071662319,39.3632224534066],[-76.6065065321369,39.3630367781102],[-76.606506508976,39.3630298738591],[-76.6064145555896,39.3630295391237],[-76.6063330171067,39.363032011659],[-76.6063177356393,39.3630327558571],[-76.6061929930849,39.3630390379062],[-76.6061348831981,39.3630457339632],[-76.6061031781389,39.3630520806761],[-76.6060733793471,39.3630580464476],[-76.6060543244391,39.3630629529024],[-76.6059567354986,39.3630898877562],[-76.6059439432801,39.3630941279125],[-76.6058981671109,39.3631151698348],[-76.6058537778567,39.3631407462102],[-76.6058412832822,39.3631490496911],[-76.6057868901853,39.363187402838],[-76.6057347956986,39.3631769561581],[-76.6056395222375,39.3631082453065],[-76.6056700436081,39.3630483412394],[-76.605830096277,39.3629679652124],[-76.6059400241643,39.3629124814131],[-76.6059276804301,39.3627686819019],[-76.6059229642397,39.3627138938814],[-76.6059208189495,39.3626923644033],[-76.6059190873513,39.3626897140271],[-76.6058714423083,39.3626168348881],[-76.6058732289092,39.3626150195788],[-76.6061174695482,39.3623668597274],[-76.6061519352018,39.3623318336735],[-76.6063014448691,39.3623427675718],[-76.6063330853077,39.3623450685974],[-76.6064073616751,39.3623505072819],[-76.606407421105,39.3622762972797],[-76.6064074498442,39.3622328915953],[-76.6064075612916,39.3621171432173],[-76.6063588884641,39.3621187655719],[-76.6063977183572,39.3620744728225],[-76.6063984684044,39.362009627422],[-76.6063999065051,39.3618844121892],[-76.6064011438781,39.3617698484375],[-76.6064018409642,39.3617082698395],[-76.6064027535393,39.3616521828763],[-76.6064044211531,39.3615491518377],[-76.6064065970822,39.3614120510805],[-76.6064067992784,39.3614013428514],[-76.6063331556035,39.3614031293192],[-76.6062679995445,39.3614047495987],[-76.6061194246255,39.3614042799812],[-76.6059921401597,39.3614039094337],[-76.6059708855279,39.3614038373182],[-76.6058223464373,39.3614033935669],[-76.6056455119105,39.3614028574473],[-76.6054686808824,39.3614023183713],[-76.6053907691087,39.3614020848809],[-76.605291846371,39.3614017799184],[-76.6051150165086,39.3614012403145],[-76.6049381820026,39.3614007013298],[-76.604910950429,39.3614006386679],[-76.6047613866436,39.361400217156],[-76.6046799360722,39.361399943378],[-76.6045845174792,39.3613996514015],[-76.604462361784,39.3613992667189],[-76.6044076853068,39.3613991107262],[-76.6042448221534,39.3613986176968],[-76.6042308519718,39.3613985706818],[-76.6040540197998,39.3613980303754],[-76.6039710502266,39.361397778915],[-76.6038771876306,39.3613974898031],[-76.60386194459,39.361397437556],[-76.6036572461314,39.3612827311621],[-76.6034010356668,39.3611391557899],[-76.603386549411,39.3611305688111],[-76.6033179769812,39.3610916552037],[-76.6032339299047,39.3610439296407],[-76.6031512684685,39.3609949440524],[-76.6030685724736,39.3609459339681],[-76.6029858755842,39.3608968967993],[-76.6029032168065,39.3608479119428],[-76.6028205188392,39.3607989007733],[-76.6027378233017,39.3607498904533],[-76.6026551626979,39.3607008783906],[-76.6025713397927,39.3606512047996],[-76.6024914640263,39.3606038774095],[-76.6024413399822,39.3605741672614],[-76.6023902631376,39.3605438755942],[-76.6023666270819,39.3605298666148],[-76.602338834677,39.3605133917583],[-76.6022899434795,39.3604844270233],[-76.6022084815495,39.3604361338827],[-76.6021286768892,39.3603888344048],[-76.6020781645288,39.3603589021035],[-76.6020672729245,39.360352441162],[-76.602029169583,39.3603298540387],[-76.6019782698317,39.3602997024032],[-76.6019261351024,39.3602688034532],[-76.6018499966155,39.3602237121998],[-76.6017560829709,39.3601945857881],[-76.6016606792544,39.3601923485851],[-76.6019266976734,39.3599021865563],[-76.6020342806139,39.3598716039184],[-76.6020317503723,39.3597917788662],[-76.6022608669656,39.3595723101545],[-76.602297348639,39.3595422433913],[-76.6023666274975,39.3594898374427],[-76.6025648700158,39.3593398721207],[-76.6026819856379,39.3593226034391],[-76.6026929626443,39.3592448948305],[-76.6023767589209,39.3590150953771],[-76.6023753987961,39.3590141071683],[-76.6024974885728,39.3589309761537],[-76.6025795072395,39.3588859262565],[-76.6026221830541,39.3588625133821],[-76.602630022973,39.3588582019035],[-76.6026641922083,39.3588433506406],[-76.6026816054054,39.358835781997],[-76.6027052960381,39.3588254782903],[-76.6027404237141,39.3588102005896],[-76.6027235457687,39.3587876961896],[-76.6027129686955,39.3587735935743],[-76.6024929153112,39.3585856199667],[-76.6023666266528,39.3584777426227],[-76.6023655400327,39.3584768138867],[-76.6022777208588,39.3583772416505],[-76.6021895806665,39.3581530055974],[-76.6021433281154,39.3580249014457],[-76.6021344518547,39.3579364663041],[-76.6021249603643,39.3577862922285],[-76.6021063899631,39.3574924569129],[-76.6021272698464,39.3573350427306],[-76.6021534368319,39.3571377642682],[-76.6023666274698,39.3568695841211],[-76.6023745429491,39.3568596270611],[-76.6025056045605,39.3567635043013],[-76.6030531179682,39.3563619419974],[-76.6031519659611,39.3562230821308],[-76.6031604093874,39.3562112217282],[-76.6032453591823,39.3561710695601],[-76.6032992526777,39.3561455982473],[-76.6033503937059,39.3561214273047],[-76.6033948941904,39.3560500575628],[-76.6034238259277,39.3560051027105],[-76.6034323140859,39.3559918706081],[-76.6034415558128,39.3559777069766],[-76.6035509669621,39.3558095262893],[-76.6036034657343,39.3557288274171],[-76.6036386161823,39.3555205915657],[-76.6036702932847,39.355332579165],[-76.6031812562428,39.3552796721897],[-76.6031958107771,39.3551813521084],[-76.6032424956858,39.3549151438284],[-76.6032497980736,39.3548735037142],[-76.6032718485375,39.3547449448486],[-76.6032728991483,39.3547388260449],[-76.6031568780257,39.3547238344035],[-76.6031472172772,39.3547825968797],[-76.6027211880473,39.354739445772],[-76.6027467189842,39.3546394441949],[-76.6027698898818,39.3545231023679],[-76.6027962076293,39.3543909550189],[-76.6028564062352,39.3543575264171],[-76.6029258857744,39.3539175238646],[-76.6030881909154,39.352846158704],[-76.6031278806286,39.3527708473163],[-76.6031485457442,39.3527280056534],[-76.603193023396,39.3524390558784],[-76.6031579270496,39.3524356443156],[-76.6031799778456,39.3522994605776],[-76.60321281086,39.3523026185936],[-76.6032613703986,39.3520298824019],[-76.6032813364247,39.3519686586764],[-76.6032768700545,39.3519207213492],[-76.6033374384038,39.3515807607813],[-76.6028922731949,39.3515346164095],[-76.6027992308637,39.3515478331114],[-76.6027144108029,39.3515330824086],[-76.6027039734961,39.3515321148727],[-76.6027680758709,39.3511238342652],[-76.6028248059584,39.3510809424316],[-76.6028294058533,39.3510389445766],[-76.6027760404914,39.3510141091439],[-76.6027748415033,39.3510139979049],[-76.6028361513958,39.3506049358246],[-76.602366627296,39.3505614237876],[-76.6023307912265,39.3505581031483],[-76.6023518180754,39.3504218079287],[-76.6023666266164,39.3503258017676],[-76.6023728461753,39.3502854820787],[-76.6023938357383,39.3501491867144],[-76.6024148635148,39.3500128896683],[-76.6024358900504,39.3498765926087],[-76.6026122869252,39.3498929483412],[-76.6026141690394,39.3498792282623],[-76.6026322291769,39.3497482193148],[-76.60265102831,39.3496116138306],[-76.6026696833897,39.3494758581535],[-76.603019338274,39.3495193462784],[-76.6030826385406,39.3495654321843],[-76.6031256232901,39.349570347625],[-76.6031415689114,39.3495385349183],[-76.6031749521661,39.3495416119408],[-76.6035122959626,39.3495727069424],[-76.6035882853345,39.3495938559252],[-76.6036673268276,39.3495943043359],[-76.6037313424844,39.3491715918606],[-76.6041328382473,39.3492134381899],[-76.6042109137968,39.3486881077052],[-76.6041403391674,39.3486807326149],[-76.6041423949846,39.34866701039],[-76.6041434218949,39.3486605356935],[-76.6041642685155,39.3485242115517],[-76.6041663585702,39.3485103813517],[-76.6041850792587,39.3483878575553],[-76.6041913550571,39.3483468074352],[-76.6042026976001,39.3482726350787],[-76.6042057483797,39.3482515048743],[-76.6042148750919,39.3481879232159],[-76.604223668397,39.3481262896443],[-76.6042338951736,39.3480553814255],[-76.6042436448211,39.3479874359487],[-76.6042537259595,39.3479170478653],[-76.6042646525719,39.3478410906188],[-76.6042732621784,39.3477809678684],[-76.6042850725928,39.3476988056592],[-76.6042892664383,39.3476694987328],[-76.6043050844768,39.3475593755778],[-76.6043150582582,39.3474897014093],[-76.6043203744879,39.3474476130861],[-76.6040035304458,39.3473639525718],[-76.6040339628638,39.3471447759434],[-76.6039723274621,39.3470619871601],[-76.604057204263,39.347022679881],[-76.6041029778093,39.3467027119714],[-76.6041435296398,39.3464190480762],[-76.6040819844102,39.3463413902773],[-76.604166580768,39.3462864918729],[-76.6041943070405,39.3460704063856],[-76.6042053063266,39.3460241919515],[-76.6042316383234,39.3458566591181],[-76.6042416114529,39.3457847861976],[-76.604253852166,39.3456965615721],[-76.6041771756819,39.3456136582726],[-76.6040775079077,39.3456727979926],[-76.603903643111,39.3456543857224],[-76.6038428561941,39.3456479477587],[-76.6038442638486,39.345523323579],[-76.6038898201338,39.3454263623125],[-76.6039358741503,39.3451954582587],[-76.60394383841,39.3451555289217],[-76.6039432761893,39.3451554549682],[-76.6038950863617,39.3451491126079],[-76.6039232922871,39.3450110576006],[-76.6038003079926,39.344999385703],[-76.603582684703,39.3449787204363],[-76.6033650580602,39.3449580547548],[-76.603304788509,39.3453718961758],[-76.6032341473701,39.3453645743426],[-76.6027207082785,39.3453183914341],[-76.6025957375426,39.3453905286311],[-76.6025273881855,39.3452980765616],[-76.6021485237251,39.3452625073416],[-76.6017553254575,39.3452257597132],[-76.6016417269818,39.3452944350253],[-76.6015578316468,39.3452123090007],[-76.6015939875986,39.344966700034],[-76.6015807403371,39.3449653364511],[-76.6014118187374,39.344947936162],[-76.6012134648857,39.3449274939669],[-76.6012337156129,39.3447910843782],[-76.6008605420428,39.3447526731273],[-76.6008428729077,39.3447508557858],[-76.6008220697306,39.3448952134168],[-76.6006422025647,39.344878554002],[-76.6006477852469,39.3448412064322],[-76.6002547186467,39.3448034633967],[-76.6002648826998,39.344735245751],[-76.6003431531216,39.3442102203251],[-76.6000047442522,39.3441777433293],[-76.600069032909,39.3437629019137],[-76.6000397302441,39.3437287504295],[-76.6000500718881,39.3436767657273],[-76.600124081674,39.3436383106174],[-76.6001420951493,39.3435975419674],[-76.600188995641,39.343168748166],[-76.6001971367002,39.3431107641952],[-76.6007229580131,39.3429579804044],[-76.6005609756063,39.342612527228],[-76.6002401378107,39.3427064240209],[-76.6001487529455,39.3427056034273],[-76.6001486775145,39.3427056085753],[-76.6002523404496,39.342569789872],[-76.6003072437835,39.3421010767972],[-76.6007529648837,39.3419761364013],[-76.6007584034599,39.3419441396386],[-76.6007642187379,39.3418848028956],[-76.6008135101303,39.3414005307582],[-76.6008456987366,39.3410592651666],[-76.6008491116927,39.3410244097493],[-76.6008610608227,39.3409181171648],[-76.6008689250755,39.3408337483955],[-76.6008896034951,39.3406781497331],[-76.6008417009588,39.3406201393369],[-76.60081606911,39.3405883135906],[-76.6007734104674,39.3405353462369],[-76.600705488386,39.3404506651377],[-76.6007041775275,39.3404490294327],[-76.6008431983115,39.3403725588275],[-76.6012492141056,39.3401640644309],[-76.6012187728406,39.3401031805712],[-76.6014645740791,39.3399800235718],[-76.6015695383518,39.3399373903038],[-76.6015756678982,39.3399340548941],[-76.6016502207109,39.3398934901844],[-76.6016679543036,39.3398838312119],[-76.6017030592769,39.3398653893594],[-76.6017616404848,39.3398346741795],[-76.601902855063,39.3397604219806],[-76.6019039347127,39.3397598545629],[-76.6019034569376,39.3397594169835],[-76.6018143013729,39.339680831116],[-76.6017701613578,39.3396325916172],[-76.6017357276588,39.3395949615562],[-76.6017102343395,39.3395618042592],[-76.6016996157785,39.339547993158],[-76.6016975049641,39.3395452477353],[-76.6016701620682,39.3395144693407],[-76.6017204480892,39.3394457505729],[-76.6017323027087,39.3393520770002],[-76.6017339195604,39.3393393035776],[-76.6019799657839,39.3392237369097],[-76.6023655380685,39.3390494878688],[-76.6023777792303,39.339030876599],[-76.6023817375076,39.3390247973327],[-76.6023923754123,39.3390066301116],[-76.6024024919183,39.3389871163102],[-76.6024264737522,39.3389408818937],[-76.6024504219265,39.3388946455564],[-76.6024613227082,39.3388736535731],[-76.6024836572826,39.3388187366746],[-76.6025163887349,39.3387383493639],[-76.6025345446999,39.3386909395653],[-76.6025527009285,39.3386434784215],[-76.602566048909,39.3386084628586],[-76.6025688202289,39.3385997430851],[-76.6025831808452,39.3385543813561],[-76.6025933316166,39.3385223202412],[-76.6025975274132,39.3385183504193],[-76.6026278822154,39.3384896282117],[-76.6026669083245,39.3384527231904],[-76.6027053314642,39.3384163943978],[-76.6027463832317,39.3383775460772],[-76.6027909915206,39.3383353616806],[-76.602827104558,39.3383011922402],[-76.6028463702955,39.3382829730562],[-76.6030146395127,39.3383250262295],[-76.6030984692161,39.3385395376344],[-76.6031405843973,39.3385380071277],[-76.6031906238261,39.338536170978],[-76.6032389321532,39.3385344127341],[-76.6032891444029,39.3385325780264],[-76.6033386918533,39.3385307680767],[-76.6033882321853,39.3385289860051],[-76.6034377413476,39.3385271767852],[-76.6035101643887,39.3385245377754],[-76.6035740635096,39.3385221987502],[-76.6036241724973,39.3385203653528],[-76.6036740006359,39.3385185562081],[-76.6037217032996,39.3385168227464],[-76.603771423564,39.3385150122961],[-76.6038208979086,39.3385132027975],[-76.6038712191675,39.3385113673079],[-76.6039197723591,39.338509582587],[-76.6039697037172,39.3385077736648],[-76.6040214763394,39.3385058916577],[-76.604070135088,39.3385041054287],[-76.6040586089116,39.3382824503368],[-76.6041328285597,39.3382683675953],[-76.6044478839998,39.3382553710277],[-76.6045151052673,39.3381933051044],[-76.6044441929266,39.3381437560083],[-76.6044098605532,39.3381454221615],[-76.604123608086,39.3381593145861],[-76.6040672671261,39.3381503128335],[-76.6040504477489,39.3379146089452],[-76.6040687207432,39.3378711535772],[-76.6040619656075,39.3376690075877],[-76.6040553225016,39.3376050591596],[-76.6040856304098,39.3375907880067],[-76.6041466351443,39.3375623866028],[-76.6042065409514,39.3375344741762],[-76.604267050245,39.3375062890225],[-76.6043320255382,39.3374759786929],[-76.6043772916349,39.3374549094251],[-76.6042153407334,39.3372439487444],[-76.6042003013305,39.3371719977286],[-76.6042952387079,39.3371242354219],[-76.6043896044021,39.3371587291943],[-76.6043922015951,39.3371574660788],[-76.6045692526771,39.337071323368],[-76.6046203659763,39.337046459007],[-76.6046963484671,39.3370094974419],[-76.6047043935727,39.3370055837235],[-76.6046903446639,39.3368796948194],[-76.6046836003277,39.336819042809],[-76.6047673905946,39.3367780306677],[-76.6045199458913,39.3364727520229],[-76.6046230084272,39.3364218947872],[-76.605087431331,39.3361926977766],[-76.6054859161404,39.3360075899507],[-76.6054997961617,39.3359845872919],[-76.6056121647364,39.3357983689861],[-76.6056977800521,39.3357050261353],[-76.6055445172692,39.3356205460284],[-76.6053960384765,39.3355177020124],[-76.6052894228467,39.3354304101759],[-76.6051815570464,39.335338545446],[-76.6051820164867,39.3353268615833],[-76.6051659387758,39.3353219012081],[-76.6050578381566,39.3351754304148],[-76.6050523701631,39.3351740077775],[-76.6050537524543,39.3351694843604],[-76.6049622252897,39.3350244202741],[-76.6048889216351,39.3348687570056],[-76.6047713677701,39.3346191229668],[-76.6046427516657,39.3343189493202],[-76.6046000134048,39.3343057933605],[-76.6046230765412,39.3342769145729],[-76.6045606206036,39.3341522210488],[-76.6045798185632,39.3341192533789],[-76.6045419918047,39.3341141350837],[-76.6045017079919,39.3340294616049],[-76.6044810420662,39.3340311611433],[-76.6044635325079,39.3339897713812],[-76.6043972636472,39.3339433949255],[-76.6042913286109,39.3339357567166],[-76.6041807004003,39.3337029803081],[-76.6041662115042,39.3336638624477],[-76.6040629024585,39.3334384444479],[-76.6041724223454,39.3334316712483],[-76.6041294267046,39.3332997937582],[-76.6040085052448,39.3333001638185],[-76.6039103691476,39.3331065000662],[-76.6040183892635,39.333099024778],[-76.6039600971384,39.3329732757194],[-76.6038568272408,39.3329725908646],[-76.6037498793448,39.3327426105885],[-76.6038441718821,39.3327204015736],[-76.6037888558071,39.3326018486182],[-76.60368012993,39.3325954470782],[-76.603590756644,39.3323882094419],[-76.6035637681368,39.3323468794316],[-76.6035017509946,39.332203054827],[-76.6035834283846,39.3321316667026],[-76.6035943452688,39.3319884817026],[-76.6035826130456,39.3316240836775],[-76.6034855606649,39.3315962465542],[-76.6034943407664,39.3285786259772],[-76.6035563707384,39.3285277284463],[-76.6034697689808,39.3284747856788],[-76.6034722677305,39.3283612563518],[-76.6023666270519,39.3283709271372],[-76.6018644063205,39.3283753170705],[-76.6017398654102,39.3282904128944],[-76.6016227222649,39.3283722310064],[-76.5993916724291,39.3283627503964],[-76.5992752160829,39.3282925939171],[-76.599167950698,39.32837353441],[-76.5980148707717,39.328359933362],[-76.5978862421436,39.3282824927399],[-76.5978662170584,39.3282986602584],[-76.5978660369247,39.3282938172078],[-76.5977561246503,39.3281860356397],[-76.5977682080147,39.3280460922567],[-76.5978049570631,39.3279056486815],[-76.5978721463402,39.3277518015786],[-76.5979572105327,39.3276189093844],[-76.5980992807381,39.3274197970075],[-76.5983286849909,39.3270986447665],[-76.5987399376613,39.3265254730962],[-76.5989097847914,39.3262832418845],[-76.5991948609346,39.3258865012465],[-76.5994152809687,39.3256144331876],[-76.6002031600529,39.324809582402],[-76.6003029385653,39.3248181321031],[-76.6003728246195,39.3247464780753],[-76.6003442243352,39.3246713851744],[-76.6005381681381,39.3244881542889],[-76.6005799333628,39.3244472228645],[-76.6007626739357,39.3242423994464],[-76.6008590843803,39.3242504454286],[-76.6008943121136,39.3242092692038],[-76.6008935098813,39.3241523515983],[-76.6006702473516,39.3240032854331],[-76.6008310421231,39.3238333040544],[-76.6008896809513,39.3237713180032],[-76.6009399267491,39.3237181992481],[-76.6009880748275,39.3236672964045],[-76.6010823083855,39.323567625643],[-76.601131275001,39.3235159013294],[-76.6010840137784,39.3235005254351],[-76.6010843498328,39.3235001599697],[-76.601084667332,39.3234997944414],[-76.6011340192881,39.3234428515778],[-76.6011388019326,39.3234442982019],[-76.6011520836041,39.3234483119855],[-76.6011886301996,39.3234593576137],[-76.6014540115991,39.3235395635737],[-76.6016699404634,39.3233029754384],[-76.6016826025403,39.3232892908951],[-76.6018194878007,39.3231410577275],[-76.6019097550235,39.323141257213],[-76.6019573479596,39.323089476556],[-76.6019274152217,39.3230323729094],[-76.6019364188195,39.3230233508485],[-76.6023666273222,39.3225922309728],[-76.6026578645464,39.3223003715844],[-76.6026581141199,39.3223001220192],[-76.6032604387011,39.3216965010594],[-76.6033941225446,39.3215700561022],[-76.6034961819508,39.3215561181322],[-76.6035549723211,39.3214984224161],[-76.6035520354081,39.3214163936265],[-76.6023666273444,39.3206878599889],[-76.6016703869676,39.3202599490599],[-76.6015763403556,39.3202011786443],[-76.6016703849823,39.3201091937052],[-76.6022216183326,39.3195697930283],[-76.6023666271615,39.3194278954483],[-76.6025173047151,39.3192804493047],[-76.6025999446652,39.3191980892084],[-76.6029460157191,39.3192804428362],[-76.6032895379074,39.3193575426544],[-76.6035099407206,39.3194110281873],[-76.603840714685,39.3194543429867],[-76.6039826707966,39.3194724194107],[-76.6043818993544,39.3195242817783],[-76.6047305021411,39.3195698032779],[-76.6052716126459,39.319640461019],[-76.6055757006443,39.3193107796455],[-76.6057235287077,39.3191644223674],[-76.6054332397035,39.3191295807503],[-76.605522554566,39.3189656985775],[-76.6055123081165,39.3187807837864],[-76.605746652946,39.3189233612459],[-76.6059731038293,39.3187725312055],[-76.6063469195537,39.3187377600946],[-76.6064103317322,39.31875452561],[-76.6064401320909,39.3187246510582],[-76.606420664885,39.3186639210702],[-76.6065755224608,39.318517457435],[-76.6065932771524,39.3184985208933],[-76.6065958960284,39.3184957274179],[-76.6067296416781,39.3183687284294],[-76.6068409924329,39.3182502412462],[-76.6070460562084,39.3182461458769],[-76.6070815730522,39.3181957630162],[-76.6071689753905,39.3181903282079],[-76.6077086093158,39.3181704937335],[-76.6077427007357,39.3182766549542],[-76.6077596547098,39.3183294506154],[-76.6079760858294,39.3184618186726],[-76.6081187185264,39.3185490809841],[-76.6081889258062,39.3185919792167],[-76.6082562438333,39.318633112209],[-76.6083350820167,39.3186813382495],[-76.6085439916077,39.3184691999271],[-76.6090899276267,39.3185137136554],[-76.6090899131867,39.318512757008],[-76.6090922036179,39.3185129393724],[-76.6090921152872,39.3185215998155],[-76.609201411655,39.3185216534431],[-76.6092015021047,39.3185216537438],[-76.6092051007437,39.3182785732729],[-76.6093408639324,39.3182738218879],[-76.6093781552,39.3181641684008],[-76.6094883917885,39.3181618487026],[-76.609578508157,39.3182645357703],[-76.6095857026471,39.3182642984521],[-76.6101075275956,39.3182470627314],[-76.6101132432894,39.3182468736194],[-76.6101132385527,39.3182606001742],[-76.6101130701714,39.3184791384276],[-76.6102865111093,39.3184712601222],[-76.6103017503697,39.3184707431803],[-76.6103041872144,39.3184706602846],[-76.6103926371784,39.3184676856076],[-76.6104516769631,39.3184656861811],[-76.6105021952753,39.3184639863578],[-76.6105505562469,39.3184623631339],[-76.610600333414,39.318460687835],[-76.6106523364771,39.3184589099974],[-76.6106997790392,39.3184572818679],[-76.610751850203,39.3184555609593],[-76.6107982337334,39.3184539842285],[-76.6108485067943,39.3184521735524],[-76.6108980001389,39.3184504431425],[-76.6109342711952,39.3184491634535],[-76.6109519832421,39.3184485627367],[-76.6109696584728,39.3184479087511],[-76.6109949712874,39.3184469990084],[-76.6111044457161,39.3184447995744],[-76.6112200662711,39.3184438544013],[-76.6112277062712,39.3184437923017],[-76.6112302765013,39.3184453960368],[-76.6112885747665,39.3184817712024],[-76.6112991422904,39.3184883681363],[-76.6113097086566,39.3184949650655],[-76.6113516622501,39.3185211319574],[-76.6113977717063,39.318549892331],[-76.6114502700141,39.318548107671],[-76.611505887161,39.3185462161994],[-76.61155599326,39.3185433507881],[-76.6116075412327,39.3185404027475],[-76.611621643322,39.3185395963379],[-76.6116846462619,39.3185359934387],[-76.6117510804702,39.3185321937673],[-76.6118306377171,39.3185276438396],[-76.6119675231654,39.3185198143541],[-76.6120988405945,39.318512304114],[-76.612148838767,39.3185094443991],[-76.6121381150798,39.318340366575],[-76.6121910360499,39.3183378119352],[-76.6122439570163,39.3183352572716],[-76.6122968744999,39.3183327025726],[-76.6123498035808,39.3183301469874],[-76.6124027024981,39.3183275930803],[-76.6124556164915,39.3183250382984],[-76.6125085444014,39.3183224826379],[-76.6125615013025,39.3183199261483],[-76.6126143677257,39.3183173738404],[-76.6126673165019,39.3183148172764],[-76.6127202455512,39.318312262425],[-76.6127731409631,39.3183097083397],[-76.6127627020514,39.3181451253602],[-76.6128246198574,39.3180392414165],[-76.612830147146,39.3180389353546],[-76.612882324085,39.3180381641455],[-76.612970367041,39.3181368334217],[-76.6129862967806,39.3183788469398],[-76.6129867514519,39.3183856284015],[-76.6129885452694,39.3184130613228],[-76.6135327037114,39.3183917900159],[-76.6135363353471,39.3184452562154],[-76.6135391454824,39.3184871090128],[-76.6135421654698,39.318531523339],[-76.6136126518283,39.3185286961423],[-76.6136125510263,39.3185271906536],[-76.6136081317974,39.3184609816253],[-76.6137832896618,39.3184535343652],[-76.6138394845572,39.3184511446714],[-76.6138940115102,39.3184488260351],[-76.6139681848624,39.3184456720554],[-76.6140431353391,39.3184424854516],[-76.6141498241785,39.3184379482901],[-76.6141445156032,39.3183533042635],[-76.6142740355877,39.3183501723576],[-76.6143574472164,39.318348154577],[-76.6144847863325,39.3183438794337],[-76.6146038522996,39.3183398778743],[-76.6146687582288,39.3183377001033],[-76.6147277605402,39.3183357236277],[-76.6147917838274,39.3183335744216],[-76.6148278221763,39.3183354021662],[-76.61486210124,39.318326151184],[-76.6148587807299,39.3182784166339],[-76.6148764555935,39.3182778152041],[-76.6149311814658,39.3182759912519],[-76.6150035601594,39.3182735666539],[-76.6150388610653,39.3182723843055],[-76.6150370599558,39.3182465763506],[-76.6150339798889,39.3182019510891],[-76.6150306980722,39.3181551858787],[-76.6150278449199,39.3181140481722],[-76.6150273189059,39.3181064882345],[-76.6152814638512,39.3180964501751],[-76.615278654602,39.3180561710353],[-76.6153026925762,39.3179997256981],[-76.6153161787448,39.3179681399159],[-76.6153336351804,39.3179361771011],[-76.6153344338676,39.3179347349081],[-76.6154243335895,39.3179315522171],[-76.6155082178676,39.3180441550295],[-76.6155247621253,39.3182728066288],[-76.6155250760949,39.318277137573],[-76.6155270588899,39.3183045449497],[-76.6156491305081,39.3183001116964],[-76.6156673740135,39.3182994318404],[-76.615712907783,39.3182977684232],[-76.6157721231338,39.3182956272823],[-76.6158319046582,39.3182934348179],[-76.6158891760427,39.3182913710336],[-76.6159493460388,39.3182891779776],[-76.6162778562688,39.3182772036329],[-76.6162916565004,39.3183634479954],[-76.6165593406543,39.3183594530877],[-76.6165646391158,39.3183602909599],[-76.6165637912205,39.3183463895839],[-76.6165554794336,39.3182101335691],[-76.6165502054142,39.3180062031152],[-76.6165783724539,39.31800517808],[-76.6168961188828,39.3179936127659],[-76.6169457310229,39.3179133453885],[-76.6169653236214,39.3178816478117],[-76.6170894006274,39.3178756991302],[-76.617108588638,39.3179083923064],[-76.6171531109981,39.3179842519034],[-76.6171838134698,39.3179831322967],[-76.6172424301186,39.3179809956717],[-76.6173025291174,39.3179787935857],[-76.6173895318773,39.317975644095],[-76.6174754387937,39.3179724927746],[-76.6175296919252,39.3179705399692],[-76.6175313655935,39.3179704787603],[-76.6175529281362,39.3183049379565],[-76.6176700181146,39.3183006701468],[-76.6177230804514,39.3182987358965],[-76.6177343440294,39.318298933768],[-76.6177773213929,39.3182973684256],[-76.6178299974967,39.3182954472828],[-76.6178830957829,39.3182935112757],[-76.617936550139,39.3182915628908],[-76.6179900311681,39.3182896136675],[-76.6180428823953,39.3182876866934],[-76.6180945691196,39.3182858027505],[-76.6181532544227,39.3182836631915],[-76.6182122215655,39.3182815137097],[-76.6182737195103,39.318279272435],[-76.6182521997106,39.3179442136171],[-76.6183137005284,39.3178373292156],[-76.6183886950719,39.3178333374153],[-76.618485144149,39.3179344555635],[-76.6185009939112,39.318181244718],[-76.6185024556697,39.3182039754454],[-76.6185027541996,39.318208623396],[-76.6188001388734,39.318197782199],[-76.6188354564648,39.3181964960789],[-76.6190296475888,39.3181894116896],[-76.6190344441534,39.3181852468464],[-76.619054731374,39.3181676344416],[-76.6191016651498,39.318166308429],[-76.6193491687546,39.318157086757],[-76.6193486493897,39.3181488503969],[-76.6196310797923,39.3181383162606],[-76.6196292463046,39.3181108833184],[-76.6196148364801,39.3178915259942],[-76.6196960575851,39.3178111039529],[-76.6196925241795,39.3177073276389],[-76.6195968894554,39.3176201576643],[-76.6195499497499,39.3169347023462],[-76.619545131455,39.3168644829844],[-76.6195126018562,39.3163463034116],[-76.6195978687904,39.3162945393456],[-76.6195978657709,39.3162942375836],[-76.6195970231672,39.3161981830745],[-76.6195010443164,39.3161619323228],[-76.6194798583746,39.3158246353379],[-76.6194787485793,39.3158069283453],[-76.6194781535771,39.315797228912],[-76.6190099205567,39.3158145511305],[-76.6190063290116,39.315761081597],[-76.6189949101581,39.3155910877902],[-76.6189933683214,39.3155681343055],[-76.618993069841,39.3155636890221],[-76.6190566336583,39.3155613144245],[-76.6191201579107,39.3155589648855],[-76.6191072519726,39.3153609546395],[-76.6191017744251,39.3152769182362],[-76.6194446492377,39.3152635872663],[-76.6195214369646,39.3151915585635],[-76.619521716001,39.3151395526814],[-76.6194332196875,39.3150815773971],[-76.619115584998,39.3150944983271],[-76.6190875251724,39.3150956468173],[-76.6190802669552,39.3150959412572],[-76.6189589161762,39.3151008749108],[-76.6189578377034,39.3150924709896],[-76.6189298970438,39.314874865599],[-76.6189308096417,39.3148474586361],[-76.6189232290977,39.3145579598619],[-76.6189203052772,39.3145179272066],[-76.6189202242601,39.3145168199181],[-76.6189413469489,39.3145159570321],[-76.6189814269363,39.3145143197082],[-76.6189872341323,39.3145140890275],[-76.6190426538425,39.3145118411631],[-76.6191578645645,39.31450717757],[-76.6191573083026,39.3144989113553],[-76.6191540087581,39.3144484954044],[-76.619140752715,39.3142450920499],[-76.6191401963072,39.3142368537572],[-76.6193758635831,39.3142275765875],[-76.6194488606953,39.3141672373235],[-76.6194438775394,39.314084793238],[-76.6193599851725,39.3140481536192],[-76.6193582242319,39.314019341819],[-76.619347249541,39.3138397284478],[-76.6193467833216,39.313832182226],[-76.6193464035691,39.3138260252462],[-76.6190287391469,39.3138388332378],[-76.6190053195559,39.3134548831491],[-76.6189920352065,39.3132367910314],[-76.6189853084383,39.3132092106618],[-76.6189686384883,39.3131408578614],[-76.6189960659865,39.3130556814378],[-76.6193012307989,39.3130434662803],[-76.6193724867863,39.3130504356347],[-76.6194098581272,39.3130894674327],[-76.6195129402923,39.3130864774502],[-76.6195360977942,39.3130345627214],[-76.6203216670012,39.313001137219],[-76.6203322723276,39.3130006769691],[-76.6203426309696,39.3130001609753],[-76.6204099404949,39.3129972762162],[-76.6205396555816,39.3129917681798],[-76.6205541728772,39.3129911521006],[-76.6207905987828,39.312716679138],[-76.620695855827,39.31266843796],[-76.6206725014303,39.3126472218849],[-76.6205396560393,39.3124843915851],[-76.6203342991887,39.3122326836841],[-76.6203549760301,39.3121798176792],[-76.6203482167095,39.3120954267221],[-76.6203362831062,39.3120732863673],[-76.6203321560085,39.3120651194084],[-76.6203181594286,39.3120324020384],[-76.6202907823045,39.3119705948177],[-76.620228351174,39.3119339872998],[-76.6202217625799,39.311930121589],[-76.620212496951,39.3119246826164],[-76.6201362046146,39.3118764465537],[-76.6200728108576,39.3118282233186],[-76.6200184852727,39.3117630060192],[-76.6199980117939,39.3116989142155],[-76.6199094171154,39.3116578568621],[-76.6198932562737,39.3114156782714],[-76.6197821792708,39.3114214972038],[-76.6197676828752,39.3111656838407],[-76.6194075852017,39.3111782951698],[-76.6193478701446,39.3111061666162],[-76.6193536472722,39.311062448304],[-76.6193904019016,39.3110323371384],[-76.619344873029,39.3109752178571],[-76.6194133355121,39.3109481413452],[-76.6194298962677,39.3109125872596],[-76.6194581105774,39.310911295071],[-76.6195498561541,39.3107203385655],[-76.6195575186217,39.31070512441],[-76.6195041871519,39.3106230047059],[-76.6195141724756,39.3105990769697],[-76.6195291017017,39.3105633023039],[-76.6194928495292,39.3105181931403],[-76.6195120712539,39.3104843581879],[-76.6194656312131,39.3104157964109],[-76.6194514800338,39.3103917130507],[-76.6194690078752,39.3103617377562],[-76.6195775829425,39.3101314168761],[-76.6197589895816,39.3097765491344],[-76.6200117890306,39.3092577710281],[-76.6200885533416,39.3092571869366],[-76.6201171576995,39.309199404116],[-76.6200662653307,39.3091555493707],[-76.6201523740705,39.309047971367],[-76.620153421449,39.3090474694292],[-76.6201873405146,39.3090652816015],[-76.6202660275618,39.3091066076237],[-76.6203551220329,39.3090745385865],[-76.6205067933704,39.3091607956715],[-76.6205366649715,39.3091738143651],[-76.6206298909509,39.3092223165635],[-76.6208925085721,39.3093854738049],[-76.6211321686616,39.3095101671694],[-76.6216823653333,39.3097988679565],[-76.6224786469842,39.3102651507408],[-76.623154822804,39.3106610939564],[-76.623305828502,39.3107495160481],[-76.6233837081851,39.3107474957709],[-76.6234036659994,39.310822314225],[-76.6234811046238,39.3109863699216],[-76.623668561957,39.3109947952504],[-76.6236907213385,39.3110409046578],[-76.6237322240231,39.3110393162129],[-76.6239704766343,39.3110321377921],[-76.624135684446,39.3111216977616],[-76.6242517664167,39.3111845561038],[-76.6245063822613,39.3113294014349],[-76.624725396157,39.3114705195924],[-76.6249258695083,39.3116093559976],[-76.6251397931306,39.311770092652],[-76.6252962159561,39.3118899630274],[-76.6254349727956,39.3119977527189],[-76.6255745111331,39.3121148504188],[-76.6257249228796,39.3122547905637],[-76.6258692129226,39.3124039545529],[-76.6260138434203,39.312555517246],[-76.6260639640801,39.3126112018964],[-76.6261956762775,39.3127829181411],[-76.6264974230437,39.3131745983163],[-76.6266876080317,39.3133841116605],[-76.6269830552438,39.3136909825843],[-76.6270983509316,39.3138058549485],[-76.6272157540571,39.313947830337],[-76.6272372600042,39.3139723882328],[-76.627278930081,39.3140213313153],[-76.6272941042424,39.3140393909012],[-76.6273045823199,39.3140492630586],[-76.6273425222337,39.3140858395572],[-76.6274430222234,39.3141827855978],[-76.627580069057,39.3143133986236],[-76.6276578972081,39.3143870602156],[-76.6279334125551,39.3146721005829],[-76.6282250826697,39.3149844067265],[-76.6285459361126,39.3153252834538],[-76.6286172153267,39.3154052532706],[-76.6287889154508,39.3156013581637],[-76.6289703708249,39.315801925293],[-76.6291326385145,39.3160561074203],[-76.629272291252,39.3163578506526],[-76.6293634543769,39.3165486085982],[-76.629664653833,39.3169795556599],[-76.6296977165346,39.3170268601603],[-76.6299196662888,39.3169587364157],[-76.6300405349367,39.3169706511027],[-76.630515083179,39.3169689202215],[-76.6311714197468,39.3169691605531],[-76.631654873762,39.3169667504321],[-76.6321223623546,39.3169649927358],[-76.6322748010988,39.3169729955952],[-76.6325424686392,39.3169875422616],[-76.6325844824755,39.3170754789354],[-76.6329675230728,39.317113850762],[-76.633151547316,39.3171331312568],[-76.6332007045308,39.3171324226711],[-76.6334822559697,39.3171354763958],[-76.6338184918038,39.3171417741124],[-76.634129918512,39.3171472658267],[-76.6343380987028,39.3171364696896],[-76.6347167490183,39.3171158796412],[-76.6348126633275,39.3171105696395],[-76.6349653755654,39.3171034047957],[-76.6350827998751,39.3170959806625],[-76.6351925168287,39.317098810068],[-76.6353591457425,39.317100612562],[-76.6355607091253,39.3171042066622],[-76.6357954298679,39.3171074528003],[-76.6359103752695,39.3171044635678],[-76.6360413371203,39.3171003573517],[-76.6360607081634,39.3170994985736],[-76.6361394012728,39.3171565058269],[-76.636962396564,39.3171369879848],[-76.6374368592633,39.3169543768156],[-76.6376356790224,39.3168721289423],[-76.6379100385648,39.3167566955978],[-76.6381373696672,39.3166621475736],[-76.6383489646638,39.3165745927643],[-76.6384921498916,39.3165033856835],[-76.638573201468,39.3164546565851],[-76.638706198611,39.3163976687078],[-76.6388237456112,39.3163316959362],[-76.6389262666418,39.3162727261672],[-76.6390602679851,39.3161992139738],[-76.6391363037494,39.3161531857481],[-76.6392961676874,39.3160617646759],[-76.6393905197205,39.3160230994021],[-76.6396206459927,39.3159307819354],[-76.6397947566421,39.315875890637],[-76.6400828113475,39.3157833597768],[-76.6402058894915,39.3157571725671],[-76.6404793609154,39.3157262588786],[-76.6407410410548,39.3157199089514],[-76.6408071766062,39.3156528942788],[-76.6408249082057,39.3156516748092],[-76.6409069288288,39.3156867755596],[-76.6409546774933,39.3157084548308],[-76.6411606934391,39.3157260281121],[-76.6415433517887,39.3157204096367],[-76.6418786039555,39.3156688503251],[-76.642078954386,39.3156050731194],[-76.6423933246774,39.3155625427343],[-76.6424545047857,39.315562220861],[-76.6426873175437,39.3155747215895],[-76.6429047816279,39.3156225522586],[-76.6430842238196,39.3156824686432],[-76.6431423605285,39.3157018807534],[-76.6435441515431,39.315887766003],[-76.6440427732337,39.3162170438457],[-76.6442398130526,39.3163080381452],[-76.6444116313257,39.3163793058983],[-76.6446037031943,39.3164506319457],[-76.6447655090442,39.3164982872154],[-76.6449223056358,39.3165341326825],[-76.6450992688819,39.316589694146],[-76.6454351477789,39.3166874406028],[-76.6457313961871,39.316813895193],[-76.6460587163495,39.3169802666411],[-76.6464522715371,39.3171787194413],[-76.6476244550368,39.3183193997358],[-76.6476227419634,39.3183369619497],[-76.6476104938703,39.3185567913745],[-76.6476581472873,39.3186479137137],[-76.6479253207135,39.3184770456473],[-76.6480905177149,39.3186248393439],[-76.6480333275691,39.3186807749681],[-76.6478658278144,39.3188045003015],[-76.6480132288847,39.3188856320331],[-76.6481487623966,39.3189593148675],[-76.6482500867518,39.3190243578445],[-76.6484056712002,39.319112962778],[-76.6487115706864,39.3192667628654],[-76.6489222283499,39.3193587717072],[-76.6492916043782,39.3195158809685],[-76.6497068338634,39.3196923936914],[-76.6501134067091,39.3198561272335],[-76.6505485862711,39.3200161765766],[-76.6505995010386,39.3200404050162],[-76.6506486027406,39.319974598022],[-76.6507272220193,39.3199825159946],[-76.6507523822997,39.3199548899805],[-76.651031786106,39.3196481081797],[-76.6509928741797,39.3195981315794],[-76.6510164977687,39.3195740228781],[-76.6510937703151,39.3195800504367],[-76.6513725240537,39.3192739819663],[-76.6516567609581,39.3189619138508],[-76.6516266947907,39.3189248984506],[-76.6516656276805,39.3188924868352],[-76.6517024139878,39.3189117899602],[-76.65191773202,39.3187197545582],[-76.6521449129778,39.3185686344484],[-76.6523141521446,39.3185068924538],[-76.652371952997,39.3184858039129],[-76.6523405215863,39.3184334529698],[-76.6523855820722,39.3184257344113],[-76.6523561660392,39.3183700872794],[-76.6523490515983,39.3183566288311],[-76.652445347752,39.3183314368039],[-76.6524648909052,39.318330267774],[-76.6525006065633,39.3183903192627],[-76.6525104822261,39.3184068313048],[-76.6525138258368,39.3184124294499],[-76.6525258888479,39.3184106627132],[-76.6525346457107,39.3184093780106],[-76.6525387850785,39.3184087723335],[-76.6525421388233,39.3184082796297],[-76.6525526491894,39.3184067289839],[-76.6525632987836,39.318405163436],[-76.652569779883,39.3184042314027],[-76.6525817228603,39.3184274367253],[-76.652637878072,39.3184236249968],[-76.6526421146206,39.3184235393366],[-76.6527854692268,39.3184209409286],[-76.6530376056637,39.3184445619369],[-76.653127409569,39.3184531364521],[-76.6531253967021,39.3184308017961],[-76.6531407085817,39.3184305398318],[-76.653177158645,39.3184301871196],[-76.6531968424535,39.3184633315892],[-76.653204228821,39.318465563828],[-76.6532723890588,39.3184865443597],[-76.6533722271654,39.3185169779887],[-76.6533724367512,39.3185130080968],[-76.6533732662147,39.3184939632644],[-76.6534101412598,39.318496350016],[-76.6534238565092,39.3185280833831],[-76.6534546533938,39.3185391246261],[-76.6536388197459,39.3186050098004],[-76.6536716404749,39.3185951126912],[-76.653693392356,39.3186075648151],[-76.6536794520313,39.3186228374026],[-76.6538677660544,39.3186843657958],[-76.6538907301675,39.318663484664],[-76.6539275592256,39.3186774538727],[-76.6539272456425,39.3186991745558],[-76.6539499676793,39.3187065087199],[-76.6540157024683,39.3187279527686],[-76.654286825238,39.3188164143847],[-76.6544117701776,39.3188571210779],[-76.6544151819844,39.3188544720941],[-76.6544395337293,39.3188355657796],[-76.6544665270695,39.3188502228953],[-76.6544524528084,39.3188718256557],[-76.6545613563292,39.3189068886585],[-76.6546312112225,39.3189293794331],[-76.6546670041279,39.318940909733],[-76.6546894554495,39.3189481438751],[-76.6547067185795,39.3189537053887],[-76.6547313188875,39.318961619598],[-76.6548275920368,39.3189926026769],[-76.6549480001506,39.3190313561552],[-76.6549501655759,39.3190300870497],[-76.6549839987772,39.3190099221882],[-76.65499102897,39.3190250817434],[-76.6550005110452,39.3190454025911],[-76.6550822890771,39.3190711077456],[-76.6552096424332,39.3191110784344],[-76.6554124588807,39.3191745888991],[-76.6555654830852,39.3192220710612],[-76.6555942136601,39.3192141061505],[-76.6556247152568,39.3192053726774],[-76.6556597368902,39.3192227183615],[-76.6556609322557,39.3192230037988],[-76.6556607901995,39.3192231231824],[-76.6556279481021,39.3192407609327],[-76.655916292285,39.3193373039196],[-76.6559576633422,39.3193211412653],[-76.6559804641029,39.3193355182335],[-76.6559568734067,39.3193532128798],[-76.6566336492683,39.3195732971252],[-76.6566623344865,39.3195531491712],[-76.6566799452849,39.3195897161414],[-76.6577795032221,39.3199502119702],[-76.6581947669557,39.3200848062197],[-76.6586249080065,39.3202148988215],[-76.6586518440007,39.3201938184339],[-76.6586638830222,39.3202266965547],[-76.6586923374599,39.320236600071],[-76.6593385298697,39.3204458779995],[-76.6593893271567,39.3204097880475],[-76.6594269766088,39.3204245460533],[-76.6594257321282,39.3204769724111],[-76.6598587999126,39.3206259711895],[-76.6625985652279,39.3214566863063],[-76.6632072435005,39.3216403439048],[-76.6638405089821,39.3218335616579],[-76.6638404966424,39.321833718353],[-76.6637636400813,39.3219639756859],[-76.6638389270473,39.3219884257115],[-76.6639250763032,39.3220523866017],[-76.6638832376517,39.3221391064197],[-76.6638583247889,39.3221898266349],[-76.6638356777783,39.3222322619259],[-76.6638012221567,39.3222902310874],[-76.6637585019378,39.3223541881964],[-76.6637247955307,39.3224033177205],[-76.6636395244475,39.3225103700901],[-76.6635864821521,39.3225666087954],[-76.6635432257233,39.322609562414],[-76.6635140379102,39.3226372885921],[-76.663475304677,39.3226728158454],[-76.6634255129631,39.3227148436526],[-76.6633819388792,39.3227501633507],[-76.6633450802577,39.3227779792093],[-76.6633048180758,39.3228077084059],[-76.6632469107201,39.3228467746429],[-76.6631943683457,39.3228799265925],[-76.6631422123504,39.3229132705845],[-76.663021191631,39.3229781586368],[-76.6629487480131,39.3230114173517],[-76.6628980980562,39.3230328522432],[-76.6628548891273,39.3230505469287],[-76.6628171699154,39.3230658676596],[-76.6627745723572,39.3230815599021],[-76.6627183435015,39.3231016600121],[-76.662632232566,39.3231322175957],[-76.6625626850841,39.3231582648795],[-76.6625146333697,39.3231761373956],[-76.6623319578897,39.3232425185743],[-76.6627453519875,39.3239706028683],[-76.6627740616933,39.3240211470074],[-76.6632650852023,39.3238426698166],[-76.6632809139911,39.32374747356],[-76.6643371140021,39.3237563711615],[-76.6642974833822,39.3241009259795],[-76.6639516255664,39.3261834071669],[-76.6639259000285,39.3265171023102],[-76.6639236606456,39.3265346938267],[-76.6639254072848,39.3267553803439],[-76.6639568539971,39.3269746988547],[-76.6640176598313,39.3271902550723],[-76.6640442315591,39.3272822487633],[-76.664113487475,39.3275348957425],[-76.6644965706781,39.3289328379846],[-76.6651125991759,39.3310125673584],[-76.6652014343225,39.3311928689245],[-76.6652221988406,39.3312673063418],[-76.6652448544009,39.3313485245573],[-76.6654744353904,39.3321715320268],[-76.6654445181393,39.3321963489252],[-76.6655022531093,39.3324422342064],[-76.6656796434973,39.3329822643923],[-76.6656801729226,39.3329838746311],[-76.6656873429338,39.3329807388074],[-76.6659581258044,39.3328622993157],[-76.665999988012,39.3329454409682],[-76.6660575622051,39.3330597885615],[-76.6664411619545,39.3328599094517],[-76.6664877592829,39.3330019812866],[-76.666555075276,39.3331441136704],[-76.666641122639,39.3332800119206],[-76.6667450224208,39.3334081638542],[-76.6668655831294,39.3335271653876],[-76.6668698192305,39.3335206983248],[-76.6668757146986,39.3335150601471],[-76.6668829495518,39.3335104670273],[-76.666891306871,39.3335071705594],[-76.6669003326642,39.3335052730426],[-76.666909666969,39.3335048599283],[-76.6669189256136,39.3335059850735],[-76.6669276437613,39.333508590414],[-76.6669355100573,39.3335125372537],[-76.6669421320665,39.3335176632472],[-76.6669472637798,39.3335237461142],[-76.6669506256824,39.3335305355561],[-76.6669582772402,39.3335424182608],[-76.6669781187868,39.3335635050964],[-76.6670006871851,39.3335828702203],[-76.667035642768,39.3336151456934],[-76.6671066533254,39.3336708615991],[-76.6671847978156,39.333720528431],[-76.6672691591536,39.333763569804],[-76.6672892452272,39.333774353642],[-76.6673154244523,39.3337907600644],[-76.667349341101,39.3338069523811],[-76.6673553507844,39.3338098463705],[-76.6674229141885,39.3338461214305],[-76.6676492384758,39.3339455715755],[-76.6678877078305,39.3340261111024],[-76.6680834684056,39.3340920338525],[-76.6682812074506,39.3341585932802],[-76.6683411074035,39.3341789408077],[-76.6684972580397,39.3342328369351],[-76.6686854582566,39.3342978041816],[-76.6687997682156,39.3343334328409],[-76.6689444134857,39.3343833416785],[-76.6689570128017,39.3343876872297],[-76.6691340981359,39.3344487789683],[-76.6692211448324,39.3344777955646],[-76.6693943543436,39.3345358837243],[-76.6695611728864,39.3345917828647],[-76.6699902439842,39.3347298871427],[-76.6705781916623,39.3349191264407],[-76.6707669259634,39.3349613020605],[-76.6700738406134,39.3352062884065],[-76.6699476686229,39.3352508769289],[-76.6698773740797,39.3352757175707],[-76.6699807534799,39.3353050010421],[-76.6704607175785,39.3354664739483],[-76.6707951325148,39.3355789781782],[-76.6715682096849,39.3359175717201],[-76.6715608016802,39.3359367684259],[-76.6716693634197,39.3360077675896],[-76.6719316515245,39.3361772932349],[-76.6722726519252,39.3364080677401],[-76.6729389345755,39.3368589736201],[-76.6729868267892,39.3368851609052],[-76.6728266231934,39.3369489328688],[-76.6727725917059,39.3369739583052],[-76.6727755726895,39.3370360360432],[-76.672734316891,39.3370527137885],[-76.6726691875322,39.3370145795653],[-76.6726050159454,39.3370395730865],[-76.6723421807677,39.3371417103861],[-76.6723772961368,39.3371970383363],[-76.6723826654666,39.3372055752485],[-76.672412515206,39.3372530304129],[-76.672370996147,39.3373246167102],[-76.6726197956879,39.3377079633933],[-76.6726017612259,39.3377149182616],[-76.6717929129093,39.3380268885805],[-76.6719983914762,39.3383414229518],[-76.6720063953125,39.3383536755944],[-76.6719747335055,39.3383658869216],[-76.6719667898267,39.3383689606156],[-76.6716683214553,39.338484460378],[-76.6716598583419,39.3384877298636],[-76.6715944676136,39.3385133652552],[-76.6715300096799,39.3385316900709],[-76.6715220599765,39.3385195339273],[-76.6715162077063,39.3385105830887],[-76.6714476352867,39.3385371877172],[-76.6713824652395,39.3385624840268],[-76.6713201271542,39.3385866613866],[-76.6713022408349,39.3385936119651],[-76.6712610472374,39.3386096129034],[-76.6711933957409,39.3386359443306],[-76.6711298510714,39.3386606424479],[-76.6710684363746,39.3386845196069],[-76.6710062384242,39.3387086980926],[-76.6709448561144,39.3387325770791],[-76.6708806407193,39.3387575452089],[-76.6708157164312,39.3387827869464],[-76.6707534845444,39.3388069922255],[-76.6706893736566,39.3388319073995],[-76.6706261504604,39.3388564944521],[-76.670567484231,39.3388437457665],[-76.6704869166214,39.3389103813391],[-76.6704814840105,39.338912484663],[-76.6704182728016,39.3389369572427],[-76.6703534195824,39.3389620611097],[-76.6702804214094,39.3389903271299],[-76.6702174808206,39.3390146949734],[-76.6701519883375,39.3390400437398],[-76.6700789552094,39.3390683086359],[-76.6700119739107,39.3390942584463],[-76.669944109598,39.339120506588],[-76.6698764589182,39.3391467012458],[-76.6698101178895,39.3391723771111],[-76.6697370112774,39.3392006704117],[-76.6696733975472,39.339225283777],[-76.6696045762922,39.3392519685969],[-76.6695309890958,39.3392509420851],[-76.6694531838839,39.3393119361411],[-76.6696160000963,39.3395619901128],[-76.6694175603533,39.3396426821172],[-76.6694170251455,39.3397256094476],[-76.6694120672811,39.339736579183],[-76.6693982251041,39.3397672061002],[-76.6692562460456,39.3398363225951],[-76.6692461512329,39.3398506367469],[-76.6691269411125,39.3400196601478],[-76.6692664460285,39.3400587792963],[-76.669493566139,39.3401224656231],[-76.6698631232425,39.3402260753413],[-76.6698413218839,39.3402737697747],[-76.6697649987252,39.3404407416375],[-76.6697836430494,39.3404460111184],[-76.6700409478342,39.340518665195],[-76.6700586027414,39.340523682349],[-76.6701258484358,39.3403724046188],[-76.6704828377397,39.3404725993188],[-76.6705346017395,39.3404991740315],[-76.6706197934405,39.340506232281],[-76.6707061616407,39.3405307159569],[-76.6707688021238,39.3405484892341],[-76.6708348311024,39.34056723396],[-76.6708357670919,39.3405675104069],[-76.6709008254463,39.3405859506286],[-76.6709668209807,39.340604668164],[-76.6710328153984,39.3406233838575],[-76.6710987737622,39.340642127336],[-76.6711633572976,39.3406604291701],[-76.6712497271587,39.3406848854268],[-76.6712982067532,39.3407106543581],[-76.6713815411233,39.3407215755568],[-76.6714670196025,39.3407479252275],[-76.6715366428617,39.3407693701237],[-76.6716012527668,39.3407892904265],[-76.6716667465051,39.3408094869882],[-76.6716734545442,39.3408115369001],[-76.6717309220283,39.3408317947793],[-76.6717839055968,39.3408504205743],[-76.6717760478211,39.3408674479188],[-76.6718904381256,39.3409111452565],[-76.6719651201824,39.3409396604437],[-76.6720321088448,39.3409652420159],[-76.6721118743228,39.3409957214009],[-76.6721756833107,39.3410211003622],[-76.6722514946943,39.3410502778596],[-76.6723506177111,39.3410686176749],[-76.6724515211927,39.3410779603325],[-76.6724559632474,39.3410791256608],[-76.6725325325128,39.3410992147801],[-76.6726038302148,39.3411179191374],[-76.6726767905127,39.3411370658419],[-76.6727462877057,39.3411553246356],[-76.6728176956028,39.3411740543901],[-76.6728287747153,39.3411494372677],[-76.6736294838757,39.3413532754388],[-76.673701524795,39.3413935927361],[-76.6737950149305,39.3414012553927],[-76.6742588697549,39.3415332502564],[-76.6743184568218,39.3415502061051],[-76.6743870651273,39.3415697243045],[-76.6744485787473,39.3415872465861],[-76.6745095952649,39.3416046575683],[-76.674582546952,39.3416253946745],[-76.6746516152881,39.3416450518058],[-76.6746991072341,39.3416667866612],[-76.6747856219953,39.3416831988673],[-76.6748690255842,39.3417069596796],[-76.6749394009269,39.3417269751484],[-76.6750134845298,39.3417480754128],[-76.6750867178914,39.3417689219731],[-76.6751596349844,39.3417896874474],[-76.675233541503,39.3418107294355],[-76.6753073067974,39.3418317160415],[-76.6753799773155,39.3418523987297],[-76.6754449310227,39.3418708991859],[-76.6754458694085,39.341871166595],[-76.6754944942819,39.3418925691775],[-76.675571549219,39.3419070352067],[-76.6755745073934,39.3419077648655],[-76.675652262659,39.3419299134145],[-76.6757132450951,39.3419472957514],[-76.6757775120193,39.3419655923619],[-76.6758363062881,39.3419823101565],[-76.6759143279562,39.3420000149973],[-76.6759664479395,39.3420148732079],[-76.6760253140903,39.342031618128],[-76.6760864717379,39.3420490286762],[-76.6761468890554,39.3420662443939],[-76.6762059277531,39.3420830725667],[-76.6762711149736,39.3421015894204],[-76.6763235167196,39.3421165067961],[-76.6763417029936,39.3421216902014],[-76.6763847486304,39.3421339444149],[-76.6764837758984,39.342162134602],[-76.6764840794286,39.3421622210078],[-76.6765507270382,39.3421973099993],[-76.6766247641197,39.3422077145877],[-76.676650599672,39.3422113561949],[-76.6767125020072,39.3422290981358],[-76.6767669515788,39.342244733432],[-76.676819635841,39.3422598125951],[-76.6768727784814,39.3422751136765],[-76.6769256052147,39.3422902490295],[-76.6769790308149,39.3423055787631],[-76.6770318191944,39.3423207400843],[-76.6770847176616,39.3423359314086],[-76.677098749523,39.342339949433],[-76.6770816217917,39.3423789162876],[-76.6770616866893,39.3424242707056],[-76.6770414269807,39.3424703394183],[-76.6770218493765,39.3425148724318],[-76.6770006276114,39.3425630534386],[-76.6769801538325,39.3426097511703],[-76.6769595426364,39.3426565602124],[-76.6769385310993,39.3427044103103],[-76.6769179170273,39.3427513292266],[-76.6768978363669,39.3427970137849],[-76.6768768998579,39.3428446731184],[-76.6768571075141,39.342889699117],[-76.6768370267795,39.3429353827622],[-76.6768150192974,39.3429853720639],[-76.6767946197271,39.3430317691136],[-76.6767742163953,39.3430782219948],[-76.67675385079,39.3431245362612],[-76.676732951586,39.3431721127989],[-76.6767122996242,39.3432191405588],[-76.6766920768285,39.3432651552579],[-76.6766717484871,39.3433114146647],[-76.6766232972567,39.3433406564415],[-76.6766322694947,39.3434008093253],[-76.6766249062002,39.3434172006117],[-76.6768173312553,39.3434687874481],[-76.6769356953338,39.3435001983038],[-76.6770262843271,39.3435243042784],[-76.6770943046321,39.3434794377527],[-76.6771219355787,39.3434868276728],[-76.6771580941159,39.3434883294267],[-76.6772138479421,39.3435227134518],[-76.6774496388319,39.3437506036341],[-76.6774279531275,39.3437997697402],[-76.677406089568,39.3438492650256],[-76.6773841168324,39.3438990374355],[-76.6773626093586,39.3439477653548],[-76.6773401737486,39.3439985471183],[-76.6773337023693,39.3440132123679],[-76.6773295975405,39.3440225138831],[-76.6773657188914,39.3440567133379],[-76.677408777347,39.3440975450699],[-76.6774519755812,39.3441385167841],[-76.677494365336,39.3441787179304],[-76.6775375983474,39.3442197167295],[-76.6775790017844,39.344258979267],[-76.6776220258034,39.3442997847016],[-76.6776601177293,39.3443359098492],[-76.6779054763101,39.3441785559734],[-76.6779278684691,39.3441998108954],[-76.6781829778444,39.3444417103754],[-76.6781899938146,39.3444483626493],[-76.678302289418,39.3444429979927],[-76.6783133370772,39.3444536326655],[-76.6783328695379,39.3444719018278],[-76.678323889706,39.3445738611516],[-76.6785793176831,39.3448146553962],[-76.6784964442156,39.344867829329],[-76.6784472921038,39.3448993497069],[-76.6783956245719,39.3449324836192],[-76.6783437442083,39.3449657259163],[-76.6782925370793,39.3449986142391],[-76.6782552858113,39.3450224837653],[-76.678252166858,39.345024427139],[-76.6782770735837,39.3450479082989],[-76.6783332656746,39.3451008842972],[-76.6783826621591,39.3451474734284],[-76.6784321653149,39.3451940889512],[-76.6784817027123,39.3452408423596],[-76.6785290225816,39.3452854486181],[-76.6785852162132,39.3453384235944],[-76.6788243357705,39.3451855175727],[-76.6789127383484,39.3451289897369],[-76.6789416468097,39.3451562215661],[-76.6791913344414,39.3453916042033],[-76.6793044964095,39.3454004438581],[-76.6793553345085,39.3454493496127],[-76.6793237657174,39.3455164823164],[-76.679593538268,39.3457707875958],[-76.6796160012802,39.3457919892321],[-76.6794400208161,39.3459046680073],[-76.6792886525755,39.3460015921181],[-76.6793353751539,39.3460456199342],[-76.679384560375,39.3460920152919],[-76.6794212852433,39.3461266057545],[-76.6794327652356,39.3461374189403],[-76.6794052050809,39.3461546209295],[-76.6794054592122,39.3461548612199],[-76.6793098531061,39.3462159347238],[-76.6789825027441,39.3464250143022],[-76.6789219642611,39.3464730152802],[-76.6788462405962,39.3465124654379],[-76.678846538622,39.3465127472835],[-76.6785188307102,39.3467220425618],[-76.6783973720634,39.3467996245849],[-76.6780696974411,39.3470089231944],[-76.678013679541,39.3470534276866],[-76.6779331302117,39.3470961283254],[-76.6776054528519,39.3473054247207],[-76.6775781829328,39.3473228927925],[-76.6774582115055,39.3473995186245],[-76.6774573561672,39.3473985741021],[-76.6773665588155,39.3472983174047],[-76.6772676519765,39.3473615203402],[-76.6772020814807,39.3474033725587],[-76.6771446297619,39.3474400326393],[-76.6770790588704,39.3474819397327],[-76.6770151564706,39.347522754269],[-76.6769495819377,39.347564663081],[-76.6768770243102,39.3476109717048],[-76.6764147149398,39.3479062407005],[-76.6768284896462,39.3482471682612],[-76.6768222581365,39.3483205597806],[-76.6767986199509,39.3483367585967],[-76.6766828361456,39.3483452621294],[-76.6765730296828,39.3482547706605],[-76.6764031893342,39.3481148387953],[-76.6763858817324,39.3481005765534],[-76.6763471496867,39.3480686656499],[-76.6763304511313,39.3480549193997],[-76.6762722536723,39.3480069892353],[-76.6762538494379,39.3480187166602],[-76.67588236835,39.348255175567],[-76.6758719775908,39.3482616818041],[-76.6759555415772,39.3483297794263],[-76.6760143758527,39.348377740321],[-76.6761077677263,39.3484539103372],[-76.6761323762019,39.3484739673839],[-76.6761570146877,39.3484950765743],[-76.6762139532999,39.3485438644298],[-76.6762769168998,39.3486042505816],[-76.6758635179544,39.3488669802978],[-76.6758571149548,39.3489565846298],[-76.6758349789552,39.3489709525808],[-76.6756395899982,39.3490262290741],[-76.6754936043648,39.3491059481129],[-76.6754262258678,39.3490287676477],[-76.6752579419715,39.3491189328885],[-76.67527043283,39.3491326667647],[-76.67532809558,39.3491963291826],[-76.6751803797359,39.3492770059451],[-76.6751655951067,39.349285080781],[-76.6749201861466,39.3491323033173],[-76.6747764282455,39.3490428440442],[-76.6747347513278,39.3490168936871],[-76.6745796592477,39.3491015738079],[-76.6745248529255,39.349131509577],[-76.6745145378693,39.3491371385803],[-76.6744493455301,39.349172731043],[-76.6743893276037,39.3492054833493],[-76.6743275766293,39.3492391919156],[-76.6742676281975,39.3492719443517],[-76.6741953118294,39.3493114432687],[-76.6741229907443,39.3493509412271],[-76.6740353753881,39.3493987898501],[-76.6738605921037,39.3494942413371],[-76.6738410586966,39.3495048672451],[-76.6738462150073,39.3495122874447],[-76.6738605556374,39.3495329253795],[-76.6739139534656,39.3495936645582],[-76.6741480054453,39.3498407742937],[-76.6741333701615,39.3499053889472],[-76.6740812054323,39.3499301147315],[-76.6740023818924,39.349918727921],[-76.6737853998648,39.349689645862],[-76.6737725545948,39.349676076583],[-76.6737603132134,39.3496621225602],[-76.6737087440047,39.3496033646141],[-76.6737045144125,39.3495972566584],[-76.673366851357,39.3497993840616],[-76.6732466582476,39.3498658247656],[-76.6732522689286,39.3498715636683],[-76.6732657849441,39.3498853312289],[-76.6733010771982,39.3499214283252],[-76.6732606225947,39.3499436533981],[-76.6732193631084,39.3499663202854],[-76.6731582798561,39.3499998769626],[-76.6731362551086,39.3499773530491],[-76.6731228110123,39.349963589277],[-76.673082396355,39.3499856882956],[-76.6730415220413,39.3500080850683],[-76.6730017467936,39.3500298849896],[-76.6729396719413,39.3500638396251],[-76.672900214245,39.350085445835],[-76.6728662519623,39.3501040750586],[-76.6728372889641,39.3501198907558],[-76.6727968761953,39.3501420446262],[-76.672753909414,39.3501655632035],[-76.6727142748689,39.3501872544288],[-76.6726742157357,39.3502091858573],[-76.6726309999717,39.3502328406089],[-76.6725715136875,39.3502654034048],[-76.6728043551252,39.3505746671442],[-76.6727757419422,39.3505910602724],[-76.6727722967313,39.350592972866],[-76.6726282596675,39.3506729054226],[-76.672527035012,39.3507291099243],[-76.6725429884214,39.3507697723767],[-76.6724605068011,39.3508152453442],[-76.6724442080542,39.3508244622614],[-76.6723719367175,39.3508152561962],[-76.6722418086738,39.3508874977722],[-76.6721929884329,39.3508382316501],[-76.6720672594117,39.3508997088303],[-76.6720898480439,39.3509302357936],[-76.6720593804228,39.35094416275],[-76.6720416611548,39.3509522127924],[-76.6719033126786,39.3510154515754],[-76.6719330937503,39.3510588774333],[-76.6718403206075,39.3511103940447],[-76.6718556342252,39.3511513574498],[-76.6717686824025,39.3511986612704],[-76.6717600401795,39.3512034534074],[-76.6716748883956,39.3512045136341],[-76.6715790749762,39.351257839244],[-76.671515284034,39.3512176123008],[-76.6713856421888,39.3512774753987],[-76.6713678874468,39.3512856351305],[-76.6714149427089,39.351349186913],[-76.6713716179586,39.3513733362992],[-76.6711456093763,39.3514990342368],[-76.6711480398044,39.3515428197483],[-76.6710700984797,39.3515860381682],[-76.671008425469,39.3515754188305],[-76.6709868055119,39.3515874489823],[-76.6707341619433,39.3517280238919],[-76.6706903099851,39.3517514293386],[-76.6704335894785,39.3518865282857],[-76.6704398832563,39.3519244923388],[-76.6703879783869,39.351952366195],[-76.6703829959211,39.3519552526134],[-76.6703235502371,39.3519581007347],[-76.6703205397216,39.3519540785924],[-76.6702210810794,39.3518211944107],[-76.6700135664774,39.351914836924],[-76.6700334470059,39.3519438019951],[-76.6699015038968,39.3519297602086],[-76.6697619494162,39.3517433067899],[-76.6697594625683,39.3517444302352],[-76.6698776056024,39.3521999703217],[-76.6698882448225,39.3522409947082],[-76.6698202197847,39.3522763685598],[-76.6697893665258,39.3522924141859],[-76.6697009891893,39.3522755626051],[-76.6696436054202,39.3520667195567],[-76.6696305849394,39.3520074358412],[-76.6693045310908,39.3520709844059],[-76.6692718156351,39.3520773507028],[-76.6692379180411,39.3520839460563],[-76.6691727563129,39.3520966676516],[-76.6691016131713,39.3521105244258],[-76.6689984035764,39.3521306321083],[-76.6688966790543,39.3521504700568],[-76.6688276957634,39.3521638940865],[-76.6687626047929,39.3521765868302],[-76.6686923451566,39.3521902792086],[-76.6686202461085,39.3522043257568],[-76.668560572247,39.3522159635753],[-76.6684484057494,39.3522378037736],[-76.6682769181887,39.3522712248872],[-76.6681129342866,39.3523032122341],[-76.6680360781845,39.3520492619673],[-76.6679595244559,39.3517992361099],[-76.6674635391928,39.3518958747038],[-76.6674450279255,39.3518994730536],[-76.6673562581805,39.3519167656872],[-76.667349774896,39.3518967887263],[-76.6670151182006,39.3519620063088],[-76.6669481041044,39.3519750664106],[-76.6670916735675,39.3524424486086],[-76.6671874184515,39.3527541363741],[-76.6671773184111,39.3527698239111],[-76.6671471807207,39.3528166329675],[-76.6671062804103,39.3528247958892],[-76.6670157804672,39.3527920165913],[-76.6669750687812,39.3527997890802],[-76.6667459170816,39.352050162091],[-76.6660348786673,39.352625867328],[-76.6659966321208,39.3526568342516],[-76.6657052573403,39.3528927461299],[-76.6654569551349,39.3530937833495],[-76.6654102666394,39.3531534713992],[-76.6653125120406,39.3531716124419],[-76.6652709927689,39.3531793171888],[-76.6652072516651,39.3531385069075],[-76.6651360067407,39.3531433148539],[-76.6650878697326,39.353092578645],[-76.6650750623919,39.3530788148764],[-76.6649054744841,39.3528966648958],[-76.664862690327,39.3528507195724],[-76.6648095636197,39.3527936278064],[-76.6647489417715,39.352728525074],[-76.6646866647911,39.3526616323203],[-76.6646260801664,39.3525965566495],[-76.6645614474606,39.3525271314294],[-76.6645035341722,39.3524649213638],[-76.6644429488643,39.3523998158673],[-76.6643756776327,39.352327582606],[-76.664315055413,39.3522624814385],[-76.6642602719131,39.3522036273354],[-76.6642597513136,39.3522038041957],[-76.6641714632413,39.3522337854415],[-76.6641454297745,39.3522426257183],[-76.6640536270614,39.3521473614051],[-76.6640653234724,39.3521261796682],[-76.6641114654199,39.3520426191303],[-76.6640652967334,39.3519925456446],[-76.6640051017828,39.3519272518701],[-76.6639404390057,39.3518570848944],[-76.6638890393952,39.351801370356],[-76.6638288091932,39.3517359944181],[-76.6637685453383,39.3516706435722],[-76.6636989912921,39.3515951922328],[-76.6636387600284,39.3515298693329],[-76.6635731839612,39.3514586825949],[-76.6634904385919,39.3513689445552],[-76.6633860922906,39.3512557532646],[-76.663317806254,39.3511817050697],[-76.6632614131142,39.351187281302],[-76.6632437229195,39.3511889879844],[-76.663231023019,39.3511752234115],[-76.6631863087032,39.3511267201183],[-76.6629309685169,39.350849740022],[-76.6627397297589,39.350783236646],[-76.6626769475502,39.3506899162731],[-76.6625882915007,39.3506911949582],[-76.6625876839399,39.3506777154192],[-76.662532218154,39.3506791397429],[-76.6620922232784,39.3506904441324],[-76.6620762677226,39.350709648025],[-76.6620507410378,39.3507475481206],[-76.6619699903638,39.3507505001203],[-76.6618975660686,39.3507147981658],[-76.6614680434448,39.3507261366381],[-76.6614679857576,39.3507250979169],[-76.6614654080115,39.3506781933855],[-76.6614563729729,39.3505115175656],[-76.6614483456759,39.3505040273046],[-76.6613686162861,39.3504353260328],[-76.6613674289769,39.3503506799197],[-76.6607072538362,39.3503678571527],[-76.6606012270081,39.3503706262813],[-76.6604951643369,39.3503733681885],[-76.6603891723007,39.3503761363256],[-76.6602756117659,39.3503790743575],[-76.6602059057901,39.3503808779854],[-76.6602040590074,39.3503851962085],[-76.66010380642,39.3506194388581],[-76.6601021053703,39.3506787630898],[-76.6600997603241,39.350762300996],[-76.6600645358398,39.3507632142997],[-76.6600257774319,39.3507564043246],[-76.6600237057862,39.3507555957738],[-76.660002728758,39.3507474140317],[-76.6599369486859,39.3507172381139],[-76.6596716896234,39.3508275167654],[-76.6595814116329,39.3508338263371],[-76.6595085372349,39.350838918895],[-76.6594488053718,39.350883075004],[-76.6594473914545,39.3508834915551],[-76.6588203322091,39.351410176598],[-76.657679814806,39.3523517691056],[-76.6573943884439,39.3525888866003],[-76.657054886679,39.3528706800747],[-76.6567891063095,39.353096075281],[-76.6567482275455,39.3531320855791],[-76.6566895016444,39.3532027763299],[-76.6566155119789,39.3533002978855],[-76.6557374205293,39.3545216578796],[-76.6550184641671,39.3555127505545],[-76.6549136398252,39.3556660507389],[-76.6548716383774,39.3557293476994],[-76.6548335036864,39.3558041314264],[-76.6548056494698,39.3558816088085],[-76.6547883596552,39.3559609015636],[-76.6547702205208,39.3561054522554],[-76.654758072168,39.3562108419299],[-76.6547403632376,39.3564190068434],[-76.6546692666081,39.3568730620301],[-76.6545843773998,39.3572489491171],[-76.6544281426493,39.3573261212575],[-76.6541904703681,39.3574642283799],[-76.6539702054704,39.3576190508318],[-76.6537715298086,39.3577812720589],[-76.6535425085284,39.3580158788663],[-76.6534042903878,39.3581812428012],[-76.6533980988795,39.3581886484488],[-76.6528643071914,39.3589911479488],[-76.6525692341746,39.3593139320378],[-76.6524414417533,39.3594221619645],[-76.6522084066925,39.3595947941578],[-76.6519570816592,39.3597513773243],[-76.6516893408506,39.3598904441914],[-76.6514442107705,39.3599880641951],[-76.6511874848917,39.3600656717958],[-76.6511512441574,39.3600747752528],[-76.6511150034183,39.3600838777979],[-76.6510099643244,39.3601113503231],[-76.650988508037,39.3601169622033],[-76.6505547829745,39.3602631395843],[-76.6505805488353,39.3604349456788],[-76.6511033556187,39.3603267455877],[-76.6511344553706,39.3604288429622],[-76.6510654281824,39.3605977843636],[-76.6509341225892,39.3609163193628],[-76.6508044641043,39.3612319028522],[-76.6507515449173,39.3613743407801],[-76.650700324887,39.361512176446],[-76.6505984891833,39.3617877630191],[-76.650480841382,39.3621709542733],[-76.6504243231319,39.3624652368426],[-76.6503897648334,39.3626885857315],[-76.6503784747004,39.3627614705536],[-76.6503670957933,39.3629391254062],[-76.650360104689,39.3630872751944],[-76.6503826680846,39.363496003668],[-76.650402535554,39.3637559761612],[-76.650435193533,39.3642910234281],[-76.6504630877571,39.3646662754315],[-76.650484289617,39.3649640278234],[-76.6505003881526,39.3651782747289],[-76.6505291393431,39.3657017806688],[-76.6505483262173,39.3659785794076],[-76.6505736356498,39.3661751198802],[-76.6507062240709,39.3666511625672],[-76.6507265385936,39.366709032224],[-76.6507305499109,39.3668060796706],[-76.6507684087138,39.3669162639987],[-76.6507897423598,39.3669364300013],[-76.6508866199185,39.3670653573123],[-76.6511732211868,39.3675039695971],[-76.6512416426784,39.3675940309489],[-76.6512535658454,39.3676077674172],[-76.6513229529411,39.3676879405878],[-76.6513974880658,39.3677765706816],[-76.6514452902616,39.3678343117914],[-76.6515426666642,39.3679488939583],[-76.6516410368207,39.3680629835777],[-76.6517415701864,39.3681759283734],[-76.6518401877948,39.3682898546145],[-76.6519385239536,39.3684039717919],[-76.6520371421961,39.3685178978595],[-76.6521373592351,39.3686310052948],[-76.6522369006296,39.3687444673335],[-76.6523326148032,39.3688598941856],[-76.6524259142889,39.3689765217065],[-76.652516239957,39.3690945419079],[-76.6525961440871,39.3692170052103],[-76.6526657009197,39.3693431993708],[-76.6527273581887,39.3694718679019],[-76.6527718771468,39.3696047147559],[-76.6528156864317,39.3697377234259],[-76.6528453360432,39.3698730511093],[-76.6528652906915,39.3700094229417],[-76.6528855166152,39.3702489127538],[-76.6528946799187,39.3704796129384],[-76.6528903817687,39.3707285285962],[-76.6528893073848,39.3707419851252],[-76.6529587665461,39.3711664601932],[-76.653014264876,39.3713676402784],[-76.6530666369309,39.3715280960389],[-76.6531837644808,39.3718831188132],[-76.6532017792446,39.3719617872481],[-76.6205396565164,39.3719659617397]]]},"properties":{"OBJECTID":6,"DistrictNumber":5,"Dist_Abbr":"ND","Dist_Alt":"NORTHERN","Dist_Name":"Northern","DistrictName":"Northern","District":"5","Shape__Area":335499094.06866455,"Shape__Length":106824.03780089979}},{"type":"Feature","id":7,"geometry":{"type":"Polygon","coordinates":[[[-76.6235864493435,39.2862103061902],[-76.6235270321338,39.2861640625823],[-76.6234896207968,39.2861653893014],[-76.6234641190769,39.2861647842198],[-76.6234031498373,39.2861336269214],[-76.6233871320978,39.2858231652442],[-76.6233851801667,39.2857781893949],[-76.6233835620413,39.2857458802156],[-76.6234739090748,39.285719232582],[-76.6234708972355,39.2856337199905],[-76.6233764606762,39.285614582339],[-76.6233755438097,39.2855971199483],[-76.6233739601722,39.2855624643951],[-76.6233731509888,39.2855487351031],[-76.6233727637182,39.2855350053623],[-76.6233707446142,39.2855029038714],[-76.6233691558662,39.2854694300993],[-76.6233687674235,39.2854557030567],[-76.6233653124807,39.2853613273469],[-76.6233600000302,39.2852162058041],[-76.6233594706952,39.2852017270738],[-76.6233592422236,39.2852004418559],[-76.6234531902779,39.2851309133374],[-76.6234475908849,39.2849719074369],[-76.6234456599626,39.2849170746147],[-76.6226412295243,39.2853711025541],[-76.622592788723,39.2853767775593],[-76.6225351470775,39.2853626224488],[-76.6224719171709,39.2853315357581],[-76.622385283598,39.2853495445517],[-76.622344282175,39.2853331648125],[-76.622331163693,39.2853372814509],[-76.6222550746088,39.2852749121998],[-76.6221813279892,39.2852284659815],[-76.6220458011832,39.2851919743356],[-76.6219176126318,39.2851798546279],[-76.6213725722274,39.2852041761481],[-76.6206903988829,39.2852271138223],[-76.6206548710129,39.2851921153157],[-76.6206524491118,39.2851922209905],[-76.6206208728881,39.2852295636611],[-76.6205396586502,39.2852311433994],[-76.6205265734873,39.2852313983809],[-76.6202939277218,39.2852349252245],[-76.6198506166067,39.2852500717446],[-76.6194038766602,39.285263066175],[-76.619238624961,39.2852672191108],[-76.6192219067714,39.2852545965973],[-76.6190059885102,39.2852640111444],[-76.6189785519724,39.2850431833831],[-76.6189557799516,39.2846896020976],[-76.6189533050714,39.2846164918716],[-76.6189396490237,39.2842131379006],[-76.6189380734568,39.2841665994455],[-76.6189759933803,39.284133631172],[-76.6190115784205,39.2841026946376],[-76.6190118387173,39.2840542245982],[-76.6189743684128,39.2840425498937],[-76.6189219213495,39.2840262083866],[-76.6189281426384,39.2838869230764],[-76.6187049847464,39.2839542712829],[-76.6181784723605,39.2839927728572],[-76.6177393186954,39.2840062810148],[-76.6176789898758,39.283953234286],[-76.6176065381401,39.283955296297],[-76.617588481911,39.2840138320656],[-76.6164986250949,39.2840665757073],[-76.6164693185912,39.2840182262188],[-76.6164101652699,39.2840214793822],[-76.616398064994,39.2840719924182],[-76.6155640010723,39.2841186689055],[-76.6147522170845,39.2841458813279],[-76.6147058172901,39.2840854528682],[-76.6146314173609,39.284089355018],[-76.614616169623,39.2841523285948],[-76.6136194640263,39.2842019047926],[-76.6133887579485,39.2842160812449],[-76.6133447880444,39.2841568330344],[-76.6132787344996,39.284160298809],[-76.613274168771,39.2841605377925],[-76.6132666048619,39.2841145749371],[-76.6130536508026,39.2841265113305],[-76.6130241177034,39.2838200901418],[-76.6130004273724,39.283574283328],[-76.6130000582087,39.2835701404081],[-76.6129996131888,39.2835652423997],[-76.6129993750612,39.2835627879394],[-76.6129990796079,39.2835593685742],[-76.6129988281425,39.2835565970018],[-76.6129986649677,39.2835548507874],[-76.6129984141705,39.2835519567136],[-76.6129975840944,39.2835430670608],[-76.6129937308144,39.2835004618336],[-76.6129930187671,39.2834926705984],[-76.6129896669091,39.2834556733654],[-76.6129596888072,39.2831253326949],[-76.6129411554375,39.2829211859456],[-76.6129402894213,39.2829123006761],[-76.6129395173351,39.2828966086562],[-76.6129307253278,39.2827437617732],[-76.6129214890436,39.2825790918143],[-76.6129027398486,39.2822509795982],[-76.6128393352451,39.2822208986515],[-76.6128410774703,39.2821726514539],[-76.6129004225919,39.2821337827762],[-76.6127879589519,39.2809077724048],[-76.6127450602901,39.280877600453],[-76.6127814324971,39.2808366356723],[-76.6127578211655,39.2805792396326],[-76.6126457893992,39.2805839739583],[-76.6126446081682,39.2805757307854],[-76.612637151806,39.2805218901209],[-76.6126356522238,39.2804868310889],[-76.6125662893005,39.2804638220299],[-76.6125634624038,39.2804211741949],[-76.6125548905693,39.2802918846459],[-76.6125434067853,39.2802923683076],[-76.6123618563985,39.2803001707192],[-76.6122982527185,39.2803030630274],[-76.6122386413793,39.2803056117788],[-76.6122116813459,39.2803067306982],[-76.6121233810116,39.2803105574355],[-76.6120752173691,39.2803126502877],[-76.6120748281931,39.2803070930967],[-76.6120120719871,39.2803093025684],[-76.6119608360723,39.2803115590728],[-76.6119056425204,39.2803139574099],[-76.6119060362869,39.2803199442806],[-76.6118203480276,39.2803236136801],[-76.6117903113802,39.2803250520145],[-76.611796029531,39.2804098534205],[-76.6117470189995,39.2804120802553],[-76.6117449486404,39.2803837669377],[-76.6116932885274,39.280386012015],[-76.6116415937893,39.2803882299322],[-76.6116412003064,39.2803824070005],[-76.6116314829445,39.2803828702914],[-76.611534737302,39.2803870235634],[-76.6115371988424,39.2804213516719],[-76.6115400825637,39.2804621873866],[-76.611542505996,39.2805038998223],[-76.6115410209137,39.2805039705751],[-76.6114710028867,39.2805073141232],[-76.6114738629053,39.2805480272564],[-76.6114620977032,39.2805490962784],[-76.6114141853559,39.280551194195],[-76.6113953505534,39.2805657359526],[-76.6113068110474,39.2806340946399],[-76.6112727786104,39.2806565704478],[-76.6112279564304,39.2806592459958],[-76.6111541953758,39.2806387662013],[-76.6111359099802,39.2805782194404],[-76.611110147942,39.2804929120721],[-76.6111069303508,39.2804515005543],[-76.6110185015436,39.2804552503721],[-76.6110131924767,39.2803609021939],[-76.6110040946806,39.2803612458816],[-76.6109913023762,39.2803617250583],[-76.6108826460057,39.2803668562086],[-76.6108670895537,39.2803747142725],[-76.610845874198,39.280385430623],[-76.6104169414313,39.2804025887989],[-76.6099426533311,39.2804215593683],[-76.6099479511853,39.280499137156],[-76.6099570290826,39.2806320721695],[-76.6099121011742,39.2806704125721],[-76.6098164204937,39.2806719773728],[-76.6097985537348,39.280652266077],[-76.609780910478,39.280632801429],[-76.609661574016,39.2806243160682],[-76.60964390834,39.2806249437429],[-76.6075462720634,39.2807151589227],[-76.6075286406719,39.2808298437051],[-76.6074903276469,39.2808955110142],[-76.6074673111615,39.2808964726798],[-76.6072569109427,39.2809052670214],[-76.6070541465337,39.2809159006673],[-76.6070557992124,39.2809477238461],[-76.6070485845931,39.2809478825657],[-76.6070832916964,39.2814771040849],[-76.6071024465467,39.2818459467384],[-76.6071033248725,39.2818662879975],[-76.6071071420069,39.2819547403492],[-76.6071195889051,39.2822588497251],[-76.6066015773377,39.282727068145],[-76.6065977988206,39.2827335508889],[-76.6065628267558,39.2827935479449],[-76.6041221794515,39.281733262405],[-76.6023666278982,39.2789154864533],[-76.6022969529706,39.278803647738],[-76.6006664044925,39.2761182854019],[-76.5936426883038,39.2779213529631],[-76.5892949883195,39.277662610227],[-76.5880769853375,39.2769913097469],[-76.5775644278114,39.2704321598883],[-76.5769966406589,39.2700347136957],[-76.574752205235,39.265642946784],[-76.5718119155095,39.2622405333455],[-76.5713600837355,39.2608392708577],[-76.5698607097288,39.2599268343789],[-76.5686935018346,39.2591972131395],[-76.568256033351,39.2596049659763],[-76.56801294684,39.2597719476152],[-76.5672812502352,39.259472364159],[-76.5672729282684,39.2593557512827],[-76.5652654998277,39.250659913008],[-76.5395633220406,39.2327927135701],[-76.5298430824474,39.2251157307032],[-76.5298604566502,39.2096308203381],[-76.5327973041737,39.2077901267456],[-76.5497253125269,39.1972334512795],[-76.5499331550687,39.1973001062237],[-76.578874678053,39.2065816655701],[-76.5814455099661,39.2074061341356],[-76.5814572628003,39.2074099025975],[-76.583673126764,39.2081205322011],[-76.5886134367929,39.2127666594136],[-76.5888750820713,39.213022928943],[-76.5891182843749,39.2132414437065],[-76.5972075930161,39.2208490547927],[-76.5972530940137,39.220891849316],[-76.6004441513345,39.2238928832653],[-76.6008520107489,39.224276455819],[-76.602366627112,39.2257010298425],[-76.6081839529701,39.2311717999879],[-76.6081990724955,39.2311860196607],[-76.6084049265898,39.2313796149505],[-76.6092628894387,39.2321865208684],[-76.6115436847985,39.2343314683959],[-76.6116107584724,39.2343945482157],[-76.6121116431358,39.2346131344343],[-76.6172950561976,39.2368751795956],[-76.6178344001327,39.2371105488382],[-76.6182325696567,39.2372843120073],[-76.6187003799369,39.2374884642498],[-76.6597874100266,39.2554188736116],[-76.6613299778512,39.2560920834145],[-76.6642155187657,39.2573513072841],[-76.6643319260822,39.2574021037729],[-76.6895028166823,39.2683866994118],[-76.6894892480282,39.2683899089871],[-76.689506146035,39.2683972723642],[-76.6894884687046,39.2684009043437],[-76.689424941,39.2684139982963],[-76.6892559916289,39.2684487757272],[-76.6891360124421,39.2684734787036],[-76.6890870756934,39.2684835539044],[-76.6889175262876,39.2685184670768],[-76.6888362360049,39.2685313145908],[-76.6888302222275,39.2685322660765],[-76.6888227594981,39.2685185186731],[-76.6887089204988,39.2683092002973],[-76.6887014218976,39.2682954518893],[-76.6880247928208,39.2685190372668],[-76.687453365227,39.268713356434],[-76.6872675540686,39.2687753234055],[-76.6868803256219,39.2689046212386],[-76.6866992518974,39.2689650082926],[-76.6865672392322,39.2690090501557],[-76.6864067521499,39.2690624603422],[-76.686182630463,39.2691368159759],[-76.6860050187426,39.2691962753166],[-76.6857934845224,39.2692672301516],[-76.6855997809352,39.2693318639457],[-76.6833233586205,39.2700959145521],[-76.6832866391075,39.2701082388574],[-76.6827220200324,39.2702977360632],[-76.6823916417104,39.2708472388764],[-76.6812066096556,39.2712746468248],[-76.6811134614748,39.2713082383031],[-76.6804267037859,39.271555892787],[-76.6802983447771,39.2716021624189],[-76.6800194115128,39.27170276922],[-76.6798034478916,39.2712730816225],[-76.6797965162185,39.2712593341996],[-76.6792762362804,39.271424739416],[-76.6791954228528,39.2714504309417],[-76.6786302889945,39.2716300752302],[-76.678508053299,39.271561496209],[-76.6782099161202,39.2716550111944],[-76.6781655003621,39.2716276621384],[-76.6779147601228,39.2717094188805],[-76.6777749393495,39.2717548805692],[-76.6776175521197,39.2718059911979],[-76.6775491579803,39.2718279486907],[-76.6772286057157,39.2719306711913],[-76.6771625702593,39.2719519818882],[-76.6770108058525,39.2720018839234],[-76.6769658081784,39.2720166254528],[-76.6769567226327,39.272011534574],[-76.6769545463202,39.2720191607496],[-76.6769258197649,39.2720281722281],[-76.6769172341274,39.2720308761196],[-76.6769003437735,39.2720361792842],[-76.6768264064743,39.2720593722656],[-76.6766913778374,39.2721019408904],[-76.6765654218746,39.272141453737],[-76.6765237372501,39.2721541585888],[-76.6763411188383,39.2722097432588],[-76.6762494693563,39.2722384330599],[-76.6761528049537,39.2722684790214],[-76.6760505031477,39.2723006765889],[-76.6759290698777,39.2723383447557],[-76.675650388531,39.2724246873115],[-76.6756179329548,39.2724350933613],[-76.6755021947413,39.2724710680692],[-76.6754386504938,39.2724907173677],[-76.6754114286454,39.2724992858557],[-76.6753983442343,39.2725186854471],[-76.6753749554615,39.2725108940619],[-76.6753269134623,39.2725277586535],[-76.6752313097878,39.2725613530906],[-76.675203304005,39.2725710390103],[-76.6751930677409,39.2725748101183],[-76.6751964317265,39.2726032177617],[-76.6751619398994,39.2725865267203],[-76.6750051942788,39.2726328615792],[-76.6748820209229,39.2726688979715],[-76.6748288374831,39.2726848419594],[-76.6748126305505,39.2726805373813],[-76.6748005446032,39.2726772440578],[-76.6747940340857,39.2726946738008],[-76.6747202576327,39.2727221679428],[-76.6746562069961,39.2727462606783],[-76.6745874137054,39.2727722228321],[-76.674521936165,39.2727971231277],[-76.674426899961,39.2728326587245],[-76.6743440142434,39.2728644771602],[-76.674285616265,39.272886577567],[-76.6742813983865,39.2728882439902],[-76.6742610938219,39.2728942462064],[-76.6742321910869,39.2729028593009],[-76.674206004333,39.2729105584422],[-76.6741596994167,39.2729242936217],[-76.6741410165091,39.2729299571257],[-76.6741082116255,39.2729396123545],[-76.6740582355885,39.2729548028479],[-76.6740129271201,39.2729685677578],[-76.6740090087849,39.2729680938902],[-76.6739791460278,39.2729641836594],[-76.6739736692108,39.2729800561048],[-76.6739587559926,39.2729847410068],[-76.6739256859997,39.2729950818296],[-76.6739066793111,39.2730010875879],[-76.6738086133222,39.2730318051009],[-76.6735710746185,39.273109985277],[-76.6733051275551,39.2731957091077],[-76.6732837630993,39.2731892344485],[-76.6732762944888,39.2732044924048],[-76.6731529583863,39.2732455131509],[-76.6729081557581,39.2733248859982],[-76.6727720456445,39.2733667192864],[-76.6725697275906,39.2734281828294],[-76.672534339773,39.2734135827944],[-76.6723896485903,39.2734617393865],[-76.6722502533782,39.2735081360772],[-76.6722124441035,39.2735252639481],[-76.6718365248467,39.2736425815839],[-76.6714701160543,39.2738265927424],[-76.6714472306789,39.2738427334398],[-76.6713047520924,39.2738179367373],[-76.6712380226597,39.2738867096316],[-76.6711538610087,39.2739452037226],[-76.6709502785916,39.2740857244437],[-76.670589221616,39.2743353989914],[-76.6705066851161,39.2743596447877],[-76.6703838541715,39.2743846953266],[-76.6702583847972,39.274399664205],[-76.6701315517005,39.2744043334072],[-76.6700047667382,39.2743986492465],[-76.669958620792,39.2743940175742],[-76.6698798211731,39.2743921774482],[-76.6696856149162,39.2743988222157],[-76.6694933519264,39.2744211814242],[-76.6693069505805,39.2744587094448],[-76.6681960178585,39.2747401576882],[-76.6681711473069,39.2748378417422],[-76.6681649444142,39.2748622051474],[-76.6681296474282,39.2748725767782],[-76.6681200101978,39.2748754797264],[-76.6680104315334,39.2748354995745],[-76.6679893300712,39.274827800563],[-76.667871705101,39.2748378528908],[-76.6678217770231,39.274741969679],[-76.6677775667376,39.2746570675952],[-76.6676428611493,39.2745549634077],[-76.6675721643205,39.2746103061356],[-76.6675002645718,39.2746666074291],[-76.6674591752802,39.2746987500984],[-76.667422266347,39.2747276384265],[-76.667387094188,39.274755130976],[-76.6673528125448,39.274782023427],[-76.6673183159764,39.2748090224499],[-76.6672829329323,39.2748367368586],[-76.6672722787138,39.2748286439543],[-76.6671956044381,39.2747704032196],[-76.6671602236977,39.2747976203776],[-76.6671282959761,39.2748222323984],[-76.6671230351683,39.2748262880331],[-76.6669619045254,39.2749503688345],[-76.6669547804674,39.2749558396802],[-76.6669059258174,39.2749934520819],[-76.6669372187126,39.2750172074501],[-76.6669548528109,39.2750305463988],[-76.6670587248941,39.2751092522373],[-76.6670905689445,39.2751333811407],[-76.6670989768119,39.2751981211283],[-76.6670505465501,39.2752210956046],[-76.6668980128552,39.2751667173651],[-76.6667158683304,39.2750305575779],[-76.6665784130165,39.2749278039339],[-76.6665547481264,39.2749460042094],[-76.6662616123364,39.2751714494012],[-76.6662585102653,39.2751738357133],[-76.6662571730003,39.275172822159],[-76.6654765690224,39.275414216193],[-76.6654762370222,39.2754140864384],[-76.6654656529492,39.2754169504415],[-76.6654393094091,39.275406622931],[-76.6649599271807,39.2752187058964],[-76.6648151827785,39.275470058644],[-76.6644847015299,39.2755495305966],[-76.6643965749838,39.2755706944413],[-76.6642949359479,39.2755951434114],[-76.6642883956278,39.2755967145628],[-76.6645235523848,39.2757674179233],[-76.6645411901045,39.275780179854],[-76.6645769385608,39.2758049358076],[-76.6645775484806,39.2758053582053],[-76.6642813388579,39.2759234683563],[-76.6638124541432,39.2760698359618],[-76.6637944927859,39.2760358699588],[-76.6637595878381,39.2759698585795],[-76.6631185860555,39.2759708763163],[-76.6628182298766,39.2761180528907],[-76.6629290271096,39.276327519742],[-76.6625290253174,39.276465196568],[-76.6625999884295,39.2765931852292],[-76.6626413178181,39.2766677257945],[-76.6625830572148,39.2767172660858],[-76.662509368845,39.2767426342114],[-76.6624300937767,39.2767213402802],[-76.6624036305788,39.2766589387033],[-76.6623338094252,39.2765323881219],[-76.6620369399168,39.2766345661396],[-76.6619928446296,39.2766469066978],[-76.661888609007,39.2766760778146],[-76.6618857330038,39.2766652712016],[-76.6618823468014,39.2766545198677],[-76.6618783165177,39.276643950435],[-76.6618735048023,39.276633687714],[-76.6618672684104,39.2766242243709],[-76.6618671280296,39.2766240122877],[-76.6618590982243,39.2766149022845],[-76.6618506329421,39.2766059756831],[-76.6618421044789,39.2765971750059],[-76.6618330776132,39.2765886296102],[-76.6618254827069,39.2765794596049],[-76.6618194058167,39.2765696030854],[-76.6618137482549,39.2765595478037],[-76.6618084298105,39.2765493448724],[-76.661803380703,39.2765390454341],[-76.6617985218931,39.2765286979024],[-76.6617937766597,39.2765183506974],[-76.6617890824849,39.2765079901279],[-76.6617844510224,39.2764976027158],[-76.6617799019612,39.2764871912202],[-76.6617754584969,39.2764767521048],[-76.6617711414987,39.2764662836283],[-76.6617669718188,39.2764557876522],[-76.6617629726442,39.2764452624418],[-76.6617591636894,39.2764347053515],[-76.6617555036281,39.2764240333924],[-76.6617522037372,39.2764131733103],[-76.6617497942124,39.2764022509374],[-76.6617488145206,39.2763913921323],[-76.6617497155953,39.276380574774],[-76.6617524114437,39.2763696040502],[-76.6617566799795,39.2763588756566],[-76.661762309341,39.2763488285546],[-76.6617698160224,39.2763395453],[-76.661779809755,39.2763312420296],[-76.6617914128225,39.2763249746108],[-76.6618041606332,39.2763209560867],[-76.6618178862824,39.2763182176573],[-76.6618320733111,39.276316183149],[-76.6618462006629,39.2763142682686],[-76.6618601247468,39.276312448282],[-76.6618741647826,39.2763111024284],[-76.6618882093762,39.2763097728],[-76.6619021402358,39.2763079897592],[-76.6619159609108,39.2763057380033],[-76.6619297533843,39.2763033240275],[-76.661943502573,39.2763007513913],[-76.6619572003558,39.2762980218731],[-76.661970837444,39.2762951390489],[-76.6619844657704,39.2762921490074],[-76.6619982899712,39.2762891559248],[-76.6620119557666,39.2762858417135],[-76.6620250279967,39.2762818367098],[-76.6620370946836,39.27627652721],[-76.6620470869507,39.2762680365541],[-76.6620519582933,39.2762582376689],[-76.6620496465535,39.2762472155985],[-76.6620477755617,39.2762361200329],[-76.6620473018212,39.2762251149607],[-76.6620463050586,39.2762141813454],[-76.6620439406841,39.2762030177036],[-76.6620365584423,39.2761942158337],[-76.6620250062879,39.2761876142359],[-76.662012493798,39.2761821403299],[-76.6619991005297,39.2761776367109],[-76.6619856127951,39.2761776366289],[-76.6619721583127,39.2761811171855],[-76.6619587854394,39.2761854690124],[-76.661945406486,39.2761891506533],[-76.6619319444278,39.2761927608932],[-76.6619188357543,39.2761968765756],[-76.6619065135767,39.2762020538166],[-76.6618949526084,39.2762082484063],[-76.6618838315356,39.2762150342604],[-76.6618728865783,39.276222071933],[-76.6618618585799,39.276229024694],[-76.6618504825975,39.2762355539946],[-76.6618388308751,39.2762418212793],[-76.6618270589401,39.2762480215603],[-76.6618150785774,39.2762539402022],[-76.6618028004768,39.2762593490551],[-76.6617901352045,39.2762640460905],[-76.6617770231912,39.2762683716249],[-76.6617635445878,39.2762722871563],[-76.6617498192665,39.2762754444347],[-76.6617359578241,39.2762774960844],[-76.6617220646469,39.2762781820859],[-76.6617080622104,39.2762782057109],[-76.6616939516043,39.2762778245806],[-76.6616797802075,39.2762770676556],[-76.6616655895782,39.2762759692848],[-76.6616522472273,39.27627464186],[-76.6616514247687,39.2762745602237],[-76.6616373308225,39.2762728730296],[-76.6616233504741,39.2762709384515],[-76.6616095264447,39.2762687899407],[-76.6615958013555,39.2762663084314],[-76.6615821066506,39.2762632883523],[-76.6615685686875,39.2762597228614],[-76.66155530684,39.2762556114022],[-76.6615424474526,39.2762509498346],[-76.6615301087402,39.276245737599],[-76.6615181666292,39.2762399887501],[-76.6615064169429,39.2762337459361],[-76.6614949672637,39.2762270509023],[-76.6614839205385,39.2762199453804],[-76.6614733901439,39.2762124711324],[-76.6614634801899,39.2762046689929],[-76.6614543077706,39.2761965302917],[-76.6614461591273,39.27618732984],[-76.661439223494,39.2761772420306],[-76.6614336407531,39.2761668257393],[-76.6614295461596,39.2761566380272],[-76.6614362866747,39.2761466535935],[-76.661435970502,39.2761395645853],[-76.6614244634589,39.2761344520179],[-76.6614104425307,39.2761298564461],[-76.6613963395143,39.2761252201016],[-76.6613836544267,39.2761202266378],[-76.6613710772281,39.2761152109645],[-76.6613585595577,39.2761101071868],[-76.6613461771838,39.2761048236455],[-76.661333930197,39.2760993414248],[-76.6613215902574,39.2760939093774],[-76.6613092271457,39.2760884763612],[-76.6612969398086,39.2760829507836],[-76.6612848353014,39.2760772419765],[-76.6612730148975,39.2760712565528],[-76.6612615856433,39.2760649056458],[-76.661250666377,39.2760580580871],[-76.6612403143544,39.2760506158588],[-76.6612304362212,39.2760427129055],[-76.6612209223377,39.2760344957352],[-76.6612116711768,39.2760261108794],[-76.6612025963633,39.276017686898],[-76.6611940364118,39.2760089590427],[-76.6611859287192,39.2759999316367],[-76.661177969822,39.2759908100795],[-76.6611698562829,39.2759817943654],[-76.6611612811706,39.2759730880821],[-76.6611520003248,39.2759648553646],[-76.6611422683577,39.2759569276039],[-76.6611322457035,39.2759491998737],[-76.6611220253898,39.2759416066867],[-76.6611116958044,39.2759340834429],[-76.6611013546061,39.2759265655692],[-76.6610910924919,39.2759189902741],[-76.6610810024894,39.2759112920702],[-76.6610710893547,39.27590344575],[-76.661060824747,39.2758956659719],[-76.661050540681,39.2758878356941],[-76.6610407642652,39.2758797555677],[-76.6610320202944,39.2758712253367],[-76.6610248323875,39.2758620483449],[-76.6610193944318,39.2758521521903],[-76.6610152477805,39.2758417184042],[-76.6610118652993,39.27583095174],[-76.6610087186731,39.2758200614512],[-76.6610052865454,39.2758092559106],[-76.6610010406236,39.275798739868],[-76.6609959577552,39.2757885078519],[-76.6609905233407,39.2757783576911],[-76.6609847465652,39.2757683074271],[-76.6609786331203,39.2757583786947],[-76.6609721863924,39.2757485904196],[-76.660965414395,39.2757389633424],[-76.6609584531001,39.2757294185885],[-76.6609513664678,39.2757199104035],[-76.6609441544463,39.2757104495965],[-76.6609368077085,39.2757010478505],[-76.6609293227517,39.2756917105598],[-76.6609216960434,39.2756824494242],[-76.6609139171231,39.2756732707188],[-76.6609059836129,39.2756641870473],[-76.6608978920058,39.2756552047049],[-76.6608894563935,39.2756464240402],[-76.6608806117346,39.2756378745905],[-76.6608714870131,39.2756294846672],[-76.6608622054357,39.2756211789618],[-76.6608528994586,39.2756128866967],[-76.6608436980832,39.2756045325803],[-76.6608347245027,39.2755960440066],[-76.6608260472785,39.2755873824408],[-76.6608175014528,39.2755786293761],[-76.6608090951036,39.2755697920419],[-76.6608008491214,39.2755608641932],[-76.6607927867147,39.2755518395917],[-76.6607849392127,39.2755427102212],[-76.6607772926698,39.2755334841481],[-76.660769769288,39.2755241926746],[-76.6607623516405,39.2755148447579],[-76.6607550327437,39.2755054466833],[-76.6607478009652,39.2754960074248],[-76.6607406423769,39.275486531446],[-76.6607335476641,39.2754770277275],[-76.6607265075168,39.2754675043495],[-76.6607195161317,39.2754579630966],[-76.6607126292789,39.2754483744048],[-76.6607058585733,39.2754387329031],[-76.6606992005207,39.2754290421845],[-76.660692650464,39.2754193067394],[-76.6606862037418,39.2754095319589],[-76.6606798603366,39.2753997214459],[-76.6606737096656,39.2753898376269],[-76.6606677761131,39.2753798706639],[-76.6606619575142,39.2753698580939],[-76.6606561574852,39.2753598401726],[-76.6606502727024,39.2753498544335],[-76.6606442021597,39.2753399384169],[-76.6606379075269,39.2753301100271],[-76.660631531643,39.275320308425],[-76.6606250895781,39.2753105327535],[-76.6606185813365,39.2753007821118],[-76.6606120045875,39.2752910591952],[-76.6606053581637,39.2752813658021],[-76.6605986397428,39.2752717028265],[-76.6605918539519,39.2752620720832],[-76.6605849787374,39.2752524807147],[-76.6605779815894,39.2752429412375],[-76.6605708764538,39.2752334455851],[-76.6605636853584,39.2752239920197],[-76.6605564269146,39.2752145661829],[-76.6605491220045,39.275205163631],[-76.6605417892093,39.2751957763111],[-76.6605344029813,39.2751864149583],[-76.6605269226683,39.2751770983713],[-76.6605193784665,39.2751678131257],[-76.6605117970999,39.2751585448867],[-76.6605042064424,39.2751492811241],[-76.6604966355314,39.2751400084105],[-76.6604891436391,39.2751306917874],[-76.6604817830458,39.2751213043831],[-76.6604744596515,39.275111893666],[-76.6604670874471,39.2751025116317],[-76.6604616437819,39.2750957744059],[-76.6604595711567,39.2750932093483],[-76.6604518201358,39.2750840387978],[-76.660443743744,39.2750750510616],[-76.6604353862742,39.2750661931228],[-76.6604268232794,39.2750574183601],[-76.6604180464963,39.2750487582762],[-76.660409052289,39.2750402461888],[-76.6603998289217,39.2750319126897],[-76.6603903692857,39.275023790186],[-76.66038037658,39.2750161453456],[-76.6603784633102,39.2750151543791],[-76.6603685536208,39.2750100202027],[-76.6603566504102,39.2750039551776],[-76.6603464239952,39.2749964717957],[-76.6603366564672,39.2749885141374],[-76.6603271834031,39.2749802943072],[-76.6603181195905,39.2749718009273],[-76.6603095879163,39.2749630253455],[-76.6603016962316,39.2749539525609],[-76.6602943575194,39.2749446030396],[-76.6602918234547,39.2749411115611],[-76.6602874150431,39.2749350357786],[-76.6602807374927,39.2749253242606],[-76.6602741993663,39.2749155392829],[-76.6602676705344,39.274905749828],[-76.6602610208419,39.2748960302825],[-76.6602541213232,39.2748864487314],[-76.6602468406686,39.2748770786572],[-76.6602389864487,39.2748679303125],[-76.6602302411245,39.2748590027785],[-76.6602205980292,39.2748507202948],[-76.6602100874379,39.2748435369332],[-76.6601981830047,39.274838461826],[-76.6601841701696,39.2748361180347],[-76.6601699653834,39.274833926816],[-76.6601564550884,39.2748307053312],[-76.660143024588,39.2748272778012],[-76.6601297134617,39.2748236074091],[-76.6601292853413,39.2748234656513],[-76.6601081672541,39.2748165119053],[-76.6601035084683,39.2748123864425],[-76.6600988520312,39.2748082546809],[-76.6600941990713,39.2748041229292],[-76.6600895461162,39.2747999902765],[-76.6600848954709,39.274795859432],[-76.6600802425255,39.2747917249774],[-76.660075590731,39.2747875923276],[-76.6600709366149,39.2747834605716],[-76.6600662813232,39.2747793324151],[-76.6600616213964,39.2747752042449],[-76.6600571841755,39.2747712775892],[-76.6600569591394,39.2747710787701],[-76.6600522910712,39.2747669568814],[-76.6600476183506,39.274762838582],[-76.6600429398145,39.2747587247694],[-76.6600382543127,39.2747546136388],[-76.660033604884,39.2747504719864],[-76.6600289950397,39.2747462926164],[-76.6600244049836,39.2747420952883],[-76.6600198126145,39.2747378970525],[-76.6600152004584,39.2747337167745],[-76.6600105452465,39.274729573303],[-76.6600058260411,39.2747254827909],[-76.6600010242047,39.2747214650013],[-76.6599961153142,39.2747175378786],[-76.6599910853721,39.2747137202982],[-76.6599858902323,39.2747100346515],[-76.6599804903671,39.2747065069461],[-76.6599749113413,39.2747031228437],[-76.65996918451,39.2746998689237],[-76.6599633423783,39.2746967335703],[-76.659957412829,39.274693702452],[-76.6599514249035,39.2746907612406],[-76.6599454052998,39.2746879010058],[-76.6599392876626,39.2746851837081],[-76.6599368344732,39.2746841677512],[-76.6599330615835,39.2746826048135],[-76.6599267562162,39.2746801265744],[-76.6599204018776,39.2746777103458],[-76.6599140254125,39.2746753165718],[-76.659907660593,39.2746729111213],[-76.6599013331133,39.2746704526336],[-76.6598950721188,39.2746679051625],[-76.6598888787812,39.2746652660093],[-76.6598827157914,39.2746625819055],[-76.6598765784661,39.274659862746],[-76.6598704609765,39.2746571157199],[-76.6598643563216,39.2746543507154],[-76.6598582575005,39.2746515776207],[-76.6598521575296,39.2746488027207],[-76.6598460551983,39.2746460368212],[-76.6598399622033,39.2746432574371],[-76.6598338925466,39.274640444792],[-76.6598278345614,39.2746376150658],[-76.6598217812296,39.2746347817498],[-76.659815717412,39.274631960113],[-76.6598096384126,39.2746291627525],[-76.6598035314144,39.2746264040434],[-76.6597973859139,39.2746236992682],[-76.6597911914207,39.2746210610072],[-76.6597849700702,39.2746184650038],[-76.6597787253997,39.2746158986578],[-76.6597724632209,39.2746133583828],[-76.6597661870495,39.2746108360822],[-76.6597599003663,39.2746083308653],[-76.6597536043562,39.274605837331],[-76.6597473060072,39.2746033482934],[-76.6597410053322,39.2746008610502],[-76.6597347069841,39.2745983720119],[-76.6597284133108,39.2745958748798],[-76.6597221278108,39.2745933651606],[-76.6597158551368,39.2745908392644],[-76.6597095964738,39.2745882917901],[-76.6597033564789,39.2745857182474],[-76.659697143329,39.2745831051487],[-76.6596910037778,39.2745803697592],[-76.6596849331463,39.274577521073],[-76.6596789057357,39.2745746013514],[-76.6596729005175,39.2745716456633],[-76.6596668929432,39.274568698075],[-76.6596608608078,39.2745657972548],[-76.6596547807434,39.2745629827686],[-76.6596486305407,39.2745602941856],[-76.659642384514,39.2745577710649],[-76.6596360227674,39.2745554538832],[-76.6596295242853,39.274553375007],[-76.6596229663585,39.2745513671183],[-76.6596163899156,39.2745493537711],[-76.6596097937806,39.2745473385649],[-76.6596031790775,39.274545328709],[-76.6595965481115,39.2745433269125],[-76.6595898996975,39.2745413385766],[-76.6595832338011,39.2745393709071],[-76.659576552727,39.2745374266131],[-76.6595698552904,39.2745355110956],[-76.659563143779,39.2745336306667],[-76.6595564170163,39.274531788926],[-76.6595496761355,39.2745299912814],[-76.6595429222651,39.2745282440414],[-76.6595361553879,39.2745265508092],[-76.6595293754778,39.274524916989],[-76.6595225825091,39.2745233479855],[-76.6595157810912,39.2745218492166],[-76.6595089665712,39.2745204242719],[-76.6595021424,39.2745190785659],[-76.6594953073797,39.274517820202],[-76.6594884638281,39.2745166491869],[-76.6594816116975,39.2745155754289],[-76.6594747509881,39.2745145989281],[-76.6594678804499,39.2745137385967],[-76.6594609751756,39.2745131132632],[-76.6594540304603,39.2745127373262],[-76.6594470522455,39.2745125801769],[-76.6594400429613,39.2745126184027],[-76.659433005068,39.2745128222853],[-76.6594259444855,39.2745131657199],[-76.6594188659747,39.2745136225983],[-76.6594117696696,39.2745141649971],[-76.6594046626577,39.2745147650131],[-76.6593975473776,39.2745153974323],[-76.6593904286121,39.2745160316424],[-76.6593833087914,39.2745166442307],[-76.6593761926851,39.2745172072874],[-76.6593690839126,39.2745176910978],[-76.659361986063,39.2745180722526],[-76.659354903919,39.2745183201397],[-76.6593478399108,39.2745184113461],[-76.6593407953445,39.27451831525],[-76.6593337586052,39.2745180372221],[-76.6593267283957,39.274517606083],[-76.6593197034272,39.274517048852],[-76.6593126823898,39.2745163970519],[-76.6593056628313,39.2745156785992],[-76.6592986457682,39.2745149232221],[-76.6592916287312,39.2745141624401],[-76.6592846116078,39.2745134196726],[-76.6592775907483,39.2745127309397],[-76.6592705683667,39.274512117866],[-76.6592635447096,39.2745115291087],[-76.6592565210656,39.2745109376487],[-76.6592494974216,39.2745103461884],[-76.6592424737821,39.2745097538268],[-76.6592354501341,39.2745091632664],[-76.6592284264949,39.274508570904],[-76.6592214028428,39.2745079812435],[-76.6592143780319,39.2745073915792],[-76.6592073543584,39.2745068064215],[-76.6592003283629,39.2745062221575],[-76.6591933046637,39.2745056424036],[-76.6591862786295,39.2745050662454],[-76.6591792526905,39.2745044702704],[-76.659172221563,39.2745037481731],[-76.6591651873959,39.2745029350896],[-76.6591581510541,39.2745020922741],[-76.6591511157328,39.2745012782856],[-76.6591440823053,39.274500552577],[-76.6591370516235,39.2744999791047],[-76.6591300257236,39.2744996164244],[-76.6591230078011,39.2744995230947],[-76.6591159952871,39.2744997513527],[-76.6591089694755,39.2745000939684],[-76.6591019203734,39.274500459936],[-76.6590948549257,39.2745008510771],[-76.6590877754195,39.2745012737036],[-76.6590806887912,39.2745017314387],[-76.6590735961907,39.2745022260874],[-76.659066505696,39.2745027648791],[-76.6590594184484,39.2745033514202],[-76.6590523402295,39.2745039884298],[-76.6590452756531,39.2745046804252],[-76.6590382293376,39.2745054310226],[-76.659031204725,39.2745062474383],[-76.659024205292,39.2745071296824],[-76.6590172379572,39.274508084981],[-76.6590103050212,39.2745091169439],[-76.6590034122654,39.2745102282901],[-76.6589965631362,39.2745114253351],[-76.6589897622648,39.274512708993],[-76.6589830130975,39.2745140855791],[-76.6589763579508,39.2745156723156],[-76.658969833368,39.2745175819038],[-76.6589634221562,39.2745197746602],[-76.6589571083115,39.2745222045996],[-76.6589508723534,39.2745248257265],[-76.6589447005873,39.2745275938638],[-76.6589385723782,39.2745304621119],[-76.6589324717093,39.2745333871876],[-76.6589263814137,39.2745363240032],[-76.6589202843331,39.2745392256689],[-76.658914162133,39.274542048895],[-76.6589079999426,39.274544753104],[-76.6589018309412,39.2745474275677],[-76.6588956688452,39.2745501119596],[-76.6588895136457,39.2745528080811],[-76.6588833676607,39.2745555159389],[-76.6588772297268,39.2745582364305],[-76.6588710998484,39.274560968655],[-76.6588649791845,39.2745637126159],[-76.6588588688895,39.2745664692173],[-76.658852766637,39.2745692402539],[-76.6588466759254,39.2745720212322],[-76.6588405944065,39.2745748184505],[-76.6588345232696,39.274577625607],[-76.6588284636475,39.2745804481097],[-76.6588224143901,39.2745832841536],[-76.6588163720423,39.2745861292248],[-76.658810332003,39.274588976104],[-76.6588042931049,39.2745918265893],[-76.6587982576613,39.2745946815881],[-76.6587922245134,39.274597541097],[-76.6587861948244,39.2746004042188],[-76.6587801685812,39.2746032736556],[-76.6587741469515,39.2746061476093],[-76.6587681299309,39.2746090269806],[-76.6587621175151,39.2746119126703],[-76.658756109704,39.2746148046785],[-76.6587501088112,39.2746177039125],[-76.6587441136734,39.2746206112699],[-76.6587381242993,39.274623524949],[-76.6587321418391,39.2746264467548],[-76.6587261674473,39.2746293775913],[-76.6587201999695,39.2746323165544],[-76.6587142417147,39.2746352654525],[-76.6587082903781,39.2746382215765],[-76.6587023494061,39.2746411912416],[-76.6586964165069,39.2746441690369],[-76.6586904939853,39.2746471576711],[-76.6586846129539,39.274650194166],[-76.6586787964476,39.2746533083137],[-76.6586730341188,39.2746564829697],[-76.658667314426,39.274659708192],[-76.6586616270041,39.2746629704391],[-76.6586559591878,39.2746662525596],[-76.6586502994268,39.2746695464132],[-76.6586446362189,39.2746728339512],[-76.6586389603449,39.2746761043376],[-76.6586333247893,39.2746794252836],[-76.6586277698836,39.2746828446468],[-76.6586222553092,39.2746863118675],[-76.6586167430477,39.2746897799953],[-76.6586111927717,39.274693200272],[-76.6586055653257,39.2746965212403],[-76.6585998226826,39.2746996977513],[-76.6585939256828,39.2747026792487],[-76.6585878466685,39.2747054332246],[-76.6585816167092,39.2747080057081],[-76.6585752669175,39.2747104337209],[-76.6585688284189,39.2747127515825],[-76.6585623300038,39.2747149972085],[-76.6585558004931,39.2747172022095],[-76.6585492710037,39.2747194027063],[-76.6585427715022,39.2747216330151],[-76.6585363296288,39.2747239292468],[-76.6585299765178,39.2747263239193],[-76.6585237409638,39.2747288540477],[-76.6585176529336,39.2747315539479],[-76.6585117423849,39.2747344597377],[-76.6585060460863,39.2747376372797],[-76.6585005536725,39.2747410730324],[-76.6584952410277,39.2747447209867],[-76.6584921577681,39.2747470008593],[-76.658490081714,39.2747485360276],[-76.6584850516113,39.274752473047],[-76.6584801266036,39.2747564860358],[-76.6584752814122,39.2747605298824],[-76.6584704919211,39.2747645585778],[-76.6584662597315,39.2747688564201],[-76.658462017428,39.2747764591306],[-76.65846091236,39.274781884813],[-76.6584598686658,39.2747873205823],[-76.6584588585535,39.2747927618539],[-76.658457853068,39.2747982049403],[-76.6584568232671,39.2748036434523],[-76.658455743681,39.274809071911],[-76.6584545818692,39.2748144884208],[-76.658453310057,39.2748198847938],[-76.6584519016026,39.2748252582504],[-76.6584503507116,39.2748306087738],[-76.6584487719677,39.2748359673229],[-76.6584471781318,39.2748413312328],[-76.658445557628,39.2748466977673],[-76.6584438977429,39.2748520596834],[-76.658442185746,39.2748574133411],[-76.6584404112375,39.2748627524049],[-76.6584385603497,39.2748680687273],[-76.6584366180298,39.2748733595625],[-76.658434584308,39.2748786186052],[-76.6584324348736,39.27488384038],[-76.6584301604855,39.2748890185548],[-76.6584277507397,39.2748941476948],[-76.6584257396243,39.2748980808805],[-76.6584251593408,39.2748992150545],[-76.6584222589611,39.274904188737],[-76.6584190820067,39.2749090778443],[-76.6584156759318,39.2749138951248],[-76.6584120916715,39.2749186524366],[-76.6584083766759,39.2749233634293],[-76.658404581889,39.2749280381593],[-76.6584007547521,39.2749326920775],[-76.6583969427237,39.2749373370318],[-76.6583931620156,39.2749419757719],[-76.658389303821,39.2749465809582],[-76.6583853704489,39.274951154399],[-76.6583813746126,39.2749557033374],[-76.6583773302147,39.2749602287146],[-76.6583732488008,39.2749647395718],[-76.6583691442559,39.2749692404532],[-76.6583650316199,39.2749737368071],[-76.65836092246,39.274978233171],[-76.6583568306529,39.2749827358905],[-76.6583527700792,39.2749872504107],[-76.6583487523107,39.2749917803681],[-76.6583447935374,39.2749963330161],[-76.6583409041678,39.2750009128887],[-76.6583370992371,39.2750055263351],[-76.6583333926349,39.2750101769986],[-76.658329794761,39.2750148712149],[-76.6583263218098,39.2750196153364],[-76.6583229853572,39.2750244120991],[-76.6583198501805,39.2750292869128],[-76.6583169787565,39.2750342615776],[-76.658314329434,39.2750393215601],[-76.6583118721423,39.2750444541622],[-76.6583095675393,39.2750496466588],[-76.6583073809318,39.275054883636],[-76.6583052741322,39.2750601532727],[-76.658303211284,39.2750654410525],[-76.6583011588439,39.2750707333663],[-76.6582990763066,39.2750760183865],[-76.6582969289832,39.2750812797983],[-76.6582946798406,39.2750865066848],[-76.6582922941854,39.2750916836322],[-76.6582897326712,39.2750967988161],[-76.6582869246914,39.2751018340158],[-76.6582838864188,39.2751068000874],[-76.6582806896099,39.2751117170564],[-76.6582774048538,39.2751166067467],[-76.6582741015938,39.2751214882761],[-76.6582708527413,39.2751263825745],[-76.658267727709,39.275131315065],[-76.6582647959577,39.2751363012628],[-76.658262129231,39.2751413638956],[-76.6582597911822,39.275146521164],[-76.6582576197857,39.2751517266577],[-76.6582555212915,39.2751569548825],[-76.6582534899224,39.2751622022186],[-76.6582515222061,39.2751674677551],[-76.658249610039,39.2751727496669],[-76.658247748794,39.2751780461391],[-76.65824593384,39.2751833562573],[-76.6582441582409,39.2751886763984],[-76.6582424173566,39.2751940074496],[-76.6582407042597,39.2751993439862],[-76.6582390143105,39.2752046868955],[-76.6582388459966,39.2752052241609],[-76.6582373428818,39.2752100343625],[-76.6582356818786,39.2752153827605],[-76.6582340289789,39.2752207329836],[-76.6582323749287,39.2752260814018],[-76.6582307174232,39.2752314253061],[-76.6582290483458,39.2752367655736],[-76.6582273630694,39.2752421003894],[-76.6582257530785,39.2752474444319],[-76.6582243005555,39.2752528186577],[-76.6582229522387,39.2752582130035],[-76.658221652548,39.2752636173991],[-76.6582203459254,39.2752690172708],[-76.6582189756147,39.2752744061479],[-76.6582174883625,39.2752797721657],[-76.6582158274343,39.2752851043498],[-76.6582140599167,39.2752904299184],[-76.6582123732794,39.275295806165],[-76.6582107420873,39.275301220405],[-76.6582091386002,39.2753066572446],[-76.6582075315972,39.2753121021808],[-76.6582058921834,39.2753175389158],[-76.6582041926103,39.2753229538574],[-76.6582023993475,39.2753283306943],[-76.6582004869641,39.275333655841],[-76.6581984242433,39.2753389138938],[-76.6581961822817,39.2753440903564],[-76.6581937321847,39.2753491689308],[-76.6581910438857,39.2753541360181],[-76.6581880884899,39.2753589753206],[-76.6581847803422,39.2753636649707],[-76.6581809596693,39.2753681720758],[-76.6581766797417,39.2753725048978],[-76.6581720077329,39.2753766726398],[-76.6581670119707,39.275380685409],[-76.6581617619638,39.2753845488122],[-76.6581563225416,39.2753882774503],[-76.658150764376,39.2753918760327],[-76.6581451534728,39.2753953555608],[-76.6581395581471,39.2753987288439],[-76.6581338617871,39.2754019045658],[-76.6581278597172,39.2754047884512],[-76.6581216246405,39.2754074446661],[-76.6581152245944,39.2754099436677],[-76.6581087368916,39.2754123550398],[-76.6581022330678,39.2754147447464],[-76.6580957857915,39.2754171841592],[-76.6580901493703,39.2754194646955],[-76.6580894677527,39.2754197401462],[-76.6580833516419,39.2754224795754],[-76.6580775101098,39.2754254774217],[-76.6580728550591,39.2754282886609],[-76.6580720170317,39.275428795152],[-76.6580669035376,39.2754324661852],[-76.6580619354146,39.2754362727558],[-76.6580570584413,39.2754401633624],[-76.6580522656903,39.2754441325803],[-76.6580475513975,39.2754481740875],[-76.6580429074808,39.275452281555],[-76.6580383281892,39.2754564459585],[-76.6580338065821,39.2754606645755],[-76.6580293322814,39.2754649265667],[-76.6580249041326,39.2754692310279],[-76.6580205105987,39.2754735671164],[-76.658016148229,39.2754779294176],[-76.6580118089414,39.2754823116026],[-76.6580074846497,39.2754867082433],[-76.6580031695984,39.2754911112161],[-76.6579988568644,39.2754955141955],[-76.6579945406791,39.2754999117601],[-76.6579902118017,39.2755042975777],[-76.6579858644724,39.2755086644253],[-76.6579814929356,39.2755130041794],[-76.6579770890963,39.2755173132134],[-76.6579726506542,39.2755215879174],[-76.6579682203153,39.2755258644464],[-76.6579638073074,39.2755301518349],[-76.6579594093213,39.2755344482745],[-76.6579550228848,39.2755387528545],[-76.6579506480022,39.2755430646741],[-76.6579462812097,39.2755473810209],[-76.6579419201895,39.2755517018881],[-76.6579375637958,39.2755560245702],[-76.6579332097106,39.2755603490603],[-76.6579288556206,39.275564674451],[-76.6579245003842,39.275568997136],[-76.6579201393614,39.2755733180024],[-76.6579157725652,39.275577634348],[-76.6579113976778,39.2755819461661],[-76.6579070112354,39.2755862507442],[-76.6579026132382,39.2755905480824],[-76.6578982002266,39.2755948345676],[-76.6578937583111,39.2755991065562],[-76.6578892817102,39.2756033613291],[-76.6578847762055,39.2756076016054],[-76.6578802476001,39.2756118256006],[-76.6578756981727,39.2756160414281],[-76.6578711337181,39.2756202491048],[-76.6578665611809,39.2756244504524],[-76.6578619828529,39.2756286508822],[-76.6578574045288,39.275632850411],[-76.6578528308311,39.2756370517547],[-76.6578482675413,39.2756412576324],[-76.6578437181189,39.275645471657],[-76.6578391894999,39.2756496974521],[-76.6578346840196,39.2756539314212],[-76.6578302085924,39.2756581816914],[-76.6578257655316,39.2756624491703],[-76.6578213629369,39.2756667365836],[-76.6578170042717,39.2756710466438],[-76.6578126929956,39.275675382964],[-76.6578084360619,39.2756797455645],[-76.657804238089,39.2756841380617],[-76.6578001025406,39.2756885631681],[-76.6577960629515,39.2756930362944],[-76.6577923181728,39.2756976580045],[-76.6577888612727,39.2757024237744],[-76.6577856263409,39.2757073027862],[-76.6577825532702,39.2757122624374],[-76.6577795773046,39.2757172728142],[-76.6577766360106,39.2757223031087],[-76.6577736669586,39.2757273216122],[-76.6577706077106,39.2757322984179],[-76.6577673958416,39.2757372009162],[-76.6577639677544,39.2757419991967],[-76.6577603026104,39.275746688695],[-76.6577566291623,39.2757514178024],[-76.6577529740086,39.2757561983065],[-76.6577493256472,39.2757610121585],[-76.6577456679358,39.2757658421968],[-76.657741990518,39.2757706730783],[-76.6577382737791,39.2757754867307],[-76.6577345085259,39.2757802669133],[-76.6577306797795,39.2757849955674],[-76.6577267713889,39.2757896573328],[-76.6577227718474,39.2757942350616],[-76.6577186673393,39.2757987097973],[-76.6577144417092,39.2758030670809],[-76.6577100822962,39.2758072888602],[-76.6577055752755,39.2758113579802],[-76.6577009056597,39.2758152581837],[-76.657696060783,39.2758189723191],[-76.6576907977945,39.2758223915873],[-76.6576849721901,39.2758254408037],[-76.657678685885,39.2758281346776],[-76.6576720431036,39.2758304897262],[-76.6576651434435,39.2758325206521],[-76.6576580911202,39.2758342457742],[-76.6576509868945,39.2758356788976],[-76.6576439338232,39.275836838338],[-76.6576370349848,39.2758377379072],[-76.6576300414514,39.2758383273377],[-76.6576220250053,39.2758383481072],[-76.6576135780407,39.2758377632098],[-76.6576054296124,39.2758365549537],[-76.657599522963,39.2758350235533],[-76.6575983087625,39.2758347083499],[-76.6575929491684,39.275832208423],[-76.6575900636817,39.2758290329307],[-76.6575896669437,39.2758250296872],[-76.6575911350349,39.2758202842474],[-76.6575928124495,39.2758170716146],[-76.6575939003012,39.275814990422],[-76.6575973962515,39.2758093411239],[-76.6576010552148,39.2758035337668],[-76.6576043106961,39.2757977621645],[-76.6576065938832,39.2757922201245],[-76.6576081425584,39.2757868660041],[-76.6576096948405,39.2757814848713],[-76.6576112228938,39.2757760811488],[-76.6576126954058,39.2757706592491],[-76.6576140787506,39.2757652226772],[-76.6576153450968,39.2757597749551],[-76.6576164596465,39.2757543222867],[-76.6576173934138,39.2757488672897],[-76.6576181127684,39.2757434143701],[-76.6576185887158,39.2757379679469],[-76.6576187887847,39.2757325324294],[-76.6576186956869,39.2757270879505],[-76.6576183432615,39.2757215868684],[-76.6576177580941,39.2757160436726],[-76.6576169632674,39.2757104782475],[-76.6576159818729,39.2757049086754],[-76.6576148381477,39.2756993557446],[-76.6576135575055,39.2756938366436],[-76.657612159548,39.2756883721471],[-76.657610668521,39.2756829812418],[-76.6576091109928,39.2756776820203],[-76.657607510046,39.2756724943668],[-76.6576058876042,39.2756674381619],[-76.6575982847011,39.2756663026557],[-76.6575978144567,39.2756710474016],[-76.6575984428471,39.2756762790597],[-76.657599534615,39.275681791305],[-76.6576007738984,39.2756874751251],[-76.6576018471571,39.2756932206138],[-76.657602438529,39.2756989187588],[-76.6576022332973,39.2757044632535],[-76.6576010694964,39.2757097950761],[-76.6575996425824,39.2757151342386],[-76.6575980729737,39.2757205036109],[-76.6575963537821,39.2757258896617],[-76.6575944746816,39.2757312707424],[-76.6575924299601,39.275736629722],[-76.6575902092743,39.2757419485549],[-76.6575878057447,39.2757472119083],[-76.6575852113586,39.2757523990412],[-76.6575824169273,39.2757574928123],[-76.6575794144255,39.275762475183],[-76.657576195823,39.2757673290153],[-76.6575727519401,39.2757720353664],[-76.6575690549973,39.2757765869493],[-76.6575650701054,39.2757810088836],[-76.6575608284987,39.2757853129701],[-76.6575563590761,39.2757895146062],[-76.6575516965486,39.2757936256028],[-76.6575468686519,39.2757976622546],[-76.6575419112646,39.2758016345745],[-76.6575368555906,39.2758055606687],[-76.6575317305593,39.2758094496292],[-76.6575265685463,39.2758133168633],[-76.6575214042541,39.2758171759837],[-76.6575162665947,39.2758210396854],[-76.6575111879439,39.2758249233757],[-76.6575062006905,39.2758288397597],[-76.6575012816952,39.2758327806631],[-76.6574963569266,39.2758367170456],[-76.6574914252256,39.275840648904],[-76.6574864854421,39.2758445744331],[-76.6574815375761,39.2758484936332],[-76.6574765792966,39.2758524091997],[-76.6574716141023,39.2758563166389],[-76.6574666396665,39.2758602177456],[-76.6574616559936,39.2758641116191],[-76.6574566630836,39.2758679982593],[-76.6574516597775,39.2758718776629],[-76.6574466472344,39.2758757498332],[-76.6574416254628,39.2758796129688],[-76.6574365921407,39.2758834679636],[-76.6574315495902,39.2758873139237],[-76.6574264943345,39.2758911508388],[-76.6574214286915,39.2758949787158],[-76.6574163526611,39.2758987975547],[-76.6574112650976,39.2759026046498],[-76.6574061648289,39.2759064027],[-76.6574010541773,39.2759101908113],[-76.657395904274,39.2759139472812],[-76.6573907001185,39.2759176585545],[-76.6573854498015,39.2759213291586],[-76.657380159074,39.2759249681179],[-76.6573748394903,39.2759285826722],[-76.6573694968192,39.2759321782429],[-76.6573641402926,39.2759357629638],[-76.6573587791559,39.2759393422665],[-76.6573534214824,39.2759429242812],[-76.6573480718816,39.2759465144262],[-76.6573427430625,39.2759501208452],[-76.6573374407893,39.2759537498605],[-76.6573293153808,39.2759600116741],[-76.657323529781,39.2759631708823],[-76.6573177867736,39.2759663896648],[-76.6573120575813,39.2759696274033],[-76.6573063099764,39.2759728380649],[-76.6573005140138,39.2759759828295],[-76.6572946374615,39.2759790165649],[-76.6572886515291,39.2759819013551],[-76.6572885237738,39.2759819577303],[-76.6572825227735,39.2759846028735],[-76.6572762476655,39.2759871319189],[-76.6572698505078,39.2759894957684],[-76.6572633556029,39.2759917016989],[-76.6572567826046,39.2759937596761],[-76.6572552297809,39.2759942082282],[-76.6572501616363,39.2759956715895],[-76.6572435154323,39.2759975293831],[-76.657236851866,39.2759993826219],[-76.6572301698349,39.2760012195927],[-76.6572234682585,39.2760030240786],[-76.6572167449104,39.2760047771571],[-76.65720999986,39.2760064644163],[-76.6572032285416,39.2760080714305],[-76.6571964322182,39.2760095765853],[-76.6571896086159,39.2760109708664],[-76.6571827555211,39.2760122326488],[-76.6571758718316,39.2760133502196],[-76.6571689460408,39.2760143064307],[-76.6571619780749,39.2760151165948],[-76.6571549759375,39.2760158032542],[-76.6571479465038,39.2760163826429],[-76.6571408954596,39.2760168772964],[-76.6571338285214,39.2760173034452],[-76.6571267525249,39.2760176854297],[-76.6571196766589,39.2760180403913],[-76.6571126054677,39.2760183872594],[-76.6571055446458,39.2760187467678],[-76.6570984965632,39.2760191081147],[-76.6570914316671,39.2760193514121],[-76.6570843556736,39.2760194928905],[-76.6570772718637,39.2760195730939],[-76.6570701858621,39.2760196271684],[-76.6570631055943,39.2760196938698],[-76.6570560320404,39.2760198101324],[-76.6570489754481,39.2760200138179],[-76.657041939111,39.2760203427682],[-76.6570349286454,39.2760208339308],[-76.6570279565162,39.2760215458917],[-76.6570210351319,39.2760225489465],[-76.6570141532168,39.2760237782076],[-76.6570072995776,39.2760251516728],[-76.6570004537241,39.2760265927175],[-76.6569936021367,39.2760280211343],[-76.6569867336138,39.2760293567228],[-76.6569798276648,39.2760305228583],[-76.6569728786782,39.2760314816924],[-76.6569658921047,39.2760323044011],[-76.6569588771241,39.2760330099274],[-76.6569518464019,39.2760336154227],[-76.6569448068002,39.276034139823],[-76.6569377709974,39.2760345975776],[-76.6569306943484,39.2760346345565],[-76.6569235913443,39.2760343697026],[-76.6569165421871,39.2760344734173],[-76.6569095948156,39.2760353376723],[-76.656902676635,39.2760363965768],[-76.6568957718865,39.2760375537033],[-76.6568888806702,39.2760387883344],[-76.6568819961632,39.2760400734274],[-76.6568751150064,39.2760413846519],[-76.6568682326861,39.2760426967733],[-76.6568613458519,39.2760439836598],[-76.6568544499769,39.2760452227791],[-76.6568475405605,39.2760463861944],[-76.6568406154026,39.2760474495787],[-76.6568336653494,39.2760483885846],[-76.6568266916732,39.2760491797961],[-76.6568196965263,39.2760498574484],[-76.6568126888925,39.2760504810181],[-76.6568056699178,39.2760510532107],[-76.6567986419024,39.2760515776362],[-76.6567916048204,39.2760520596988],[-76.6567845609895,39.2760524994056],[-76.6567775103925,39.2760529003593],[-76.6567704518484,39.2760532670604],[-76.6567633911346,39.2760536031289],[-76.6567563259332,39.2760539085579],[-76.656749259686,39.2760541905635],[-76.6567421923846,39.2760544509475],[-76.6567351228567,39.2760546924084],[-76.6567280557251,39.2760549176622],[-76.656720989809,39.2760551312092],[-76.6567139285721,39.2760553357619],[-76.6567068685333,39.2760555322107],[-76.6566998086863,39.2760556890262],[-76.6566927456196,39.2760557926869],[-76.6566856781351,39.2760558512961],[-76.656678609679,39.2760558711692],[-76.6566715390621,39.2760558586082],[-76.6566644673996,39.2760558226239],[-76.6566573934976,39.2760557704188],[-76.6566503196481,39.2760557074044],[-76.6566432458159,39.2760556407866],[-76.6566361754431,39.2760555777814],[-76.6566291027001,39.2760555255781],[-76.6566220356602,39.276055492307],[-76.6566149685114,39.2760554815542],[-76.656607904665,39.2760555068412],[-76.6566008464387,39.2760555681746],[-76.6565937914625,39.2760556763568],[-76.6565867408647,39.2760558376964],[-76.6565796957695,39.2760560594026],[-76.6565726594485,39.276056383821],[-76.6565656314745,39.276056899225],[-76.6565586177468,39.2760575840135],[-76.6565516195374,39.2760584147705],[-76.6565446404496,39.2760593653844],[-76.6565376829276,39.2760604097402],[-76.6565307494027,39.2760615244252],[-76.6565238388467,39.2760626824135],[-76.6565169489854,39.2760638746909],[-76.6565100693796,39.2760651030285],[-76.6565031965659,39.2760663647137],[-76.6564963317291,39.2760676543454],[-76.6564894725646,39.2760689692147],[-76.6564826190985,39.276070303917],[-76.6564757713439,39.2760716557501],[-76.6564689246869,39.2760730201967],[-76.6564620826261,39.2760743927632],[-76.6564552393842,39.2760757698296],[-76.6564483972967,39.2760771477998],[-76.6564415529085,39.2760785221598],[-76.6564347074004,39.2760798884093],[-76.6564278596265,39.2760812438426],[-76.6564210072909,39.2760825839492],[-76.6564141492606,39.2760839033212],[-76.6564072430178,39.276085127071],[-76.6564002828114,39.276086246174],[-76.6563950253936,39.2760870621975],[-76.6563933065544,39.2760873291992],[-76.6563863486872,39.2760884438045],[-76.6563794459638,39.2760896585553],[-76.6563726362971,39.2760910420205],[-76.6563659506551,39.2760926609471],[-76.6563595326988,39.2760947643659],[-76.6563535938244,39.2760977339178],[-76.6563478456073,39.2761010598284],[-76.656341959366,39.2761041691519],[-76.6563356489636,39.2761065584256],[-76.6563289844705,39.2761083566637],[-76.6563221819275,39.2761099437191],[-76.6563154597887,39.2761116796352],[-76.6563088075934,39.2761135706866],[-76.6563021219112,39.2761154364184],[-76.6562954902834,39.2761173878803],[-76.6562951815127,39.2761174896637],[-76.6562889956419,39.2761195307043],[-76.6562827266783,39.2761219777454],[-76.6562767648905,39.276124891379],[-76.6562710966157,39.2761282211228],[-76.6562656786091,39.2761318029114],[-76.6562605356007,39.2761355557486],[-76.6562559338659,39.2761397767646],[-76.6562514095732,39.2761440403428],[-76.6562463558394,39.2761477853339],[-76.6562403095862,39.2761506698941],[-76.6562336947525,39.2761527421039],[-76.6562268854328,39.2761542913019],[-76.6562198616462,39.2761553750784],[-76.6562128376624,39.2761555427788],[-76.656205873953,39.2761549909461],[-76.6561989150255,39.276154169799],[-76.656191956958,39.2761531712039],[-76.6561849946871,39.2761520834206],[-76.6561780266,39.2761510001237],[-76.6561710476376,39.2761500086723],[-76.6561640550367,39.276149200936],[-76.6561570444673,39.2761485138489],[-76.6561500184827,39.2761478987772],[-76.6561429805162,39.2761473647386],[-76.656135933979,39.2761469252546],[-76.6561288846394,39.2761465857465],[-76.6561218299264,39.276146398451],[-76.6561147578099,39.2761464543101],[-76.6561076769434,39.2761466416544],[-76.6561005995406,39.2761468317106],[-76.6560935320247,39.2761468947879],[-76.6560864924258,39.2761466976263],[-76.6560794622667,39.2761462266601],[-76.6560724093266,39.2761456736574],[-76.656065352205,39.2761450269628],[-76.6560583118761,39.2761442632179],[-76.6560513139365,39.27614336178],[-76.6560443805021,39.2761423028972],[-76.6560375337102,39.2761410623137],[-76.6560308355907,39.2761395150053],[-76.6560244387994,39.2761372497707],[-76.656018210902,39.2761345706797],[-76.6560119772978,39.2761318735564],[-76.6560055727621,39.276129532634],[-76.6559990546978,39.2761274210732],[-76.6559924898838,39.2761253904436],[-76.6559923336521,39.2761253440472],[-76.6559858934955,39.2761234182708],[-76.6559792783814,39.2761214838748],[-76.6559790087281,39.2761214056194],[-76.6559726573988,39.2761195647742],[-76.6559660305564,39.2761176591674],[-76.6559593943294,39.2761157769526],[-76.6559527499073,39.276113911828],[-76.6559510659296,39.2761134421019],[-76.655946099643,39.2761120565942],[-76.6559394458585,39.2761102103573],[-76.6559327932333,39.2761083641235],[-76.6559261406259,39.2761065142863],[-76.655919492707,39.2761046536532],[-76.6559128529795,39.2761027768302],[-76.6559062214434,39.2761008838169],[-76.6558995922649,39.2760989827034],[-76.6558929619321,39.2760970806853],[-76.6558863304059,39.2760951858695],[-76.6558796906889,39.276093307243],[-76.6558730427549,39.2760914502103],[-76.6558663807657,39.2760896237621],[-76.6558597035187,39.2760878369022],[-76.6558529922962,39.2760861256065],[-76.6558462154754,39.2760845582401],[-76.6558394023264,39.2760830736371],[-76.6558325809691,39.2760816088263],[-76.6558257853443,39.2760800954494],[-76.6558190424261,39.2760784678297],[-76.6558147426303,39.2760773013532],[-76.6558123838158,39.2760766621058],[-76.6558058048558,39.2760746827678],[-76.6557992634012,39.2760726170661],[-76.6557927582405,39.2760704758064],[-76.655786282381,39.276068267075],[-76.6557798369379,39.2760659998829],[-76.6557734206998,39.2760636850356],[-76.6557670313141,39.2760613297324],[-76.6557606652513,39.276058944772],[-76.6557543096893,39.2760565454297],[-76.6557479228018,39.2760541532015],[-76.6557415395226,39.2760517339606],[-76.6557351982884,39.2760492481862],[-76.6557289491339,39.2760466545898],[-76.6557228316591,39.2760439127534],[-76.655716893572,39.2760409831831],[-76.655711187282,39.2760378128876],[-76.6557057606021,39.2760343407554],[-76.6557021097764,39.2760317493695],[-76.65570054827,39.2760306413583],[-76.6556954606248,39.2760268018076],[-76.655690417264,39.2760229119438],[-76.6556853285177,39.2760190606796],[-76.6556801151338,39.2760153396602],[-76.6556746886233,39.2760118332981],[-76.6556691154205,39.2760084643222],[-76.6556634503008,39.2760051698399],[-76.6556577013414,39.2760019570809],[-76.6556518731565,39.2759988305625],[-76.6556459691831,39.2759957984016],[-76.6556399963488,39.2759928660233],[-76.6556339581082,39.2759900379412],[-76.6556278197989,39.2759872924355],[-76.6556215685064,39.2759846636974],[-76.655615207454,39.2759822039804],[-76.6556087375601,39.2759799628292],[-76.6556021608714,39.275977996097],[-76.6555954596017,39.2759763866018],[-76.6555885823914,39.275975209857],[-76.6555815856422,39.275974306593],[-76.6555785485725,39.275973964405],[-76.6555745454928,39.275973510392],[-76.655567526554,39.2759726421918],[-76.6555606026552,39.2759715337663],[-76.6555538348215,39.275970028562],[-76.6555471107339,39.2759683451345],[-76.6555403846699,39.2759665914415],[-76.6555368233708,39.2759656135783],[-76.6555336845178,39.2759647522516],[-76.6555270254006,39.2759628158993],[-76.655520430571,39.27596076714],[-76.6555203461054,39.2759607389686],[-76.6555147378316,39.2759588669495],[-76.6555139221053,39.2759585943283],[-76.655507517453,39.2759562840041],[-76.6555012433392,39.2759538218337],[-76.655495091752,39.2759511870759],[-76.6554889968169,39.2759483417055],[-76.6554830048862,39.2759452867594],[-76.6554771808507,39.2759420242293],[-76.6554715872615,39.2759385606041],[-76.6554662866696,39.2759349023727],[-76.6554613451202,39.2759310524311],[-76.6554568938862,39.2759269463095],[-76.6554531657922,39.2759223703097],[-76.6554499643685,39.275917449962],[-76.6554470570747,39.2759123404161],[-76.6554442101851,39.275907202223],[-76.6554411934726,39.2759021914398],[-76.6554382044345,39.2758972095622],[-76.6554353535664,39.2758921749448],[-76.6554324086206,39.2758871823871],[-76.6554291396546,39.2758823293978],[-76.6554254130955,39.2758776768367],[-76.6554214101194,39.2758731459682],[-76.6554173746461,39.2758686249126],[-76.6554135006303,39.2758640286665],[-76.6554095743806,39.2758594493815],[-76.6554056063534,39.2758548816837],[-76.6554016743189,39.27585030058],[-76.6553978584041,39.2758456729771],[-76.6553942375686,39.2758409675801],[-76.6553908907543,39.2758361566971],[-76.655387902724,39.2758312072484],[-76.655385238649,39.2758261317427],[-76.6553827893765,39.275820973997],[-76.6553804388091,39.2758157760066],[-76.6553780766443,39.2758105797836],[-76.6553755925703,39.2758054291417],[-76.6553728716533,39.2758003651788],[-76.6553698848766,39.2757953968173],[-76.6553667402295,39.2757904811375],[-76.6553634632345,39.2757856128096],[-76.6553600782637,39.2757807846992],[-76.6553566085176,39.2757759923703],[-76.6553530841628,39.2757712287055],[-76.6553495202784,39.2757664910467],[-76.6553459122682,39.2757617712736],[-76.65534226245,39.2757570693929],[-76.6553385777861,39.2757523836235],[-76.6553348617619,39.2757477121742],[-76.6553311201807,39.2757430532605],[-76.6553273553692,39.2757384050876],[-76.6553235731307,39.2757337658711],[-76.6553197757919,39.2757291338161],[-76.6553159691471,39.2757245089399],[-76.6553121067436,39.2757199109228],[-76.6553081920582,39.275715339775],[-76.6553042413638,39.2757107856359],[-76.65530027905,39.2757062377678],[-76.6552963213856,39.275701687211],[-76.6552923881115,39.2756971259164],[-76.6552885001448,39.2756925422356],[-76.6552846760723,39.2756879272156],[-76.6552809716485,39.2756832548977],[-76.6552774368251,39.2756785011082],[-76.6552739891263,39.2756737052384],[-76.6552705367837,39.2756689111564],[-76.6552669973172,39.2756641591544],[-76.6552633033611,39.2756594796606],[-76.6552595211178,39.2756548431441],[-76.6552556842836,39.2756502316886],[-76.6552518230514,39.2756456327721],[-76.6552479653096,39.2756410311634],[-76.6552441412555,39.2756364134396],[-76.6552403776099,39.2756317661679],[-76.655236662753,39.2756270956195],[-76.6552329630106,39.275622415207],[-76.655229292316,39.2756177195666],[-76.655225668066,39.2756130060472],[-76.6552220995712,39.2756082665692],[-76.6552186030739,39.2756034975773],[-76.6552151368227,39.2755987052542],[-76.6552116741494,39.275593892224],[-76.6552083542855,39.2755890255671],[-76.6552053246013,39.2755840669836],[-76.6552027277962,39.2755789853654],[-76.6552004211924,39.2755738073168],[-76.6551982864278,39.2755685640169],[-76.655196323432,39.2755632698777],[-76.655194535625,39.2755579366193],[-76.6551929217866,39.2755525768486],[-76.6551914830098,39.2755472040805],[-76.6551902679954,39.2755418130532],[-76.6551893475812,39.2755363742496],[-76.655188660275,39.2755309019013],[-76.655188134154,39.2755254102094],[-76.6551876984457,39.27551991518],[-76.6551872881854,39.2755144301336],[-76.6551869764197,39.2755089480786],[-76.6551868083983,39.2755034583388],[-76.6551867261497,39.2754979661485],[-76.6551866809994,39.2754924713647],[-76.6551866184523,39.2754869792322],[-76.6551867564626,39.2754814741771],[-76.6551869141612,39.275475971882],[-76.6551863217946,39.2754705187284],[-76.6551854284481,39.2754649953323],[-76.6551852766909,39.2754642670707],[-76.6550929386083,39.2754123966712],[-76.6549690337341,39.2756138846173],[-76.6549534700293,39.2756392340922],[-76.6548643502593,39.2757841553361],[-76.6547699743139,39.2759340864112],[-76.6547093281955,39.2760274757313],[-76.6544788259998,39.276312113442],[-76.6542814944317,39.2765387248371],[-76.6540283590286,39.2767829913067],[-76.6538887437822,39.276917715021],[-76.6538373590026,39.2768975927936],[-76.6538099072222,39.2768868423568],[-76.6536685070828,39.2769989045768],[-76.653404289424,39.2772083009284],[-76.6529680586351,39.2774612745755],[-76.6526820968534,39.2775907452803],[-76.6522816454712,39.2777720476419],[-76.6520701839578,39.2778677849581],[-76.6515274686225,39.2780499351199],[-76.6510423045828,39.2782015576029],[-76.6502983958848,39.278328055017],[-76.6502780064634,39.2783296147812],[-76.6502582146639,39.27833125739],[-76.6499757228289,39.2783370887461],[-76.6495362966896,39.2783032149854],[-76.6491562919375,39.2782549679778],[-76.6491055290141,39.2783833613763],[-76.6483057335191,39.278580488105],[-76.6482986597802,39.2785822234102],[-76.6469946144982,39.2789004446851],[-76.6465091133562,39.2790530914217],[-76.6465033010457,39.2789623690095],[-76.6464314198466,39.2789358080746],[-76.6463578511216,39.2789353091634],[-76.6462772187709,39.2789744846108],[-76.6462849571396,39.2791193513254],[-76.6452214584068,39.2794247692281],[-76.6436484710579,39.2800546366066],[-76.6422223884572,39.2806413020508],[-76.642179151013,39.2806590882951],[-76.6421766795051,39.2806601049321],[-76.639646872446,39.2817007540009],[-76.6389811827195,39.2819746356548],[-76.6381889649599,39.2822796135837],[-76.6378480901526,39.2824108444368],[-76.6378895548553,39.2825107676124],[-76.6377907198476,39.2825752141143],[-76.6377618103741,39.2825762347045],[-76.6377045754131,39.2825785361832],[-76.6377028051882,39.2825786072881],[-76.6377040954994,39.2829294406504],[-76.6377044636118,39.2830373412633],[-76.6377076958617,39.2830959673629],[-76.6377195409264,39.2833085078521],[-76.6378413897121,39.2854533572155],[-76.6378442348929,39.2855052020511],[-76.6379336750567,39.285522930894],[-76.6379355394508,39.285549845058],[-76.6379025396264,39.2855728658627],[-76.6372846236743,39.2856038282762],[-76.6372557726035,39.2855770892885],[-76.6372395171664,39.285605936388],[-76.6365840106877,39.285638123863],[-76.6365513057918,39.2856116276943],[-76.6365278897242,39.2856408191505],[-76.6358575474667,39.2856704930879],[-76.6358338597503,39.2856434824129],[-76.6358089820936,39.2856728340346],[-76.6351426880424,39.2857065437452],[-76.6351118178463,39.2856799492857],[-76.6349915635614,39.2856840848941],[-76.634991263277,39.2856841001748],[-76.6349866608111,39.2856926016639],[-76.6349768021999,39.2857107204541],[-76.634971356249,39.2857207325992],[-76.6349611779971,39.2857212270148],[-76.6349464062917,39.2857219377495],[-76.6349281563972,39.2857228232296],[-76.634920503182,39.2857232155961],[-76.6349078590143,39.2857238104346],[-76.6348931277967,39.2857245366014],[-76.6348833275654,39.2857250006585],[-76.6348736651901,39.2857254795555],[-76.6348367469281,39.2857272572963],[-76.634790784211,39.2857294897146],[-76.6347132767416,39.2857332850294],[-76.6346639611972,39.2857356555975],[-76.6343814123484,39.2857501416934],[-76.6343549703986,39.2857147315621],[-76.634353552967,39.285717402409],[-76.6343505524233,39.2857229552657],[-76.6343409254209,39.2857408576405],[-76.6343350504754,39.2857517763876],[-76.6343250592023,39.2857521983685],[-76.6343070070878,39.2857529384446],[-76.6342907230458,39.285753591244],[-76.6342788154905,39.2857540703084],[-76.6342691303017,39.285754476123],[-76.6342636977595,39.2857546726895],[-76.6342586290844,39.2857548866023],[-76.634254820634,39.2857550449884],[-76.6342500092742,39.285755259702],[-76.6342465475415,39.2857553894423],[-76.634239754959,39.2857556673453],[-76.6342328719637,39.2857559458671],[-76.6342243960508,39.2857562860848],[-76.634220680359,39.2857564384533],[-76.6342188358193,39.2857565191828],[-76.6342133973375,39.285756743652],[-76.6342084701347,39.2857569453925],[-76.6342027731365,39.2857571771631],[-76.6342006724357,39.2857572579953],[-76.634199725241,39.2857572991831],[-76.6341993449983,39.2857573106096],[-76.6341955098748,39.285757471613],[-76.6341886825196,39.2857577494048],[-76.6341843790634,39.28575792156],[-76.6341825554242,39.2857579951479],[-76.6341814760713,39.2857580404277],[-76.6341811097142,39.2857580564013],[-76.6341803805006,39.2857580838555],[-76.6341796767774,39.2857581131906],[-76.6341791318804,39.285758136715],[-76.6341783331081,39.2857581666549],[-76.6341771285376,39.2857582187508],[-76.6341756283788,39.28575827443],[-76.6341718407914,39.2857584328784],[-76.6341646192935,39.2857587202504],[-76.6341575275567,39.2857590188353],[-76.6341514596205,39.2857592557534],[-76.6341402626853,39.2857597162994],[-76.6341182989579,39.2857606144075],[-76.634103081353,39.2857612533881],[-76.6340788931904,39.2857621760867],[-76.6340480706514,39.2857634906609],[-76.6340231868775,39.2857644427076],[-76.6339941810031,39.2857656872637],[-76.633969983971,39.2857667558354],[-76.633945591054,39.2857678237918],[-76.6339198238425,39.2857690396888],[-76.6338861390768,39.2857704335753],[-76.6338618766125,39.2857716028061],[-76.6338097579655,39.2857740408435],[-76.6337791095013,39.2857753126533],[-76.6336331837695,39.2857820465992],[-76.6336072288147,39.2857545275796],[-76.6335809531859,39.2857852831606],[-76.6335511064192,39.2857868546626],[-76.633392996529,39.2857950960061],[-76.6333738894131,39.2857960992715],[-76.6333487349247,39.2857973962226],[-76.633318132186,39.2857990121455],[-76.6332917730539,39.2858003746827],[-76.6332628225872,39.2858018822532],[-76.6332392934682,39.2858031175989],[-76.6332307602286,39.2858035584512],[-76.6332044821726,39.285804932031],[-76.6331959107807,39.2858053538456],[-76.6331633648361,39.2858070762555],[-76.6331291761951,39.2858088475717],[-76.6330794711029,39.2858114387463],[-76.6330352708443,39.2858137516469],[-76.6330285427964,39.2858140999408],[-76.6329887703774,39.285816171741],[-76.632925904724,39.2858194639591],[-76.6328940801659,39.2858211011748],[-76.6328011358928,39.2858259630283],[-76.6327832973494,39.2858006634497],[-76.6327555939164,39.2858306352256],[-76.6327187275156,39.2858317774268],[-76.6323095285594,39.2858449968586],[-76.6322876751191,39.2858458517332],[-76.6322262343069,39.2858477311406],[-76.6322011413123,39.2858487848332],[-76.6321166710649,39.2858525404212],[-76.6320801276994,39.2858539698756],[-76.6319629253763,39.2858591180933],[-76.6319541772029,39.2858428959094],[-76.6319484807815,39.2858322896206],[-76.6319420572856,39.2858434164074],[-76.6319322125929,39.2858604856013],[-76.6318890274429,39.2858626120917],[-76.6317826151747,39.2858677543079],[-76.6316343843609,39.2858750117967],[-76.6315495089241,39.2858791061938],[-76.6314066137516,39.2858860720705],[-76.6312775442852,39.2858923695702],[-76.6312527249785,39.2858615018629],[-76.6312487717812,39.2858676515571],[-76.6312321295682,39.2858943843327],[-76.6311139719693,39.2858986495625],[-76.6307830421534,39.2859104403279],[-76.6305331095108,39.285919456584],[-76.6305242476079,39.2858919717246],[-76.6304908622012,39.2858935033957],[-76.6304807811714,39.2859222753087],[-76.6302918734704,39.2859338222739],[-76.6300259092315,39.2859481591314],[-76.6297777061329,39.2859602075855],[-76.6296525868079,39.2859657978436],[-76.6296262503433,39.2859401467177],[-76.6296152870213,39.2859480226312],[-76.6295861101757,39.2859659980907],[-76.6295815021459,39.28596877772],[-76.629366434787,39.285979810142],[-76.6292116210672,39.285987486979],[-76.6290538964867,39.2859952255803],[-76.6290535444173,39.2859949470342],[-76.6290426875855,39.2859864338896],[-76.6290095517977,39.2859601657505],[-76.6289981416748,39.2859512878478],[-76.6289368163804,39.2859536496085],[-76.6289189505869,39.2859544245751],[-76.6288768323925,39.2859163064391],[-76.6288765392558,39.2859109667042],[-76.6288699965217,39.2857916916158],[-76.6288589370441,39.2857920133757],[-76.6288518684113,39.2857923216217],[-76.6286407361925,39.2857998900123],[-76.6286381939772,39.2857583217741],[-76.6285117664478,39.2857627753254],[-76.6285159678112,39.2858443029581],[-76.6284982998483,39.285844932563],[-76.6284700315248,39.2858458601194],[-76.6284283174254,39.2858472738856],[-76.6284325398852,39.2859325019114],[-76.6283781700957,39.2859344692297],[-76.6283622501157,39.2859915045769],[-76.6283187177158,39.2859928386896],[-76.6283061655466,39.2859349268972],[-76.6282963165296,39.2857703645722],[-76.6282939515745,39.2857308416135],[-76.6282551212648,39.2857316122923],[-76.6282381362908,39.2857319719897],[-76.6281544208984,39.2857336670777],[-76.6281566078775,39.2857752864473],[-76.6281652800235,39.285940302646],[-76.6281372818958,39.2859414192367],[-76.6278928437055,39.285951168779],[-76.6278587175569,39.286000425966],[-76.6278059645756,39.2860030692084],[-76.6277739087187,39.2859550831961],[-76.6275741840012,39.2859698919036],[-76.6275558516308,39.2860155996344],[-76.6274716508781,39.2860198184312],[-76.627405508824,39.2860240557152],[-76.6271977704009,39.2860354415963],[-76.6271870906506,39.2860550307759],[-76.626691155208,39.2860791842213],[-76.6263354582709,39.2860951722738],[-76.6258779742889,39.2861173566289],[-76.6258604878956,39.2860813425655],[-76.6258160666394,39.286120421103],[-76.6254058044181,39.286139493274],[-76.6247395279147,39.286169159993],[-76.6247113770186,39.2861364616185],[-76.6247103367412,39.286135253077],[-76.6247096022034,39.2861356281492],[-76.6246681751173,39.2861730079772],[-76.6241498226619,39.2861998822389],[-76.6235864493435,39.2862103061902]]]},"properties":{"OBJECTID":7,"DistrictNumber":9,"Dist_Abbr":"SD","Dist_Alt":"SOUTHERN","Dist_Name":"Southern","DistrictName":"Southern","District":"9","Shape__Area":629692297.78448486,"Shape__Length":126783.45679537405}},{"type":"Feature","id":8,"geometry":{"type":"Polygon","coordinates":[[[-76.5296742354191,39.3719718995564],[-76.5296835572845,39.3637499098747],[-76.5296841107391,39.3632614307001],[-76.529688306096,39.359561290966],[-76.5296894529136,39.3585499733703],[-76.5296905979203,39.3575397975861],[-76.5296917490219,39.3565238026839],[-76.5296923017182,39.3560371680063],[-76.529692311142,39.3560282299433],[-76.5296924324889,39.3559422821638],[-76.5296927979025,39.3555994354246],[-76.5296940360769,39.3545231028562],[-76.5296945351836,39.3540891225848],[-76.5296949664641,39.3536861681947],[-76.5296960654058,39.352716827818],[-76.5296971858383,39.3517286832341],[-76.5296983209114,39.3507280117062],[-76.5296992146332,39.3499397721044],[-76.5296994604968,39.3497222839828],[-76.5297005222706,39.3487859753667],[-76.529701625364,39.3478128377492],[-76.5297019846467,39.3474964279634],[-76.5297039251646,39.3457847749089],[-76.529704425419,39.3453432586774],[-76.5297080593507,39.3421382828783],[-76.5297136823937,39.3371790570703],[-76.5297138325317,39.3370464472807],[-76.5297154184773,39.3356479740324],[-76.5297155720697,39.3355120449235],[-76.5297157757686,39.3353323692028],[-76.529715988822,39.3351446389875],[-76.5297205447188,39.3311259400316],[-76.5297228709024,39.3290739679132],[-76.5297237396208,39.3283081192016],[-76.5297248260741,39.3273501520847],[-76.5297259263506,39.3263790805671],[-76.5297271780613,39.3252757155539],[-76.5297280767485,39.3244829524121],[-76.529728721722,39.3239134329579],[-76.5297329613532,39.3239127833626],[-76.5299678789617,39.3238767686913],[-76.5308571737927,39.3231345894202],[-76.5316820786489,39.322655216821],[-76.5318763236855,39.3224987016892],[-76.5329042142496,39.3216705997084],[-76.5338828903037,39.3209806954314],[-76.5339053339023,39.3209649428534],[-76.5345757230712,39.3200338790336],[-76.5345800131385,39.3200262098744],[-76.5350133590092,39.319255968447],[-76.5350234095084,39.3192381363131],[-76.5349988393934,39.3191199265814],[-76.5349045427979,39.3186664074261],[-76.5347857829795,39.3184721316028],[-76.5353430226276,39.3179523595884],[-76.5354283023007,39.3178728032535],[-76.5354777703369,39.3178266819032],[-76.535483103774,39.3178216776648],[-76.5354996401682,39.317806259024],[-76.5359891221128,39.3173933466134],[-76.5363538454015,39.3170856960181],[-76.536701472947,39.3168410406437],[-76.5383555429154,39.3152140834366],[-76.5388814583474,39.3146967681575],[-76.5388310767049,39.3144814381624],[-76.5387985455202,39.3142754172516],[-76.5388477657827,39.3142392126153],[-76.5389893387058,39.3142110168124],[-76.5391844030129,39.3143641935674],[-76.5392131437462,39.314352473018],[-76.5392308612606,39.3143452661716],[-76.5392401081459,39.3143359129354],[-76.5392443814081,39.3143315916438],[-76.5394851468019,39.3140879654177],[-76.5396991670107,39.3138713998668],[-76.5398320475764,39.3137369382061],[-76.539932850107,39.3136637085924],[-76.5403252582325,39.3133786340431],[-76.5405106204504,39.3132439724384],[-76.5417789506019,39.3126308269264],[-76.5427771772315,39.3121482375742],[-76.5427894109599,39.3117515717419],[-76.5433458789499,39.3115716131064],[-76.5427802154923,39.3096104056749],[-76.5427762400767,39.3095966626524],[-76.5426632111254,39.3092580016076],[-76.5426139659901,39.3088273411356],[-76.5434634799896,39.3073649078561],[-76.5434892023089,39.3073206283071],[-76.5439372476193,39.3075619411006],[-76.5439876808697,39.3075891262619],[-76.5440872539907,39.3076520820355],[-76.544177801832,39.3077228276031],[-76.5442583718155,39.3078005639207],[-76.5443280190233,39.3078843802805],[-76.5443717011898,39.3079514345899],[-76.5443860081967,39.3079733956108],[-76.5444317054802,39.3080666445605],[-76.5444654106293,39.3081504872192],[-76.5445072514594,39.3082280732075],[-76.5445206267365,39.3082528625827],[-76.5447385883237,39.3085642797258],[-76.5447526652066,39.3085843761363],[-76.5447675423722,39.3086123834029],[-76.5447884756445,39.3086430767697],[-76.5448134213617,39.3086718643578],[-76.5448421619867,39.3086984967128],[-76.5448743054125,39.3087226444372],[-76.5449095103786,39.3087440044527],[-76.5449474181711,39.3087624636733],[-76.5449931131499,39.3087792794258],[-76.5450295901808,39.3087896064383],[-76.5450814032583,39.3088052361258],[-76.5451538652096,39.3088308576628],[-76.5454527738041,39.3089365869096],[-76.5456923015991,39.3090213107422],[-76.5459681820258,39.3091857331089],[-76.5466471640143,39.309598865165],[-76.5466844025736,39.3096176797368],[-76.546898068192,39.3097738989534],[-76.5470110554938,39.309867873766],[-76.5471236467442,39.3100293614427],[-76.5471433201965,39.3100661845775],[-76.5471764878112,39.310128267416],[-76.5472354893214,39.3103140067272],[-76.5473215921794,39.3104338239594],[-76.5473675230538,39.3105690803118],[-76.547399760557,39.3107562558141],[-76.5474925806011,39.3108709104093],[-76.5478102975336,39.3112711401801],[-76.5478900206125,39.3113442002066],[-76.5491610387361,39.3113289352126],[-76.5499267744869,39.3113197327657],[-76.550214168827,39.3113156429694],[-76.551353757898,39.3113542388623],[-76.5514567933313,39.3114007284436],[-76.5517638409037,39.3121285534263],[-76.5501397526348,39.3147731394244],[-76.5501708382788,39.3152272558166],[-76.5504355382714,39.3154155404336],[-76.5551565883176,39.3173183514134],[-76.5554372848504,39.3175237364115],[-76.5555155152988,39.3174711795903],[-76.5556052297332,39.3175020103352],[-76.5556299781198,39.3175249930091],[-76.5556649148306,39.317557433397],[-76.5556875104049,39.3175788451084],[-76.5556924731508,39.3176429490098],[-76.5557028636398,39.3176521597822],[-76.5563545312747,39.3182298582933],[-76.5565137193493,39.3183725126916],[-76.5566410661558,39.3184917081867],[-76.5570454569712,39.3188934177587],[-76.557254558295,39.3191037978252],[-76.5573068513205,39.3191578617534],[-76.5574162652767,39.3192683974201],[-76.5575234666479,39.31937675293],[-76.557429470881,39.3194358776448],[-76.557543571196,39.3195386753304],[-76.5576321858113,39.3194850059596],[-76.5577151890661,39.3195697920303],[-76.5578267999075,39.3196837989651],[-76.5579203405909,39.3197780203],[-76.558038266812,39.3198955015703],[-76.5581653468299,39.3200073675972],[-76.5583409391318,39.3201280324141],[-76.558525840437,39.3202297350181],[-76.558640019058,39.3202796107721],[-76.5587772016716,39.3203301213369],[-76.5589139808683,39.3203720640515],[-76.5590067772611,39.3203929756045],[-76.5591650541396,39.320422315165],[-76.5592787524414,39.3204355917414],[-76.5594133152706,39.3204477916587],[-76.5595659308608,39.3204493247856],[-76.5596788989201,39.3204435157568],[-76.5597166605172,39.3204415710779],[-76.5598476009155,39.3204277566528],[-76.5599028192741,39.3204209069273],[-76.5599851761169,39.3204155603568],[-76.5600772880751,39.3204216150612],[-76.5601565945648,39.3204348431178],[-76.5602590321467,39.3204627922254],[-76.5603464616587,39.3205000466411],[-76.5604155353691,39.3205446995905],[-76.5604704336397,39.3205883708086],[-76.5605013580152,39.3206129707574],[-76.5605042284483,39.3206166727824],[-76.5605464186013,39.3206710973855],[-76.5605715434437,39.3207119891899],[-76.5605865892434,39.3207482593672],[-76.5606015327973,39.3207838148616],[-76.5606705543922,39.3209853734355],[-76.560768263618,39.3212745095982],[-76.5608410960336,39.3214829469259],[-76.5609329442338,39.3216859624362],[-76.561082265763,39.32194036884],[-76.5611649643115,39.3220629621903],[-76.5612112769701,39.3221243881645],[-76.5613765366824,39.3223458536406],[-76.5614170959867,39.3224002276727],[-76.5615142860571,39.3225288333172],[-76.5617419837138,39.322805303295],[-76.5618159594818,39.3228810532586],[-76.5618575886641,39.3229170377281],[-76.5619181303619,39.3229701133162],[-76.5619491036046,39.3229461308995],[-76.5620454037284,39.3229536084319],[-76.56206155569,39.3230299156027],[-76.5620542799793,39.3230576533192],[-76.5625969193342,39.3234911304209],[-76.5629309374775,39.3237587140499],[-76.5633599266362,39.3241030018973],[-76.56338981129,39.3241269810723],[-76.5629902522695,39.3243686031048],[-76.5624731158606,39.3246774155871],[-76.5622002257316,39.3248542279011],[-76.562200712165,39.3249444887671],[-76.5620582811331,39.3249388022415],[-76.5615847992739,39.3252244403367],[-76.5615683149853,39.3253348516915],[-76.5614437214523,39.3253210782456],[-76.5611586075176,39.3254837745557],[-76.561102463949,39.3255171296768],[-76.5609125329091,39.3256315112934],[-76.5608096423421,39.3256821842507],[-76.5608262470676,39.3257594264013],[-76.5608301834605,39.325778494734],[-76.5609141930104,39.3258615877829],[-76.5607872519859,39.326217087385],[-76.5606808032573,39.3264617069007],[-76.5606520420938,39.3265362141426],[-76.5606236452416,39.326609004102],[-76.5605798135023,39.3267223116513],[-76.5605280810367,39.3268586678216],[-76.5605109775639,39.3269028713547],[-76.5605382072071,39.3269230031993],[-76.5606414527672,39.3269993397243],[-76.560676924091,39.3270256094446],[-76.5607127812627,39.3270521283028],[-76.5607489547036,39.327078895138],[-76.5607853408963,39.3271057708469],[-76.5608208471137,39.3271320415537],[-76.5608567378528,39.3271585884155],[-76.5608909430464,39.3271838913354],[-76.5609285921582,39.3272117337203],[-76.5609909843989,39.3272578727168],[-76.5610524255171,39.3273032920291],[-76.5610873673663,39.3273291480008],[-76.5611287154803,39.3273597514272],[-76.5611660164117,39.3273872888803],[-76.5612063428033,39.3274171462441],[-76.5612427280049,39.3274440506277],[-76.5612815759363,39.3274727512845],[-76.561318208207,39.3274998466251],[-76.5613601891917,39.3275309171178],[-76.5614323976,39.3275843120348],[-76.5614935687449,39.3276031534064],[-76.5615574500123,39.3276614325836],[-76.5618015683108,39.3278405261285],[-76.5617804633964,39.3278578265593],[-76.5617593584717,39.3278751269863],[-76.5617132042681,39.32791289728],[-76.5616718117479,39.3279467877578],[-76.5616257633349,39.3279845025646],[-76.5615840153039,39.3280186664146],[-76.5615387150882,39.328055782275],[-76.56149639796,39.3280904366819],[-76.5614508842341,39.3281277426709],[-76.561407216224,39.3281634629994],[-76.5613481991862,39.3282117843011],[-76.5613880833324,39.3282389764184],[-76.5614673595266,39.3282930561227],[-76.5614894207695,39.3283081233401],[-76.5615071718641,39.3283202470299],[-76.5617916076833,39.3285142335578],[-76.5618283368328,39.3285608645985],[-76.5618985929032,39.3285862079165],[-76.5619188605785,39.3286000739691],[-76.562137509221,39.3287496595677],[-76.5621773578471,39.3287768792014],[-76.5624079692224,39.3289346426322],[-76.5624148329941,39.3289393349801],[-76.562452795652,39.3289784482305],[-76.5625226370637,39.3290105713869],[-76.5625273232487,39.3290133000912],[-76.5627936219177,39.3291683185627],[-76.5628103395254,39.3291974561101],[-76.5628355660937,39.3292125825814],[-76.562899870771,39.3292511333994],[-76.5630204331705,39.3293234040059],[-76.5629980117159,39.329342211215],[-76.5635464604329,39.3288865463574],[-76.5636881035588,39.3290004615544],[-76.5639428717905,39.329200131715],[-76.5641031580219,39.329218755676],[-76.564087742769,39.3291156047718],[-76.563850409606,39.3289263366433],[-76.5638992468567,39.3288835177571],[-76.5639382498208,39.3288529945605],[-76.5639781057476,39.3288218178667],[-76.5640152253251,39.3287927702953],[-76.5641195530021,39.328711122145],[-76.5641540225247,39.3286837382989],[-76.5641624555074,39.3286903324461],[-76.5641976362519,39.328717807913],[-76.5642378506808,39.3287492284076],[-76.5642760231191,39.3287790758118],[-76.5643132448197,39.3288081243153],[-76.5643390344258,39.3288282895562],[-76.5643841762067,39.3288628583744],[-76.5646314235793,39.3286668124256],[-76.5647800374233,39.328682644943],[-76.5647352245871,39.3285842817436],[-76.5649717153171,39.3283895409595],[-76.5650078873235,39.3283594473961],[-76.5649378211412,39.328308119948],[-76.5649329256088,39.3283045339494],[-76.5648879157948,39.3282715322318],[-76.5649392376669,39.3282288599213],[-76.5649397913981,39.3282283989844],[-76.5649848036887,39.32826137457],[-76.5650485991124,39.3283081200812],[-76.5650600089324,39.3283164807456],[-76.5650701632128,39.3283081197082],[-76.5652444466487,39.3281646234399],[-76.565386738274,39.3281824161682],[-76.5653380322871,39.3280822201719],[-76.565342017254,39.328079017422],[-76.5655358710468,39.3279232176519],[-76.5655688408517,39.3278907782285],[-76.5654855395831,39.3278297398145],[-76.565570992952,39.3277591169531],[-76.5656533673097,39.3278228433297],[-76.5656651810962,39.3278133480205],[-76.5658022410405,39.3277031907092],[-76.5659523913933,39.3277231258533],[-76.5659190345296,39.3276000338005],[-76.5659378465412,39.3275844509036],[-76.5660205700999,39.3275159271932],[-76.5672222031562,39.3265205317825],[-76.5677315709037,39.3260985625593],[-76.5681996061835,39.3257108281877],[-76.56836247298,39.3257250773079],[-76.5683214374586,39.3256092528684],[-76.5683106517536,39.325601254206],[-76.5680937558308,39.3254404188838],[-76.5681548232151,39.3253907848122],[-76.568184842521,39.3253663495951],[-76.5682179166426,39.3253394287063],[-76.5682524823734,39.3253113324005],[-76.5682883278013,39.3252821977133],[-76.56832154168,39.3252551674164],[-76.5683554336763,39.325227616263],[-76.5683890042204,39.3252002846037],[-76.5684234284861,39.3251723525652],[-76.568457319578,39.3251447464329],[-76.5684936615581,39.3251151730371],[-76.5685251710903,39.325089563217],[-76.5685630422473,39.3250587325579],[-76.5686162195873,39.325015523174],[-76.5688438326768,39.3251843550169],[-76.5690109567999,39.3251889024435],[-76.568991580823,39.3250641501157],[-76.5687615528245,39.3248972850428],[-76.5688123580953,39.3248552459511],[-76.5688606771166,39.3248152568378],[-76.5689138248147,39.3247713311101],[-76.5689642046114,39.3247296191659],[-76.5690015516009,39.3246987197856],[-76.5690156483338,39.3246870607905],[-76.569064462335,39.3246466896866],[-76.5691159771829,39.3246040486581],[-76.5692187942851,39.3245189864377],[-76.5694488546206,39.3246858480519],[-76.5696072091961,39.3247038999236],[-76.5697211503735,39.3247863810743],[-76.5696098921655,39.3248801618278],[-76.5694363656383,39.3248687676941],[-76.5694434159349,39.3248922193957],[-76.5694738571037,39.3250144063071],[-76.575189215192,39.3287076621607],[-76.5752419931413,39.3286619794298],[-76.5752760218833,39.3286325253219],[-76.5753236541767,39.3286427182843],[-76.5753544708255,39.3286125832902],[-76.5756003206211,39.3283721662275],[-76.5756272697104,39.328345806657],[-76.5756348539499,39.3283383884277],[-76.5759407847982,39.3285381559615],[-76.5761944690436,39.3283002673097],[-76.5762610297789,39.3282492220985],[-76.576305809025,39.3281963130475],[-76.5765540825665,39.3279646634214],[-76.5765850533736,39.3279357662892],[-76.5765178190513,39.3278924906707],[-76.576433442938,39.3278381829898],[-76.5763524845816,39.3277860547736],[-76.5762731124308,39.3277349806935],[-76.5765254810876,39.3274929944251],[-76.5765144786264,39.3274494340696],[-76.5765770790152,39.3273936985991],[-76.5766635728151,39.3273716129604],[-76.5772289132679,39.3268418646697],[-76.5772147760818,39.326786945426],[-76.5772634623635,39.3267400247322],[-76.5773693371272,39.3267177605698],[-76.5781467891157,39.3260122922707],[-76.5781133187559,39.325927269059],[-76.5781625081911,39.3258803741109],[-76.5782808630261,39.3258590258449],[-76.5790750125823,39.3250811600953],[-76.5790356278572,39.3250315209089],[-76.5791059066115,39.3249538431196],[-76.5791355118755,39.3249723100646],[-76.5815721749682,39.3265579011786],[-76.5822015829249,39.32696745098],[-76.5825153636153,39.3271716223085],[-76.5826602782426,39.3272659150658],[-76.5835348646813,39.3278349780819],[-76.5836912621877,39.3278217227012],[-76.5841935979098,39.3271892259995],[-76.5843527716224,39.326988806129],[-76.5844324361861,39.3269856919819],[-76.5844677155416,39.3270606574392],[-76.5845871937666,39.3270433475728],[-76.5845874607467,39.3270433079825],[-76.5847789844847,39.3271609923169],[-76.5849231633121,39.3272287381368],[-76.5850821846983,39.3272797353598],[-76.5850823990526,39.327279770345],[-76.5852508162735,39.3273099102819],[-76.5852643256043,39.3273106650396],[-76.585378918313,39.3273170836361],[-76.5857868416803,39.3273232310005],[-76.5857874528714,39.3273232331544],[-76.5857894558952,39.327323218595],[-76.5865054885066,39.3273210332842],[-76.5865143971026,39.3273209763498],[-76.5865199166096,39.3273209561333],[-76.5871481223518,39.3273178102793],[-76.5871523729706,39.3273178053927],[-76.5873926967923,39.3273167747972],[-76.5875953095565,39.3273336327307],[-76.5876106631844,39.3273485066586],[-76.5876280441732,39.327338444997],[-76.5877551540174,39.3273651144425],[-76.5877576510558,39.3273812655615],[-76.5877836643753,39.3273759739049],[-76.5879882898666,39.3274708234484],[-76.5879883591747,39.3274708714312],[-76.5881055428191,39.3275566319026],[-76.5882937232608,39.3277909333962],[-76.5882964073514,39.3277944692378],[-76.5885301019864,39.3280960428909],[-76.5885525508257,39.3280974572877],[-76.5885632699366,39.3281331771549],[-76.5885713497482,39.3281516438076],[-76.5885858829057,39.3281852566547],[-76.5886439637775,39.328218310317],[-76.5887348962601,39.3282770899477],[-76.5887927315251,39.3283081222914],[-76.5888173192117,39.3283213160324],[-76.5889222740516,39.3283430651598],[-76.5890603410131,39.3283156111524],[-76.589098018633,39.3283081189168],[-76.589154642452,39.328296859298],[-76.5892180102928,39.3282944361671],[-76.5892387671838,39.3282922271042],[-76.5892748815863,39.328308120947],[-76.589407729232,39.3283665871266],[-76.5905260979064,39.3283693111638],[-76.5906206938799,39.3283081310983],[-76.5906583922897,39.3282837502596],[-76.590691282489,39.3283081310211],[-76.5907766931701,39.3283714449323],[-76.5919872114177,39.3283610276432],[-76.5920690865668,39.3283081251953],[-76.592109180108,39.3282822191276],[-76.5921511037957,39.328308124271],[-76.5922419339305,39.3283642499121],[-76.5935413143267,39.3283633080048],[-76.5936111360151,39.3283081289438],[-76.5936460007933,39.3282805766195],[-76.5936793899464,39.3283081289085],[-76.5937515429223,39.3283676693141],[-76.5950167557077,39.3283657075634],[-76.5950789039907,39.328308128619],[-76.5951431287529,39.3282486255841],[-76.5953549620923,39.3282493559262],[-76.5954090906342,39.3283081261698],[-76.5954781576798,39.3283831153704],[-76.5977853616086,39.328363942026],[-76.5978544865272,39.3283081311493],[-76.5978662170584,39.3282986602584],[-76.5978862421436,39.3282824927399],[-76.5980148707717,39.328359933362],[-76.599167950698,39.32837353441],[-76.5992752160829,39.3282925939171],[-76.5993916724291,39.3283627503964],[-76.6016227222649,39.3283722310064],[-76.6017398654102,39.3282904128944],[-76.6018644063205,39.3283753170705],[-76.6023666270519,39.3283709271372],[-76.6034722677305,39.3283612563518],[-76.6034697689808,39.3284747856788],[-76.6035563707384,39.3285277284463],[-76.6034943407664,39.3285786259772],[-76.6034855606649,39.3315962465542],[-76.6035826130456,39.3316240836775],[-76.6035943452688,39.3319884817026],[-76.6035834283846,39.3321316667026],[-76.6035017509946,39.332203054827],[-76.6035637681368,39.3323468794316],[-76.603590756644,39.3323882094419],[-76.60368012993,39.3325954470782],[-76.6037888558071,39.3326018486182],[-76.6038441718821,39.3327204015736],[-76.6037498793448,39.3327426105885],[-76.6038568272408,39.3329725908646],[-76.6039600971384,39.3329732757194],[-76.6040183892635,39.333099024778],[-76.6039103691476,39.3331065000662],[-76.6040085052448,39.3333001638185],[-76.6041294267046,39.3332997937582],[-76.6041724223454,39.3334316712483],[-76.6040629024585,39.3334384444479],[-76.6041662115042,39.3336638624477],[-76.6041807004003,39.3337029803081],[-76.6042913286109,39.3339357567166],[-76.6043972636472,39.3339433949255],[-76.6044635325079,39.3339897713812],[-76.6044810420662,39.3340311611433],[-76.6045017079919,39.3340294616049],[-76.6045419918047,39.3341141350837],[-76.6045798185632,39.3341192533789],[-76.6045606206036,39.3341522210488],[-76.6046230765412,39.3342769145729],[-76.6046000134048,39.3343057933605],[-76.6046427516657,39.3343189493202],[-76.6047713677701,39.3346191229668],[-76.6048889216351,39.3348687570056],[-76.6049622252897,39.3350244202741],[-76.6050537524543,39.3351694843604],[-76.6050523701631,39.3351740077775],[-76.6050578381566,39.3351754304148],[-76.6051659387758,39.3353219012081],[-76.6051820164867,39.3353268615833],[-76.6051815570464,39.335338545446],[-76.6052894228467,39.3354304101759],[-76.6053960384765,39.3355177020124],[-76.6055445172692,39.3356205460284],[-76.6056977800521,39.3357050261353],[-76.6056121647364,39.3357983689861],[-76.6054997961617,39.3359845872919],[-76.6054859161404,39.3360075899507],[-76.605087431331,39.3361926977766],[-76.6046230084272,39.3364218947872],[-76.6045199458913,39.3364727520229],[-76.6047673905946,39.3367780306677],[-76.6046836003277,39.336819042809],[-76.6046903446639,39.3368796948194],[-76.6047043935727,39.3370055837235],[-76.6046963484671,39.3370094974419],[-76.6046203659763,39.337046459007],[-76.6045692526771,39.337071323368],[-76.6043922015951,39.3371574660788],[-76.6043896044021,39.3371587291943],[-76.6042952387079,39.3371242354219],[-76.6042003013305,39.3371719977286],[-76.6042153407334,39.3372439487444],[-76.6043772916349,39.3374549094251],[-76.6043320255382,39.3374759786929],[-76.604267050245,39.3375062890225],[-76.6042065409514,39.3375344741762],[-76.6041466351443,39.3375623866028],[-76.6040856304098,39.3375907880067],[-76.6040553225016,39.3376050591596],[-76.6040619656075,39.3376690075877],[-76.6040687207432,39.3378711535772],[-76.6040504477489,39.3379146089452],[-76.6040672671261,39.3381503128335],[-76.604123608086,39.3381593145861],[-76.6044098605532,39.3381454221615],[-76.6044441929266,39.3381437560083],[-76.6045151052673,39.3381933051044],[-76.6044478839998,39.3382553710277],[-76.6041328285597,39.3382683675953],[-76.6040586089116,39.3382824503368],[-76.604070135088,39.3385041054287],[-76.6040214763394,39.3385058916577],[-76.6039697037172,39.3385077736648],[-76.6039197723591,39.338509582587],[-76.6038712191675,39.3385113673079],[-76.6038208979086,39.3385132027975],[-76.603771423564,39.3385150122961],[-76.6037217032996,39.3385168227464],[-76.6036740006359,39.3385185562081],[-76.6036241724973,39.3385203653528],[-76.6035740635096,39.3385221987502],[-76.6035101643887,39.3385245377754],[-76.6034377413476,39.3385271767852],[-76.6033882321853,39.3385289860051],[-76.6033386918533,39.3385307680767],[-76.6032891444029,39.3385325780264],[-76.6032389321532,39.3385344127341],[-76.6031906238261,39.338536170978],[-76.6031405843973,39.3385380071277],[-76.6030984692161,39.3385395376344],[-76.6030146395127,39.3383250262295],[-76.6028463702955,39.3382829730562],[-76.602827104558,39.3383011922402],[-76.6027909915206,39.3383353616806],[-76.6027463832317,39.3383775460772],[-76.6027053314642,39.3384163943978],[-76.6026669083245,39.3384527231904],[-76.6026278822154,39.3384896282117],[-76.6025975274132,39.3385183504193],[-76.6025933316166,39.3385223202412],[-76.6025831808452,39.3385543813561],[-76.6025688202289,39.3385997430851],[-76.602566048909,39.3386084628586],[-76.6025527009285,39.3386434784215],[-76.6025345446999,39.3386909395653],[-76.6025163887349,39.3387383493639],[-76.6024836572826,39.3388187366746],[-76.6024613227082,39.3388736535731],[-76.6024504219265,39.3388946455564],[-76.6024264737522,39.3389408818937],[-76.6024024919183,39.3389871163102],[-76.6023923754123,39.3390066301116],[-76.6023817375076,39.3390247973327],[-76.6023777792303,39.339030876599],[-76.6023655380685,39.3390494878688],[-76.6019799657839,39.3392237369097],[-76.6017339195604,39.3393393035776],[-76.6017323027087,39.3393520770002],[-76.6017204480892,39.3394457505729],[-76.6016701620682,39.3395144693407],[-76.6016975049641,39.3395452477353],[-76.6016996157785,39.339547993158],[-76.6017102343395,39.3395618042592],[-76.6017357276588,39.3395949615562],[-76.6017701613578,39.3396325916172],[-76.6018143013729,39.339680831116],[-76.6019034569376,39.3397594169835],[-76.6019039347127,39.3397598545629],[-76.601902855063,39.3397604219806],[-76.6017616404848,39.3398346741795],[-76.6017030592769,39.3398653893594],[-76.6016679543036,39.3398838312119],[-76.6016502207109,39.3398934901844],[-76.6015756678982,39.3399340548941],[-76.6015695383518,39.3399373903038],[-76.6014645740791,39.3399800235718],[-76.6012187728406,39.3401031805712],[-76.6012492141056,39.3401640644309],[-76.6008431983115,39.3403725588275],[-76.6007041775275,39.3404490294327],[-76.600705488386,39.3404506651377],[-76.6007734104674,39.3405353462369],[-76.60081606911,39.3405883135906],[-76.6008417009588,39.3406201393369],[-76.6008896034951,39.3406781497331],[-76.6008689250755,39.3408337483955],[-76.6008610608227,39.3409181171648],[-76.6008491116927,39.3410244097493],[-76.6008456987366,39.3410592651666],[-76.6008135101303,39.3414005307582],[-76.6007642187379,39.3418848028956],[-76.6007584034599,39.3419441396386],[-76.6007529648837,39.3419761364013],[-76.6003072437835,39.3421010767972],[-76.6002523404496,39.342569789872],[-76.6001486775145,39.3427056085753],[-76.6001487529455,39.3427056034273],[-76.6002401378107,39.3427064240209],[-76.6005609756063,39.342612527228],[-76.6007229580131,39.3429579804044],[-76.6001971367002,39.3431107641952],[-76.600188995641,39.343168748166],[-76.6001420951493,39.3435975419674],[-76.600124081674,39.3436383106174],[-76.6000500718881,39.3436767657273],[-76.6000397302441,39.3437287504295],[-76.600069032909,39.3437629019137],[-76.6000047442522,39.3441777433293],[-76.6003431531216,39.3442102203251],[-76.6002648826998,39.344735245751],[-76.6002547186467,39.3448034633967],[-76.6006477852469,39.3448412064322],[-76.6006422025647,39.344878554002],[-76.6008220697306,39.3448952134168],[-76.6008428729077,39.3447508557858],[-76.6008605420428,39.3447526731273],[-76.6012337156129,39.3447910843782],[-76.6012134648857,39.3449274939669],[-76.6014118187374,39.344947936162],[-76.6015807403371,39.3449653364511],[-76.6015939875986,39.344966700034],[-76.6015578316468,39.3452123090007],[-76.6016417269818,39.3452944350253],[-76.6017553254575,39.3452257597132],[-76.6021485237251,39.3452625073416],[-76.6025273881855,39.3452980765616],[-76.6025957375426,39.3453905286311],[-76.6027207082785,39.3453183914341],[-76.6032341473701,39.3453645743426],[-76.603304788509,39.3453718961758],[-76.6033650580602,39.3449580547548],[-76.603582684703,39.3449787204363],[-76.6038003079926,39.344999385703],[-76.6039232922871,39.3450110576006],[-76.6038950863617,39.3451491126079],[-76.6039432761893,39.3451554549682],[-76.60394383841,39.3451555289217],[-76.6039358741503,39.3451954582587],[-76.6038898201338,39.3454263623125],[-76.6038442638486,39.345523323579],[-76.6038428561941,39.3456479477587],[-76.603903643111,39.3456543857224],[-76.6040775079077,39.3456727979926],[-76.6041771756819,39.3456136582726],[-76.604253852166,39.3456965615721],[-76.6042416114529,39.3457847861976],[-76.6042316383234,39.3458566591181],[-76.6042053063266,39.3460241919515],[-76.6041943070405,39.3460704063856],[-76.604166580768,39.3462864918729],[-76.6040819844102,39.3463413902773],[-76.6041435296398,39.3464190480762],[-76.6041029778093,39.3467027119714],[-76.604057204263,39.347022679881],[-76.6039723274621,39.3470619871601],[-76.6040339628638,39.3471447759434],[-76.6040035304458,39.3473639525718],[-76.6043203744879,39.3474476130861],[-76.6043150582582,39.3474897014093],[-76.6043050844768,39.3475593755778],[-76.6042892664383,39.3476694987328],[-76.6042850725928,39.3476988056592],[-76.6042732621784,39.3477809678684],[-76.6042646525719,39.3478410906188],[-76.6042537259595,39.3479170478653],[-76.6042436448211,39.3479874359487],[-76.6042338951736,39.3480553814255],[-76.604223668397,39.3481262896443],[-76.6042148750919,39.3481879232159],[-76.6042057483797,39.3482515048743],[-76.6042026976001,39.3482726350787],[-76.6041913550571,39.3483468074352],[-76.6041850792587,39.3483878575553],[-76.6041663585702,39.3485103813517],[-76.6041642685155,39.3485242115517],[-76.6041434218949,39.3486605356935],[-76.6041423949846,39.34866701039],[-76.6041403391674,39.3486807326149],[-76.6042109137968,39.3486881077052],[-76.6041328382473,39.3492134381899],[-76.6037313424844,39.3491715918606],[-76.6036673268276,39.3495943043359],[-76.6035882853345,39.3495938559252],[-76.6035122959626,39.3495727069424],[-76.6031749521661,39.3495416119408],[-76.6031415689114,39.3495385349183],[-76.6031256232901,39.349570347625],[-76.6030826385406,39.3495654321843],[-76.603019338274,39.3495193462784],[-76.6026696833897,39.3494758581535],[-76.60265102831,39.3496116138306],[-76.6026322291769,39.3497482193148],[-76.6026141690394,39.3498792282623],[-76.6026122869252,39.3498929483412],[-76.6024358900504,39.3498765926087],[-76.6024148635148,39.3500128896683],[-76.6023938357383,39.3501491867144],[-76.6023728461753,39.3502854820787],[-76.6023666266164,39.3503258017676],[-76.6023518180754,39.3504218079287],[-76.6023307912265,39.3505581031483],[-76.602366627296,39.3505614237876],[-76.6028361513958,39.3506049358246],[-76.6027748415033,39.3510139979049],[-76.6027760404914,39.3510141091439],[-76.6028294058533,39.3510389445766],[-76.6028248059584,39.3510809424316],[-76.6027680758709,39.3511238342652],[-76.6027039734961,39.3515321148727],[-76.6027144108029,39.3515330824086],[-76.6027992308637,39.3515478331114],[-76.6028922731949,39.3515346164095],[-76.6033374384038,39.3515807607813],[-76.6032768700545,39.3519207213492],[-76.6032813364247,39.3519686586764],[-76.6032613703986,39.3520298824019],[-76.60321281086,39.3523026185936],[-76.6031799778456,39.3522994605776],[-76.6031579270496,39.3524356443156],[-76.603193023396,39.3524390558784],[-76.6031485457442,39.3527280056534],[-76.6031278806286,39.3527708473163],[-76.6030881909154,39.352846158704],[-76.6029258857744,39.3539175238646],[-76.6028564062352,39.3543575264171],[-76.6027962076293,39.3543909550189],[-76.6027698898818,39.3545231023679],[-76.6027467189842,39.3546394441949],[-76.6027211880473,39.354739445772],[-76.6031472172772,39.3547825968797],[-76.6031568780257,39.3547238344035],[-76.6032728991483,39.3547388260449],[-76.6032718485375,39.3547449448486],[-76.6032497980736,39.3548735037142],[-76.6032424956858,39.3549151438284],[-76.6031958107771,39.3551813521084],[-76.6031812562428,39.3552796721897],[-76.6036702932847,39.355332579165],[-76.6036386161823,39.3555205915657],[-76.6036034657343,39.3557288274171],[-76.6035509669621,39.3558095262893],[-76.6034415558128,39.3559777069766],[-76.6034323140859,39.3559918706081],[-76.6034238259277,39.3560051027105],[-76.6033948941904,39.3560500575628],[-76.6033503937059,39.3561214273047],[-76.6032992526777,39.3561455982473],[-76.6032453591823,39.3561710695601],[-76.6031604093874,39.3562112217282],[-76.6031519659611,39.3562230821308],[-76.6030531179682,39.3563619419974],[-76.6025056045605,39.3567635043013],[-76.6023745429491,39.3568596270611],[-76.6023666274698,39.3568695841211],[-76.6021534368319,39.3571377642682],[-76.6021272698464,39.3573350427306],[-76.6021063899631,39.3574924569129],[-76.6021249603643,39.3577862922285],[-76.6021344518547,39.3579364663041],[-76.6021433281154,39.3580249014457],[-76.6021895806665,39.3581530055974],[-76.6022777208588,39.3583772416505],[-76.6023655400327,39.3584768138867],[-76.6023666266528,39.3584777426227],[-76.6024929153112,39.3585856199667],[-76.6027129686955,39.3587735935743],[-76.6027235457687,39.3587876961896],[-76.6027404237141,39.3588102005896],[-76.6027052960381,39.3588254782903],[-76.6026816054054,39.358835781997],[-76.6026641922083,39.3588433506406],[-76.602630022973,39.3588582019035],[-76.6026221830541,39.3588625133821],[-76.6025795072395,39.3588859262565],[-76.6024974885728,39.3589309761537],[-76.6023753987961,39.3590141071683],[-76.6023767589209,39.3590150953771],[-76.6026929626443,39.3592448948305],[-76.6026819856379,39.3593226034391],[-76.6025648700158,39.3593398721207],[-76.6023666274975,39.3594898374427],[-76.602297348639,39.3595422433913],[-76.6022608669656,39.3595723101545],[-76.6020317503723,39.3597917788662],[-76.6020342806139,39.3598716039184],[-76.6019266976734,39.3599021865563],[-76.6016606792544,39.3601923485851],[-76.6017560829709,39.3601945857881],[-76.6018499966155,39.3602237121998],[-76.6019261351024,39.3602688034532],[-76.6019782698317,39.3602997024032],[-76.602029169583,39.3603298540387],[-76.6020672729245,39.360352441162],[-76.6020781645288,39.3603589021035],[-76.6021286768892,39.3603888344048],[-76.6022084815495,39.3604361338827],[-76.6022899434795,39.3604844270233],[-76.602338834677,39.3605133917583],[-76.6023666270819,39.3605298666148],[-76.6023902631376,39.3605438755942],[-76.6024413399822,39.3605741672614],[-76.6024914640263,39.3606038774095],[-76.6025713397927,39.3606512047996],[-76.6026551626979,39.3607008783906],[-76.6027378233017,39.3607498904533],[-76.6028205188392,39.3607989007733],[-76.6029032168065,39.3608479119428],[-76.6029858755842,39.3608968967993],[-76.6030685724736,39.3609459339681],[-76.6031512684685,39.3609949440524],[-76.6032339299047,39.3610439296407],[-76.6033179769812,39.3610916552037],[-76.603386549411,39.3611305688111],[-76.6034010356668,39.3611391557899],[-76.6036572461314,39.3612827311621],[-76.60386194459,39.361397437556],[-76.6038771876306,39.3613974898031],[-76.6039710502266,39.361397778915],[-76.6040540197998,39.3613980303754],[-76.6042308519718,39.3613985706818],[-76.6042448221534,39.3613986176968],[-76.6044076853068,39.3613991107262],[-76.604462361784,39.3613992667189],[-76.6045845174792,39.3613996514015],[-76.6046799360722,39.361399943378],[-76.6047613866436,39.361400217156],[-76.604910950429,39.3614006386679],[-76.6049381820026,39.3614007013298],[-76.6051150165086,39.3614012403145],[-76.605291846371,39.3614017799184],[-76.6053907691087,39.3614020848809],[-76.6054686808824,39.3614023183713],[-76.6056455119105,39.3614028574473],[-76.6058223464373,39.3614033935669],[-76.6059708855279,39.3614038373182],[-76.6059921401597,39.3614039094337],[-76.6061194246255,39.3614042799812],[-76.6062679995445,39.3614047495987],[-76.6063331556035,39.3614031293192],[-76.6064067992784,39.3614013428514],[-76.6064065970822,39.3614120510805],[-76.6064044211531,39.3615491518377],[-76.6064027535393,39.3616521828763],[-76.6064018409642,39.3617082698395],[-76.6064011438781,39.3617698484375],[-76.6063999065051,39.3618844121892],[-76.6063984684044,39.362009627422],[-76.6063977183572,39.3620744728225],[-76.6063588884641,39.3621187655719],[-76.6064075612916,39.3621171432173],[-76.6064074498442,39.3622328915953],[-76.606407421105,39.3622762972797],[-76.6064073616751,39.3623505072819],[-76.6063330853077,39.3623450685974],[-76.6063014448691,39.3623427675718],[-76.6061519352018,39.3623318336735],[-76.6061174695482,39.3623668597274],[-76.6058732289092,39.3626150195788],[-76.6058714423083,39.3626168348881],[-76.6059190873513,39.3626897140271],[-76.6059208189495,39.3626923644033],[-76.6059229642397,39.3627138938814],[-76.6059276804301,39.3627686819019],[-76.6059400241643,39.3629124814131],[-76.605830096277,39.3629679652124],[-76.6056700436081,39.3630483412394],[-76.6056395222375,39.3631082453065],[-76.6057347956986,39.3631769561581],[-76.6057868901853,39.363187402838],[-76.6058412832822,39.3631490496911],[-76.6058537778567,39.3631407462102],[-76.6058981671109,39.3631151698348],[-76.6059439432801,39.3630941279125],[-76.6059567354986,39.3630898877562],[-76.6060543244391,39.3630629529024],[-76.6060733793471,39.3630580464476],[-76.6061031781389,39.3630520806761],[-76.6061348831981,39.3630457339632],[-76.6061929930849,39.3630390379062],[-76.6063177356393,39.3630327558571],[-76.6063330171067,39.363032011659],[-76.6064145555896,39.3630295391237],[-76.606506508976,39.3630298738591],[-76.6065065321369,39.3630367781102],[-76.6065071662319,39.3632224534066],[-76.6065072990619,39.363261431579],[-76.606508070883,39.3634877117846],[-76.6065082434754,39.3635329033917],[-76.6065164843752,39.3635383462145],[-76.6065445009004,39.3635568501776],[-76.6065865794693,39.3635846427694],[-76.6066852544741,39.363584972826],[-76.6066851624688,39.3635568099803],[-76.6066847962104,39.3634446774271],[-76.6067024457092,39.3634446265639],[-76.6068616025609,39.3634443084301],[-76.6070384460457,39.3634439383905],[-76.6072421728086,39.3635566494032],[-76.6072884747011,39.3635822652479],[-76.607292505757,39.3635822787089],[-76.6075330046368,39.3635832743199],[-76.607534066357,39.3635832778631],[-76.6077463062326,39.3635841508042],[-76.6079585088277,39.3635850511609],[-76.6081353477416,39.3635857783582],[-76.6083829537995,39.3635867941113],[-76.6085067045408,39.3635873151294],[-76.6086304899352,39.3635878649562],[-76.6088073626673,39.3635885633327],[-76.608984199278,39.3635892892459],[-76.6089840828779,39.3635561290187],[-76.6089838142974,39.3634794697511],[-76.6089837197979,39.3634520139819],[-76.6091605559107,39.3634527684531],[-76.6093373923499,39.3634534641114],[-76.6094113212257,39.3634537781302],[-76.6094123625956,39.3635559975574],[-76.609415816143,39.3638948889869],[-76.6098119765192,39.3638970462519],[-76.6098095339988,39.3640422301961],[-76.6099046304688,39.3640713297158],[-76.6099011223495,39.3641653931393],[-76.6099005411395,39.3642012010198],[-76.6098047415856,39.3642637197077],[-76.6094151928777,39.3642765934103],[-76.6094040688622,39.3646583673971],[-76.6094031054315,39.3646921059028],[-76.6093997440445,39.3648078415762],[-76.6093993492722,39.3648215684367],[-76.6096611963801,39.3648194455685],[-76.6096608028187,39.3648331724336],[-76.6096593266537,39.3648829135773],[-76.6096585352437,39.3649107239857],[-76.6097295114746,39.364912688062],[-76.6097548846581,39.3649099439384],[-76.6098724030442,39.3649426902057],[-76.6098717794323,39.3649539482816],[-76.6098687492069,39.3650379132713],[-76.6097952417492,39.3650482215631],[-76.6097926688852,39.3651114881727],[-76.6098659327226,39.3651159340873],[-76.6098608925387,39.365255565307],[-76.6097764339681,39.3653415579157],[-76.609774566126,39.3654017499326],[-76.6097674274802,39.3656318228131],[-76.6096071691128,39.3656317296012],[-76.6094125700433,39.3656315779703],[-76.6093948844817,39.365631547155],[-76.6093947687054,39.3656352884416],[-76.6093922622277,39.365716125073],[-76.6093917966653,39.3657298516944],[-76.6093895188552,39.3657296288523],[-76.6092670797272,39.3657176323106],[-76.6092628263407,39.3657941125629],[-76.6097609615909,39.3658402351298],[-76.6098417380662,39.3658525874526],[-76.6098373218822,39.3659085870726],[-76.6098341820554,39.3659955826597],[-76.6098294475298,39.3659983313211],[-76.6097604714602,39.3660375386284],[-76.609754092676,39.3662577265694],[-76.6097006803107,39.3662563927731],[-76.6096111401118,39.3662530672973],[-76.6094327645606,39.3662478083223],[-76.6093317005238,39.3662471790067],[-76.6093288169901,39.3662471613214],[-76.6093247489646,39.3663820046692],[-76.6093208350663,39.3665114107612],[-76.6093205981347,39.3665192355953],[-76.6095376878173,39.3665256312046],[-76.609540099938,39.3665257022647],[-76.6095397562837,39.3665366838352],[-76.6095304129081,39.3668457639252],[-76.6097135313816,39.3668487208845],[-76.6097266801479,39.3668489329569],[-76.6097358942583,39.3668490824306],[-76.6098351452501,39.3669190775923],[-76.6098289174107,39.3669993415929],[-76.6097313862183,39.367057420095],[-76.6093107930125,39.3670529025873],[-76.6092428864586,39.3670521725701],[-76.6092366417546,39.3672157539282],[-76.6092311862877,39.3673584722849],[-76.6092279229641,39.3674435164074],[-76.6092263519456,39.3674847208883],[-76.6092258167295,39.3674984445677],[-76.6092207952824,39.3676007518081],[-76.6092195327753,39.3676438785878],[-76.6092172430961,39.3677213363128],[-76.6092164440394,39.367748391849],[-76.6092963305436,39.3677488995629],[-76.6097209153243,39.3677517000346],[-76.609816406494,39.367813912939],[-76.6098105523581,39.3678587476004],[-76.6097783145702,39.3678947017134],[-76.6097016793592,39.3678914731769],[-76.6092230316172,39.3678881534388],[-76.6092104277336,39.3682042519044],[-76.6091883223822,39.3682040406383],[-76.6091899604061,39.368336899616],[-76.6091916442492,39.3684742867526],[-76.6091878548371,39.3685818988998],[-76.6096835338632,39.3685866155871],[-76.6097990289225,39.3686178428141],[-76.6097949863651,39.368695306418],[-76.6096791727321,39.3687539105753],[-76.6092997955488,39.368750283761],[-76.6091953971526,39.36874928477],[-76.6091951438967,39.3687630111821],[-76.6091926590378,39.3688865761283],[-76.6091899213693,39.369023784614],[-76.6091876257018,39.3691378717089],[-76.6091874354758,39.3691473234247],[-76.609187148574,39.3691610479218],[-76.6090103033542,39.3691593621456],[-76.6088334931102,39.3691576482969],[-76.6086566479073,39.369155961989],[-76.6085279090414,39.3691859001398],[-76.6087154779752,39.3696921807576],[-76.6087648570525,39.3698397481235],[-76.6087719351508,39.3698609092901],[-76.6087915449198,39.3699195378089],[-76.6088181994973,39.3699992724302],[-76.6088449247785,39.3700790333998],[-76.6088879790731,39.3702122218948],[-76.6089310695188,39.3703454077857],[-76.6089656258455,39.3703394021674],[-76.6089701118571,39.3703531452297],[-76.6089812426759,39.3703873075946],[-76.6089466859614,39.3703935897427],[-76.6090149896018,39.3706047498331],[-76.6093699902393,39.3705452278053],[-76.6094025881691,39.3705223005972],[-76.6094920819727,39.3704766952699],[-76.6095571647001,39.3704511313241],[-76.6096656075766,39.3704201095645],[-76.6097470129004,39.3704353274497],[-76.6097984547938,39.3704751594196],[-76.6098000404703,39.3704948854359],[-76.6096626671843,39.3705942727914],[-76.6096502020686,39.3705991782737],[-76.6095985424083,39.3706195094037],[-76.6095328836192,39.370652923191],[-76.6094637111532,39.3707016450237],[-76.6094032914992,39.3707538547172],[-76.6093580955211,39.370797139992],[-76.6093006738613,39.37085092327],[-76.6092531716624,39.3708952970405],[-76.6092060968068,39.370939398387],[-76.6091175984582,39.3710225639632],[-76.609007567957,39.371167581811],[-76.6088643664802,39.3711770056799],[-76.6088567450648,39.3711800284306],[-76.6088563045908,39.3712085254069],[-76.6087803555919,39.3712094239462],[-76.6086846276401,39.3712434235965],[-76.6086258047435,39.3712624757368],[-76.6084350313384,39.3713224027668],[-76.6079700314443,39.3714694124338],[-76.6079617592109,39.3719656957928],[-76.6023666272888,39.3719666247103],[-76.5841935986485,39.371967806166],[-76.5807923201614,39.3719677149892],[-76.5807899469093,39.3719677164386],[-76.5719881089668,39.3719685013268],[-76.5702752675398,39.371968577991],[-76.5702449387415,39.3719685788685],[-76.5660205698551,39.3719692548019],[-76.5478475410992,39.3719704319794],[-76.5476466587517,39.3719704287831],[-76.547642771033,39.3719704291433],[-76.5296742354191,39.3719718995564]]]},"properties":{"OBJECTID":8,"DistrictNumber":4,"Dist_Abbr":"NED","Dist_Alt":"NORTHEASTERN","Dist_Name":"Northeastern","DistrictName":"Northeastern","District":"4","Shape__Area":379631104.98052979,"Shape__Length":102580.89806676573}},{"type":"Feature","id":9,"geometry":{"type":"Polygon","coordinates":[[[-76.7078968120614,39.3032873531786],[-76.7078804616684,39.3032689722946],[-76.7078642164062,39.30326081702],[-76.7078332606664,39.3032527278519],[-76.7077998401635,39.3032420888191],[-76.7077318655587,39.3032260971283],[-76.7076937811313,39.3032154023272],[-76.707652845014,39.3032088366775],[-76.7076130886159,39.3031984637629],[-76.7075677105073,39.3031891901746],[-76.7075335676438,39.3031889871966],[-76.7075028755425,39.3031886748002],[-76.7074752180956,39.3031772636632],[-76.707379971468,39.3031396596526],[-76.707224297445,39.3030957789888],[-76.7070517931641,39.3030417406983],[-76.7069948144033,39.3030263191476],[-76.7069740045502,39.3030227227886],[-76.706945054193,39.3030206572202],[-76.7069242254306,39.3030213573984],[-76.7069019121329,39.3030219061463],[-76.7068846802685,39.3030188348282],[-76.7068019364574,39.3029931091434],[-76.7067492600701,39.3029754832564],[-76.7067181343268,39.3029704361137],[-76.7066901241035,39.3029658831468],[-76.706656555871,39.3029624440405],[-76.7066181437191,39.3029590180513],[-76.7065849059998,39.3029547177289],[-76.706559068408,39.3029507376306],[-76.7065254749999,39.3029427388106],[-76.7064741557878,39.3029249675652],[-76.7063018036453,39.3028540250106],[-76.7062738033304,39.3028406580971],[-76.7059975323347,39.3027087733131],[-76.7058581732997,39.3026370100956],[-76.7057799079746,39.3025967062941],[-76.7057116494395,39.3025541206738],[-76.7056342058471,39.3024982781319],[-76.7055837722285,39.3024563784269],[-76.7055608548017,39.3024380005748],[-76.7055508310794,39.3024281878683],[-76.7055414783324,39.3024125831957],[-76.7055287866868,39.3023849541025],[-76.7055182333356,39.3023580626794],[-76.7055099519164,39.3023270866275],[-76.7055094956482,39.3023230519096],[-76.7055072222214,39.3023029269803],[-76.7055048860536,39.3022951205992],[-76.7054972190101,39.3022890185937],[-76.7054838571505,39.3022806882612],[-76.7054629574296,39.302271443683],[-76.7054469365996,39.3022643641328],[-76.7054353236095,39.3022561832002],[-76.7054270037795,39.3022411665969],[-76.7054257153437,39.30222730167],[-76.705431538637,39.3022086436475],[-76.7054501800787,39.302151402452],[-76.7054612320514,39.3021143254141],[-76.7054635082345,39.3020963718945],[-76.705464213063,39.302090803401],[-76.7054724915948,39.302045128021],[-76.7054761795584,39.3020099403175],[-76.7054763503736,39.3019942117856],[-76.7054770587612,39.3019749428379],[-76.7054808286685,39.3019554779938],[-76.705493871603,39.3019283583684],[-76.7055120453344,39.3019055499974],[-76.7055219267627,39.3018985155567],[-76.7055324998588,39.3018949444449],[-76.7055528893582,39.3018882714163],[-76.7055730412149,39.3018774020781],[-76.7055967376571,39.3018622378168],[-76.7056632365871,39.301819366408],[-76.7056792725184,39.3018116123561],[-76.7056860384418,39.3018093963355],[-76.7057041991711,39.3018067431661],[-76.7057185987568,39.3018032978188],[-76.7057334410437,39.3017954227712],[-76.7057547199079,39.3017778059761],[-76.7057852510303,39.3017488619479],[-76.705863918665,39.3016773931403],[-76.7059770384828,39.3015721196373],[-76.7061028719612,39.3014507633397],[-76.7061691082456,39.3013891273821],[-76.7061918747353,39.3013663736245],[-76.7062078101205,39.3013445098411],[-76.7062258310645,39.3013201507773],[-76.7062409957254,39.3013060612696],[-76.7062802801344,39.3012766886169],[-76.7063249477808,39.3012432940291],[-76.7064886692858,39.3011327050342],[-76.706524475288,39.3011011329762],[-76.7065929997161,39.301030738155],[-76.7066032443123,39.3010202141077],[-76.706633900655,39.3009829760251],[-76.7066521681523,39.3009527662122],[-76.7066775004704,39.3008940084252],[-76.7066881372049,39.3008657468025],[-76.7066891548542,39.3008613221375],[-76.7066930821043,39.3008286651998],[-76.7066957486543,39.3008050991264],[-76.7066947826021,39.3007771418168],[-76.7066924141899,39.3007549656479],[-76.706689538088,39.3007294013767],[-76.7066863109675,39.3006995693574],[-76.7066835282705,39.3006710436398],[-76.7066826805922,39.3006444602742],[-76.7066830644244,39.3006354672041],[-76.7066828275906,39.3006184459658],[-76.7066854421645,39.3005962335946],[-76.7066869085081,39.3005817080934],[-76.7066892208293,39.3005695068478],[-76.7066871696627,39.3005544411207],[-76.7066770578234,39.3005121380877],[-76.7066696954369,39.3004587428265],[-76.7066682177354,39.3004488227364],[-76.7066657268905,39.3004332686027],[-76.7066588200056,39.3004082176031],[-76.7066498446206,39.3003857511063],[-76.7066367663339,39.3003627312099],[-76.7066233091586,39.3003427450062],[-76.7066169552834,39.3003325524216],[-76.7066125455608,39.3003229321663],[-76.7066073837038,39.3003124056755],[-76.7066025582915,39.3003009810721],[-76.7066012980245,39.3002886673194],[-76.7066008784958,39.3002765799537],[-76.7066004594293,39.3002643808956],[-76.7065965736022,39.3002486260109],[-76.706592999973,39.3002372738908],[-76.7065928832465,39.3002369051909],[-76.7065872167585,39.3002256181032],[-76.7065824836318,39.3002123453817],[-76.7065811206678,39.3002046801637],[-76.7065802142967,39.3001995814336],[-76.7065759349179,39.3001842390112],[-76.706568731856,39.3001699828026],[-76.7065590484723,39.3001404400062],[-76.7065508450891,39.3001205380734],[-76.706545417426,39.3001100946855],[-76.7065320452646,39.3000950772417],[-76.7065264899816,39.3000899813113],[-76.7065114777206,39.3000810452633],[-76.706502749363,39.3000759486118],[-76.7064950581541,39.3000704005703],[-76.706491040441,39.3000643924121],[-76.7064857555961,39.3000564201467],[-76.7064825438579,39.3000478324402],[-76.7064815848017,39.3000274522835],[-76.7064814206675,39.3000108050362],[-76.7064809472431,39.2999971790463],[-76.7064805807746,39.2999865627432],[-76.7064801448599,39.2999792808584],[-76.7064771991869,39.2999730754103],[-76.7064618756575,39.2999556003293],[-76.7064517109486,39.2999465736978],[-76.7064391841287,39.2999354433073],[-76.7064276106248,39.2999270301704],[-76.706414929651,39.299913932145],[-76.7064027141692,39.2998978889143],[-76.7063909628622,39.2998708171073],[-76.7063843347884,39.29985266566],[-76.7063739985496,39.2998341113157],[-76.7063570491102,39.2998089388153],[-76.7063379387649,39.2997896320272],[-76.7063312447837,39.2997854439035],[-76.7063251677584,39.2997792486396],[-76.706297025973,39.299745183832],[-76.7062866766301,39.2997320429795],[-76.7062674921878,39.299707682763],[-76.7062569751981,39.2996924751584],[-76.7062431496793,39.2996758270816],[-76.7062358376269,39.2996649619172],[-76.7062271184201,39.2996534744159],[-76.7062153253496,39.2996426692057],[-76.7061914218887,39.2996279775823],[-76.7061588980737,39.299607606758],[-76.7061365769988,39.2995904230906],[-76.7060411546284,39.2995204696127],[-76.7059693473726,39.2994687839036],[-76.7059341076927,39.2994472271319],[-76.7059134682443,39.2994343937693],[-76.7058983793401,39.2994266590551],[-76.7058816369312,39.2994184428],[-76.7058658497058,39.2994122069902],[-76.705851625707,39.2994072568652],[-76.705832367298,39.2994013474412],[-76.7058189165943,39.29939834758],[-76.7057591096,39.2993874878504],[-76.7057342736867,39.2993818688972],[-76.7057150416505,39.2993782690541],[-76.7057032577429,39.2993747851455],[-76.705688648855,39.2993681622366],[-76.7056782555808,39.299363134313],[-76.7056670606792,39.2993599130949],[-76.7056501157338,39.2993577700858],[-76.7056212048502,39.2993582948534],[-76.7056028789174,39.2993592830025],[-76.705586127476,39.2993602372624],[-76.7055766280943,39.2993610619691],[-76.705562045491,39.2993645879095],[-76.7055412414997,39.2993704672403],[-76.7055130795082,39.2993832828498],[-76.7054892164405,39.29939521568],[-76.7053976588981,39.2994391591376],[-76.7053724439417,39.2994525081431],[-76.7053621141843,39.2994578678498],[-76.7053487759234,39.2994643612666],[-76.7053377816189,39.2994681078551],[-76.7053098510924,39.2994768156557],[-76.7052980848039,39.2994799739132],[-76.7052823200828,39.2994853506062],[-76.7052710888854,39.2994908638742],[-76.7052641035624,39.2994976632603],[-76.7052637484876,39.2995033209082],[-76.7052632742249,39.2995058562427],[-76.7052647037649,39.2995206186882],[-76.7052605087336,39.2995241148013],[-76.7052483176336,39.2995276701216],[-76.7052322448313,39.2995315769046],[-76.7052184366444,39.29953704497],[-76.7051987409537,39.2995470912079],[-76.7051593631099,39.299563922977],[-76.7050678141595,39.2996023526809],[-76.704981353733,39.2996345627713],[-76.7049092096549,39.299662042864],[-76.7048785104589,39.2996755067969],[-76.7048493318425,39.2996826683608],[-76.7048289786735,39.2996843691979],[-76.7047818307517,39.2996839652031],[-76.7047090958965,39.2996787192853],[-76.7046027894552,39.2996656721612],[-76.7045241728109,39.2996569488413],[-76.7044812786186,39.2996542801179],[-76.704401926439,39.2996529221357],[-76.7043810766593,39.2996533326664],[-76.7043588708343,39.2996533785788],[-76.7043370685751,39.2996503359153],[-76.7043190155324,39.2996464658822],[-76.7043045354857,39.2996423256047],[-76.7042869504461,39.2996368750199],[-76.7042722126185,39.2996322783079],[-76.704254755616,39.2996264281056],[-76.7042390634429,39.2996207742039],[-76.7042224635491,39.299615114412],[-76.7042028345108,39.2996077490698],[-76.7041913894562,39.2996030822716],[-76.7041807977768,39.2995992219945],[-76.7041468873188,39.2995890211406],[-76.7041090008524,39.2995756558223],[-76.7040826054536,39.2995695443839],[-76.7040439864598,39.2995672591802],[-76.7039668873265,39.2995688646563],[-76.7039255976434,39.2995692659402],[-76.7039015376479,39.299569973652],[-76.703866352372,39.2995713441975],[-76.7038554094547,39.2995713679593],[-76.7038395845912,39.2995722369325],[-76.7038247343167,39.2995729237058],[-76.7038106151851,39.2995750913589],[-76.7037968599534,39.2995781219496],[-76.7037831135927,39.2995798608794],[-76.7037682501529,39.2995803683622],[-76.7037534228836,39.2995802652228],[-76.7037378395276,39.2995802124189],[-76.7037215108572,39.2995801289093],[-76.7037052053805,39.2995800436544],[-76.7036892302952,39.2995799619328],[-76.7036729051555,39.2995798658148],[-76.7036476707259,39.2995797499253],[-76.7036339388708,39.2995796810603],[-76.7036202116605,39.2995796104038],[-76.7036042365792,39.2995795277699],[-76.7035894126677,39.2995794534424],[-76.7035745865054,39.2995793628938],[-76.7035574984363,39.2995792900561],[-76.7035411678914,39.2995796550924],[-76.7035244473646,39.2995823466917],[-76.7035110676076,39.2995848539574],[-76.7034980415478,39.2995873359923],[-76.7034846865125,39.2995889209449],[-76.7034709484245,39.2995897879288],[-76.703457217388,39.299589800113],[-76.7034438611544,39.2995897303723],[-76.7034308711339,39.29958969218],[-76.7034175022045,39.2995909951538],[-76.7034044962033,39.2995931151257],[-76.7033911181832,39.2995954827653],[-76.7033769983458,39.2995997554275],[-76.7033617215748,39.2996048430519],[-76.7033475843177,39.2996091219719],[-76.7033323367104,39.2996130567007],[-76.7033174678294,39.2996162483606],[-76.703298102405,39.2996201609773],[-76.7032821531247,39.2996233309887],[-76.7032680314795,39.2996260930681],[-76.7032527872431,39.2996294972507],[-76.7032356590817,39.2996340163107],[-76.7032219143789,39.2996378467306],[-76.7032081350499,39.2996416401306],[-76.7031925112131,39.2996462710746],[-76.7031765114851,39.2996512433537],[-76.7031623894692,39.2996557537837],[-76.7031460173331,39.299661065603],[-76.7031329733386,39.2996656102795],[-76.7031199642066,39.2996704117577],[-76.703106908046,39.2996762003424],[-76.7030934912944,39.299682829319],[-76.7030812447733,39.2996898981171],[-76.7030701731585,39.2996987822009],[-76.7030614919949,39.2997087901612],[-76.7030508376016,39.2997196434458],[-76.7030391687294,39.2997291286218],[-76.7030277952881,39.2997383830495],[-76.7030160676359,39.2997463998451],[-76.7030010519697,39.2997552883651],[-76.7029884799802,39.2997628337306],[-76.7029754002688,39.2997692563721],[-76.7029631183608,39.299775633289],[-76.7029498855925,39.2997845524317],[-76.7029419542186,39.2997926860073],[-76.7029384992081,39.2998018748743],[-76.7029370583275,39.2998118020476],[-76.7029369205693,39.2998217190042],[-76.7029358955713,39.2998325515862],[-76.702932612131,39.2998422957514],[-76.7029279700182,39.2998531336],[-76.7029215135687,39.2998648000586],[-76.7029140751282,39.2998759226805],[-76.7029065331311,39.2998865811516],[-76.702897339448,39.299898538837],[-76.7028873964439,39.2999111440708],[-76.702881857952,39.2999176037863],[-76.7028356816343,39.2999705486401],[-76.7028313164291,39.2999764411432],[-76.7028226084394,39.2999895151848],[-76.702814101761,39.3000032400794],[-76.7028068405033,39.3000149549379],[-76.7027996923466,39.3000251315936],[-76.702789143146,39.3000440603817],[-76.7027856664519,39.3000539896087],[-76.7027823305387,39.3000709919141],[-76.7027815020014,39.3000822438417],[-76.7027830812169,39.3000940900526],[-76.7027844203533,39.3001101097512],[-76.7027871451633,39.3001219138221],[-76.7027891386242,39.3001325666804],[-76.7027933124778,39.3001452292323],[-76.7027979630292,39.3001570111513],[-76.702802935383,39.3001711241353],[-76.7028076261812,39.3001843689805],[-76.7028140414745,39.3001972011382],[-76.7028214412348,39.3002099871447],[-76.7028311077407,39.3002243732188],[-76.7028398345663,39.3002366950891],[-76.7028471547106,39.3002488395554],[-76.7028524261628,39.3002593610856],[-76.702858024501,39.3002704473143],[-76.7028642354019,39.3002811531721],[-76.7028705884734,39.3002927916696],[-76.7028761069967,39.3003035597293],[-76.7028832395566,39.3003148227812],[-76.7028897135477,39.3003255491194],[-76.7028960316799,39.3003366740971],[-76.7029038341813,39.3003476983403],[-76.7029113810991,39.3003588498438],[-76.7029188221669,39.3003692552547],[-76.7029277545184,39.3003812308471],[-76.7029378580767,39.3003920330151],[-76.7029474534471,39.3004018241518],[-76.702954507524,39.3004116241759],[-76.702957351505,39.3004210037127],[-76.7029572767605,39.3004302695817],[-76.7029551544905,39.3004401229704],[-76.7029514724342,39.3004500913151],[-76.7029440965803,39.3004625886461],[-76.7029390156179,39.3004730119375],[-76.702935676473,39.3004833162292],[-76.702934266683,39.3004949513089],[-76.7029341735149,39.3005061240275],[-76.7029338114096,39.300516182734],[-76.7029313277641,39.3005267846358],[-76.7029227312197,39.3005387041977],[-76.7029118506495,39.3005503783833],[-76.7029025705938,39.3005605172261],[-76.7028943137515,39.3005721539073],[-76.702887161614,39.300583824007],[-76.7028803425728,39.3005940222156],[-76.7028721737623,39.3006029082148],[-76.7028610754903,39.3006100897843],[-76.7028476410722,39.3006161836388],[-76.7028335959677,39.3006211022646],[-76.7028195055189,39.30062439131],[-76.7028061171107,39.3006280802627],[-76.7027904930376,39.3006343694402],[-76.7027772429791,39.3006423913668],[-76.7027656032097,39.3006509731307],[-76.702747803426,39.3006624289286],[-76.7027337879459,39.300670510165],[-76.7027200259946,39.3006770184238],[-76.7027051322323,39.3006827671838],[-76.7026906051232,39.3006870603504],[-76.7026779596693,39.3006905115678],[-76.7026657162051,39.300692374871],[-76.7026379745564,39.3006962103344],[-76.7026105115635,39.3007051997107],[-76.7025950727074,39.3007101643218],[-76.7025787087138,39.3007159543819],[-76.7025629825398,39.3007214235846],[-76.7025469721777,39.3007266515643],[-76.7025311150592,39.3007321051183],[-76.7025162977124,39.3007387007566],[-76.7025004074913,39.3007470699636],[-76.7024860693184,39.3007552350242],[-76.7024690105085,39.3007647019894],[-76.7024539306637,39.3007733452698],[-76.7024371785695,39.3007823788436],[-76.7024214915668,39.3007906638836],[-76.7023943770174,39.3008041821824],[-76.7023796075048,39.3008115282527],[-76.7023646336591,39.3008192187924],[-76.7023497592655,39.3008272446625],[-76.7023334895329,39.3008359776908],[-76.7023184029689,39.3008437282895],[-76.7023021973107,39.3008521092809],[-76.702285814372,39.300860742032],[-76.7022686912356,39.3008697782445],[-76.7022517334342,39.3008786446309],[-76.702230257047,39.3008895938167],[-76.702214494403,39.300897106691],[-76.7021977754676,39.3009040271455],[-76.7021817361716,39.3009097792408],[-76.7021668144155,39.3009163745703],[-76.7021497033074,39.3009233678857],[-76.7021401053593,39.3009285553175],[-76.7021274981766,39.3009366796846],[-76.7021139861803,39.3009449287626],[-76.7020999225795,39.3009514632064],[-76.7020851334636,39.3009568374393],[-76.7020708452026,39.300962206635],[-76.7020549964537,39.3009681303394],[-76.7020389722204,39.3009736023189],[-76.7020230399805,39.300975941707],[-76.7020093923831,39.3009761737183],[-76.701995793586,39.300979415271],[-76.7019824678871,39.3009855363246],[-76.70196958043,39.3009930339397],[-76.7019549413918,39.3010004865764],[-76.7019421842723,39.3010064865652],[-76.7019281801839,39.3010134742186],[-76.7019113654323,39.3010219391823],[-76.7018961531019,39.3010286985781],[-76.7018830548277,39.3010353210166],[-76.7018689939094,39.3010436902754],[-76.70185625236,39.3010520502698],[-76.7018403893585,39.3010613553396],[-76.7018242339793,39.3010696093861],[-76.7018087169889,39.3010771327375],[-76.7017924689723,39.3010848073596],[-76.7017764994313,39.3010904956231],[-76.7017596585307,39.3010949692576],[-76.7017423985134,39.3010987563521],[-76.7017203508837,39.3011029798656],[-76.7017016342064,39.3011060633703],[-76.7016812747647,39.301109966891],[-76.7016636578509,39.3011128820387],[-76.7016492204888,39.3011150963639],[-76.7016343558508,39.3011180130912],[-76.7016188664406,39.3011217290004],[-76.7016035582554,39.3011259083554],[-76.7015901197382,39.3011274163166],[-76.7015760004782,39.301127320106],[-76.7015634690316,39.3011265136288],[-76.7015504413246,39.3011246195804],[-76.7015385365118,39.3011225716517],[-76.7015292873664,39.3011208925711],[-76.7015181718104,39.3011205589786],[-76.7015043223782,39.3011216362265],[-76.701485971084,39.3011249467143],[-76.7014668167657,39.3011278858499],[-76.7014480310425,39.3011305674025],[-76.7014263418638,39.3011330812398],[-76.7014106508534,39.3011342853071],[-76.7013921911957,39.3011366217899],[-76.7013763554361,39.3011391622037],[-76.7013635271077,39.3011414058044],[-76.7013503083249,39.3011455183766],[-76.7013368768603,39.3011511310628],[-76.7013239223586,39.3011571818257],[-76.7013058342261,39.3011687492655],[-76.7012953801494,39.3011765178142],[-76.7012848544344,39.3011828521795],[-76.701272385527,39.3011883907414],[-76.7012597150941,39.3011933306889],[-76.7012440165546,39.301202098346],[-76.7012162604249,39.30122444213],[-76.7011987882174,39.3012450087509],[-76.7011870471711,39.3012580227104],[-76.7011487739224,39.3013033548955],[-76.701138682921,39.3013154695906],[-76.7011300134645,39.3013283652514],[-76.701122961521,39.3013423080991],[-76.7011193412107,39.3013562596755],[-76.7011072409523,39.3013917807525],[-76.7006742201912,39.3013687612745],[-76.700226569397,39.3013392732926],[-76.6996352449048,39.3012965302218],[-76.6991599614239,39.301265248892],[-76.6985901741855,39.3012211442182],[-76.6979746267975,39.3011572340809],[-76.6974856814144,39.3011541035574],[-76.6973174504882,39.3011526092095],[-76.6971814236093,39.3012220500419],[-76.6971131118221,39.3011877470936],[-76.6970042835289,39.3011718411193],[-76.6967572007042,39.3012953771505],[-76.6964855366947,39.3013462546902],[-76.6962125437385,39.3013627418781],[-76.6960223268794,39.3013630380786],[-76.6958124287316,39.3013947319491],[-76.6956140630581,39.3014246637214],[-76.6953578623182,39.3015028004029],[-76.6952153419966,39.3015529991294],[-76.6955417944157,39.3009046116081],[-76.6957680207582,39.300455283427],[-76.6958413321867,39.2999222130913],[-76.6958525813036,39.2998259236294],[-76.6954990637582,39.3001157273941],[-76.6952854088401,39.3002954225609],[-76.6949607591373,39.3001260616072],[-76.6949431387628,39.3001146780631],[-76.6946466084465,39.2999230937558],[-76.6927783407964,39.2987160221284],[-76.6927597709189,39.2987040043383],[-76.6925672744604,39.2988804198819],[-76.6925289930889,39.2989239738933],[-76.6924912003471,39.298977549168],[-76.6924607419914,39.2990339179529],[-76.6924380867027,39.2990924752725],[-76.6924279745181,39.2991337997539],[-76.6924267541514,39.2991387894433],[-76.6924234092853,39.2991524811681],[-76.6924209104729,39.2991662291529],[-76.6923685974377,39.2994469304237],[-76.6923670410337,39.2994553547109],[-76.6923633542354,39.2994743707995],[-76.6923587628418,39.2994982729154],[-76.6923416351866,39.2995533029143],[-76.6923172690924,39.2996066403526],[-76.6922858096524,39.2996577064203],[-76.692247684818,39.2997059266507],[-76.6922032491525,39.2997508083528],[-76.6920097659849,39.2999249432458],[-76.6918880659396,39.3000319175552],[-76.6918063483361,39.3000852963319],[-76.6917178740477,39.3001317377266],[-76.6916236758617,39.300170751722],[-76.6915246692599,39.3002018993384],[-76.6914220569679,39.3002248054058],[-76.6913169388116,39.3002392980576],[-76.6912104450496,39.3002451397562],[-76.6911037432753,39.3002423056442],[-76.6909979927239,39.3002308266929],[-76.6908943685103,39.3002108140866],[-76.6907940300664,39.3001825185896],[-76.6906980370038,39.3001462168288],[-76.690607450755,39.3001022980333],[-76.6905279035958,39.3000544269082],[-76.6903338312919,39.2999260840745],[-76.6902961334398,39.2999011373941],[-76.6894122795324,39.2993168941855],[-76.6893666523645,39.2992859146014],[-76.6893171618305,39.2992587701062],[-76.689264258393,39.2992358411043],[-76.6892085754415,39.2992172986085],[-76.6891506880586,39.2992033909433],[-76.6890912574844,39.2991942819913],[-76.6890309233847,39.2991900319921],[-76.688968127973,39.29919082688],[-76.6876157770834,39.2992404466987],[-76.6874393170392,39.299246924026],[-76.6866841246374,39.2992746321101],[-76.686645750869,39.2992760403396],[-76.6863544673244,39.2992867252324],[-76.6863904985427,39.2999286651333],[-76.686401110705,39.3001261794441],[-76.6864018615364,39.30013990805],[-76.6864027908989,39.3001536380331],[-76.6864042906839,39.3001741783439],[-76.6864241534862,39.3003016223971],[-76.6864610882723,39.300426806969],[-76.6865146527893,39.3005483013658],[-76.6865842803502,39.3006647592267],[-76.6866691326087,39.3007749154301],[-76.6875458688763,39.3017864419301],[-76.6875562053795,39.3017983575719],[-76.6875674809687,39.3018139570926],[-76.6875969140739,39.3018546395541],[-76.687629063212,39.3019125183216],[-76.6876532527356,39.3019726539277],[-76.6876692349841,39.3020344151909],[-76.6876767694966,39.3020971151006],[-76.6876758554304,39.302160150151],[-76.6876664626524,39.3022227230943],[-76.6876487341984,39.302284203781],[-76.6876227809022,39.3023439034251],[-76.6875600855739,39.3024581955538],[-76.687485692212,39.3025398141058],[-76.6874348043957,39.3025881384154],[-76.6872785933109,39.3026725296609],[-76.6864666691489,39.303009626831],[-76.6863573947922,39.3030517544017],[-76.686259915397,39.3030635741702],[-76.6861624502497,39.3030724286137],[-76.6860338785022,39.3030751035588],[-76.6858859046485,39.303062574914],[-76.6857752826626,39.3030377110684],[-76.685752883773,39.303032677202],[-76.6856679096336,39.3030135629017],[-76.685645666716,39.3030089167563],[-76.6856420145386,39.3030081638633],[-76.685491570038,39.3029394733033],[-76.685276308453,39.3028180580594],[-76.6850363453264,39.3026866201678],[-76.6849134675335,39.3026196988689],[-76.6844276584984,39.3023459349813],[-76.6842106276487,39.302224046411],[-76.6822185573871,39.3011052250526],[-76.6801305781724,39.2999324638405],[-76.6766671208173,39.2979870171683],[-76.6763011364773,39.2977814135611],[-76.6760741960323,39.2976539463702],[-76.676019791803,39.2976975866057],[-76.6760139390795,39.2977022922285],[-76.6760058932165,39.2977077070032],[-76.675955102092,39.2977417749319],[-76.6759176950727,39.2977626197317],[-76.6759035275187,39.2977696921183],[-76.6758343845813,39.2977987146789],[-76.675787846528,39.2978143170663],[-76.6757810518917,39.297816605152],[-76.675773695079,39.2978183683468],[-76.6757100562019,39.2978337334513],[-76.6756374261051,39.2978449806649],[-76.6755734823471,39.2978499393232],[-76.6754738926364,39.2978452712984],[-76.6753754353975,39.2978325346456],[-76.675279277301,39.2978118974303],[-76.6752679832842,39.2978089009273],[-76.6743208769013,39.297519703027],[-76.6740565175542,39.297438992716],[-76.6735326777073,39.297085151745],[-76.6730962966384,39.2967848432022],[-76.6729960164174,39.2967158166264],[-76.672667907254,39.2965072597285],[-76.6726283381167,39.2955107769263],[-76.6725949929291,39.2953247561501],[-76.6725863514761,39.2951070966679],[-76.6725783336131,39.294905288623],[-76.6725709545232,39.294719556349],[-76.6725556740494,39.2943349455684],[-76.672554742458,39.2943114971727],[-76.6725533331485,39.2942760196392],[-76.6724747681602,39.2942780696474],[-76.6724288222163,39.2942267920721],[-76.6724023085031,39.2942578564069],[-76.6723279192738,39.2942613726828],[-76.672278376455,39.29426025357],[-76.6722149360165,39.2942615484232],[-76.6721857648024,39.2942227209749],[-76.6721273906339,39.2942871324385],[-76.6721102991396,39.2942875774528],[-76.6720685442661,39.2942886670244],[-76.6717603523555,39.2942967040489],[-76.67163391441,39.2943000032956],[-76.6716249994044,39.2943003593982],[-76.671634679269,39.2942161638845],[-76.6716209963899,39.2941398855769],[-76.6712894730017,39.2941594723102],[-76.6712547287148,39.2941611730045],[-76.6705278231197,39.2941967523347],[-76.6703557885538,39.2942056709568],[-76.6702109352635,39.2942111824033],[-76.6700892691311,39.2942126648457],[-76.6698152353224,39.2942152142949],[-76.6694238165796,39.2942182084192],[-76.6690752868435,39.2942242450115],[-76.6687546072711,39.294230359997],[-76.6687333769733,39.294203818782],[-76.6687169079702,39.2942313219962],[-76.668642602216,39.2942320708505],[-76.6686137392604,39.294206835802],[-76.6685941867283,39.2942345699028],[-76.6683693208192,39.2942417656556],[-76.6679462882517,39.29425741493],[-76.6677096860835,39.2942665957463],[-76.667388963909,39.2942814793572],[-76.667061476511,39.2942945891472],[-76.6666835457148,39.2943104787794],[-76.6666589944544,39.2942892251183],[-76.6666394659034,39.2943116886339],[-76.6660797836127,39.2943304040773],[-76.6656860606571,39.294342736266],[-76.6656505103749,39.294317895806],[-76.6656474109722,39.2943473246271],[-76.6654059966045,39.2943625627166],[-76.6653657053894,39.2943418458454],[-76.6653575774938,39.2943655396279],[-76.6649370484627,39.2943804781068],[-76.6649034166549,39.2943623274101],[-76.6648505902866,39.294421941956],[-76.6648458542282,39.2944220635589],[-76.6647542745966,39.294424493732],[-76.6643807770625,39.2944344138879],[-76.6635593128264,39.2944592608956],[-76.6633317096726,39.2944677146428],[-76.6633071749883,39.2944502507129],[-76.6632670996542,39.2944571905863],[-76.6632059824157,39.2944227442909],[-76.6631923644106,39.2944030624406],[-76.6630607416496,39.2943934432597],[-76.6630407876927,39.294353424841],[-76.6628703540485,39.2940974099938],[-76.6628611274845,39.2940613622353],[-76.6627303312553,39.293870980183],[-76.6627891343313,39.2938202462828],[-76.6627892134831,39.2938201780525],[-76.662734174716,39.2937152989173],[-76.6626260516667,39.2937059836023],[-76.6620426986757,39.2937292083941],[-76.6620350884358,39.293552551582],[-76.6620341710692,39.2935373117306],[-76.6623053747152,39.2935256278129],[-76.6624959992625,39.2935174166258],[-76.6623580033281,39.2933062194529],[-76.6624290637675,39.2932584105815],[-76.6624039398234,39.293196830164],[-76.6623312353614,39.293190883394],[-76.6622955502941,39.2931068203146],[-76.6621109040352,39.2931147267981],[-76.6613373690365,39.2931432630761],[-76.6613297830513,39.2931206979489],[-76.6613115448332,39.2931209975679],[-76.6613017272555,39.2931428846956],[-76.6610516003092,39.2931539046967],[-76.6608200046876,39.2931648902945],[-76.6606262841032,39.2931741770317],[-76.6604120744222,39.2931841653671],[-76.6600950157047,39.2931991783671],[-76.6598515329643,39.293209721422],[-76.6596376222844,39.2932199208895],[-76.6593481076933,39.2932336686406],[-76.6593207611619,39.2931949288275],[-76.6592768148862,39.2931950004502],[-76.6592601960217,39.2932348864385],[-76.6591023409187,39.2932406221083],[-76.6589430418025,39.2932460336051],[-76.658634195938,39.2932578327863],[-76.6584110518108,39.2932646496709],[-76.6581540776738,39.2932737321886],[-76.6578142909886,39.2932864606399],[-76.6577971548164,39.2932575090174],[-76.6577774352073,39.2932572984478],[-76.6577672672886,39.2932883791961],[-76.6575699479614,39.2932954561664],[-76.6574195383058,39.2933014184513],[-76.6572740092783,39.2933065904052],[-76.6570581470277,39.2933143753622],[-76.6566317826932,39.2933299282267],[-76.6566191565168,39.293305014198],[-76.6565994141479,39.2933068688016],[-76.6565958655418,39.2933322994287],[-76.6562768250858,39.2933404307602],[-76.6562716146234,39.2933219625939],[-76.6562257949646,39.2933260999199],[-76.6562285490207,39.2933864290179],[-76.6555697360244,39.2934143730213],[-76.6553421736381,39.2934215953825],[-76.6553533222893,39.2933709280409],[-76.6553457012703,39.293288679115],[-76.6549514938669,39.2932900819376],[-76.6548186922626,39.2932794231842],[-76.6547750736145,39.2925571412386],[-76.6545281604643,39.2926313413601],[-76.6544468257707,39.2926311021555],[-76.654237255185,39.2927496945575],[-76.6542418655525,39.292825759116],[-76.6538911178886,39.2930940637284],[-76.653571224257,39.2930102457438],[-76.65349251161,39.2930761463531],[-76.6534847154817,39.2931260622743],[-76.6534807306499,39.2931515770973],[-76.6532848355047,39.2931015817568],[-76.6532095156006,39.2930825786466],[-76.6531805790215,39.2930752763547],[-76.6529771814816,39.2930239360381],[-76.6524061388303,39.2928927702412],[-76.6521789258105,39.2928540713693],[-76.6519477707168,39.2928340042668],[-76.651864469438,39.292831706423],[-76.6517898847359,39.2927882255786],[-76.651695195789,39.2927896311065],[-76.6516328536185,39.2928349093183],[-76.6516027047307,39.2928349307078],[-76.6513450489053,39.2928432090468],[-76.6505012744414,39.2928703143419],[-76.6504221191597,39.2928255435567],[-76.6503006359806,39.2928290913001],[-76.6502533186956,39.2928475465946],[-76.6502195029914,39.2928727671287],[-76.6490088128704,39.2929264904429],[-76.648972645658,39.2928266486479],[-76.6489104142886,39.2928264626888],[-76.6488839324363,39.2929273306032],[-76.6484095811189,39.2929483750684],[-76.6481687324429,39.2929637929133],[-76.6479832909145,39.2929749490703],[-76.647908868167,39.292978691188],[-76.6475462063987,39.2929946316718],[-76.6473008447918,39.2930018400026],[-76.647240895411,39.2929485774339],[-76.6472375545051,39.2929171192337],[-76.647169530303,39.2929185975746],[-76.6471736992893,39.2929877243653],[-76.6471388132035,39.2929890265733],[-76.6470880922858,39.2930070965574],[-76.6455944205668,39.293050960939],[-76.6454966331562,39.2929988930285],[-76.6454946622818,39.2929620541786],[-76.6454416997402,39.292961894351],[-76.6454415126857,39.2929993175867],[-76.6453747101171,39.2930348931732],[-76.6453753550508,39.2930568393904],[-76.6448046244844,39.2930640012132],[-76.6447472946825,39.2930028177146],[-76.6447452382119,39.2929685655698],[-76.6447141645178,39.2929701443098],[-76.6447154338107,39.2930044075861],[-76.6446752927527,39.2930673059323],[-76.6441586765717,39.2930797770075],[-76.6440908829195,39.2930306388591],[-76.6440882062528,39.2929849010565],[-76.6440273554979,39.292985844443],[-76.6440276033302,39.293031629834],[-76.6439807444893,39.2930701763083],[-76.6439591791585,39.2930885080404],[-76.6436928759984,39.2930967866314],[-76.6434109879747,39.2931039697342],[-76.6431948198046,39.2931096835722],[-76.6429203424124,39.2931168934091],[-76.6427614410602,39.2931209123219],[-76.6427521904894,39.2931211463132],[-76.6426642700215,39.293068841221],[-76.6426604242682,39.2930342196886],[-76.6426126445699,39.2930345112177],[-76.6426146446576,39.2930682461956],[-76.6425652054772,39.2931220331943],[-76.6425471731102,39.2931309228598],[-76.6421171565471,39.2931555699522],[-76.6418159573417,39.2931662997387],[-76.6412440458463,39.293181159265],[-76.6409957283919,39.2931894434292],[-76.6403910065017,39.2932147220964],[-76.63991075157,39.2932254383361],[-76.6398666613899,39.2931871677838],[-76.6398295327481,39.2931586377394],[-76.6398246560545,39.2931195713109],[-76.639773407156,39.2931229775819],[-76.6397732244478,39.293161695219],[-76.6397254621644,39.29320464194],[-76.6397253879572,39.2932046453154],[-76.639720070714,39.293209420143],[-76.6397055118809,39.2932206439818],[-76.6394643211264,39.2932309500524],[-76.6389092900303,39.2932545099089],[-76.6387228348287,39.2932623587692],[-76.638431825399,39.2932678408796],[-76.6384193701491,39.2932486272019],[-76.6383914496756,39.2932055543742],[-76.6383911501767,39.2931735738268],[-76.6383499951033,39.2931734471451],[-76.6383521373428,39.2932068700748],[-76.638331655779,39.2932510738948],[-76.6383222120257,39.293271456007],[-76.6379394874157,39.2932846514443],[-76.6379396971929,39.2932857951532],[-76.6370152549907,39.2933225380923],[-76.6364585735306,39.2933418711306],[-76.6355947592022,39.2933716528786],[-76.6355772890914,39.2933437985805],[-76.6355589255969,39.2933145201113],[-76.6355569108508,39.2932671420719],[-76.6355015914479,39.2932669704525],[-76.6355024635699,39.2933169769641],[-76.6354785621496,39.2933470980317],[-76.6354524660043,39.2933799839178],[-76.6340771971722,39.293415185072],[-76.6340760457097,39.2933966024405],[-76.6340709443614,39.2933142824432],[-76.6340031928241,39.2933167016097],[-76.6340085231693,39.2934027037235],[-76.6340095590265,39.2934194241277],[-76.6327130768206,39.2934775988856],[-76.6321778337997,39.2934987333453],[-76.6313681732215,39.2935347949337],[-76.6303756158501,39.2935711520966],[-76.6298741072164,39.2936178223202],[-76.6290340866193,39.2936300867289],[-76.6281205947559,39.2936587793285],[-76.6280837060391,39.2936269054076],[-76.6280441700908,39.2935927432732],[-76.6280331749871,39.2935365641715],[-76.6279642951155,39.2935389780855],[-76.62796398225,39.2935986307412],[-76.6279469193582,39.2936313886438],[-76.627932049762,39.2936599370383],[-76.6277401267667,39.293659329064],[-76.6277374256529,39.2936153941063],[-76.627737210932,39.293611910192],[-76.6277340639663,39.2936120677615],[-76.6276727796818,39.2936146217705],[-76.6276641672519,39.2935405205822],[-76.6275984769895,39.293544145102],[-76.6275284833739,39.2934544436408],[-76.6274574648002,39.292813888811],[-76.6275428368548,39.2927927871931],[-76.627588221186,39.2927428849012],[-76.6275838391246,39.2926961216204],[-76.6274969706458,39.2926404054017],[-76.6273652013575,39.2926028113971],[-76.6273227957501,39.2920502071173],[-76.6272752080833,39.2917557186712],[-76.6272660961182,39.2911606427584],[-76.627259421461,39.290582004326],[-76.6272887741029,39.2902874752083],[-76.6272930033596,39.2902423533627],[-76.627420142574,39.2901644058777],[-76.6274321179645,39.290080975864],[-76.6273228505018,39.2900332484217],[-76.6273232339858,39.2900332865694],[-76.6273738533739,39.2897290317872],[-76.6275400113688,39.2891313640982],[-76.6276317112549,39.2890500072174],[-76.6276836918952,39.2890483046963],[-76.6276875405526,39.2890285956557],[-76.627690885323,39.2890114710997],[-76.6276921241192,39.2890051300727],[-76.6277021084544,39.288954000351],[-76.6276409459522,39.2889188822359],[-76.6277722900086,39.2884556872011],[-76.6279064814339,39.2883969170699],[-76.6279125423619,39.2883213787075],[-76.6278085978272,39.2882694358723],[-76.6278566206929,39.2880387988444],[-76.6278624872631,39.2880113631586],[-76.6278887657162,39.28788479501],[-76.6278997050904,39.2878201442661],[-76.6278997689454,39.2873903061489],[-76.627873507412,39.2873450867593],[-76.6279325189588,39.2872057431908],[-76.627931989563,39.2870805925609],[-76.6277557506395,39.28667448302],[-76.6276438025866,39.2864717219128],[-76.6274507464012,39.2861264409409],[-76.6274985458073,39.2860817931884],[-76.6274716508781,39.2860198184312],[-76.6275558516308,39.2860155996344],[-76.6275741840012,39.2859698919036],[-76.6277739087187,39.2859550831961],[-76.6278059645756,39.2860030692084],[-76.6278587175569,39.286000425966],[-76.6278928437055,39.285951168779],[-76.6281372818958,39.2859414192367],[-76.6281652800235,39.285940302646],[-76.6281566078775,39.2857752864473],[-76.6281544208984,39.2857336670777],[-76.6282381362908,39.2857319719897],[-76.6282551212648,39.2857316122923],[-76.6282939515745,39.2857308416135],[-76.6282963165296,39.2857703645722],[-76.6283061655466,39.2859349268972],[-76.6283187177158,39.2859928386896],[-76.6283622501157,39.2859915045769],[-76.6283781700957,39.2859344692297],[-76.6284325398852,39.2859325019114],[-76.6284283174254,39.2858472738856],[-76.6284700315248,39.2858458601194],[-76.6284982998483,39.285844932563],[-76.6285159678112,39.2858443029581],[-76.6285117664478,39.2857627753254],[-76.6286381939772,39.2857583217741],[-76.6286407361925,39.2857998900123],[-76.6288518684113,39.2857923216217],[-76.6288589370441,39.2857920133757],[-76.6288699965217,39.2857916916158],[-76.6288765392558,39.2859109667042],[-76.6288768323925,39.2859163064391],[-76.6289189505869,39.2859544245751],[-76.6289368163804,39.2859536496085],[-76.6289981416748,39.2859512878478],[-76.6290095517977,39.2859601657505],[-76.6290426875855,39.2859864338896],[-76.6290535444173,39.2859949470342],[-76.6290538964867,39.2859952255803],[-76.6292116210672,39.285987486979],[-76.629366434787,39.285979810142],[-76.6295815021459,39.28596877772],[-76.6295861101757,39.2859659980907],[-76.6296152870213,39.2859480226312],[-76.6296262503433,39.2859401467177],[-76.6296525868079,39.2859657978436],[-76.6297777061329,39.2859602075855],[-76.6300259092315,39.2859481591314],[-76.6302918734704,39.2859338222739],[-76.6304807811714,39.2859222753087],[-76.6304908622012,39.2858935033957],[-76.6305242476079,39.2858919717246],[-76.6305331095108,39.285919456584],[-76.6307830421534,39.2859104403279],[-76.6311139719693,39.2858986495625],[-76.6312321295682,39.2858943843327],[-76.6312487717812,39.2858676515571],[-76.6312527249785,39.2858615018629],[-76.6312775442852,39.2858923695702],[-76.6314066137516,39.2858860720705],[-76.6315495089241,39.2858791061938],[-76.6316343843609,39.2858750117967],[-76.6317826151747,39.2858677543079],[-76.6318890274429,39.2858626120917],[-76.6319322125929,39.2858604856013],[-76.6319420572856,39.2858434164074],[-76.6319484807815,39.2858322896206],[-76.6319541772029,39.2858428959094],[-76.6319629253763,39.2858591180933],[-76.6320801276994,39.2858539698756],[-76.6321166710649,39.2858525404212],[-76.6322011413123,39.2858487848332],[-76.6322262343069,39.2858477311406],[-76.6322876751191,39.2858458517332],[-76.6323095285594,39.2858449968586],[-76.6327187275156,39.2858317774268],[-76.6327555939164,39.2858306352256],[-76.6327832973494,39.2858006634497],[-76.6328011358928,39.2858259630283],[-76.6328940801659,39.2858211011748],[-76.632925904724,39.2858194639591],[-76.6329887703774,39.285816171741],[-76.6330285427964,39.2858140999408],[-76.6330352708443,39.2858137516469],[-76.6330794711029,39.2858114387463],[-76.6331291761951,39.2858088475717],[-76.6331633648361,39.2858070762555],[-76.6331959107807,39.2858053538456],[-76.6332044821726,39.285804932031],[-76.6332307602286,39.2858035584512],[-76.6332392934682,39.2858031175989],[-76.6332628225872,39.2858018822532],[-76.6332917730539,39.2858003746827],[-76.633318132186,39.2857990121455],[-76.6333487349247,39.2857973962226],[-76.6333738894131,39.2857960992715],[-76.633392996529,39.2857950960061],[-76.6335511064192,39.2857868546626],[-76.6335809531859,39.2857852831606],[-76.6336072288147,39.2857545275796],[-76.6336331837695,39.2857820465992],[-76.6337791095013,39.2857753126533],[-76.6338097579655,39.2857740408435],[-76.6338618766125,39.2857716028061],[-76.6338861390768,39.2857704335753],[-76.6339198238425,39.2857690396888],[-76.633945591054,39.2857678237918],[-76.633969983971,39.2857667558354],[-76.6339941810031,39.2857656872637],[-76.6340231868775,39.2857644427076],[-76.6340480706514,39.2857634906609],[-76.6340788931904,39.2857621760867],[-76.634103081353,39.2857612533881],[-76.6341182989579,39.2857606144075],[-76.6341402626853,39.2857597162994],[-76.6341514596205,39.2857592557534],[-76.6341575275567,39.2857590188353],[-76.6341646192935,39.2857587202504],[-76.6341718407914,39.2857584328784],[-76.6341756283788,39.28575827443],[-76.6341771285376,39.2857582187508],[-76.6341783331081,39.2857581666549],[-76.6341791318804,39.285758136715],[-76.6341796767774,39.2857581131906],[-76.6341803805006,39.2857580838555],[-76.6341811097142,39.2857580564013],[-76.6341814760713,39.2857580404277],[-76.6341825554242,39.2857579951479],[-76.6341843790634,39.28575792156],[-76.6341886825196,39.2857577494048],[-76.6341955098748,39.285757471613],[-76.6341993449983,39.2857573106096],[-76.634199725241,39.2857572991831],[-76.6342006724357,39.2857572579953],[-76.6342027731365,39.2857571771631],[-76.6342084701347,39.2857569453925],[-76.6342133973375,39.285756743652],[-76.6342188358193,39.2857565191828],[-76.634220680359,39.2857564384533],[-76.6342243960508,39.2857562860848],[-76.6342328719637,39.2857559458671],[-76.634239754959,39.2857556673453],[-76.6342465475415,39.2857553894423],[-76.6342500092742,39.285755259702],[-76.634254820634,39.2857550449884],[-76.6342586290844,39.2857548866023],[-76.6342636977595,39.2857546726895],[-76.6342691303017,39.285754476123],[-76.6342788154905,39.2857540703084],[-76.6342907230458,39.285753591244],[-76.6343070070878,39.2857529384446],[-76.6343250592023,39.2857521983685],[-76.6343350504754,39.2857517763876],[-76.6343409254209,39.2857408576405],[-76.6343505524233,39.2857229552657],[-76.634353552967,39.285717402409],[-76.6343549703986,39.2857147315621],[-76.6343814123484,39.2857501416934],[-76.6346639611972,39.2857356555975],[-76.6347132767416,39.2857332850294],[-76.634790784211,39.2857294897146],[-76.6348367469281,39.2857272572963],[-76.6348736651901,39.2857254795555],[-76.6348833275654,39.2857250006585],[-76.6348931277967,39.2857245366014],[-76.6349078590143,39.2857238104346],[-76.634920503182,39.2857232155961],[-76.6349281563972,39.2857228232296],[-76.6349464062917,39.2857219377495],[-76.6349611779971,39.2857212270148],[-76.634971356249,39.2857207325992],[-76.6349768021999,39.2857107204541],[-76.6349866608111,39.2856926016639],[-76.634991263277,39.2856841001748],[-76.6349915635614,39.2856840848941],[-76.6351118178463,39.2856799492857],[-76.6351426880424,39.2857065437452],[-76.6358089820936,39.2856728340346],[-76.6358338597503,39.2856434824129],[-76.6358575474667,39.2856704930879],[-76.6365278897242,39.2856408191505],[-76.6365513057918,39.2856116276943],[-76.6365840106877,39.285638123863],[-76.6372395171664,39.285605936388],[-76.6372557726035,39.2855770892885],[-76.6372846236743,39.2856038282762],[-76.6379025396264,39.2855728658627],[-76.6379355394508,39.285549845058],[-76.6379336750567,39.285522930894],[-76.6378442348929,39.2855052020511],[-76.6378413897121,39.2854533572155],[-76.6377195409264,39.2833085078521],[-76.6377076958617,39.2830959673629],[-76.6377044636118,39.2830373412633],[-76.6377040954994,39.2829294406504],[-76.6377028051882,39.2825786072881],[-76.6377045754131,39.2825785361832],[-76.6377618103741,39.2825762347045],[-76.6377907198476,39.2825752141143],[-76.6378895548553,39.2825107676124],[-76.6378480901526,39.2824108444368],[-76.6381889649599,39.2822796135837],[-76.6389811827195,39.2819746356548],[-76.639646872446,39.2817007540009],[-76.6421766795051,39.2806601049321],[-76.642179151013,39.2806590882951],[-76.6422223884572,39.2806413020508],[-76.6436484710579,39.2800546366066],[-76.6452214584068,39.2794247692281],[-76.6462849571396,39.2791193513254],[-76.6462772187709,39.2789744846108],[-76.6463578511216,39.2789353091634],[-76.6464314198466,39.2789358080746],[-76.6465033010457,39.2789623690095],[-76.6465091133562,39.2790530914217],[-76.6469946144982,39.2789004446851],[-76.6482986597802,39.2785822234102],[-76.6483057335191,39.278580488105],[-76.6491055290141,39.2783833613763],[-76.6491562919375,39.2782549679778],[-76.6495362966896,39.2783032149854],[-76.6499757228289,39.2783370887461],[-76.6502582146639,39.27833125739],[-76.6502780064634,39.2783296147812],[-76.6502983958848,39.278328055017],[-76.6510423045828,39.2782015576029],[-76.6515274686225,39.2780499351199],[-76.6520701839578,39.2778677849581],[-76.6522816454712,39.2777720476419],[-76.6526820968534,39.2775907452803],[-76.6529680586351,39.2774612745755],[-76.653404289424,39.2772083009284],[-76.6536685070828,39.2769989045768],[-76.6538099072222,39.2768868423568],[-76.6538373590026,39.2768975927936],[-76.6538887437822,39.276917715021],[-76.6540283590286,39.2767829913067],[-76.6542814944317,39.2765387248371],[-76.6544788259998,39.276312113442],[-76.6547093281955,39.2760274757313],[-76.6547699743139,39.2759340864112],[-76.6548643502593,39.2757841553361],[-76.6549534700293,39.2756392340922],[-76.6549690337341,39.2756138846173],[-76.6550929386083,39.2754123966712],[-76.6551852766909,39.2754642670707],[-76.6551854284481,39.2754649953323],[-76.6551863217946,39.2754705187284],[-76.6551869141612,39.275475971882],[-76.6551867564626,39.2754814741771],[-76.6551866184523,39.2754869792322],[-76.6551866809994,39.2754924713647],[-76.6551867261497,39.2754979661485],[-76.6551868083983,39.2755034583388],[-76.6551869764197,39.2755089480786],[-76.6551872881854,39.2755144301336],[-76.6551876984457,39.27551991518],[-76.655188134154,39.2755254102094],[-76.655188660275,39.2755309019013],[-76.6551893475812,39.2755363742496],[-76.6551902679954,39.2755418130532],[-76.6551914830098,39.2755472040805],[-76.6551929217866,39.2755525768486],[-76.655194535625,39.2755579366193],[-76.655196323432,39.2755632698777],[-76.6551982864278,39.2755685640169],[-76.6552004211924,39.2755738073168],[-76.6552027277962,39.2755789853654],[-76.6552053246013,39.2755840669836],[-76.6552083542855,39.2755890255671],[-76.6552116741494,39.275593892224],[-76.6552151368227,39.2755987052542],[-76.6552186030739,39.2756034975773],[-76.6552220995712,39.2756082665692],[-76.655225668066,39.2756130060472],[-76.655229292316,39.2756177195666],[-76.6552329630106,39.275622415207],[-76.655236662753,39.2756270956195],[-76.6552403776099,39.2756317661679],[-76.6552441412555,39.2756364134396],[-76.6552479653096,39.2756410311634],[-76.6552518230514,39.2756456327721],[-76.6552556842836,39.2756502316886],[-76.6552595211178,39.2756548431441],[-76.6552633033611,39.2756594796606],[-76.6552669973172,39.2756641591544],[-76.6552705367837,39.2756689111564],[-76.6552739891263,39.2756737052384],[-76.6552774368251,39.2756785011082],[-76.6552809716485,39.2756832548977],[-76.6552846760723,39.2756879272156],[-76.6552885001448,39.2756925422356],[-76.6552923881115,39.2756971259164],[-76.6552963213856,39.275701687211],[-76.65530027905,39.2757062377678],[-76.6553042413638,39.2757107856359],[-76.6553081920582,39.275715339775],[-76.6553121067436,39.2757199109228],[-76.6553159691471,39.2757245089399],[-76.6553197757919,39.2757291338161],[-76.6553235731307,39.2757337658711],[-76.6553273553692,39.2757384050876],[-76.6553311201807,39.2757430532605],[-76.6553348617619,39.2757477121742],[-76.6553385777861,39.2757523836235],[-76.65534226245,39.2757570693929],[-76.6553459122682,39.2757617712736],[-76.6553495202784,39.2757664910467],[-76.6553530841628,39.2757712287055],[-76.6553566085176,39.2757759923703],[-76.6553600782637,39.2757807846992],[-76.6553634632345,39.2757856128096],[-76.6553667402295,39.2757904811375],[-76.6553698848766,39.2757953968173],[-76.6553728716533,39.2758003651788],[-76.6553755925703,39.2758054291417],[-76.6553780766443,39.2758105797836],[-76.6553804388091,39.2758157760066],[-76.6553827893765,39.275820973997],[-76.655385238649,39.2758261317427],[-76.655387902724,39.2758312072484],[-76.6553908907543,39.2758361566971],[-76.6553942375686,39.2758409675801],[-76.6553978584041,39.2758456729771],[-76.6554016743189,39.27585030058],[-76.6554056063534,39.2758548816837],[-76.6554095743806,39.2758594493815],[-76.6554135006303,39.2758640286665],[-76.6554173746461,39.2758686249126],[-76.6554214101194,39.2758731459682],[-76.6554254130955,39.2758776768367],[-76.6554291396546,39.2758823293978],[-76.6554324086206,39.2758871823871],[-76.6554353535664,39.2758921749448],[-76.6554382044345,39.2758972095622],[-76.6554411934726,39.2759021914398],[-76.6554442101851,39.275907202223],[-76.6554470570747,39.2759123404161],[-76.6554499643685,39.275917449962],[-76.6554531657922,39.2759223703097],[-76.6554568938862,39.2759269463095],[-76.6554613451202,39.2759310524311],[-76.6554662866696,39.2759349023727],[-76.6554715872615,39.2759385606041],[-76.6554771808507,39.2759420242293],[-76.6554830048862,39.2759452867594],[-76.6554889968169,39.2759483417055],[-76.655495091752,39.2759511870759],[-76.6555012433392,39.2759538218337],[-76.655507517453,39.2759562840041],[-76.6555139221053,39.2759585943283],[-76.6555147378316,39.2759588669495],[-76.6555203461054,39.2759607389686],[-76.655520430571,39.27596076714],[-76.6555270254006,39.2759628158993],[-76.6555336845178,39.2759647522516],[-76.6555368233708,39.2759656135783],[-76.6555403846699,39.2759665914415],[-76.6555471107339,39.2759683451345],[-76.6555538348215,39.275970028562],[-76.6555606026552,39.2759715337663],[-76.655567526554,39.2759726421918],[-76.6555745454928,39.275973510392],[-76.6555785485725,39.275973964405],[-76.6555815856422,39.275974306593],[-76.6555885823914,39.275975209857],[-76.6555954596017,39.2759763866018],[-76.6556021608714,39.275977996097],[-76.6556087375601,39.2759799628292],[-76.655615207454,39.2759822039804],[-76.6556215685064,39.2759846636974],[-76.6556278197989,39.2759872924355],[-76.6556339581082,39.2759900379412],[-76.6556399963488,39.2759928660233],[-76.6556459691831,39.2759957984016],[-76.6556518731565,39.2759988305625],[-76.6556577013414,39.2760019570809],[-76.6556634503008,39.2760051698399],[-76.6556691154205,39.2760084643222],[-76.6556746886233,39.2760118332981],[-76.6556801151338,39.2760153396602],[-76.6556853285177,39.2760190606796],[-76.655690417264,39.2760229119438],[-76.6556954606248,39.2760268018076],[-76.65570054827,39.2760306413583],[-76.6557021097764,39.2760317493695],[-76.6557057606021,39.2760343407554],[-76.655711187282,39.2760378128876],[-76.655716893572,39.2760409831831],[-76.6557228316591,39.2760439127534],[-76.6557289491339,39.2760466545898],[-76.6557351982884,39.2760492481862],[-76.6557415395226,39.2760517339606],[-76.6557479228018,39.2760541532015],[-76.6557543096893,39.2760565454297],[-76.6557606652513,39.276058944772],[-76.6557670313141,39.2760613297324],[-76.6557734206998,39.2760636850356],[-76.6557798369379,39.2760659998829],[-76.655786282381,39.276068267075],[-76.6557927582405,39.2760704758064],[-76.6557992634012,39.2760726170661],[-76.6558058048558,39.2760746827678],[-76.6558123838158,39.2760766621058],[-76.6558147426303,39.2760773013532],[-76.6558190424261,39.2760784678297],[-76.6558257853443,39.2760800954494],[-76.6558325809691,39.2760816088263],[-76.6558394023264,39.2760830736371],[-76.6558462154754,39.2760845582401],[-76.6558529922962,39.2760861256065],[-76.6558597035187,39.2760878369022],[-76.6558663807657,39.2760896237621],[-76.6558730427549,39.2760914502103],[-76.6558796906889,39.276093307243],[-76.6558863304059,39.2760951858695],[-76.6558929619321,39.2760970806853],[-76.6558995922649,39.2760989827034],[-76.6559062214434,39.2761008838169],[-76.6559128529795,39.2761027768302],[-76.655919492707,39.2761046536532],[-76.6559261406259,39.2761065142863],[-76.6559327932333,39.2761083641235],[-76.6559394458585,39.2761102103573],[-76.655946099643,39.2761120565942],[-76.6559510659296,39.2761134421019],[-76.6559527499073,39.276113911828],[-76.6559593943294,39.2761157769526],[-76.6559660305564,39.2761176591674],[-76.6559726573988,39.2761195647742],[-76.6559790087281,39.2761214056194],[-76.6559792783814,39.2761214838748],[-76.6559858934955,39.2761234182708],[-76.6559923336521,39.2761253440472],[-76.6559924898838,39.2761253904436],[-76.6559990546978,39.2761274210732],[-76.6560055727621,39.276129532634],[-76.6560119772978,39.2761318735564],[-76.656018210902,39.2761345706797],[-76.6560244387994,39.2761372497707],[-76.6560308355907,39.2761395150053],[-76.6560375337102,39.2761410623137],[-76.6560443805021,39.2761423028972],[-76.6560513139365,39.27614336178],[-76.6560583118761,39.2761442632179],[-76.656065352205,39.2761450269628],[-76.6560724093266,39.2761456736574],[-76.6560794622667,39.2761462266601],[-76.6560864924258,39.2761466976263],[-76.6560935320247,39.2761468947879],[-76.6561005995406,39.2761468317106],[-76.6561076769434,39.2761466416544],[-76.6561147578099,39.2761464543101],[-76.6561218299264,39.276146398451],[-76.6561288846394,39.2761465857465],[-76.656135933979,39.2761469252546],[-76.6561429805162,39.2761473647386],[-76.6561500184827,39.2761478987772],[-76.6561570444673,39.2761485138489],[-76.6561640550367,39.276149200936],[-76.6561710476376,39.2761500086723],[-76.6561780266,39.2761510001237],[-76.6561849946871,39.2761520834206],[-76.656191956958,39.2761531712039],[-76.6561989150255,39.276154169799],[-76.656205873953,39.2761549909461],[-76.6562128376624,39.2761555427788],[-76.6562198616462,39.2761553750784],[-76.6562268854328,39.2761542913019],[-76.6562336947525,39.2761527421039],[-76.6562403095862,39.2761506698941],[-76.6562463558394,39.2761477853339],[-76.6562514095732,39.2761440403428],[-76.6562559338659,39.2761397767646],[-76.6562605356007,39.2761355557486],[-76.6562656786091,39.2761318029114],[-76.6562710966157,39.2761282211228],[-76.6562767648905,39.276124891379],[-76.6562827266783,39.2761219777454],[-76.6562889956419,39.2761195307043],[-76.6562951815127,39.2761174896637],[-76.6562954902834,39.2761173878803],[-76.6563021219112,39.2761154364184],[-76.6563088075934,39.2761135706866],[-76.6563154597887,39.2761116796352],[-76.6563221819275,39.2761099437191],[-76.6563289844705,39.2761083566637],[-76.6563356489636,39.2761065584256],[-76.656341959366,39.2761041691519],[-76.6563478456073,39.2761010598284],[-76.6563535938244,39.2760977339178],[-76.6563595326988,39.2760947643659],[-76.6563659506551,39.2760926609471],[-76.6563726362971,39.2760910420205],[-76.6563794459638,39.2760896585553],[-76.6563863486872,39.2760884438045],[-76.6563933065544,39.2760873291992],[-76.6563950253936,39.2760870621975],[-76.6564002828114,39.276086246174],[-76.6564072430178,39.276085127071],[-76.6564141492606,39.2760839033212],[-76.6564210072909,39.2760825839492],[-76.6564278596265,39.2760812438426],[-76.6564347074004,39.2760798884093],[-76.6564415529085,39.2760785221598],[-76.6564483972967,39.2760771477998],[-76.6564552393842,39.2760757698296],[-76.6564620826261,39.2760743927632],[-76.6564689246869,39.2760730201967],[-76.6564757713439,39.2760716557501],[-76.6564826190985,39.276070303917],[-76.6564894725646,39.2760689692147],[-76.6564963317291,39.2760676543454],[-76.6565031965659,39.2760663647137],[-76.6565100693796,39.2760651030285],[-76.6565169489854,39.2760638746909],[-76.6565238388467,39.2760626824135],[-76.6565307494027,39.2760615244252],[-76.6565376829276,39.2760604097402],[-76.6565446404496,39.2760593653844],[-76.6565516195374,39.2760584147705],[-76.6565586177468,39.2760575840135],[-76.6565656314745,39.276056899225],[-76.6565726594485,39.276056383821],[-76.6565796957695,39.2760560594026],[-76.6565867408647,39.2760558376964],[-76.6565937914625,39.2760556763568],[-76.6566008464387,39.2760555681746],[-76.656607904665,39.2760555068412],[-76.6566149685114,39.2760554815542],[-76.6566220356602,39.276055492307],[-76.6566291027001,39.2760555255781],[-76.6566361754431,39.2760555777814],[-76.6566432458159,39.2760556407866],[-76.6566503196481,39.2760557074044],[-76.6566573934976,39.2760557704188],[-76.6566644673996,39.2760558226239],[-76.6566715390621,39.2760558586082],[-76.656678609679,39.2760558711692],[-76.6566856781351,39.2760558512961],[-76.6566927456196,39.2760557926869],[-76.6566998086863,39.2760556890262],[-76.6567068685333,39.2760555322107],[-76.6567139285721,39.2760553357619],[-76.656720989809,39.2760551312092],[-76.6567280557251,39.2760549176622],[-76.6567351228567,39.2760546924084],[-76.6567421923846,39.2760544509475],[-76.656749259686,39.2760541905635],[-76.6567563259332,39.2760539085579],[-76.6567633911346,39.2760536031289],[-76.6567704518484,39.2760532670604],[-76.6567775103925,39.2760529003593],[-76.6567845609895,39.2760524994056],[-76.6567916048204,39.2760520596988],[-76.6567986419024,39.2760515776362],[-76.6568056699178,39.2760510532107],[-76.6568126888925,39.2760504810181],[-76.6568196965263,39.2760498574484],[-76.6568266916732,39.2760491797961],[-76.6568336653494,39.2760483885846],[-76.6568406154026,39.2760474495787],[-76.6568475405605,39.2760463861944],[-76.6568544499769,39.2760452227791],[-76.6568613458519,39.2760439836598],[-76.6568682326861,39.2760426967733],[-76.6568751150064,39.2760413846519],[-76.6568819961632,39.2760400734274],[-76.6568888806702,39.2760387883344],[-76.6568957718865,39.2760375537033],[-76.656902676635,39.2760363965768],[-76.6569095948156,39.2760353376723],[-76.6569165421871,39.2760344734173],[-76.6569235913443,39.2760343697026],[-76.6569306943484,39.2760346345565],[-76.6569377709974,39.2760345975776],[-76.6569448068002,39.276034139823],[-76.6569518464019,39.2760336154227],[-76.6569588771241,39.2760330099274],[-76.6569658921047,39.2760323044011],[-76.6569728786782,39.2760314816924],[-76.6569798276648,39.2760305228583],[-76.6569867336138,39.2760293567228],[-76.6569936021367,39.2760280211343],[-76.6570004537241,39.2760265927175],[-76.6570072995776,39.2760251516728],[-76.6570141532168,39.2760237782076],[-76.6570210351319,39.2760225489465],[-76.6570279565162,39.2760215458917],[-76.6570349286454,39.2760208339308],[-76.657041939111,39.2760203427682],[-76.6570489754481,39.2760200138179],[-76.6570560320404,39.2760198101324],[-76.6570631055943,39.2760196938698],[-76.6570701858621,39.2760196271684],[-76.6570772718637,39.2760195730939],[-76.6570843556736,39.2760194928905],[-76.6570914316671,39.2760193514121],[-76.6570984965632,39.2760191081147],[-76.6571055446458,39.2760187467678],[-76.6571126054677,39.2760183872594],[-76.6571196766589,39.2760180403913],[-76.6571267525249,39.2760176854297],[-76.6571338285214,39.2760173034452],[-76.6571408954596,39.2760168772964],[-76.6571479465038,39.2760163826429],[-76.6571549759375,39.2760158032542],[-76.6571619780749,39.2760151165948],[-76.6571689460408,39.2760143064307],[-76.6571758718316,39.2760133502196],[-76.6571827555211,39.2760122326488],[-76.6571896086159,39.2760109708664],[-76.6571964322182,39.2760095765853],[-76.6572032285416,39.2760080714305],[-76.65720999986,39.2760064644163],[-76.6572167449104,39.2760047771571],[-76.6572234682585,39.2760030240786],[-76.6572301698349,39.2760012195927],[-76.657236851866,39.2759993826219],[-76.6572435154323,39.2759975293831],[-76.6572501616363,39.2759956715895],[-76.6572552297809,39.2759942082282],[-76.6572567826046,39.2759937596761],[-76.6572633556029,39.2759917016989],[-76.6572698505078,39.2759894957684],[-76.6572762476655,39.2759871319189],[-76.6572825227735,39.2759846028735],[-76.6572885237738,39.2759819577303],[-76.6572886515291,39.2759819013551],[-76.6572946374615,39.2759790165649],[-76.6573005140138,39.2759759828295],[-76.6573063099764,39.2759728380649],[-76.6573120575813,39.2759696274033],[-76.6573177867736,39.2759663896648],[-76.657323529781,39.2759631708823],[-76.6573293153808,39.2759600116741],[-76.6573374407893,39.2759537498605],[-76.6573427430625,39.2759501208452],[-76.6573480718816,39.2759465144262],[-76.6573534214824,39.2759429242812],[-76.6573587791559,39.2759393422665],[-76.6573641402926,39.2759357629638],[-76.6573694968192,39.2759321782429],[-76.6573748394903,39.2759285826722],[-76.657380159074,39.2759249681179],[-76.6573854498015,39.2759213291586],[-76.6573907001185,39.2759176585545],[-76.657395904274,39.2759139472812],[-76.6574010541773,39.2759101908113],[-76.6574061648289,39.2759064027],[-76.6574112650976,39.2759026046498],[-76.6574163526611,39.2758987975547],[-76.6574214286915,39.2758949787158],[-76.6574264943345,39.2758911508388],[-76.6574315495902,39.2758873139237],[-76.6574365921407,39.2758834679636],[-76.6574416254628,39.2758796129688],[-76.6574466472344,39.2758757498332],[-76.6574516597775,39.2758718776629],[-76.6574566630836,39.2758679982593],[-76.6574616559936,39.2758641116191],[-76.6574666396665,39.2758602177456],[-76.6574716141023,39.2758563166389],[-76.6574765792966,39.2758524091997],[-76.6574815375761,39.2758484936332],[-76.6574864854421,39.2758445744331],[-76.6574914252256,39.275840648904],[-76.6574963569266,39.2758367170456],[-76.6575012816952,39.2758327806631],[-76.6575062006905,39.2758288397597],[-76.6575111879439,39.2758249233757],[-76.6575162665947,39.2758210396854],[-76.6575214042541,39.2758171759837],[-76.6575265685463,39.2758133168633],[-76.6575317305593,39.2758094496292],[-76.6575368555906,39.2758055606687],[-76.6575419112646,39.2758016345745],[-76.6575468686519,39.2757976622546],[-76.6575516965486,39.2757936256028],[-76.6575563590761,39.2757895146062],[-76.6575608284987,39.2757853129701],[-76.6575650701054,39.2757810088836],[-76.6575690549973,39.2757765869493],[-76.6575727519401,39.2757720353664],[-76.657576195823,39.2757673290153],[-76.6575794144255,39.275762475183],[-76.6575824169273,39.2757574928123],[-76.6575852113586,39.2757523990412],[-76.6575878057447,39.2757472119083],[-76.6575902092743,39.2757419485549],[-76.6575924299601,39.275736629722],[-76.6575944746816,39.2757312707424],[-76.6575963537821,39.2757258896617],[-76.6575980729737,39.2757205036109],[-76.6575996425824,39.2757151342386],[-76.6576010694964,39.2757097950761],[-76.6576022332973,39.2757044632535],[-76.657602438529,39.2756989187588],[-76.6576018471571,39.2756932206138],[-76.6576007738984,39.2756874751251],[-76.657599534615,39.275681791305],[-76.6575984428471,39.2756762790597],[-76.6575978144567,39.2756710474016],[-76.6575982847011,39.2756663026557],[-76.6576058876042,39.2756674381619],[-76.657607510046,39.2756724943668],[-76.6576091109928,39.2756776820203],[-76.657610668521,39.2756829812418],[-76.657612159548,39.2756883721471],[-76.6576135575055,39.2756938366436],[-76.6576148381477,39.2756993557446],[-76.6576159818729,39.2757049086754],[-76.6576169632674,39.2757104782475],[-76.6576177580941,39.2757160436726],[-76.6576183432615,39.2757215868684],[-76.6576186956869,39.2757270879505],[-76.6576187887847,39.2757325324294],[-76.6576185887158,39.2757379679469],[-76.6576181127684,39.2757434143701],[-76.6576173934138,39.2757488672897],[-76.6576164596465,39.2757543222867],[-76.6576153450968,39.2757597749551],[-76.6576140787506,39.2757652226772],[-76.6576126954058,39.2757706592491],[-76.6576112228938,39.2757760811488],[-76.6576096948405,39.2757814848713],[-76.6576081425584,39.2757868660041],[-76.6576065938832,39.2757922201245],[-76.6576043106961,39.2757977621645],[-76.6576010552148,39.2758035337668],[-76.6575973962515,39.2758093411239],[-76.6575939003012,39.275814990422],[-76.6575928124495,39.2758170716146],[-76.6575911350349,39.2758202842474],[-76.6575896669437,39.2758250296872],[-76.6575900636817,39.2758290329307],[-76.6575929491684,39.275832208423],[-76.6575983087625,39.2758347083499],[-76.657599522963,39.2758350235533],[-76.6576054296124,39.2758365549537],[-76.6576135780407,39.2758377632098],[-76.6576220250053,39.2758383481072],[-76.6576300414514,39.2758383273377],[-76.6576370349848,39.2758377379072],[-76.6576439338232,39.275836838338],[-76.6576509868945,39.2758356788976],[-76.6576580911202,39.2758342457742],[-76.6576651434435,39.2758325206521],[-76.6576720431036,39.2758304897262],[-76.657678685885,39.2758281346776],[-76.6576849721901,39.2758254408037],[-76.6576907977945,39.2758223915873],[-76.657696060783,39.2758189723191],[-76.6577009056597,39.2758152581837],[-76.6577055752755,39.2758113579802],[-76.6577100822962,39.2758072888602],[-76.6577144417092,39.2758030670809],[-76.6577186673393,39.2757987097973],[-76.6577227718474,39.2757942350616],[-76.6577267713889,39.2757896573328],[-76.6577306797795,39.2757849955674],[-76.6577345085259,39.2757802669133],[-76.6577382737791,39.2757754867307],[-76.657741990518,39.2757706730783],[-76.6577456679358,39.2757658421968],[-76.6577493256472,39.2757610121585],[-76.6577529740086,39.2757561983065],[-76.6577566291623,39.2757514178024],[-76.6577603026104,39.275746688695],[-76.6577639677544,39.2757419991967],[-76.6577673958416,39.2757372009162],[-76.6577706077106,39.2757322984179],[-76.6577736669586,39.2757273216122],[-76.6577766360106,39.2757223031087],[-76.6577795773046,39.2757172728142],[-76.6577825532702,39.2757122624374],[-76.6577856263409,39.2757073027862],[-76.6577888612727,39.2757024237744],[-76.6577923181728,39.2756976580045],[-76.6577960629515,39.2756930362944],[-76.6578001025406,39.2756885631681],[-76.657804238089,39.2756841380617],[-76.6578084360619,39.2756797455645],[-76.6578126929956,39.275675382964],[-76.6578170042717,39.2756710466438],[-76.6578213629369,39.2756667365836],[-76.6578257655316,39.2756624491703],[-76.6578302085924,39.2756581816914],[-76.6578346840196,39.2756539314212],[-76.6578391894999,39.2756496974521],[-76.6578437181189,39.275645471657],[-76.6578482675413,39.2756412576324],[-76.6578528308311,39.2756370517547],[-76.6578574045288,39.275632850411],[-76.6578619828529,39.2756286508822],[-76.6578665611809,39.2756244504524],[-76.6578711337181,39.2756202491048],[-76.6578756981727,39.2756160414281],[-76.6578802476001,39.2756118256006],[-76.6578847762055,39.2756076016054],[-76.6578892817102,39.2756033613291],[-76.6578937583111,39.2755991065562],[-76.6578982002266,39.2755948345676],[-76.6579026132382,39.2755905480824],[-76.6579070112354,39.2755862507442],[-76.6579113976778,39.2755819461661],[-76.6579157725652,39.275577634348],[-76.6579201393614,39.2755733180024],[-76.6579245003842,39.275568997136],[-76.6579288556206,39.275564674451],[-76.6579332097106,39.2755603490603],[-76.6579375637958,39.2755560245702],[-76.6579419201895,39.2755517018881],[-76.6579462812097,39.2755473810209],[-76.6579506480022,39.2755430646741],[-76.6579550228848,39.2755387528545],[-76.6579594093213,39.2755344482745],[-76.6579638073074,39.2755301518349],[-76.6579682203153,39.2755258644464],[-76.6579726506542,39.2755215879174],[-76.6579770890963,39.2755173132134],[-76.6579814929356,39.2755130041794],[-76.6579858644724,39.2755086644253],[-76.6579902118017,39.2755042975777],[-76.6579945406791,39.2754999117601],[-76.6579988568644,39.2754955141955],[-76.6580031695984,39.2754911112161],[-76.6580074846497,39.2754867082433],[-76.6580118089414,39.2754823116026],[-76.658016148229,39.2754779294176],[-76.6580205105987,39.2754735671164],[-76.6580249041326,39.2754692310279],[-76.6580293322814,39.2754649265667],[-76.6580338065821,39.2754606645755],[-76.6580383281892,39.2754564459585],[-76.6580429074808,39.275452281555],[-76.6580475513975,39.2754481740875],[-76.6580522656903,39.2754441325803],[-76.6580570584413,39.2754401633624],[-76.6580619354146,39.2754362727558],[-76.6580669035376,39.2754324661852],[-76.6580720170317,39.275428795152],[-76.6580728550591,39.2754282886609],[-76.6580775101098,39.2754254774217],[-76.6580833516419,39.2754224795754],[-76.6580894677527,39.2754197401462],[-76.6580901493703,39.2754194646955],[-76.6580957857915,39.2754171841592],[-76.6581022330678,39.2754147447464],[-76.6581087368916,39.2754123550398],[-76.6581152245944,39.2754099436677],[-76.6581216246405,39.2754074446661],[-76.6581278597172,39.2754047884512],[-76.6581338617871,39.2754019045658],[-76.6581395581471,39.2753987288439],[-76.6581451534728,39.2753953555608],[-76.658150764376,39.2753918760327],[-76.6581563225416,39.2753882774503],[-76.6581617619638,39.2753845488122],[-76.6581670119707,39.275380685409],[-76.6581720077329,39.2753766726398],[-76.6581766797417,39.2753725048978],[-76.6581809596693,39.2753681720758],[-76.6581847803422,39.2753636649707],[-76.6581880884899,39.2753589753206],[-76.6581910438857,39.2753541360181],[-76.6581937321847,39.2753491689308],[-76.6581961822817,39.2753440903564],[-76.6581984242433,39.2753389138938],[-76.6582004869641,39.275333655841],[-76.6582023993475,39.2753283306943],[-76.6582041926103,39.2753229538574],[-76.6582058921834,39.2753175389158],[-76.6582075315972,39.2753121021808],[-76.6582091386002,39.2753066572446],[-76.6582107420873,39.275301220405],[-76.6582123732794,39.275295806165],[-76.6582140599167,39.2752904299184],[-76.6582158274343,39.2752851043498],[-76.6582174883625,39.2752797721657],[-76.6582189756147,39.2752744061479],[-76.6582203459254,39.2752690172708],[-76.658221652548,39.2752636173991],[-76.6582229522387,39.2752582130035],[-76.6582243005555,39.2752528186577],[-76.6582257530785,39.2752474444319],[-76.6582273630694,39.2752421003894],[-76.6582290483458,39.2752367655736],[-76.6582307174232,39.2752314253061],[-76.6582323749287,39.2752260814018],[-76.6582340289789,39.2752207329836],[-76.6582356818786,39.2752153827605],[-76.6582373428818,39.2752100343625],[-76.6582388459966,39.2752052241609],[-76.6582390143105,39.2752046868955],[-76.6582407042597,39.2751993439862],[-76.6582424173566,39.2751940074496],[-76.6582441582409,39.2751886763984],[-76.65824593384,39.2751833562573],[-76.658247748794,39.2751780461391],[-76.658249610039,39.2751727496669],[-76.6582515222061,39.2751674677551],[-76.6582534899224,39.2751622022186],[-76.6582555212915,39.2751569548825],[-76.6582576197857,39.2751517266577],[-76.6582597911822,39.275146521164],[-76.658262129231,39.2751413638956],[-76.6582647959577,39.2751363012628],[-76.658267727709,39.275131315065],[-76.6582708527413,39.2751263825745],[-76.6582741015938,39.2751214882761],[-76.6582774048538,39.2751166067467],[-76.6582806896099,39.2751117170564],[-76.6582838864188,39.2751068000874],[-76.6582869246914,39.2751018340158],[-76.6582897326712,39.2750967988161],[-76.6582922941854,39.2750916836322],[-76.6582946798406,39.2750865066848],[-76.6582969289832,39.2750812797983],[-76.6582990763066,39.2750760183865],[-76.6583011588439,39.2750707333663],[-76.658303211284,39.2750654410525],[-76.6583052741322,39.2750601532727],[-76.6583073809318,39.275054883636],[-76.6583095675393,39.2750496466588],[-76.6583118721423,39.2750444541622],[-76.658314329434,39.2750393215601],[-76.6583169787565,39.2750342615776],[-76.6583198501805,39.2750292869128],[-76.6583229853572,39.2750244120991],[-76.6583263218098,39.2750196153364],[-76.658329794761,39.2750148712149],[-76.6583333926349,39.2750101769986],[-76.6583370992371,39.2750055263351],[-76.6583409041678,39.2750009128887],[-76.6583447935374,39.2749963330161],[-76.6583487523107,39.2749917803681],[-76.6583527700792,39.2749872504107],[-76.6583568306529,39.2749827358905],[-76.65836092246,39.274978233171],[-76.6583650316199,39.2749737368071],[-76.6583691442559,39.2749692404532],[-76.6583732488008,39.2749647395718],[-76.6583773302147,39.2749602287146],[-76.6583813746126,39.2749557033374],[-76.6583853704489,39.274951154399],[-76.658389303821,39.2749465809582],[-76.6583931620156,39.2749419757719],[-76.6583969427237,39.2749373370318],[-76.6584007547521,39.2749326920775],[-76.658404581889,39.2749280381593],[-76.6584083766759,39.2749233634293],[-76.6584120916715,39.2749186524366],[-76.6584156759318,39.2749138951248],[-76.6584190820067,39.2749090778443],[-76.6584222589611,39.274904188737],[-76.6584251593408,39.2748992150545],[-76.6584257396243,39.2748980808805],[-76.6584277507397,39.2748941476948],[-76.6584301604855,39.2748890185548],[-76.6584324348736,39.27488384038],[-76.658434584308,39.2748786186052],[-76.6584366180298,39.2748733595625],[-76.6584385603497,39.2748680687273],[-76.6584404112375,39.2748627524049],[-76.658442185746,39.2748574133411],[-76.6584438977429,39.2748520596834],[-76.658445557628,39.2748466977673],[-76.6584471781318,39.2748413312328],[-76.6584487719677,39.2748359673229],[-76.6584503507116,39.2748306087738],[-76.6584519016026,39.2748252582504],[-76.658453310057,39.2748198847938],[-76.6584545818692,39.2748144884208],[-76.658455743681,39.274809071911],[-76.6584568232671,39.2748036434523],[-76.658457853068,39.2747982049403],[-76.6584588585535,39.2747927618539],[-76.6584598686658,39.2747873205823],[-76.65846091236,39.274781884813],[-76.658462017428,39.2747764591306],[-76.6584662597315,39.2747688564201],[-76.6584704919211,39.2747645585778],[-76.6584752814122,39.2747605298824],[-76.6584801266036,39.2747564860358],[-76.6584850516113,39.274752473047],[-76.658490081714,39.2747485360276],[-76.6584921577681,39.2747470008593],[-76.6584952410277,39.2747447209867],[-76.6585005536725,39.2747410730324],[-76.6585060460863,39.2747376372797],[-76.6585117423849,39.2747344597377],[-76.6585176529336,39.2747315539479],[-76.6585237409638,39.2747288540477],[-76.6585299765178,39.2747263239193],[-76.6585363296288,39.2747239292468],[-76.6585427715022,39.2747216330151],[-76.6585492710037,39.2747194027063],[-76.6585558004931,39.2747172022095],[-76.6585623300038,39.2747149972085],[-76.6585688284189,39.2747127515825],[-76.6585752669175,39.2747104337209],[-76.6585816167092,39.2747080057081],[-76.6585878466685,39.2747054332246],[-76.6585939256828,39.2747026792487],[-76.6585998226826,39.2746996977513],[-76.6586055653257,39.2746965212403],[-76.6586111927717,39.274693200272],[-76.6586167430477,39.2746897799953],[-76.6586222553092,39.2746863118675],[-76.6586277698836,39.2746828446468],[-76.6586333247893,39.2746794252836],[-76.6586389603449,39.2746761043376],[-76.6586446362189,39.2746728339512],[-76.6586502994268,39.2746695464132],[-76.6586559591878,39.2746662525596],[-76.6586616270041,39.2746629704391],[-76.658667314426,39.274659708192],[-76.6586730341188,39.2746564829697],[-76.6586787964476,39.2746533083137],[-76.6586846129539,39.274650194166],[-76.6586904939853,39.2746471576711],[-76.6586964165069,39.2746441690369],[-76.6587023494061,39.2746411912416],[-76.6587082903781,39.2746382215765],[-76.6587142417147,39.2746352654525],[-76.6587201999695,39.2746323165544],[-76.6587261674473,39.2746293775913],[-76.6587321418391,39.2746264467548],[-76.6587381242993,39.274623524949],[-76.6587441136734,39.2746206112699],[-76.6587501088112,39.2746177039125],[-76.658756109704,39.2746148046785],[-76.6587621175151,39.2746119126703],[-76.6587681299309,39.2746090269806],[-76.6587741469515,39.2746061476093],[-76.6587801685812,39.2746032736556],[-76.6587861948244,39.2746004042188],[-76.6587922245134,39.274597541097],[-76.6587982576613,39.2745946815881],[-76.6588042931049,39.2745918265893],[-76.658810332003,39.274588976104],[-76.6588163720423,39.2745861292248],[-76.6588224143901,39.2745832841536],[-76.6588284636475,39.2745804481097],[-76.6588345232696,39.274577625607],[-76.6588405944065,39.2745748184505],[-76.6588466759254,39.2745720212322],[-76.658852766637,39.2745692402539],[-76.6588588688895,39.2745664692173],[-76.6588649791845,39.2745637126159],[-76.6588710998484,39.274560968655],[-76.6588772297268,39.2745582364305],[-76.6588833676607,39.2745555159389],[-76.6588895136457,39.2745528080811],[-76.6588956688452,39.2745501119596],[-76.6589018309412,39.2745474275677],[-76.6589079999426,39.274544753104],[-76.658914162133,39.274542048895],[-76.6589202843331,39.2745392256689],[-76.6589263814137,39.2745363240032],[-76.6589324717093,39.2745333871876],[-76.6589385723782,39.2745304621119],[-76.6589447005873,39.2745275938638],[-76.6589508723534,39.2745248257265],[-76.6589571083115,39.2745222045996],[-76.6589634221562,39.2745197746602],[-76.658969833368,39.2745175819038],[-76.6589763579508,39.2745156723156],[-76.6589830130975,39.2745140855791],[-76.6589897622648,39.274512708993],[-76.6589965631362,39.2745114253351],[-76.6590034122654,39.2745102282901],[-76.6590103050212,39.2745091169439],[-76.6590172379572,39.274508084981],[-76.659024205292,39.2745071296824],[-76.659031204725,39.2745062474383],[-76.6590382293376,39.2745054310226],[-76.6590452756531,39.2745046804252],[-76.6590523402295,39.2745039884298],[-76.6590594184484,39.2745033514202],[-76.659066505696,39.2745027648791],[-76.6590735961907,39.2745022260874],[-76.6590806887912,39.2745017314387],[-76.6590877754195,39.2745012737036],[-76.6590948549257,39.2745008510771],[-76.6591019203734,39.274500459936],[-76.6591089694755,39.2745000939684],[-76.6591159952871,39.2744997513527],[-76.6591230078011,39.2744995230947],[-76.6591300257236,39.2744996164244],[-76.6591370516235,39.2744999791047],[-76.6591440823053,39.274500552577],[-76.6591511157328,39.2745012782856],[-76.6591581510541,39.2745020922741],[-76.6591651873959,39.2745029350896],[-76.659172221563,39.2745037481731],[-76.6591792526905,39.2745044702704],[-76.6591862786295,39.2745050662454],[-76.6591933046637,39.2745056424036],[-76.6592003283629,39.2745062221575],[-76.6592073543584,39.2745068064215],[-76.6592143780319,39.2745073915792],[-76.6592214028428,39.2745079812435],[-76.6592284264949,39.274508570904],[-76.6592354501341,39.2745091632664],[-76.6592424737821,39.2745097538268],[-76.6592494974216,39.2745103461884],[-76.6592565210656,39.2745109376487],[-76.6592635447096,39.2745115291087],[-76.6592705683667,39.274512117866],[-76.6592775907483,39.2745127309397],[-76.6592846116078,39.2745134196726],[-76.6592916287312,39.2745141624401],[-76.6592986457682,39.2745149232221],[-76.6593056628313,39.2745156785992],[-76.6593126823898,39.2745163970519],[-76.6593197034272,39.274517048852],[-76.6593267283957,39.274517606083],[-76.6593337586052,39.2745180372221],[-76.6593407953445,39.27451831525],[-76.6593478399108,39.2745184113461],[-76.659354903919,39.2745183201397],[-76.659361986063,39.2745180722526],[-76.6593690839126,39.2745176910978],[-76.6593761926851,39.2745172072874],[-76.6593833087914,39.2745166442307],[-76.6593904286121,39.2745160316424],[-76.6593975473776,39.2745153974323],[-76.6594046626577,39.2745147650131],[-76.6594117696696,39.2745141649971],[-76.6594188659747,39.2745136225983],[-76.6594259444855,39.2745131657199],[-76.659433005068,39.2745128222853],[-76.6594400429613,39.2745126184027],[-76.6594470522455,39.2745125801769],[-76.6594540304603,39.2745127373262],[-76.6594609751756,39.2745131132632],[-76.6594678804499,39.2745137385967],[-76.6594747509881,39.2745145989281],[-76.6594816116975,39.2745155754289],[-76.6594884638281,39.2745166491869],[-76.6594953073797,39.274517820202],[-76.6595021424,39.2745190785659],[-76.6595089665712,39.2745204242719],[-76.6595157810912,39.2745218492166],[-76.6595225825091,39.2745233479855],[-76.6595293754778,39.274524916989],[-76.6595361553879,39.2745265508092],[-76.6595429222651,39.2745282440414],[-76.6595496761355,39.2745299912814],[-76.6595564170163,39.274531788926],[-76.659563143779,39.2745336306667],[-76.6595698552904,39.2745355110956],[-76.659576552727,39.2745374266131],[-76.6595832338011,39.2745393709071],[-76.6595898996975,39.2745413385766],[-76.6595965481115,39.2745433269125],[-76.6596031790775,39.274545328709],[-76.6596097937806,39.2745473385649],[-76.6596163899156,39.2745493537711],[-76.6596229663585,39.2745513671183],[-76.6596295242853,39.274553375007],[-76.6596360227674,39.2745554538832],[-76.659642384514,39.2745577710649],[-76.6596486305407,39.2745602941856],[-76.6596547807434,39.2745629827686],[-76.6596608608078,39.2745657972548],[-76.6596668929432,39.274568698075],[-76.6596729005175,39.2745716456633],[-76.6596789057357,39.2745746013514],[-76.6596849331463,39.274577521073],[-76.6596910037778,39.2745803697592],[-76.659697143329,39.2745831051487],[-76.6597033564789,39.2745857182474],[-76.6597095964738,39.2745882917901],[-76.6597158551368,39.2745908392644],[-76.6597221278108,39.2745933651606],[-76.6597284133108,39.2745958748798],[-76.6597347069841,39.2745983720119],[-76.6597410053322,39.2746008610502],[-76.6597473060072,39.2746033482934],[-76.6597536043562,39.274605837331],[-76.6597599003663,39.2746083308653],[-76.6597661870495,39.2746108360822],[-76.6597724632209,39.2746133583828],[-76.6597787253997,39.2746158986578],[-76.6597849700702,39.2746184650038],[-76.6597911914207,39.2746210610072],[-76.6597973859139,39.2746236992682],[-76.6598035314144,39.2746264040434],[-76.6598096384126,39.2746291627525],[-76.659815717412,39.274631960113],[-76.6598217812296,39.2746347817498],[-76.6598278345614,39.2746376150658],[-76.6598338925466,39.274640444792],[-76.6598399622033,39.2746432574371],[-76.6598460551983,39.2746460368212],[-76.6598521575296,39.2746488027207],[-76.6598582575005,39.2746515776207],[-76.6598643563216,39.2746543507154],[-76.6598704609765,39.2746571157199],[-76.6598765784661,39.274659862746],[-76.6598827157914,39.2746625819055],[-76.6598888787812,39.2746652660093],[-76.6598950721188,39.2746679051625],[-76.6599013331133,39.2746704526336],[-76.659907660593,39.2746729111213],[-76.6599140254125,39.2746753165718],[-76.6599204018776,39.2746777103458],[-76.6599267562162,39.2746801265744],[-76.6599330615835,39.2746826048135],[-76.6599368344732,39.2746841677512],[-76.6599392876626,39.2746851837081],[-76.6599454052998,39.2746879010058],[-76.6599514249035,39.2746907612406],[-76.659957412829,39.274693702452],[-76.6599633423783,39.2746967335703],[-76.65996918451,39.2746998689237],[-76.6599749113413,39.2747031228437],[-76.6599804903671,39.2747065069461],[-76.6599858902323,39.2747100346515],[-76.6599910853721,39.2747137202982],[-76.6599961153142,39.2747175378786],[-76.6600010242047,39.2747214650013],[-76.6600058260411,39.2747254827909],[-76.6600105452465,39.274729573303],[-76.6600152004584,39.2747337167745],[-76.6600198126145,39.2747378970525],[-76.6600244049836,39.2747420952883],[-76.6600289950397,39.2747462926164],[-76.660033604884,39.2747504719864],[-76.6600382543127,39.2747546136388],[-76.6600429398145,39.2747587247694],[-76.6600476183506,39.274762838582],[-76.6600522910712,39.2747669568814],[-76.6600569591394,39.2747710787701],[-76.6600571841755,39.2747712775892],[-76.6600616213964,39.2747752042449],[-76.6600662813232,39.2747793324151],[-76.6600709366149,39.2747834605716],[-76.660075590731,39.2747875923276],[-76.6600802425255,39.2747917249774],[-76.6600848954709,39.274795859432],[-76.6600895461162,39.2747999902765],[-76.6600941990713,39.2748041229292],[-76.6600988520312,39.2748082546809],[-76.6601035084683,39.2748123864425],[-76.6601081672541,39.2748165119053],[-76.6601292853413,39.2748234656513],[-76.6601297134617,39.2748236074091],[-76.660143024588,39.2748272778012],[-76.6601564550884,39.2748307053312],[-76.6601699653834,39.274833926816],[-76.6601841701696,39.2748361180347],[-76.6601981830047,39.274838461826],[-76.6602100874379,39.2748435369332],[-76.6602205980292,39.2748507202948],[-76.6602302411245,39.2748590027785],[-76.6602389864487,39.2748679303125],[-76.6602468406686,39.2748770786572],[-76.6602541213232,39.2748864487314],[-76.6602610208419,39.2748960302825],[-76.6602676705344,39.274905749828],[-76.6602741993663,39.2749155392829],[-76.6602807374927,39.2749253242606],[-76.6602874150431,39.2749350357786],[-76.6602918234547,39.2749411115611],[-76.6602943575194,39.2749446030396],[-76.6603016962316,39.2749539525609],[-76.6603095879163,39.2749630253455],[-76.6603181195905,39.2749718009273],[-76.6603271834031,39.2749802943072],[-76.6603366564672,39.2749885141374],[-76.6603464239952,39.2749964717957],[-76.6603566504102,39.2750039551776],[-76.6603685536208,39.2750100202027],[-76.6603784633102,39.2750151543791],[-76.66038037658,39.2750161453456],[-76.6603903692857,39.275023790186],[-76.6603998289217,39.2750319126897],[-76.660409052289,39.2750402461888],[-76.6604180464963,39.2750487582762],[-76.6604268232794,39.2750574183601],[-76.6604353862742,39.2750661931228],[-76.660443743744,39.2750750510616],[-76.6604518201358,39.2750840387978],[-76.6604595711567,39.2750932093483],[-76.6604616437819,39.2750957744059],[-76.6604670874471,39.2751025116317],[-76.6604744596515,39.275111893666],[-76.6604817830458,39.2751213043831],[-76.6604891436391,39.2751306917874],[-76.6604966355314,39.2751400084105],[-76.6605042064424,39.2751492811241],[-76.6605117970999,39.2751585448867],[-76.6605193784665,39.2751678131257],[-76.6605269226683,39.2751770983713],[-76.6605344029813,39.2751864149583],[-76.6605417892093,39.2751957763111],[-76.6605491220045,39.275205163631],[-76.6605564269146,39.2752145661829],[-76.6605636853584,39.2752239920197],[-76.6605708764538,39.2752334455851],[-76.6605779815894,39.2752429412375],[-76.6605849787374,39.2752524807147],[-76.6605918539519,39.2752620720832],[-76.6605986397428,39.2752717028265],[-76.6606053581637,39.2752813658021],[-76.6606120045875,39.2752910591952],[-76.6606185813365,39.2753007821118],[-76.6606250895781,39.2753105327535],[-76.660631531643,39.275320308425],[-76.6606379075269,39.2753301100271],[-76.6606442021597,39.2753399384169],[-76.6606502727024,39.2753498544335],[-76.6606561574852,39.2753598401726],[-76.6606619575142,39.2753698580939],[-76.6606677761131,39.2753798706639],[-76.6606737096656,39.2753898376269],[-76.6606798603366,39.2753997214459],[-76.6606862037418,39.2754095319589],[-76.660692650464,39.2754193067394],[-76.6606992005207,39.2754290421845],[-76.6607058585733,39.2754387329031],[-76.6607126292789,39.2754483744048],[-76.6607195161317,39.2754579630966],[-76.6607265075168,39.2754675043495],[-76.6607335476641,39.2754770277275],[-76.6607406423769,39.275486531446],[-76.6607478009652,39.2754960074248],[-76.6607550327437,39.2755054466833],[-76.6607623516405,39.2755148447579],[-76.660769769288,39.2755241926746],[-76.6607772926698,39.2755334841481],[-76.6607849392127,39.2755427102212],[-76.6607927867147,39.2755518395917],[-76.6608008491214,39.2755608641932],[-76.6608090951036,39.2755697920419],[-76.6608175014528,39.2755786293761],[-76.6608260472785,39.2755873824408],[-76.6608347245027,39.2755960440066],[-76.6608436980832,39.2756045325803],[-76.6608528994586,39.2756128866967],[-76.6608622054357,39.2756211789618],[-76.6608714870131,39.2756294846672],[-76.6608806117346,39.2756378745905],[-76.6608894563935,39.2756464240402],[-76.6608978920058,39.2756552047049],[-76.6609059836129,39.2756641870473],[-76.6609139171231,39.2756732707188],[-76.6609216960434,39.2756824494242],[-76.6609293227517,39.2756917105598],[-76.6609368077085,39.2757010478505],[-76.6609441544463,39.2757104495965],[-76.6609513664678,39.2757199104035],[-76.6609584531001,39.2757294185885],[-76.660965414395,39.2757389633424],[-76.6609721863924,39.2757485904196],[-76.6609786331203,39.2757583786947],[-76.6609847465652,39.2757683074271],[-76.6609905233407,39.2757783576911],[-76.6609959577552,39.2757885078519],[-76.6610010406236,39.275798739868],[-76.6610052865454,39.2758092559106],[-76.6610087186731,39.2758200614512],[-76.6610118652993,39.27583095174],[-76.6610152477805,39.2758417184042],[-76.6610193944318,39.2758521521903],[-76.6610248323875,39.2758620483449],[-76.6610320202944,39.2758712253367],[-76.6610407642652,39.2758797555677],[-76.661050540681,39.2758878356941],[-76.661060824747,39.2758956659719],[-76.6610710893547,39.27590344575],[-76.6610810024894,39.2759112920702],[-76.6610910924919,39.2759189902741],[-76.6611013546061,39.2759265655692],[-76.6611116958044,39.2759340834429],[-76.6611220253898,39.2759416066867],[-76.6611322457035,39.2759491998737],[-76.6611422683577,39.2759569276039],[-76.6611520003248,39.2759648553646],[-76.6611612811706,39.2759730880821],[-76.6611698562829,39.2759817943654],[-76.661177969822,39.2759908100795],[-76.6611859287192,39.2759999316367],[-76.6611940364118,39.2760089590427],[-76.6612025963633,39.276017686898],[-76.6612116711768,39.2760261108794],[-76.6612209223377,39.2760344957352],[-76.6612304362212,39.2760427129055],[-76.6612403143544,39.2760506158588],[-76.661250666377,39.2760580580871],[-76.6612615856433,39.2760649056458],[-76.6612730148975,39.2760712565528],[-76.6612848353014,39.2760772419765],[-76.6612969398086,39.2760829507836],[-76.6613092271457,39.2760884763612],[-76.6613215902574,39.2760939093774],[-76.661333930197,39.2760993414248],[-76.6613461771838,39.2761048236455],[-76.6613585595577,39.2761101071868],[-76.6613710772281,39.2761152109645],[-76.6613836544267,39.2761202266378],[-76.6613963395143,39.2761252201016],[-76.6614104425307,39.2761298564461],[-76.6614244634589,39.2761344520179],[-76.661435970502,39.2761395645853],[-76.6614362866747,39.2761466535935],[-76.6614295461596,39.2761566380272],[-76.6614336407531,39.2761668257393],[-76.661439223494,39.2761772420306],[-76.6614461591273,39.27618732984],[-76.6614543077706,39.2761965302917],[-76.6614634801899,39.2762046689929],[-76.6614733901439,39.2762124711324],[-76.6614839205385,39.2762199453804],[-76.6614949672637,39.2762270509023],[-76.6615064169429,39.2762337459361],[-76.6615181666292,39.2762399887501],[-76.6615301087402,39.276245737599],[-76.6615424474526,39.2762509498346],[-76.66155530684,39.2762556114022],[-76.6615685686875,39.2762597228614],[-76.6615821066506,39.2762632883523],[-76.6615958013555,39.2762663084314],[-76.6616095264447,39.2762687899407],[-76.6616233504741,39.2762709384515],[-76.6616373308225,39.2762728730296],[-76.6616514247687,39.2762745602237],[-76.6616522472273,39.27627464186],[-76.6616655895782,39.2762759692848],[-76.6616797802075,39.2762770676556],[-76.6616939516043,39.2762778245806],[-76.6617080622104,39.2762782057109],[-76.6617220646469,39.2762781820859],[-76.6617359578241,39.2762774960844],[-76.6617498192665,39.2762754444347],[-76.6617635445878,39.2762722871563],[-76.6617770231912,39.2762683716249],[-76.6617901352045,39.2762640460905],[-76.6618028004768,39.2762593490551],[-76.6618150785774,39.2762539402022],[-76.6618270589401,39.2762480215603],[-76.6618388308751,39.2762418212793],[-76.6618504825975,39.2762355539946],[-76.6618618585799,39.276229024694],[-76.6618728865783,39.276222071933],[-76.6618838315356,39.2762150342604],[-76.6618949526084,39.2762082484063],[-76.6619065135767,39.2762020538166],[-76.6619188357543,39.2761968765756],[-76.6619319444278,39.2761927608932],[-76.661945406486,39.2761891506533],[-76.6619587854394,39.2761854690124],[-76.6619721583127,39.2761811171855],[-76.6619856127951,39.2761776366289],[-76.6619991005297,39.2761776367109],[-76.662012493798,39.2761821403299],[-76.6620250062879,39.2761876142359],[-76.6620365584423,39.2761942158337],[-76.6620439406841,39.2762030177036],[-76.6620463050586,39.2762141813454],[-76.6620473018212,39.2762251149607],[-76.6620477755617,39.2762361200329],[-76.6620496465535,39.2762472155985],[-76.6620519582933,39.2762582376689],[-76.6620470869507,39.2762680365541],[-76.6620370946836,39.27627652721],[-76.6620250279967,39.2762818367098],[-76.6620119557666,39.2762858417135],[-76.6619982899712,39.2762891559248],[-76.6619844657704,39.2762921490074],[-76.661970837444,39.2762951390489],[-76.6619572003558,39.2762980218731],[-76.661943502573,39.2763007513913],[-76.6619297533843,39.2763033240275],[-76.6619159609108,39.2763057380033],[-76.6619021402358,39.2763079897592],[-76.6618882093762,39.2763097728],[-76.6618741647826,39.2763111024284],[-76.6618601247468,39.276312448282],[-76.6618462006629,39.2763142682686],[-76.6618320733111,39.276316183149],[-76.6618178862824,39.2763182176573],[-76.6618041606332,39.2763209560867],[-76.6617914128225,39.2763249746108],[-76.661779809755,39.2763312420296],[-76.6617698160224,39.2763395453],[-76.661762309341,39.2763488285546],[-76.6617566799795,39.2763588756566],[-76.6617524114437,39.2763696040502],[-76.6617497155953,39.276380574774],[-76.6617488145206,39.2763913921323],[-76.6617497942124,39.2764022509374],[-76.6617522037372,39.2764131733103],[-76.6617555036281,39.2764240333924],[-76.6617591636894,39.2764347053515],[-76.6617629726442,39.2764452624418],[-76.6617669718188,39.2764557876522],[-76.6617711414987,39.2764662836283],[-76.6617754584969,39.2764767521048],[-76.6617799019612,39.2764871912202],[-76.6617844510224,39.2764976027158],[-76.6617890824849,39.2765079901279],[-76.6617937766597,39.2765183506974],[-76.6617985218931,39.2765286979024],[-76.661803380703,39.2765390454341],[-76.6618084298105,39.2765493448724],[-76.6618137482549,39.2765595478037],[-76.6618194058167,39.2765696030854],[-76.6618254827069,39.2765794596049],[-76.6618330776132,39.2765886296102],[-76.6618421044789,39.2765971750059],[-76.6618506329421,39.2766059756831],[-76.6618590982243,39.2766149022845],[-76.6618671280296,39.2766240122877],[-76.6618672684104,39.2766242243709],[-76.6618735048023,39.276633687714],[-76.6618783165177,39.276643950435],[-76.6618823468014,39.2766545198677],[-76.6618857330038,39.2766652712016],[-76.661888609007,39.2766760778146],[-76.6619928446296,39.2766469066978],[-76.6620369399168,39.2766345661396],[-76.6623338094252,39.2765323881219],[-76.6624036305788,39.2766589387033],[-76.6624300937767,39.2767213402802],[-76.662509368845,39.2767426342114],[-76.6625830572148,39.2767172660858],[-76.6626413178181,39.2766677257945],[-76.6625999884295,39.2765931852292],[-76.6625290253174,39.276465196568],[-76.6629290271096,39.276327519742],[-76.6628182298766,39.2761180528907],[-76.6631185860555,39.2759708763163],[-76.6637595878381,39.2759698585795],[-76.6637944927859,39.2760358699588],[-76.6638124541432,39.2760698359618],[-76.6642813388579,39.2759234683563],[-76.6645775484806,39.2758053582053],[-76.6645769385608,39.2758049358076],[-76.6645411901045,39.275780179854],[-76.6645235523848,39.2757674179233],[-76.6642883956278,39.2755967145628],[-76.6642949359479,39.2755951434114],[-76.6643965749838,39.2755706944413],[-76.6644847015299,39.2755495305966],[-76.6648151827785,39.275470058644],[-76.6649599271807,39.2752187058964],[-76.6654393094091,39.275406622931],[-76.6654656529492,39.2754169504415],[-76.6654762370222,39.2754140864384],[-76.6654765690224,39.275414216193],[-76.6662571730003,39.275172822159],[-76.6662585102653,39.2751738357133],[-76.6662616123364,39.2751714494012],[-76.6665547481264,39.2749460042094],[-76.6665784130165,39.2749278039339],[-76.6667158683304,39.2750305575779],[-76.6668980128552,39.2751667173651],[-76.6670505465501,39.2752210956046],[-76.6670989768119,39.2751981211283],[-76.6670905689445,39.2751333811407],[-76.6670587248941,39.2751092522373],[-76.6669548528109,39.2750305463988],[-76.6669372187126,39.2750172074501],[-76.6669059258174,39.2749934520819],[-76.6669547804674,39.2749558396802],[-76.6669619045254,39.2749503688345],[-76.6671230351683,39.2748262880331],[-76.6671282959761,39.2748222323984],[-76.6671602236977,39.2747976203776],[-76.6671956044381,39.2747704032196],[-76.6672722787138,39.2748286439543],[-76.6672829329323,39.2748367368586],[-76.6673183159764,39.2748090224499],[-76.6673528125448,39.274782023427],[-76.667387094188,39.274755130976],[-76.667422266347,39.2747276384265],[-76.6674591752802,39.2746987500984],[-76.6675002645718,39.2746666074291],[-76.6675721643205,39.2746103061356],[-76.6676428611493,39.2745549634077],[-76.6677775667376,39.2746570675952],[-76.6678217770231,39.274741969679],[-76.667871705101,39.2748378528908],[-76.6679893300712,39.274827800563],[-76.6680104315334,39.2748354995745],[-76.6681200101978,39.2748754797264],[-76.6681296474282,39.2748725767782],[-76.6681649444142,39.2748622051474],[-76.6681711473069,39.2748378417422],[-76.6681960178585,39.2747401576882],[-76.6693069505805,39.2744587094448],[-76.6694933519264,39.2744211814242],[-76.6696856149162,39.2743988222157],[-76.6698798211731,39.2743921774482],[-76.669958620792,39.2743940175742],[-76.6700047667382,39.2743986492465],[-76.6701315517005,39.2744043334072],[-76.6702583847972,39.274399664205],[-76.6703838541715,39.2743846953266],[-76.6705066851161,39.2743596447877],[-76.670589221616,39.2743353989914],[-76.6709502785916,39.2740857244437],[-76.6711538610087,39.2739452037226],[-76.6712380226597,39.2738867096316],[-76.6713047520924,39.2738179367373],[-76.6714472306789,39.2738427334398],[-76.6714701160543,39.2738265927424],[-76.6718365248467,39.2736425815839],[-76.6722124441035,39.2735252639481],[-76.6722502533782,39.2735081360772],[-76.6723896485903,39.2734617393865],[-76.672534339773,39.2734135827944],[-76.6725697275906,39.2734281828294],[-76.6727720456445,39.2733667192864],[-76.6729081557581,39.2733248859982],[-76.6731529583863,39.2732455131509],[-76.6732762944888,39.2732044924048],[-76.6732837630993,39.2731892344485],[-76.6733051275551,39.2731957091077],[-76.6735710746185,39.273109985277],[-76.6738086133222,39.2730318051009],[-76.6739066793111,39.2730010875879],[-76.6739256859997,39.2729950818296],[-76.6739587559926,39.2729847410068],[-76.6739736692108,39.2729800561048],[-76.6739791460278,39.2729641836594],[-76.6740090087849,39.2729680938902],[-76.6740129271201,39.2729685677578],[-76.6740582355885,39.2729548028479],[-76.6741082116255,39.2729396123545],[-76.6741410165091,39.2729299571257],[-76.6741596994167,39.2729242936217],[-76.674206004333,39.2729105584422],[-76.6742321910869,39.2729028593009],[-76.6742610938219,39.2728942462064],[-76.6742813983865,39.2728882439902],[-76.674285616265,39.272886577567],[-76.6743440142434,39.2728644771602],[-76.674426899961,39.2728326587245],[-76.674521936165,39.2727971231277],[-76.6745874137054,39.2727722228321],[-76.6746562069961,39.2727462606783],[-76.6747202576327,39.2727221679428],[-76.6747940340857,39.2726946738008],[-76.6748005446032,39.2726772440578],[-76.6748126305505,39.2726805373813],[-76.6748288374831,39.2726848419594],[-76.6748820209229,39.2726688979715],[-76.6750051942788,39.2726328615792],[-76.6751619398994,39.2725865267203],[-76.6751964317265,39.2726032177617],[-76.6751930677409,39.2725748101183],[-76.675203304005,39.2725710390103],[-76.6752313097878,39.2725613530906],[-76.6753269134623,39.2725277586535],[-76.6753749554615,39.2725108940619],[-76.6753983442343,39.2725186854471],[-76.6754114286454,39.2724992858557],[-76.6754386504938,39.2724907173677],[-76.6755021947413,39.2724710680692],[-76.6756179329548,39.2724350933613],[-76.675650388531,39.2724246873115],[-76.6759290698777,39.2723383447557],[-76.6760505031477,39.2723006765889],[-76.6761528049537,39.2722684790214],[-76.6762494693563,39.2722384330599],[-76.6763411188383,39.2722097432588],[-76.6765237372501,39.2721541585888],[-76.6765654218746,39.272141453737],[-76.6766913778374,39.2721019408904],[-76.6768264064743,39.2720593722656],[-76.6769003437735,39.2720361792842],[-76.6769172341274,39.2720308761196],[-76.6769258197649,39.2720281722281],[-76.6769545463202,39.2720191607496],[-76.6769567226327,39.272011534574],[-76.6769658081784,39.2720166254528],[-76.6770108058525,39.2720018839234],[-76.6771625702593,39.2719519818882],[-76.6772286057157,39.2719306711913],[-76.6775491579803,39.2718279486907],[-76.6776175521197,39.2718059911979],[-76.6777749393495,39.2717548805692],[-76.6779147601228,39.2717094188805],[-76.6781655003621,39.2716276621384],[-76.6782099161202,39.2716550111944],[-76.678508053299,39.271561496209],[-76.6786302889945,39.2716300752302],[-76.6791954228528,39.2714504309417],[-76.6792762362804,39.271424739416],[-76.6797965162185,39.2712593341996],[-76.6798034478916,39.2712730816225],[-76.6800194115128,39.27170276922],[-76.6802983447771,39.2716021624189],[-76.6804267037859,39.271555892787],[-76.6811134614748,39.2713082383031],[-76.6812066096556,39.2712746468248],[-76.6823916417104,39.2708472388764],[-76.6827220200324,39.2702977360632],[-76.6832866391075,39.2701082388574],[-76.6833233586205,39.2700959145521],[-76.6855997809352,39.2693318639457],[-76.6857934845224,39.2692672301516],[-76.6860050187426,39.2691962753166],[-76.686182630463,39.2691368159759],[-76.6864067521499,39.2690624603422],[-76.6865672392322,39.2690090501557],[-76.6866992518974,39.2689650082926],[-76.6868803256219,39.2689046212386],[-76.6872675540686,39.2687753234055],[-76.687453365227,39.268713356434],[-76.6880247928208,39.2685190372668],[-76.6887014218976,39.2682954518893],[-76.6887089204988,39.2683092002973],[-76.6888227594981,39.2685185186731],[-76.6888302222275,39.2685322660765],[-76.6888362360049,39.2685313145908],[-76.6889175262876,39.2685184670768],[-76.6890870756934,39.2684835539044],[-76.6891360124421,39.2684734787036],[-76.6892559916289,39.2684487757272],[-76.689424941,39.2684139982963],[-76.6894884687046,39.2684009043437],[-76.689506146035,39.2683972723642],[-76.6894892480282,39.2683899089871],[-76.6895028166823,39.2683866994118],[-76.7010532659006,39.2734273357717],[-76.7012106614347,39.2734960104013],[-76.701212919448,39.2734969952732],[-76.7066689069289,39.2758781633425],[-76.7111583483506,39.2778371880107],[-76.7111613493749,39.2778384969887],[-76.7111619666706,39.2782778801729],[-76.7111620233387,39.2783189054185],[-76.7111627265054,39.2788189035739],[-76.711165401211,39.2807229876867],[-76.7111674588722,39.2821876430709],[-76.7111694278328,39.2835886968521],[-76.7111708707613,39.2846164827115],[-76.7111719931227,39.2854152569797],[-76.7111726944889,39.2859143073839],[-76.7111747513684,39.2873780876772],[-76.7111750828178,39.2876135509728],[-76.7111762664576,39.2884593622166],[-76.7111779579272,39.289662739831],[-76.7111792940553,39.2906131828136],[-76.7111793678012,39.290666246562],[-76.7111800882768,39.2911808423871],[-76.7111806752412,39.2915984056386],[-76.7111807953807,39.2916839201301],[-76.711183144194,39.2933548103095],[-76.7111852943493,39.2948848993913],[-76.7111881377094,39.2969098534096],[-76.711188704671,39.2973129912088],[-76.7111899967918,39.2982333115759],[-76.711191291008,39.299153694746],[-76.7111930070493,39.3003747908961],[-76.7111965258028,39.3028811571238],[-76.7111606293522,39.3028711759153],[-76.7111253457113,39.3028613196056],[-76.7110940486909,39.3028521486524],[-76.7110916458597,39.3028514446606],[-76.7110896117787,39.3028507235603],[-76.7110000480273,39.3028219548315],[-76.710983743218,39.3028189611573],[-76.710948761128,39.3028105116118],[-76.7109077063117,39.3027983504235],[-76.7108705655768,39.3027858980006],[-76.7108357518254,39.3027765462808],[-76.7107973815709,39.3027662337007],[-76.7107667130584,39.302756483221],[-76.7107326965114,39.3027438357752],[-76.7106992630961,39.3027314834007],[-76.7106738590115,39.3027255019994],[-76.7106502256364,39.3027245511565],[-76.7106254571682,39.3027236173298],[-76.7106044429803,39.3027217730756],[-76.7105873098897,39.3027152157277],[-76.7105726729507,39.3027046750897],[-76.7105653987727,39.3026942336545],[-76.7104441874868,39.302664481281],[-76.7104167225468,39.3026654863924],[-76.7103705395408,39.3026630936567],[-76.7103216393934,39.3026509471526],[-76.7102797581959,39.3026330972508],[-76.7102381166759,39.3026164639419],[-76.7101959245547,39.3026069046775],[-76.7101508274589,39.3026051928009],[-76.7100916836342,39.3026054216019],[-76.7100584781088,39.3026042965959],[-76.7099822789075,39.3026027997466],[-76.7099245997119,39.3026091806208],[-76.7098949520422,39.3026166197072],[-76.7098483801201,39.3026299547604],[-76.7097937179198,39.3026458837998],[-76.7097446516757,39.3026638686451],[-76.7096845699573,39.3026856022115],[-76.7096479637603,39.3027001039632],[-76.7096362095475,39.3027047606355],[-76.7096002478027,39.3027226940335],[-76.7095495829833,39.3027564596473],[-76.7095160758877,39.3027850748151],[-76.7094681283123,39.302833899599],[-76.7094099219616,39.3028919191025],[-76.7093891108401,39.3029126633229],[-76.7093246424787,39.3029828707001],[-76.7092526353085,39.3030596844266],[-76.7091694745608,39.3031416381224],[-76.7091033426029,39.3032086048505],[-76.7090659119078,39.3032442531624],[-76.7090405903165,39.3032613912453],[-76.7090015718697,39.3032804896695],[-76.7089635785411,39.3032904867076],[-76.7089258065268,39.3032928846271],[-76.7088546675184,39.303290205185],[-76.7087593598883,39.3032836186801],[-76.7086945905276,39.3032809396162],[-76.7086488144452,39.3032832653591],[-76.7085927148029,39.3032865436995],[-76.7083909631239,39.3032989068259],[-76.7081909307911,39.3033067475913],[-76.7080401177042,39.3033035788167],[-76.7079413109425,39.3032990060453],[-76.7079109552675,39.3032932828666],[-76.7078968120614,39.3032873531786]]]},"properties":{"OBJECTID":9,"DistrictNumber":8,"Dist_Abbr":"SWD","Dist_Alt":"SOUTHWESTERN","Dist_Name":"Southwestern","DistrictName":"Southwestern","District":"8","Shape__Area":178870931.90582275,"Shape__Length":75092.065139763639}}]}