{"type":"FeatureCollection","features":[{"type":"Feature","id":1,"geometry":{"type":"Polygon","coordinates":[[[-86.260608058974455,39.810884120211774],[-86.261628732197423,39.810868299228218],[-86.263565127993232,39.810837763810639],[-86.26505613117871,39.81081464301031],[-86.268424904579405,39.810761188710124],[-86.269904450435149,39.810755094005948],[-86.270024496950882,39.810744992078028],[-86.270014413326336,39.809262953249061],[-86.270198913671479,39.809258780143523],[-86.270192649158147,39.808909652414151],[-86.271787155992243,39.808878466363119],[-86.272789122617723,39.808858463908869],[-86.273083171514372,39.808852423257107],[-86.273332146952569,39.808847428133994],[-86.273599134802225,39.808842429228555],[-86.273848206702212,39.808837522560694],[-86.274199081960816,39.808830461167808],[-86.274965449953257,39.808802934937241],[-86.275048366037097,39.808799977444792],[-86.275235961346183,39.808793228505216],[-86.275267547710314,39.80879207209928],[-86.275282379049159,39.80879154397168],[-86.275408051476859,39.808787010943156],[-86.275417007008414,39.80878669105644],[-86.275406969984829,39.808544301196413],[-86.2753879931212,39.807722971959464],[-86.275371997023385,39.806954211735388],[-86.275359662125581,39.806252561912977],[-86.275353754203081,39.80591645347365],[-86.275350539401316,39.805733581873731],[-86.275353324431393,39.8055195705156],[-86.275338072697295,39.805191460371113],[-86.275336828664649,39.804953572619354],[-86.275325280208207,39.804296637657004],[-86.275294635815072,39.802553218296914],[-86.275288427490338,39.801921481962651],[-86.275276072945545,39.801497074602999],[-86.275273939673383,39.801174029245082],[-86.274943354310892,39.801024130050685],[-86.274719324440994,39.80093882889939],[-86.274502885068145,39.80085657595636],[-86.274374108105391,39.800808179141399],[-86.274275772405417,39.800774721651763],[-86.274142557458973,39.800733897248421],[-86.274007214789833,39.800697544855723],[-86.27380088881209,39.800652298510308],[-86.273696994748875,39.800631909538083],[-86.273522189676555,39.80060434190937],[-86.273416413834298,39.80059116970331],[-86.273310158209242,39.800580400199678],[-86.273167933539852,39.800570848972285],[-86.272989539748139,39.800565261281676],[-86.272884951473955,39.800598750702079],[-86.272733083928173,39.800567631390109],[-86.272623748015292,39.800573348834284],[-86.272442267079612,39.800589738408156],[-86.272226421510155,39.800619346966798],[-86.272120149934366,39.800638431930395],[-86.271981560186319,39.800669353593435],[-86.27188560348182,39.800729562355549],[-86.271680221897157,39.800785538334928],[-86.271541323232398,39.800831902202965],[-86.271351081784331,39.800908731194788],[-86.271196850941521,39.800931496781814],[-86.270986359549752,39.80106470825551],[-86.270930441724062,39.801118531793612],[-86.270763387453229,39.80121411265327],[-86.270559284833254,39.801359300549272],[-86.270009261312978,39.801757134240624],[-86.269882311517733,39.801987708747419],[-86.269821603714206,39.794249509091365],[-86.269750943015353,39.791500506479821],[-86.269729892740187,39.790662627450253],[-86.269762832982082,39.790054039531576],[-86.269741212071651,39.789704819300596],[-86.26965653913868,39.788909821148891],[-86.269641191785809,39.788158044446348],[-86.269655673019045,39.7875114618016],[-86.25635047245018,39.784940955244934],[-86.256269556253571,39.783785613988691],[-86.256353785718616,39.781532014622734],[-86.256361874768203,39.781444125246921],[-86.256408009672199,39.781332365585314],[-86.256491120410402,39.781234142477217],[-86.256702765349431,39.780999033326374],[-86.256853032330497,39.780946109330173],[-86.256955890800697,39.780829943076391],[-86.256984803866146,39.780778321507533],[-86.256888860897348,39.78067586228336],[-86.256949161000065,39.779847173670412],[-86.253253352513795,39.779917043103957],[-86.250604657731444,39.779967461472317],[-86.250650477355734,39.778298113634797],[-86.25064921661793,39.778230435074796],[-86.250438212601594,39.778171624196347],[-86.250430317436695,39.777812601279656],[-86.250418354551755,39.777319165674534],[-86.250406656975201,39.776858214283365],[-86.250327242290751,39.773498063475202],[-86.250362538328446,39.773177637717062],[-86.250366495788541,39.773009944209136],[-86.250322482575143,39.772394832099408],[-86.24821132978019,39.772273657052153],[-86.248122288540372,39.77232111581791],[-86.247916806179816,39.772309672517402],[-86.23901603835958,39.771817669799411],[-86.238929442159048,39.771758386406695],[-86.235362328155759,39.771570711476528],[-86.235179198449629,39.771615189747159],[-86.234255553819864,39.77156789357587],[-86.234258710710762,39.76588070459669],[-86.231771864889893,39.765974497575662],[-86.23167382762648,39.765946250426552],[-86.228616351249826,39.766052514697968],[-86.22876944558557,39.771645642920312],[-86.233869484975585,39.771487983246189],[-86.233906303073866,39.771598643389197],[-86.234291699066546,39.771633358183408],[-86.235167215908334,39.771672213592467],[-86.235369590972951,39.771629356830012],[-86.235813713064175,39.771652325777168],[-86.237362894926179,39.771732431821022],[-86.238915160519738,39.771812676702417],[-86.239014251732058,39.771877045858275],[-86.248122788013944,39.77238047964051],[-86.248223159597345,39.772331935527724],[-86.250243630648143,39.772444300194756],[-86.250299673886786,39.773090529665375],[-86.250288188808327,39.773205007604908],[-86.25025916818629,39.773494287904988],[-86.250286227443013,39.774872415932577],[-86.250319047419353,39.776276383882447],[-86.250326146085015,39.776580044534413],[-86.250332585182392,39.7768554993064],[-86.250349326950939,39.77752851926693],[-86.250359463787674,39.777936014328084],[-86.25035206933552,39.77814761312473],[-86.249425035289477,39.777889222137631],[-86.2493672786985,39.777908901895515],[-86.248652754348456,39.777673957547684],[-86.247909665690457,39.777429613680155],[-86.247595528176703,39.77719989828028],[-86.245877120006341,39.776870911862702],[-86.245693377332231,39.776824016324106],[-86.244998229085596,39.776612518004683],[-86.243980788055495,39.776302276592105],[-86.243759604299782,39.776233143679889],[-86.243474613025356,39.776177539511544],[-86.240850697594681,39.776066202457415],[-86.239942184264919,39.775648764474198],[-86.239910836283087,39.775822532864311],[-86.239492265786581,39.776231588343428],[-86.23919609280081,39.776135372303003],[-86.239048682021917,39.776168658872855],[-86.234275413830261,39.776221452289263],[-86.234269935690619,39.778492281282944],[-86.234262563373477,39.780220459462086],[-86.231848664415466,39.780263124373974],[-86.227101188373382,39.780348258884807],[-86.227022699570142,39.780349667358877],[-86.22658263533566,39.780338751332188],[-86.225429322573689,39.780359065651012],[-86.225419447046875,39.780359232987855],[-86.225428212595332,39.780368467752538],[-86.225229255267962,39.780730564312364],[-86.224829791635244,39.781457560404604],[-86.224630679922768,39.781758671837984],[-86.225115897633444,39.781948123476845],[-86.225211100754635,39.782027477840714],[-86.225236982536089,39.783632530059158],[-86.225239127177034,39.783659544518471],[-86.225240989598817,39.78368746101193],[-86.225244193032637,39.783714470374775],[-86.225248174933412,39.78374246673399],[-86.225252148826584,39.783769472387974],[-86.225257190692005,39.783797463644746],[-86.225263282174225,39.783824459105496],[-86.225270145283318,39.783851450851657],[-86.22527700839791,39.783878442597235],[-86.225285219375621,39.783905517921937],[-86.225302123179944,39.783959486114462],[-86.225401143494452,39.784248443412849],[-86.225427124745167,39.784329482725667],[-86.22545223913734,39.784410435237028],[-86.225474947215943,39.784491490296809],[-86.225490117776644,39.784545466801802],[-86.225511003965579,39.784627431301224],[-86.225531119302275,39.784709489575363],[-86.225544084198162,39.784764557503728],[-86.225561021299868,39.784846541008648],[-86.225572156236751,39.784901526777176],[-86.225587264131235,39.784983519085721],[-86.225605303398737,39.785094503533998],[-86.225617145337694,39.785177412241289],[-86.225631229341161,39.785287515056147],[-86.225636977974531,39.785343519301883],[-86.225645257147619,39.785426445162969],[-86.22564916965905,39.785481466606839],[-86.225654270077527,39.785564407776342],[-86.225659310330542,39.785675544884576],[-86.225660018440436,39.785703466921255],[-86.225671176291513,39.786820522834965],[-86.225672204287235,39.786828535695939],[-86.22567407493915,39.786845462085395],[-86.225677286657316,39.786861481339429],[-86.225681942458962,39.786877493637157],[-86.225686243858007,39.78688548982911],[-86.225694166221842,39.786900495647977],[-86.225703243147606,39.786915495003804],[-86.225708211301892,39.786922498140697],[-86.22572016954885,39.786936492872059],[-86.225733082900675,39.786949493158666],[-86.22574366921485,39.786957984164552],[-86.225749270829539,39.786962476767513],[-86.225743761429072,39.786969809588555],[-86.225735550465629,39.7869807392116],[-86.225658667304003,39.787083533477563],[-86.225659441439078,39.787083980086393],[-86.225665632630921,39.787087463798954],[-86.225666504390006,39.787088000005028],[-86.22565658563488,39.787088137849857],[-86.225657076252062,39.787148760848268],[-86.22565954831137,39.787454217495402],[-86.225707105974848,39.787627733181779],[-86.225712241531426,39.787646469509127],[-86.225712957556709,39.787773879191015],[-86.225629812744202,39.787775161458136],[-86.225522569916933,39.787771065597333],[-86.225544381734096,39.792238596549304],[-86.225586153347578,39.797693926641294],[-86.225603530415583,39.798514673724569],[-86.225667505821534,39.801533215659859],[-86.225678097901223,39.802127762012297],[-86.232741364207968,39.80211547301294],[-86.232749184123662,39.808521474446827],[-86.23439995815643,39.808520958669526],[-86.234936992678612,39.80852004558939],[-86.234991608982369,39.805750851930156],[-86.237660099041406,39.805726770408747],[-86.237653572117139,39.805260453363182],[-86.239851381303765,39.805236920861887],[-86.239856080425071,39.805568387341332],[-86.239858245212147,39.806036783789509],[-86.239862421777218,39.808803287569255],[-86.23987151889753,39.808803261544007],[-86.23986814296569,39.808621474943635],[-86.240024148250427,39.808719434005702],[-86.240841245311145,39.808708997931973],[-86.240686466515058,39.808946940288642],[-86.240689912551971,39.809346529602038],[-86.243971405929173,39.809303826440804],[-86.245036933819222,39.809290627594962],[-86.246745286042596,39.809269746979474],[-86.248283231522208,39.809256556816372],[-86.251696653772044,39.809208855942401],[-86.252177643272404,39.809202998274962],[-86.252700990258944,39.809201042560332],[-86.252882931098071,39.809215908674354],[-86.253026717094173,39.809237144123486],[-86.253168017471737,39.809266970851127],[-86.253271921012015,39.809294242127073],[-86.253595966150442,39.809387656695243],[-86.253855557547624,39.809462180724857],[-86.254126159948868,39.809536305268914],[-86.254301517553031,39.809574880227629],[-86.254443562999896,39.809600583755696],[-86.254695024306628,39.809634654713321],[-86.254876305732168,39.809650208250588],[-86.255058359585647,39.809658549516833],[-86.255277216090775,39.809658468975066],[-86.255837613144266,39.809637437589068],[-86.255839669621835,39.809637428047708],[-86.255681344484444,39.809359593947953],[-86.25567217553052,39.809154433385025],[-86.255839193960654,39.809140523915126],[-86.257860838345621,39.809119071024199],[-86.258203173198169,39.809115434896611],[-86.260571773058871,39.809191075361461],[-86.260608058974455,39.810884120211774]]]},"properties":{"OBJECTID":1,"JURISDCTN":"Speedway","DISTRICT":"Excluded","POLICEZONE":"Excluded","SHAPE.STArea()":131612373.77087533,"SHAPE.STLength()":76214.474074156809}},{"type":"Feature","id":2,"geometry":{"type":"Polygon","coordinates":[[[-85.953650315781672,39.841475110330904],[-85.953740348074462,39.857561003780418],[-85.954109129758379,39.869645666563315],[-85.938086554285917,39.869817752942119],[-85.938284824746944,39.913027512906901],[-85.94541423995588,39.912996867395009],[-85.949373547981679,39.912943016696559],[-85.951333523981972,39.912912828567514],[-85.95445291334336,39.912864293896085],[-85.957137583570955,39.912825000705759],[-85.957139042995777,39.910335428236493],[-85.95713756940188,39.907006169044124],[-85.957145515621065,39.905682952372331],[-85.957164674682886,39.902544087665447],[-85.95864182431211,39.902370518366126],[-85.959999121416445,39.902198604281494],[-85.96124975897952,39.90206572245193],[-85.962504794913698,39.901959581826496],[-85.962843217691031,39.901953913875069],[-85.967221037314488,39.901929267650033],[-85.972480001912984,39.901898018075443],[-85.973142782263935,39.90189283688543],[-85.974863241956314,39.90186563021954],[-85.975226282566837,39.901848192616306],[-85.975435312351905,39.901801654710304],[-85.975628949900951,39.901725644509213],[-85.975825883921928,39.901602614186757],[-85.975921626367736,39.901517257957636],[-85.976035984434773,39.901373171086355],[-85.976101835812585,39.901241911086032],[-85.976142803286891,39.901076059034907],[-85.976149763358634,39.898253265991265],[-85.982129586447087,39.898225143645654],[-85.985659480070154,39.89820793863386],[-85.989460175008929,39.898175118083991],[-85.990574485617657,39.898164804065793],[-85.991936946232471,39.898153784510143],[-85.992083380427914,39.898158865051926],[-85.992337132666535,39.898188693337644],[-85.99258332778318,39.898244964165421],[-85.992817332498007,39.898326319803203],[-85.993033517893068,39.898431059500261],[-85.993130587701017,39.898490152605611],[-85.993327994234107,39.898639211310062],[-85.993461670823123,39.898772321099194],[-85.993914784646222,39.89936092192842],[-85.994110449462454,39.899599890180625],[-85.994274599469492,39.899745953661053],[-85.99442558415285,39.899852246608155],[-85.994612141054219,39.899943684107114],[-85.9957681438745,39.898468285369518],[-85.995934555180639,39.898225889454288],[-85.996216110610632,39.897757716608758],[-85.996784036170382,39.896922582432452],[-85.997222466287695,39.896213410278094],[-85.997653423200859,39.895387927097161],[-85.998324665488781,39.894101932181236],[-85.998671243960231,39.89329041324013],[-85.998910184505178,39.892723868773956],[-86.000644316314109,39.889917729237986],[-86.00131142395017,39.888410393118022],[-86.001411794033572,39.887821595600983],[-86.001201542055,39.887042901972364],[-86.001123915396263,39.886640263820745],[-86.001306030016735,39.885892349531865],[-86.001559671438415,39.885690187268004],[-86.001855270496904,39.885620358612471],[-86.002330434082765,39.885698595987222],[-86.002660540948966,39.885660237319954],[-86.00317533857293,39.885383192621163],[-86.003496543266763,39.884936846165445],[-86.004044984723905,39.88451660487511],[-86.004388789250754,39.884457268180938],[-86.004725403180316,39.884339615336124],[-86.004861764259729,39.884079451508676],[-86.004556333181796,39.883539530894232],[-86.004009868078171,39.882963595105288],[-86.003238897882994,39.882519392158649],[-86.00294602427995,39.882118408810051],[-86.002915775604734,39.881556409952132],[-86.003140567742761,39.881094560410887],[-86.003346053459055,39.880898023352408],[-86.003579896596491,39.880876068784964],[-86.003972000401703,39.880848505392912],[-86.004239443006057,39.880662081158185],[-86.004231396894014,39.880428760958068],[-86.004002665018405,39.880084899204405],[-86.00373981290862,39.879810110946188],[-86.003704601741418,39.879645842622097],[-86.00376573477304,39.879475803846745],[-86.004153121634488,39.879316827461345],[-86.005379924832354,39.878786853383588],[-86.006180546482582,39.879006189002787],[-86.00909648144652,39.879315721200854],[-86.010389666629891,39.879544210211421],[-86.013042777630133,39.878499306725097],[-86.013449090332372,39.878090769977554],[-86.013759289697887,39.877380885436793],[-86.013602838825449,39.877036827959813],[-86.013183321585359,39.876822238273313],[-86.013080251515333,39.876541846284873],[-86.013237967745027,39.876286410891275],[-86.013538388014922,39.87618943065025],[-86.014079492081578,39.876095158705269],[-86.015740423015657,39.877041052138509],[-86.015908400432636,39.877065253546988],[-86.016151309676118,39.876979075673653],[-86.016270065683557,39.876903567092533],[-86.01627023854256,39.87996381172421],[-86.017433326423969,39.879663815314522],[-86.018353286745409,39.879442784639728],[-86.019970101994645,39.879022998097035],[-86.020255997136644,39.878915748330449],[-86.020947672242301,39.878586613067618],[-86.021236966099806,39.877345570511011],[-86.02148133706622,39.876258399139196],[-86.022838999649423,39.876244285619485],[-86.023684002244963,39.876235167788757],[-86.027180872390858,39.876221263943521],[-86.033040576234498,39.876205990101617],[-86.033041027232628,39.876290747657528],[-86.033986828149565,39.876287756246406],[-86.035435126672184,39.876326398844171],[-86.035484693917311,39.876215401677946],[-86.03554732250447,39.876100590059579],[-86.035648694122543,39.875953740960334],[-86.035768314093417,39.875815411643543],[-86.035857592647574,39.875728653650611],[-86.03595413181425,39.875646332569936],[-86.036084281460347,39.875550863619623],[-86.037864811418089,39.874494098890757],[-86.037915920469047,39.874453444062389],[-86.038059077352912,39.874324302173001],[-86.038205615120305,39.874161521998722],[-86.039070984732859,39.873054477591161],[-86.039148402025063,39.872927605207579],[-86.039197155980162,39.872822099476203],[-86.039233813277576,39.872713888247908],[-86.039258043862262,39.872603315748059],[-86.039267944842095,39.872519552579732],[-86.039268689337476,39.872379544277869],[-86.039255004937189,39.872268063200785],[-86.039220247156138,39.872130570106968],[-86.038727297443316,39.870945526737309],[-86.038550649828082,39.870509943526457],[-86.038530286509427,39.870398826893272],[-86.038532702117536,39.870258470031288],[-86.038565971403145,39.870120757676169],[-86.038715057183325,39.869792568306742],[-86.03875471221113,39.869713857912394],[-86.038789950558126,39.869612747674736],[-86.038858630221171,39.869474079489358],[-86.038988006357286,39.869257447452135],[-86.03933245443703,39.868990446374703],[-86.039911056519813,39.868674668363333],[-86.041146071140574,39.868048423096319],[-86.042173416390426,39.867527462231322],[-86.042517315462945,39.867395664295287],[-86.042815106849261,39.867330433674518],[-86.043087407101964,39.867304806295188],[-86.04720362682562,39.867563115614004],[-86.047192686258725,39.866216892650591],[-86.04717692952029,39.865330375969215],[-86.047175954493014,39.864859992943821],[-86.04715131858849,39.863220901795934],[-86.047111397949763,39.86163589769199],[-86.047091571632464,39.860867411799653],[-86.047104037054254,39.860302967174349],[-86.047083614559952,39.859426405553279],[-86.047059116415269,39.857811328724523],[-86.047017876277337,39.85598615595768],[-86.047006224554096,39.855057485521655],[-86.049348235070852,39.855042137277898],[-86.051921295464226,39.855054209712357],[-86.051921225823619,39.855012700811677],[-86.05192895811787,39.853833581306809],[-86.051928982783778,39.853781349617549],[-86.051013210659107,39.853784387412375],[-86.05100835931384,39.85291457853306],[-86.051007393805094,39.852862360022705],[-86.050959640670712,39.851342394420357],[-86.050958640174699,39.851290176011297],[-86.050939600438909,39.848531685610823],[-86.05093833482654,39.84847947796181],[-86.050906441621194,39.847712320767755],[-86.050905211107946,39.847660112994696],[-86.051377830573898,39.847658546626235],[-86.052854732427008,39.847653639427399],[-86.053977218231097,39.847661221371133],[-86.055660496176856,39.847655592847666],[-86.055641599277564,39.846774155038482],[-86.055640597640391,39.846721932134336],[-86.05561934700313,39.845465094551763],[-86.055618512479597,39.845412868373288],[-86.055595632536665,39.843894208310424],[-86.055595238536227,39.843841978839379],[-86.055595106290752,39.84190768334286],[-86.055594844339652,39.841855453411256],[-86.055580248752591,39.840385374764949],[-86.05506193617326,39.840383113087128],[-86.053379485204587,39.840387258216701],[-86.052322430224095,39.840389850163966],[-86.051288573822049,39.840388821336518],[-86.050214057580334,39.840391007029822],[-86.049032200333841,39.840392162180549],[-86.046071669592223,39.840397077822331],[-86.046033247343587,39.837894224569943],[-86.046015000986003,39.83672172026165],[-86.045993823633054,39.835329949457069],[-86.045979266778261,39.834413083896287],[-86.045967247394358,39.833168838866506],[-86.045928776625729,39.831373570103032],[-86.045914838802631,39.830275515311108],[-86.045910135373006,39.829976984616181],[-86.045897621112729,39.829370325856843],[-86.045873577821041,39.827466420852723],[-86.04538023887639,39.82767533121897],[-86.044631299748289,39.828039461354599],[-86.043391457430317,39.828630633688263],[-86.042110064690974,39.829247664843969],[-86.040296895927185,39.830122390267888],[-86.038611659218702,39.830937997478813],[-86.03745038645377,39.831519589941159],[-86.037156482757169,39.831668772405671],[-86.036554991773855,39.831957570343377],[-86.035794239874903,39.832324527082918],[-86.035278553833308,39.832583893278994],[-86.034560584914416,39.832943741969487],[-86.034256184750618,39.833067213628027],[-86.033282298647393,39.833484141686654],[-86.031760806006289,39.834194468034468],[-86.031674953237356,39.834109979475635],[-86.032964856761453,39.833447397174574],[-86.033366350386515,39.833229939490685],[-86.033417286384918,39.833203699506683],[-86.033417776987179,39.833144159885663],[-86.033365724501408,39.833112238854383],[-86.033219811698743,39.833074952755403],[-86.032913989442036,39.833057044984329],[-86.032721395344979,39.833050789681359],[-86.03136427957979,39.833038593046602],[-86.030426593161351,39.833043594868407],[-86.030363779147407,39.833043791796655],[-86.030141964783397,39.833067136154014],[-86.029869790476766,39.833067988534644],[-86.028289622036183,39.833076356168718],[-86.027947754178783,39.833070557223067],[-86.027809503357645,39.833061379276543],[-86.02767548036158,39.833052188009745],[-86.026800893675599,39.833048043901393],[-86.026486174251701,39.83304147096117],[-86.026368998130721,39.833051442691044],[-86.026264051855136,39.833059317458741],[-86.025933846225868,39.83312382438649],[-86.025618171458049,39.833211619149957],[-86.025374392838486,39.833259386449605],[-86.025191446583165,39.833278824642861],[-86.025017690469454,39.833289657054323],[-86.023568833332305,39.833300642240623],[-86.02330028655328,39.833303527889917],[-86.02333523380004,39.835639284510705],[-86.019613405992914,39.837423754929659],[-86.019620998083951,39.837993714174992],[-86.018939915899537,39.837998529498826],[-86.016173351112485,39.838016848590151],[-86.016111224611151,39.8333556008374],[-86.015809728588906,39.833356508547212],[-86.01374115219015,39.833362715251674],[-86.012928927591346,39.833390878956969],[-86.011999437503945,39.833422817646216],[-86.011346300973855,39.833443977559426],[-86.011095044105573,39.833444723750247],[-86.010332962439648,39.833453502748881],[-86.010087769563668,39.833466147402582],[-86.01009588998167,39.833948424782314],[-86.010106002119926,39.834585454352478],[-86.010122657849109,39.835601720681431],[-86.010125367816471,39.835674340208143],[-86.010138472334603,39.836004074625905],[-86.009812453663898,39.836005169960522],[-86.008441099719676,39.836010327594998],[-86.005498549108168,39.836056042200376],[-86.005500087049555,39.836238489691681],[-86.005502571439507,39.836646103488619],[-86.00550508776756,39.837040474574017],[-86.005357021805906,39.837071289315311],[-86.005357590388911,39.837187040297884],[-86.005367079426932,39.837682928312269],[-86.005417275017223,39.83821415600498],[-86.005377240295815,39.838215178971815],[-86.005377562884348,39.838232090857062],[-86.003354958605811,39.838250499478782],[-86.002761127955665,39.838255554716135],[-86.002630068376476,39.838257465465219],[-86.002386065036248,39.838260514460345],[-86.002304055833832,39.838261562352308],[-86.002154108129687,39.838263527206735],[-86.002067091242523,39.838265490084659],[-86.001919071677918,39.838267540028909],[-86.001789068495484,39.838268546102753],[-86.001721128814964,39.838269462872994],[-86.001568097165489,39.838271525943767],[-86.001508061546645,39.838272509839456],[-86.001476762154638,39.838261709239745],[-86.001184166854088,39.838264528455532],[-86.00109677551697,39.838234582659808],[-86.000948747235114,39.83818422305874],[-86.000743818647464,39.838115151738549],[-86.000678055105226,39.838093035937945],[-86.000576092695638,39.838064504323341],[-86.000499958563083,39.838059146460495],[-86.000456072272812,39.838059524923651],[-86.000405091087899,39.838059491457415],[-86.000231049723084,39.838061523133305],[-86.00007502109429,39.83806152130407],[-86.000010070561331,39.838062519449629],[-85.999994242093337,39.838062518993951],[-85.999773093678343,39.838185186299114],[-85.999685076869753,39.838237490650783],[-85.999583186054281,39.838292462911589],[-85.999483053204287,39.838352474706255],[-85.99923510282359,39.83849650616235],[-85.999064035244402,39.838595546203855],[-85.9988680764707,39.83870952016661],[-85.998698072272873,39.838809547360917],[-85.998609088520098,39.83886349108252],[-85.998304072034784,39.838865534276074],[-85.998041075847567,39.838867546718824],[-85.9979220524243,39.838867526358655],[-85.997707050174199,39.838869491965042],[-85.997493102819533,39.838870462524419],[-85.997143079689806,39.838872540930716],[-85.996845098302998,39.838874470180869],[-85.996461055463257,39.838876553277942],[-85.995990086531961,39.838879512359625],[-85.995989570623081,39.838811862511335],[-85.99598511295892,39.838201480369825],[-85.991432056263321,39.838268543903055],[-85.991273086983384,39.838319525547575],[-85.991249912150806,39.837168019034657],[-85.991182624748035,39.837179736782076],[-85.991168383474189,39.837428564965464],[-85.991184407791707,39.837558576393185],[-85.99118502153253,39.837688974980317],[-85.991185467301619,39.837783684877067],[-85.991201380738786,39.837902028389365],[-85.991246647707456,39.840993052946764],[-85.953650315781672,39.841475110330904]]]},"properties":{"OBJECTID":2,"JURISDCTN":"Lawrence","DISTRICT":"Excluded","POLICEZONE":"Excluded","SHAPE.STArea()":565153686.16030455,"SHAPE.STLength()":132999.10638850118}},{"type":"Feature","id":3,"geometry":{"type":"Polygon","coordinates":[[[-86.076101381622081,39.926952100417786],[-86.099320860840621,39.926885629363319],[-86.106688925447415,39.926910746428291],[-86.126822563858056,39.926877888436628],[-86.126822844726746,39.927019608291445],[-86.132054440898642,39.92707044659371],[-86.137072360718065,39.927076963257292],[-86.145876491388165,39.927174610435813],[-86.146133603412366,39.927177451870172],[-86.157934807084715,39.926997997027435],[-86.165082285034387,39.926910187452499],[-86.170137075443392,39.926894183388953],[-86.173601810705009,39.926900704722208],[-86.174460797329829,39.92688596522823],[-86.175544250341176,39.926870921651577],[-86.17717870197967,39.92685550127127],[-86.183975240537663,39.926807356456358],[-86.188179319946684,39.926777376300137],[-86.195322772839518,39.92671071171501],[-86.203095656230715,39.926630402248954],[-86.229619770370036,39.926156703577597],[-86.228388363016762,39.92362131365789],[-86.228019479840967,39.922867827605103],[-86.227749319422088,39.922305340841035],[-86.226943064752376,39.920627121003989],[-86.226296782799182,39.919277203459437],[-86.224418708260217,39.915332138566527],[-86.223537422492953,39.913496061460847],[-86.222651351866745,39.911654509522108],[-86.22179626969303,39.909871823614395],[-86.221647051949788,39.909402422126597],[-86.219743079713695,39.905452251289226],[-86.217583063247659,39.900942895814673],[-86.215763688977972,39.897143579702885],[-86.215041170350474,39.895668017577563],[-86.213290262794615,39.89202618448126],[-86.212634055443601,39.890655297602564],[-86.212238821665196,39.889834623630669],[-86.2112420249141,39.88775672203294],[-86.209795050049607,39.884774871621325],[-86.208466466101967,39.882040282431497],[-86.207016479979728,39.879013770308688],[-86.206048472145326,39.876996370257331],[-86.204571623086025,39.873913189681346],[-86.203981832298012,39.87268160843],[-86.203427962232311,39.871522983380068],[-86.202875397295685,39.870369980329798],[-86.202306261892559,39.869207845224338],[-86.201747731492176,39.868066558932512],[-86.201273845074098,39.86709257057484],[-86.20026867122769,39.865020011412291],[-86.198160245891856,39.860674048555801],[-86.196557351847503,39.857394315498027],[-86.195639893863998,39.855471190358408],[-86.194815991955636,39.853738216729276],[-86.192949431449762,39.849925393637797],[-86.191580126558435,39.847103832603509],[-86.190311741737943,39.844507252513239],[-86.189143907718432,39.842081016068498],[-86.187697117926618,39.839097265036862],[-86.186192725741421,39.835940725545925],[-86.185070700121301,39.833583543517541],[-86.184269362601285,39.831974144905992],[-86.182413461500673,39.832588702962937],[-86.180664077683005,39.833256252929424],[-86.179279344655342,39.834054122056202],[-86.17812955424013,39.834801456310679],[-86.177769880065583,39.835347363584717],[-86.177686867982146,39.835694116735297],[-86.177758265651889,39.836666986000267],[-86.177786752809311,39.837623549263938],[-86.177983593706571,39.838199993484849],[-86.178250810100636,39.839274932605186],[-86.178300018887342,39.839274543568784],[-86.178353799640917,39.839437904719475],[-86.178355206652114,39.839532085029902],[-86.178360893922601,39.83991268607484],[-86.178494550706048,39.840737913071663],[-86.179024370533256,39.8429293580148],[-86.179396943363756,39.844809297206389],[-86.179463646433518,39.844808757392784],[-86.179455671981927,39.845105621195628],[-86.17952812982594,39.845300899786267],[-86.179571430296079,39.84566822577397],[-86.179615950639047,39.846192026502074],[-86.179639579897781,39.846645227959549],[-86.179815819176895,39.847392867976616],[-86.179931469827196,39.84807454694959],[-86.179573241942521,39.84935163543404],[-86.17856295052249,39.850383501385124],[-86.17731357192784,39.851071196348187],[-86.176391681081512,39.851198540420363],[-86.175159907584302,39.851333514481247],[-86.174001358738494,39.851266604918543],[-86.172022890581431,39.851462394841512],[-86.167845136506187,39.852315517942387],[-86.165290099514024,39.852859199187769],[-86.164849925205786,39.852934795562533],[-86.16427008454157,39.853034374378112],[-86.164201386302651,39.853098616391044],[-86.163427627582024,39.85382216418008],[-86.163002597044311,39.855027424598902],[-86.162763855092535,39.856452191483413],[-86.162745199165002,39.856899057601836],[-86.162718331716704,39.857720340512969],[-86.162655619398834,39.858116607253116],[-86.162604966606281,39.858672732925641],[-86.16269519185191,39.85905976771226],[-86.162765486719437,39.859716606445261],[-86.162723554686124,39.859961112093792],[-86.162681871311705,39.860247823653417],[-86.162617791731066,39.860454332089887],[-86.162586833205324,39.860715604368714],[-86.162370931886485,39.861087133119263],[-86.162232048784631,39.861534169375801],[-86.162125582879526,39.861930623401044],[-86.162126612021581,39.862073714039099],[-86.162100908610796,39.862214502369724],[-86.162063474919705,39.862419539322602],[-86.161990391440227,39.862891687517916],[-86.161851469117579,39.863334263264626],[-86.16170221995219,39.863865757831093],[-86.161585019887085,39.864287650378074],[-86.16150054088844,39.86470048120578],[-86.161372433381885,39.865130655694749],[-86.161137456208294,39.865902723221147],[-86.16107351716434,39.866130164177669],[-86.160976733702867,39.866349851637061],[-86.160838010994468,39.866821934463218],[-86.160741533908862,39.867092063929384],[-86.160546999776855,39.867404476458645],[-86.160341614733056,39.867725511861103],[-86.160103506326493,39.868063501506441],[-86.159886126885766,39.868241493111164],[-86.159723526670703,39.868435722815818],[-86.15945301418266,39.868820174513836],[-86.159355745859457,39.868980840250302],[-86.159095265480474,39.869243085948611],[-86.158867570824469,39.869505192834268],[-86.158661211093232,39.869699605801365],[-86.158356492511373,39.86989477944158],[-86.158248369073164,39.870063725917205],[-86.158052554408258,39.870199415716343],[-86.157790801764875,39.870284595934628],[-86.157463961374901,39.870446231881616],[-86.156908570091915,39.870751585711851],[-86.156141611227383,39.87115528355551],[-86.15589523791904,39.87122769882815],[-86.15567759755676,39.871371711434278],[-86.155296315914114,39.871558620946644],[-86.154860730554731,39.871804780103474],[-86.15465471024612,39.872041736347754],[-86.154100010086822,39.872448303024868],[-86.153990978585554,39.872490968991848],[-86.153937267109455,39.872626053781559],[-86.153824307704085,39.872735308676091],[-86.150310410239285,39.877499250084014],[-86.148308582725335,39.878790284220592],[-86.147561942226503,39.879078199097044],[-86.146710410281756,39.879270803748035],[-86.145668151103763,39.879322468833834],[-86.143769486386091,39.87912268630712],[-86.142404015671758,39.879109379441864],[-86.142362660833854,39.879624265527156],[-86.142296584550706,39.88025973194528],[-86.14212113598964,39.881384259061853],[-86.142064239896229,39.882329141781227],[-86.141863407594172,39.882840292057956],[-86.141723745700972,39.88302545142524],[-86.141664561154329,39.883218472581433],[-86.139807252890776,39.883233739734173],[-86.139119213448694,39.883223887515449],[-86.138943067201708,39.883223399833156],[-86.138709202785492,39.883224569857909],[-86.138682755685792,39.88322968427908],[-86.138656045348455,39.88324073873585],[-86.138638867027254,39.883252370450684],[-86.138626330071304,39.883264697501588],[-86.138610177041087,39.883280252830289],[-86.138590187956098,39.883292529141187],[-86.138559182213896,39.883303052549806],[-86.138528871942285,39.883306223712395],[-86.13847487143542,39.883306692881717],[-86.136959534550741,39.883319857205983],[-86.135611504290367,39.883322731521737],[-86.134583390718603,39.883319104004698],[-86.13418264529443,39.883304077642791],[-86.134261271218648,39.883972531646158],[-86.137435558453788,39.888800883841746],[-86.137437405289631,39.888870039076771],[-86.137525687318103,39.890764752362877],[-86.137527534322757,39.890833908472857],[-86.13683375469644,39.892119767765791],[-86.135723321671477,39.893366818448968],[-86.13432376529164,39.894194319413998],[-86.132502382100583,39.894221551680175],[-86.127421602354218,39.893259748514595],[-86.126702841343473,39.893037747214684],[-86.122026022877961,39.891593093012787],[-86.120099446855178,39.891745108501013],[-86.118346334430683,39.892484580266043],[-86.117556335199851,39.892817423558363],[-86.117010421827402,39.893621490302898],[-86.116394752249107,39.894525627220744],[-86.116375203980851,39.894956936153704],[-86.116372067031406,39.895026032655437],[-86.116352374191209,39.895459055166526],[-86.116351028877617,39.895528199655018],[-86.116863662329934,39.89727731509663],[-86.117084687170333,39.898031045106677],[-86.117096348558448,39.898070808129198],[-86.114512126034626,39.904856002731329],[-86.113735911401022,39.905560400225582],[-86.112508673596508,39.905924747668642],[-86.111683727725321,39.906169837185985],[-86.10918559303974,39.906509851726817],[-86.108199175814249,39.906644010118811],[-86.106303465775596,39.907312808397883],[-86.105580622997522,39.908237593344047],[-86.104921412790574,39.910183009071908],[-86.103500016835284,39.912594891325675],[-86.101814518746309,39.913603572791914],[-86.100178595632698,39.914231147619361],[-86.098201734228184,39.914458823302162],[-86.09671643055276,39.914203889625185],[-86.095566147815532,39.913406206714924],[-86.095140554456734,39.911944583559396],[-86.09579584282271,39.910314593200646],[-86.096011997737122,39.909776762211024],[-86.095460058430206,39.908916808245991],[-86.094414725253685,39.908239169255872],[-86.093372770005701,39.908102659041795],[-86.092540059723177,39.908125623823892],[-86.091814365858866,39.908629629988511],[-86.091068148971559,39.910015264362251],[-86.090768896330573,39.912141151022396],[-86.090132100372642,39.914842706021695],[-86.090068896746217,39.914930753765489],[-86.090006200720666,39.915020914367823],[-86.089360636366692,39.915934681228926],[-86.087726997236118,39.916962871509547],[-86.085829091410687,39.917350645156901],[-86.084216873147128,39.917636816136948],[-86.08179673874308,39.917765952454438],[-86.079560302118963,39.918134588183321],[-86.076287678639545,39.919368841835094],[-86.074809249533672,39.920276199644377],[-86.073957084241869,39.921441790119729],[-86.073704122354897,39.922685571347508],[-86.074872185035446,39.924664188770677],[-86.076101381622081,39.926952100417786]],[[-86.190243120398435,39.885259457452626],[-86.189991132640074,39.885260504689455],[-86.189812156506591,39.885262482994143],[-86.189669153164942,39.88526447894251],[-86.189489131222388,39.885268533886226],[-86.189346142900462,39.88527251082332],[-86.189166135953286,39.885278546652856],[-86.189023155112764,39.885283514786067],[-86.188844120110616,39.885290536465703],[-86.188700285617784,39.885297489499109],[-86.188664996034504,39.885298458931167],[-86.188672201960827,39.884277540403858],[-86.188675014735438,39.883885495943737],[-86.188677199173128,39.883321490078387],[-86.188679139865897,39.882992506599095],[-86.188683006549411,39.881429495263703],[-86.188687239008203,39.880868543094266],[-86.18869021141073,39.880319486181385],[-86.188696278314154,39.879364511187177],[-86.188695167119604,39.879154447544892],[-86.188695215234759,39.87912255848282],[-86.188696321083086,39.879090485428023],[-86.188697035501733,39.879057512571983],[-86.188699203453581,39.87902552390193],[-86.188699153176742,39.878993455149569],[-86.188699200607829,39.878961476023477],[-86.188703154867682,39.877117501552974],[-86.188707065048618,39.875954539407651],[-86.188708123694866,39.875038501179354],[-86.18870926833435,39.873383527854145],[-86.188709245448536,39.871930520454164],[-86.188725083838463,39.871857573797101],[-86.192953970659573,39.871817473641428],[-86.192993977758476,39.87181648150905],[-86.19303215209699,39.871815497680096],[-86.193074265512593,39.871812514502281],[-86.193117045082545,39.871808446589164],[-86.193166084661684,39.871803539647843],[-86.193214242276142,39.871796565164239],[-86.19326393332372,39.871788502002261],[-86.193314003199362,39.871779537336337],[-86.193424213737686,39.871754534329064],[-86.193531129729507,39.871727475557556],[-86.193636252164424,39.871705558616455],[-86.193738046045922,39.871689511917225],[-86.19383022790737,39.871677562700469],[-86.193918078344339,39.871666443696888],[-86.194007013043418,39.87165847291913],[-86.19409807745177,39.871651572283994],[-86.194181272329487,39.871649482684546],[-86.195760163195118,39.871638507476902],[-86.198256121213788,39.871604484812416],[-86.202974983092204,39.871538531954016],[-86.203186037973524,39.871463149414048],[-86.203427145541696,39.871532477445292],[-86.203981146685237,39.872690515558439],[-86.204570168219774,39.873922524590824],[-86.205260266587175,39.875364490863298],[-86.206046163909278,39.877005536221567],[-86.206054026627584,39.87702450722837],[-86.206187233827009,39.87730043594906],[-86.206292049066505,39.877521547213696],[-86.206434189827633,39.877817522422539],[-86.206462328022923,39.877876483898135],[-86.206591152751372,39.87814648723505],[-86.207026056607219,39.879044460773486],[-86.207635158144257,39.880314463408311],[-86.207762218394691,39.880579519004108],[-86.208871038270885,39.882898425908266],[-86.209795116971478,39.884784538099908],[-86.207369114188694,39.885386533319839],[-86.205082124250083,39.885962519476891],[-86.204980100786642,39.885988486265639],[-86.204878158779209,39.886012470232458],[-86.204776119665325,39.886036454560276],[-86.204673108939375,39.886059542644809],[-86.204580096105744,39.886078531294352],[-86.204477164929045,39.886099547316341],[-86.204384151978616,39.88611853490869],[-86.204280055999234,39.886138474462811],[-86.204182109092883,39.886155503310789],[-86.204040143583569,39.886179492797112],[-86.203904141246028,39.88620147213291],[-86.203767158848621,39.886221473493798],[-86.203620154444707,39.8862425127206],[-86.203483245734063,39.886259541224867],[-86.203345169946687,39.886275493274617],[-86.203208140895555,39.886289549830806],[-86.203062047079811,39.886303557183091],[-86.203020751348802,39.896200733740514],[-86.202861335112388,39.89664935249953],[-86.202862768562213,39.89721694302068],[-86.202991191490014,39.897333454663787],[-86.198104089624778,39.897388471269949],[-86.197494154284968,39.897395498717017],[-86.19695722994679,39.897401558664058],[-86.19525733481953,39.897420489204933],[-86.193496188703037,39.89743949296431],[-86.193490162042039,39.895745463827652],[-86.193486115874236,39.894574523864932],[-86.193482172498335,39.893681481793877],[-86.193479128647596,39.892578457434425],[-86.193478145249401,39.892462528045705],[-86.19347411132911,39.891847475710065],[-86.193473086065509,39.89120952837029],[-86.193469104459112,39.88942946154603],[-86.193466100307859,39.888205457659957],[-86.193464099378588,39.887679485399026],[-86.193458137601993,39.885451543958155],[-86.193019080431228,39.885392552722003],[-86.192879081735484,39.885371478465373],[-86.19277414586216,39.885357541247217],[-86.19263311035904,39.885339534544926],[-86.192492097632766,39.88532449974943],[-86.192386124256672,39.88531353996602],[-86.192279103830799,39.885304476219275],[-86.192173144482553,39.885295498532699],[-86.192102126695659,39.885290505495021],[-86.192031110087697,39.885285512408515],[-86.191924113123093,39.885279511376311],[-86.191818184090423,39.885274496136986],[-86.191711106408874,39.885270476728216],[-86.19042114825929,39.885259464219871],[-86.190243120398435,39.885259457452626]]]},"properties":{"OBJECTID":3,"JURISDCTN":"IMPD","DISTRICT":"North","POLICEZONE":"ND70","SHAPE.STArea()":627461833.06604183,"SHAPE.STLength()":170676.18897615033}},{"type":"Feature","id":4,"geometry":{"type":"MultiPolygon","coordinates":[[[[-86.167025860107643,39.810127486911419],[-86.167036665026444,39.810127486252313],[-86.166518182318939,39.80927457200125],[-86.166273656434683,39.808538213904427],[-86.166209916156475,39.808329497810988],[-86.166201873544608,39.808216569037612],[-86.166156949168013,39.806507995891188],[-86.166011315599889,39.805338456124723],[-86.166011094250607,39.805334493210225],[-86.165968137259071,39.804296481659229],[-86.165939088880975,39.803596488130232],[-86.16590208334911,39.802861487099165],[-86.16585412847607,39.802117524517321],[-86.165788556809986,39.800535513711047],[-86.165764167698512,39.799946480814896],[-86.165762149095087,39.799880459210399],[-86.165757138133799,39.799773462555905],[-86.16575116273053,39.799666470947827],[-86.165743127212238,39.799567505106516],[-86.165734135584472,39.799469534117549],[-86.165723113837856,39.799370491046986],[-86.165711135999189,39.799272443728661],[-86.165697135344971,39.799174494273267],[-86.165681104595464,39.799075472734351],[-86.165664118932739,39.798977446040404],[-86.16564608093735,39.798880505578154],[-86.165626108605295,39.798782491717809],[-86.165602136676668,39.798677468881785],[-86.165579083130751,39.798579468257714],[-86.165551162476788,39.798474462384341],[-86.165529202521796,39.798394473252259],[-86.165445160037891,39.798080447507594],[-86.166308219666021,39.79779540782075],[-86.165459140104318,39.797682494272863],[-86.165310346133538,39.797177772881724],[-86.165221068026369,39.796858544583543],[-86.167135086764858,39.796637350821868],[-86.168289069364022,39.796680922731468],[-86.168649028998161,39.797148604544169],[-86.169299931584064,39.797293972433685],[-86.169720546126896,39.797386645953168],[-86.170204749188329,39.79762731750229],[-86.17176165374255,39.798251576884667],[-86.172204231565814,39.798540885628057],[-86.172922070747845,39.79916878164552],[-86.173534796947465,39.799764793581431],[-86.174103516924845,39.80008597360824],[-86.174859594449231,39.800212022486555],[-86.17546793456107,39.800209356702268],[-86.175969832568214,39.799996813178652],[-86.176470534022812,39.799622485430092],[-86.176510519184546,39.799363413485011],[-86.176471127806721,39.79892029149601],[-86.176652620081114,39.798715547881294],[-86.177137095104214,39.798258683105821],[-86.177339899055525,39.79796664489578],[-86.178264940270864,39.797084268933155],[-86.178449433777288,39.796843927158925],[-86.178383288975866,39.796301292741965],[-86.17829641608985,39.795742805870574],[-86.17832237416809,39.795515414099974],[-86.178354751444274,39.79523160272263],[-86.178288016581448,39.794609158239098],[-86.178036087617073,39.794131211057362],[-86.177784870896332,39.793749017280625],[-86.177964392517524,39.792838126046298],[-86.177943113336099,39.789963873505229],[-86.177491253453098,39.788728042276759],[-86.177909276869457,39.7887234084697],[-86.179009041739988,39.788719459025479],[-86.180110267575131,39.788717475083473],[-86.181388957678038,39.788699469571092],[-86.182680990323959,39.788688506886096],[-86.184585108250701,39.788674529532216],[-86.185044064949636,39.788670497943478],[-86.185161134001859,39.788678533175926],[-86.18519707133882,39.788680534229066],[-86.185269166081028,39.788688500095319],[-86.185341076811468,39.788697456582405],[-86.185412135713278,39.788708489288631],[-86.185483112629981,39.788721504706189],[-86.185552083610304,39.788736510537085],[-86.18562212838151,39.78875349301272],[-86.185690164892179,39.788772465915542],[-86.185724139360573,39.788782493403836],[-86.185791043668246,39.788804444443556],[-86.185857185627285,39.788827479666672],[-86.185889159310364,39.788840489189923],[-86.185953109033804,39.788866506397952],[-86.185985179651013,39.78887951546087],[-86.186047128615058,39.788908514702307],[-86.186111180971523,39.788935432940214],[-86.186143155912546,39.788948441486745],[-86.186175604409584,39.788960458061354],[-86.18620814980936,39.788972473292326],[-86.18627419516811,39.788995508708943],[-86.186307118406063,39.789006531476474],[-86.186375067081173,39.789026496013783],[-86.186443105231078,39.789045468465972],[-86.186512090484115,39.789062455147956],[-86.186546146028846,39.789070500543879],[-86.186616176461044,39.789085500994055],[-86.18668609558874,39.789098429444806],[-86.186722158271053,39.789104483406625],[-86.186793114611888,39.789114524980967],[-86.186864158563793,39.789123485307798],[-86.186936150749176,39.789130458951789],[-86.186972095348068,39.789133541133978],[-86.187044169523816,39.789138532855766],[-86.187116124407837,39.789140551935894],[-86.187189130029537,39.789141485447054],[-86.187261071152264,39.789141523011509],[-86.187423077159451,39.789144489811306],[-86.191006154923784,39.789202493129665],[-86.195253095254074,39.789276551880782],[-86.195327064917976,39.789277566848675],[-86.195439148525338,39.789275524145857],[-86.195514155472139,39.789273561137023],[-86.195589152969944,39.789270517311706],[-86.195663085153384,39.789266486649915],[-86.195775129613367,39.78925949008373],[-86.195849046591363,39.789253477885893],[-86.195885327178857,39.789250069106295],[-86.195923147419478,39.789246473158357],[-86.196030147118734,39.789234454667735],[-86.196101158245966,39.789226474077665],[-86.196169653213389,39.789216792740021],[-86.196172154635633,39.789216421056196],[-86.196278072096433,39.789201525112304],[-86.196349148961872,39.789189489227738],[-86.196419070032348,39.78917745947647],[-86.196524178160303,39.789157522316998],[-86.196593114376498,39.789142523826513],[-86.196662146300156,39.789127525758659],[-86.196766067383777,39.789103538958663],[-86.196834120176078,39.789086472805927],[-86.196886313212232,39.789073442951405],[-86.196902166019981,39.789068505969205],[-86.197533750005974,39.78888469432038],[-86.197527158659824,39.788878199976295],[-86.198120280645838,39.788705550219383],[-86.19786741986853,39.788540381015679],[-86.197661154650731,39.788393471824996],[-86.197543125946183,39.788298524852848],[-86.197333152495631,39.788131482109911],[-86.197143087779153,39.787998488101927],[-86.19703712638821,39.787919520179862],[-86.196886124928128,39.787819498394292],[-86.196753330701313,39.787757677382672],[-86.196611161107739,39.787691485718398],[-86.196498133943095,39.7876455197136],[-86.196375130161925,39.787579510456489],[-86.196193110323719,39.787490529321737],[-86.195740491692973,39.787226850100794],[-86.195596140084078,39.787139497636829],[-86.19553414809063,39.787130502300144],[-86.195406113100987,39.787111447371544],[-86.195311161831185,39.787086477271387],[-86.195223146787214,39.787049493806016],[-86.195134563403045,39.787013593673109],[-86.195117078768462,39.787006466982561],[-86.195034129964483,39.786964505682846],[-86.194960062353758,39.786912505486718],[-86.194929244493451,39.786887242200194],[-86.194916160827802,39.786876401772325],[-86.194797082400726,39.78688243877135],[-86.194716288118926,39.786878379604637],[-86.194698430903074,39.786877482722502],[-86.194697178748285,39.786877398352196],[-86.194600169303257,39.78686045395245],[-86.194509136560285,39.7868315014911],[-86.194434111486942,39.786805538459689],[-86.194298123996361,39.78676652075535],[-86.194255745818907,39.786753110509061],[-86.194206127693363,39.786737481467938],[-86.194121164691367,39.786696430245037],[-86.194066878907478,39.78666226572431],[-86.194029139246041,39.786638474735398],[-86.193976097380428,39.786628537215933],[-86.193882093406771,39.786601489181386],[-86.193846363045097,39.786588408854264],[-86.193808120573536,39.786574440151277],[-86.193682863883069,39.786528075699316],[-86.193630133860452,39.786508497566636],[-86.193560048702011,39.786486024173762],[-86.193478474322603,39.786459820954263],[-86.193387148445211,39.786430417700551],[-86.193265120588009,39.786390524812013],[-86.193228122720953,39.786375468557011],[-86.193163873879968,39.786360806128314],[-86.193101168791529,39.786346497832348],[-86.193056163838065,39.786329496356096],[-86.193017085651334,39.786319494158093],[-86.192977805933012,39.786308321981537],[-86.192925208851108,39.786293426441524],[-86.192850083590045,39.786279443633269],[-86.192746103112825,39.786257394529905],[-86.192637143538718,39.786226450302394],[-86.192601259391367,39.786218414975892],[-86.19254415036599,39.786205522099237],[-86.192460120407347,39.786185453888294],[-86.192333606089903,39.786150805167495],[-86.192212206050385,39.786117484162638],[-86.192158111065893,39.786095478812406],[-86.192065177335238,39.786082476808751],[-86.192035116697511,39.786080451275382],[-86.191941148638591,39.78607051705545],[-86.191845073262584,39.786049512173761],[-86.191780103486849,39.786028546603326],[-86.19166906638668,39.786015537028781],[-86.191656146211855,39.786013523021055],[-86.191584156834281,39.786006552283375],[-86.191538924555346,39.785997658233889],[-86.191487134087055,39.785987442810473],[-86.191377125825355,39.785970464426192],[-86.191266064009824,39.785941419833328],[-86.191196154780485,39.785929484829886],[-86.191071144915313,39.785902484580234],[-86.191028134156952,39.785894480969247],[-86.190886152921038,39.785864494901446],[-86.190798058480652,39.78585453322237],[-86.19071891759296,39.785844170774446],[-86.190668115944064,39.785837464058758],[-86.190565198972308,39.785828469806113],[-86.190502128576483,39.785816503510539],[-86.190301171223368,39.78576849558258],[-86.190180110116785,39.785741476553717],[-86.190057070343201,39.78570752931099],[-86.190005924549297,39.78569343740832],[-86.189961397580745,39.785681123295689],[-86.189908166700931,39.785666403072767],[-86.189827101339802,39.785643437418749],[-86.189478083614361,39.785525470670429],[-86.189193736653777,39.785507955086764],[-86.189185099481875,39.785507422946814],[-86.189087206952223,39.785500476315171],[-86.18900911327853,39.785488486767079],[-86.188904092021716,39.78546851045401],[-86.188813161502154,39.78546549703993],[-86.188765159317569,39.785459497435504],[-86.188564132705991,39.785427521550275],[-86.18850572666571,39.785408416044014],[-86.188472036176208,39.785397487408218],[-86.188353978917164,39.785360093380234],[-86.188314111743637,39.785347481178697],[-86.188231142481541,39.785314523652033],[-86.188155344782629,39.78528774940969],[-86.187979128136206,39.785225482945876],[-86.187813146708095,39.785179476102272],[-86.187720095217728,39.78515043729432],[-86.187663127582255,39.785130514294849],[-86.187638871096922,39.785119092724742],[-86.187597120741046,39.78509946164975],[-86.187588605943034,39.785094094909404],[-86.187419115152693,39.78497846923014],[-86.187285105749467,39.784881511880045],[-86.187232076672203,39.784834546191448],[-86.187127051790625,39.784724486189745],[-86.187096538685637,39.784675167765322],[-86.18709117763288,39.784666453440117],[-86.187028159143892,39.784597463167792],[-86.187019104462109,39.784584262016622],[-86.186994078590033,39.784547530237205],[-86.1869261575564,39.784415503700139],[-86.186920335517897,39.78439688218625],[-86.186908096651052,39.784357391032273],[-86.186893206461917,39.784285481989905],[-86.186891200770717,39.78423648605191],[-86.186897146144304,39.784156466682361],[-86.186908975169629,39.784115966957515],[-86.186919115409481,39.784081419269548],[-86.18698809541641,39.783970488877706],[-86.187027142057602,39.783925452888475],[-86.187038237921868,39.783915493888152],[-86.187074819651812,39.783882948714826],[-86.187074874158313,39.783882900734525],[-86.187092091801446,39.783867509314902],[-86.187105314064468,39.783858711652485],[-86.187110489560496,39.78385535593808],[-86.187163189847425,39.783820527289052],[-86.187223150378273,39.783790531507087],[-86.187247711274296,39.783778440531052],[-86.187280139000634,39.783762440447781],[-86.187403055312004,39.783499568610637],[-86.187431097772176,39.783438457038557],[-86.187439065969826,39.783409595114982],[-86.187448156756446,39.783376494070502],[-86.187465161837721,39.783294532708673],[-86.187468180461565,39.783273439717135],[-86.187519118990622,39.783081516415656],[-86.1875211222318,39.783053491865097],[-86.187525118601442,39.78302149448924],[-86.187533126019204,39.782972453612217],[-86.187560109814612,39.782898555339642],[-86.187569017420728,39.782879417401467],[-86.187601140968241,39.782810450673239],[-86.187602198820784,39.782797473472577],[-86.187609148057589,39.782748527406191],[-86.187628178408687,39.782641514494628],[-86.187629185371947,39.782634483792158],[-86.187638138684974,39.782570484716345],[-86.187649155130146,39.782524493522956],[-86.187677142118503,39.782430411943722],[-86.187719107366732,39.782338519291116],[-86.187753086802303,39.782285669006178],[-86.18777516858755,39.78225142788606],[-86.187820734455741,39.782177265969999],[-86.188011083011872,39.781867428308992],[-86.188071176371253,39.781791578908816],[-86.188087105384298,39.781771509605399],[-86.188100777270719,39.781758475723628],[-86.188151066061209,39.781710506664055],[-86.188204603606493,39.781646307189462],[-86.188226171075357,39.781620537360226],[-86.18825194462373,39.781590603706725],[-86.188302059441625,39.781532455908106],[-86.188309080523297,39.781518461150036],[-86.188332593534213,39.781482593168867],[-86.188354202690178,39.781449525840586],[-86.188404559387891,39.78139777171819],[-86.188434085332972,39.78136746178366],[-86.188454852467856,39.781350432979764],[-86.18848518893796,39.781325433383969],[-86.188548183549727,39.781251463009738],[-86.188588080672503,39.781204530331884],[-86.188600728758161,39.781183484966476],[-86.188629165577751,39.781136513746489],[-86.188702090097266,39.781038537006211],[-86.188809189353847,39.780939414822114],[-86.188861101651142,39.780902517378131],[-86.188876451333257,39.780894971787568],[-86.188984095490667,39.780842509281676],[-86.189013287799639,39.780831748100333],[-86.189052081523982,39.780817431052391],[-86.189078603202404,39.780810104449607],[-86.18912415106189,39.780797468261106],[-86.189196018073304,39.780763544036361],[-86.18926615837168,39.78073052821992],[-86.189284834383642,39.780717202360755],[-86.189338087686934,39.78067939798661],[-86.189500074496266,39.780580478292549],[-86.189610135586207,39.780529446301145],[-86.189619624822058,39.780382458924144],[-86.18895509283756,39.780704796539872],[-86.188199494887456,39.780385345821081],[-86.186792339906489,39.780407628936587],[-86.184578667641105,39.780513338454504],[-86.182551006677201,39.780586241026064],[-86.179798886628291,39.780646347294699],[-86.178951324245176,39.780777837477686],[-86.17808377360943,39.781005217339029],[-86.177341806125085,39.781423658238751],[-86.176799316446676,39.781877960858864],[-86.176242063267665,39.78143939584249],[-86.175455260770292,39.780926377708596],[-86.173433824605809,39.780928219393843],[-86.172606584341594,39.780930456058648],[-86.17232742106944,39.780973194879806],[-86.172220141586209,39.780983613845315],[-86.171753209490504,39.780962738200067],[-86.170853362056675,39.780966952701988],[-86.170858906684373,39.781570584468454],[-86.170860407912187,39.781732457651252],[-86.170728474145221,39.781830496693942],[-86.170642891323027,39.781880969473924],[-86.170522408642455,39.781941202145134],[-86.170459671704407,39.781968240843518],[-86.17032986719515,39.782015816927419],[-86.170263077292134,39.782036009945081],[-86.170126280537062,39.782069889815176],[-86.170021452208445,39.782088875071352],[-86.169843858226869,39.782108862063545],[-86.168360113452692,39.782117344629604],[-86.167574663664183,39.782172897467426],[-86.167479136862625,39.782293758267556],[-86.167407200669928,39.782609087895437],[-86.167371017783978,39.78274101675035],[-86.167319756978841,39.782832861132391],[-86.16723172973569,39.782976337803326],[-86.167150849881423,39.783085467765858],[-86.167055098523335,39.783183337574094],[-86.16695193424917,39.783286729788692],[-86.166782116644285,39.783413743917109],[-86.16667866335726,39.783476987629449],[-86.166456913348483,39.783603881859982],[-86.16624980192482,39.783702230525705],[-86.166131408937346,39.783760047530194],[-86.165791783003471,39.783839748759853],[-86.16490843773056,39.783946148814564],[-86.164831221933056,39.783908732900578],[-86.164701323898996,39.783859532495462],[-86.164568679876169,39.783814805681814],[-86.164290913807648,39.78372986345687],[-86.164157521311751,39.783689256377826],[-86.163991641841022,39.783638493622206],[-86.163703725296443,39.783564232287929],[-86.163549545351131,39.783524399851515],[-86.163418036954766,39.783490647015952],[-86.163322177611605,39.78346600674481],[-86.16318487400126,39.783430562654196],[-86.162970761075755,39.783375200570667],[-86.162678223584081,39.783299927872122],[-86.162498618732556,39.783257456532517],[-86.162357284008067,39.783225460264475],[-86.162167747528954,39.783185776997655],[-86.162024887835685,39.783158247891436],[-86.161881484892774,39.783132436718141],[-86.161689393074099,39.783100999369353],[-86.161544744074718,39.783079654150995],[-86.161399717553962,39.783060026152519],[-86.161220097025392,39.783038487349145],[-86.161010955397359,39.783017073119503],[-86.160766905718532,39.782996835713838],[-86.160571229465162,39.782984628633209],[-86.160080807889742,39.782968870524869],[-86.159802880672245,39.782969022356589],[-86.159426332947405,39.782954836500458],[-86.159205665245466,39.782946508868157],[-86.158865651531784,39.782933194707553],[-86.158556945273048,39.782905335112815],[-86.158267099523457,39.782879110596248],[-86.157489724804293,39.782866273400693],[-86.157468908305304,39.783367149111058],[-86.157455698651134,39.783665631039014],[-86.157434510286294,39.78422086864758],[-86.157399971439105,39.785086584769751],[-86.157373662373601,39.785739991605823],[-86.157336463782215,39.786709226366078],[-86.157280568296741,39.788165601844966],[-86.157274895249216,39.788649110143851],[-86.157288396565576,39.78949642610398],[-86.157300425379816,39.790334274846707],[-86.157306500863342,39.790757420385418],[-86.157310590275131,39.791071579814158],[-86.157324274010818,39.792020320720738],[-86.157343014777496,39.793451318899407],[-86.15735474331558,39.794146747125012],[-86.157361062269416,39.794757821010336],[-86.157371278992017,39.795588262284454],[-86.157357796231594,39.795901037560391],[-86.157302190057806,39.796425716382664],[-86.157246382745768,39.796954080647176],[-86.157198283766235,39.797323409683607],[-86.157163771352884,39.797626724777416],[-86.157117780949989,39.79805631352923],[-86.157112751586013,39.798108047970793],[-86.15700472025145,39.79923120813207],[-86.156896122818921,39.800388744642071],[-86.156825413885301,39.801089229069248],[-86.156839553893235,39.802210738444998],[-86.156735143990943,39.803389161197252],[-86.156639525098527,39.803466624012749],[-86.156673839355008,39.80654175187221],[-86.156692580620685,39.808335925368844],[-86.156715039572731,39.810164164098396],[-86.156954155527401,39.810160573555521],[-86.15896101418069,39.810120502416915],[-86.159014301687037,39.810122437938986],[-86.159045857805111,39.810126653390206],[-86.159067971667554,39.810126256022656],[-86.160234868345484,39.810132916087042],[-86.16081395686335,39.810132368925153],[-86.161417385452395,39.810131795252886],[-86.162644697972127,39.810130399747024],[-86.163001639241713,39.81012996148818],[-86.163817586837496,39.81011901711976],[-86.164434388387988,39.810117490501128],[-86.164841495512007,39.810116391838221],[-86.165818533077911,39.810114649076091],[-86.166374238941913,39.810115590606706],[-86.167002540818345,39.810103201733995],[-86.167025860107643,39.810127486911419]]],[[[-86.18847774998703,39.831048621559013],[-86.189110449867115,39.83120806490976],[-86.191747558175777,39.831980567129818],[-86.192907540167042,39.832272844800251],[-86.193749930533031,39.832323118550086],[-86.194485002126896,39.832103388178638],[-86.194937963660436,39.83169559843963],[-86.19518022111248,39.831261718955396],[-86.195212401243012,39.830882892192818],[-86.195032019782175,39.830234549052534],[-86.194639500189382,39.829370782534838],[-86.19407034628415,39.828345526816157],[-86.193538769078373,39.82764468002312],[-86.192511757973136,39.826378056047041],[-86.191774145553538,39.825770018186972],[-86.190230972508033,39.824573206497533],[-86.188908567646763,39.82458761654145],[-86.188908470698479,39.824587616977844],[-86.187545073340075,39.824602484203872],[-86.187066126648048,39.824606524832461],[-86.185001121126732,39.82462748009732],[-86.184814119225067,39.824630476992269],[-86.184814023451466,39.824630478320628],[-86.182519175274265,39.82465953003917],[-86.18081625435623,39.824743478449918],[-86.18063076135526,39.824592558890409],[-86.180704990874645,39.824736246402608],[-86.181079055772571,39.8254607065494],[-86.181463740423979,39.826265071689839],[-86.181923337815704,39.827229014084651],[-86.182371988826148,39.828163148614927],[-86.182801656687033,39.829056873363051],[-86.182883016876247,39.829218051968141],[-86.182929041309336,39.829189453554584],[-86.182964148185988,39.829259190227368],[-86.183097243422679,39.8295351260766],[-86.183319791938374,39.829996157314696],[-86.183407608159172,39.830177064766623],[-86.183509161052442,39.83038627124435],[-86.183596436031991,39.830566060517171],[-86.183687227147658,39.830753094347962],[-86.183780936432157,39.830946138773307],[-86.183840474096243,39.831068786887798],[-86.183905137814932,39.83120199498476],[-86.183929137900421,39.831251435625894],[-86.183984979862231,39.831363022799394],[-86.18406453468252,39.831521996506638],[-86.184177275216811,39.831747280740949],[-86.184181817585127,39.831756357242277],[-86.184237716285338,39.8316261907921],[-86.185042991321538,39.831496795420819],[-86.186128902417067,39.831275549820219],[-86.187565215405982,39.830998624431103],[-86.18847774998703,39.831048621559013]]]]},"properties":{"OBJECTID":4,"JURISDCTN":"IMPD","DISTRICT":"Northwest","POLICEZONE":"NW10","SHAPE.STArea()":63895978.23522643,"SHAPE.STLength()":59211.026384653058}},{"type":"Feature","id":5,"geometry":{"type":"Polygon","coordinates":[[[-86.156761019961266,39.813849482987457],[-86.156764288720282,39.814594537430665],[-86.156765452408422,39.814717764390871],[-86.156773282535639,39.815562520149669],[-86.156774131134412,39.815695477487687],[-86.156777129763995,39.815873466584996],[-86.156794174996023,39.817486492985914],[-86.15681112540102,39.819438496342592],[-86.156825093625926,39.821187557829276],[-86.156836319026212,39.822211471643044],[-86.156856081197887,39.824843489174668],[-86.156857174459077,39.824902488438262],[-86.158041109865195,39.824824514242621],[-86.159024102571621,39.824808456292054],[-86.159203108790308,39.824805534006977],[-86.159210141683616,39.824805504150966],[-86.159810217912991,39.82480250480323],[-86.160396129513614,39.824799472562368],[-86.160928082368187,39.824796487107058],[-86.161558123889307,39.824793531195986],[-86.162235083320184,39.824789470801193],[-86.162803073036329,39.824786502953408],[-86.163392067370268,39.824783532467436],[-86.163976146947121,39.824780489990466],[-86.163980142160923,39.824746511256066],[-86.163982112483183,39.824712452034319],[-86.16395610521235,39.822922547621673],[-86.163938140363229,39.8211254910739],[-86.163921126005036,39.819366445460119],[-86.16390197104036,39.817323469725849],[-86.163881093249415,39.815375536931882],[-86.163864085538449,39.813750530388276],[-86.163859166281441,39.813201502128479],[-86.163859120792566,39.813168442219897],[-86.163859180023294,39.813136462669995],[-86.164436906685367,39.81313452608471],[-86.166268055854701,39.813127466673954],[-86.166268248551887,39.813127465844246],[-86.166269116273156,39.813127462108049],[-86.167370916830293,39.813124514137371],[-86.167939105707049,39.813122512104627],[-86.168509999479127,39.813121485430123],[-86.169102176755231,39.813119463114319],[-86.169733957146363,39.813118527020961],[-86.17036612222735,39.813117496650833],[-86.172354130865131,39.813113533037978],[-86.174573159419779,39.813109515982994],[-86.175003109509007,39.813108444660344],[-86.17509304412755,39.813036885763374],[-86.174811971383932,39.812493210886153],[-86.174562434928575,39.811875467295494],[-86.174562242225605,39.811874990782343],[-86.170769646636245,39.811870674660121],[-86.170745161897557,39.811870646831473],[-86.170722714984436,39.811866765171942],[-86.169686629447881,39.811687599760376],[-86.168965035220936,39.81145203296122],[-86.168937181922686,39.811442940547686],[-86.168912201381261,39.811431091341625],[-86.168534456667118,39.811251907544708],[-86.168241862013147,39.811103785254993],[-86.168175055012199,39.811069964626896],[-86.168050907318815,39.810988419187773],[-86.167915455990325,39.810899448658333],[-86.167861141308776,39.810863771634388],[-86.167835861545129,39.810843953429334],[-86.167493979472582,39.810575926514083],[-86.167339020710386,39.810454441429329],[-86.16723807611244,39.810365391451356],[-86.167237605961972,39.810364976467845],[-86.167237151272516,39.810364438926044],[-86.167123852820623,39.810230533665468],[-86.167083636648002,39.81018300294658],[-86.167036665026444,39.810127486252313],[-86.167025860107643,39.810127486911419],[-86.167002540818345,39.810103201733995],[-86.166374238941913,39.810115590606706],[-86.165818533077911,39.810114649076091],[-86.164841495512007,39.810116391838221],[-86.164434388387988,39.810117490501128],[-86.163817586837496,39.81011901711976],[-86.163001639241713,39.81012996148818],[-86.162644697972127,39.810130399747024],[-86.161417385452395,39.810131795252886],[-86.16081395686335,39.810132368925153],[-86.160234868345484,39.810132916087042],[-86.159067971667554,39.810126256022656],[-86.159045857805111,39.810126653390206],[-86.159014301687037,39.810122437938986],[-86.15896101418069,39.810120502416915],[-86.156954155527401,39.810160573555521],[-86.156808154316082,39.810163487094194],[-86.156763187640834,39.810166469119181],[-86.156719294883501,39.810171519041248],[-86.156719308959268,39.810173501364496],[-86.156725034122204,39.810206447244475],[-86.156728165074327,39.810240484888894],[-86.156761019961266,39.813849482987457]]]},"properties":{"OBJECTID":5,"JURISDCTN":"IMPD","DISTRICT":"North","POLICEZONE":"ND15","SHAPE.STArea()":12876946.998510245,"SHAPE.STLength()":20459.43025130227}},{"type":"Feature","id":6,"geometry":{"type":"Polygon","coordinates":[[[-86.135168252928437,39.842899536289075],[-86.137277089837781,39.842891451906659],[-86.137864120002988,39.842888527751086],[-86.138309953427196,39.842885455117361],[-86.139340297629374,39.842877568892867],[-86.140472534437265,39.842872228721035],[-86.140479837784312,39.842867249716519],[-86.140623422455093,39.842866861339857],[-86.140603165180124,39.839698168183574],[-86.141142071672348,39.839691503459832],[-86.142517990977709,39.839672445289054],[-86.143775106785768,39.839657553093694],[-86.145202109498825,39.839639514832136],[-86.146949236247906,39.839616440523876],[-86.148434916936324,39.839596498355711],[-86.149503043813027,39.83958241882717],[-86.14992215263436,39.839578512156898],[-86.149922034012917,39.839569256472913],[-86.149906268093432,39.838343558871365],[-86.149879241751776,39.836398538510856],[-86.149861990613317,39.836398520295361],[-86.149856971051875,39.835998487996399],[-86.149857126420926,39.83597948051392],[-86.149858164316782,39.835962540896361],[-86.149861136137744,39.835946493893921],[-86.149865249465762,39.835928459762719],[-86.149868118007376,39.835911512520291],[-86.149870994658613,39.835895555980848],[-86.149872037699637,39.835879517912012],[-86.149873171917818,39.835862486925187],[-86.149870269933714,39.835613423263801],[-86.149869217743174,39.835559469413752],[-86.149864199596976,39.835118450263735],[-86.14986303254085,39.835089448147563],[-86.149859127722664,39.834793456516593],[-86.149845093575848,39.833808471003898],[-86.149833148917921,39.83228244663723],[-86.148637155191579,39.832295528240557],[-86.148052171385544,39.832302461210716],[-86.147466126175601,39.832309485697031],[-86.146880095782436,39.832318488636766],[-86.146294148385465,39.832325506798234],[-86.145112042397471,39.832340477024246],[-86.143687111345841,39.832357514669845],[-86.142423094352182,39.832372524055579],[-86.141053082132856,39.832388493526643],[-86.140551149022784,39.832393517017664],[-86.140398045456664,39.832396484025921],[-86.140331950914771,39.832398204869477],[-86.139941066380473,39.832408438408443],[-86.139905143209916,39.832411467992138],[-86.139869123069886,39.83241449705956],[-86.139832049561463,39.832418431983172],[-86.139797103183767,39.832423529092097],[-86.139761097182074,39.832428450377314],[-86.13974904938398,39.832430851155976],[-86.139725104216978,39.832435443140618],[-86.13969232966781,39.832442089522594],[-86.139690075621786,39.832442522027939],[-86.139655150162909,39.832450502055529],[-86.139650625497552,39.832451676062306],[-86.139619941772224,39.832459473062933],[-86.139605245109237,39.832463847186212],[-86.139586185845999,39.832469519844473],[-86.139597437231345,39.832466141498877],[-86.139586090054109,39.832469520234937],[-86.139579640477308,39.832471423522584],[-86.139551947996281,39.832479478513449],[-86.139519163154191,39.83249042198797],[-86.13901018828642,39.832677432699043],[-86.138975965059601,39.832689553648557],[-86.138942119295081,39.832700500378309],[-86.138907213970299,39.832711452311756],[-86.138872301298917,39.832721503593987],[-86.138836225869014,39.832730478793216],[-86.138801017226726,39.832739449553181],[-86.138765024622074,39.83274653298497],[-86.138728268326034,39.832754519282908],[-86.138692267685357,39.832760430952384],[-86.138655208714752,39.832766527050417],[-86.138618142340832,39.832771542361982],[-86.138581067397112,39.832775476891882],[-86.138543986831877,39.832778419794472],[-86.138507197215446,39.832781542536715],[-86.13847010869722,39.83278349471037],[-86.138431955010532,39.832784460465888],[-86.138395247001398,39.832785510397756],[-86.131289947187994,39.832821480334012],[-86.131177977574012,39.832822469095426],[-86.131114953633869,39.832822451212877],[-86.130071074927187,39.832830499225288],[-86.128846219621352,39.832838447440281],[-86.127574119253993,39.832842517407023],[-86.126416136246149,39.832849543810347],[-86.1263250980994,39.832781532810081],[-86.126063085119341,39.832782480536565],[-86.12591185447188,39.832849919856237],[-86.125796896632238,39.833675974752438],[-86.125891074184494,39.833882519403673],[-86.12587712770133,39.833944460591987],[-86.1258651133478,39.833992522000479],[-86.125837127898095,39.834102532602536],[-86.125806058813495,39.834212465332541],[-86.125771148272364,39.83432448479644],[-86.125426116272266,39.835188472321278],[-86.124119121641982,39.838451529702333],[-86.123411124877435,39.840177491767939],[-86.123458161297137,39.84023649048688],[-86.123110070790446,39.841098500016827],[-86.122913150611851,39.841590489934667],[-86.12236740093276,39.842934526242153],[-86.122364154212605,39.842942521628437],[-86.122554216060834,39.842942495429327],[-86.123131231061294,39.842940496686332],[-86.123707956244104,39.842938496215027],[-86.12428506692936,39.842936491355893],[-86.124862177553553,39.842934483625953],[-86.12543919290934,39.8429325634687],[-86.12659197459044,39.84292944093184],[-86.12773907195249,39.842926508764648],[-86.12901405125622,39.842921524525735],[-86.1302391111373,39.842917536363522],[-86.131456943200732,39.842913564222464],[-86.13171906903095,39.842909451452869],[-86.132553219550786,39.842906554908083],[-86.13364506099046,39.842899462118353],[-86.135168252928437,39.842899536289075]]]},"properties":{"OBJECTID":6,"JURISDCTN":"IMPD","DISTRICT":"North","POLICEZONE":"ND16","SHAPE.STArea()":23788160.983448032,"SHAPE.STLength()":22167.434666614663}},{"type":"Feature","id":7,"geometry":{"type":"Polygon","coordinates":[[[-86.264560089202135,39.743783221904636],[-86.264559479732739,39.745625520775967],[-86.2645610178065,39.747008751018015],[-86.264578804005154,39.747861120954141],[-86.264582140787141,39.748247123625319],[-86.264561345005092,39.748442041572638],[-86.264576519563875,39.748802056251613],[-86.264583888594458,39.749654478681812],[-86.264601385797135,39.750219528316485],[-86.264607273000394,39.751154206449563],[-86.264605128459692,39.752111224833939],[-86.264609091666387,39.752569602607977],[-86.264596806809692,39.753558841663789],[-86.264606054778795,39.75462838948031],[-86.26460980973954,39.755062642536529],[-86.264605405786796,39.755758304761713],[-86.264602566475119,39.756634905249499],[-86.264639943848891,39.757342414838405],[-86.264707326975341,39.757905012641892],[-86.264807849023313,39.758684575189839],[-86.264895864117861,39.759222939947684],[-86.264950745257451,39.759544339812884],[-86.265037650227242,39.759954037380218],[-86.265081486517872,39.760203115564444],[-86.265178325563014,39.760556467561855],[-86.265364514571587,39.761213864415552],[-86.26541524175056,39.761358233653468],[-86.265453871112783,39.761499559739356],[-86.265489843303627,39.761597634541396],[-86.265525814431172,39.761695709335889],[-86.265552918458411,39.761783664816797],[-86.265580022555952,39.761871620289511],[-86.265602559265147,39.761939269217038],[-86.265629546076497,39.762013672777464],[-86.265683724191391,39.762186194575172],[-86.265760292823543,39.7624094269352],[-86.265949112601575,39.762920082298443],[-86.266101388232016,39.763266594663541],[-86.266374861679139,39.76391912000706],[-86.266513926654284,39.764260617495538],[-86.26667078963051,39.764629128682664],[-86.266836347946494,39.76498743052089],[-86.267064710016271,39.765499573504222],[-86.267217394464637,39.765891824817217],[-86.267392386212038,39.766324617920766],[-86.267696970038827,39.767017637999167],[-86.267903068567961,39.767492623491044],[-86.268261675422835,39.768337834075155],[-86.2684228298221,39.768692767863392],[-86.268557141776384,39.768990240517496],[-86.268727670800075,39.769412890345521],[-86.268911521560241,39.769852412492249],[-86.269086636423935,39.77029706127157],[-86.269356454293458,39.77102752869218],[-86.269518863212497,39.771524761144235],[-86.269573295236071,39.771724386246376],[-86.269673378640093,39.772123683774247],[-86.269764046994524,39.772450180704908],[-86.269878369834473,39.772971380794871],[-86.269988806414702,39.7735502018689],[-86.270048756546785,39.77387855234381],[-86.270132495283207,39.774416852763693],[-86.270197948737149,39.77487223465711],[-86.270231555056242,39.775200722851032],[-86.270260445128486,39.77549196377521],[-86.270275660358848,39.775725675778773],[-86.270281472048637,39.775888282388955],[-86.270287431761218,39.776067829936125],[-86.270290421134746,39.776410029748568],[-86.270298915967743,39.777382418962432],[-86.270304480751349,39.778019384689465],[-86.270314673755522,39.778683433000154],[-86.270318166780058,39.779083230928201],[-86.270329731957162,39.77940166847366],[-86.270332494149329,39.779547729223601],[-86.270754465529677,39.779534552508942],[-86.272357566171806,39.779502175955237],[-86.273499504929987,39.779481454771954],[-86.273614329159685,39.779477765899991],[-86.274593531938407,39.779462002809993],[-86.275664600632723,39.779486928292457],[-86.278581808610951,39.779427659402089],[-86.27906338584971,39.779417912911171],[-86.284222686831086,39.779315422188397],[-86.289181598362802,39.779217551904487],[-86.293768754816242,39.779152020096134],[-86.296143342750881,39.7791175457848],[-86.29668130053733,39.779109136154709],[-86.298765605424094,39.779077899446555],[-86.300481443519573,39.779053785573971],[-86.307974181128117,39.778941932842038],[-86.311392581631424,39.778890392779104],[-86.315462215695078,39.778829279503988],[-86.317491310400086,39.778799387755605],[-86.319432748411941,39.778765149408869],[-86.321587858003383,39.778728300357628],[-86.324125555878226,39.778685469795242],[-86.326872433289722,39.778641050802385],[-86.326875321744012,39.775993580292784],[-86.326880850887107,39.774454490410612],[-86.326882645417754,39.77340888107949],[-86.326883613723155,39.772259299687953],[-86.326884100854471,39.772077423696743],[-86.326884189181513,39.771970358201692],[-86.326884474207432,39.771860546329492],[-86.326884622711646,39.771759657314959],[-86.32688441504142,39.771691370244376],[-86.326884791858987,39.771591166242246],[-86.326884926088084,39.771488904676033],[-86.326884957722584,39.771445666706512],[-86.326885070458346,39.771358504170983],[-86.326885394830668,39.771252809948358],[-86.326885727744084,39.770961810849784],[-86.326885157648292,39.770919605770651],[-86.326884404561184,39.770869852276114],[-86.326859614429239,39.769258184196161],[-86.32677417754843,39.763717022065897],[-86.326765877659625,39.761613856483116],[-86.326759640889591,39.759860356159336],[-86.326749229805472,39.757163195804246],[-86.326740401073167,39.755737767926924],[-86.326716985770688,39.753302164315606],[-86.326674329826261,39.749012929632343],[-86.326554897753212,39.734396072109035],[-86.326517561783632,39.729431454439421],[-86.326507321301321,39.728164817032578],[-86.322800606149627,39.729065891787556],[-86.32293278675138,39.729651788092582],[-86.321069745148876,39.730151174104471],[-86.321005047235971,39.730004877259404],[-86.319362879137287,39.730429660881953],[-86.319109172707599,39.730382199848783],[-86.318888274112524,39.730456771887482],[-86.318792385322354,39.730359537118836],[-86.314022664060943,39.731486188827496],[-86.30862146076511,39.732811687161316],[-86.308559281471901,39.73293424802781],[-86.306979601397657,39.733285181219316],[-86.30540035623072,39.733684976813223],[-86.303844566443871,39.734064777491376],[-86.302251758736162,39.734455406067809],[-86.299689910862583,39.735083276881262],[-86.29819756107797,39.735450822829016],[-86.296748920617773,39.735779205648576],[-86.296322606785097,39.735863191639197],[-86.295892848352011,39.735935526411822],[-86.295227228641451,39.73604276566244],[-86.294498374259859,39.736186033502662],[-86.294017846462054,39.736296725712258],[-86.288830901081113,39.737569280777031],[-86.282597584744565,39.739098352749977],[-86.277279786375061,39.740565679304886],[-86.27740901684362,39.739846030779113],[-86.27604105201533,39.739832265545878],[-86.275998207194831,39.740149599574046],[-86.275725934259057,39.740327201669537],[-86.274663329245513,39.740228936093729],[-86.274665606835242,39.738607685214575],[-86.269836617540776,39.738722549609797],[-86.269835105677828,39.742507293094057],[-86.264560089202135,39.743783221904636]]]},"properties":{"OBJECTID":7,"JURISDCTN":"IMPD","DISTRICT":"Southwest","POLICEZONE":"SW80","SHAPE.STArea()":268416601.78715622,"SHAPE.STLength()":68440.006458781223}},{"type":"Feature","id":8,"geometry":{"type":"MultiPolygon","coordinates":[[[[-86.157555630226824,39.781150202188492],[-86.157513986820703,39.782284516603617],[-86.157489724804293,39.782866273400693],[-86.158267099523457,39.782879110596248],[-86.158556945273048,39.782905335112815],[-86.158865651531784,39.782933194707553],[-86.159205665245466,39.782946508868157],[-86.159426332947405,39.782954836500458],[-86.159802880672245,39.782969022356589],[-86.160080807889742,39.782968870524869],[-86.160571229465162,39.782984628633209],[-86.160766905718532,39.782996835713838],[-86.161010955397359,39.783017073119503],[-86.161220097025392,39.783038487349145],[-86.161399717553962,39.783060026152519],[-86.161544744074718,39.783079654150995],[-86.161689393074099,39.783100999369353],[-86.161881484892774,39.783132436718141],[-86.162024887835685,39.783158247891436],[-86.162167747528954,39.783185776997655],[-86.162357284008067,39.783225460264475],[-86.162498618732556,39.783257456532517],[-86.162678223584081,39.783299927872122],[-86.162970761075755,39.783375200570667],[-86.16318487400126,39.783430562654196],[-86.163322177611605,39.78346600674481],[-86.163418036954766,39.783490647015952],[-86.163549545351131,39.783524399851515],[-86.163703725296443,39.783564232287929],[-86.163991641841022,39.783638493622206],[-86.164157521311751,39.783689256377826],[-86.164290913807648,39.78372986345687],[-86.164568679876169,39.783814805681814],[-86.164701323898996,39.783859532495462],[-86.164831221933056,39.783908732900578],[-86.16490843773056,39.783946148814564],[-86.165791783003471,39.783839748759853],[-86.166131408937346,39.783760047530194],[-86.16624980192482,39.783702230525705],[-86.166456913348483,39.783603881859982],[-86.16667866335726,39.783476987629449],[-86.166782116644285,39.783413743917109],[-86.16695193424917,39.783286729788692],[-86.167055098523335,39.783183337574094],[-86.167150849881423,39.783085467765858],[-86.16723172973569,39.782976337803326],[-86.167319756978841,39.782832861132391],[-86.167371017783978,39.78274101675035],[-86.167407200669928,39.782609087895437],[-86.167479136862625,39.782293758267556],[-86.167574663664183,39.782172897467426],[-86.168360113452692,39.782117344629604],[-86.169843858226869,39.782108862063545],[-86.170021452208445,39.782088875071352],[-86.170126280537062,39.782069889815176],[-86.170263077292134,39.782036009945081],[-86.17032986719515,39.782015816927419],[-86.170459671704407,39.781968240843518],[-86.170522408642455,39.781941202145134],[-86.170642891323027,39.781880969473924],[-86.170728474145221,39.781830496693942],[-86.170860407912187,39.781732457651252],[-86.170858906684373,39.781570584468454],[-86.170853362056675,39.780966952701988],[-86.171753209490504,39.780962738200067],[-86.172220141586209,39.780983613845315],[-86.17232742106944,39.780973194879806],[-86.172606584341594,39.780930456058648],[-86.173433824605809,39.780928219393843],[-86.175455260770292,39.780926377708596],[-86.176242063267665,39.78143939584249],[-86.176799316446676,39.781877960858864],[-86.177341806125085,39.781423658238751],[-86.17808377360943,39.781005217339029],[-86.178951324245176,39.780777837477686],[-86.179798886628291,39.780646347294699],[-86.182551006677201,39.780586241026064],[-86.184578667641105,39.780513338454504],[-86.186792339906489,39.780407628936587],[-86.188199494887456,39.780385345821081],[-86.18895509283756,39.780704796539872],[-86.189619624822058,39.780382458924144],[-86.189626080890577,39.780282458240961],[-86.19012063462263,39.779722708411455],[-86.190217372873349,39.779552827583714],[-86.190274102380315,39.77945312063904],[-86.190307644829531,39.779394190183517],[-86.190538938310667,39.778987819835081],[-86.190678435761569,39.778222300367077],[-86.190519088808642,39.777487406463919],[-86.190407152437771,39.777363924349487],[-86.189147377972574,39.775974167759209],[-86.188412264115499,39.775162498870543],[-86.188621496990876,39.775095895922611],[-86.188613957367522,39.775089362084685],[-86.188333999004513,39.775179268250533],[-86.188133115777063,39.775243346391875],[-86.187877258186532,39.775324958702448],[-86.187549232599409,39.775429590559547],[-86.18722562863816,39.775532810109397],[-86.187143990390354,39.77555885008686],[-86.187107131202353,39.775568850786428],[-86.187086575231305,39.775573281530647],[-86.187069247272106,39.77557638821083],[-86.187034181015704,39.775580968672301],[-86.187000326777095,39.77558327758284],[-86.186973066381555,39.77558465354231],[-86.18694834358422,39.775586955725579],[-86.186915646219632,39.775591761509318],[-86.186903009534532,39.775593945556388],[-86.186868884500925,39.775601684030136],[-86.186846134707892,39.775608062824567],[-86.186828843765085,39.77561345342297],[-86.186788274519017,39.775623708428398],[-86.186747176838409,39.775632613869668],[-86.186705618309261,39.7756401541318],[-86.186660509125446,39.775646631275158],[-86.186642599234375,39.775648883053307],[-86.186600234914067,39.775652962879462],[-86.186568336860375,39.775655103480432],[-86.186525699592153,39.775656727451882],[-86.186483009739021,39.775656947485871],[-86.18641845416883,39.775654458915447],[-86.186402889930676,39.775653380251953],[-86.186344862883828,39.775647944206717],[-86.186302825091985,39.775642206870813],[-86.186250788828914,39.775633094407155],[-86.186209659312055,39.775624269048905],[-86.186169057772858,39.775614094798712],[-86.186118504085556,39.775599873297018],[-86.185917122450164,39.77552831669707],[-86.185413533216575,39.775349372025524],[-86.184911407210365,39.775170945520998],[-86.18449178193643,39.775021832422951],[-86.184391428634015,39.774986171933811],[-86.184266505870568,39.774941462837056],[-86.184160228716905,39.774903426456767],[-86.184130073670104,39.774892633880221],[-86.184097050372927,39.774882421510895],[-86.18405323967896,39.774871005279408],[-86.184029291485786,39.774865743093009],[-86.183988154349393,39.774858295917404],[-86.183980447345576,39.774857095440233],[-86.183969315037203,39.774855504024046],[-86.183963264541433,39.774854639320715],[-86.183951530106143,39.774853382936925],[-86.183934261972652,39.774851534250693],[-86.183925300810614,39.774850574436606],[-86.183920793947223,39.77485009194443],[-86.183906604306543,39.774849083376878],[-86.183804651546666,39.774841848612873],[-86.183805673453378,39.775093350398052],[-86.183806315085405,39.775251457124192],[-86.183806677252988,39.775340558719357],[-86.183803992894539,39.775388486768342],[-86.183799594089152,39.775416173405794],[-86.183793583065636,39.77544367358071],[-86.183785966448013,39.775470936825407],[-86.183776755482057,39.775497906346722],[-86.183753645753384,39.775550746729721],[-86.183724440848763,39.775601756163461],[-86.183707627903843,39.775626445703878],[-86.183676927801471,39.775664680260498],[-86.183598147844776,39.775754224448974],[-86.183542601863451,39.775817359900984],[-86.183498150883935,39.775867884158281],[-86.183438793317066,39.775935353484385],[-86.183400734727797,39.775982988685911],[-86.183367779603245,39.776032837537834],[-86.183353289515424,39.776058493019192],[-86.183328386582374,39.776111052179026],[-86.183309066477008,39.776164989737524],[-86.183301540316947,39.776192366030379],[-86.18329081365583,39.776247710919471],[-86.183287629986594,39.776275588472686],[-86.183285911829131,39.776303544165891],[-86.183287507799903,39.776371811171757],[-86.183289152295202,39.776442196355887],[-86.183293181906976,39.776614577228322],[-86.183295900509918,39.776730887710329],[-86.18329798363952,39.776819969015456],[-86.18329916118725,39.776870363019626],[-86.18330188306534,39.776986795973997],[-86.183304500606766,39.77709879625283],[-86.183305614202922,39.777146411947314],[-86.183307851594378,39.777159485237185],[-86.183315503838941,39.777185176339437],[-86.183327281202381,39.777209918676604],[-86.183342997527376,39.777233324883937],[-86.183373388714315,39.777265115916585],[-86.183411687026563,39.777297513017594],[-86.183430930172534,39.77731379085477],[-86.183463513735788,39.777347627448556],[-86.183485481194793,39.777375118295701],[-86.183489586934556,39.777385467717146],[-86.183491951128318,39.777396136528452],[-86.183492404621532,39.777448806160415],[-86.183493085689577,39.777527843028182],[-86.183495239724508,39.77777789587406],[-86.183495847006697,39.777848315379138],[-86.183496626977856,39.777938856160532],[-86.183497060315503,39.777989141782811],[-86.183497567229011,39.778048015041129],[-86.183493329887824,39.778077974246969],[-86.183481045525241,39.778106580441822],[-86.183461256757525,39.778132562151626],[-86.183437264377389,39.778145728815957],[-86.183400941154446,39.778157101286453],[-86.182782513573812,39.778167202677544],[-86.182802652744513,39.778609223473175],[-86.181436313995306,39.778616250255141],[-86.181397039402086,39.778616208288888],[-86.181375526515254,39.778616303700353],[-86.181361847953212,39.778617873900039],[-86.181362486338315,39.778170474613788],[-86.181362981554429,39.776374678779518],[-86.178627911006998,39.776383975890525],[-86.178646782655036,39.777335225033035],[-86.178660703601523,39.778154198862794],[-86.178942754350643,39.778162277147345],[-86.179346784200092,39.778161568459204],[-86.179347912150106,39.778337021858434],[-86.179352201662994,39.778437342040483],[-86.179362466954942,39.778562556680647],[-86.179375084949882,39.778672268362094],[-86.179388046097529,39.778784957966622],[-86.179392700084378,39.778874290960573],[-86.179396943343065,39.779068091793825],[-86.179093264874354,39.779069388901227],[-86.179092524256774,39.778969529508906],[-86.178568024801976,39.778971844161589],[-86.1785629666566,39.778152210775296],[-86.178439951753163,39.778145659556984],[-86.178048466210313,39.778124809728233],[-86.177928438867241,39.778126032966554],[-86.177706311459289,39.778128295653268],[-86.177418970218611,39.778142410538997],[-86.177240113856357,39.778165873899638],[-86.177156704154967,39.778179960846941],[-86.177001951976877,39.77821157162689],[-86.176769801942314,39.778272993500174],[-86.176632181949728,39.778317886441485],[-86.17640672185685,39.778406469663025],[-86.176268920669017,39.778465955755308],[-86.176144173515411,39.778512806409466],[-86.176055890213973,39.778542012927495],[-86.175875204761127,39.778592301704393],[-86.175741816793533,39.778621744604969],[-86.175689972414901,39.778631507484526],[-86.175554001651449,39.778652794148897],[-86.175257155466241,39.778678277694212],[-86.175065085256222,39.778679843384374],[-86.174923154528358,39.778674240455679],[-86.174955969818441,39.777773078152372],[-86.174970663522913,39.777344145049085],[-86.174979460237878,39.77718340930403],[-86.174992839437522,39.777071509877352],[-86.175031140273859,39.776877124345262],[-86.175061471247446,39.776767214104552],[-86.175118325097699,39.776604480862119],[-86.175208629865637,39.776354426156075],[-86.175280717653948,39.776154815343219],[-86.175333429917515,39.77600885274979],[-86.175185022052389,39.775978245058866],[-86.175053263831572,39.775951071488123],[-86.174959362392102,39.775935457007492],[-86.174864990948834,39.775921637759659],[-86.17482967382152,39.775917160212032],[-86.174770203246894,39.775909621614375],[-86.174675060054525,39.775899419112747],[-86.174590236413437,39.775891876108076],[-86.174547749780075,39.775888644866619],[-86.174498845246617,39.775885854203082],[-86.174423545891798,39.77588155777827],[-86.174396617398628,39.775880021041182],[-86.174357898059924,39.77587781173137],[-86.174316543100048,39.775875452715631],[-86.174251549219264,39.775871743377948],[-86.174214078220928,39.775869605118153],[-86.174185466051554,39.775868161259574],[-86.173296646404737,39.775845072008394],[-86.173261689401485,39.776719837440268],[-86.172025352957164,39.77669604641148],[-86.170508698693837,39.776657440925163],[-86.170511518686766,39.776580419770909],[-86.169952250847984,39.776568472456624],[-86.169926610769821,39.777231871183801],[-86.169921905160678,39.777374152841503],[-86.169917945374053,39.777453600838861],[-86.169912819522338,39.777556458018594],[-86.167017248971035,39.775792555782502],[-86.166847067870194,39.775728775525756],[-86.166737186141091,39.775670225754986],[-86.166719599595993,39.775506271717951],[-86.166704700732097,39.775314167087011],[-86.166697770044749,39.77509388910989],[-86.166700279255835,39.77481832191107],[-86.166712067474634,39.774595904313429],[-86.16674134252581,39.774316447921265],[-86.166804581154679,39.77389855129843],[-86.166848906935769,39.773617312392979],[-86.166867056238289,39.773390749415967],[-86.166885529673479,39.772917110729708],[-86.166916792535559,39.772121533927653],[-86.166939997693831,39.771507199427973],[-86.167044651694141,39.768736406491627],[-86.16710249734794,39.767282778559199],[-86.165351168617264,39.767239285806532],[-86.163537060340843,39.767199710170672],[-86.16172439020994,39.767161033144518],[-86.159916728725605,39.767118724511882],[-86.158103251054229,39.767077041921688],[-86.158101833937977,39.76707700919269],[-86.158083050944668,39.767601435032987],[-86.158066051568042,39.76802496538923],[-86.158028429099843,39.769011363929579],[-86.158015600625163,39.769443112336546],[-86.158002464100051,39.76991741373314],[-86.157937158144222,39.771310572474782],[-86.157875082159535,39.772712640212369],[-86.157825986863813,39.774111219262338],[-86.15776575740658,39.775507787022605],[-86.157718677912555,39.776783506951318],[-86.157673404902994,39.777993332501516],[-86.157631913765258,39.77921103443208],[-86.15758368681162,39.780419842470543],[-86.157555630226824,39.781150202188492]]],[[[-86.176228949502203,39.776410325118157],[-86.176603984686196,39.776299553498134],[-86.176583739632576,39.776258449923148],[-86.176728137293949,39.776215278163413],[-86.176720844239355,39.776200897559569],[-86.176756419389378,39.776190324862206],[-86.176788270305721,39.776254139339841],[-86.176864173844265,39.776231581449494],[-86.17688840436108,39.776278565096412],[-86.176932682161507,39.776264122599819],[-86.176960457332157,39.776315475148991],[-86.176978213580071,39.776348461879174],[-86.177012777681043,39.776337384665759],[-86.176996541074899,39.77630675013534],[-86.176967963565872,39.776252656755574],[-86.17695905507189,39.776236553967387],[-86.177546209433629,39.776073043031296],[-86.177456701456393,39.775881597906022],[-86.177491565518366,39.775871506373122],[-86.177699488828438,39.775809509714229],[-86.177750574238203,39.775794514536152],[-86.177683871805542,39.7756606467943],[-86.177553196672321,39.775699655847404],[-86.177527449960621,39.775648295406995],[-86.177561138298486,39.77563818200791],[-86.177551063792478,39.775617993514807],[-86.177572221942896,39.775611723522751],[-86.177559474854817,39.775586385907687],[-86.177577722341383,39.775580815044407],[-86.177565983485152,39.775557175273818],[-86.177548482931542,39.775562414099689],[-86.17752519027286,39.775515846173199],[-86.177541555416866,39.775510969918102],[-86.177530684944202,39.775489055623808],[-86.177513146847531,39.775494266688604],[-86.177490290323391,39.775448740721139],[-86.17751002685317,39.775442806645835],[-86.177498866525724,39.775420207307029],[-86.177480123005495,39.775425780341223],[-86.177455567365229,39.775376830259582],[-86.177472003681942,39.775371953700969],[-86.177461674183419,39.775351052983979],[-86.177444562049871,39.775355932515431],[-86.177434703966313,39.775336430276312],[-86.17750588656007,39.775315857121456],[-86.177651196198383,39.775273707871307],[-86.177726706736976,39.775434303219342],[-86.177802561424997,39.775434655488326],[-86.177807007246201,39.775444244346424],[-86.178500192352203,39.775446350269853],[-86.178501722516287,39.775119656623609],[-86.17846583224636,39.775130439302693],[-86.17846527925694,39.775012751879402],[-86.17847367736978,39.775012714844976],[-86.178473109522827,39.774888137293928],[-86.178080800621657,39.774889179447612],[-86.178081084696728,39.774966046607531],[-86.17797812587969,39.77496650025013],[-86.177978229445728,39.774985387023158],[-86.177910848471825,39.774985683858347],[-86.177911340064071,39.775256598590616],[-86.177908491844562,39.775256267978598],[-86.177906338272678,39.77525611264096],[-86.177904218298096,39.775255765310739],[-86.177901337600787,39.775255778000137],[-86.177898489481279,39.775255460897633],[-86.177896335961606,39.775255470383733],[-86.17789416610087,39.775255479941769],[-86.177891304183348,39.775255822196506],[-86.177888458502622,39.775255834731354],[-86.177885579276648,39.775256204082588],[-86.177882771051159,39.775256546100628],[-86.177879926841726,39.775256915297447],[-86.17787715728646,39.775257435479389],[-86.177874386563971,39.775257955666383],[-86.177872306883117,39.775258321495478],[-86.177870229488832,39.775258838628467],[-86.177867530118647,39.775259536835364],[-86.177865526563167,39.775260410311731],[-86.177863537877457,39.775260927053871],[-86.177861584208301,39.775261443641732],[-86.177859670528605,39.77526231672212],[-86.177857116097428,39.775263357448864],[-86.177854597856637,39.775264398916882],[-86.177852169630356,39.775265616521338],[-86.177849777494515,39.775266821357263],[-86.177847455391742,39.775268025884699],[-86.177845189467433,39.775269408498971],[-86.177843541965402,39.775270445230902],[-86.177841895630536,39.775271481957631],[-86.177839791086228,39.775273220529726],[-86.177837720093933,39.775274603185999],[-86.177835757743679,39.775276313210682],[-86.177833885475806,39.775278050759624],[-86.177832029297008,39.775279596393148],[-86.177830299488406,39.775281499039444],[-86.177828640614919,39.775283207727377],[-86.177827071875825,39.775285108763534],[-86.177825555668207,39.775287010468993],[-86.177824497708826,39.775288373351756],[-86.177823496034478,39.775289928731809],[-86.177822194640427,39.775291993414612],[-86.177821016919651,39.775293892728527],[-86.177820208751811,39.775295255411805],[-86.177819400835801,39.775296809938453],[-86.177818701477875,39.775298364887668],[-86.177818004551639,39.775300248573828],[-86.177817219061893,39.775302310083731],[-86.177816487270874,39.775304372257771],[-86.177815897880649,39.775306433804658],[-86.177815502097118,39.775308316164505],[-86.177815122550683,39.775309868804499],[-86.177814799286622,39.775311929179303],[-86.177814547077759,39.775313811807479],[-86.17781439863424,39.77531536252895],[-86.177814271469828,39.775317422940773],[-86.177814289237958,39.775319824972094],[-86.177756978433365,39.775337399215964],[-86.177717866908637,39.775254198337748],[-86.177830478567586,39.775221445510638],[-86.177830794057272,39.775163106272309],[-86.177695249247364,39.775202466582734],[-86.177578589085599,39.775236267477318],[-86.177574915432601,39.775237490558574],[-86.1775721648538,39.77523836731838],[-86.17756934297465,39.775239230881802],[-86.177565579249503,39.775240112101422],[-86.177561741889548,39.775240980134875],[-86.177557888137116,39.775241683416212],[-86.177554973844764,39.775242204227574],[-86.177552059600927,39.775242573724682],[-86.177549143990092,39.775242916207361],[-86.177546176054122,39.775243285940654],[-86.177543205481285,39.775243299016786],[-86.177540254853781,39.775243641653368],[-86.17753723058884,39.775243654965706],[-86.177534278691482,39.775243667959387],[-86.177531288275901,39.775243681122554],[-86.177528318870259,39.775243694193179],[-86.177525348297394,39.775243707268849],[-86.177522375287538,39.775243390706841],[-86.177518422781091,39.775243051435787],[-86.177514542841976,39.775242738865579],[-86.177511570799737,39.77524239527866],[-86.177508667672058,39.775241900074356],[-86.177504782762,39.775241230856977],[-86.177500968850083,39.775240218168463],[-86.177497191173288,39.77523937014449],[-86.177494161934973,39.775238710670749],[-86.17749246887422,39.775238164205376],[-86.17748915567968,39.775237146610536],[-86.177485000465055,39.77523575533737],[-86.177481929339891,39.775234640304298],[-86.177479386523558,39.775233621119853],[-86.177477093478842,39.775232599034695],[-86.177474851530079,39.775231699216839],[-86.177472749929379,39.775230678991008],[-86.177470702426945,39.775229713468427],[-86.177467980830954,39.775228352812739],[-86.177465577885854,39.775226990754554],[-86.1774634995121,39.775225796595372],[-86.177461279847165,39.775224437333144],[-86.177459174516528,39.775223070362244],[-86.177457111259088,39.775221710411572],[-86.177455098138878,39.775220343034782],[-86.177452867760607,39.775218639760332],[-86.177443019478716,39.775200145337585],[-86.177427736017407,39.775168642015181],[-86.177362237097796,39.775187817478447],[-86.177353746877174,39.775170340242894],[-86.177369332558584,39.775165825011129],[-86.17735878707883,39.7751445946855],[-86.17733982886017,39.775150169542577],[-86.177330693936398,39.775132007924228],[-86.177315600442796,39.775101877285486],[-86.177332923687544,39.775096667195726],[-86.177321619900681,39.77507406756888],[-86.177304757609733,39.775078945980496],[-86.177281069199367,39.775031694325378],[-86.177299171828111,39.775026124142883],[-86.177288736217918,39.775005223875922],[-86.177268182843875,39.775011491155922],[-86.177244600691921,39.774964238124518],[-86.177265011660637,39.77495797237588],[-86.177254285232479,39.774936414088252],[-86.177237674015686,39.774941620133312],[-86.177226045411857,39.774918337409652],[-86.177169387981266,39.774935058249348],[-86.177155845399028,39.774908022703734],[-86.177058860612817,39.774936917001632],[-86.177071138942239,39.774961570419528],[-86.177013166286585,39.774978653635785],[-86.177025661809523,39.775003635751659],[-86.177006845995592,39.775009209027552],[-86.177018294696722,39.775032163816334],[-86.177040872919349,39.7750255310075],[-86.177052066781329,39.775047800596454],[-86.176684638935711,39.775156810940658],[-86.176638202470144,39.775064032542495],[-86.176765716608955,39.775026054375338],[-86.176741270175881,39.774977104558637],[-86.176721994555081,39.774983008556916],[-86.176751219118117,39.774637344675192],[-86.176713149216894,39.774635427817095],[-86.176685467070797,39.774994150155187],[-86.176614962808188,39.775015049475655],[-86.176596402562325,39.774978069902978],[-86.176362457222027,39.775047399615367],[-86.176450640542456,39.775224082111663],[-86.176113675143654,39.775324391386349],[-86.176072881016296,39.775249075570883],[-86.176062956486632,39.775252331851696],[-86.175985503360977,39.775100174284624],[-86.175770295050711,39.775165398145234],[-86.175771800380105,39.775347853708404],[-86.175771915857979,39.775585648547597],[-86.175632595844604,39.775586259608232],[-86.175504761754368,39.775581330508594],[-86.175502919275814,39.775612009392354],[-86.175662108234846,39.775617700763611],[-86.175672781348069,39.775617653954299],[-86.175683457095175,39.775617964701816],[-86.175694134096773,39.775618604190505],[-86.175704708469937,39.775619572876025],[-86.175715250454033,39.775620898371315],[-86.175725722711277,39.775622582641518],[-86.175740936809476,39.775625590824511],[-86.175772017589239,39.775633360644946],[-86.175771241100335,39.775754842163259],[-86.17577083951484,39.775821060005832],[-86.175768931950913,39.776122361530071],[-86.175768519661816,39.776192038020575],[-86.175767801253699,39.776306985751305],[-86.175766203127665,39.776345784079787],[-86.175983825808146,39.776339667465535],[-86.176191667198424,39.776333621307089],[-86.176228949502203,39.776410325118157]]],[[[-86.176170218191942,39.778351130242235],[-86.176298090962746,39.778312491727092],[-86.176247981947824,39.778214211799067],[-86.176181172089699,39.778234764981548],[-86.176175898716409,39.777519646076144],[-86.175755117401536,39.777521492609281],[-86.175365324416035,39.777523201793706],[-86.175371157749083,39.778315515418583],[-86.175707410130769,39.778314041055062],[-86.175757574786019,39.778313821014912],[-86.175760955203955,39.778313806186418],[-86.176150325404251,39.778312097520597],[-86.176170218191942,39.778351130242235]]]]},"properties":{"OBJECTID":8,"JURISDCTN":"IMPD","DISTRICT":"Downtown","POLICEZONE":"DT10","SHAPE.STArea()":25720150.165867876,"SHAPE.STLength()":40990.21436626411}},{"type":"Feature","id":9,"geometry":{"type":"Polygon","coordinates":[[[-86.140762206383641,39.780536448239317],[-86.140789190527997,39.781236381411588],[-86.140820535258158,39.782052970555874],[-86.140832989704094,39.782190869371988],[-86.140878685722583,39.782408931434929],[-86.140979523602354,39.782674123982119],[-86.141126852443975,39.782924713716007],[-86.141318303762517,39.783155905930123],[-86.14152552674723,39.783343795328534],[-86.141790207093564,39.783526988072893],[-86.142055136356333,39.783665568599204],[-86.142243642160381,39.783742693215665],[-86.14243995822747,39.78380743180481],[-86.142644754573809,39.783860124737899],[-86.142854680601133,39.783899069927045],[-86.14310394505037,39.78392618586124],[-86.143463474056588,39.783931229321219],[-86.143960439220891,39.783871536804696],[-86.144132736560465,39.783831363956594],[-86.144510513882167,39.783685682587873],[-86.144719042757146,39.783605320039264],[-86.145007341381003,39.783494213355759],[-86.145457643146784,39.783320433226258],[-86.145944361024362,39.783227144976529],[-86.146366791707138,39.782971461570156],[-86.146737203674135,39.78286320765416],[-86.147017403315687,39.782814006063731],[-86.147475680532807,39.782717053464609],[-86.147909425069244,39.782666184010161],[-86.148677954017472,39.782660591579067],[-86.149426395410998,39.782676012081055],[-86.150789960157482,39.782716316036883],[-86.151707995477167,39.782743366126908],[-86.152335687645348,39.782759957881836],[-86.153031749077371,39.782774543943191],[-86.153942165095245,39.782792793351632],[-86.157489724804293,39.782866273400693],[-86.157513986820703,39.782284516603617],[-86.157555630226824,39.781150202188492],[-86.15758368681162,39.780419842470543],[-86.157631913765258,39.77921103443208],[-86.157673404902994,39.777993332501516],[-86.157718677912555,39.776783506951318],[-86.15776575740658,39.775507787022605],[-86.157825986863813,39.774111219262338],[-86.157875082159535,39.772712640212369],[-86.157937158144222,39.771310572474782],[-86.158002464100051,39.76991741373314],[-86.158015600625163,39.769443112336546],[-86.158028429099843,39.769011363929579],[-86.158066051568042,39.76802496538923],[-86.158083050944668,39.767601435032987],[-86.158101833937977,39.76707700919269],[-86.149045380172296,39.766874103385994],[-86.147628791568906,39.766845667191951],[-86.145543579777396,39.766864240069573],[-86.142851765088906,39.766897277276328],[-86.142802060139957,39.768257166600279],[-86.142750396562406,39.769556452344908],[-86.142714125521067,39.770468576750709],[-86.14269395580574,39.77097580631721],[-86.142675233129268,39.771451512407388],[-86.142639876583317,39.772375495600464],[-86.142553065540113,39.773776440989209],[-86.142511825373006,39.773961963639159],[-86.142803096146011,39.773791496243938],[-86.142985292909287,39.773795523142802],[-86.143391003351951,39.77380547794106],[-86.144148081691625,39.773819481342514],[-86.144672986198387,39.773828490883318],[-86.145278122657913,39.773841491377908],[-86.145297187178912,39.773841502825654],[-86.145329229059172,39.773838487605808],[-86.145350101371662,39.773835429278606],[-86.145381063462764,39.773829536323433],[-86.145401248562266,39.773824498425881],[-86.145432195662167,39.773816442987332],[-86.145452003072151,39.773812488355091],[-86.145473260541124,39.77380942751617],[-86.145505309893508,39.773807493933056],[-86.146229954658367,39.773823508988677],[-86.147056103456933,39.773842522906712],[-86.147574185257824,39.773853439892015],[-86.147886089989342,39.773859443467636],[-86.148633088051255,39.773877423293747],[-86.148664105159881,39.773879456114649],[-86.148696093295413,39.773882476542418],[-86.148717103270343,39.773885451590537],[-86.148725684806223,39.773887128138853],[-86.148738121960037,39.773889508314674],[-86.148769077930993,39.773896495999125],[-86.14878210397562,39.773555479765129],[-86.148794127190556,39.773222483723877],[-86.148806056301581,39.772917504593288],[-86.148824109423884,39.772510435886474],[-86.148843075790623,39.772013461106233],[-86.148872011852418,39.77122052379616],[-86.148874174033054,39.771185472061312],[-86.148877011462019,39.771150508489384],[-86.148880232253731,39.771115453256392],[-86.149781084412425,39.77113746995898],[-86.150688091553221,39.771158464152265],[-86.151599142824196,39.77117952352603],[-86.152501137391369,39.771199442774673],[-86.153155080513656,39.771214450528596],[-86.15340409478388,39.771219441942648],[-86.154024148066156,39.771234495951369],[-86.154309082927625,39.771240505466857],[-86.154301139000637,39.771465475495276],[-86.154283101562939,39.771938485556916],[-86.154257134360932,39.772638537061951],[-86.154231166063511,39.773338497514061],[-86.154216028812257,39.7736494368975],[-86.154209399854423,39.773828908891609],[-86.15420211008049,39.774037481001294],[-86.15414909215491,39.77543452472959],[-86.154123067402153,39.776099443246522],[-86.154097136140265,39.776709501839875],[-86.154088544599389,39.776952040304678],[-86.154089219271185,39.776952037471176],[-86.15427281480558,39.776948563319799],[-86.154708529476679,39.776936553316155],[-86.154698080466943,39.777706442534324],[-86.15469110319394,39.777877448613694],[-86.154211119854295,39.777866494393074],[-86.154057135404017,39.777918487956363],[-86.153462065944581,39.777904500345905],[-86.152674092435603,39.777885462347037],[-86.152242075840746,39.777876460732898],[-86.150431069180186,39.77783546903779],[-86.149526106876323,39.777816446910052],[-86.14907115957817,39.777805457330182],[-86.148716093583104,39.777798464474223],[-86.148046084748913,39.777780526236683],[-86.147982161945308,39.777782503546916],[-86.147954149134293,39.777783520397762],[-86.147925090244669,39.777786523073189],[-86.147787109980655,39.77780051797545],[-86.147246170330178,39.777788525774469],[-86.146496062426905,39.777772532362818],[-86.145498066099577,39.777750530011993],[-86.145471097615527,39.77774947039326],[-86.145461076765187,39.777748520987856],[-86.145440065117896,39.777745454392502],[-86.14542907440844,39.777743518238474],[-86.145409107746389,39.777738465833025],[-86.145399073163631,39.777735534084556],[-86.14538005577316,39.777728496264722],[-86.145361127238687,39.777720467328407],[-86.145352048791892,39.777716540885301],[-86.145335129403833,39.777706521263482],[-86.145320127979616,39.777695502982148],[-86.145305119697284,39.777683493980248],[-86.145298049781033,39.777677487687789],[-86.145250095973097,39.777635526463129],[-86.145219063362021,39.777645473629477],[-86.145188106491489,39.777652537401885],[-86.145157142673611,39.77765843031203],[-86.145136083466994,39.77766248102273],[-86.145115112483552,39.777665449650478],[-86.145083069987663,39.777668464815058],[-86.145051116339175,39.777670487957053],[-86.145015110629899,39.777671446976704],[-86.14399513417419,39.777645469234159],[-86.142452130745866,39.777607484525319],[-86.141940493297582,39.777599491482711],[-86.141863742080432,39.777598274611272],[-86.141654773111128,39.777594986021505],[-86.141638980489816,39.777594780451139],[-86.141401983291999,39.777590435227168],[-86.14144056643012,39.777362008389915],[-86.141531555752479,39.776520894469861],[-86.141656081278512,39.77624446180829],[-86.142095064685421,39.775294455289362],[-86.142143152738271,39.775188500514311],[-86.142176202495847,39.775108101964236],[-86.142220145210672,39.775001444495345],[-86.142252139215771,39.774921499686386],[-86.142291065032794,39.774813511726435],[-86.142320068025356,39.774732498338572],[-86.142336281258935,39.774681985732677],[-86.142368140425091,39.774582493993336],[-86.142363367541307,39.774576218707097],[-86.142321101976108,39.774723137842621],[-86.142144019316333,39.775179578436493],[-86.142000184862411,39.775491755850403],[-86.141871990777801,39.775766121562327],[-86.141718810085905,39.776093779014978],[-86.141563550571959,39.776442720600876],[-86.141412914249187,39.776793015684632],[-86.141274478249329,39.777115121645622],[-86.141129223731568,39.777577607221701],[-86.141083488946848,39.777742167211294],[-86.141033335264893,39.777935227412833],[-86.14094255625254,39.778332633031802],[-86.140887164570501,39.778629348475356],[-86.140841452804494,39.778927053805162],[-86.140805475940681,39.779225748807569],[-86.140784888725776,39.779449915494958],[-86.140764297487152,39.779786981366648],[-86.140755894820344,39.780199149153887],[-86.140762206383641,39.780536448239317]]]},"properties":{"OBJECTID":9,"JURISDCTN":"IMPD","DISTRICT":"Downtown","POLICEZONE":"DT20","SHAPE.STArea()":19744013.822880842,"SHAPE.STLength()":32389.409709683277}},{"type":"Feature","id":10,"geometry":{"type":"Polygon","coordinates":[[[-86.082838996978154,39.636436144316292],[-86.082676152859264,39.643814826118145],[-86.082672325313013,39.645509397882165],[-86.082670417272723,39.646080091430292],[-86.082663530505414,39.648838147554038],[-86.082657393475785,39.651175135987785],[-86.082631706361838,39.653777803495814],[-86.082599968924796,39.655871232585014],[-86.082555297415311,39.656279074219817],[-86.082530042738242,39.656417118429324],[-86.082516711999375,39.656489230195518],[-86.082448207505976,39.65677258769135],[-86.082382432534857,39.657029854722907],[-86.082348614025818,39.657183714277956],[-86.082265351489426,39.657773571959318],[-86.082263560779523,39.657854565611508],[-86.082218527021411,39.660611724054796],[-86.082190141169448,39.662664645019795],[-86.082191692877643,39.662923729796724],[-86.082196012410449,39.663172509680308],[-86.08222430937316,39.663439734726445],[-86.082266752026172,39.663641022174694],[-86.082292913198899,39.663783341523384],[-86.082485581977465,39.66488901965905],[-86.082488815011985,39.66497479865054],[-86.082495630679162,39.665918018247822],[-86.082509909503088,39.666632900356241],[-86.082561366273168,39.674733481600342],[-86.082553815855178,39.676584541925159],[-86.0825376978094,39.680627981178738],[-86.082537711086488,39.680638357142058],[-86.087649907018331,39.680472146827661],[-86.091307260954622,39.680346297187498],[-86.092119893559158,39.680319976855984],[-86.09675641942583,39.680196527664108],[-86.100889502764147,39.68008632740338],[-86.104522610873104,39.680015833232567],[-86.107020206357788,39.679946803093657],[-86.111032341671546,39.679864729163036],[-86.115794409975962,39.679760276301494],[-86.118744065517433,39.679695457834242],[-86.12055659824064,39.679655595285062],[-86.122595023257972,39.679639512158587],[-86.124545700093833,39.67962367801146],[-86.126747707400469,39.679608089239423],[-86.130623896351537,39.679569926357161],[-86.131536062717942,39.679561630053705],[-86.132056149261004,39.679556897139697],[-86.132344086248807,39.679553985626647],[-86.135146368043223,39.679526570737742],[-86.136616160693734,39.679511436973982],[-86.13946926249335,39.679482893373944],[-86.142045635147213,39.679436786442729],[-86.142702913435855,39.679293794679246],[-86.143944919236063,39.679081756064392],[-86.14462783037483,39.679070278215875],[-86.146518413794794,39.67905442769699],[-86.148133816783655,39.679042186126019],[-86.149003293341039,39.679034648365864],[-86.150457008132634,39.679009960638666],[-86.15380585525655,39.67897808254331],[-86.157416832747472,39.678945865114898],[-86.158558079774664,39.678930344627538],[-86.15854668043113,39.677370221566804],[-86.158536765401834,39.676066238463392],[-86.158526877775842,39.674742694567762],[-86.158522050369655,39.674054326752888],[-86.158519056648288,39.673491206203472],[-86.158503182931497,39.67162857519714],[-86.158495368054886,39.67038566525693],[-86.158483469596092,39.66807347027477],[-86.158479659512395,39.667324701212962],[-86.158477977157432,39.667079687583644],[-86.158471458352125,39.665878294164102],[-86.158462712004592,39.664314447295141],[-86.158454695717012,39.662816988144954],[-86.158451933838606,39.662333479886229],[-86.15844539838254,39.66123126036122],[-86.158458525164619,39.660640273910211],[-86.1584569277273,39.660054840393549],[-86.158457388287914,39.659524647751631],[-86.158457745221511,39.659175646904217],[-86.158432430120669,39.658798615160016],[-86.158429764869155,39.658344276133136],[-86.158428390915972,39.658111271615198],[-86.158422335988163,39.657084545699846],[-86.158424494910577,39.656574592372387],[-86.158421279385209,39.653340611667332],[-86.158392773786034,39.653115959598296],[-86.158405649435366,39.651542145206093],[-86.158415585394536,39.649584340885418],[-86.15841874082281,39.648745286358839],[-86.158422908111532,39.648221253986918],[-86.158428673617223,39.646058596829192],[-86.158433254259478,39.64466086001071],[-86.158437994565077,39.64348926978073],[-86.158447375854564,39.64108500538191],[-86.15845139982801,39.639976903299733],[-86.15845288381901,39.639340322824545],[-86.158456126328858,39.63867799732958],[-86.158460756007955,39.637553420219497],[-86.158455688485986,39.636931966558024],[-86.158416625462635,39.636335707929931],[-86.158397313778394,39.635112742804218],[-86.15484946465034,39.635158592035943],[-86.150606038771926,39.635214439290692],[-86.148901285854024,39.635228735329584],[-86.139386950589511,39.635325495071811],[-86.139429992881233,39.635405621010364],[-86.137912343580339,39.635441643187129],[-86.13067089067917,39.635500306612101],[-86.120590446438854,39.635547341161946],[-86.117109489290627,39.635627337854615],[-86.113633057459708,39.635707125464506],[-86.10972169173597,39.635725198030755],[-86.106295727025056,39.635790032641218],[-86.101416302084758,39.635861245388568],[-86.082838996978154,39.636436144316292]]]},"properties":{"OBJECTID":10,"JURISDCTN":"IMPD","DISTRICT":"Southeast","POLICEZONE":"SE50","SHAPE.STArea()":343061754.80161381,"SHAPE.STLength()":74826.652356734761}},{"type":"Feature","id":11,"geometry":{"type":"Polygon","coordinates":[[[-85.952522349954251,39.782598825795127],[-85.952552711686351,39.782603417440221],[-85.952650201126431,39.782602511643987],[-85.952683221739974,39.782602204198803],[-85.952874360048398,39.782600426995693],[-85.953076031303979,39.782598558635272],[-85.953098517790536,39.782598342818069],[-85.953322640491578,39.782596257393358],[-85.953381633297781,39.782595709061795],[-85.953546798201501,39.782594172349988],[-85.953614614941984,39.782593541741882],[-85.953770955895266,39.782592086873656],[-85.953817388091977,39.782591654957841],[-85.95399511356915,39.78259000006377],[-85.954020197413641,39.782589766829275],[-85.954219271230642,39.78258791372167],[-85.954223006722074,39.782587878346341],[-85.954493419116531,39.782585360718514],[-85.954585255283178,39.782648143723982],[-85.95720106644886,39.7826185240637],[-85.95838872366933,39.782605056352367],[-85.960379952112206,39.782582450018225],[-85.961858263697309,39.782565643906182],[-85.961965589415627,39.782561750128572],[-85.962070384804292,39.782561267269429],[-85.964971894016486,39.782547868666214],[-85.9661950392249,39.782540863368141],[-85.967586002134951,39.782532880565952],[-85.968957801296199,39.782524991355949],[-85.971307917794164,39.782511438973188],[-85.971326042219701,39.782510818562308],[-85.971326880443442,39.782507386566195],[-85.971328027565917,39.782502527079465],[-85.971330134955863,39.782493056283919],[-85.971331647127982,39.782485736977961],[-85.971332519314515,39.782481270910125],[-85.971333700621187,39.782474898188418],[-85.971335143721348,39.782466475728711],[-85.971336374416097,39.782458596036925],[-85.971337197832497,39.782452865540002],[-85.971338151114395,39.782445611649521],[-85.971338889565814,39.782439409418465],[-85.971339293644931,39.78243574078202],[-85.971339749206194,39.782431304629611],[-85.971340181892231,39.782426710917974],[-85.971340687842371,39.782420729964265],[-85.971341145866248,39.782414469925094],[-85.971341585786348,39.782407281330606],[-85.971341937315515,39.782399902924361],[-85.971342091770822,39.782395749475768],[-85.97134226022753,39.782389741486909],[-85.9713423633155,39.78238373457031],[-85.97134239941893,39.782377891753619],[-85.971317752125529,39.780532129800491],[-85.971275009700889,39.777330981504662],[-85.971256723379526,39.775794689320783],[-85.971225133788749,39.773140712849688],[-85.971204292938836,39.771389598859614],[-85.971187810598735,39.770004615197855],[-85.971137335758357,39.770012474583247],[-85.970017311355832,39.770018231868434],[-85.969430218485556,39.770019155969131],[-85.967795115040758,39.770021711958741],[-85.967479279794361,39.770022750727385],[-85.967194679986491,39.770023679841145],[-85.966914994389938,39.770022017787944],[-85.966629813226902,39.770022656099648],[-85.966486270759063,39.770022963040731],[-85.966494942224216,39.770791758746462],[-85.966496728342065,39.770949224234137],[-85.965576013480032,39.770947563119364],[-85.963572604363904,39.770943893092138],[-85.962487526734833,39.770941887458356],[-85.962493061011614,39.771603020986348],[-85.961856218163121,39.771630283102496],[-85.961861864396838,39.77206105932369],[-85.959388833252746,39.771919462191278],[-85.959297568007358,39.773360538905159],[-85.959278764273378,39.773668543414836],[-85.959171627964778,39.773673974389077],[-85.955907340118259,39.773838444556148],[-85.955901966939336,39.773481103765008],[-85.955894675409112,39.772997264956608],[-85.955889559430716,39.772658950408768],[-85.955887147207136,39.772498959019273],[-85.95588507920327,39.772361809000387],[-85.955876800846269,39.771811948851372],[-85.955875965787939,39.771756880439035],[-85.95586719653663,39.771174461742056],[-85.955862967805359,39.770895248639064],[-85.954463680001467,39.77141344139077],[-85.953746155033187,39.771510589968891],[-85.952731189052699,39.771810245945957],[-85.952585172712659,39.771841242496315],[-85.952582512558706,39.771653883446014],[-85.952551594706506,39.770225586024779],[-85.953190518554877,39.770213468894148],[-85.953188484649914,39.769834623773285],[-85.952545118933244,39.769846834693389],[-85.952366139544026,39.769847823014153],[-85.952309300356816,39.769824604576954],[-85.952306955448762,39.769888133780775],[-85.952309970653843,39.770382169459751],[-85.95233138826579,39.771637054662847],[-85.952419616168172,39.776702067295282],[-85.952433168920138,39.777480077017209],[-85.952522349954251,39.782598825795127]]]},"properties":{"OBJECTID":11,"JURISDCTN":"Cumberland","DISTRICT":"Excluded","POLICEZONE":"Excluded","SHAPE.STArea()":21472854.717626091,"SHAPE.STLength()":23368.083138403821}},{"type":"Feature","id":12,"geometry":{"type":"Polygon","coordinates":[[[-86.092761109520623,39.781472508196515],[-86.093686069918562,39.781465504916575],[-86.094636066525794,39.781458492911497],[-86.095733099102063,39.78145047837743],[-86.096390084412448,39.781445525681185],[-86.096916082364743,39.781451503729556],[-86.09759907321984,39.781447528591556],[-86.098194147206115,39.781443516096594],[-86.098827071148207,39.781440529595308],[-86.100016069197423,39.781433484001958],[-86.100546126303385,39.781426458855073],[-86.101204092539461,39.7814244474812],[-86.102087092560907,39.781421498236107],[-86.102116944252074,39.781421476301389],[-86.102147179996791,39.781421452917897],[-86.102183958820191,39.781420504293294],[-86.102221025406692,39.781419464509106],[-86.102222497190567,39.781419422958322],[-86.102291211212972,39.78141748979008],[-86.102362077977503,39.781416502318756],[-86.10260694603879,39.781415312570289],[-86.10319008710826,39.781412490164698],[-86.103765047872926,39.781410506250126],[-86.104158204315127,39.781408484431459],[-86.10427914387806,39.781407488056459],[-86.104829254429646,39.781404511755071],[-86.105371089551511,39.781402464807904],[-86.10589308178993,39.781399499683559],[-86.106919154491905,39.78139344930409],[-86.107659054122848,39.78138946926925],[-86.108323177196937,39.781386493458733],[-86.109003091880595,39.781383453660098],[-86.109737117134543,39.78137948276612],[-86.110356076929079,39.781376487600056],[-86.110951053808222,39.781372499231473],[-86.110780985403679,39.774599796484488],[-86.107305354306163,39.774612328219199],[-86.107212138659932,39.768957499526294],[-86.106204051644553,39.769007533699742],[-86.105760155023916,39.76902849117598],[-86.105110019326176,39.769062478192176],[-86.105000199629885,39.769067487369369],[-86.104541193029874,39.76908948889858],[-86.103819053340104,39.769125541673887],[-86.102282204016959,39.769205547844479],[-86.102215984092282,39.769208499308824],[-86.102152273292518,39.769212521237741],[-86.102148753655769,39.769212787535203],[-86.102087124424742,39.769217450108613],[-86.102021194494924,39.769220490442045],[-86.101071136766819,39.769267560316116],[-86.101030135098497,39.769269515132464],[-86.10098912720207,39.76927047920821],[-86.100948022432476,39.769271443631943],[-86.100907015099352,39.769272497744694],[-86.100866007199031,39.769273461776955],[-86.100824915443567,39.769276498576012],[-86.099888942871431,39.769328460733718],[-86.099824167016038,39.76933149461096],[-86.099760065198481,39.769334436769427],[-86.099630128309727,39.769340506681459],[-86.098571016701044,39.769392557231257],[-86.09736897954474,39.769452425008673],[-86.096167241909399,39.769514440866097],[-86.095649904283363,39.769539505261314],[-86.09496520200257,39.769574553967537],[-86.093764224053857,39.769635551395609],[-86.092608963085908,39.769694477200225],[-86.092601117963611,39.769702523856495],[-86.09259509508172,39.769709482106656],[-86.092586035968878,39.769723567782215],[-86.092582137554018,39.76973150988573],[-86.09257910570598,39.769739537976534],[-86.09257410122207,39.769755501103582],[-86.092573044561604,39.769771539811693],[-86.092577011621714,39.7701965360652],[-86.092597125523952,39.772085498689847],[-86.092597105599836,39.772113514445998],[-86.092594966692786,39.772141448810942],[-86.092593214670728,39.77216947092333],[-86.092590979434007,39.772197494808829],[-86.092589900318231,39.772225424383379],[-86.092589977267849,39.77225343978337],[-86.092624169027999,39.774723473731854],[-86.092625230826627,39.774739504651777],[-86.09262591354846,39.774756527711588],[-86.09262918901949,39.774772460438776],[-86.092632085969839,39.77478947537179],[-86.092636036655733,39.774805495688533],[-86.092639986176266,39.774821516009396],[-86.092643172603616,39.774838529879524],[-86.092645004223144,39.774854467905392],[-86.092647124703831,39.774870494939023],[-86.092648288330309,39.774887516233242],[-86.092650013985448,39.774995519514135],[-86.092692061264842,39.777692531769247],[-86.092699062503868,39.778078510547601],[-86.092703083224208,39.778324512045749],[-86.09273412959574,39.778768505375595],[-86.092740101379036,39.779159172295103],[-86.092774095129244,39.781376522833632],[-86.092773093361842,39.781401478938662],[-86.092771122990683,39.781425538820976],[-86.092766077562089,39.781450509772235],[-86.092761109520623,39.781472508196515]]]},"properties":{"OBJECTID":12,"JURISDCTN":"IMPD","DISTRICT":"Northeast","POLICEZONE":"NE26","SHAPE.STArea()":20601275.425331995,"SHAPE.STLength()":19024.660101774443}},{"type":"Feature","id":13,"geometry":{"type":"Polygon","coordinates":[[[-86.197333152495631,39.788131482109911],[-86.197543125946183,39.788298524852848],[-86.197661154650731,39.788393471824996],[-86.19786741986853,39.788540381015679],[-86.198120280645838,39.788705550219383],[-86.198129218298732,39.788711388900737],[-86.199314096695332,39.788366529604119],[-86.199946236031877,39.788179497674896],[-86.199995276318731,39.788164593994246],[-86.200012145267721,39.78815946727881],[-86.200079114015182,39.788139521142263],[-86.200147149715789,39.788120471638905],[-86.200215201380303,39.788103493576934],[-86.200283935440666,39.78808750308081],[-86.200353061208858,39.78807250148617],[-86.200387973539719,39.788066485631916],[-86.200458173443877,39.788053461422372],[-86.200493085755625,39.788047445536606],[-86.200562916379937,39.788036494517108],[-86.200634201087524,39.78802652750862],[-86.200705113985222,39.788018454487514],[-86.200776035223399,39.788011462195833],[-86.200850913055305,39.788005532459486],[-86.200851767259167,39.788005482593057],[-86.20090318183145,39.78800249885407],[-86.200953163255861,39.788002448887276],[-86.202086158975916,39.787988489626379],[-86.202875960377156,39.787978537377569],[-86.204153209182408,39.787963530149071],[-86.20522823670197,39.78795052831974],[-86.205626026263786,39.787945529209047],[-86.206217079035795,39.787938458573052],[-86.206221124174945,39.787938439765796],[-86.206226131978582,39.787938506550198],[-86.206243032121279,39.787944463401928],[-86.206256022265137,39.787955483116654],[-86.206273266370133,39.787968555504875],[-86.20629525503594,39.787972506300754],[-86.206841037565837,39.78796447210555],[-86.20736516068645,39.787957436937297],[-86.208424956545571,39.787942495874908],[-86.209583164513688,39.787926453397816],[-86.209585957708143,39.787926530397847],[-86.211036070828229,39.787887487597899],[-86.211676117643194,39.78787745729722],[-86.212580100201976,39.787863479244031],[-86.213644258525179,39.787852523037415],[-86.214150097688048,39.78784743482214],[-86.21462994444137,39.787843548847782],[-86.215818081742526,39.787837482256123],[-86.217176998428641,39.787811495563268],[-86.21853411283044,39.787784510786231],[-86.21854550434017,39.787784284584745],[-86.219536044004499,39.787764518597093],[-86.219892115571284,39.787757506805391],[-86.221161090089851,39.787732443502286],[-86.222332147957943,39.787710537235093],[-86.223502136648463,39.787687452502816],[-86.223726105241511,39.787683495463106],[-86.223734001674373,39.787683457558352],[-86.224672125881639,39.787664537008681],[-86.224702075604029,39.78766448306348],[-86.224732981170973,39.787663523838653],[-86.225270172780171,39.787653552867496],[-86.225509253841807,39.787649722293551],[-86.225712241531426,39.787646469509127],[-86.225707105974848,39.787627733181779],[-86.22565954831137,39.787454217495402],[-86.225657076252062,39.787148760848268],[-86.22565658563488,39.787088137849857],[-86.225666504390006,39.787088000005028],[-86.225665632630921,39.787087463798954],[-86.225659441439078,39.787083980086393],[-86.225658667304003,39.787083533477563],[-86.225735550465629,39.7869807392116],[-86.225743761429072,39.786969809588555],[-86.225749270829539,39.786962476767513],[-86.22574366921485,39.786957984164552],[-86.225733082900675,39.786949493158666],[-86.22572016954885,39.786936492872059],[-86.225708211301892,39.786922498140697],[-86.225703243147606,39.786915495003804],[-86.225694166221842,39.786900495647977],[-86.225686243858007,39.78688548982911],[-86.225681942458962,39.786877493637157],[-86.225677286657316,39.786861481339429],[-86.22567407493915,39.786845462085395],[-86.225672204287235,39.786828535695939],[-86.225671176291513,39.786820522834965],[-86.225660018440436,39.785703466921255],[-86.225659310330542,39.785675544884576],[-86.225654270077527,39.785564407776342],[-86.22564916965905,39.785481466606839],[-86.225645257147619,39.785426445162969],[-86.225636977974531,39.785343519301883],[-86.225631229341161,39.785287515056147],[-86.225617145337694,39.785177412241289],[-86.225605303398737,39.785094503533998],[-86.225587264131235,39.784983519085721],[-86.225572156236751,39.784901526777176],[-86.225561021299868,39.784846541008648],[-86.225544084198162,39.784764557503728],[-86.225531119302275,39.784709489575363],[-86.225511003965579,39.784627431301224],[-86.225490117776644,39.784545466801802],[-86.225474947215943,39.784491490296809],[-86.22545223913734,39.784410435237028],[-86.225427124745167,39.784329482725667],[-86.225401143494452,39.784248443412849],[-86.225302123179944,39.783959486114462],[-86.225285219375621,39.783905517921937],[-86.22527700839791,39.783878442597235],[-86.225270145283318,39.783851450851657],[-86.225263282174225,39.783824459105496],[-86.225257190692005,39.783797463644746],[-86.225252148826584,39.783769472387974],[-86.225248174933412,39.78374246673399],[-86.225244193032637,39.783714470374775],[-86.225240989598817,39.78368746101193],[-86.225239127177034,39.783659544518471],[-86.225236982536089,39.783632530059158],[-86.225211100754635,39.782027477840714],[-86.225115897633444,39.781948123476845],[-86.224630679922768,39.781758671837984],[-86.224829791635244,39.781457560404604],[-86.225229255267962,39.780730564312364],[-86.225428212595332,39.780368467752538],[-86.225419447046875,39.780359232987855],[-86.225204254605515,39.780132539107449],[-86.225208192631712,39.779035496991597],[-86.225298621171049,39.778834358563657],[-86.225209991067018,39.778793437784707],[-86.225218248918935,39.776646554589263],[-86.225222151224756,39.775878492432653],[-86.22522903760678,39.773764494898877],[-86.224863146478341,39.773774543291907],[-86.224128103261961,39.77379645273534],[-86.222971140005782,39.773829479314969],[-86.221879093141595,39.773853446356242],[-86.220662159073541,39.77388853815269],[-86.219578150246079,39.773918479716293],[-86.218446110895101,39.773950441773053],[-86.217290104173273,39.773983497246171],[-86.216800035046262,39.773997441804163],[-86.216761144874866,39.773998437651798],[-86.216722263297811,39.77400051335821],[-86.216683002546574,39.774003491526202],[-86.216644128139166,39.774006468750805],[-86.21660526116203,39.774010526740398],[-86.2165670759764,39.774015481263582],[-86.216528218039642,39.774020529929999],[-86.216490049338731,39.774027557709744],[-86.216452257197332,39.774033501979254],[-86.216414095639053,39.774041429477187],[-86.216375934788317,39.774049447027011],[-86.216338166989487,39.774058454348847],[-86.216301072650467,39.77406745846902],[-86.216288098439279,39.774070492148027],[-86.216138015798862,39.77410975810615],[-86.216135132725881,39.774110492297865],[-86.216134081959552,39.774111488018029],[-86.216133996422172,39.774282464963022],[-86.216045512317123,39.774343059020133],[-86.215302049155156,39.774372790130919],[-86.21531609826188,39.774262552825682],[-86.214786124354717,39.774283524471386],[-86.214037159932033,39.774311471203795],[-86.21343010204086,39.774337483708784],[-86.212213071788042,39.774386450590221],[-86.210650103779614,39.774449457836262],[-86.20969410795297,39.774487535459023],[-86.209259131557886,39.774504523804623],[-86.208766312130351,39.774524482746983],[-86.20823209810527,39.774545443373889],[-86.207675072690421,39.774567499525986],[-86.207118158559894,39.77459144391036],[-86.206566153973384,39.774615452851826],[-86.206093254331932,39.774646477985094],[-86.205207105255184,39.774653475475219],[-86.203801138174455,39.774663504517477],[-86.203115148672254,39.774668478686209],[-86.202428092696707,39.774672463878233],[-86.201742103613014,39.77467751999697],[-86.201052070487705,39.774682500613707],[-86.19968213543001,39.77469546621667],[-86.198308125986912,39.774704471329549],[-86.196935086552571,39.774714446489227],[-86.195868097506036,39.774719496745931],[-86.194860227450448,39.77472444828846],[-86.193804992907758,39.774730506894812],[-86.193087220571485,39.774734485328977],[-86.191310061816736,39.7747304616694],[-86.190350156333366,39.77473749897451],[-86.18978911953775,39.774739488730489],[-86.189766114841461,39.774740493097447],[-86.189741103544719,39.774743488896412],[-86.189720039738305,39.774746465998923],[-86.18969708189293,39.774753506486903],[-86.188621496990876,39.775095895922611],[-86.188412264115499,39.775162498870543],[-86.189147377972574,39.775974167759209],[-86.190407152437771,39.777363924349487],[-86.190519088808642,39.777487406463919],[-86.190678435761569,39.778222300367077],[-86.190538938310667,39.778987819835081],[-86.190307644829531,39.779394190183517],[-86.190274102380315,39.77945312063904],[-86.190217372873349,39.779552827583714],[-86.19012063462263,39.779722708411455],[-86.189626080890577,39.780282458240961],[-86.189619624822058,39.780382458924144],[-86.189610135586207,39.780529446301145],[-86.189500074496266,39.780580478292549],[-86.189338087686934,39.78067939798661],[-86.189284834383642,39.780717202360755],[-86.18926615837168,39.78073052821992],[-86.189196018073304,39.780763544036361],[-86.18912415106189,39.780797468261106],[-86.189078603202404,39.780810104449607],[-86.189052081523982,39.780817431052391],[-86.189013287799639,39.780831748100333],[-86.188984095490667,39.780842509281676],[-86.188876451333257,39.780894971787568],[-86.188861101651142,39.780902517378131],[-86.188809189353847,39.780939414822114],[-86.188702090097266,39.781038537006211],[-86.188629165577751,39.781136513746489],[-86.188600728758161,39.781183484966476],[-86.188588080672503,39.781204530331884],[-86.188548183549727,39.781251463009738],[-86.18848518893796,39.781325433383969],[-86.188454852467856,39.781350432979764],[-86.188434085332972,39.78136746178366],[-86.188404559387891,39.78139777171819],[-86.188354202690178,39.781449525840586],[-86.188332593534213,39.781482593168867],[-86.188309080523297,39.781518461150036],[-86.188302059441625,39.781532455908106],[-86.18825194462373,39.781590603706725],[-86.188226171075357,39.781620537360226],[-86.188204603606493,39.781646307189462],[-86.188151066061209,39.781710506664055],[-86.188100777270719,39.781758475723628],[-86.188087105384298,39.781771509605399],[-86.188071176371253,39.781791578908816],[-86.188011083011872,39.781867428308992],[-86.187820734455741,39.782177265969999],[-86.18777516858755,39.78225142788606],[-86.187753086802303,39.782285669006178],[-86.187719107366732,39.782338519291116],[-86.187677142118503,39.782430411943722],[-86.187649155130146,39.782524493522956],[-86.187638138684974,39.782570484716345],[-86.187629185371947,39.782634483792158],[-86.187628178408687,39.782641514494628],[-86.187609148057589,39.782748527406191],[-86.187602198820784,39.782797473472577],[-86.187601140968241,39.782810450673239],[-86.187569017420728,39.782879417401467],[-86.187560109814612,39.782898555339642],[-86.187533126019204,39.782972453612217],[-86.187525118601442,39.78302149448924],[-86.1875211222318,39.783053491865097],[-86.187519118990622,39.783081516415656],[-86.187468180461565,39.783273439717135],[-86.187465161837721,39.783294532708673],[-86.187448156756446,39.783376494070502],[-86.187439065969826,39.783409595114982],[-86.187431097772176,39.783438457038557],[-86.187403055312004,39.783499568610637],[-86.187280139000634,39.783762440447781],[-86.187247711274296,39.783778440531052],[-86.187223150378273,39.783790531507087],[-86.187163189847425,39.783820527289052],[-86.187110489560496,39.78385535593808],[-86.187105314064468,39.783858711652485],[-86.187092091801446,39.783867509314902],[-86.187074874158313,39.783882900734525],[-86.187074819651812,39.783882948714826],[-86.187038237921868,39.783915493888152],[-86.187027142057602,39.783925452888475],[-86.18698809541641,39.783970488877706],[-86.186919115409481,39.784081419269548],[-86.186908975169629,39.784115966957515],[-86.186897146144304,39.784156466682361],[-86.186891200770717,39.78423648605191],[-86.186893206461917,39.784285481989905],[-86.186908096651052,39.784357391032273],[-86.186920335517897,39.78439688218625],[-86.1869261575564,39.784415503700139],[-86.186994078590033,39.784547530237205],[-86.187019104462109,39.784584262016622],[-86.187028159143892,39.784597463167792],[-86.18709117763288,39.784666453440117],[-86.187096538685637,39.784675167765322],[-86.187127051790625,39.784724486189745],[-86.187232076672203,39.784834546191448],[-86.187285105749467,39.784881511880045],[-86.187419115152693,39.78497846923014],[-86.187588605943034,39.785094094909404],[-86.187597120741046,39.78509946164975],[-86.187638871096922,39.785119092724742],[-86.187663127582255,39.785130514294849],[-86.187720095217728,39.78515043729432],[-86.187813146708095,39.785179476102272],[-86.187979128136206,39.785225482945876],[-86.188155344782629,39.78528774940969],[-86.188231142481541,39.785314523652033],[-86.188314111743637,39.785347481178697],[-86.188353978917164,39.785360093380234],[-86.188472036176208,39.785397487408218],[-86.18850572666571,39.785408416044014],[-86.188564132705991,39.785427521550275],[-86.188765159317569,39.785459497435504],[-86.188813161502154,39.78546549703993],[-86.188904092021716,39.78546851045401],[-86.18900911327853,39.785488486767079],[-86.189087206952223,39.785500476315171],[-86.189185099481875,39.785507422946814],[-86.189193736653777,39.785507955086764],[-86.189478083614361,39.785525470670429],[-86.189827101339802,39.785643437418749],[-86.189908166700931,39.785666403072767],[-86.189961397580745,39.785681123295689],[-86.190005924549297,39.78569343740832],[-86.190057070343201,39.78570752931099],[-86.190180110116785,39.785741476553717],[-86.190301171223368,39.78576849558258],[-86.190502128576483,39.785816503510539],[-86.190565198972308,39.785828469806113],[-86.190668115944064,39.785837464058758],[-86.19071891759296,39.785844170774446],[-86.190798058480652,39.78585453322237],[-86.190886152921038,39.785864494901446],[-86.191028134156952,39.785894480969247],[-86.191071144915313,39.785902484580234],[-86.191196154780485,39.785929484829886],[-86.191266064009824,39.785941419833328],[-86.191377125825355,39.785970464426192],[-86.191487134087055,39.785987442810473],[-86.191538924555346,39.785997658233889],[-86.191584156834281,39.786006552283375],[-86.191656146211855,39.786013523021055],[-86.19166906638668,39.786015537028781],[-86.191780103486849,39.786028546603326],[-86.191845073262584,39.786049512173761],[-86.191941148638591,39.78607051705545],[-86.192035116697511,39.786080451275382],[-86.192065177335238,39.786082476808751],[-86.192158111065893,39.786095478812406],[-86.192212206050385,39.786117484162638],[-86.192333606089903,39.786150805167495],[-86.192460120407347,39.786185453888294],[-86.19254415036599,39.786205522099237],[-86.192601259391367,39.786218414975892],[-86.192637143538718,39.786226450302394],[-86.192746103112825,39.786257394529905],[-86.192850083590045,39.786279443633269],[-86.192925208851108,39.786293426441524],[-86.192977805933012,39.786308321981537],[-86.193017085651334,39.786319494158093],[-86.193056163838065,39.786329496356096],[-86.193101168791529,39.786346497832348],[-86.193163873879968,39.786360806128314],[-86.193228122720953,39.786375468557011],[-86.193265120588009,39.786390524812013],[-86.193387148445211,39.786430417700551],[-86.193478474322603,39.786459820954263],[-86.193560048702011,39.786486024173762],[-86.193630133860452,39.786508497566636],[-86.193682863883069,39.786528075699316],[-86.193808120573536,39.786574440151277],[-86.193846363045097,39.786588408854264],[-86.193882093406771,39.786601489181386],[-86.193976097380428,39.786628537215933],[-86.194029139246041,39.786638474735398],[-86.194066878907478,39.78666226572431],[-86.194121164691367,39.786696430245037],[-86.194206127693363,39.786737481467938],[-86.194255745818907,39.786753110509061],[-86.194298123996361,39.78676652075535],[-86.194434111486942,39.786805538459689],[-86.194509136560285,39.7868315014911],[-86.194600169303257,39.78686045395245],[-86.194697178748285,39.786877398352196],[-86.194698430903074,39.786877482722502],[-86.194716288118926,39.786878379604637],[-86.194797082400726,39.78688243877135],[-86.194916160827802,39.786876401772325],[-86.194929244493451,39.786887242200194],[-86.194960062353758,39.786912505486718],[-86.195034129964483,39.786964505682846],[-86.195117078768462,39.787006466982561],[-86.195134563403045,39.787013593673109],[-86.195223146787214,39.787049493806016],[-86.195311161831185,39.787086477271387],[-86.195406113100987,39.787111447371544],[-86.19553414809063,39.787130502300144],[-86.195596140084078,39.787139497636829],[-86.195740491692973,39.787226850100794],[-86.196193110323719,39.787490529321737],[-86.196375130161925,39.787579510456489],[-86.196498133943095,39.7876455197136],[-86.196611161107739,39.787691485718398],[-86.196753330701313,39.787757677382672],[-86.196886124928128,39.787819498394292],[-86.19703712638821,39.787919520179862],[-86.197143087779153,39.787998488101927],[-86.197333152495631,39.788131482109911]]]},"properties":{"OBJECTID":13,"JURISDCTN":"IMPD","DISTRICT":"Southwest","POLICEZONE":"SW15","SHAPE.STArea()":49029546.719458908,"SHAPE.STLength()":31104.550027945534}},{"type":"Feature","id":14,"geometry":{"type":"Polygon","coordinates":[[[-86.154572951150342,39.764211502785599],[-86.154548101284817,39.764864436868919],[-86.154522199424349,39.76555953435421],[-86.155130077416629,39.765575445252729],[-86.156338119939178,39.765605486876616],[-86.157241990126096,39.765628424734651],[-86.158150150290808,39.765648453407245],[-86.1581501713043,39.765648454218976],[-86.158736073589267,39.765660475386738],[-86.159948140267474,39.765687490121955],[-86.161776170208071,39.76572952231934],[-86.161804962350985,39.765730480311944],[-86.163584073504467,39.765770440104596],[-86.165401125052028,39.765811471449979],[-86.166609147037448,39.765837533309451],[-86.167155091417484,39.765848512291939],[-86.167192060420888,39.764585483751169],[-86.167261123287332,39.764537441735229],[-86.167303604473688,39.76346428320403],[-86.167316945557999,39.763126414579894],[-86.167320217412822,39.7630464074145],[-86.167348264801575,39.762346523257818],[-86.167356173442684,39.761750411368141],[-86.167355126312657,39.7617255534904],[-86.167352257537345,39.761701513182679],[-86.167348225106693,39.761676488046128],[-86.167343231071513,39.761651466156636],[-86.167321222480624,39.761656515736654],[-86.167289964000716,39.761660434323915],[-86.167258314534038,39.761663543075571],[-86.167226265473602,39.761664491907773],[-86.165723268872981,39.76162655323337],[-86.165640168387327,39.761623487919508],[-86.165560135110383,39.761618517031913],[-86.165476258438602,39.761614463287195],[-86.165397105384045,39.761611470002428],[-86.164652258421,39.76159349939946],[-86.163747194607055,39.761571524932769],[-86.161932069721942,39.761528477727516],[-86.16028216948456,39.761489473195077],[-86.160203030912697,39.761488458704726],[-86.160121982118653,39.761489433779865],[-86.160062111976615,39.761490498908806],[-86.160001078799908,39.761490488132829],[-86.159340049973437,39.761481495129921],[-86.159097030255353,39.76147550019666],[-86.158319077872022,39.76145852917049],[-86.158309919677635,39.761458287851077],[-86.158125064384905,39.761453405425343],[-86.157566124939649,39.761437484202673],[-86.157237986124983,39.761428511923903],[-86.156650180321648,39.761414509652958],[-86.156611275080721,39.761412512249123],[-86.156572073401733,39.761409524433475],[-86.156533063641064,39.761406445726458],[-86.156498187457885,39.761402539849612],[-86.156456083982178,39.761397492674014],[-86.156417267424288,39.761394503180895],[-86.156377968909524,39.761391516608903],[-86.15633907006125,39.761390418867329],[-86.15484726613029,39.761354454640006],[-86.154804050728217,39.761355537074614],[-86.154761900142049,39.761357515696616],[-86.154716200730391,39.761361491624946],[-86.154690993118294,39.761363489046076],[-86.154684173224396,39.761365500120199],[-86.154678104149596,39.761419484550125],[-86.154675205263416,39.761472555869858],[-86.154572951150342,39.764211502785599]]]},"properties":{"OBJECTID":14,"JURISDCTN":"IMPD","DISTRICT":"Downtown","POLICEZONE":"DT35","SHAPE.STArea()":5450863.1617508996,"SHAPE.STLength()":10181.361257815028}},{"type":"Feature","id":15,"geometry":{"type":"Polygon","coordinates":[[[-86.23996924753601,39.816675460526298],[-86.239970569525184,39.816675444086854],[-86.241821155845415,39.816652512359788],[-86.241899956275574,39.816651491246752],[-86.244255101636966,39.816621504880466],[-86.245125178760077,39.816610504496389],[-86.245289042426137,39.816608515663312],[-86.245988127793964,39.816599532277557],[-86.24836124250966,39.816564508323431],[-86.248375308337685,39.816564527871833],[-86.248384268497702,39.816564482949452],[-86.249409229555411,39.816549430496124],[-86.250768178430036,39.81653043644792],[-86.250780125672222,39.816530466370047],[-86.251664259356062,39.816518535582432],[-86.251678991818792,39.816517560632107],[-86.252393963634688,39.816507557879895],[-86.25330294345224,39.816494497537796],[-86.253320285224746,39.8164944999235],[-86.253338300876621,39.816494498899246],[-86.253349091121819,39.816494444339966],[-86.253554950431507,39.816491511843516],[-86.256015247191527,39.8164565207992],[-86.256142306734546,39.816454523440591],[-86.256184023346492,39.816454491627006],[-86.259038131389204,39.816415543520776],[-86.260317197537574,39.816395494436705],[-86.260367287177132,39.816394516707938],[-86.260726112111882,39.816388446938141],[-86.261416987642548,39.816377520318611],[-86.262594226577676,39.816358508450527],[-86.263422178636702,39.816345514769878],[-86.266039056541175,39.816303470356068],[-86.266624066943436,39.816294501531182],[-86.266672325133669,39.816293531451329],[-86.267981253511181,39.816273513655076],[-86.268764981868415,39.81626044083054],[-86.270150965426325,39.816238556700583],[-86.270152024706135,39.816238551191027],[-86.27143219637837,39.81621350931411],[-86.271895139442663,39.816204519626048],[-86.275120129984103,39.81614198042476],[-86.275421053576807,39.816136439034381],[-86.275552153673061,39.816133858819995],[-86.275552867808329,39.815990579274086],[-86.275433840903489,39.810476183082741],[-86.275431666567329,39.809140716384682],[-86.275417007008414,39.80878669105644],[-86.275408051476859,39.808787010943156],[-86.275282379049159,39.80879154397168],[-86.275267547710314,39.80879207209928],[-86.275235961346183,39.808793228505216],[-86.275048366037097,39.808799977444792],[-86.274965449953257,39.808802934937241],[-86.274199081960816,39.808830461167808],[-86.273848206702212,39.808837522560694],[-86.273599134802225,39.808842429228555],[-86.273332146952569,39.808847428133994],[-86.273083171514372,39.808852423257107],[-86.272789122617723,39.808858463908869],[-86.271787155992243,39.808878466363119],[-86.270192649158147,39.808909652414151],[-86.270198913671479,39.809258780143523],[-86.270014413326336,39.809262953249061],[-86.270024496950882,39.810744992078028],[-86.269904450435149,39.810755094005948],[-86.268424904579405,39.810761188710124],[-86.26505613117871,39.81081464301031],[-86.263565127993232,39.810837763810639],[-86.261628732197423,39.810868299228218],[-86.260608058974455,39.810884120211774],[-86.260571773058871,39.809191075361461],[-86.258203173198169,39.809115434896611],[-86.257860838345621,39.809119071024199],[-86.255839193960654,39.809140523915126],[-86.25567217553052,39.809154433385025],[-86.255681344484444,39.809359593947953],[-86.255839669621835,39.809637428047708],[-86.255837613144266,39.809637437589068],[-86.255277216090775,39.809658468975066],[-86.255058359585647,39.809658549516833],[-86.254876305732168,39.809650208250588],[-86.254695024306628,39.809634654713321],[-86.254443562999896,39.809600583755696],[-86.254301517553031,39.809574880227629],[-86.254126159948868,39.809536305268914],[-86.253855557547624,39.809462180724857],[-86.253595966150442,39.809387656695243],[-86.253271921012015,39.809294242127073],[-86.253168017471737,39.809266970851127],[-86.253026717094173,39.809237144123486],[-86.252882931098071,39.809215908674354],[-86.252700990258944,39.809201042560332],[-86.252177643272404,39.809202998274962],[-86.251696653772044,39.809208855942401],[-86.248283231522208,39.809256556816372],[-86.246745286042596,39.809269746979474],[-86.245036933819222,39.809290627594962],[-86.243971405929173,39.809303826440804],[-86.240689912551971,39.809346529602038],[-86.240686466515058,39.808946940288642],[-86.240841245311145,39.808708997931973],[-86.240024148250427,39.808719434005702],[-86.23986814296569,39.808621474943635],[-86.23987151889753,39.808803261544007],[-86.239862421777218,39.808803287569255],[-86.239961002735399,39.815982003903017],[-86.23996924753601,39.816675460526298]]]},"properties":{"OBJECTID":15,"JURISDCTN":"IMPD","DISTRICT":"Northwest","POLICEZONE":"NW35","SHAPE.STArea()":24814638.268003035,"SHAPE.STLength()":27433.729424302284}},{"type":"Feature","id":16,"geometry":{"type":"Polygon","coordinates":[[[-86.152242075840746,39.777876460732898],[-86.152674092435603,39.777885462347037],[-86.153462065944581,39.777904500345905],[-86.154057135404017,39.777918487956363],[-86.154211119854295,39.777866494393074],[-86.15469110319394,39.777877448613694],[-86.154698080466943,39.777706442534324],[-86.154708529476679,39.776936553316155],[-86.15427281480558,39.776948563319799],[-86.154089219271185,39.776952037471176],[-86.154088544599389,39.776952040304678],[-86.154097136140265,39.776709501839875],[-86.154123067402153,39.776099443246522],[-86.15414909215491,39.77543452472959],[-86.15420211008049,39.774037481001294],[-86.154209399854423,39.773828908891609],[-86.154216028812257,39.7736494368975],[-86.154231166063511,39.773338497514061],[-86.154257134360932,39.772638537061951],[-86.154283101562939,39.771938485556916],[-86.154301139000637,39.771465475495276],[-86.154309082927625,39.771240505466857],[-86.154024148066156,39.771234495951369],[-86.15340409478388,39.771219441942648],[-86.153155080513656,39.771214450528596],[-86.152501137391369,39.771199442774673],[-86.151599142824196,39.77117952352603],[-86.150688091553221,39.771158464152265],[-86.149781084412425,39.77113746995898],[-86.148880232253731,39.771115453256392],[-86.148877011462019,39.771150508489384],[-86.148874174033054,39.771185472061312],[-86.148872011852418,39.77122052379616],[-86.148843075790623,39.772013461106233],[-86.148824109423884,39.772510435886474],[-86.148806056301581,39.772917504593288],[-86.148794127190556,39.773222483723877],[-86.14878210397562,39.773555479765129],[-86.148769077930993,39.773896495999125],[-86.148738121960037,39.773889508314674],[-86.148725684806223,39.773887128138853],[-86.148717103270343,39.773885451590537],[-86.148696093295413,39.773882476542418],[-86.148664105159881,39.773879456114649],[-86.148633088051255,39.773877423293747],[-86.147886089989342,39.773859443467636],[-86.147574185257824,39.773853439892015],[-86.147056103456933,39.773842522906712],[-86.146229954658367,39.773823508988677],[-86.145505309893508,39.773807493933056],[-86.145473260541124,39.77380942751617],[-86.145452003072151,39.773812488355091],[-86.145432195662167,39.773816442987332],[-86.145401248562266,39.773824498425881],[-86.145381063462764,39.773829536323433],[-86.145350101371662,39.773835429278606],[-86.145329229059172,39.773838487605808],[-86.145297187178912,39.773841502825654],[-86.145278122657913,39.773841491377908],[-86.144672986198387,39.773828490883318],[-86.144148081691625,39.773819481342514],[-86.143391003351951,39.77380547794106],[-86.142985292909287,39.773795523142802],[-86.142803096146011,39.773791496243938],[-86.142511825373006,39.773961963639159],[-86.142504088591181,39.773966491552144],[-86.142481112747774,39.774055497235118],[-86.142457075861472,39.77414450816277],[-86.142431107901714,39.774232444383429],[-86.142403116561383,39.774320479859661],[-86.14237310408808,39.774408433544274],[-86.142342122389181,39.774495490512805],[-86.142328496407941,39.774530317991903],[-86.142349970032285,39.774558605889872],[-86.142363367541307,39.774576218707097],[-86.142368140425091,39.774582493993336],[-86.142336281258935,39.774681985732677],[-86.142320068025356,39.774732498338572],[-86.142291065032794,39.774813511726435],[-86.142252139215771,39.774921499686386],[-86.142220145210672,39.775001444495345],[-86.142176202495847,39.775108101964236],[-86.142143152738271,39.775188500514311],[-86.142095064685421,39.775294455289362],[-86.141656081278512,39.77624446180829],[-86.141531555752479,39.776520894469861],[-86.14144056643012,39.777362008389915],[-86.141401983291999,39.777590435227168],[-86.141638980489816,39.777594780451139],[-86.141654773111128,39.777594986021505],[-86.141863742080432,39.777598274611272],[-86.141940493297582,39.777599491482711],[-86.142452130745866,39.777607484525319],[-86.14399513417419,39.777645469234159],[-86.145015110629899,39.777671446976704],[-86.145051116339175,39.777670487957053],[-86.145083069987663,39.777668464815058],[-86.145115112483552,39.777665449650478],[-86.145136083466994,39.77766248102273],[-86.145157142673611,39.77765843031203],[-86.145188106491489,39.777652537401885],[-86.145219063362021,39.777645473629477],[-86.145250095973097,39.777635526463129],[-86.145298049781033,39.777677487687789],[-86.145305119697284,39.777683493980248],[-86.145320127979616,39.777695502982148],[-86.145335129403833,39.777706521263482],[-86.145352048791892,39.777716540885301],[-86.145361127238687,39.777720467328407],[-86.14538005577316,39.777728496264722],[-86.145399073163631,39.777735534084556],[-86.145409107746389,39.777738465833025],[-86.14542907440844,39.777743518238474],[-86.145440065117896,39.777745454392502],[-86.145461076765187,39.777748520987856],[-86.145471097615527,39.77774947039326],[-86.145498066099577,39.777750530011993],[-86.146496062426905,39.777772532362818],[-86.147246170330178,39.777788525774469],[-86.147787109980655,39.77780051797545],[-86.147925090244669,39.777786523073189],[-86.147954149134293,39.777783520397762],[-86.147982161945308,39.777782503546916],[-86.148046084748913,39.777780526236683],[-86.148716093583104,39.777798464474223],[-86.14907115957817,39.777805457330182],[-86.149526106876323,39.777816446910052],[-86.150431069180186,39.77783546903779],[-86.152242075840746,39.777876460732898]]]},"properties":{"OBJECTID":16,"JURISDCTN":"IMPD","DISTRICT":"Downtown","POLICEZONE":"DT25","SHAPE.STArea()":6464307.703781602,"SHAPE.STLength()":12051.171765161262}},{"type":"Feature","id":17,"geometry":{"type":"Polygon","coordinates":[[[-86.205208034919366,39.821992850257061],[-86.20575520644627,39.821986566916515],[-86.206809250469959,39.821974456615948],[-86.206805828227445,39.821707736259619],[-86.206805687776495,39.821698599610436],[-86.206798721645541,39.821241356163888],[-86.206798582336972,39.821232215905972],[-86.206795738588582,39.821046680178739],[-86.206795598091929,39.821037537224022],[-86.206764215932409,39.818984170001897],[-86.206764067988061,39.818974521802126],[-86.206756823806998,39.818500312591084],[-86.20675669392314,39.818491777535868],[-86.206748223472033,39.817937886211638],[-86.206748087676175,39.817929043153597],[-86.20674049623139,39.81743266364866],[-86.206740357084911,39.817423541397304],[-86.206735841843596,39.817128558349147],[-86.206734681949087,39.817046028031896],[-86.206734554441624,39.817036900321753],[-86.206729080071355,39.816661747556722],[-86.206728947894248,39.816652619867696],[-86.206723866968588,39.81630489339301],[-86.206723733597286,39.8162957621063],[-86.206719443919027,39.816003160226323],[-86.206719305290434,39.815993804696397],[-86.206716386279041,39.815794548320575],[-86.206716248727844,39.815785181076578],[-86.206711970170147,39.815519656007339],[-86.206711817774035,39.815510182552742],[-86.206708295399167,39.815245017822562],[-86.206708178480099,39.815236197189272],[-86.206703443045853,39.814947203619205],[-86.20670410052989,39.814947196055705],[-86.206700848324346,39.814723854532197],[-86.206700714263732,39.814714634079671],[-86.206695113823983,39.81432778382549],[-86.206694981680499,39.814318658834615],[-86.20674234623651,39.814318170880568],[-86.206743711425233,39.814318157320749],[-86.206739810842791,39.814120617634174],[-86.206739643352037,39.814112199834888],[-86.206734331507491,39.813843271357783],[-86.206734159257948,39.813834543749138],[-86.206728984722858,39.813569125438626],[-86.206728807376251,39.813560044789924],[-86.206727572471337,39.813497760973682],[-86.206726750802275,39.81345559714331],[-86.206725727476737,39.813403036895238],[-86.206725549821101,39.813393916618161],[-86.206722452364488,39.813238692130923],[-86.2067222700597,39.813229574577235],[-86.206719203684486,39.813073991473438],[-86.206719023723565,39.81306487480925],[-86.206715956206395,39.812909292606925],[-86.20671577623952,39.812900175041825],[-86.206712619516082,39.812741847101378],[-86.206712437214634,39.81273272954688],[-86.206709279561494,39.812574429526919],[-86.206709098436093,39.812565312867328],[-86.206708489261743,39.812527763985031],[-86.206708340836258,39.812518647173199],[-86.206706150795682,39.81240698394442],[-86.206705972007057,39.81239786727371],[-86.206704965800768,39.812346593996516],[-86.206704787012555,39.812337477325698],[-86.206701526406448,39.812170940227297],[-86.206701348801332,39.812161825352035],[-86.206696618109419,39.811921146360191],[-86.206696439331097,39.811912030589319],[-86.206696309936348,39.811905195991017],[-86.206696135836481,39.811896081099015],[-86.206692989963756,39.81173509519666],[-86.206692811144379,39.811725974021662],[-86.20668974332186,39.811570333240446],[-86.206689563392132,39.811561219275703],[-86.206686417544731,39.811400231562416],[-86.206686238741696,39.811391112188126],[-86.206683167833361,39.811234922902749],[-86.20668298906665,39.811225808031395],[-86.206682729897494,39.811212686443575],[-86.206679864041391,39.811067476294092],[-86.206679685296919,39.811058364124364],[-86.206676560284109,39.810900031481701],[-86.20667638153374,39.810890918411069],[-86.206673256547489,39.810732586664273],[-86.2066730777982,39.810723473593377],[-86.206669986909375,39.810565168703398],[-86.206669809336105,39.810556056527432],[-86.206666596118907,39.810394951111142],[-86.206666413875539,39.810385838956634],[-86.206658064568245,39.809955777937141],[-86.206657886999025,39.809946665760158],[-86.206232525535199,39.809952295840205],[-86.205926429242012,39.809955888535448],[-86.205705896661641,39.809958504731391],[-86.205661245930926,39.809959028286642],[-86.205492342198056,39.809961006142757],[-86.205182685391222,39.809964640430181],[-86.204962083627763,39.809967228513322],[-86.203538413920256,39.809983927244453],[-86.203324858093822,39.809986425573641],[-86.203075709769024,39.809989360959442],[-86.202564581760598,39.809995357839419],[-86.202483617907959,39.810224507056915],[-86.202433271058865,39.810367000752585],[-86.202384357014381,39.810505439285606],[-86.20233565648789,39.810643275160238],[-86.202258530805423,39.810861556979773],[-86.202191778680344,39.81105048028396],[-86.202117003911823,39.811262104184117],[-86.201459063162204,39.813126260495579],[-86.201332311073045,39.813513622921825],[-86.20109484689695,39.814291432068515],[-86.200895567616499,39.815009957344373],[-86.20068042775759,39.81584808603386],[-86.200547227307325,39.816309682550283],[-86.200509801897852,39.816469298835969],[-86.200493794531909,39.816576711817554],[-86.200488479531415,39.816630653171103],[-86.200485017471365,39.816684667960153],[-86.200483117266558,39.8167657443446],[-86.200485347235798,39.8168468557663],[-86.200491598467806,39.816927811783685],[-86.200498030921437,39.81698161712481],[-86.200511077471859,39.817062130267686],[-86.200528072480751,39.817142130771963],[-86.200549086043821,39.817221619213989],[-86.200583360779518,39.81732646717915],[-86.200613616694653,39.817404155866548],[-86.200635219076233,39.817453910416404],[-86.201155633282383,39.818426156810773],[-86.205204035730034,39.818388415571143],[-86.205208034919366,39.821992850257061]]]},"properties":{"OBJECTID":17,"JURISDCTN":"Marian University","DISTRICT":"Excluded","POLICEZONE":"Excluded","SHAPE.STArea()":5251098.0301504666,"SHAPE.STLength()":11621.446548770062}},{"type":"Feature","id":18,"geometry":{"type":"Polygon","coordinates":[[[-86.168863816270729,39.836607508235311],[-86.168872678845247,39.836630750370169],[-86.168883492133915,39.836662285528327],[-86.168891833069594,39.83669458885096],[-86.168897539616722,39.836727228718807],[-86.168900588682433,39.836760082741264],[-86.168907793978676,39.837481402903343],[-86.168917493951923,39.838375624412137],[-86.168927911382383,39.839408370948235],[-86.16893827667549,39.840019826136547],[-86.168958027005687,39.841184749215039],[-86.168973681458795,39.842075103016548],[-86.168979256510852,39.842373442395761],[-86.168976736378198,39.842403600479344],[-86.16896811462837,39.842433081559747],[-86.168953603259467,39.842461156077057],[-86.168933561740175,39.842487128958098],[-86.168908485471405,39.842510359481494],[-86.168878995343562,39.842530271230409],[-86.168845819194019,39.842546372888577],[-86.168809777845766,39.842558266407309],[-86.168771765317018,39.842565656998609],[-86.16873271850875,39.842568362273518],[-86.168328467474097,39.84257176290734],[-86.167731907678316,39.842576779187659],[-86.16711952630429,39.842581926402517],[-86.166493197333992,39.84258718812135],[-86.165302540887609,39.842597177343841],[-86.164289540930497,39.84260566738886],[-86.164257890792598,39.842604453045368],[-86.164226107734137,39.842601334349553],[-86.164194781654999,39.842596129538364],[-86.164165898316597,39.842589414630233],[-86.164172517246925,39.842610455582495],[-86.164177989253233,39.842634795197448],[-86.164181546618451,39.842659346574145],[-86.164183112582876,39.842684482918735],[-86.164217510302592,39.845790240155232],[-86.164223149015299,39.846586756754796],[-86.164222276835275,39.846611452304344],[-86.164219943675562,39.846636092874519],[-86.164216160815812,39.846660622575428],[-86.164210404453115,39.846687909578534],[-86.16423767166053,39.846682064381284],[-86.164269058136,39.846677087765556],[-86.164300822602257,39.846673809980757],[-86.164332803935253,39.846672247929781],[-86.165345261163949,39.846664788295215],[-86.166537492276277,39.846656975841846],[-86.168435130603115,39.846642739967301],[-86.1689236427287,39.84668153789184],[-86.170052923010346,39.846674277072438],[-86.170501375738823,39.846160847356948],[-86.170640679342867,39.845999136215042],[-86.170781733054952,39.845838760193161],[-86.170888075938848,39.845710939097224],[-86.170983234600385,39.84560219763425],[-86.171480780198067,39.844872521834972],[-86.172770189929309,39.844862188755805],[-86.174059602756657,39.844852176379788],[-86.175155815869815,39.844842993066742],[-86.17625274772098,39.84483434834717],[-86.177346812774431,39.844825976075541],[-86.177900392402179,39.844818703053875],[-86.178460242547018,39.844814845681995],[-86.178460580206817,39.844814843291687],[-86.17846318471365,39.844812963816402],[-86.178467955588005,39.844808893366263],[-86.178473611664344,39.844801926966433],[-86.178477239508595,39.844794196741624],[-86.178478448413287,39.844788789202909],[-86.178478649911213,39.844784296683812],[-86.178466184399326,39.843960227110564],[-86.178396608543707,39.84220418815945],[-86.178377237084021,39.841005610255145],[-86.178374915328561,39.840851008163128],[-86.178360893922601,39.83991268607484],[-86.178355206652114,39.839532085029902],[-86.178353799640917,39.839437904719475],[-86.178300018887342,39.839274543568784],[-86.178250810100636,39.839274932605186],[-86.178245290012327,39.839274975861279],[-86.17797389805645,39.839277119803967],[-86.177956147403151,39.839212520121208],[-86.177957685829881,39.839165377748564],[-86.177950622079749,39.839101418173861],[-86.177942229932967,39.83908377593405],[-86.177937274715333,39.839073337406234],[-86.177913675811737,39.839046125926018],[-86.177909695855092,39.839018472221632],[-86.177897282217188,39.838991677992389],[-86.177896662423464,39.838970487089142],[-86.177873032627872,39.838934217711312],[-86.177827869197472,39.838851291299221],[-86.177812848735144,39.838794667590555],[-86.17777478624636,39.838651176824811],[-86.177756102372612,39.838580734974478],[-86.1777301354971,39.83853192864435],[-86.177719459051175,39.838503836983129],[-86.177664726683872,39.838359953058948],[-86.177652266939532,39.838312405793125],[-86.177625254139613,39.838276150359974],[-86.177599353399671,39.838226465554257],[-86.177595981451688,39.838218244689138],[-86.177584122341145,39.838189307090268],[-86.177567035088927,39.83807476863192],[-86.177528229743828,39.838032881885759],[-86.177470350525326,39.837988006027658],[-86.17746815550457,39.837984885868089],[-86.177450663119387,39.837959926092744],[-86.177451058047694,39.837907731495072],[-86.177451095499009,39.837902851506364],[-86.177460595843527,39.837869048105844],[-86.177462752949481,39.837861373916354],[-86.177452082124915,39.837843631788019],[-86.177435172932789,39.83781553961763],[-86.177376308048139,39.837748128811498],[-86.177373057766772,39.83774213115499],[-86.177356385234503,39.837712227586273],[-86.177351368753293,39.837703271801288],[-86.177334437150762,39.837667411444912],[-86.177309690344373,39.837638914228158],[-86.177293394813518,39.837590655159559],[-86.177292760539487,39.837588778255274],[-86.177299995635835,39.837560663553781],[-86.177325013306884,39.837523992582739],[-86.177325675563083,39.837523022349281],[-86.177328385918727,39.837484989581483],[-86.177315992942667,39.837456026380302],[-86.177313116884534,39.837418841413054],[-86.17730394743819,39.837384692380468],[-86.177303486095568,39.837382975934766],[-86.177307935790765,39.837363519913609],[-86.177335711744476,39.837314227433218],[-86.177338655726288,39.837309001402488],[-86.177326806442764,39.837281354387635],[-86.177312081238526,39.837221270728989],[-86.1773101456982,39.837142600410452],[-86.177307369449196,39.837133087155252],[-86.177302015714858,39.83711471185407],[-86.177301705249874,39.837113648629874],[-86.177307259860427,39.837084689289554],[-86.177322434730755,39.837057369152895],[-86.177322897048256,39.837056535800436],[-86.177328905066418,39.836992573565432],[-86.177342393560451,39.836848617907833],[-86.17734312878909,39.836840780652381],[-86.177355705145288,39.836807761707007],[-86.17735762473238,39.836802723921224],[-86.177354191967282,39.836781546290041],[-86.177346329571847,39.836772904754895],[-86.177322383056563,39.836746573724788],[-86.177322056538941,39.836702486512131],[-86.177321262921339,39.836600062318801],[-86.177321226193982,39.836595261013748],[-86.177332375037722,39.836557218116305],[-86.177363121168497,39.836510387587765],[-86.177364207121286,39.836508734582956],[-86.177365425755653,39.836452122167401],[-86.177353355297342,39.836423460169812],[-86.177349404822763,39.836414088984966],[-86.177337552430714,39.836386001553201],[-86.177333783158545,39.836361186697914],[-86.177333022916031,39.836356181423525],[-86.177362042276698,39.836295792616653],[-86.177364830071795,39.836289990843774],[-86.177356360243579,39.836271414900196],[-86.177355238167749,39.836259672412403],[-86.177354623977692,39.836253249742619],[-86.177400173146239,39.836185730517762],[-86.177400448181061,39.836185323105212],[-86.177401549830662,39.836175380272351],[-86.177390690900864,39.836159806871329],[-86.177388592559808,39.836156797065847],[-86.17740313644731,39.836129966954466],[-86.177413184961154,39.836121302412728],[-86.177449051079606,39.83610785693719],[-86.17746332474664,39.836095808888871],[-86.177467524194213,39.836092266080875],[-86.177463009102766,39.836083637735335],[-86.177427659047524,39.836070699443724],[-86.177420262684052,39.836033643352103],[-86.17741632319769,39.836025753721231],[-86.177391093587858,39.835975215661598],[-86.177387985801431,39.83589696209394],[-86.177382027820912,39.835746522530194],[-86.177382446017219,39.835668281358018],[-86.177382811357376,39.835602147212981],[-86.177387811557765,39.835459081816794],[-86.177388039953044,39.835452535648074],[-86.177399746124664,39.835422258555795],[-86.17744337485378,39.835365570201425],[-86.177506020197384,39.835309291664288],[-86.177520022781181,39.835291111243762],[-86.17757689997751,39.835157853546754],[-86.177623261551417,39.835090363970522],[-86.177663829457728,39.83500047052658],[-86.177688114991895,39.834960845790761],[-86.17771361483004,39.834919239632221],[-86.177765129657587,39.834859990037202],[-86.177821743110599,39.834806783962662],[-86.17786768459834,39.834778662591312],[-86.177922579358338,39.834733645720384],[-86.178101920250228,39.834601277381701],[-86.178163545845422,39.834546758384462],[-86.178202208997462,39.834521660992515],[-86.178262746389493,39.834464568123849],[-86.178337058069857,39.834393074917521],[-86.178338338682067,39.834391842557892],[-86.178338316888741,39.834388905571181],[-86.178404483813225,39.834322673025191],[-86.17847841153079,39.834246551079488],[-86.178556298093909,39.834180788230803],[-86.178580978321108,39.834162176881698],[-86.178630855453036,39.834136645278441],[-86.178688555194256,39.834095540781277],[-86.178736209507406,39.834072901985493],[-86.178748544707005,39.834070019437945],[-86.17878554777576,39.834061346579887],[-86.178917275619582,39.833995978078448],[-86.179107855771434,39.833910279875525],[-86.179293941372933,39.833818947716807],[-86.179329230419341,39.833799903845012],[-86.179399259012015,39.833731129087091],[-86.17946819585498,39.833692610797492],[-86.17959206185364,39.833614290425878],[-86.179654275047241,39.833581401213479],[-86.179749005037749,39.833525583931127],[-86.179838662246183,39.83346284304664],[-86.179913760303933,39.833419986634468],[-86.179951858083982,39.833405268671932],[-86.180026388327676,39.833362580422055],[-86.180038171078422,39.833357228744852],[-86.180208015557781,39.833280187652839],[-86.180335784922988,39.833209645401766],[-86.180396349471309,39.83318497179183],[-86.180491627852049,39.833140818746017],[-86.180581868128144,39.833084991844807],[-86.180685556044224,39.833036876269951],[-86.180765675433008,39.832989329788241],[-86.180802119618903,39.832967700831084],[-86.180947299543774,39.832901912839816],[-86.18109695044474,39.832824437568725],[-86.181195600748154,39.83279800227502],[-86.181281378988629,39.832769318280612],[-86.181294276000742,39.832765527797477],[-86.181350306379159,39.832749055483831],[-86.18147252837845,39.832703600420402],[-86.181669268186695,39.83261875062535],[-86.181862048619834,39.832518763412629],[-86.182062181070251,39.832435627170369],[-86.182257780156064,39.832360279905274],[-86.182451747586853,39.83228581771705],[-86.182633356476074,39.832216104457466],[-86.182751078210543,39.832173660985511],[-86.18275105766665,39.832170915835974],[-86.182827323097413,39.832141642545295],[-86.183018462362142,39.83207968247774],[-86.183104143831372,39.832047812798216],[-86.183200052495309,39.83201213722667],[-86.183306572919449,39.831976743965825],[-86.183350594206971,39.831959197425711],[-86.183392344322158,39.831942567958727],[-86.183403563082763,39.83193809750486],[-86.18344279168241,39.831922495205724],[-86.183540886851674,39.831893671814761],[-86.183579551630274,39.831878757390847],[-86.183617682819047,39.831864038975596],[-86.183704001658171,39.831841060125512],[-86.183777432155409,39.831813801933343],[-86.183830122667302,39.831789107585223],[-86.183971392507701,39.831743647839986],[-86.18397909405806,39.831739535267573],[-86.183983627250782,39.831737113869103],[-86.183918572327684,39.831604013852562],[-86.183794103551151,39.831349370267262],[-86.182847685200073,39.829414977649776],[-86.182780694862615,39.829281630654705],[-86.178997901183507,39.831631965118497],[-86.178947396409868,39.831661754422136],[-86.178913092884343,39.831681391876252],[-86.178869569668521,39.831705257238063],[-86.178834249744028,39.831723792232928],[-86.17878948358252,39.831746253503532],[-86.178753200742889,39.831763651575542],[-86.178707276647685,39.831784672350366],[-86.178670093742753,39.831800901696752],[-86.178623085024682,39.831820442921021],[-86.178575507021378,39.831839151717269],[-86.178537053166167,39.831853509633071],[-86.178488514025148,39.831870691495567],[-86.178449324350879,39.83188381600884],[-86.178399910307888,39.831899441733697],[-86.178350044631102,39.831914188574366],[-86.178304072654939,39.83192689621881],[-86.178228681891667,39.831945959896608],[-86.178156902591596,39.831962104744903],[-86.178115597374415,39.831970532472887],[-86.178074098547285,39.831978373802919],[-86.178001051243172,39.831990680986394],[-86.177927529027386,39.832001175367196],[-86.177885332853222,39.83200635372031],[-86.177843020114523,39.832010937228979],[-86.177768739891704,39.832017519637574],[-86.177726181261107,39.832020452358584],[-86.177683563270747,39.832022784578719],[-86.177640894085712,39.832024514460599],[-86.177571981554735,39.832026492295917],[-86.175915087451429,39.832038321700381],[-86.175920270493691,39.83254560839449],[-86.17591931788688,39.83376220197465],[-86.175920602409718,39.833805946358368],[-86.175924150269722,39.833847060759126],[-86.17592574818579,39.833864111524903],[-86.175926927475629,39.833876679694704],[-86.175927684404783,39.833888847119205],[-86.175928013634632,39.833897043567859],[-86.175928441489887,39.833907679497294],[-86.175928953619135,39.833921975377656],[-86.175928795148366,39.833933262362784],[-86.175928032703993,39.833964324396597],[-86.175926392932709,39.834031773725933],[-86.175923226315717,39.834168043606233],[-86.17591256658244,39.83477209462044],[-86.168832933100717,39.834815752930346],[-86.168837503451954,39.835277287541651],[-86.168841533663084,39.835677797797231],[-86.168841080383103,39.835702503319787],[-86.168839535109626,39.8357272568011],[-86.168837909528435,39.835757987472029],[-86.168837623305905,39.835782692271138],[-86.168844164512478,39.836488022249632],[-86.168844784775771,39.836509182590923],[-86.16884595250572,39.836525627360011],[-86.168847902680369,39.836542029112714],[-86.168850640964408,39.836558363506363],[-86.168854161353124,39.836574608050199],[-86.168858454363217,39.836590743871099],[-86.168863523290113,39.836606742133334],[-86.168863816270729,39.836607508235311]]]},"properties":{"OBJECTID":18,"JURISDCTN":"Butler University","DISTRICT":"Excluded","POLICEZONE":"Excluded","SHAPE.STArea()":13660093.278052513,"SHAPE.STLength()":22158.199345898494}},{"type":"Feature","id":19,"geometry":{"type":"Polygon","coordinates":[[[-86.082422842311274,39.694586055886681],[-86.09192260053689,39.694411300107845],[-86.094454401267598,39.6943464079093],[-86.094914414182924,39.694334417376957],[-86.095786161469448,39.694315413565207],[-86.096313760048233,39.69430272546726],[-86.096314204774473,39.694371825887117],[-86.096318622865311,39.695084438671053],[-86.096620678279905,39.695083320642993],[-86.096611644618847,39.695374191407957],[-86.096666085682529,39.695373989820055],[-86.09672660684295,39.695373765688444],[-86.0967715587566,39.695373599194916],[-86.096772360085126,39.695502708736868],[-86.097821496413985,39.695498817978041],[-86.097820656751693,39.695363861291362],[-86.098969927596656,39.695359588312662],[-86.098972545859425,39.697944220328893],[-86.096614011762355,39.697960526858544],[-86.096627393637732,39.699320778475112],[-86.096615691646889,39.699430291032762],[-86.096607664972026,39.699908690958196],[-86.096600807646325,39.700316051635596],[-86.096595861406783,39.70061180586849],[-86.096724026619825,39.704024870032114],[-86.095630154962592,39.704004702175354],[-86.095626146144184,39.704269115866957],[-86.095271045142951,39.704266309231365],[-86.094912919184608,39.704881232060067],[-86.095261641893629,39.704963653821643],[-86.095700274799967,39.705119545896544],[-86.095948497102881,39.705338114305306],[-86.096120967907936,39.705489980669469],[-86.095924429455224,39.705830440053703],[-86.096044314452712,39.705992881378599],[-86.09618306382923,39.706180883760609],[-86.096306245540831,39.706362330700799],[-86.096438920427772,39.706557760721772],[-86.096670113526272,39.706602202306769],[-86.097088308650896,39.706705514864169],[-86.0974617077689,39.706707364452882],[-86.097820325601759,39.706691827648839],[-86.098163435948322,39.706676962540243],[-86.098292368460079,39.706764914966278],[-86.098465850582215,39.706883256622419],[-86.098659488949025,39.707015348631671],[-86.098883913809331,39.707168438811813],[-86.099131867120761,39.706982513626869],[-86.099573118765861,39.706651641528907],[-86.099824009473807,39.706463508019112],[-86.100223903264236,39.706361551525568],[-86.101204969886538,39.70611140907625],[-86.10148935701757,39.706198195125118],[-86.101496379253319,39.706415173211724],[-86.101508579338329,39.706792139644172],[-86.101194642543504,39.706795067682073],[-86.100709690030556,39.706799588119331],[-86.100094496881852,39.706805319636885],[-86.09993528572484,39.706993733128741],[-86.099647387812212,39.70733443689943],[-86.099402437275032,39.707624314224603],[-86.099208255489884,39.707980871891863],[-86.099040190285081,39.708442721787577],[-86.098904543888281,39.708818980586074],[-86.099052054724595,39.708977212308703],[-86.099224987081172,39.709162715717902],[-86.099477484690411,39.70943356265991],[-86.099703905601388,39.709676435374732],[-86.099896991392868,39.709883550314892],[-86.100254516945384,39.710109390589722],[-86.100280585618492,39.710348055460351],[-86.100304287946244,39.710565054039122],[-86.100324738185535,39.710752286127217],[-86.100343764647988,39.710926482428462],[-86.10035856397225,39.711061966629678],[-86.100524669226203,39.711305972639053],[-86.100707620003135,39.711574722236016],[-86.100709318944041,39.711845814623906],[-86.100498731498263,39.712240637398523],[-86.100105663421701,39.712977570209603],[-86.099959383746281,39.713251811568213],[-86.099985340475143,39.713582511091126],[-86.100037903607671,39.714252184075654],[-86.100424971936476,39.714242845017822],[-86.100430435819931,39.714290525136661],[-86.100538796012245,39.714290120255505],[-86.100545996750014,39.714906689332246],[-86.100556933063814,39.715843017103225],[-86.100541965376962,39.716096174902312],[-86.101662493869469,39.716069322561566],[-86.11115683896675,39.715950316335515],[-86.111196510543067,39.719448020900643],[-86.111220525151154,39.720489082724036],[-86.111240418747968,39.721251514148996],[-86.111256525398005,39.722240754196058],[-86.111359574433521,39.72224086031563],[-86.112796554171652,39.722221209252723],[-86.113205315998272,39.722215601808522],[-86.113566730048319,39.72221066966911],[-86.113568543767428,39.722335889880213],[-86.113580386736118,39.723153243143258],[-86.113580581483419,39.723166968880619],[-86.113581380470421,39.72324954179232],[-86.113905634514907,39.723245727074712],[-86.113985559987896,39.723244693199113],[-86.116026514622561,39.723215192356115],[-86.117103347371582,39.72320072458939],[-86.118367691014058,39.72318311530465],[-86.119706521785631,39.723164858447575],[-86.120785186166103,39.723150350285096],[-86.121996950024609,39.723136681915399],[-86.123119459209391,39.723125066757696],[-86.124404708976172,39.723110741153405],[-86.125701900316088,39.723096354106332],[-86.127484723668545,39.723077280704366],[-86.128504801830715,39.723066021805622],[-86.129563091503712,39.723053913471063],[-86.130835568663329,39.723040597086737],[-86.13210128487458,39.723029695994526],[-86.132371189062013,39.723061557192501],[-86.132813194666696,39.723062185463306],[-86.134592230942161,39.723001152357817],[-86.137055049179111,39.722978159836416],[-86.139550940293418,39.722950519258895],[-86.139556165047892,39.722723324757823],[-86.14194520857896,39.72269297942654],[-86.144342553103826,39.722666668724543],[-86.146755381699762,39.722638528681209],[-86.147922235023231,39.7226230596238],[-86.149158924779243,39.722609347597817],[-86.150278306371547,39.722597140596164],[-86.15396146268435,39.722521343325191],[-86.156391506424654,39.72247817480519],[-86.158769793075194,39.722438635258094],[-86.158733177991479,39.720926834644608],[-86.15865270463496,39.717502973774437],[-86.158595856430864,39.715101503692757],[-86.158556121938801,39.713073674714749],[-86.158527070542803,39.711366263966724],[-86.15851287438332,39.710523804359454],[-86.158492049315043,39.709293798054112],[-86.158462782061719,39.707772860430033],[-86.158422231114031,39.705459699186235],[-86.158411802410555,39.704864817902546],[-86.158394443101386,39.703874549485946],[-86.158377342396975,39.702898940336659],[-86.158323676446415,39.699796369230157],[-86.158302051215287,39.698481303658973],[-86.15828058606877,39.697175831269156],[-86.158256362523389,39.695702591287905],[-86.158228447749963,39.694864767463528],[-86.158219812023347,39.69473887654901],[-86.158202708791507,39.694529865134221],[-86.158189495596829,39.694391609078401],[-86.158167131312908,39.694186767599611],[-86.15822847330702,39.694006260645942],[-86.158284887074302,39.693840256739797],[-86.158323882892589,39.693694880334654],[-86.158380444991536,39.693349213882755],[-86.158408797728882,39.693148885370789],[-86.15840236903577,39.693054559735209],[-86.158397026146048,39.69294730367281],[-86.158413581573512,39.692839689170846],[-86.158450604795888,39.692649908843222],[-86.158490675929997,39.692424719301769],[-86.158524350666497,39.692145940448263],[-86.158545720707153,39.691820339887364],[-86.158549386894521,39.691501432583109],[-86.15854731543017,39.691311404361869],[-86.15856797740355,39.690945711544188],[-86.158577883781632,39.69065073076235],[-86.15861147566325,39.690311655318233],[-86.158744191091486,39.689524606786129],[-86.158850850574254,39.688908342436541],[-86.158944007155412,39.688365942411096],[-86.158952950780517,39.688228502966091],[-86.15893964719649,39.688036175959404],[-86.158916026821515,39.687918751933175],[-86.158868554623808,39.687710214068225],[-86.158771369360224,39.687283291473349],[-86.158647676018745,39.686728779965655],[-86.158555649344152,39.686314456665244],[-86.158534039201456,39.686248179754955],[-86.158543485090647,39.683534962519211],[-86.158550624192969,39.681141280239416],[-86.158558079774664,39.678930344627538],[-86.157416832747472,39.678945865114898],[-86.15380585525655,39.67897808254331],[-86.150457008132634,39.679009960638666],[-86.149003293341039,39.679034648365864],[-86.148133816783655,39.679042186126019],[-86.146518413794794,39.67905442769699],[-86.14462783037483,39.679070278215875],[-86.143944919236063,39.679081756064392],[-86.142702913435855,39.679293794679246],[-86.142045635147213,39.679436786442729],[-86.13946926249335,39.679482893373944],[-86.136616160693734,39.679511436973982],[-86.135146368043223,39.679526570737742],[-86.132344086248807,39.679553985626647],[-86.132056149261004,39.679556897139697],[-86.131536062717942,39.679561630053705],[-86.130623896351537,39.679569926357161],[-86.126747707400469,39.679608089239423],[-86.124545700093833,39.67962367801146],[-86.122595023257972,39.679639512158587],[-86.12055659824064,39.679655595285062],[-86.118744065517433,39.679695457834242],[-86.115794409975962,39.679760276301494],[-86.111032341671546,39.679864729163036],[-86.107020206357788,39.679946803093657],[-86.104522610873104,39.680015833232567],[-86.100889502764147,39.68008632740338],[-86.09675641942583,39.680196527664108],[-86.092119893559158,39.680319976855984],[-86.091307260954622,39.680346297187498],[-86.087649907018331,39.680472146827661],[-86.082537711086488,39.680638357142058],[-86.082547378936624,39.688144415818229],[-86.082547993035305,39.690467636823143],[-86.082548871607443,39.691243185086343],[-86.082550843644725,39.693117198060804],[-86.082411041562409,39.693914869076892],[-86.082422842311274,39.694586055886681]]]},"properties":{"OBJECTID":19,"JURISDCTN":"IMPD","DISTRICT":"Southeast","POLICEZONE":"SE30","SHAPE.STArea()":281018911.21481949,"SHAPE.STLength()":78103.462701507291}},{"type":"Feature","id":20,"geometry":{"type":"Polygon","coordinates":[[[-86.173424759508379,39.763188667618152],[-86.175084251457022,39.763235629483475],[-86.176724315497893,39.763278191922922],[-86.177956453819604,39.763310861440736],[-86.18018551302039,39.763308571201982],[-86.18208592643235,39.763314216252112],[-86.18244139942837,39.763296166425036],[-86.183008298580674,39.763248005715354],[-86.183761686143995,39.763171901084753],[-86.184541657074078,39.763076113786703],[-86.185398917607998,39.76294771888994],[-86.186148714389731,39.7628458787837],[-86.186611176682575,39.762761449832574],[-86.188819590728343,39.762257729857488],[-86.189538298130273,39.762081542182912],[-86.190270456343171,39.76190563344165],[-86.192885988757567,39.761270283769043],[-86.194354584017617,39.76091633924419],[-86.194871790131756,39.760791135715174],[-86.196281363599965,39.760302230674483],[-86.196407641871048,39.760244689981015],[-86.196519580276089,39.760208833642167],[-86.196729935322224,39.760127917994083],[-86.196846348423463,39.760095814755807],[-86.196991136021694,39.760031326595751],[-86.197471271478747,39.759856865028681],[-86.197787118334233,39.75973325550148],[-86.198008301999693,39.759658807109759],[-86.198450482833977,39.759485545610673],[-86.198987436827096,39.759271011867348],[-86.199419243406709,39.759122501719709],[-86.199608933330907,39.759072559133159],[-86.200557445091235,39.758823870744031],[-86.201337504030448,39.758640807793078],[-86.201548376744427,39.758599343440821],[-86.202001982264861,39.758539944637349],[-86.202930434059326,39.758429965722165],[-86.203668885908627,39.758336643899419],[-86.204523478089328,39.758234886598316],[-86.205103723440033,39.758159103453586],[-86.205631237029522,39.758099347601437],[-86.206759344220444,39.757865902972569],[-86.208456299547237,39.757458900247116],[-86.210226822761342,39.757010349120719],[-86.211576177620387,39.756710621136236],[-86.213605071186819,39.75623406227146],[-86.216085840680606,39.755651305832338],[-86.225241367964898,39.752936746272539],[-86.225240812170952,39.752398554388122],[-86.225241870381836,39.752398392577362],[-86.225240656555883,39.752127331331479],[-86.225240195112633,39.751322411274593],[-86.22530111235956,39.749924258449546],[-86.225307520704774,39.742579056598444],[-86.225297053565498,39.73370153980305],[-86.225276222870761,39.733703476534401],[-86.225276091913329,39.733694334324895],[-86.220826372501207,39.733931904061002],[-86.220847918592867,39.733594350129124],[-86.21920114714122,39.733833072025291],[-86.218149249659731,39.733944875138249],[-86.218024503396862,39.733316700279907],[-86.217608306387262,39.733160570175698],[-86.216382143345683,39.733151474753605],[-86.215891313889415,39.733211937981856],[-86.216099090002544,39.73388447002332],[-86.215902018795759,39.734053364796061],[-86.21591132942757,39.734785217298793],[-86.213783204187266,39.73539745287701],[-86.212046220576539,39.735698486226326],[-86.20905586342684,39.735850196552107],[-86.205484877139938,39.735983228730404],[-86.20398658626911,39.736044723277132],[-86.201993196681471,39.736055435968453],[-86.200358230743589,39.73570187433225],[-86.198586710226948,39.735323813324023],[-86.196689031841331,39.735199466502607],[-86.196691418144141,39.735177770734602],[-86.196610818943512,39.735186279983736],[-86.195820757308397,39.735133846969148],[-86.194663996638084,39.735101421226055],[-86.193040080047638,39.735282407236305],[-86.192352848898835,39.735455030970108],[-86.190577254198701,39.735944467339664],[-86.18852927479827,39.736238535135698],[-86.187078712496458,39.736417586554246],[-86.185586123843564,39.736608458075949],[-86.184340088998525,39.736643478148224],[-86.181091878227789,39.736693928774571],[-86.178163037477958,39.736749896297347],[-86.175112495945811,39.736827157661182],[-86.171146334421138,39.73704091667264],[-86.170347853085403,39.737059146108557],[-86.170333982652807,39.737059388227358],[-86.169070242731706,39.737074737646559],[-86.167933769261936,39.737088156599064],[-86.166947951502522,39.737099433641177],[-86.166008018081442,39.737068437571942],[-86.165508098943619,39.736989512630629],[-86.164737175931293,39.73680148585597],[-86.16421508917081,39.73669049059145],[-86.163730165783548,39.736635454625151],[-86.163144043029632,39.736625531554978],[-86.162373146609767,39.736708459080887],[-86.161273063818072,39.736902506832386],[-86.159958129434912,39.737129526220471],[-86.1591581048351,39.73723147416235],[-86.159027918374164,39.737234717642949],[-86.15903885255041,39.738221933480808],[-86.159054349737573,39.740415185926508],[-86.159085950281778,39.74180622448219],[-86.159102870313092,39.74310545971295],[-86.159124352904769,39.745343931656933],[-86.159108965038584,39.746388334986442],[-86.159120737291815,39.747852273752883],[-86.159125929820206,39.748759561202661],[-86.159140357278616,39.749743761879529],[-86.159149906177305,39.750734604905986],[-86.159182332348919,39.751719953805662],[-86.160824846002924,39.751703925589844],[-86.162203750340424,39.751676710882997],[-86.163069194604745,39.751664615057813],[-86.164104126226576,39.751653033121698],[-86.165799168520593,39.751627087407783],[-86.167037680423135,39.751610283161753],[-86.168236977650551,39.751590179237624],[-86.170276482379009,39.751564715640548],[-86.171175718547019,39.75154915409248],[-86.174436616343201,39.75149346695332],[-86.174591201251289,39.751797533762343],[-86.174621790347473,39.752088399517028],[-86.174351192856619,39.752403918723736],[-86.17422174625564,39.752787450345892],[-86.174125266344447,39.75315779850812],[-86.174061853057907,39.753528345189878],[-86.173949231599835,39.753956071408503],[-86.173851334924038,39.754322993868783],[-86.173772081290608,39.754595122683298],[-86.173757297571257,39.754837458062212],[-86.173726571876145,39.755156730853521],[-86.173613113778899,39.755463325811355],[-86.173449469657129,39.7556939565142],[-86.173318887044658,39.755924100413445],[-86.173370945409502,39.756255708586309],[-86.173461882684251,39.756530868785902],[-86.173457137721726,39.75674021689148],[-86.173560079645341,39.757250388915978],[-86.173680555892247,39.757900493319845],[-86.173809947426875,39.758530655315859],[-86.173822479643732,39.759132845516667],[-86.173860420205017,39.759918171781408],[-86.173881474374028,39.760341196272847],[-86.173914637589988,39.760694847809148],[-86.173947368105004,39.760989478690547],[-86.173995241273303,39.761272375942234],[-86.174013640259261,39.761696783651352],[-86.173985117392675,39.761968004203922],[-86.173925884286504,39.762227691538897],[-86.173821286969854,39.762546600458741],[-86.173424759508379,39.763188667618152]]]},"properties":{"OBJECTID":20,"JURISDCTN":"IMPD","DISTRICT":"Southwest","POLICEZONE":"SW20","SHAPE.STArea()":146877502.00739753,"SHAPE.STLength()":55963.027245063975}},{"type":"Feature","id":21,"geometry":{"type":"Polygon","coordinates":[[[-85.951846899058253,39.734113829667969],[-85.956298194271355,39.735044932444318],[-85.957925616257,39.735383711755723],[-85.9595835923718,39.735726958519031],[-85.9611690175132,39.736062235118084],[-85.963314512159428,39.736519390641902],[-85.970583494523339,39.738100049272091],[-85.971441500560289,39.738279146281151],[-85.971687647177475,39.738328859987689],[-85.972287452497127,39.738443424426343],[-85.97278184917171,39.738532473451578],[-85.973350242769882,39.738631273909064],[-85.976149117949532,39.739070518085825],[-85.977463494930817,39.739269450686919],[-85.979310397296757,39.739571653033266],[-85.981918815942265,39.740083585158551],[-85.98489998643231,39.740789957764285],[-85.989669972649423,39.741917478415417],[-85.990592211691308,39.742116614939334],[-85.993134474060568,39.742686242972653],[-85.994099767734724,39.742918686520269],[-85.996074940897657,39.743407310098348],[-85.997446764285129,39.743748937158436],[-85.999193930440384,39.744164010651694],[-86.001893917660425,39.744745067346535],[-86.003815789344699,39.745154638826037],[-86.005579332818201,39.745527205542437],[-86.008721862276204,39.746191302770093],[-86.010926981080388,39.746659972794291],[-86.019264630834854,39.748436509150842],[-86.026023719010709,39.749881292785794],[-86.028883811927315,39.750481550518437],[-86.030812973532704,39.750886379471524],[-86.031375742002012,39.75100500909366],[-86.031895866569513,39.751114647121945],[-86.032416687821922,39.751222222553707],[-86.033386526525206,39.7514215061207],[-86.034235357521993,39.75025400353681],[-86.035940630325555,39.747934107194062],[-86.038144124492874,39.745047548910343],[-86.039541114901965,39.743210504556586],[-86.041831041246937,39.740044443196602],[-86.042793072428864,39.737769516086985],[-86.043959049026412,39.734241487795828],[-86.044676791450513,39.731999046321256],[-86.045728091942095,39.728702433961622],[-86.046728110486143,39.72603755498357],[-86.04813711336385,39.723522483194202],[-86.049322195335407,39.721436479853111],[-86.051306961620824,39.718584448117589],[-86.053337072757046,39.716198413293057],[-86.055144632334688,39.714373640061297],[-86.056687127543469,39.712859513506189],[-86.056804034765136,39.712781788312775],[-86.056677637885187,39.712695253950479],[-86.05227855524636,39.709845127808883],[-86.05240486082333,39.709841391015438],[-86.052818467283259,39.709829156548345],[-86.05312372511915,39.709820124770729],[-86.053526252309197,39.70980821558183],[-86.054003716053728,39.709797875331283],[-86.054542748744907,39.709786197987256],[-86.055014150043149,39.709775985519848],[-86.055445856914204,39.70978622545902],[-86.055660841636268,39.709802459116801],[-86.055910175508032,39.709830707740828],[-86.056227372291787,39.709881640847399],[-86.056401477942373,39.70991696713272],[-86.05672484221742,39.709997112816758],[-86.057169694522614,39.710138699539691],[-86.057593386602761,39.710312374474128],[-86.05778932079653,39.710406904173453],[-86.058215449934011,39.710648870734978],[-86.058577921902327,39.710856042538914],[-86.0591874300749,39.71030867449911],[-86.059625561115055,39.709924565329793],[-86.060045602066808,39.70958306804377],[-86.060611778472165,39.709127830462016],[-86.061269634790719,39.708671933587809],[-86.06187285212026,39.708287254693914],[-86.062475957923411,39.707874433624639],[-86.0631432380207,39.707468253559036],[-86.063838098093015,39.707069181738625],[-86.064606366614598,39.70666985417931],[-86.065539345582948,39.706212991562964],[-86.066326330462147,39.705884622258509],[-86.0672415362653,39.705526980490902],[-86.068028748603339,39.70524080977404],[-86.068816147769766,39.704997183556053],[-86.069566972794192,39.704768092684965],[-86.070070705137837,39.704631480373891],[-86.070894963294037,39.704416195473868],[-86.071829419251884,39.70421458995984],[-86.072598965301097,39.704056105864517],[-86.073368755577604,39.703939824942772],[-86.074285234396115,39.703809297509828],[-86.075183466496455,39.70369255449021],[-86.076283666801658,39.703603916151316],[-86.077475800303787,39.70355715219354],[-86.078894469105649,39.703560969950374],[-86.078889325046873,39.703223803375202],[-86.078885356992686,39.702760134912701],[-86.079481919912126,39.702749834514421],[-86.079476875464223,39.702129851148236],[-86.079476693437655,39.702111238992536],[-86.079476485430661,39.702019186293541],[-86.079481571085878,39.702019094356096],[-86.08177629359642,39.701977583245984],[-86.081777077107603,39.702091809818988],[-86.081782239535897,39.702710145268362],[-86.082141058416795,39.702703946829693],[-86.082565481871555,39.7026988993819],[-86.08242352003721,39.694625174169879],[-86.082422842311274,39.694586055886681],[-86.082411041562409,39.693914869076892],[-86.082550843644725,39.693117198060804],[-86.082548871607443,39.691243185086343],[-86.082547993035305,39.690467636823143],[-86.082547378936624,39.688144415818229],[-86.082537711086488,39.680638357142058],[-86.0825376978094,39.680627981178738],[-86.082553815855178,39.676584541925159],[-86.082561366273168,39.674733481600342],[-86.082509909503088,39.666632900356241],[-86.082495630679162,39.665918018247822],[-86.082488815011985,39.66497479865054],[-86.082485581977465,39.66488901965905],[-86.082292913198899,39.663783341523384],[-86.082266752026172,39.663641022174694],[-86.08222430937316,39.663439734726445],[-86.082196012410449,39.663172509680308],[-86.082191692877643,39.662923729796724],[-86.082190141169448,39.662664645019795],[-86.082218527021411,39.660611724054796],[-86.082263560779523,39.657854565611508],[-86.082265351489426,39.657773571959318],[-86.082348614025818,39.657183714277956],[-86.082382432534857,39.657029854722907],[-86.082448207505976,39.65677258769135],[-86.082516711999375,39.656489230195518],[-86.082530042738242,39.656417118429324],[-86.082555297415311,39.656279074219817],[-86.082599968924796,39.655871232585014],[-86.082631706361838,39.653777803495814],[-86.082657393475785,39.651175135987785],[-86.082663530505414,39.648838147554038],[-86.082670417272723,39.646080091430292],[-86.082672325313013,39.645509397882165],[-86.082676152859264,39.643814826118145],[-86.082838996978154,39.636436144316292],[-86.079776227414243,39.636487913721417],[-86.075598850236489,39.636564807898189],[-86.073033741916433,39.636620137224405],[-86.069020954698772,39.636706170833463],[-86.068128232971546,39.636725731572191],[-86.06634297300198,39.636768263514483],[-86.063714533448476,39.636830811472507],[-86.059324550767045,39.636923289480308],[-86.055607118369238,39.637002370320083],[-86.05544929635083,39.637005643979265],[-86.054182727790106,39.637032526088795],[-86.054071281613147,39.637034955922061],[-86.053902476219235,39.637038607276693],[-86.047173889075552,39.637175117399423],[-86.044645308116927,39.637222493713907],[-86.018919680264659,39.637435472486764],[-86.009257669018098,39.637593745027317],[-85.99691631043089,39.637873478545366],[-85.990445350045846,39.638011804029901],[-85.97906998592444,39.63814418805628],[-85.95215634320455,39.638470483782399],[-85.952103259327743,39.641253708721223],[-85.95203473862216,39.644844787649902],[-85.95201914984014,39.645696225576586],[-85.952045294377399,39.651151498938944],[-85.952082442849417,39.65921309486324],[-85.952080181439626,39.660199945346491],[-85.952079763493529,39.660382205000559],[-85.952062010234371,39.668128962752213],[-85.952085584110122,39.668865148398858],[-85.952049246224774,39.670152990234683],[-85.952020322588154,39.674617656098391],[-85.951940127828195,39.684417985006803],[-85.951840881228321,39.68948369329938],[-85.951834984178063,39.697145211558009],[-85.95159401340976,39.697150607400879],[-85.951557359238322,39.70432043640394],[-85.951582859663773,39.714152369863726],[-85.951607338506875,39.719601749298178],[-85.951706494016292,39.726376236462535],[-85.951849281359671,39.733648194378041],[-85.951846899058253,39.734113829667969]]]},"properties":{"OBJECTID":21,"JURISDCTN":"IMPD","DISTRICT":"Southeast","POLICEZONE":"SE40","SHAPE.STArea()":1282992502.981801,"SHAPE.STLength()":147274.99552268855}},{"type":"Feature","id":22,"geometry":{"type":"Polygon","coordinates":[[[-85.952522349954251,39.782598825795127],[-85.952522672982894,39.782617364635705],[-85.952556486644497,39.783036622608471],[-85.952494404206249,39.786239141694573],[-85.952708837555747,39.797378249210681],[-85.952796688043023,39.80183051801783],[-85.952795212751838,39.802467425003272],[-85.952865530420098,39.806880663454031],[-85.952948276305648,39.812073078957575],[-85.952948284304554,39.81207359952932],[-85.952952130670198,39.812073161317024],[-85.9552685389272,39.812049234743753],[-85.957662088897791,39.812024463239162],[-85.959890860301485,39.812001352255344],[-85.96110204989219,39.811988774939486],[-85.964350474616708,39.811952090060117],[-85.966214208329518,39.811929936753998],[-85.967117758477386,39.811919185648513],[-85.968793614511767,39.811899227255374],[-85.971785278083985,39.811856589684581],[-85.977721285369128,39.811774203862164],[-85.979904952337805,39.811742737678991],[-85.980820079901036,39.811729497855858],[-85.98184536559225,39.811714606038237],[-85.984748993235797,39.811671272582387],[-85.985588211737507,39.811659865868663],[-85.986546994939474,39.811648204594285],[-85.987186418788866,39.811639698514661],[-85.990879103588512,39.811586330389474],[-85.990879503255172,39.811586632800847],[-85.990879475946187,39.811584797297819],[-86.009261948658107,39.811367523837426],[-86.009528514195608,39.811366303260172],[-86.009731305703795,39.811365552553163],[-86.013962658463228,39.811311681635821],[-86.014021993123677,39.811310941106115],[-86.022748170152127,39.811203910706432],[-86.022807490277231,39.811202881115214],[-86.02756600508468,39.811095943683064],[-86.027625330023383,39.811095197128338],[-86.029766709991634,39.811089453572137],[-86.029825981146203,39.811090476790021],[-86.030589693412935,39.811149928969009],[-86.030939183829886,39.811141952053994],[-86.030909368923446,39.808385116601222],[-86.030982766467872,39.807042123996069],[-86.031085208085216,39.80621994456596],[-86.031193628590955,39.805679473430125],[-86.03133908292385,39.805137853589265],[-86.031629762550565,39.804250229331799],[-86.031829988088589,39.803750979066749],[-86.032030479391864,39.803310428328849],[-86.032387560492964,39.80262608379558],[-86.03274693685313,39.802029960326742],[-86.033174379019144,39.801468495870772],[-86.033501782798552,39.801053229755468],[-86.033826859269737,39.800619140486525],[-86.034105461585554,39.800230503342789],[-86.034291110942164,39.79996832247592],[-86.034545565655378,39.799488817485368],[-86.034737366596048,39.798978121118445],[-86.034777173700036,39.798872400259519],[-86.034935935494971,39.798373204596494],[-86.035079630465219,39.797589157587353],[-86.035277104173304,39.79645185915652],[-86.035428958031574,39.795581953589668],[-86.035616505329358,39.794584508907853],[-86.035664545807009,39.793949547890399],[-86.035609404284088,39.793255400714386],[-86.035451482456182,39.792576459313132],[-86.035275308642269,39.792090992819233],[-86.034989214689688,39.791486849287345],[-86.034677729741489,39.790942297884357],[-86.034372490812672,39.790363010011916],[-86.033907848595788,39.789463925280522],[-86.033727439743885,39.789149217681469],[-86.033398688911277,39.788575730633887],[-86.033171325061431,39.788130099073953],[-86.032897885439453,39.787481274970361],[-86.032767819516565,39.7871989952761],[-86.032637045218451,39.78678281447057],[-86.032427506431262,39.786059394995711],[-86.032236415540964,39.785177215286872],[-86.03204325735895,39.783903243870974],[-86.031870727293324,39.782882139655158],[-86.031724963726049,39.781842115768683],[-86.031571450510185,39.78098608894809],[-86.031338834891073,39.779538659304826],[-86.031166208891051,39.778495236465908],[-86.031026314171044,39.777563297642757],[-86.030866579257349,39.776524791770427],[-86.030660878123413,39.775300450586293],[-86.030440947339997,39.77381330194757],[-86.030293961790761,39.772852773519993],[-86.029996277676744,39.771141543909692],[-86.029763221682558,39.7695974000424],[-86.029484292742353,39.767882297757012],[-86.029238055354412,39.766271239055598],[-86.029065118713291,39.765155899227622],[-86.028826016701686,39.763676243440138],[-86.028666361492412,39.762640212199926],[-86.028499860260084,39.761604317177891],[-86.028469961290668,39.760721509498097],[-86.028566338117841,39.759491259088392],[-86.028805192431889,39.758473821661873],[-86.028988573353274,39.757907869043976],[-86.029350152106034,39.757014034433098],[-86.029751288688033,39.756313494183637],[-86.030459115526241,39.755284665692727],[-86.032003366223051,39.75325634836863],[-86.0333306155066,39.7515188261684],[-86.03340052723982,39.751427366781485],[-86.033402498393983,39.75142478819631],[-86.033386526525206,39.7514215061207],[-86.032416687821922,39.751222222553707],[-86.031895866569513,39.751114647121945],[-86.031375742002012,39.75100500909366],[-86.030812973532704,39.750886379471524],[-86.028883811927315,39.750481550518437],[-86.026023719010709,39.749881292785794],[-86.019264630834854,39.748436509150842],[-86.010926981080388,39.746659972794291],[-86.008721862276204,39.746191302770093],[-86.005579332818201,39.745527205542437],[-86.003815789344699,39.745154638826037],[-86.001893917660425,39.744745067346535],[-85.999193930440384,39.744164010651694],[-85.997446764285129,39.743748937158436],[-85.996074940897657,39.743407310098348],[-85.994099767734724,39.742918686520269],[-85.993134474060568,39.742686242972653],[-85.990592211691308,39.742116614939334],[-85.989669972649423,39.741917478415417],[-85.98489998643231,39.740789957764285],[-85.981918815942265,39.740083585158551],[-85.979310397296757,39.739571653033266],[-85.977463494930817,39.739269450686919],[-85.976149117949532,39.739070518085825],[-85.973350242769882,39.738631273909064],[-85.97278184917171,39.738532473451578],[-85.972287452497127,39.738443424426343],[-85.971687647177475,39.738328859987689],[-85.971441500560289,39.738279146281151],[-85.970583494523339,39.738100049272091],[-85.963314512159428,39.736519390641902],[-85.9611690175132,39.736062235118084],[-85.9595835923718,39.735726958519031],[-85.957925616257,39.735383711755723],[-85.956298194271355,39.735044932444318],[-85.951846899058253,39.734113829667969],[-85.951812126312859,39.740716403550458],[-85.95187588897582,39.742381957306307],[-85.952056962032103,39.749288675753135],[-85.952205140364256,39.755608318349097],[-85.95227794093779,39.765133262466165],[-85.952298587380653,39.768516792755086],[-85.952309300356816,39.769824604576954],[-85.952366139544026,39.769847823014153],[-85.952545118933244,39.769846834693389],[-85.953188484649914,39.769834623773285],[-85.953190518554877,39.770213468894148],[-85.952551594706506,39.770225586024779],[-85.952582512558706,39.771653883446014],[-85.952585172712659,39.771841242496315],[-85.952731189052699,39.771810245945957],[-85.953746155033187,39.771510589968891],[-85.954463680001467,39.77141344139077],[-85.955862967805359,39.770895248639064],[-85.95586719653663,39.771174461742056],[-85.955875965787939,39.771756880439035],[-85.955876800846269,39.771811948851372],[-85.95588507920327,39.772361809000387],[-85.955887147207136,39.772498959019273],[-85.955889559430716,39.772658950408768],[-85.955894675409112,39.772997264956608],[-85.955901966939336,39.773481103765008],[-85.955907340118259,39.773838444556148],[-85.959171627964778,39.773673974389077],[-85.959278764273378,39.773668543414836],[-85.959297568007358,39.773360538905159],[-85.959388833252746,39.771919462191278],[-85.961861864396838,39.77206105932369],[-85.961856218163121,39.771630283102496],[-85.962493061011614,39.771603020986348],[-85.962487526734833,39.770941887458356],[-85.963572604363904,39.770943893092138],[-85.965576013480032,39.770947563119364],[-85.966496728342065,39.770949224234137],[-85.966494942224216,39.770791758746462],[-85.966486270759063,39.770022963040731],[-85.966629813226902,39.770022656099648],[-85.966914994389938,39.770022017787944],[-85.967194679986491,39.770023679841145],[-85.967479279794361,39.770022750727385],[-85.967795115040758,39.770021711958741],[-85.969430218485556,39.770019155969131],[-85.970017311355832,39.770018231868434],[-85.971137335758357,39.770012474583247],[-85.971187810598735,39.770004615197855],[-85.971204292938836,39.771389598859614],[-85.971225133788749,39.773140712849688],[-85.971256723379526,39.775794689320783],[-85.971275009700889,39.777330981504662],[-85.971317752125529,39.780532129800491],[-85.97134239941893,39.782377891753619],[-85.9713423633155,39.78238373457031],[-85.97134226022753,39.782389741486909],[-85.971342091770822,39.782395749475768],[-85.971341937315515,39.782399902924361],[-85.971341585786348,39.782407281330606],[-85.971341145866248,39.782414469925094],[-85.971340687842371,39.782420729964265],[-85.971340181892231,39.782426710917974],[-85.971339749206194,39.782431304629611],[-85.971339293644931,39.78243574078202],[-85.971338889565814,39.782439409418465],[-85.971338151114395,39.782445611649521],[-85.971337197832497,39.782452865540002],[-85.971336374416097,39.782458596036925],[-85.971335143721348,39.782466475728711],[-85.971333700621187,39.782474898188418],[-85.971332519314515,39.782481270910125],[-85.971331647127982,39.782485736977961],[-85.971330134955863,39.782493056283919],[-85.971328027565917,39.782502527079465],[-85.971326880443442,39.782507386566195],[-85.971326042219701,39.782510818562308],[-85.971307917794164,39.782511438973188],[-85.968957801296199,39.782524991355949],[-85.967586002134951,39.782532880565952],[-85.9661950392249,39.782540863368141],[-85.964971894016486,39.782547868666214],[-85.962070384804292,39.782561267269429],[-85.961965589415627,39.782561750128572],[-85.961858263697309,39.782565643906182],[-85.960379952112206,39.782582450018225],[-85.95838872366933,39.782605056352367],[-85.95720106644886,39.7826185240637],[-85.954585255283178,39.782648143723982],[-85.954493419116531,39.782585360718514],[-85.954223006722074,39.782587878346341],[-85.954219271230642,39.78258791372167],[-85.954020197413641,39.782589766829275],[-85.95399511356915,39.78259000006377],[-85.953817388091977,39.782591654957841],[-85.953770955895266,39.782592086873656],[-85.953614614941984,39.782593541741882],[-85.953546798201501,39.782594172349988],[-85.953381633297781,39.782595709061795],[-85.953322640491578,39.782596257393358],[-85.953098517790536,39.782598342818069],[-85.953076031303979,39.782598558635272],[-85.952874360048398,39.782600426995693],[-85.952683221739974,39.782602204198803],[-85.952650201126431,39.782602511643987],[-85.952552711686351,39.782603417440221],[-85.952522349954251,39.782598825795127]]]},"properties":{"OBJECTID":22,"JURISDCTN":"IMPD","DISTRICT":"Northeast","POLICEZONE":"NE60","SHAPE.STArea()":538447055.17140126,"SHAPE.STLength()":110711.76442580715}},{"type":"Feature","id":23,"geometry":{"type":"Polygon","coordinates":[[[-86.030939183829886,39.811141952053994],[-86.031062419125504,39.821832288923304],[-86.031121961202771,39.822623076929503],[-86.031234304451502,39.82336530837123],[-86.031401983937187,39.824104277252282],[-86.031590762080896,39.824631109418469],[-86.031793275390953,39.825140067358724],[-86.032078213934255,39.825730409619922],[-86.033824684814363,39.828737842112837],[-86.035794239874903,39.832324527082918],[-86.036554991773855,39.831957570343377],[-86.037156482757169,39.831668772405671],[-86.03745038645377,39.831519589941159],[-86.038611659218702,39.830937997478813],[-86.040296895927185,39.830122390267888],[-86.042110064690974,39.829247664843969],[-86.043391457430317,39.828630633688263],[-86.044631299748289,39.828039461354599],[-86.04538023887639,39.82767533121897],[-86.045873577821041,39.827466420852723],[-86.045867403268204,39.827331757936854],[-86.046135817789278,39.827201815656124],[-86.046471436643458,39.827039000661713],[-86.047107773909417,39.826730295970627],[-86.048322698858186,39.826140885178084],[-86.048665757450991,39.825974447461945],[-86.048885424455833,39.825876403532916],[-86.049178572038912,39.825734916147105],[-86.049718136905895,39.825477822981128],[-86.050602125503971,39.825056607573792],[-86.051487882234596,39.824634539223375],[-86.051822228289794,39.824475879453225],[-86.052162398925361,39.824313818235964],[-86.05261488278353,39.824098248121764],[-86.054440149716655,39.823228626699716],[-86.055265064078995,39.822835593071531],[-86.056171534729941,39.822403068063075],[-86.057486382967738,39.821775661196774],[-86.058671522469652,39.821210126192625],[-86.060365676490903,39.820401657858767],[-86.061623843103462,39.819801401234322],[-86.061924094412291,39.819658149714321],[-86.062366504165624,39.819447509699032],[-86.063541010126997,39.818885303514953],[-86.064710875794376,39.818326638283509],[-86.065621569443593,39.81802157651628],[-86.066040962622679,39.817881428041666],[-86.066895394756429,39.817595896398529],[-86.067496575385391,39.817394990035226],[-86.068169107535894,39.817170039655757],[-86.068951779203744,39.816908242456485],[-86.0692452557563,39.816809494178585],[-86.069862684801549,39.816605095708177],[-86.070896659803054,39.816262791312298],[-86.071112750898934,39.816192210781232],[-86.071769540996982,39.815973582002563],[-86.072939004076034,39.815590596376772],[-86.074113680433271,39.815204603021385],[-86.074416028246404,39.815107875753228],[-86.074718072861813,39.81500979054568],[-86.074818934333507,39.814978390439471],[-86.074885908734132,39.814956955648242],[-86.075019196245265,39.814912882273511],[-86.075151581857284,39.814867215925069],[-86.075250256905747,39.814831929524033],[-86.075315741808623,39.814807912090963],[-86.075413508656979,39.814771152543656],[-86.075478375668382,39.814746159062572],[-86.075542986886731,39.814720776454415],[-86.075735263724169,39.814642317366861],[-86.075829350357438,39.814600303297212],[-86.076517140748223,39.814287466428254],[-86.076666567662301,39.814216449907434],[-86.076790245854497,39.814154193203088],[-86.076975448102942,39.814060437484457],[-86.077128699386265,39.813981046779489],[-86.077319858775823,39.81388011987913],[-86.078123934075364,39.813455585277872],[-86.078588698173078,39.813213832538374],[-86.078817787155472,39.813094598288146],[-86.080395877431258,39.812268477106549],[-86.08160918245305,39.811633290133202],[-86.082207309278644,39.811320151028426],[-86.082432740799192,39.811216422438996],[-86.082627587548217,39.811145245376203],[-86.08276512059615,39.811101333413319],[-86.082921283142554,39.811053722935746],[-86.083240986101714,39.810979389441549],[-86.083365102189205,39.810959684646505],[-86.083508804178962,39.810946703152553],[-86.083490801173483,39.810022543503685],[-86.083496763385639,39.809737773570802],[-86.083620611781413,39.809774080663949],[-86.083754143160675,39.809813328650719],[-86.08388717619799,39.809853571720055],[-86.084019699198251,39.809894806313054],[-86.084151696957434,39.80993702798277],[-86.084283160115831,39.80998023316193],[-86.084414073469176,39.810024417403682],[-86.084544426489757,39.810069577145072],[-86.084674207476567,39.810115707926762],[-86.084803403571513,39.810162807094876],[-86.08489990954773,39.810198761006824],[-86.08502805222659,39.810247540777929],[-86.085187405945163,39.810309800827746],[-86.085707147427129,39.81051737974834],[-86.086330282292778,39.810740261381412],[-86.086554039528679,39.810820099249376],[-86.086750244316136,39.81087755828753],[-86.086879230058301,39.810904412320888],[-86.086953993588338,39.810916376313934],[-86.08702585518904,39.810925302887064],[-86.087102996208188,39.810932036957254],[-86.087164889252918,39.810936027837165],[-86.087226895176912,39.810938801462832],[-86.08732002386455,39.810940676842449],[-86.08797833274447,39.810931781951318],[-86.089029345282171,39.810917818523286],[-86.089445844974676,39.810912865641434],[-86.090339703014791,39.810903016908576],[-86.091190586935056,39.810894875791327],[-86.092337419692683,39.810878381878716],[-86.09306994944167,39.810870223375204],[-86.09373705198135,39.810861327445572],[-86.094253076629528,39.810854380550261],[-86.095084808898889,39.810843995536352],[-86.095433067772703,39.81084271187872],[-86.095908743263806,39.810837769306978],[-86.096444491239623,39.810833218359683],[-86.096624543255771,39.810831421877957],[-86.097804766319257,39.810817943991481],[-86.099350680164733,39.810804307845373],[-86.100953920772142,39.810786507812779],[-86.102574383572488,39.810770474519266],[-86.102575355226179,39.810770473571054],[-86.1025754075186,39.810770247305243],[-86.102517044176267,39.806837393026825],[-86.102466211531748,39.803411473066369],[-86.102397477072088,39.79877834598603],[-86.102383140164136,39.797811874591957],[-86.102377762596106,39.797449301196608],[-86.102376160784374,39.79744951526731],[-86.102375834630138,39.797421699086385],[-86.102365258756109,39.797423822961534],[-86.102362229678519,39.797352915036143],[-86.102357870030488,39.796206419139871],[-86.10235600839404,39.796087544860548],[-86.102355982820967,39.796083491909634],[-86.102357402620257,39.79608348928101],[-86.102357367122707,39.796074347541783],[-86.102268108494727,39.792397372701707],[-86.102309391502331,39.788766765069084],[-86.10230833492227,39.788766764532021],[-86.10229516321381,39.788766747326655],[-86.1019849030248,39.788766338084336],[-86.100709336362002,39.788750242677622],[-86.100596415337037,39.788751473772479],[-86.099451223529726,39.788763666249487],[-86.09888594717421,39.788768946048165],[-86.098264609419999,39.788774089345786],[-86.097583082289731,39.788781946806012],[-86.096983157184169,39.788788960004524],[-86.09579400377342,39.7888015892282],[-86.094668288800307,39.788812127728413],[-86.094595562130024,39.788801907528011],[-86.094533403438248,39.788795243827316],[-86.093412612740053,39.788805770905412],[-86.092795045751402,39.78881252469791],[-86.091706123580181,39.788817766390572],[-86.090427438749984,39.788821498695476],[-86.08894783723953,39.788846467436493],[-86.088065920214419,39.788850880107468],[-86.087564386069417,39.788860210048377],[-86.086881776660633,39.788870160309621],[-86.085688011387703,39.788865236719047],[-86.08521583875563,39.788866406530666],[-86.083295913325443,39.788866885170563],[-86.081871560847716,39.788874208352389],[-86.080907786074192,39.788879505253831],[-86.078553647829509,39.788892268098252],[-86.077970915177275,39.788894711367433],[-86.077654946153004,39.788896595471627],[-86.074857562971488,39.788911382733907],[-86.07406235502836,39.788914073475013],[-86.073833153720955,39.788902289977784],[-86.073664075912617,39.788890106042295],[-86.072609782712817,39.788894299530618],[-86.071423793983826,39.788899481446904],[-86.070238946492722,39.788904202338507],[-86.069639930761667,39.788915123176693],[-86.070236052879054,39.788913495698445],[-86.071421246635509,39.788908466496956],[-86.072607019185497,39.7889034240672],[-86.073662206995849,39.788899458040092],[-86.073704106111748,39.788900481971737],[-86.073747069965862,39.788902493800713],[-86.073789082341733,39.788906490445122],[-86.073811243737453,39.7889084842584],[-86.073831100562785,39.788911477800482],[-86.073835034876382,39.788925516387486],[-86.073838295037135,39.788939468172451],[-86.073843961839273,39.788969535465156],[-86.073848087056945,39.788999518098471],[-86.073850093963685,39.789029418996812],[-86.073858038696116,39.790393421250258],[-86.073869029926286,39.791865511909286],[-86.07387910075785,39.793328506773165],[-86.073884065812692,39.794072480955514],[-86.073888136673034,39.794795468782546],[-86.073894063528499,39.795506468289751],[-86.073897084992666,39.796149466833072],[-86.073897066280892,39.79616252852653],[-86.073896088456905,39.79617649516404],[-86.073894051622958,39.796190464617169],[-86.073892105860679,39.796203443905874],[-86.073888058980259,39.796219492871856],[-86.073884096786102,39.796233469081123],[-86.073879068574982,39.79624645828558],[-86.073873077104466,39.796259451770588],[-86.073864129843457,39.796277499422033],[-86.073861173528982,39.796282464423449],[-86.073857567845224,39.796291755856871],[-86.073853110147411,39.796303482109472],[-86.073846088871889,39.796321432933581],[-86.073841084552271,39.796338476002489],[-86.07383809782668,39.796354521246499],[-86.073835109401088,39.796370476428606],[-86.07383414494474,39.796386514576845],[-86.073833106945798,39.796406515964684],[-86.073855098151355,39.798110528764354],[-86.073879055528167,39.799951459596308],[-86.073895170418666,39.801148508161617],[-86.07389617519371,39.801155530816104],[-86.073898046383221,39.801162550429964],[-86.073901265705757,39.801169475244976],[-86.07390516048136,39.801176488657795],[-86.073909139313557,39.801181519385601],[-86.073914176690636,39.801186455429942],[-86.073926082902986,39.801196412959243],[-86.073928214989479,39.801198568001674],[-86.073932181599119,39.801201526314038],[-86.073937225360453,39.801207544047905],[-86.073941215359923,39.801214467057541],[-86.073945200041592,39.801220488508129],[-86.073946975488539,39.80122750845716],[-86.073949136268752,39.801234527053701],[-86.073950044133511,39.801241550047727],[-86.073974010079908,39.803148510236213],[-86.073973963948262,39.803581445808334],[-86.073973922566992,39.803623514752907],[-86.073973995111572,39.803668465462138],[-86.067545792072323,39.805323233473828],[-86.064588722126331,39.80609163436489],[-86.062862071622675,39.806619480071561],[-86.06279310698504,39.806637461547822],[-86.062654105899384,39.806671446547242],[-86.062515093312186,39.806703449931568],[-86.062376073742172,39.80673446152862],[-86.062235111358959,39.806762507350463],[-86.062094046911028,39.806789472537361],[-86.061953066761461,39.806814455777854],[-86.061810142659525,39.806836471433854],[-86.061668080455433,39.806857494136672],[-86.06152504341587,39.806876538495018],[-86.06138112678947,39.806893513213062],[-86.061237103001488,39.806908505728565],[-86.061093073493268,39.806922508241563],[-86.060949123867388,39.806933537172043],[-86.060804102021507,39.806942497109844],[-86.06065906882624,39.806949475417127],[-86.060514029947115,39.806955462818564],[-86.060369069845962,39.80695847753973],[-86.060224105244387,39.806960500450479],[-86.060079122011317,39.806959460943965],[-86.059934037886933,39.806957520021172],[-86.059789033253622,39.806952516348311],[-86.059644118756765,39.80694652144502],[-86.059499096081396,39.806938545239035],[-86.05935415293149,39.806927504481813],[-86.059210071853144,39.806915470783878],[-86.059066075828497,39.806901545199025],[-86.058922067571416,39.80688545695287],[-86.058779107800319,39.806867472663789],[-86.058636136855313,39.806847507648975],[-86.058494117634183,39.80682546588708],[-86.058352087774622,39.806801533467429],[-86.058211112212732,39.806776515603836],[-86.058070119897934,39.806748525393239],[-86.05793008381265,39.806719450975066],[-86.057791091842788,39.806687489803139],[-86.057652093878318,39.806654447672891],[-86.057514047577442,39.806619510749833],[-86.057377050017948,39.806582497674505],[-86.057241101725296,39.806543499417067],[-86.057105051051337,39.806503509699667],[-86.05697110154648,39.806460450454843],[-86.056838111690979,39.806416487151637],[-86.056705110298424,39.806370452178335],[-86.056574029632458,39.806323509020849],[-86.056444087937365,39.806273499588784],[-86.056315104241008,39.806222496049458],[-86.056187072950962,39.806169506779987],[-86.056060091005378,39.806114532358833],[-86.055935124558133,39.806058470224748],[-86.055811106628468,39.805999521708749],[-86.055688050634643,39.80594047976669],[-86.055567097583577,39.805878458412643],[-86.055447103074854,39.805815533043415],[-86.055328066091235,39.805751522629343],[-86.05521113207034,39.805684532817814],[-86.055095064241371,39.805617449920156],[-86.054981099887456,39.805547476800321],[-86.054869062551646,39.805477497120599],[-86.054691154577824,39.805359454144643],[-86.054649089902469,39.805330497539181],[-86.054633043736928,39.805320551877543],[-86.054542129638762,39.80525554684283],[-86.054436122522588,39.80517852040434],[-86.054332131438144,39.80510049548743],[-86.054290820590808,39.805068474831813],[-86.054438916292852,39.805041405559969],[-86.054556699130927,39.8050197523254],[-86.054685645384154,39.804996170221578],[-86.054986088993616,39.804636457169671],[-86.054971054648547,39.803744511387116],[-86.055094121462488,39.803686537241049],[-86.055093032788321,39.803681496193974],[-86.055079026701861,39.802955478565835],[-86.055057063757005,39.801859519927774],[-86.055028971082123,39.800033462767317],[-86.054999091805584,39.798214527257684],[-86.054983969258842,39.79711845474877],[-86.054965995111033,39.796388485677582],[-86.054965989539724,39.796387494950395],[-86.053757073787622,39.796393516224192],[-86.053450031822408,39.79639553076472],[-86.05342518252877,39.79639552351837],[-86.052573018088239,39.796401512893155],[-86.051394055716216,39.796407500003504],[-86.050258220075492,39.796409457869082],[-86.050212180717438,39.796409429909815],[-86.050194118878778,39.794943577244283],[-86.050194191183209,39.793881503311766],[-86.050126149676458,39.79219096881981],[-86.050188070660369,39.791721524048718],[-86.05005875397103,39.791795548518827],[-86.050045680379597,39.790967192294055],[-86.050025951046166,39.789685742480444],[-86.050018587985718,39.789244091739853],[-86.050104162104191,39.789080489762171],[-86.050543006790434,39.789077506902721],[-86.052451010803111,39.789061450683413],[-86.052625221393583,39.78906051115365],[-86.052628110888321,39.78906050154373],[-86.052647178554537,39.789060528194476],[-86.052705148379161,39.789059524761932],[-86.053274000118634,39.789055469461147],[-86.05426897899693,39.7890474661043],[-86.057579215507943,39.789020418112052],[-86.05884604612173,39.789009477971994],[-86.060185971409084,39.788998456301606],[-86.060202150728784,39.788998491505176],[-86.060284966980973,39.788997490095305],[-86.060801235242224,39.788993485269785],[-86.063031078628171,39.788976522781034],[-86.063240909689853,39.788973463254841],[-86.064158231067537,39.788959514943535],[-86.064166127829935,39.788959487895461],[-86.064205029078863,39.788958544031573],[-86.064239879473362,39.788956443149758],[-86.064275886691931,39.788954517529099],[-86.064315161274635,39.788951500787491],[-86.064334989182768,39.788949540518367],[-86.064347213366204,39.788948417814296],[-86.064383214877594,39.788945502333711],[-86.064418161505557,39.788943490235781],[-86.06445407752318,39.788942556519999],[-86.065427191830693,39.788934532440187],[-86.065452045312611,39.788935528753662],[-86.065473050696269,39.788937528132045],[-86.065497053913262,39.788941499598451],[-86.065517883836449,39.788946472713008],[-86.065540069598413,39.788952521978487],[-86.065561086433291,39.78895650279533],[-86.065582092999009,39.788958503050601],[-86.065593173853301,39.788959545774979],[-86.065594232747756,39.788959542134982],[-86.065603285303197,39.78895951101601],[-86.066700174561163,39.788955464930474],[-86.067881037128316,39.788950487714978],[-86.067928124600812,39.788949514300924],[-86.06794507443324,39.788949545760786],[-86.068972991300384,39.788942473320553],[-86.068996965853486,39.788941489527403],[-86.069019103519409,39.788939431283239],[-86.069039112372636,39.788935488089621],[-86.069063248996713,39.788929459018306],[-86.069079736794905,39.788925333480037],[-86.069042782606587,39.788926007427364],[-86.068987640826137,39.788933225702351],[-86.067883635680857,39.788941193632049],[-86.066701971050904,39.788946345668272],[-86.06557429243874,39.788947897349097],[-86.065509936822963,39.788935371236406],[-86.065453134623851,39.788926638911654],[-86.064962366910123,39.788929319565987],[-86.064817045100042,39.788930632448512],[-86.064740361230008,39.788931326038792],[-86.064685907576902,39.788931818142686],[-86.064456434989467,39.788933892013432],[-86.064403115428036,39.788935680677731],[-86.064336909229155,39.788940129949516],[-86.064316142362387,39.788942038494966],[-86.064206372916331,39.788949222804611],[-86.064163251770466,39.788950064935513],[-86.063032201679448,39.788967558089738],[-86.060286913129602,39.788988260540684],[-86.060187678673131,39.788989508570573],[-86.058847788458266,39.789000919235249],[-86.057580224794719,39.789011236792071],[-86.054270952141394,39.789038118570311],[-86.053275601644941,39.789046242972233],[-86.052630224135328,39.789050696927035],[-86.05128759546588,39.789061204388929],[-86.05010583028033,39.789069522983873],[-86.045457235187143,39.789108807651019],[-86.045458417088398,39.789198714107414],[-86.045372376217756,39.789110376176289],[-86.044130006825867,39.789113754542193],[-86.042962750773384,39.789117837099369],[-86.04180118085911,39.789121600417324],[-86.040606894388773,39.78912089649296],[-86.037039847100061,39.789151583948744],[-86.033727439743885,39.789149217681469],[-86.033907848595788,39.789463925280522],[-86.034372490812672,39.790363010011916],[-86.034677729741489,39.790942297884357],[-86.034989214689688,39.791486849287345],[-86.035275308642269,39.792090992819233],[-86.035451482456182,39.792576459313132],[-86.035609404284088,39.793255400714386],[-86.035664545807009,39.793949547890399],[-86.035616505329358,39.794584508907853],[-86.035428958031574,39.795581953589668],[-86.035277104173304,39.79645185915652],[-86.035079630465219,39.797589157587353],[-86.034935935494971,39.798373204596494],[-86.034777173700036,39.798872400259519],[-86.034737366596048,39.798978121118445],[-86.034545565655378,39.799488817485368],[-86.034291110942164,39.79996832247592],[-86.034105461585554,39.800230503342789],[-86.033826859269737,39.800619140486525],[-86.033501782798552,39.801053229755468],[-86.033174379019144,39.801468495870772],[-86.03274693685313,39.802029960326742],[-86.032387560492964,39.80262608379558],[-86.032030479391864,39.803310428328849],[-86.031829988088589,39.803750979066749],[-86.031629762550565,39.804250229331799],[-86.03133908292385,39.805137853589265],[-86.031193628590955,39.805679473430125],[-86.031085208085216,39.80621994456596],[-86.030982766467872,39.807042123996069],[-86.030909368923446,39.808385116601222],[-86.030939183829886,39.811141952053994]]]},"properties":{"OBJECTID":23,"JURISDCTN":"IMPD","DISTRICT":"Northeast","POLICEZONE":"NE30","SHAPE.STArea()":177279091.1081506,"SHAPE.STLength()":90147.363074292312}},{"type":"Feature","id":24,"geometry":{"type":"Polygon","coordinates":[[[-86.1398590543713,39.757621514073179],[-86.139880939627503,39.757626469572251],[-86.139903994323745,39.757633491868297],[-86.139923122821116,39.757643503319805],[-86.140100948614375,39.75774655384032],[-86.140112065607553,39.757753444649133],[-86.140121073814271,39.757761515846092],[-86.140128148013645,39.757768513211929],[-86.14013514126728,39.757777493308922],[-86.140141087350614,39.757788459177796],[-86.140144120472172,39.757795473026682],[-86.140146106428318,39.757804473548475],[-86.140147124043111,39.757812486369218],[-86.140147117178344,39.757825458021493],[-86.140149096351564,39.757833467820518],[-86.140152156619209,39.757844445460513],[-86.140158096543516,39.757854510671358],[-86.140164133868936,39.757864484515629],[-86.140172088689383,39.757873460687662],[-86.140182057848349,39.757881436990644],[-86.14019307980584,39.757888419148109],[-86.140813093829692,39.758252525144577],[-86.141939081485503,39.758912462171196],[-86.142804174102707,39.75939851654595],[-86.143079200828552,39.759552420585813],[-86.143099010477258,39.759563419462964],[-86.143104027150727,39.759566264840572],[-86.143277217360477,39.759664482001071],[-86.14332002692332,39.759688448082635],[-86.143361967524342,39.759711967376163],[-86.143363190489765,39.759707729149163],[-86.143104423117123,39.759559372999426],[-86.143104372739231,39.759559344384407],[-86.143138927863944,39.758958079366032],[-86.143183746708857,39.758477483340975],[-86.143218602312757,39.758130103011901],[-86.143218605590093,39.758130070573898],[-86.143222297614713,39.758093121147738],[-86.143222272680745,39.758093059103039],[-86.14307997924432,39.757737518045815],[-86.143436006222757,39.756600470719661],[-86.143581884017067,39.755685709500597],[-86.143652089421451,39.755034661747388],[-86.143756378499489,39.754412987362784],[-86.143871390596999,39.753727377910963],[-86.143923394736717,39.753413433795465],[-86.144031343645679,39.752761751213733],[-86.144136558313235,39.752121639074346],[-86.144158771665829,39.751886676606901],[-86.144164724325989,39.751823708791072],[-86.144162558366574,39.751593486014734],[-86.144162556434864,39.751593375238663],[-86.144249144576335,39.751504017122031],[-86.144538897457707,39.750965479798928],[-86.144352326878987,39.750444846763514],[-86.143835130186631,39.74967180995715],[-86.142943039316151,39.748910398092633],[-86.14162263275955,39.747962008704597],[-86.14054461575752,39.747267190382203],[-86.139799959712846,39.746803507090327],[-86.138753144412533,39.74586640125392],[-86.138664006889158,39.745787347717375],[-86.138542535219443,39.745517765148506],[-86.138542511964829,39.745517776951914],[-86.138542493008458,39.74551773469679],[-86.138270135759811,39.74559045761724],[-86.138220252965553,39.745614532897228],[-86.138183128532773,39.745632429879443],[-86.138082042679571,39.745670405272712],[-86.138049890966585,39.745683687628052],[-86.138026089522484,39.745693513468147],[-86.137974109131576,39.745706516043597],[-86.137904062110607,39.745737429087015],[-86.137880047924654,39.745744462739488],[-86.137853112324322,39.745760426819018],[-86.13770019026029,39.745818430028756],[-86.137675119647284,39.745825739031503],[-86.137652067286069,39.745832498528898],[-86.137597075791959,39.745855512547131],[-86.137521178320782,39.745875458046378],[-86.13747472045678,39.745893843902977],[-86.137468097201847,39.745896482749558],[-86.137384155830034,39.745922407099563],[-86.137266131174073,39.745946487164169],[-86.137251123797128,39.745947448688163],[-86.137170206081464,39.745965072531092],[-86.137072086084075,39.745986549803071],[-86.136995110007547,39.74598947459949],[-86.136910522216837,39.746005310862799],[-86.136834103339424,39.746019493647267],[-86.13675300638505,39.746039099430398],[-86.136747047730765,39.746040475487455],[-86.136656081807487,39.746052464452717],[-86.136277060867357,39.746065438907827],[-86.136196104849631,39.746077477085194],[-86.136102106590101,39.746082451645457],[-86.135977115022428,39.746115387079442],[-86.135768164935072,39.746228474915874],[-86.135699103710479,39.746277489096094],[-86.135664088227514,39.746308529440014],[-86.135649134095161,39.74633147083496],[-86.135605186879232,39.74636542943496],[-86.135455111178615,39.746531428214794],[-86.135434840056021,39.746579523740202],[-86.135420063267148,39.746614536256217],[-86.13539708343653,39.746660481071089],[-86.135367141163826,39.746687446859731],[-86.135360871248636,39.746699723279249],[-86.135341115856605,39.746738538759153],[-86.135323195499836,39.746778517715981],[-86.135309270713321,39.746797221695218],[-86.135286094432402,39.746828483429439],[-86.13525303445185,39.746892486189658],[-86.135226120250891,39.74695448172713],[-86.135193117211983,39.746998485453155],[-86.13517510054038,39.747052518145729],[-86.135159129226039,39.74712446889216],[-86.135155048104011,39.747132952692802],[-86.135147075327197,39.747149470087642],[-86.135143011898222,39.74716056670043],[-86.13512710991823,39.747228464083882],[-86.135109107058426,39.747270424842263],[-86.135108149579963,39.747299436131712],[-86.135105162231397,39.747327463959572],[-86.135112139199563,39.747405447637682],[-86.135103057495044,39.747414492026422],[-86.135095102263591,39.74741947879123],[-86.135095060276399,39.747427406780133],[-86.135095114567164,39.747435423548197],[-86.135094047326987,39.747448400404728],[-86.135091875469882,39.747454534720006],[-86.135091021987606,39.747456519668624],[-86.135082132794821,39.747465564179478],[-86.135073132724699,39.747472536663473],[-86.135062131960694,39.747482490377294],[-86.135054121912887,39.747493512843008],[-86.135049101972442,39.747505513995364],[-86.135048123682111,39.7475174988395],[-86.135046113981943,39.74753345175499],[-86.135039170051542,39.747545460670054],[-86.135035146839769,39.747562502530236],[-86.135030140314129,39.747576486032685],[-86.135022542724371,39.747591559909196],[-86.13501510288593,39.747601499250777],[-86.1350039175055,39.747612624592776],[-86.135003056700896,39.747613528749646],[-86.135002099698255,39.747628486664645],[-86.135002499980899,39.747630737659968],[-86.135002537333534,39.747630912241931],[-86.134962737383702,39.747708884690539],[-86.134946093283915,39.747729425280298],[-86.134848083752459,39.747810445334252],[-86.134789115748148,39.747843473449009],[-86.134638062946905,39.747894438844178],[-86.134619804883116,39.747898746564275],[-86.134599143993682,39.747903514309549],[-86.134507043917736,39.747947485843191],[-86.134464124050979,39.747962611969825],[-86.134340067735678,39.748006441944277],[-86.13425405488718,39.748025436207939],[-86.134124152802144,39.748044426122959],[-86.134076986467477,39.748057947976257],[-86.134033085043825,39.748070466813544],[-86.133995107798384,39.748076475059278],[-86.133913112194833,39.748077525686796],[-86.133894081529789,39.74808147522846],[-86.133860167808251,39.748090530299606],[-86.13384910592579,39.748091475504523],[-86.133834104171001,39.748093518285899],[-86.133818058090995,39.748097455803446],[-86.133796133585903,39.748100517191936],[-86.133792098590106,39.748101524181756],[-86.133786054357316,39.748104430692933],[-86.13377906214366,39.748109503560329],[-86.133769080368907,39.748113507636759],[-86.133748117049109,39.748130527548597],[-86.133707201988827,39.748143484587942],[-86.133556094770412,39.748186430906934],[-86.133520288055479,39.748200448154222],[-86.133497057778627,39.748209549319277],[-86.133352721871006,39.748257603840393],[-86.133320069756167,39.748268455049136],[-86.133294101993997,39.748285494997219],[-86.133232096687834,39.748339433996364],[-86.133188074660083,39.748362491899627],[-86.13314616184104,39.74838446048954],[-86.132979121155941,39.748505482811034],[-86.132962124202948,39.748525548971351],[-86.132951121421485,39.748549465792436],[-86.13292982434497,39.748574143609034],[-86.132906137804341,39.748601443902679],[-86.132896062671179,39.748634544867173],[-86.132885065962057,39.748659541577027],[-86.132882047822136,39.748711532157152],[-86.132877150977848,39.748727496628575],[-86.132875156827353,39.748731467646095],[-86.132873052484342,39.748733458502649],[-86.1328710656244,39.748738511211982],[-86.132870123064606,39.748741487253838],[-86.132868154469705,39.748749422978356],[-86.132866112005431,39.748760421324143],[-86.132865113281809,39.748769433073107],[-86.132863146459414,39.748777458858747],[-86.13286135333037,39.748782690926554],[-86.132860126871577,39.748786478723865],[-86.132858071049739,39.748795495618914],[-86.132857079008289,39.748805498993704],[-86.132857146403609,39.748815498113608],[-86.132855097252076,39.748825504833178],[-86.132855067804329,39.74883550434199],[-86.132854070251142,39.748844516986729],[-86.132855167636009,39.748864511360495],[-86.132864083054983,39.748873483292307],[-86.132872106972698,39.748864443328493],[-86.132883072143969,39.748863497704342],[-86.13288207459405,39.748872510349251],[-86.132879151246556,39.748881440660519],[-86.132869143805692,39.748910397303597],[-86.132863910826373,39.748919426058116],[-86.132858107578983,39.74892953882383],[-86.132852104526108,39.748938571571244],[-86.132843102472535,39.748959507188559],[-86.132825182842353,39.748985522446056],[-86.132819096851293,39.748996446960497],[-86.132816097898782,39.749008530867137],[-86.132812113518099,39.74903142783581],[-86.132806110444406,39.749040459680131],[-86.132795109104904,39.749050413179759],[-86.13278208749756,39.749060464859099],[-86.132770110194699,39.749068439870562],[-86.132759473902979,39.749075599781563],[-86.132755066541378,39.749078499666219],[-86.132742126640338,39.749086479440557],[-86.132729084377999,39.74909346797169],[-86.132681257434854,39.749123387054425],[-86.132641097915666,39.749148501714814],[-86.132627106381179,39.74915747554919],[-86.132604093119582,39.74917045040479],[-86.132580132364865,39.749185499730594],[-86.13256709674701,39.749193479869497],[-86.132541092700549,39.74920538499547],[-86.132514161795314,39.749222428632834],[-86.132510422191089,39.749224515213001],[-86.132501118924012,39.749229507209115],[-86.132490077469726,39.749233515427811],[-86.132477104141572,39.749236540645853],[-86.132463071922885,39.749239479142481],[-86.13242406958841,39.749250535716989],[-86.132363078211057,39.749269518247701],[-86.132347134120266,39.749274445904611],[-86.132335520546761,39.749279267019098],[-86.132335041042552,39.749279449079431],[-86.132320079616434,39.749287526984645],[-86.132293017820288,39.749299526366563],[-86.132268150573012,39.749308544683586],[-86.132242146431381,39.749320449742889],[-86.132229090736615,39.749325456767615],[-86.132215161440598,39.749329475641829],[-86.13217609551748,39.749345487048807],[-86.132162069937422,39.749349417135122],[-86.132138137414188,39.749354467767134],[-86.132113159336782,39.749361414022317],[-86.132099127689045,39.749364443441706],[-86.13208508759449,39.749366391172217],[-86.132069124067883,39.749368436681202],[-86.13205412314845,39.749370479229334],[-86.13204691754872,39.749372489622203],[-86.132040001312618,39.749374498854515],[-86.132016116604277,39.749386485434435],[-86.132002097111325,39.749391496297385],[-86.131991152445536,39.749395504080596],[-86.131987109515435,39.749395520287472],[-86.131976068004462,39.749399528457488],[-86.131953097446598,39.749404485126888],[-86.131940117391707,39.749406518659185],[-86.131927130065776,39.749407471398818],[-86.131901060347772,39.749409468223796],[-86.13188903622914,39.749410507167056],[-86.131877107787005,39.749411545725614],[-86.131864127122725,39.749413489183503],[-86.131837101460931,39.749416480577167],[-86.131824108074355,39.749416532645917],[-86.131810158142059,39.749417489229899],[-86.131798147345748,39.749420509614374],[-86.13177411848811,39.74942547048903],[-86.131761145091929,39.749428495627335],[-86.131748265548609,39.749431249282388],[-86.131747016565058,39.749431524491683],[-86.13173405648989,39.749436531077599],[-86.131722058410347,39.749441443739599],[-86.131709091670189,39.749445459597439],[-86.131697074203387,39.74944748924618],[-86.131685145751788,39.749448527785042],[-86.131671093473273,39.749448494010302],[-86.131658099474848,39.749448455994568],[-86.131645112748402,39.749449499669318],[-86.131527096973272,39.749447449533776],[-86.131511118927008,39.749447513520167],[-86.131496104045382,39.74944748357904],[-86.131481089163728,39.749447453635995],[-86.131449044613134,39.749448482631784],[-86.131434043657265,39.749450525099917],[-86.131411143252066,39.749451517472522],[-86.131374087066391,39.749451485692262],[-86.131346077622965,39.749451507753378],[-86.13133115958405,39.749451477403255],[-86.131304017066853,39.749451495983898],[-86.131292081952921,39.749451543757068],[-86.131250028051355,39.74945252269341],[-86.131238085677623,39.749451489669674],[-86.131225105592137,39.749453523122185],[-86.131200170385981,39.749452452024244],[-86.131186110890596,39.749451517536031],[-86.131173103578021,39.749449497114561],[-86.131123053998749,39.749449517248628],[-86.131091085722446,39.749447483515944],[-86.131088102235736,39.749447495452713],[-86.130919156671439,39.749443486813625],[-86.130907888105014,39.749442360992674],[-86.130809070102288,39.74943248656605],[-86.130736195858262,39.749430526223634],[-86.130713095113876,39.749430528507418],[-86.130684245369068,39.749477306455724],[-86.130684208430523,39.749477366048524],[-86.130668058693203,39.749503495489584],[-86.130643873101405,39.749542508003124],[-86.130647152622686,39.749787520472573],[-86.130655184413783,39.750152504801882],[-86.130689052977004,39.7523314783014],[-86.130689091476654,39.752351476917681],[-86.130686125248417,39.752368514390128],[-86.130684062387516,39.752376539617771],[-86.130677906115423,39.752391518270812],[-86.130674013040789,39.752399460746126],[-86.130668965402194,39.75240749880556],[-86.130657094855536,39.752431508032267],[-86.130650945219699,39.752447477408737],[-86.130648015388331,39.752455506101107],[-86.130647009686044,39.752463528002991],[-86.130644133039851,39.752479484296153],[-86.130641984612112,39.752503454659518],[-86.130652130053392,39.753671430762388],[-86.130656068900109,39.754258485579847],[-86.130662080791382,39.75491048209107],[-86.130674132869132,39.756118446700299],[-86.130680143096967,39.757028530880511],[-86.130684135105852,39.757465507136814],[-86.130686946276015,39.757927531553641],[-86.130740921359262,39.7579234419306],[-86.130794244280338,39.757922508179149],[-86.132206134144553,39.757911539061915],[-86.133814294033144,39.757899492816712],[-86.135860126041962,39.7578834942938],[-86.13810617433154,39.75786646564665],[-86.139834170474316,39.757853488933165],[-86.139836017037041,39.757757543444427],[-86.139834198231952,39.757618463014076],[-86.1398590543713,39.757621514073179]]]},"properties":{"OBJECTID":24,"JURISDCTN":"IMPD","DISTRICT":"Southeast","POLICEZONE":"SE15","SHAPE.STArea()":14121638.455659565,"SHAPE.STLength()":15879.00772705169}},{"type":"Feature","id":25,"geometry":{"type":"Polygon","coordinates":[[[-86.054965995111033,39.796388485677582],[-86.054983969258842,39.79711845474877],[-86.054999091805584,39.798214527257684],[-86.055028971082123,39.800033462767317],[-86.055057063757005,39.801859519927774],[-86.055079026701861,39.802955478565835],[-86.055093032788321,39.803681496193974],[-86.055094121462488,39.803686537241049],[-86.054971054648547,39.803744511387116],[-86.054986088993616,39.804636457169671],[-86.054685645384154,39.804996170221578],[-86.054556699130927,39.8050197523254],[-86.054438916292852,39.805041405559969],[-86.054290820590808,39.805068474831813],[-86.054332131438144,39.80510049548743],[-86.054436122522588,39.80517852040434],[-86.054542129638762,39.80525554684283],[-86.054633043736928,39.805320551877543],[-86.054649089902469,39.805330497539181],[-86.054691154577824,39.805359454144643],[-86.054869062551646,39.805477497120599],[-86.054981099887456,39.805547476800321],[-86.055095064241371,39.805617449920156],[-86.05521113207034,39.805684532817814],[-86.055328066091235,39.805751522629343],[-86.055447103074854,39.805815533043415],[-86.055567097583577,39.805878458412643],[-86.055688050634643,39.80594047976669],[-86.055811106628468,39.805999521708749],[-86.055935124558133,39.806058470224748],[-86.056060091005378,39.806114532358833],[-86.056187072950962,39.806169506779987],[-86.056315104241008,39.806222496049458],[-86.056444087937365,39.806273499588784],[-86.056574029632458,39.806323509020849],[-86.056705110298424,39.806370452178335],[-86.056838111690979,39.806416487151637],[-86.05697110154648,39.806460450454843],[-86.057105051051337,39.806503509699667],[-86.057241101725296,39.806543499417067],[-86.057377050017948,39.806582497674505],[-86.057514047577442,39.806619510749833],[-86.057652093878318,39.806654447672891],[-86.057791091842788,39.806687489803139],[-86.05793008381265,39.806719450975066],[-86.058070119897934,39.806748525393239],[-86.058211112212732,39.806776515603836],[-86.058352087774622,39.806801533467429],[-86.058494117634183,39.80682546588708],[-86.058636136855313,39.806847507648975],[-86.058779107800319,39.806867472663789],[-86.058922067571416,39.80688545695287],[-86.059066075828497,39.806901545199025],[-86.059210071853144,39.806915470783878],[-86.05935415293149,39.806927504481813],[-86.059499096081396,39.806938545239035],[-86.059644118756765,39.80694652144502],[-86.059789033253622,39.806952516348311],[-86.059934037886933,39.806957520021172],[-86.060079122011317,39.806959460943965],[-86.060224105244387,39.806960500450479],[-86.060369069845962,39.80695847753973],[-86.060514029947115,39.806955462818564],[-86.06065906882624,39.806949475417127],[-86.060804102021507,39.806942497109844],[-86.060949123867388,39.806933537172043],[-86.061093073493268,39.806922508241563],[-86.061237103001488,39.806908505728565],[-86.06138112678947,39.806893513213062],[-86.06152504341587,39.806876538495018],[-86.061668080455433,39.806857494136672],[-86.061810142659525,39.806836471433854],[-86.061953066761461,39.806814455777854],[-86.062094046911028,39.806789472537361],[-86.062235111358959,39.806762507350463],[-86.062376073742172,39.80673446152862],[-86.062515093312186,39.806703449931568],[-86.062654105899384,39.806671446547242],[-86.06279310698504,39.806637461547822],[-86.062862071622675,39.806619480071561],[-86.064588722126331,39.80609163436489],[-86.067545792072323,39.805323233473828],[-86.073973995111572,39.803668465462138],[-86.073973922566992,39.803623514752907],[-86.073973963948262,39.803581445808334],[-86.073974010079908,39.803148510236213],[-86.073950044133511,39.801241550047727],[-86.073949136268752,39.801234527053701],[-86.073946975488539,39.80122750845716],[-86.073945200041592,39.801220488508129],[-86.073941215359923,39.801214467057541],[-86.073937225360453,39.801207544047905],[-86.073932181599119,39.801201526314038],[-86.073928214989479,39.801198568001674],[-86.073926082902986,39.801196412959243],[-86.073914176690636,39.801186455429942],[-86.073909139313557,39.801181519385601],[-86.07390516048136,39.801176488657795],[-86.073901265705757,39.801169475244976],[-86.073898046383221,39.801162550429964],[-86.07389617519371,39.801155530816104],[-86.073895170418666,39.801148508161617],[-86.073879055528167,39.799951459596308],[-86.073855098151355,39.798110528764354],[-86.073833106945798,39.796406515964684],[-86.07383414494474,39.796386514576845],[-86.073835109401088,39.796370476428606],[-86.07383809782668,39.796354521246499],[-86.073841084552271,39.796338476002489],[-86.073846088871889,39.796321432933581],[-86.073853110147411,39.796303482109472],[-86.073857567845224,39.796291755856871],[-86.073861173528982,39.796282464423449],[-86.073864129843457,39.796277499422033],[-86.073873077104466,39.796259451770588],[-86.073879068574982,39.79624645828558],[-86.073884096786102,39.796233469081123],[-86.073888058980259,39.796219492871856],[-86.073892105860679,39.796203443905874],[-86.073894051622958,39.796190464617169],[-86.073896088456905,39.79617649516404],[-86.073897066280892,39.79616252852653],[-86.073897084992666,39.796149466833072],[-86.073894063528499,39.795506468289751],[-86.073888136673034,39.794795468782546],[-86.073884065812692,39.794072480955514],[-86.07387910075785,39.793328506773165],[-86.073869029926286,39.791865511909286],[-86.073858038696116,39.790393421250258],[-86.073850093963685,39.789029418996812],[-86.073848087056945,39.788999518098471],[-86.073843961839273,39.788969535465156],[-86.073838295037135,39.788939468172451],[-86.073835034876382,39.788925516387486],[-86.073831100562785,39.788911477800482],[-86.073811243737453,39.7889084842584],[-86.073789082341733,39.788906490445122],[-86.073747069965862,39.788902493800713],[-86.073704106111748,39.788900481971737],[-86.073662206995849,39.788899458040092],[-86.072607019185497,39.7889034240672],[-86.071421246635509,39.788908466496956],[-86.070236052879054,39.788913495698445],[-86.069639930761667,39.788915123176693],[-86.069145996332438,39.788916469792561],[-86.069124044374874,39.788917537570804],[-86.069103067760338,39.788920492487584],[-86.069082963707558,39.788924526090256],[-86.069079736794905,39.788925333480037],[-86.069063248996713,39.788929459018306],[-86.069039112372636,39.788935488089621],[-86.069019103519409,39.788939431283239],[-86.068996965853486,39.788941489527403],[-86.068972991300384,39.788942473320553],[-86.06794507443324,39.788949545760786],[-86.067928124600812,39.788949514300924],[-86.067881037128316,39.788950487714978],[-86.066700174561163,39.788955464930474],[-86.065603285303197,39.78895951101601],[-86.065594232747756,39.788959542134982],[-86.065593173853301,39.788959545774979],[-86.065582092999009,39.788958503050601],[-86.065561086433291,39.78895650279533],[-86.065540069598413,39.788952521978487],[-86.065517883836449,39.788946472713008],[-86.065497053913262,39.788941499598451],[-86.065473050696269,39.788937528132045],[-86.065452045312611,39.788935528753662],[-86.065427191830693,39.788934532440187],[-86.06445407752318,39.788942556519999],[-86.064418161505557,39.788943490235781],[-86.064383214877594,39.788945502333711],[-86.064347213366204,39.788948417814296],[-86.064334989182768,39.788949540518367],[-86.064315161274635,39.788951500787491],[-86.064275886691931,39.788954517529099],[-86.064239879473362,39.788956443149758],[-86.064205029078863,39.788958544031573],[-86.064166127829935,39.788959487895461],[-86.064158231067537,39.788959514943535],[-86.063240909689853,39.788973463254841],[-86.063031078628171,39.788976522781034],[-86.060801235242224,39.788993485269785],[-86.060284966980973,39.788997490095305],[-86.060202150728784,39.788998491505176],[-86.060185971409084,39.788998456301606],[-86.05884604612173,39.789009477971994],[-86.057579215507943,39.789020418112052],[-86.05426897899693,39.7890474661043],[-86.053274000118634,39.789055469461147],[-86.052705148379161,39.789059524761932],[-86.052647178554537,39.789060528194476],[-86.052628110888321,39.78906050154373],[-86.052625221393583,39.78906051115365],[-86.052451010803111,39.789061450683413],[-86.050543006790434,39.789077506902721],[-86.050104162104191,39.789080489762171],[-86.050018587985718,39.789244091739853],[-86.050025951046166,39.789685742480444],[-86.050045680379597,39.790967192294055],[-86.05005875397103,39.791795548518827],[-86.050188070660369,39.791721524048718],[-86.050126149676458,39.79219096881981],[-86.050194191183209,39.793881503311766],[-86.050194118878778,39.794943577244283],[-86.050212180717438,39.796409429909815],[-86.050258220075492,39.796409457869082],[-86.051394055716216,39.796407500003504],[-86.052573018088239,39.796401512893155],[-86.05342518252877,39.79639552351837],[-86.053450031822408,39.79639553076472],[-86.053757073787622,39.796393516224192],[-86.054965989539724,39.796387494950395],[-86.054965995111033,39.796388485677582]]]},"properties":{"OBJECTID":25,"JURISDCTN":"IMPD","DISTRICT":"Northeast","POLICEZONE":"NE35","SHAPE.STArea()":36106785.701757878,"SHAPE.STLength()":25340.539596894916}},{"type":"Feature","id":26,"geometry":{"type":"Polygon","coordinates":[[[-86.110951053808222,39.781372499231473],[-86.111723891361791,39.781369447997783],[-86.111911080946058,39.781368459793526],[-86.112395138670209,39.781366511632172],[-86.113102015822847,39.78136352439811],[-86.113136199433924,39.78136348296502],[-86.113743225110227,39.781361416323428],[-86.114288231470127,39.781358504915353],[-86.11435197837406,39.781358439163363],[-86.115092076382822,39.78135549178856],[-86.11546511343542,39.781354500149632],[-86.115765056718843,39.781352529234972],[-86.116558018938434,39.781349457998537],[-86.116558115827075,39.781349457622937],[-86.116615989276781,39.781349503463758],[-86.117073083493423,39.781347460189942],[-86.117222141352613,39.781346521333077],[-86.117459115120369,39.781345511030096],[-86.117854010902406,39.781344516872245],[-86.117854106623696,39.78134451650012],[-86.118014910734487,39.781343440890588],[-86.118550967867733,39.781341444946797],[-86.118809126330632,39.781340529533999],[-86.119264102800614,39.781338485880987],[-86.119603244329213,39.781337523055086],[-86.119980133278148,39.781336501869845],[-86.120690090537977,39.781333546453382],[-86.12112811240425,39.781330481005412],[-86.121170096674817,39.781330496726774],[-86.121212087463562,39.781331503154298],[-86.121266121728681,39.78133354410712],[-86.121297038618479,39.781334503813078],[-86.12137910179537,39.781337514824337],[-86.121464135641105,39.781338533543092],[-86.12200008846709,39.781335440360614],[-86.122542109037951,39.781332501904949],[-86.123156040883018,39.781326485980422],[-86.12378711965826,39.78132147918469],[-86.12435205760255,39.781318532073804],[-86.124933068285742,39.781314437932856],[-86.125137109513219,39.781313451919871],[-86.125511199839679,39.781311523148851],[-86.125806045415672,39.781310537184169],[-86.125798124249428,39.779553506840308],[-86.125799080541398,39.779523505938819],[-86.125803110747469,39.779492501228617],[-86.125805120360766,39.77946150541262],[-86.125806068891748,39.77943051289359],[-86.125783119354949,39.778005496730486],[-86.125817528700551,39.778039501755792],[-86.126113124115662,39.778037521321302],[-86.126109109303115,39.778027447804917],[-86.126105108272071,39.77801944669703],[-86.126101107235982,39.778011444688332],[-86.126096053507823,39.778004528562597],[-86.126086132030963,39.777989523790417],[-86.126079092974834,39.777973516860051],[-86.126075135525156,39.777957497730839],[-86.126073102911633,39.777941470982086],[-86.126069920233988,39.776434490988109],[-86.126068097434413,39.774842467533951],[-86.126067051561179,39.774366474965476],[-86.125636185148394,39.774367459119745],[-86.125469138294704,39.774368479872713],[-86.124899258258665,39.77437253265299],[-86.124384072758488,39.77437744866036],[-86.124277107628998,39.774378500935839],[-86.124250125747977,39.771263456233754],[-86.124245116237645,39.768892498187675],[-86.124239061784948,39.767963497650264],[-86.124237083636032,39.767795501428473],[-86.123500260472426,39.767849480635157],[-86.122933290598624,39.767892518909406],[-86.121826271504588,39.767973526035682],[-86.120800273286221,39.768048439459214],[-86.119877943937368,39.768120508115935],[-86.119657289153551,39.768136503665801],[-86.118730983665046,39.768204523863005],[-86.118220102877743,39.768242546132939],[-86.117586137645134,39.768288520965484],[-86.116443098251352,39.768369525728453],[-86.115859276784789,39.768413495439709],[-86.115134186427099,39.768467466209131],[-86.114927950800734,39.76848042480691],[-86.114554278320966,39.768506459590071],[-86.113838896909897,39.768558493372502],[-86.113153141746551,39.768606444884163],[-86.11171710376631,39.768714474898509],[-86.111572060807077,39.768721516781994],[-86.11077314437766,39.768764482969722],[-86.110614056551981,39.768773469727478],[-86.110409250665612,39.768784521597368],[-86.109548062452404,39.768830510430057],[-86.109336040995402,39.768842489521546],[-86.108405081959333,39.768893510471024],[-86.107394236092347,39.768948430059091],[-86.107212138659932,39.768957499526294],[-86.107305354306163,39.774612328219199],[-86.110780985403679,39.774599796484488],[-86.110951053808222,39.781372499231473]]]},"properties":{"OBJECTID":26,"JURISDCTN":"IMPD","DISTRICT":"Northeast","POLICEZONE":"NE25","SHAPE.STArea()":21225510.142632555,"SHAPE.STLength()":20027.705095060683}},{"type":"Feature","id":27,"geometry":{"type":"Polygon","coordinates":[[[-86.225246097944847,39.731604504925031],[-86.225276091913329,39.733694334324895],[-86.225276222870761,39.733703476534401],[-86.225297053565498,39.73370153980305],[-86.226792108811949,39.733562489260187],[-86.228763120221188,39.733359463201893],[-86.230157160928911,39.733217490748039],[-86.230712403915945,39.733160203869573],[-86.231243128516084,39.733105466325803],[-86.231680242005368,39.733052892403776],[-86.231792140352766,39.733039466157422],[-86.232046668132185,39.733005166340135],[-86.232571198193057,39.732934418027142],[-86.233726117722142,39.732759516000094],[-86.23458314726696,39.732576512019996],[-86.23533707066953,39.732423463688043],[-86.238155569285325,39.731846513795908],[-86.239267033983225,39.731668527229466],[-86.240378709331111,39.731528184764819],[-86.241896491669863,39.731370145508109],[-86.242546143730792,39.731317469021974],[-86.243137291178428,39.731322552047118],[-86.243824295544599,39.731191220782456],[-86.247850022686521,39.730859449699366],[-86.24784731546319,39.730743346243166],[-86.247845510142241,39.730665882993989],[-86.250323962284241,39.729756492374293],[-86.250326084879475,39.728513425721985],[-86.250339105069685,39.728140506013617],[-86.250337258296568,39.72761343963446],[-86.250339082773351,39.726015445956911],[-86.250742159687576,39.725619305507188],[-86.250786768516633,39.724509076920533],[-86.253011171506486,39.722398025251643],[-86.253129693180824,39.722180956966369],[-86.254208258007992,39.721062615826746],[-86.254208160441578,39.721062526252041],[-86.253244483585746,39.721084577935329],[-86.251296131087756,39.721034437931657],[-86.251042109025747,39.720928427242484],[-86.250757235834953,39.720903019483075],[-86.250435110932884,39.720824462483208],[-86.250344157750234,39.72007849063418],[-86.25034312058969,39.719761492543654],[-86.250343043263058,39.719672490836558],[-86.250342007310365,39.719355493618615],[-86.250341150409312,39.718466466698445],[-86.250333524458455,39.717687284335192],[-86.250338126606877,39.716692472123157],[-86.250326231575301,39.714664938014671],[-86.250325090763411,39.714472435656702],[-86.250322167787886,39.713874477760292],[-86.250323247028305,39.713808531313298],[-86.250334207190846,39.713145733420298],[-86.250361228308748,39.711512296813964],[-86.250381481781247,39.710285710469883],[-86.250402279299763,39.709032546370054],[-86.250407174958156,39.708734525947278],[-86.250295512434917,39.708725177933019],[-86.242862420983641,39.712114665771388],[-86.241181029114557,39.712908524368068],[-86.241038152742576,39.712975442528823],[-86.240839030950653,39.713069483636801],[-86.238890086277635,39.713994442375942],[-86.238433179568318,39.714209470601659],[-86.238613098640741,39.712919491479362],[-86.238772143661464,39.711828429534044],[-86.238868134397293,39.711151430023911],[-86.238918150750152,39.710766437156678],[-86.239031155647027,39.709983506614115],[-86.239057151840214,39.709788527454073],[-86.239519154797549,39.706250475253647],[-86.239530106979956,39.706167454391654],[-86.239542116736573,39.706084428309488],[-86.239555098552671,39.706002478253779],[-86.239569127831388,39.705919442202202],[-86.239593100940141,39.705782486960594],[-86.239620142180968,39.705644435746038],[-86.239649124403215,39.705508446525165],[-86.239681176643941,39.70537145228765],[-86.239778128688286,39.704975507062578],[-86.240040154603307,39.703942487345159],[-86.240114095581689,39.703660521240764],[-86.240850159403763,39.701078513766426],[-86.240936922648075,39.700754504328273],[-86.241013060730694,39.700471445821144],[-86.234292116020455,39.70050845990859],[-86.229612128703565,39.700509443647796],[-86.22962907444267,39.702121406579529],[-86.229637248249489,39.702973466737021],[-86.2296559580532,39.705145470005803],[-86.229666119346078,39.706064451992489],[-86.229668933753686,39.706280458397551],[-86.229702040968618,39.709217469573602],[-86.229711079823844,39.709749548165327],[-86.229711123021488,39.709849540447429],[-86.229723001163251,39.71083742762859],[-86.229735198684892,39.711935395042289],[-86.229752117643812,39.712714804283543],[-86.229759996112762,39.71308050432841],[-86.229583327593431,39.713086405764976],[-86.22856807301136,39.713125465996711],[-86.227360241581707,39.713166437365174],[-86.227071245448982,39.713176480128723],[-86.226932262564517,39.713191474501869],[-86.226797265658021,39.713223475160703],[-86.226671256316337,39.713272457994961],[-86.226557103534375,39.71333642678696],[-86.226458169055689,39.71341446557669],[-86.225873100153024,39.713964451271053],[-86.225604145911745,39.714217439647122],[-86.225528143244034,39.714288431050662],[-86.225510138776357,39.714298516235786],[-86.225487083126055,39.714302501061198],[-86.225465165997718,39.714304497991094],[-86.22544610989749,39.714315489815057],[-86.224804092650629,39.71491547104322],[-86.223938144947439,39.715723443833937],[-86.22328016211776,39.716590499847776],[-86.222154152588615,39.718072448018916],[-86.222115116519234,39.718123441586378],[-86.221960049585007,39.718329483948345],[-86.221081114251916,39.719495488391942],[-86.221048170322391,39.71953843549386],[-86.22101309441814,39.719579500424729],[-86.22097811455923,39.719620475718322],[-86.220944095661167,39.719661445512678],[-86.22046520902866,39.720291521487553],[-86.220463011716078,39.720293423409117],[-86.220456221330082,39.720310481463862],[-86.220458089438736,39.720327498217472],[-86.220461110283864,39.720344419403844],[-86.220454119531169,39.72036048765969],[-86.220123221926173,39.720801492152312],[-86.221512056478815,39.720747478913992],[-86.221631123960975,39.720742495557687],[-86.222200115052772,39.720719506188388],[-86.222786134734605,39.72069643156351],[-86.222842971580718,39.720693547308848],[-86.223948231688482,39.720646448217558],[-86.223936123499925,39.720803612039816],[-86.224140056811649,39.720871456178671],[-86.224156046565881,39.720706526901701],[-86.224499066824507,39.720555521253587],[-86.224552158057762,39.720553464776501],[-86.224552446130801,39.720553463392228],[-86.224678151533325,39.720548445014551],[-86.225012094956469,39.720393427490428],[-86.225116162441893,39.720425447117108],[-86.225117149348421,39.720595519747768],[-86.225117109657674,39.720602456119032],[-86.225119967877845,39.720694507756619],[-86.225171095027463,39.722309453964534],[-86.225175101949802,39.72243645204459],[-86.225177932582724,39.722930455331714],[-86.22518518727864,39.724342475053056],[-86.225185196918844,39.725166555869471],[-86.225184107817938,39.726140540128576],[-86.225199183245579,39.727925466103258],[-86.225218109968495,39.729710462167169],[-86.225246097944847,39.731604504925031]]]},"properties":{"OBJECTID":27,"JURISDCTN":"IMPD","DISTRICT":"Southwest","POLICEZONE":"SW75","SHAPE.STArea()":66029114.487243712,"SHAPE.STLength()":43675.440385334317}},{"type":"Feature","id":28,"geometry":{"type":"Polygon","coordinates":[[[-86.033727439743885,39.789149217681469],[-86.037039847100061,39.789151583948744],[-86.040606894388773,39.78912089649296],[-86.04180118085911,39.789121600417324],[-86.042962750773384,39.789117837099369],[-86.044130006825867,39.789113754542193],[-86.045372376217756,39.789110376176289],[-86.045458417088398,39.789198714107414],[-86.045457235187143,39.789108807651019],[-86.05010583028033,39.789069522983873],[-86.05128759546588,39.789061204388929],[-86.052630224135328,39.789050696927035],[-86.053275601644941,39.789046242972233],[-86.054270952141394,39.789038118570311],[-86.057580224794719,39.789011236792071],[-86.058847788458266,39.789000919235249],[-86.060187678673131,39.788989508570573],[-86.060286913129602,39.788988260540684],[-86.063032201679448,39.788967558089738],[-86.064163251770466,39.788950064935513],[-86.064206372916331,39.788949222804611],[-86.064316142362387,39.788942038494966],[-86.064336909229155,39.788940129949516],[-86.064403115428036,39.788935680677731],[-86.064456434989467,39.788933892013432],[-86.064685907576902,39.788931818142686],[-86.064740361230008,39.788931326038792],[-86.064817045100042,39.788930632448512],[-86.064962366910123,39.788929319565987],[-86.065453134623851,39.788926638911654],[-86.065509936822963,39.788935371236406],[-86.06557429243874,39.788947897349097],[-86.066701971050904,39.788946345668272],[-86.067883635680857,39.788941193632049],[-86.068987640826137,39.788933225702351],[-86.069042782606587,39.788926007427364],[-86.069079736794905,39.788925333480037],[-86.069082963707558,39.788924526090256],[-86.069103067760338,39.788920492487584],[-86.069124044374874,39.788917537570804],[-86.069145996332438,39.788916469792561],[-86.069639930761667,39.788915123176693],[-86.070238946492722,39.788904202338507],[-86.071423793983826,39.788899481446904],[-86.072609782712817,39.788894299530618],[-86.073664075912617,39.788890106042295],[-86.073833153720955,39.788902289977784],[-86.07406235502836,39.788914073475013],[-86.074857562971488,39.788911382733907],[-86.077654946153004,39.788896595471627],[-86.077970915177275,39.788894711367433],[-86.078553647829509,39.788892268098252],[-86.080907786074192,39.788879505253831],[-86.081871560847716,39.788874208352389],[-86.083295913325443,39.788866885170563],[-86.08521583875563,39.788866406530666],[-86.085688011387703,39.788865236719047],[-86.086881776660633,39.788870160309621],[-86.087564386069417,39.788860210048377],[-86.088065920214419,39.788850880107468],[-86.08894783723953,39.788846467436493],[-86.090427438749984,39.788821498695476],[-86.091706123580181,39.788817766390572],[-86.092795045751402,39.78881252469791],[-86.093412612740053,39.788805770905412],[-86.094533403438248,39.788795243827316],[-86.094595562130024,39.788801907528011],[-86.094668288800307,39.788812127728413],[-86.09579400377342,39.7888015892282],[-86.096983157184169,39.788788960004524],[-86.097583082289731,39.788781946806012],[-86.098264609419999,39.788774089345786],[-86.09888594717421,39.788768946048165],[-86.099451223529726,39.788763666249487],[-86.100596415337037,39.788751473772479],[-86.100709336362002,39.788750242677622],[-86.1019849030248,39.788766338084336],[-86.10229516321381,39.788766747326655],[-86.102243423813036,39.785436617985376],[-86.102238099993713,39.784429203486262],[-86.102232160276031,39.782923390439613],[-86.102230173258562,39.782419194094118],[-86.10222632450126,39.781917985039826],[-86.102222497190567,39.781419422958322],[-86.102221025406692,39.781419464509106],[-86.102183958820191,39.781420504293294],[-86.102147179996791,39.781421452917897],[-86.102116944252074,39.781421476301389],[-86.102087092560907,39.781421498236107],[-86.101204092539461,39.7814244474812],[-86.100546126303385,39.781426458855073],[-86.100016069197423,39.781433484001958],[-86.098827071148207,39.781440529595308],[-86.098194147206115,39.781443516096594],[-86.09759907321984,39.781447528591556],[-86.096916082364743,39.781451503729556],[-86.096390084412448,39.781445525681185],[-86.095733099102063,39.78145047837743],[-86.094636066525794,39.781458492911497],[-86.093686069918562,39.781465504916575],[-86.092761109520623,39.781472508196515],[-86.092766077562089,39.781450509772235],[-86.092771122990683,39.781425538820976],[-86.092773093361842,39.781401478938662],[-86.092774095129244,39.781376522833632],[-86.092740101379036,39.779159172295103],[-86.09273412959574,39.778768505375595],[-86.092703083224208,39.778324512045749],[-86.092699062503868,39.778078510547601],[-86.092692061264842,39.777692531769247],[-86.092650013985448,39.774995519514135],[-86.092648288330309,39.774887516233242],[-86.092647124703831,39.774870494939023],[-86.092645004223144,39.774854467905392],[-86.092643172603616,39.774838529879524],[-86.092639986176266,39.774821516009396],[-86.092636036655733,39.774805495688533],[-86.092632085969839,39.77478947537179],[-86.09262918901949,39.774772460438776],[-86.09262591354846,39.774756527711588],[-86.092625230826627,39.774739504651777],[-86.092624169027999,39.774723473731854],[-86.092589977267849,39.77225343978337],[-86.092589900318231,39.772225424383379],[-86.092590979434007,39.772197494808829],[-86.092593214670728,39.77216947092333],[-86.092594966692786,39.772141448810942],[-86.092597105599836,39.772113514445998],[-86.092597125523952,39.772085498689847],[-86.092577011621714,39.7701965360652],[-86.092573044561604,39.769771539811693],[-86.09257410122207,39.769755501103582],[-86.09257910570598,39.769739537976534],[-86.092582137554018,39.76973150988573],[-86.092586035968878,39.769723567782215],[-86.09259509508172,39.769709482106656],[-86.092601117963611,39.769702523856495],[-86.092608963085908,39.769694477200225],[-86.093764224053857,39.769635551395609],[-86.09496520200257,39.769574553967537],[-86.095649904283363,39.769539505261314],[-86.096167241909399,39.769514440866097],[-86.09736897954474,39.769452425008673],[-86.098571016701044,39.769392557231257],[-86.099630128309727,39.769340506681459],[-86.099760065198481,39.769334436769427],[-86.099824167016038,39.76933149461096],[-86.099888942871431,39.769328460733718],[-86.100824915443567,39.769276498576012],[-86.100866007199031,39.769273461776955],[-86.100907015099352,39.769272497744694],[-86.100948022432476,39.769271443631943],[-86.10098912720207,39.76927047920821],[-86.101030135098497,39.769269515132464],[-86.101071136766819,39.769267560316116],[-86.102021194494924,39.769220490442045],[-86.102087124424742,39.769217450108613],[-86.102148753655769,39.769212787535203],[-86.102148567596856,39.769201226188009],[-86.100942660287998,39.769262678450389],[-86.099755109473463,39.769322707675556],[-86.098571281786562,39.769383054056995],[-86.097369335463185,39.769443798763518],[-86.0961681103377,39.769504871515913],[-86.094966159566411,39.769565592257166],[-86.093764876070793,39.769626982615726],[-86.092646497851916,39.769683283581379],[-86.092583945046144,39.76968939009317],[-86.091360525743269,39.769750077525728],[-86.090720105713558,39.769784676150728],[-86.089608348583212,39.769843296050261],[-86.088738428119981,39.769890043193179],[-86.08735523227864,39.769956834650323],[-86.085903512185638,39.770026257480794],[-86.084933086222804,39.770072996843481],[-86.083076999884227,39.770162029226299],[-86.083063703113567,39.769127450467607],[-86.083045756147072,39.767569226355533],[-86.083040161385412,39.767009553646524],[-86.083032256181554,39.766103295882864],[-86.083019998663204,39.764704963098076],[-86.083015332071113,39.764207055584336],[-86.083006906144377,39.763213979752258],[-86.082996007833074,39.76204109760873],[-86.082995996173693,39.762039936670433],[-86.082995451624811,39.762039818832889],[-86.081492340098208,39.761713770029459],[-86.080034995175509,39.761394224505402],[-86.078772979800249,39.761121470215087],[-86.077651873698926,39.760876907193072],[-86.07685194845773,39.76070419729885],[-86.076034918096838,39.760526242589428],[-86.074961625172293,39.760292790260358],[-86.073995416175961,39.760077860288661],[-86.073492309814,39.759965943209181],[-86.072107299761939,39.759668822658959],[-86.070859190998661,39.759401054848588],[-86.070208921848348,39.759261539954608],[-86.068819353690188,39.758965824420486],[-86.068726991247246,39.75895053734596],[-86.068634667746295,39.758935116761741],[-86.066346748288495,39.758432282129817],[-86.063973700785183,39.757912086252929],[-86.062853214921134,39.757668802748718],[-86.061394191861027,39.757357937970873],[-86.06028592305428,39.757116857808832],[-86.059909333693284,39.757034936275055],[-86.05931875669566,39.756906588580193],[-86.056797510603715,39.756358614944752],[-86.054673490786939,39.755896925591607],[-86.054513088197879,39.755883938791456],[-86.054352242803134,39.755872510531681],[-86.053083616648905,39.755597077385438],[-86.049765124553787,39.754908727353296],[-86.047245650788014,39.754399100987477],[-86.043583822719782,39.753612790398712],[-86.043228529462311,39.753536444116342],[-86.041998017605451,39.753269964610745],[-86.041763345227324,39.753219141856164],[-86.040538102858861,39.752953786293951],[-86.038118637707854,39.752427275632336],[-86.035948433086816,39.75196232029829],[-86.035441235617483,39.751853648347875],[-86.034933303472684,39.751746953512018],[-86.033549811143473,39.751458494687469],[-86.03340052723982,39.751427366781485],[-86.0333306155066,39.7515188261684],[-86.032003366223051,39.75325634836863],[-86.030459115526241,39.755284665692727],[-86.029751288688033,39.756313494183637],[-86.029350152106034,39.757014034433098],[-86.028988573353274,39.757907869043976],[-86.028805192431889,39.758473821661873],[-86.028566338117841,39.759491259088392],[-86.028469961290668,39.760721509498097],[-86.028499860260084,39.761604317177891],[-86.028666361492412,39.762640212199926],[-86.028826016701686,39.763676243440138],[-86.029065118713291,39.765155899227622],[-86.029238055354412,39.766271239055598],[-86.029484292742353,39.767882297757012],[-86.029763221682558,39.7695974000424],[-86.029996277676744,39.771141543909692],[-86.030293961790761,39.772852773519993],[-86.030440947339997,39.77381330194757],[-86.030660878123413,39.775300450586293],[-86.030866579257349,39.776524791770427],[-86.031026314171044,39.777563297642757],[-86.031166208891051,39.778495236465908],[-86.031338834891073,39.779538659304826],[-86.031571450510185,39.78098608894809],[-86.031724963726049,39.781842115768683],[-86.031870727293324,39.782882139655158],[-86.03204325735895,39.783903243870974],[-86.032236415540964,39.785177215286872],[-86.032427506431262,39.786059394995711],[-86.032637045218451,39.78678281447057],[-86.032767819516565,39.7871989952761],[-86.032897885439453,39.787481274970361],[-86.033171325061431,39.788130099073953],[-86.033398688911277,39.788575730633887],[-86.033727439743885,39.789149217681469]]]},"properties":{"OBJECTID":28,"JURISDCTN":"IMPD","DISTRICT":"Northeast","POLICEZONE":"NE50","SHAPE.STArea()":200957348.55580002,"SHAPE.STLength()":68643.07715117863}},{"type":"Feature","id":29,"geometry":{"type":"Polygon","coordinates":[[[-86.304985286968943,39.838720332744593],[-86.30490034969209,39.841609998712123],[-86.304755763542147,39.846528602862868],[-86.304640917709307,39.850435058518862],[-86.304247871646481,39.854893920425994],[-86.303710722925416,39.858248659566449],[-86.303319466475486,39.860692038317495],[-86.303278489965919,39.863320044150406],[-86.303205306784989,39.86801324798045],[-86.303143190864247,39.871996342108943],[-86.303146102721485,39.875742625662205],[-86.303187638819423,39.879141115273633],[-86.30331152382081,39.882926431270377],[-86.303370282562497,39.884721644660175],[-86.303397791962084,39.884822783438175],[-86.325985760365214,39.87919682265413],[-86.326037521986535,39.868839369055095],[-86.326006167988467,39.86615164108634],[-86.328136158335397,39.866130592739395],[-86.327871464591297,39.851961642448138],[-86.32751135464116,39.834106201457452],[-86.327444498046631,39.830789822817323],[-86.327300921420289,39.822712455525789],[-86.327258184020508,39.820573132937163],[-86.327195288923292,39.817681730014762],[-86.327193520992608,39.817601126727084],[-86.326747755990155,39.797277538131091],[-86.326657310375836,39.793312888835317],[-86.326536380225619,39.786470359879502],[-86.326527651205581,39.785981411927537],[-86.326525833446425,39.785872641742195],[-86.326506162503293,39.784703964283132],[-86.326872433289722,39.778641050802385],[-86.324125555878226,39.778685469795242],[-86.321587858003383,39.778728300357628],[-86.319432748411941,39.778765149408869],[-86.317491310400086,39.778799387755605],[-86.315462215695078,39.778829279503988],[-86.311392581631424,39.778890392779104],[-86.307974181128117,39.778941932842038],[-86.300481443519573,39.779053785573971],[-86.298765605424094,39.779077899446555],[-86.29668130053733,39.779109136154709],[-86.296143342750881,39.7791175457848],[-86.293768754816242,39.779152020096134],[-86.289181598362802,39.779217551904487],[-86.284222686831086,39.779315422188397],[-86.27906338584971,39.779417912911171],[-86.278581808610951,39.779427659402089],[-86.275664600632723,39.779486928292457],[-86.274593531938407,39.779462002809993],[-86.273614329159685,39.779477765899991],[-86.273499504929987,39.779481454771954],[-86.272357566171806,39.779502175955237],[-86.270754465529677,39.779534552508942],[-86.270332494149329,39.779547729223601],[-86.270136268311603,39.779548063426162],[-86.269725164618194,39.779556034062423],[-86.268895047004605,39.779569953070578],[-86.266577520771705,39.779616958052038],[-86.264280427720365,39.77966140943812],[-86.262699086662451,39.779716554217352],[-86.261740466207456,39.779746780720117],[-86.26036483126876,39.779782727966257],[-86.259629391190501,39.779796803353776],[-86.259255112846418,39.779803963305547],[-86.258440463028634,39.779819676717885],[-86.257476506526245,39.779837452379333],[-86.256949161000065,39.779847173670412],[-86.256888860897348,39.78067586228336],[-86.256984803866146,39.780778321507533],[-86.256955890800697,39.780829943076391],[-86.256853032330497,39.780946109330173],[-86.256702765349431,39.780999033326374],[-86.256491120410402,39.781234142477217],[-86.256408009672199,39.781332365585314],[-86.256361874768203,39.781444125246921],[-86.256353785718616,39.781532014622734],[-86.256269556253571,39.783785613988691],[-86.25635047245018,39.784940955244934],[-86.269655673019045,39.7875114618016],[-86.269641191785809,39.788158044446348],[-86.26965653913868,39.788909821148891],[-86.269741212071651,39.789704819300596],[-86.269762832982082,39.790054039531576],[-86.269729892740187,39.790662627450253],[-86.269750943015353,39.791500506479821],[-86.269821603714206,39.794249509091365],[-86.269882311517733,39.801987708747419],[-86.270009261312978,39.801757134240624],[-86.270559284833254,39.801359300549272],[-86.270763387453229,39.80121411265327],[-86.270930441724062,39.801118531793612],[-86.270986359549752,39.80106470825551],[-86.271196850941521,39.800931496781814],[-86.271351081784331,39.800908731194788],[-86.271541323232398,39.800831902202965],[-86.271680221897157,39.800785538334928],[-86.27188560348182,39.800729562355549],[-86.271981560186319,39.800669353593435],[-86.272120149934366,39.800638431930395],[-86.272226421510155,39.800619346966798],[-86.272442267079612,39.800589738408156],[-86.272623748015292,39.800573348834284],[-86.272733083928173,39.800567631390109],[-86.272884951473955,39.800598750702079],[-86.272989539748139,39.800565261281676],[-86.273167933539852,39.800570848972285],[-86.273310158209242,39.800580400199678],[-86.273416413834298,39.80059116970331],[-86.273522189676555,39.80060434190937],[-86.273696994748875,39.800631909538083],[-86.27380088881209,39.800652298510308],[-86.274007214789833,39.800697544855723],[-86.274142557458973,39.800733897248421],[-86.274275772405417,39.800774721651763],[-86.274374108105391,39.800808179141399],[-86.274502885068145,39.80085657595636],[-86.274719324440994,39.80093882889939],[-86.274943354310892,39.801024130050685],[-86.275273939673383,39.801174029245082],[-86.275276072945545,39.801497074602999],[-86.275288427490338,39.801921481962651],[-86.275294635815072,39.802553218296914],[-86.275325280208207,39.804296637657004],[-86.275336828664649,39.804953572619354],[-86.275338072697295,39.805191460371113],[-86.275353324431393,39.8055195705156],[-86.275350539401316,39.805733581873731],[-86.275353754203081,39.80591645347365],[-86.275359662125581,39.806252561912977],[-86.275371997023385,39.806954211735388],[-86.2753879931212,39.807722971959464],[-86.275406969984829,39.808544301196413],[-86.275417007008414,39.80878669105644],[-86.275431666567329,39.809140716384682],[-86.275433840903489,39.810476183082741],[-86.275552867808329,39.815990579274086],[-86.275555760028553,39.816124564800482],[-86.275616761809573,39.820956553205932],[-86.275700702562304,39.823237404258016],[-86.275702470378306,39.823437635168915],[-86.275721489744981,39.825434170780518],[-86.275785193859036,39.830298049618442],[-86.2759124480867,39.835337971766521],[-86.276010088927677,39.838112013682988],[-86.27601125557959,39.838145137655751],[-86.280014320368906,39.838034185986146],[-86.281099017863795,39.83801272595516],[-86.284552225789483,39.837948654941634],[-86.287157595402917,39.837898910934072],[-86.289665249052035,39.837855095744779],[-86.292637166632176,39.8378004901449],[-86.293073625299741,39.837721119286172],[-86.293216403944399,39.837942574886092],[-86.294116469435849,39.837671705097002],[-86.296357051323312,39.836883044740688],[-86.297857734481198,39.838876333948541],[-86.298847133129115,39.837854465639182],[-86.302287436509147,39.837754434617082],[-86.305016010521712,39.837675024643069],[-86.304985286968943,39.838720332744593]]]},"properties":{"OBJECTID":29,"JURISDCTN":"IMPD","DISTRICT":"Northwest","POLICEZONE":"NW70","SHAPE.STArea()":436452933.44637591,"SHAPE.STLength()":115925.60503392536}},{"type":"Feature","id":30,"geometry":{"type":"Polygon","coordinates":[[[-86.166939997693831,39.771507199427973],[-86.166916792535559,39.772121533927653],[-86.166885529673479,39.772917110729708],[-86.166867056238289,39.773390749415967],[-86.166848906935769,39.773617312392979],[-86.166804581154679,39.77389855129843],[-86.16674134252581,39.774316447921265],[-86.166712067474634,39.774595904313429],[-86.166700279255835,39.77481832191107],[-86.166697770044749,39.77509388910989],[-86.166704700732097,39.775314167087011],[-86.166719599595993,39.775506271717951],[-86.166737186141091,39.775670225754986],[-86.166847067870194,39.775728775525756],[-86.167017248971035,39.775792555782502],[-86.169912819522338,39.777556458018594],[-86.169917945374053,39.777453600838861],[-86.169921905160678,39.777374152841503],[-86.169926610769821,39.777231871183801],[-86.169952250847984,39.776568472456624],[-86.170511518686766,39.776580419770909],[-86.170508698693837,39.776657440925163],[-86.172025352957164,39.77669604641148],[-86.173261689401485,39.776719837440268],[-86.173296646404737,39.775845072008394],[-86.174185466051554,39.775868161259574],[-86.174214078220928,39.775869605118153],[-86.174251549219264,39.775871743377948],[-86.174316543100048,39.775875452715631],[-86.174357898059924,39.77587781173137],[-86.174396617398628,39.775880021041182],[-86.174423545891798,39.77588155777827],[-86.174498845246617,39.775885854203082],[-86.174547749780075,39.775888644866619],[-86.174590236413437,39.775891876108076],[-86.174675060054525,39.775899419112747],[-86.174770203246894,39.775909621614375],[-86.17482967382152,39.775917160212032],[-86.174864990948834,39.775921637759659],[-86.174959362392102,39.775935457007492],[-86.175053263831572,39.775951071488123],[-86.175185022052389,39.775978245058866],[-86.175333429917515,39.77600885274979],[-86.175280717653948,39.776154815343219],[-86.175208629865637,39.776354426156075],[-86.175118325097699,39.776604480862119],[-86.175061471247446,39.776767214104552],[-86.175031140273859,39.776877124345262],[-86.174992839437522,39.777071509877352],[-86.174979460237878,39.77718340930403],[-86.174970663522913,39.777344145049085],[-86.174955969818441,39.777773078152372],[-86.174923154528358,39.778674240455679],[-86.175065085256222,39.778679843384374],[-86.175257155466241,39.778678277694212],[-86.175554001651449,39.778652794148897],[-86.175689972414901,39.778631507484526],[-86.175741816793533,39.778621744604969],[-86.175875204761127,39.778592301704393],[-86.176055890213973,39.778542012927495],[-86.176144173515411,39.778512806409466],[-86.176268920669017,39.778465955755308],[-86.17640672185685,39.778406469663025],[-86.176632181949728,39.778317886441485],[-86.176769801942314,39.778272993500174],[-86.177001951976877,39.77821157162689],[-86.177156704154967,39.778179960846941],[-86.177240113856357,39.778165873899638],[-86.177418970218611,39.778142410538997],[-86.177706311459289,39.778128295653268],[-86.177928438867241,39.778126032966554],[-86.178048466210313,39.778124809728233],[-86.178439951753163,39.778145659556984],[-86.1785629666566,39.778152210775296],[-86.178568024801976,39.778971844161589],[-86.179092524256774,39.778969529508906],[-86.179093264874354,39.779069388901227],[-86.179396943343065,39.779068091793825],[-86.179392700084378,39.778874290960573],[-86.179388046097529,39.778784957966622],[-86.179375084949882,39.778672268362094],[-86.179362466954942,39.778562556680647],[-86.179352201662994,39.778437342040483],[-86.179347912150106,39.778337021858434],[-86.179346784200092,39.778161568459204],[-86.178942754350643,39.778162277147345],[-86.178660703601523,39.778154198862794],[-86.178646782655036,39.777335225033035],[-86.178627911006998,39.776383975890525],[-86.181362981554429,39.776374678779518],[-86.181362486338315,39.778170474613788],[-86.181361847953212,39.778617873900039],[-86.181375526515254,39.778616303700353],[-86.181397039402086,39.778616208288888],[-86.181436313995306,39.778616250255141],[-86.182802652744513,39.778609223473175],[-86.182782513573812,39.778167202677544],[-86.183400941154446,39.778157101286453],[-86.183437264377389,39.778145728815957],[-86.183461256757525,39.778132562151626],[-86.183481045525241,39.778106580441822],[-86.183493329887824,39.778077974246969],[-86.183497567229011,39.778048015041129],[-86.183497060315503,39.777989141782811],[-86.183496626977856,39.777938856160532],[-86.183495847006697,39.777848315379138],[-86.183495239724508,39.77777789587406],[-86.183493085689577,39.777527843028182],[-86.183492404621532,39.777448806160415],[-86.183491951128318,39.777396136528452],[-86.183489586934556,39.777385467717146],[-86.183485481194793,39.777375118295701],[-86.183463513735788,39.777347627448556],[-86.183430930172534,39.77731379085477],[-86.183411687026563,39.777297513017594],[-86.183373388714315,39.777265115916585],[-86.183342997527376,39.777233324883937],[-86.183327281202381,39.777209918676604],[-86.183315503838941,39.777185176339437],[-86.183307851594378,39.777159485237185],[-86.183305614202922,39.777146411947314],[-86.183304500606766,39.77709879625283],[-86.18330188306534,39.776986795973997],[-86.18329916118725,39.776870363019626],[-86.18329798363952,39.776819969015456],[-86.183295900509918,39.776730887710329],[-86.183293181906976,39.776614577228322],[-86.183289152295202,39.776442196355887],[-86.183287507799903,39.776371811171757],[-86.183285911829131,39.776303544165891],[-86.183287629986594,39.776275588472686],[-86.18329081365583,39.776247710919471],[-86.183301540316947,39.776192366030379],[-86.183309066477008,39.776164989737524],[-86.183328386582374,39.776111052179026],[-86.183353289515424,39.776058493019192],[-86.183367779603245,39.776032837537834],[-86.183400734727797,39.775982988685911],[-86.183438793317066,39.775935353484385],[-86.183498150883935,39.775867884158281],[-86.183542601863451,39.775817359900984],[-86.183598147844776,39.775754224448974],[-86.183676927801471,39.775664680260498],[-86.183707627903843,39.775626445703878],[-86.183724440848763,39.775601756163461],[-86.183753645753384,39.775550746729721],[-86.183776755482057,39.775497906346722],[-86.183785966448013,39.775470936825407],[-86.183793583065636,39.77544367358071],[-86.183799594089152,39.775416173405794],[-86.183803992894539,39.775388486768342],[-86.183806677252988,39.775340558719357],[-86.183806315085405,39.775251457124192],[-86.183805673453378,39.775093350398052],[-86.183804651546666,39.774841848612873],[-86.183906604306543,39.774849083376878],[-86.183920793947223,39.77485009194443],[-86.183925300810614,39.774850574436606],[-86.183934261972652,39.774851534250693],[-86.183951530106143,39.774853382936925],[-86.183963264541433,39.774854639320715],[-86.183969315037203,39.774855504024046],[-86.183980447345576,39.774857095440233],[-86.183988154349393,39.774858295917404],[-86.184029291485786,39.774865743093009],[-86.18405323967896,39.774871005279408],[-86.184097050372927,39.774882421510895],[-86.184130073670104,39.774892633880221],[-86.184160228716905,39.774903426456767],[-86.184266505870568,39.774941462837056],[-86.184391428634015,39.774986171933811],[-86.18449178193643,39.775021832422951],[-86.184911407210365,39.775170945520998],[-86.185413533216575,39.775349372025524],[-86.185917122450164,39.77552831669707],[-86.186118504085556,39.775599873297018],[-86.186169057772858,39.775614094798712],[-86.186209659312055,39.775624269048905],[-86.186250788828914,39.775633094407155],[-86.186302825091985,39.775642206870813],[-86.186344862883828,39.775647944206717],[-86.186402889930676,39.775653380251953],[-86.18641845416883,39.775654458915447],[-86.186483009739021,39.775656947485871],[-86.186525699592153,39.775656727451882],[-86.186568336860375,39.775655103480432],[-86.186600234914067,39.775652962879462],[-86.186642599234375,39.775648883053307],[-86.186660509125446,39.775646631275158],[-86.186705618309261,39.7756401541318],[-86.186747176838409,39.775632613869668],[-86.186788274519017,39.775623708428398],[-86.186828843765085,39.77561345342297],[-86.186846134707892,39.775608062824567],[-86.186868884500925,39.775601684030136],[-86.186903009534532,39.775593945556388],[-86.186915646219632,39.775591761509318],[-86.18694834358422,39.775586955725579],[-86.186973066381555,39.77558465354231],[-86.187000326777095,39.77558327758284],[-86.187034181015704,39.775580968672301],[-86.187069247272106,39.77557638821083],[-86.187086575231305,39.775573281530647],[-86.187107131202353,39.775568850786428],[-86.187143990390354,39.77555885008686],[-86.18722562863816,39.775532810109397],[-86.187549232599409,39.775429590559547],[-86.187877258186532,39.775324958702448],[-86.188133115777063,39.775243346391875],[-86.188333999004513,39.775179268250533],[-86.188613957367522,39.775089362084685],[-86.187065467768775,39.77298314571302],[-86.18631361245626,39.77222647316605],[-86.185178048122665,39.771124081699426],[-86.18418579335129,39.770449522699309],[-86.183022623055265,39.769875080349699],[-86.182011047688093,39.769482120127577],[-86.1803582809586,39.769439764620486],[-86.179993588856362,39.769457938054366],[-86.176747549948047,39.768710459117742],[-86.175693717552136,39.768400432435001],[-86.174724271613186,39.767891299012163],[-86.174062267566853,39.767420640954718],[-86.172886904109419,39.767407477788119],[-86.171965034451873,39.767387571036487],[-86.171945282402092,39.76789150183469],[-86.171916845273131,39.768628843712797],[-86.171911310863393,39.76877113196192],[-86.171901714582788,39.768816319403321],[-86.171892506945341,39.768862623795961],[-86.171877754859679,39.768936806740733],[-86.171842591351933,39.769113635313225],[-86.171826075068779,39.769196689515276],[-86.171808467540572,39.769264264880391],[-86.171797491499248,39.769286768394466],[-86.171777905957939,39.769316224794515],[-86.171755065299124,39.769341862064579],[-86.171712803958158,39.769376240271782],[-86.171676888482722,39.769397209455207],[-86.171598604897881,39.769425977302532],[-86.171528662466642,39.769436944710939],[-86.171487416625965,39.769437798727495],[-86.171253547560909,39.769432909056682],[-86.170865461596549,39.769424793522965],[-86.170651772683527,39.769426931240979],[-86.170486355077713,39.769433705591211],[-86.170199133198537,39.769434302649771],[-86.170162198030127,39.770473564249791],[-86.170126220939267,39.771450282832099],[-86.170125777473814,39.771462308824432],[-86.170124103368536,39.771493984871221],[-86.170124057921456,39.771515945430849],[-86.170125445763205,39.771540626129223],[-86.170128108300531,39.77156243893922],[-86.170131150409546,39.771581559773544],[-86.170132423707756,39.771585870305202],[-86.170061548414978,39.771578063515122],[-86.170029683874475,39.771575645589259],[-86.169994192070888,39.771573760375027],[-86.169929087070003,39.771572156676946],[-86.169762889487671,39.771568062186702],[-86.169684192398392,39.771566122770977],[-86.169570476680022,39.771563320880617],[-86.169324543075888,39.771557260994932],[-86.168648298522371,39.771540594432352],[-86.16784648573784,39.771520790555321],[-86.167776320103286,39.771519057088717],[-86.167576047342095,39.771514109532674],[-86.167470391482965,39.77151149867035],[-86.167379392385428,39.771509250501943],[-86.167284279360729,39.771506900216799],[-86.16721437875438,39.771505173373342],[-86.167201085528802,39.771504844311785],[-86.16718115445407,39.771504352029837],[-86.167156075130521,39.771503732432429],[-86.167114899649391,39.771502714783388],[-86.167083672867349,39.771502277495038],[-86.167052502089945,39.771502320919595],[-86.16703215226822,39.771502672552643],[-86.166991713623915,39.771504119544709],[-86.16694873108753,39.771506777193061],[-86.166939997693831,39.771507199427973]],[[-86.176228949502203,39.776410325118157],[-86.176191667198424,39.776333621307089],[-86.175983825808146,39.776339667465535],[-86.175766203127665,39.776345784079787],[-86.175767801253699,39.776306985751305],[-86.175768519661816,39.776192038020575],[-86.175768931950913,39.776122361530071],[-86.17577083951484,39.775821060005832],[-86.175771241100335,39.775754842163259],[-86.175772017589239,39.775633360644946],[-86.175740936809476,39.775625590824511],[-86.175725722711277,39.775622582641518],[-86.175715250454033,39.775620898371315],[-86.175704708469937,39.775619572876025],[-86.175694134096773,39.775618604190505],[-86.175683457095175,39.775617964701816],[-86.175672781348069,39.775617653954299],[-86.175662108234846,39.775617700763611],[-86.175502919275814,39.775612009392354],[-86.175504761754368,39.775581330508594],[-86.175632595844604,39.775586259608232],[-86.175771915857979,39.775585648547597],[-86.175771800380105,39.775347853708404],[-86.175770295050711,39.775165398145234],[-86.175985503360977,39.775100174284624],[-86.176062956486632,39.775252331851696],[-86.176072881016296,39.775249075570883],[-86.176113675143654,39.775324391386349],[-86.176450640542456,39.775224082111663],[-86.176362457222027,39.775047399615367],[-86.176596402562325,39.774978069902978],[-86.176614962808188,39.775015049475655],[-86.176685467070797,39.774994150155187],[-86.176713149216894,39.774635427817095],[-86.176751219118117,39.774637344675192],[-86.176721994555081,39.774983008556916],[-86.176741270175881,39.774977104558637],[-86.176765716608955,39.775026054375338],[-86.176638202470144,39.775064032542495],[-86.176684638935711,39.775156810940658],[-86.177052066781329,39.775047800596454],[-86.177040872919349,39.7750255310075],[-86.177018294696722,39.775032163816334],[-86.177006845995592,39.775009209027552],[-86.177025661809523,39.775003635751659],[-86.177013166286585,39.774978653635785],[-86.177071138942239,39.774961570419528],[-86.177058860612817,39.774936917001632],[-86.177155845399028,39.774908022703734],[-86.177169387981266,39.774935058249348],[-86.177226045411857,39.774918337409652],[-86.177237674015686,39.774941620133312],[-86.177254285232479,39.774936414088252],[-86.177265011660637,39.77495797237588],[-86.177244600691921,39.774964238124518],[-86.177268182843875,39.775011491155922],[-86.177288736217918,39.775005223875922],[-86.177299171828111,39.775026124142883],[-86.177281069199367,39.775031694325378],[-86.177304757609733,39.775078945980496],[-86.177321619900681,39.77507406756888],[-86.177332923687544,39.775096667195726],[-86.177315600442796,39.775101877285486],[-86.177330693936398,39.775132007924228],[-86.17733982886017,39.775150169542577],[-86.17735878707883,39.7751445946855],[-86.177369332558584,39.775165825011129],[-86.177353746877174,39.775170340242894],[-86.177362237097796,39.775187817478447],[-86.177427736017407,39.775168642015181],[-86.177443019478716,39.775200145337585],[-86.177452867760607,39.775218639760332],[-86.177455098138878,39.775220343034782],[-86.177457111259088,39.775221710411572],[-86.177459174516528,39.775223070362244],[-86.177461279847165,39.775224437333144],[-86.1774634995121,39.775225796595372],[-86.177465577885854,39.775226990754554],[-86.177467980830954,39.775228352812739],[-86.177470702426945,39.775229713468427],[-86.177472749929379,39.775230678991008],[-86.177474851530079,39.775231699216839],[-86.177477093478842,39.775232599034695],[-86.177479386523558,39.775233621119853],[-86.177481929339891,39.775234640304298],[-86.177485000465055,39.77523575533737],[-86.17748915567968,39.775237146610536],[-86.17749246887422,39.775238164205376],[-86.177494161934973,39.775238710670749],[-86.177497191173288,39.77523937014449],[-86.177500968850083,39.775240218168463],[-86.177504782762,39.775241230856977],[-86.177508667672058,39.775241900074356],[-86.177511570799737,39.77524239527866],[-86.177514542841976,39.775242738865579],[-86.177518422781091,39.775243051435787],[-86.177522375287538,39.775243390706841],[-86.177525348297394,39.775243707268849],[-86.177528318870259,39.775243694193179],[-86.177531288275901,39.775243681122554],[-86.177534278691482,39.775243667959387],[-86.17753723058884,39.775243654965706],[-86.177540254853781,39.775243641653368],[-86.177543205481285,39.775243299016786],[-86.177546176054122,39.775243285940654],[-86.177549143990092,39.775242916207361],[-86.177552059600927,39.775242573724682],[-86.177554973844764,39.775242204227574],[-86.177557888137116,39.775241683416212],[-86.177561741889548,39.775240980134875],[-86.177565579249503,39.775240112101422],[-86.17756934297465,39.775239230881802],[-86.1775721648538,39.77523836731838],[-86.177574915432601,39.775237490558574],[-86.177578589085599,39.775236267477318],[-86.177695249247364,39.775202466582734],[-86.177830794057272,39.775163106272309],[-86.177830478567586,39.775221445510638],[-86.177717866908637,39.775254198337748],[-86.177756978433365,39.775337399215964],[-86.177814289237958,39.775319824972094],[-86.177814271469828,39.775317422940773],[-86.17781439863424,39.77531536252895],[-86.177814547077759,39.775313811807479],[-86.177814799286622,39.775311929179303],[-86.177815122550683,39.775309868804499],[-86.177815502097118,39.775308316164505],[-86.177815897880649,39.775306433804658],[-86.177816487270874,39.775304372257771],[-86.177817219061893,39.775302310083731],[-86.177818004551639,39.775300248573828],[-86.177818701477875,39.775298364887668],[-86.177819400835801,39.775296809938453],[-86.177820208751811,39.775295255411805],[-86.177821016919651,39.775293892728527],[-86.177822194640427,39.775291993414612],[-86.177823496034478,39.775289928731809],[-86.177824497708826,39.775288373351756],[-86.177825555668207,39.775287010468993],[-86.177827071875825,39.775285108763534],[-86.177828640614919,39.775283207727377],[-86.177830299488406,39.775281499039444],[-86.177832029297008,39.775279596393148],[-86.177833885475806,39.775278050759624],[-86.177835757743679,39.775276313210682],[-86.177837720093933,39.775274603185999],[-86.177839791086228,39.775273220529726],[-86.177841895630536,39.775271481957631],[-86.177843541965402,39.775270445230902],[-86.177845189467433,39.775269408498971],[-86.177847455391742,39.775268025884699],[-86.177849777494515,39.775266821357263],[-86.177852169630356,39.775265616521338],[-86.177854597856637,39.775264398916882],[-86.177857116097428,39.775263357448864],[-86.177859670528605,39.77526231672212],[-86.177861584208301,39.775261443641732],[-86.177863537877457,39.775260927053871],[-86.177865526563167,39.775260410311731],[-86.177867530118647,39.775259536835364],[-86.177870229488832,39.775258838628467],[-86.177872306883117,39.775258321495478],[-86.177874386563971,39.775257955666383],[-86.17787715728646,39.775257435479389],[-86.177879926841726,39.775256915297447],[-86.177882771051159,39.775256546100628],[-86.177885579276648,39.775256204082588],[-86.177888458502622,39.775255834731354],[-86.177891304183348,39.775255822196506],[-86.17789416610087,39.775255479941769],[-86.177896335961606,39.775255470383733],[-86.177898489481279,39.775255460897633],[-86.177901337600787,39.775255778000137],[-86.177904218298096,39.775255765310739],[-86.177906338272678,39.77525611264096],[-86.177908491844562,39.775256267978598],[-86.177911340064071,39.775256598590616],[-86.177910848471825,39.774985683858347],[-86.177978229445728,39.774985387023158],[-86.17797812587969,39.77496650025013],[-86.178081084696728,39.774966046607531],[-86.178080800621657,39.774889179447612],[-86.178473109522827,39.774888137293928],[-86.17847367736978,39.775012714844976],[-86.17846527925694,39.775012751879402],[-86.17846583224636,39.775130439302693],[-86.178501722516287,39.775119656623609],[-86.178500192352203,39.775446350269853],[-86.177807007246201,39.775444244346424],[-86.177802561424997,39.775434655488326],[-86.177726706736976,39.775434303219342],[-86.177651196198383,39.775273707871307],[-86.17750588656007,39.775315857121456],[-86.177434703966313,39.775336430276312],[-86.177444562049871,39.775355932515431],[-86.177461674183419,39.775351052983979],[-86.177472003681942,39.775371953700969],[-86.177455567365229,39.775376830259582],[-86.177480123005495,39.775425780341223],[-86.177498866525724,39.775420207307029],[-86.17751002685317,39.775442806645835],[-86.177490290323391,39.775448740721139],[-86.177513146847531,39.775494266688604],[-86.177530684944202,39.775489055623808],[-86.177541555416866,39.775510969918102],[-86.17752519027286,39.775515846173199],[-86.177548482931542,39.775562414099689],[-86.177565983485152,39.775557175273818],[-86.177577722341383,39.775580815044407],[-86.177559474854817,39.775586385907687],[-86.177572221942896,39.775611723522751],[-86.177551063792478,39.775617993514807],[-86.177561138298486,39.77563818200791],[-86.177527449960621,39.775648295406995],[-86.177553196672321,39.775699655847404],[-86.177683871805542,39.7756606467943],[-86.177750574238203,39.775794514536152],[-86.177699488828438,39.775809509714229],[-86.177491565518366,39.775871506373122],[-86.177456701456393,39.775881597906022],[-86.177546209433629,39.776073043031296],[-86.17695905507189,39.776236553967387],[-86.176967963565872,39.776252656755574],[-86.176996541074899,39.77630675013534],[-86.177012777681043,39.776337384665759],[-86.176978213580071,39.776348461879174],[-86.176960457332157,39.776315475148991],[-86.176932682161507,39.776264122599819],[-86.17688840436108,39.776278565096412],[-86.176864173844265,39.776231581449494],[-86.176788270305721,39.776254139339841],[-86.176756419389378,39.776190324862206],[-86.176720844239355,39.776200897559569],[-86.176728137293949,39.776215278163413],[-86.176583739632576,39.776258449923148],[-86.176603984686196,39.776299553498134],[-86.176228949502203,39.776410325118157]],[[-86.176170218191942,39.778351130242235],[-86.176150325404251,39.778312097520597],[-86.175760955203955,39.778313806186418],[-86.175757574786019,39.778313821014912],[-86.175707410130769,39.778314041055062],[-86.175371157749083,39.778315515418583],[-86.175365324416035,39.777523201793706],[-86.175755117401536,39.777521492609281],[-86.176175898716409,39.777519646076144],[-86.176181172089699,39.778234764981548],[-86.176247981947824,39.778214211799067],[-86.176298090962746,39.778312491727092],[-86.176170218191942,39.778351130242235]]]},"properties":{"OBJECTID":30,"JURISDCTN":"IUPUI","DISTRICT":"Excluded","POLICEZONE":"Excluded","SHAPE.STArea()":14653248.374084972,"SHAPE.STLength()":27522.858366626922}},{"type":"Feature","id":31,"geometry":{"type":"Polygon","coordinates":[[[-86.102309391502331,39.788766765069084],[-86.102442356408361,39.788766901730646],[-86.102666257826996,39.788770690233683],[-86.103815162630895,39.7887662068824],[-86.104660953752301,39.78876341318167],[-86.10487873772604,39.788762064121393],[-86.105942731390812,39.788758041527274],[-86.107041812834936,39.788753876035045],[-86.108393346805187,39.788747678484491],[-86.10974489543095,39.788741444421824],[-86.111820174667983,39.788731545266728],[-86.111881655157958,39.788727656268136],[-86.111939074619485,39.78871988648573],[-86.111995590861113,39.788708199489555],[-86.112084750488421,39.788675767957706],[-86.112150727684664,39.788642133778538],[-86.112229084762291,39.788587676991519],[-86.112994156890082,39.787876859021928],[-86.113290481192223,39.787601141849528],[-86.113497092363744,39.787408895661585],[-86.11412982519559,39.786827648572718],[-86.11418766926532,39.786790917433521],[-86.114564582734062,39.786553035303804],[-86.115159849692361,39.786238625200355],[-86.115340304599144,39.786147775175678],[-86.115491128249857,39.786071667388249],[-86.115641095902873,39.785995031315807],[-86.115824076533031,39.785908411159568],[-86.115975953668126,39.785834509828817],[-86.116162981723264,39.785751954440862],[-86.116349835570205,39.785668710407144],[-86.11649538169118,39.785608597994951],[-86.116930468410473,39.785422205917705],[-86.116999680123769,39.785400445378002],[-86.117070379229716,39.785381748536437],[-86.11712421009662,39.785369674966937],[-86.117178720447058,39.785359579326531],[-86.117252136247785,39.785348784288026],[-86.117326228042927,39.785341221814939],[-86.117400756649033,39.785336911749184],[-86.11745679485341,39.78533572315785],[-86.117512844070561,39.785336579937365],[-86.118082835309707,39.785336693355681],[-86.118442831825149,39.785336834454426],[-86.11851666286816,39.785339938970836],[-86.118627348311932,39.785345511885296],[-86.118689332970504,39.785349790075855],[-86.11884736795848,39.785367091617339],[-86.118939125629993,39.785379216561743],[-86.119043010659297,39.785396698231416],[-86.119142178959905,39.785415016014021],[-86.119234425046173,39.785433247221015],[-86.119286005781859,39.785445025082524],[-86.119388427552195,39.785470422807343],[-86.119472951352009,39.785493483663828],[-86.119556609154614,39.785518352797496],[-86.119606407337045,39.785534047317242],[-86.119672258931956,39.785555974894109],[-86.119738583525901,39.78557881477537],[-86.119804189913808,39.785602858027076],[-86.119868777055046,39.785628484110923],[-86.119933100634626,39.785654501181774],[-86.119996332398287,39.78568207164836],[-86.120058701990786,39.785710787508712],[-86.120120174291401,39.785740633589903],[-86.120180394346207,39.785771957140874],[-86.120240291138074,39.785803645797785],[-86.120298867752922,39.785836777967148],[-86.12109878609678,39.786310988969291],[-86.121841290948751,39.786753346453608],[-86.121903136175064,39.786786200185489],[-86.121951079718102,39.786809004616408],[-86.122000454928738,39.786829911986175],[-86.122068022222066,39.786855185588664],[-86.122137448030074,39.786877253549598],[-86.122208581687914,39.786895753483826],[-86.122262817220999,39.786907466455304],[-86.122317533938457,39.786917613034326],[-86.122372924413853,39.786925477325632],[-86.122428618744038,39.786931618300677],[-86.122501239570823,39.786935742796857],[-86.12255526711057,39.786936802327716],[-86.122609281902143,39.786935222896794],[-86.122681114559882,39.786930659734431],[-86.122752348782555,39.78692263307034],[-86.12282258004214,39.786910348296324],[-86.122944494242844,39.786885646194179],[-86.123025973771846,39.786857444422289],[-86.12307579501902,39.786840321150848],[-86.124271490337961,39.786414531113252],[-86.12441690400928,39.786307758682483],[-86.12449191688043,39.786246785895997],[-86.124565939552028,39.786185097325799],[-86.124637589644266,39.786121793247432],[-86.124732612969396,39.786037013870683],[-86.124827028625432,39.785951827005732],[-86.124933704785775,39.785855951037369],[-86.124972611093682,39.785825198657385],[-86.125012170024775,39.785794983192943],[-86.12506592061402,39.785756549713689],[-86.125111103182974,39.785729527423193],[-86.125156676187174,39.785705577587144],[-86.125219261493612,39.785674136223811],[-86.125282945370046,39.785644463920654],[-86.125331787806644,39.785624140736026],[-86.125381336614495,39.785604536182007],[-86.125448663345679,39.785579699540833],[-86.125500712904966,39.785565042382522],[-86.125553267430504,39.785551890038754],[-86.125622692742851,39.7855356104482],[-86.125693091534387,39.785522122670798],[-86.12576429859881,39.785511335489133],[-86.125836135744791,39.785503487385881],[-86.125941443318169,39.785495664402625],[-86.125994778385305,39.78549422479206],[-86.126058780921568,39.785495690849949],[-86.126382121044827,39.785517789359474],[-86.126453100997239,39.785522709581898],[-86.126516307711441,39.78552545300002],[-86.126609441543906,39.785522582741237],[-86.12702771309516,39.78549775973007],[-86.127098518873154,39.785491608211821],[-86.127169342357618,39.785486013199275],[-86.12724654018561,39.78547834380273],[-86.127397382107034,39.785457750897493],[-86.12746282073303,39.785447689905205],[-86.127519191331928,39.785437543294769],[-86.12758825440126,39.785424099302382],[-86.127657342571169,39.785410047211442],[-86.127793035577994,39.785377202596919],[-86.127877442751839,39.785355119403498],[-86.127960608254057,39.785330842528786],[-86.128027088553068,39.785310548075834],[-86.128093084614861,39.785289247651242],[-86.128159985674927,39.785269037914276],[-86.128244561928753,39.785245739667317],[-86.12833005090684,39.785224515592439],[-86.128399078519138,39.785209141105355],[-86.128486075816539,39.785191947754079],[-86.128573734056445,39.785176882711589],[-86.12864430192235,39.785166473691795],[-86.128732981146257,39.785155530471528],[-86.128822199732454,39.785147908538114],[-86.128893734210436,39.785142741067141],[-86.128965309288887,39.785138059756584],[-86.129151476552821,39.785124661672114],[-86.129374926625673,39.785108995350072],[-86.129683700251547,39.785088460501932],[-86.129774195634553,39.785087081647944],[-86.129875934410649,39.785087606914757],[-86.129994836817119,39.785105036849451],[-86.130372539118,39.78519293771032],[-86.130461235953192,39.785223427896675],[-86.130520319705013,39.785256324103045],[-86.130592308575444,39.785298305169569],[-86.130662576992805,39.785343973240465],[-86.130731445919309,39.78538983960965],[-86.13081992867977,39.785450260809931],[-86.130864649018562,39.785486328829975],[-86.130991153243954,39.78559125162667],[-86.131029469382725,39.785626822811793],[-86.131110063447125,39.785703604645576],[-86.131143216124684,39.785735874755893],[-86.131182437294825,39.785774934195864],[-86.131227126930014,39.785821132122145],[-86.131287309812365,39.785885397751308],[-86.131335325342064,39.785943181250673],[-86.131375391270993,39.786004522716922],[-86.131437436316119,39.786107970208569],[-86.131465675029148,39.786158376140293],[-86.131608131606697,39.786090287975064],[-86.131925011677552,39.78590935797407],[-86.132181603648888,39.785763238776489],[-86.132738454255758,39.78543740545652],[-86.133165033423239,39.785185529072194],[-86.133566319917591,39.784968068710256],[-86.134461811561152,39.784454186036321],[-86.135056349753796,39.784113776986082],[-86.135628316532774,39.783790957171028],[-86.136072328251231,39.783538656462532],[-86.136546402169103,39.783268388099124],[-86.137065585847935,39.782960529787978],[-86.137532131890296,39.782696122491899],[-86.137915934750566,39.782479061140613],[-86.138412640476332,39.78220320179323],[-86.138924303250874,39.781903602415497],[-86.139112441874275,39.781798174235234],[-86.139245030351773,39.781698831778819],[-86.139414640609118,39.781570705798579],[-86.139566109331724,39.781456551863286],[-86.139802854369208,39.781277609256591],[-86.139857977245015,39.781238426567619],[-86.140762206383641,39.780536448239317],[-86.140755894820344,39.780199149153887],[-86.140764297487152,39.779786981366648],[-86.140784888725776,39.779449915494958],[-86.140805475940681,39.779225748807569],[-86.140841452804494,39.778927053805162],[-86.140887164570501,39.778629348475356],[-86.14094255625254,39.778332633031802],[-86.141033335264893,39.777935227412833],[-86.141083488946848,39.777742167211294],[-86.141129223731568,39.777577607221701],[-86.141274478249329,39.777115121645622],[-86.141412914249187,39.776793015684632],[-86.141563550571959,39.776442720600876],[-86.141718810085905,39.776093779014978],[-86.141871990777801,39.775766121562327],[-86.142000184862411,39.775491755850403],[-86.142144019316333,39.775179578436493],[-86.142321101976108,39.774723137842621],[-86.142363367541307,39.774576218707097],[-86.142349970032285,39.774558605889872],[-86.142328496407941,39.774530317991903],[-86.142342122389181,39.774495490512805],[-86.14237310408808,39.774408433544274],[-86.142403116561383,39.774320479859661],[-86.142431107901714,39.774232444383429],[-86.142457075861472,39.77414450816277],[-86.142481112747774,39.774055497235118],[-86.142504088591181,39.773966491552144],[-86.142511825373006,39.773961963639159],[-86.142553065540113,39.773776440989209],[-86.142639876583317,39.772375495600464],[-86.142675233129268,39.771451512407388],[-86.14269395580574,39.77097580631721],[-86.142714125521067,39.770468576750709],[-86.142750396562406,39.769556452344908],[-86.142802060139957,39.768257166600279],[-86.142851765088906,39.766897277276328],[-86.141828858480409,39.766914166376417],[-86.140809359309074,39.766933434657496],[-86.13792967269292,39.766967468201919],[-86.135266013984861,39.766997813940613],[-86.134209585926612,39.767072077946906],[-86.132175141410059,39.767210999154933],[-86.130631598364019,39.767323215916299],[-86.129463289220197,39.767408865921105],[-86.128330267087705,39.76749304251689],[-86.127377497202005,39.767560947846043],[-86.126451730367165,39.767626730770324],[-86.125426904007256,39.767700104247389],[-86.124238907641598,39.767786123552661],[-86.122978967823116,39.76787858864035],[-86.121822822123349,39.767965829733292],[-86.120877633662516,39.768038164400586],[-86.120738514572324,39.768048317214756],[-86.119879421152987,39.768111727913094],[-86.119672353905514,39.76812660582879],[-86.118732807042193,39.768195469419993],[-86.118221559936529,39.768233149062915],[-86.117587636002767,39.768279537155479],[-86.116437733647857,39.768361390850316],[-86.115134564969992,39.768455473979188],[-86.114555025822185,39.768497175186887],[-86.113839703766786,39.768549348350682],[-86.113154202915794,39.768597627637341],[-86.111717738534409,39.768705749367818],[-86.110590795261089,39.768765657024225],[-86.109599822256385,39.768818514889588],[-86.109492912854293,39.768824413388224],[-86.108405989403536,39.768884833457648],[-86.107204622284627,39.76895147097504],[-86.105761082425701,39.769019779881546],[-86.105000470777995,39.769058343530311],[-86.103820196073571,39.769116328804884],[-86.102149209325361,39.769201193157016],[-86.102148567596856,39.769201226188009],[-86.102148753655769,39.769212787535203],[-86.102152273292518,39.769212521237741],[-86.102215984092282,39.769208499308824],[-86.102282204016959,39.769205547844479],[-86.103819053340104,39.769125541673887],[-86.104541193029874,39.76908948889858],[-86.105000199629885,39.769067487369369],[-86.105110019326176,39.769062478192176],[-86.105760155023916,39.76902849117598],[-86.106204051644553,39.769007533699742],[-86.107212138659932,39.768957499526294],[-86.107394236092347,39.768948430059091],[-86.108405081959333,39.768893510471024],[-86.109336040995402,39.768842489521546],[-86.109548062452404,39.768830510430057],[-86.110409250665612,39.768784521597368],[-86.110614056551981,39.768773469727478],[-86.11077314437766,39.768764482969722],[-86.111572060807077,39.768721516781994],[-86.11171710376631,39.768714474898509],[-86.113153141746551,39.768606444884163],[-86.113838896909897,39.768558493372502],[-86.114554278320966,39.768506459590071],[-86.114927950800734,39.76848042480691],[-86.115134186427099,39.768467466209131],[-86.115859276784789,39.768413495439709],[-86.116443098251352,39.768369525728453],[-86.117586137645134,39.768288520965484],[-86.118220102877743,39.768242546132939],[-86.118730983665046,39.768204523863005],[-86.119657289153551,39.768136503665801],[-86.119877943937368,39.768120508115935],[-86.120800273286221,39.768048439459214],[-86.121826271504588,39.767973526035682],[-86.122933290598624,39.767892518909406],[-86.123500260472426,39.767849480635157],[-86.124237083636032,39.767795501428473],[-86.124239061784948,39.767963497650264],[-86.124245116237645,39.768892498187675],[-86.124250125747977,39.771263456233754],[-86.124277107628998,39.774378500935839],[-86.124384072758488,39.77437744866036],[-86.124899258258665,39.77437253265299],[-86.125469138294704,39.774368479872713],[-86.125636185148394,39.774367459119745],[-86.126067051561179,39.774366474965476],[-86.126068097434413,39.774842467533951],[-86.126069920233988,39.776434490988109],[-86.126073102911633,39.777941470982086],[-86.126075135525156,39.777957497730839],[-86.126079092974834,39.777973516860051],[-86.126086132030963,39.777989523790417],[-86.126096053507823,39.778004528562597],[-86.126101107235982,39.778011444688332],[-86.126105108272071,39.77801944669703],[-86.126109109303115,39.778027447804917],[-86.126113124115662,39.778037521321302],[-86.125817528700551,39.778039501755792],[-86.125783119354949,39.778005496730486],[-86.125806068891748,39.77943051289359],[-86.125805120360766,39.77946150541262],[-86.125803110747469,39.779492501228617],[-86.125799080541398,39.779523505938819],[-86.125798124249428,39.779553506840308],[-86.125806045415672,39.781310537184169],[-86.125511199839679,39.781311523148851],[-86.125137109513219,39.781313451919871],[-86.124933068285742,39.781314437932856],[-86.12435205760255,39.781318532073804],[-86.12378711965826,39.78132147918469],[-86.123156040883018,39.781326485980422],[-86.122542109037951,39.781332501904949],[-86.12200008846709,39.781335440360614],[-86.121464135641105,39.781338533543092],[-86.12137910179537,39.781337514824337],[-86.121297038618479,39.781334503813078],[-86.121266121728681,39.78133354410712],[-86.121212087463562,39.781331503154298],[-86.121170096674817,39.781330496726774],[-86.12112811240425,39.781330481005412],[-86.120690090537977,39.781333546453382],[-86.119980133278148,39.781336501869845],[-86.119603244329213,39.781337523055086],[-86.119264102800614,39.781338485880987],[-86.118809126330632,39.781340529533999],[-86.118550967867733,39.781341444946797],[-86.118014910734487,39.781343440890588],[-86.117854106623696,39.78134451650012],[-86.117854010902406,39.781344516872245],[-86.117459115120369,39.781345511030096],[-86.117222141352613,39.781346521333077],[-86.117073083493423,39.781347460189942],[-86.116615989276781,39.781349503463758],[-86.116558115827075,39.781349457622937],[-86.116558018938434,39.781349457998537],[-86.115765056718843,39.781352529234972],[-86.11546511343542,39.781354500149632],[-86.115092076382822,39.78135549178856],[-86.11435197837406,39.781358439163363],[-86.114288231470127,39.781358504915353],[-86.113743225110227,39.781361416323428],[-86.113136199433924,39.78136348296502],[-86.113102015822847,39.78136352439811],[-86.112395138670209,39.781366511632172],[-86.111911080946058,39.781368459793526],[-86.111723891361791,39.781369447997783],[-86.110951053808222,39.781372499231473],[-86.110356076929079,39.781376487600056],[-86.109737117134543,39.78137948276612],[-86.109003091880595,39.781383453660098],[-86.108323177196937,39.781386493458733],[-86.107659054122848,39.78138946926925],[-86.106919154491905,39.78139344930409],[-86.10589308178993,39.781399499683559],[-86.105371089551511,39.781402464807904],[-86.104829254429646,39.781404511755071],[-86.10427914387806,39.781407488056459],[-86.104158204315127,39.781408484431459],[-86.103765047872926,39.781410506250126],[-86.10319008710826,39.781412490164698],[-86.10260694603879,39.781415312570289],[-86.102362077977503,39.781416502318756],[-86.102291211212972,39.78141748979008],[-86.102222497190567,39.781419422958322],[-86.10222632450126,39.781917985039826],[-86.102230173258562,39.782419194094118],[-86.102232160276031,39.782923390439613],[-86.102238099993713,39.784429203486262],[-86.102243423813036,39.785436617985376],[-86.10229516321381,39.788766747326655],[-86.10230833492227,39.788766764532021],[-86.102309391502331,39.788766765069084]]]},"properties":{"OBJECTID":31,"JURISDCTN":"IMPD","DISTRICT":"Northeast","POLICEZONE":"NE20","SHAPE.STArea()":43207385.448580645,"SHAPE.STLength()":50126.828944916597}},{"type":"Feature","id":32,"geometry":{"type":"Polygon","coordinates":[[[-86.149045380172296,39.766874103385994],[-86.158101833937977,39.76707700919269],[-86.158103251054229,39.767077041921688],[-86.15812522153719,39.766338941334801],[-86.158150150290808,39.765648453407245],[-86.157241990126096,39.765628424734651],[-86.156338119939178,39.765605486876616],[-86.155130077416629,39.765575445252729],[-86.154522199424349,39.76555953435421],[-86.154548101284817,39.764864436868919],[-86.154572951150342,39.764211502785599],[-86.154675205263416,39.761472555869858],[-86.154678104149596,39.761419484550125],[-86.154684173224396,39.761365500120199],[-86.154690993118294,39.761363489046076],[-86.154716200730391,39.761361491624946],[-86.154761900142049,39.761357515696616],[-86.154804050728217,39.761355537074614],[-86.15484726613029,39.761354454640006],[-86.15633907006125,39.761390418867329],[-86.156377968909524,39.761391516608903],[-86.156417267424288,39.761394503180895],[-86.156456083982178,39.761397492674014],[-86.156498187457885,39.761402539849612],[-86.156533063641064,39.761406445726458],[-86.156572073401733,39.761409524433475],[-86.156611275080721,39.761412512249123],[-86.156650180321648,39.761414509652958],[-86.157237986124983,39.761428511923903],[-86.157566124939649,39.761437484202673],[-86.158125064384905,39.761453405425343],[-86.158309919677635,39.761458287851077],[-86.158310267138319,39.761449546169509],[-86.158310667486248,39.761449554381223],[-86.158344088790159,39.760644333512985],[-86.158403593151803,39.75896637679751],[-86.158516334923647,39.758610001101182],[-86.158600791077632,39.758368192070641],[-86.158798603015285,39.757801821832089],[-86.159073585392548,39.757017270548523],[-86.159347017861037,39.756883918992777],[-86.159256508978928,39.7565413369921],[-86.159249155959117,39.756018266549738],[-86.159244840209709,39.755655845929837],[-86.159238462845181,39.755210406459987],[-86.159234357122884,39.754934788138527],[-86.159228856433458,39.754565384085723],[-86.1592218359295,39.754093995902629],[-86.159216229244535,39.75347130776391],[-86.159210964573887,39.752886460279917],[-86.159179176439054,39.751720016733792],[-86.156556848645678,39.751772429777013],[-86.156287535749357,39.751779671804314],[-86.156029689946493,39.751788454568576],[-86.15582586493332,39.751795396000105],[-86.155664107966814,39.751800905209357],[-86.155369856612992,39.75181193575753],[-86.155076350536348,39.751831522512497],[-86.154574092229197,39.751910779133254],[-86.154284228597646,39.751927242120914],[-86.153773741697222,39.751970466510862],[-86.152955656890896,39.752028326731782],[-86.152036366886364,39.752048075013306],[-86.151896174123337,39.752056946521812],[-86.151566647003733,39.75209032572463],[-86.15123044108384,39.752180756800549],[-86.150824775592838,39.752301083885591],[-86.150460328138507,39.752371823610538],[-86.149281898949184,39.752408362089241],[-86.148847593746893,39.752400343263766],[-86.148042041304834,39.75238546502915],[-86.147387660503739,39.75237337512695],[-86.147268479948821,39.752370389306357],[-86.147019739867801,39.752270049774282],[-86.146734779487758,39.752094366075212],[-86.146389317776013,39.751881381354224],[-86.146033663334393,39.751662503987809],[-86.145838737207157,39.751593817526569],[-86.14557100907065,39.751587170239354],[-86.145248762762407,39.751588075081678],[-86.144856717446274,39.751589172923822],[-86.14437051075474,39.751590534500522],[-86.144162558366574,39.751593486014734],[-86.144164724325989,39.751823708791072],[-86.144158771665829,39.751886676606901],[-86.144136558313235,39.752121639074346],[-86.144031343645679,39.752761751213733],[-86.143923394736717,39.753413433795465],[-86.143871390596999,39.753727377910963],[-86.143756378499489,39.754412987362784],[-86.143652089421451,39.755034661747388],[-86.143581884017067,39.755685709500597],[-86.143436006222757,39.756600470719661],[-86.14307997924432,39.757737518045815],[-86.143222272680745,39.758093059103039],[-86.143222297614713,39.758093121147738],[-86.143218605590093,39.758130070573898],[-86.143218602312757,39.758130103011901],[-86.143183746708857,39.758477483340975],[-86.143138927863944,39.758958079366032],[-86.143104372739231,39.759559344384407],[-86.143104423117123,39.759559372999426],[-86.143363190489765,39.759707729149163],[-86.143361967524342,39.759711967376163],[-86.14332002692332,39.759688448082635],[-86.143277217360477,39.759664482001071],[-86.143104027150727,39.759566264840572],[-86.143079940569464,39.759985794095599],[-86.143054035760372,39.760703104239404],[-86.143036930456446,39.761745351264608],[-86.142984417312107,39.763142225445947],[-86.142942233902318,39.764336593691539],[-86.142915304609829,39.765099204525079],[-86.142883211581918,39.766007679183247],[-86.142851765088906,39.766897277276328],[-86.145543579777396,39.766864240069573],[-86.147628791568906,39.766845667191951],[-86.149045380172296,39.766874103385994]]]},"properties":{"OBJECTID":32,"JURISDCTN":"IMPD","DISTRICT":"Downtown","POLICEZONE":"DT40","SHAPE.STArea()":21969609.563047726,"SHAPE.STLength()":22121.160767105943}},{"type":"Feature","id":33,"geometry":{"type":"Polygon","coordinates":[[[-86.196691418144141,39.735177770734602],[-86.196689031841331,39.735199466502607],[-86.198586710226948,39.735323813324023],[-86.200358230743589,39.73570187433225],[-86.201993196681471,39.736055435968453],[-86.20398658626911,39.736044723277132],[-86.205484877139938,39.735983228730404],[-86.20905586342684,39.735850196552107],[-86.212046220576539,39.735698486226326],[-86.213783204187266,39.73539745287701],[-86.21591132942757,39.734785217298793],[-86.215902018795759,39.734053364796061],[-86.216099090002544,39.73388447002332],[-86.215891313889415,39.733211937981856],[-86.216382143345683,39.733151474753605],[-86.217608306387262,39.733160570175698],[-86.218024503396862,39.733316700279907],[-86.218149249659731,39.733944875138249],[-86.21920114714122,39.733833072025291],[-86.220847918592867,39.733594350129124],[-86.220826372501207,39.733931904061002],[-86.225276091913329,39.733694334324895],[-86.225246097944847,39.731604504925031],[-86.225218109968495,39.729710462167169],[-86.225199183245579,39.727925466103258],[-86.225184107817938,39.726140540128576],[-86.225185196918844,39.725166555869471],[-86.22518518727864,39.724342475053056],[-86.225177932582724,39.722930455331714],[-86.225175101949802,39.72243645204459],[-86.225171095027463,39.722309453964534],[-86.225119967877845,39.720694507756619],[-86.225117109657674,39.720602456119032],[-86.225117149348421,39.720595519747768],[-86.225116162441893,39.720425447117108],[-86.225012094956469,39.720393427490428],[-86.224678151533325,39.720548445014551],[-86.224552446130801,39.720553463392228],[-86.224552158057762,39.720553464776501],[-86.224499066824507,39.720555521253587],[-86.224156046565881,39.720706526901701],[-86.224140056811649,39.720871456178671],[-86.223936123499925,39.720803612039816],[-86.223948231688482,39.720646448217558],[-86.222842971580718,39.720693547308848],[-86.222786134734605,39.72069643156351],[-86.222200115052772,39.720719506188388],[-86.221631123960975,39.720742495557687],[-86.221512056478815,39.720747478913992],[-86.220123221926173,39.720801492152312],[-86.220454119531169,39.72036048765969],[-86.220461110283864,39.720344419403844],[-86.220458089438736,39.720327498217472],[-86.220456221330082,39.720310481463862],[-86.220463011716078,39.720293423409117],[-86.22046520902866,39.720291521487553],[-86.220944095661167,39.719661445512678],[-86.22097811455923,39.719620475718322],[-86.22101309441814,39.719579500424729],[-86.221048170322391,39.71953843549386],[-86.221081114251916,39.719495488391942],[-86.221960049585007,39.718329483948345],[-86.222115116519234,39.718123441586378],[-86.222154152588615,39.718072448018916],[-86.22328016211776,39.716590499847776],[-86.223938144947439,39.715723443833937],[-86.224804092650629,39.71491547104322],[-86.22544610989749,39.714315489815057],[-86.225465165997718,39.714304497991094],[-86.225487083126055,39.714302501061198],[-86.225510138776357,39.714298516235786],[-86.225528143244034,39.714288431050662],[-86.225604145911745,39.714217439647122],[-86.225873100153024,39.713964451271053],[-86.226458169055689,39.71341446557669],[-86.226557103534375,39.71333642678696],[-86.226671256316337,39.713272457994961],[-86.226797265658021,39.713223475160703],[-86.226932262564517,39.713191474501869],[-86.227071245448982,39.713176480128723],[-86.227360241581707,39.713166437365174],[-86.22856807301136,39.713125465996711],[-86.229583327593431,39.713086405764976],[-86.229759996112762,39.71308050432841],[-86.229752117643812,39.712714804283543],[-86.229735198684892,39.711935395042289],[-86.229723001163251,39.71083742762859],[-86.229711123021488,39.709849540447429],[-86.229711079823844,39.709749548165327],[-86.229702040968618,39.709217469573602],[-86.229668933753686,39.706280458397551],[-86.229666119346078,39.706064451992489],[-86.2296559580532,39.705145470005803],[-86.229637248249489,39.702973466737021],[-86.22962907444267,39.702121406579529],[-86.229612128703565,39.700509443647796],[-86.234292116020455,39.70050845990859],[-86.241013060730694,39.700471445821144],[-86.240936922648075,39.700754504328273],[-86.240850159403763,39.701078513766426],[-86.240114095581689,39.703660521240764],[-86.240040154603307,39.703942487345159],[-86.239778128688286,39.704975507062578],[-86.239681176643941,39.70537145228765],[-86.239649124403215,39.705508446525165],[-86.239620142180968,39.705644435746038],[-86.239593100940141,39.705782486960594],[-86.239569127831388,39.705919442202202],[-86.239555098552671,39.706002478253779],[-86.239542116736573,39.706084428309488],[-86.239530106979956,39.706167454391654],[-86.239519154797549,39.706250475253647],[-86.239057151840214,39.709788527454073],[-86.239031155647027,39.709983506614115],[-86.238918150750152,39.710766437156678],[-86.238868134397293,39.711151430023911],[-86.238772143661464,39.711828429534044],[-86.238613098640741,39.712919491479362],[-86.238433179568318,39.714209470601659],[-86.238890086277635,39.713994442375942],[-86.240839030950653,39.713069483636801],[-86.241038152742576,39.712975442528823],[-86.241181029114557,39.712908524368068],[-86.242862420983641,39.712114665771388],[-86.250295512434917,39.708725177933019],[-86.250407174958156,39.708734525947278],[-86.250402279299763,39.709032546370054],[-86.250381481781247,39.710285710469883],[-86.250361228308748,39.711512296813964],[-86.250334207190846,39.713145733420298],[-86.250323247028305,39.713808531313298],[-86.250322167787886,39.713874477760292],[-86.250325090763411,39.714472435656702],[-86.250326231575301,39.714664938014671],[-86.250338126606877,39.716692472123157],[-86.250333524458455,39.717687284335192],[-86.250341150409312,39.718466466698445],[-86.250342007310365,39.719355493618615],[-86.250343043263058,39.719672490836558],[-86.25034312058969,39.719761492543654],[-86.250344157750234,39.72007849063418],[-86.250435110932884,39.720824462483208],[-86.250757235834953,39.720903019483075],[-86.251042109025747,39.720928427242484],[-86.251296131087756,39.721034437931657],[-86.253244483585746,39.721084577935329],[-86.254208160441578,39.721062526252041],[-86.254384179068666,39.72086444391595],[-86.255340394990355,39.720682045582002],[-86.255572055359281,39.721031383895138],[-86.259165553746854,39.7209485103918],[-86.263627183907133,39.720859443859972],[-86.264473990567367,39.720846438226438],[-86.26447382280405,39.720035985133663],[-86.264476873856651,39.717977186014267],[-86.264436168965901,39.714570482769275],[-86.26423759025468,39.714565351525856],[-86.264124734547153,39.714553234467324],[-86.264054550158377,39.714542614454579],[-86.263950136232779,39.714523934628559],[-86.263847020968029,39.714501130995465],[-86.263779057992579,39.714483978427047],[-86.263676388708873,39.714454994546578],[-86.263575630990829,39.71442222597436],[-86.263477063568388,39.71438567128245],[-86.263380853841923,39.714345672777171],[-86.263256652588396,39.714286601002357],[-86.263196451495091,39.714254996337907],[-86.263137568614511,39.714221669063797],[-86.263080120646279,39.714187304904875],[-86.262996725372275,39.714132484319592],[-86.262917668695138,39.714075239264233],[-86.262867201652824,39.714035691729514],[-86.262818666541989,39.713994589576842],[-86.262756612130488,39.713938115460643],[-86.262697874173114,39.713879565317789],[-86.262656022121632,39.713834310852349],[-86.262566435131262,39.713724615941068],[-86.262498554615902,39.713626648176302],[-86.262448509879562,39.713542316197298],[-86.262425868355336,39.713499537225026],[-86.262396685691371,39.713438605165862],[-86.262374319829775,39.713385701061128],[-86.262354004656046,39.713332443268925],[-86.262336239835932,39.71327848696621],[-86.262311550636284,39.713187847930058],[-86.262293712266924,39.713096314487458],[-86.262280901564694,39.712985539118264],[-86.26227772385748,39.712874371167459],[-86.262282286660607,39.712781694214904],[-86.262290871719188,39.712707870497027],[-86.262300256962618,39.712652916543455],[-86.262320827546205,39.712561530107443],[-86.262342089289746,39.712489357153167],[-86.262367521189489,39.712417849120904],[-86.262397017741492,39.712347350611232],[-86.262439760753466,39.712260825769803],[-86.262499011677562,39.712159459359057],[-86.262531824992237,39.712109876631828],[-86.262734747499067,39.711855925130266],[-86.263080090799249,39.711430004246587],[-86.2637834314271,39.710604517683997],[-86.263813623333874,39.710563526200865],[-86.263840797831392,39.710526668166203],[-86.263903380414803,39.710441929460593],[-86.264314965676434,39.709917611776284],[-86.264456981764852,39.709733691912163],[-86.265233222243623,39.71045807126913],[-86.265317858144485,39.710554064157783],[-86.265407909187942,39.710646596543114],[-86.265503211070936,39.710736356483501],[-86.265603538645337,39.710822659705585],[-86.265655497275503,39.710864599608009],[-86.265763051967184,39.710945373922122],[-86.265875077273932,39.71102269344911],[-86.265991452982874,39.711095873374667],[-86.266111905662527,39.711165255556907],[-86.266173563235782,39.711198223854169],[-86.266299679666815,39.711261057430185],[-86.26642931617765,39.711319754748558],[-86.266562133297654,39.71137363122898],[-86.26662966611282,39.711399019376422],[-86.266766867012251,39.711446009742083],[-86.266906639225496,39.711488525554657],[-86.266977398529619,39.711508063076252],[-86.267048701050925,39.711526225100371],[-86.267192719480818,39.71155876783282],[-86.267338528349683,39.711586495063706],[-86.267411998941284,39.711598468744207],[-86.26755985434589,39.711618636459754],[-86.267634182010752,39.711626830789491],[-86.267783414515137,39.711639441543667],[-86.267858319346615,39.711643857967417],[-86.268008316013635,39.711648571765963],[-86.268083354845899,39.711649212576354],[-86.268241694791868,39.711648735435993],[-86.269391933481202,39.711644485792007],[-86.269620026520442,39.711643644646841],[-86.269754983218917,39.71164328777455],[-86.269965471194212,39.711642536495582],[-86.270164682050137,39.711641501192062],[-86.270796937127599,39.711698266301923],[-86.276410542389399,39.71159891626877],[-86.276570738591175,39.711594986408528],[-86.276650857115555,39.711592163385276],[-86.276810856297274,39.711584802617061],[-86.276970609687538,39.711574697630979],[-86.277130060127348,39.711561848728579],[-86.277289158155654,39.711546600233163],[-86.277447785267782,39.711528607807026],[-86.277605893170772,39.711508215768127],[-86.27776341934063,39.71148508038582],[-86.277841954421305,39.711472656362197],[-86.277998447757525,39.71144575312649],[-86.278076467328219,39.711431614952119],[-86.278231816989361,39.71140094175108],[-86.278309150097257,39.711384748969948],[-86.278463190466098,39.711350307583992],[-86.278616265597321,39.711313812114213],[-86.278692404403188,39.711294193760978],[-86.278843947458029,39.711253931294344],[-86.278919236015071,39.711232600568934],[-86.279069024240428,39.7111885731901],[-86.279143464882125,39.711165531886564],[-86.279291388608087,39.711117737482269],[-86.27936486937304,39.711092986196384],[-86.279438012365546,39.711067892584794],[-86.279510816184597,39.711041771233894],[-86.279655297876218,39.710988162595712],[-86.279726976904982,39.710960674402976],[-86.279798314420461,39.710932158485967],[-86.279939756905847,39.710874103547205],[-86.280079624608902,39.710813653727136],[-86.280148936462155,39.710782403007208],[-86.280217802090434,39.710750811442757],[-86.280354297037817,39.710685918919928],[-86.280488993290092,39.710618633617493],[-86.280555611664511,39.710584308443678],[-86.280817484959215,39.710441197958588],[-86.282411667473099,39.709511367479699],[-86.283814272208076,39.708676214752224],[-86.285254241882086,39.707818884555202],[-86.287120633995073,39.706707378116143],[-86.28870162647992,39.705762431568495],[-86.291364821095215,39.704170963587877],[-86.295291505837781,39.701830685542028],[-86.298326005685752,39.700026001465716],[-86.301858587430814,39.697916533802193],[-86.304667922279464,39.696245033299689],[-86.305320910368408,39.695858475088912],[-86.306498761961464,39.69520512993742],[-86.306941039072328,39.694960077550462],[-86.307476511881319,39.694687741676397],[-86.308748696277917,39.694074347038274],[-86.309700146897043,39.693634295967605],[-86.310493463751513,39.693273354894885],[-86.312127216376865,39.692545703986212],[-86.3131845523246,39.69208650498728],[-86.314279155835138,39.69160649880488],[-86.316510562020937,39.690627688583135],[-86.318787965053019,39.689628673776681],[-86.320090718638895,39.689056848908791],[-86.322850618070206,39.687848454844982],[-86.326619933835914,39.686197417519693],[-86.326587932390396,39.682859317990008],[-86.326488600500085,39.677456104010233],[-86.326457627281854,39.675992005139541],[-86.326468809744881,39.668648942604989],[-86.326444445976307,39.661336957539],[-86.326372758596406,39.654194068802113],[-86.326380903387317,39.64890346189344],[-86.326355807313789,39.639985788638583],[-86.326352776681119,39.638965920100532],[-86.326343383170141,39.632177826259451],[-86.316319108189859,39.632386684795982],[-86.307617392475876,39.632603519006302],[-86.296250749325409,39.632720929897886],[-86.288037314096698,39.632767900141374],[-86.269729340896092,39.633254911388363],[-86.25914386384693,39.633413362907888],[-86.249805207129185,39.633733778382464],[-86.243460764462483,39.633843696038625],[-86.23463024893482,39.633966478592086],[-86.23748786013762,39.635522799834781],[-86.238524638648641,39.63709214625807],[-86.238638937157091,39.640366758817173],[-86.238678659307951,39.641504500893824],[-86.239094901701932,39.642030239248513],[-86.239295192463729,39.643476038421298],[-86.239208466643845,39.644377275589534],[-86.238951689404843,39.648928228216761],[-86.238543132994039,39.650768233517574],[-86.237412475581337,39.652120374993679],[-86.235328445106845,39.654933226962548],[-86.235004740071091,39.656863398280379],[-86.234845790635475,39.657810966869143],[-86.236479373402688,39.661770290859806],[-86.236214971678336,39.663005687582746],[-86.235923757785727,39.664366309577282],[-86.236157931701996,39.665638987732365],[-86.236897371313731,39.666791136896414],[-86.234635603299537,39.669522826746864],[-86.232775538161988,39.670996875236376],[-86.231802030117152,39.671456653026105],[-86.230566969093829,39.671617422587779],[-86.225228839530544,39.672639425728377],[-86.224792928374058,39.673983635056594],[-86.224034762014981,39.674879159397108],[-86.224062949931835,39.675713256476193],[-86.224112014241157,39.6771625441461],[-86.224655911372906,39.678906978706458],[-86.224643798724955,39.68032670492898],[-86.224915617547609,39.684838341413041],[-86.224522707575673,39.685768486360921],[-86.223682407160425,39.686718964383608],[-86.223175962513366,39.687811966168667],[-86.222258482889046,39.689792292828905],[-86.222019378849225,39.690821552195011],[-86.222579471739252,39.692183346710515],[-86.222623488040782,39.692288934641162],[-86.223309334385874,39.693053827631815],[-86.223458152601879,39.694237025941334],[-86.223586097242702,39.695254576321624],[-86.223160718615304,39.696548623337932],[-86.222744265856619,39.697496717886011],[-86.222195413784405,39.698090957376856],[-86.221123193213543,39.698518858546045],[-86.219565294247829,39.699140891334757],[-86.218041040823564,39.700030753388432],[-86.216457236251401,39.700838861532297],[-86.215579525479995,39.70156193952581],[-86.214661846603079,39.703194922995294],[-86.213313639819631,39.704020406664853],[-86.212165775652835,39.704853855793047],[-86.211225570951854,39.70663241805407],[-86.210640814616582,39.707181130182093],[-86.209386993262669,39.708033236429365],[-86.208154136294638,39.708416813209951],[-86.206569180638922,39.708910111673063],[-86.203802196779662,39.709460680307416],[-86.201439740434068,39.710181244754487],[-86.200882907761127,39.710799784075171],[-86.20018988397203,39.711569937875929],[-86.199881432172518,39.71282698460854],[-86.199650018357701,39.713376829762076],[-86.199129379552545,39.714613848490963],[-86.198313049519399,39.715709530382007],[-86.196719321262137,39.716836211070365],[-86.196163479688892,39.717197351421987],[-86.196117651179506,39.721581238407495],[-86.196130310780433,39.721781338390102],[-86.19627449308598,39.722973630613325],[-86.19625075136338,39.723389555950142],[-86.196272960907905,39.724532947502816],[-86.196293659114716,39.725478833453252],[-86.196362559197055,39.725686426190876],[-86.196351801267483,39.726039919635987],[-86.196218852838456,39.726258828913878],[-86.196103870123807,39.728827013763052],[-86.196327384411745,39.72988632396769],[-86.196277829354045,39.730447900166652],[-86.196065682690545,39.730875078196512],[-86.195947139262501,39.731218666163606],[-86.195869462083834,39.731624440130311],[-86.195897937994843,39.731827020231982],[-86.196060289901439,39.731930233421231],[-86.196312014519648,39.733155740235922],[-86.19627321644812,39.733363824949222],[-86.196224691705368,39.734060536585552],[-86.196458426882984,39.734693587029383],[-86.196703638942964,39.735066702005227],[-86.196691418144141,39.735177770734602]]]},"properties":{"OBJECTID":33,"JURISDCTN":"IMPD","DISTRICT":"Southwest","POLICEZONE":"SW70","SHAPE.STArea()":792960289.55194914,"SHAPE.STLength()":159744.33720025601}},{"type":"Feature","id":34,"geometry":{"type":"Polygon","coordinates":[[[-86.121038000995497,39.832872443605531],[-86.121043473731319,39.834229414347931],[-86.121043482787243,39.834229547611734],[-86.121079749854005,39.834747692036132],[-86.121793781076718,39.834446452273937],[-86.122238154959476,39.833676220733217],[-86.122242597212932,39.833665521333366],[-86.122242613318065,39.833665483441919],[-86.122445797611221,39.833569919514744],[-86.122937619351305,39.833375121170121],[-86.123307940037719,39.833168818303967],[-86.123580008124435,39.832998212947636],[-86.123920124994768,39.832815358048812],[-86.124373929566204,39.832600075368354],[-86.124486645737719,39.832551796897413],[-86.124486682424205,39.832551867905643],[-86.124607014274346,39.832785263915383],[-86.124636158515685,39.832762448364747],[-86.124652119447944,39.832742477829825],[-86.124787121069076,39.832596462151663],[-86.124831071276006,39.832568543428074],[-86.124855122353551,39.832562503116726],[-86.125036026600924,39.832479453695761],[-86.125118104582327,39.832446519695708],[-86.125202077654919,39.832394481221222],[-86.125297146884193,39.832315464256581],[-86.125366134091351,39.832270511036704],[-86.125443126199457,39.832197510750582],[-86.125505074853024,39.832166457414921],[-86.125528073619009,39.832190508040142],[-86.125571111991547,39.83214151333776],[-86.125567047616855,39.832095497920868],[-86.125571957246279,39.832080164392039],[-86.12557913016731,39.832057525574669],[-86.125646112221204,39.831957450045628],[-86.125657103581588,39.831929481257106],[-86.125680101701533,39.831895519635104],[-86.125759073934077,39.83183052817467],[-86.125799094482844,39.83179154457698],[-86.125813079966804,39.831764464595039],[-86.125839091392663,39.831734454868787],[-86.125961050903712,39.831627495686419],[-86.125982832711998,39.831613536417933],[-86.126003078516945,39.831600484798358],[-86.12622709623902,39.831451503014748],[-86.126319132440003,39.831380514091641],[-86.126341104124677,39.831380517107249],[-86.126364124856778,39.831393488327812],[-86.126375103790906,39.83139245318683],[-86.126403061570343,39.831365497902375],[-86.126450113545289,39.831340449319086],[-86.126538096200917,39.831268485547568],[-86.126618060460459,39.831222497329087],[-86.126630085682578,39.831219476539573],[-86.12664113394375,39.831214478145682],[-86.126698164614524,39.831197496839607],[-86.126756134600456,39.831162495656173],[-86.126885087759618,39.831107484591662],[-86.126983154128396,39.831030525889027],[-86.127141169101535,39.830926484680958],[-86.127218135432699,39.830864473297694],[-86.127252050909206,39.830849475785541],[-86.127313138692003,39.83071852425401],[-86.127351129754643,39.830664504263339],[-86.127404162998644,39.830597453058502],[-86.12744106129793,39.830538482784881],[-86.127457131102005,39.830520492903005],[-86.127502045347597,39.830435457771635],[-86.127525095635008,39.830409512444923],[-86.127529118712786,39.830391480337774],[-86.127538050214412,39.830372527160534],[-86.127540085629803,39.830345495335692],[-86.127620087039588,39.830175463129436],[-86.12762409682999,39.830155448693702],[-86.127641129058588,39.830137454961545],[-86.127665082683663,39.830131504521411],[-86.127673076881891,39.830116518911574],[-86.127683155707558,39.830110533531666],[-86.127697093749731,39.830076517435785],[-86.127713136402136,39.830011504478897],[-86.127735148670453,39.829974483175846],[-86.127748109687005,39.829938489479076],[-86.127755158815731,39.829897473715477],[-86.127767107268255,39.829868510177114],[-86.127765057007622,39.829792489058349],[-86.127754149470562,39.829746500898523],[-86.1277230657264,39.829680504345063],[-86.127700142958659,39.829653480726428],[-86.127693125241763,39.829641527882856],[-86.127664139426713,39.829615519087852],[-86.127642121388661,39.829579484248399],[-86.127613134450854,39.829553475444797],[-86.127603129207458,39.829541444397776],[-86.127605069383904,39.82951450211285],[-86.127656101742076,39.829465474860179],[-86.12768504300459,39.829441488468561],[-86.127701091449723,39.829420525518742],[-86.127733100392206,39.829365448358452],[-86.127736118046926,39.829355527179715],[-86.127741090310224,39.829306502790516],[-86.127782109381229,39.829215447615738],[-86.127822100770885,39.829071518091389],[-86.127829122072839,39.828997533350503],[-86.127841080608363,39.828941454146083],[-86.127840127130384,39.82885651110896],[-86.127883135791464,39.828659511005206],[-86.127892312665651,39.828562006557746],[-86.127896088587917,39.828521544191375],[-86.127915104289528,39.82842553176765],[-86.127916102301469,39.828387513157239],[-86.127905143683051,39.828362514452614],[-86.12797061692406,39.828095521169182],[-86.127981121809214,39.828052510161683],[-86.127998085281263,39.827995511261172],[-86.128020108854827,39.82796047222584],[-86.128039156874806,39.827912472645949],[-86.128255063973313,39.827691543762725],[-86.128458120586856,39.827537506264434],[-86.12869909009278,39.827404487721005],[-86.128737093115802,39.827381454811686],[-86.128805134397552,39.827354520324505],[-86.128840158316393,39.827332490887208],[-86.128851102203726,39.827326501957877],[-86.128897147001425,39.827295510149057],[-86.128955103753128,39.82727347937719],[-86.129023070564415,39.827235464095203],[-86.12910210020145,39.827180469350282],[-86.12914909185983,39.827161455302466],[-86.129165145977325,39.827141482859886],[-86.129220077348776,39.827099466402068],[-86.129262405452096,39.827060382319338],[-86.129282590092842,39.827009765149327],[-86.129216996761897,39.826969141581344],[-86.12847010458124,39.826506562324901],[-86.128279973579225,39.826489482045083],[-86.12828002148261,39.825445522978576],[-86.128279995324377,39.825398500800397],[-86.128280019091861,39.825344451380431],[-86.128263094071684,39.824269481042961],[-86.128247265829145,39.823185498516501],[-86.128241078089431,39.822822492733415],[-86.128225241433469,39.821679506007612],[-86.128198276799665,39.819852480726453],[-86.128174102231256,39.818168494072353],[-86.128173106002052,39.818120484052677],[-86.128172014002473,39.818072474413533],[-86.126945109534603,39.818080501233666],[-86.126409070548831,39.818084517852334],[-86.125717144155502,39.818088519277417],[-86.124059022778837,39.81810056258287],[-86.122866993764035,39.818108497959102],[-86.12167111011685,39.81811643710536],[-86.121666099595217,39.818116456754012],[-86.120470190075949,39.818120509828091],[-86.12040824001717,39.818120481905545],[-86.120078076983219,39.818122493115446],[-86.119711964106557,39.818122481245105],[-86.119643179844985,39.818123471240092],[-86.118941207584186,39.818123506711508],[-86.118365941560668,39.818125477454366],[-86.116707104331169,39.81813147313607],[-86.116012954289459,39.818134433673087],[-86.115880094141019,39.818134497792357],[-86.115052126698359,39.818138510993805],[-86.113752073264223,39.818143527705551],[-86.113394059274384,39.81814445633313],[-86.112170117603412,39.818149522520883],[-86.109898135975229,39.818155521786473],[-86.109530101863044,39.818156476767868],[-86.108388040804968,39.818159478322549],[-86.107571146782703,39.818162495308165],[-86.107042125398053,39.818164504370394],[-86.105717111522111,39.818168535042297],[-86.104292132701786,39.818179503482817],[-86.102673070850472,39.818183527275586],[-86.101403112134491,39.81819450807442],[-86.10015407236321,39.81820746837041],[-86.099036044254802,39.818217495271924],[-86.09790509215361,39.818225487885563],[-86.096675107134374,39.818250501707261],[-86.095188112903145,39.818251498806831],[-86.094909120835879,39.818255501982939],[-86.093766083858853,39.818272416427213],[-86.093129058816331,39.818274489361315],[-86.092597074111254,39.818280497386212],[-86.092629117621655,39.820115531287584],[-86.092633094457952,39.820681502641115],[-86.092569084399059,39.820738489059238],[-86.092526095876522,39.820782516854784],[-86.092505137121691,39.820805474488239],[-86.092464177615383,39.820850485554359],[-86.092444086035002,39.82087353006154],[-86.092425060553964,39.820897472227266],[-86.092387099760032,39.820944453743458],[-86.092352138295951,39.820993496692466],[-86.092335039344647,39.821017520941488],[-86.092319103995436,39.821042532560639],[-86.092287134588602,39.821092465186169],[-86.092258056515135,39.82114247726431],[-86.092231110561457,39.821194462996075],[-86.092218070904323,39.821220454720525],[-86.092194112052269,39.821272519554583],[-86.0921720847779,39.821325478873668],[-86.092162129184402,39.821351549348336],[-86.092143095745257,39.821405487522149],[-86.092134108683481,39.821432545183157],[-86.092119122379742,39.821486469412129],[-86.092112062524521,39.821513520004224],[-86.092106062667312,39.821540476641701],[-86.092095127827662,39.821595466818863],[-86.092086121369064,39.821650449923922],[-86.092082055385845,39.821678480276816],[-86.09207904151549,39.821705516031159],[-86.092075050777936,39.821761471484635],[-86.092072115043592,39.821816522395949],[-86.092072074545186,39.821872463364748],[-86.092073107860912,39.821899484279058],[-86.092076440210064,39.821946065692899],[-86.092077115120318,39.82195550047328],[-86.092092050570969,39.823502514034395],[-86.092094072043494,39.823736540209886],[-86.092097079957526,39.823802469254396],[-86.092100129824885,39.82385947968011],[-86.092107138116916,39.823933501012114],[-86.092115110078225,39.824007519709767],[-86.092126063837227,39.82408053583076],[-86.092140106242724,39.824154531363661],[-86.092153031964187,39.824219433291468],[-86.092166103270145,39.824276497927819],[-86.092183070819559,39.824340483454421],[-86.092201103952988,39.824405456710466],[-86.09220905733325,39.824429479109789],[-86.092388062586664,39.824972467679544],[-86.092404100930324,39.825026458205969],[-86.092418893236612,39.825081444042148],[-86.092431079862251,39.825135537864341],[-86.092442113950938,39.825190447420461],[-86.092447002132189,39.825217454169298],[-86.092455056695258,39.825273545532127],[-86.092461080928999,39.825328473470421],[-86.092466142061525,39.825383495009632],[-86.092469083133125,39.825438524328725],[-86.092470027003159,39.825466536290897],[-86.092473907229632,39.825466498632949],[-86.093193132855774,39.825459466951024],[-86.093762077184039,39.825453500197682],[-86.09482769750467,39.825441464767096],[-86.095977140825582,39.825428479846245],[-86.096000073164305,39.825428485056626],[-86.097971137851019,39.82539946474482],[-86.099089065016642,39.825385484440787],[-86.100198062428944,39.825376481332512],[-86.101457106017051,39.825355555154857],[-86.102651242898531,39.825340534373524],[-86.102727170915159,39.825340519232668],[-86.102728271795002,39.825499509918544],[-86.102737254654116,39.826798458360372],[-86.102739022068064,39.827047528141641],[-86.102745124908466,39.82781455280255],[-86.102748131257158,39.828320531001204],[-86.102770087749562,39.831579521424118],[-86.102780085873647,39.832901524575618],[-86.106769221094154,39.832895469234188],[-86.106888033580177,39.832894478065676],[-86.106929085501847,39.832894502423734],[-86.10725306180899,39.832893452683088],[-86.107417950468061,39.832894447595663],[-86.107439247444262,39.832894456753515],[-86.107543998706831,39.832894509072041],[-86.109202188649434,39.833032506896906],[-86.111843056498614,39.833233465920706],[-86.111895994430853,39.833238577637829],[-86.11194894400208,39.833245490628386],[-86.111980295742029,39.833250505020075],[-86.112011268374786,39.833256511596787],[-86.112052282885529,39.833265542797768],[-86.112083266579532,39.83327344072211],[-86.112113095506388,39.833281434039634],[-86.112143028377773,39.833290506855043],[-86.112172189660768,39.833299493459144],[-86.112202038393633,39.833310548959467],[-86.112240193059719,39.833324454700318],[-86.112922064652949,39.833604511330606],[-86.112929260351407,39.833599529060919],[-86.112961304240415,39.833577515889466],[-86.113014188635631,39.833544522611],[-86.113473189762743,39.833277464944466],[-86.114031203200284,39.832943543368145],[-86.114135177940526,39.832883508057492],[-86.114135267304746,39.832882516974578],[-86.115577018828233,39.832041527969899],[-86.116039268643405,39.831758502962074],[-86.117068176629388,39.831142497088088],[-86.11719698752151,39.831064526609062],[-86.117667136212333,39.830930459779601],[-86.119039139865208,39.830560467063208],[-86.120407184473734,39.830191465245782],[-86.121385969983223,39.829933511445333],[-86.121796035565922,39.829823445584069],[-86.121797095674097,39.829823531492536],[-86.12166298489457,39.829958819576852],[-86.121303725490023,39.830057786862959],[-86.121308925205739,39.830481151387367],[-86.121002910046244,39.830559190035466],[-86.121038000995497,39.832872443605531]]]},"properties":{"OBJECTID":34,"JURISDCTN":"IMPD","DISTRICT":"North","POLICEZONE":"ND25","SHAPE.STArea()":44716835.126908578,"SHAPE.STLength()":33497.482674008708}},{"type":"Feature","id":35,"geometry":{"type":"Polygon","coordinates":[[[-85.995990086531961,39.838879512359625],[-85.996461055463257,39.838876553277942],[-85.996845098302998,39.838874470180869],[-85.997143079689806,39.838872540930716],[-85.997493102819533,39.838870462524419],[-85.997707050174199,39.838869491965042],[-85.9979220524243,39.838867526358655],[-85.998041075847567,39.838867546718824],[-85.998304072034784,39.838865534276074],[-85.998609088520098,39.83886349108252],[-85.998698072272873,39.838809547360917],[-85.9988680764707,39.83870952016661],[-85.999064035244402,39.838595546203855],[-85.99923510282359,39.83849650616235],[-85.999483053204287,39.838352474706255],[-85.999583186054281,39.838292462911589],[-85.999685076869753,39.838237490650783],[-85.999773093678343,39.838185186299114],[-85.999994242093337,39.838062518993951],[-86.000010070561331,39.838062519449629],[-86.00007502109429,39.83806152130407],[-86.000231049723084,39.838061523133305],[-86.000405091087899,39.838059491457415],[-86.000456072272812,39.838059524923651],[-86.000499958563083,39.838059146460495],[-86.000576092695638,39.838064504323341],[-86.000678055105226,39.838093035937945],[-86.000743818647464,39.838115151738549],[-86.000948747235114,39.83818422305874],[-86.00109677551697,39.838234582659808],[-86.001184166854088,39.838264528455532],[-86.001476762154638,39.838261709239745],[-86.001508061546645,39.838272509839456],[-86.001568097165489,39.838271525943767],[-86.001721128814964,39.838269462872994],[-86.001789068495484,39.838268546102753],[-86.001919071677918,39.838267540028909],[-86.002067091242523,39.838265490084659],[-86.002154108129687,39.838263527206735],[-86.002304055833832,39.838261562352308],[-86.002386065036248,39.838260514460345],[-86.002630068376476,39.838257465465219],[-86.002761127955665,39.838255554716135],[-86.003354958605811,39.838250499478782],[-86.005377562884348,39.838232090857062],[-86.005377240295815,39.838215178971815],[-86.005417275017223,39.83821415600498],[-86.005367079426932,39.837682928312269],[-86.005357590388911,39.837187040297884],[-86.005357021805906,39.837071289315311],[-86.00550508776756,39.837040474574017],[-86.005502571439507,39.836646103488619],[-86.005500087049555,39.836238489691681],[-86.005498549108168,39.836056042200376],[-86.008441099719676,39.836010327594998],[-86.009812453663898,39.836005169960522],[-86.010138472334603,39.836004074625905],[-86.010125367816471,39.835674340208143],[-86.010122657849109,39.835601720681431],[-86.010106002119926,39.834585454352478],[-86.01009588998167,39.833948424782314],[-86.010087769563668,39.833466147402582],[-86.010086175419119,39.833371477867921],[-86.010051951826085,39.83176253363245],[-86.010022089353583,39.830390492817394],[-86.010014239642572,39.829994515081786],[-86.009987200872246,39.828763443454378],[-86.009956982450134,39.827338524390292],[-86.009929220236742,39.826058539606279],[-86.009928160766293,39.826058542740796],[-86.007692045997743,39.826085495702337],[-86.007571995022928,39.826087469717635],[-86.006990038861574,39.826095483810043],[-86.006719093301129,39.826097449116375],[-86.006637098648028,39.826098500012087],[-86.00474206416142,39.82612151403098],[-86.004007965281531,39.826130496793013],[-86.003429087180479,39.826137493333306],[-86.003350271998556,39.826138532677668],[-86.002775055754071,39.826145515328591],[-86.001553129306743,39.826160489062367],[-86.001211082746224,39.826164539025143],[-86.00089803789696,39.826168503536515],[-86.000317905673867,39.826175488167273],[-86.000093987325045,39.826178474532895],[-85.999924023419496,39.826180493996326],[-85.997374089227776,39.826212472310402],[-85.996607038163773,39.826222493809851],[-85.996353055837091,39.826225557545499],[-85.995240106554661,39.826240515348047],[-85.994867897664633,39.826244451890695],[-85.994759886472167,39.826245567984344],[-85.994635109288197,39.82624646116949],[-85.99370512776369,39.82625854514697],[-85.992861957853052,39.826269476060091],[-85.991074256240253,39.8262925054375],[-85.991074063502069,39.826292505976433],[-85.988677030874882,39.826322514519681],[-85.988626929699606,39.826323464166457],[-85.987550101895295,39.826336536681829],[-85.986134119009009,39.826354496522683],[-85.982482073967901,39.826394492734316],[-85.985173142114533,39.826436501513044],[-85.985175089252323,39.826524506486308],[-85.985713067880042,39.826527531745832],[-85.985747750232818,39.828900740414191],[-85.983931242230824,39.828898425574017],[-85.983933072339667,39.830050480978507],[-85.983973078950939,39.833593569994406],[-85.983974678174121,39.83373166138454],[-85.985033027751513,39.833719483243478],[-85.984739251176009,39.833792714883238],[-85.985699236862203,39.833786566406168],[-85.985727260857161,39.836781535820286],[-85.990462071833008,39.834907053503258],[-85.990470822532089,39.833733079803494],[-85.991096813090664,39.833730430311824],[-85.991182256136867,39.833661549229788],[-85.991345066420052,39.833752976811283],[-85.991372164278772,39.835189529754508],[-85.991227087259787,39.835938516627635],[-85.991241954415344,39.83674254722235],[-85.991249058000307,39.837125555600629],[-85.991249912150806,39.837168019034657],[-85.991273086983384,39.838319525547575],[-85.991432056263321,39.838268543903055],[-85.99598511295892,39.838201480369825],[-85.995989570623081,39.838811862511335],[-85.995990086531961,39.838879512359625]]]},"properties":{"OBJECTID":35,"JURISDCTN":"IMPD","DISTRICT":"Northeast","POLICEZONE":"NE75","SHAPE.STArea()":28429886.962107435,"SHAPE.STLength()":27471.142924554453}},{"type":"Feature","id":36,"geometry":{"type":"Polygon","coordinates":[[[-86.200133065595793,39.79521145019929],[-86.199954094931144,39.795308570261092],[-86.199887153082074,39.795345451580694],[-86.19981529716263,39.795382084335628],[-86.19967906726643,39.795451443344916],[-86.199600044032778,39.79548288407242],[-86.19955817936183,39.795499471313015],[-86.199451840877103,39.795548423999058],[-86.199419114473855,39.795563438085857],[-86.199242063362135,39.795647486648868],[-86.199409703772247,39.795854175880002],[-86.199425933747094,39.795874186416121],[-86.199694907318985,39.796205808195118],[-86.203167248741408,39.7957974087049],[-86.205246186894882,39.795772555382221],[-86.205274302903078,39.795771523311863],[-86.205301246873333,39.795768426023926],[-86.205328287979242,39.795765507513082],[-86.205355321123236,39.795761419056575],[-86.205382249857919,39.795756519570659],[-86.20540927525839,39.795751439494751],[-86.205435234185359,39.795745553756859],[-86.205461087064407,39.795738497628555],[-86.205487036838591,39.795731440143896],[-86.205512208996495,39.795723486490346],[-86.205537084319886,39.795714452499467],[-86.20556224100207,39.795704517422749],[-86.205586048435705,39.795694497638479],[-86.20561014541714,39.795684476504611],[-86.205633167485061,39.795672568941434],[-86.205656285046373,39.79566048079522],[-86.205678247412422,39.795648487176983],[-86.205699045458005,39.795635419054051],[-86.205898209894357,39.795510541102082],[-86.205555113473011,39.795198468632719],[-86.206420151738968,39.795192465929944],[-86.206961208041193,39.795188506980438],[-86.207476067677334,39.795184487462784],[-86.207482135437687,39.795184459184519],[-86.207487239968785,39.795184435395043],[-86.208539118470497,39.795177546880574],[-86.208548075916042,39.795177505053005],[-86.20970298429971,39.795167421907166],[-86.211179017278781,39.795159514565349],[-86.211163149641607,39.795504513140003],[-86.212269152546767,39.795496526222394],[-86.213151145829698,39.795490483682705],[-86.214069159368833,39.795484445565016],[-86.21591614317559,39.795469502691617],[-86.2159141275568,39.795252503742567],[-86.215913165941416,39.795240527522942],[-86.215910181860338,39.795216490037198],[-86.215907117351463,39.795194524483136],[-86.215901163612699,39.795172482536209],[-86.215895137327408,39.795153503225293],[-86.217269127772752,39.79510348319603],[-86.218627150301486,39.795080456619338],[-86.219985076723404,39.795057504676464],[-86.220368161296292,39.795051443355732],[-86.22060814193641,39.795047505052025],[-86.221264138050358,39.79503653499718],[-86.222435150261816,39.795017509828909],[-86.2236050947444,39.794997488127656],[-86.224775135309585,39.794977453268793],[-86.225556706545532,39.794762359303967],[-86.225544381734096,39.792238596549304],[-86.225522569916933,39.787771065597333],[-86.225629812744202,39.787775161458136],[-86.225712957556709,39.787773879191015],[-86.225712241531426,39.787646469509127],[-86.225509253841807,39.787649722293551],[-86.225270172780171,39.787653552867496],[-86.224732981170973,39.787663523838653],[-86.224702075604029,39.78766448306348],[-86.224672125881639,39.787664537008681],[-86.223734001674373,39.787683457558352],[-86.223726105241511,39.787683495463106],[-86.223502136648463,39.787687452502816],[-86.222332147957943,39.787710537235093],[-86.221161090089851,39.787732443502286],[-86.219892115571284,39.787757506805391],[-86.219536044004499,39.787764518597093],[-86.21854550434017,39.787784284584745],[-86.21853411283044,39.787784510786231],[-86.217176998428641,39.787811495563268],[-86.215818081742526,39.787837482256123],[-86.21462994444137,39.787843548847782],[-86.214150097688048,39.78784743482214],[-86.213644258525179,39.787852523037415],[-86.212580100201976,39.787863479244031],[-86.211676117643194,39.78787745729722],[-86.211036070828229,39.787887487597899],[-86.209585957708143,39.787926530397847],[-86.209583164513688,39.787926453397816],[-86.208424956545571,39.787942495874908],[-86.20736516068645,39.787957436937297],[-86.206841037565837,39.78796447210555],[-86.20629525503594,39.787972506300754],[-86.206273266370133,39.787968555504875],[-86.206256022265137,39.787955483116654],[-86.206243032121279,39.787944463401928],[-86.206226131978582,39.787938506550198],[-86.206221124174945,39.787938439765796],[-86.206217079035795,39.787938458573052],[-86.205626026263786,39.787945529209047],[-86.20522823670197,39.78795052831974],[-86.204153209182408,39.787963530149071],[-86.202875960377156,39.787978537377569],[-86.202086158975916,39.787988489626379],[-86.200953163255861,39.788002448887276],[-86.20090318183145,39.78800249885407],[-86.200851767259167,39.788005482593057],[-86.200850913055305,39.788005532459486],[-86.200776035223399,39.788011462195833],[-86.200705113985222,39.788018454487514],[-86.200634201087524,39.78802652750862],[-86.200562916379937,39.788036494517108],[-86.200493085755625,39.788047445536606],[-86.200458173443877,39.788053461422372],[-86.200387973539719,39.788066485631916],[-86.200353061208858,39.78807250148617],[-86.200283935440666,39.78808750308081],[-86.200215201380303,39.788103493576934],[-86.200147149715789,39.788120471638905],[-86.200079114015182,39.788139521142263],[-86.200012145267721,39.78815946727881],[-86.199995276318731,39.788164593994246],[-86.199946236031877,39.788179497674896],[-86.199314096695332,39.788366529604119],[-86.198129218298732,39.788711388900737],[-86.197533750005974,39.78888469432038],[-86.196902166019981,39.789068505969205],[-86.196886313212232,39.789073442951405],[-86.197024643822189,39.78914709858941],[-86.197060072339951,39.78917428839523],[-86.197642132718727,39.788991482478387],[-86.197667416683572,39.78898354171784],[-86.197730148815097,39.789012472584112],[-86.197837922060302,39.789038733015857],[-86.197911153422055,39.78905641492176],[-86.198077214215246,39.789060429095692],[-86.198127240984292,39.789103799017525],[-86.198158070924705,39.789130502466733],[-86.198360055566923,39.789397482339581],[-86.198397035491027,39.789447308516635],[-86.198403164695463,39.789455477482896],[-86.198419603174443,39.789476571643668],[-86.198500137184453,39.789579527218464],[-86.198603125033529,39.789709494657316],[-86.198648054319037,39.789803514696331],[-86.198781062591834,39.789967394393592],[-86.198813141325488,39.790018504751899],[-86.198881908083081,39.790094037996816],[-86.199076070110451,39.79030754330423],[-86.199211192402146,39.790470513016423],[-86.199361304414367,39.790685315188568],[-86.199383070165837,39.790716459710033],[-86.199470156144869,39.790819473673594],[-86.199637128008817,39.791003466114397],[-86.199791091329644,39.791161484045091],[-86.199839261593382,39.791238373169051],[-86.199900203143997,39.791335471488338],[-86.199918783086403,39.791359348582603],[-86.199996112559148,39.791458443997108],[-86.200055154723401,39.791521500024878],[-86.20008919140389,39.791576473918312],[-86.200198142491232,39.791729473366487],[-86.200313172355791,39.791871454713188],[-86.20043316596545,39.792057552506215],[-86.200465438846209,39.792108571424421],[-86.2004720059943,39.792118958426876],[-86.20055708959498,39.792253542217516],[-86.200589876724223,39.792358517288555],[-86.200615157736621,39.792439475253261],[-86.200678177288637,39.792586692460304],[-86.200791116372102,39.792850520866281],[-86.200793095949024,39.792857538822716],[-86.200806961362446,39.792906840109701],[-86.200856089161007,39.793082454586653],[-86.200869652621577,39.793117613952099],[-86.200898152913268,39.793191439888808],[-86.200929467066786,39.7932605846635],[-86.200952828588896,39.793312168653429],[-86.200956159939921,39.793319450585287],[-86.200965808047357,39.793380636759856],[-86.200971149017164,39.793414508175644],[-86.200966158374726,39.793466508213172],[-86.200963095318016,39.793506428527515],[-86.200961136323428,39.793651470553002],[-86.200950489604566,39.793794119851185],[-86.200950145433268,39.793799435418535],[-86.200949163847056,39.793809439232213],[-86.200931103782182,39.793927440558051],[-86.20092912754572,39.793958437380674],[-86.200921095706775,39.794003245112236],[-86.200915827593576,39.794031916235205],[-86.200903542656008,39.794099714360684],[-86.20086613625503,39.79430653472955],[-86.200815378871297,39.794455764331296],[-86.200764150926005,39.794606528121307],[-86.20075911882823,39.794628441284928],[-86.200721613990027,39.794685545555936],[-86.20060119360501,39.794868516078012],[-86.20047514997087,39.794984491319624],[-86.200423485611196,39.795016708328745],[-86.200355145283652,39.795059450738144],[-86.200223890240082,39.795149325597741],[-86.200133065595793,39.79521145019929]]]},"properties":{"OBJECTID":36,"JURISDCTN":"IMPD","DISTRICT":"Northwest","POLICEZONE":"NW25","SHAPE.STArea()":19731004.507025082,"SHAPE.STLength()":22069.491382671629}},{"type":"Feature","id":37,"geometry":{"type":"Polygon","coordinates":[[[-86.105377402520986,39.797451900647602],[-86.107144000701197,39.797777432068237],[-86.108681890513623,39.798077503677042],[-86.108998017749073,39.798049454428941],[-86.10917013956805,39.797959706877677],[-86.111891798581041,39.796543561765347],[-86.112476106668566,39.79623954221065],[-86.11303794808984,39.795947046525825],[-86.116533997681771,39.794176759532],[-86.116610238605702,39.794141332138281],[-86.116723447487871,39.794088734928955],[-86.119946193707023,39.792350663410502],[-86.119915035777765,39.792240434128018],[-86.120288544442971,39.792170241316605],[-86.126902132886187,39.788764487959007],[-86.127424390491782,39.788475502908462],[-86.127486981938773,39.788431113968635],[-86.128568799107697,39.78783154803395],[-86.128735153563014,39.787736479448633],[-86.131375908223845,39.786108954259554],[-86.131370905750018,39.786009523229012],[-86.131365143371539,39.785997565484436],[-86.131360184203643,39.785990468184501],[-86.131341114414724,39.785961538207182],[-86.131319058368348,39.785932440047517],[-86.13130206565441,39.78591151868212],[-86.13127314547711,39.785878484111166],[-86.131226207141552,39.785829486890762],[-86.131181110360117,39.785782464672145],[-86.131141943092942,39.78574343563907],[-86.131109179063671,39.785711497223929],[-86.131068188655092,39.785673556275292],[-86.131068092322479,39.785673466592989],[-86.13102710135361,39.785635435563933],[-86.131027101959091,39.785635525629317],[-86.130985058861043,39.78559848954086],[-86.130942052701783,39.785561457289674],[-86.130906124508485,39.7855315138668],[-86.130862065091364,39.785495476544604],[-86.130817237014895,39.785459533248151],[-86.130743122066548,39.785407491243618],[-86.130716132743743,39.785389492835293],[-86.130660126713323,39.785352512458829],[-86.130604127402762,39.78531652367473],[-86.130519226585506,39.78526443457536],[-86.130460167221614,39.785231520257469],[-86.1303719675617,39.785204487588558],[-86.12999318905041,39.785113486385129],[-86.129885990287946,39.785096437556732],[-86.129863262858834,39.785096438202665],[-86.12981827801633,39.785094456113441],[-86.129795255599163,39.785093467177319],[-86.12975018831726,39.785093466882664],[-86.129705222235131,39.785094456912702],[-86.129660175476985,39.785097518806985],[-86.129374004410664,39.785116497172851],[-86.129150111698195,39.785131442012542],[-86.129032781572633,39.785140287638157],[-86.12896396295119,39.785145516430383],[-86.12889195705894,39.785149496026349],[-86.128821017787033,39.785154462976756],[-86.128749033534163,39.785161505604407],[-86.128714102962292,39.785165518498403],[-86.128643190169285,39.785174449119424],[-86.128571899337956,39.785184461114923],[-86.128502066415933,39.785196540625989],[-86.128467156246387,39.785203435534697],[-86.128398107006319,39.785217492456113],[-86.12832896863857,39.785232541337692],[-86.128260226952634,39.785249480024504],[-86.128226004167061,39.785258444587136],[-86.128159011623026,39.785277537884994],[-86.128092023896571,39.785297532703872],[-86.12802619846596,39.785318512708777],[-86.127959988325557,39.78533940503835],[-86.127892994460836,39.78535849818789],[-86.12786022286096,39.785368537689017],[-86.12779215628035,39.785385563483523],[-86.127724185357678,39.785402408722476],[-86.127656112097782,39.785418443717752],[-86.127586965585309,39.785432501443772],[-86.127518204846893,39.785446466628137],[-86.127449141948333,39.785458541547364],[-86.127414218322031,39.78546345470086],[-86.127379301332383,39.785469538699139],[-86.127309069411581,39.785479456548316],[-86.127239215539944,39.785488472176446],[-86.127167904359013,39.785495511152618],[-86.127096978405561,39.785502548556593],[-86.127027193191608,39.785507509832321],[-86.126632240974686,39.785532497112364],[-86.126600179610321,39.785533524859659],[-86.126568207943535,39.785533471428828],[-86.126515242888829,39.785533501176175],[-86.126452243477587,39.785530508349012],[-86.126380947563547,39.785525475892229],[-86.126079100365274,39.785504510915473],[-86.126036041557711,39.785502518835244],[-86.125993091661101,39.785502508700667],[-86.125940132615625,39.785503438839854],[-86.125853117212799,39.785509458342631],[-86.12581712745525,39.785513474555884],[-86.125781138860816,39.785517490753378],[-86.125745052194347,39.785521506427017],[-86.125709076764878,39.785527504942806],[-86.125674158989312,39.785533498363584],[-86.125639145480605,39.785539492152452],[-86.125604138548027,39.785546476650786],[-86.125569043061404,39.785554542302584],[-86.125534146176875,39.78556350873734],[-86.125499062075136,39.785573466647847],[-86.125465135457674,39.785583510039572],[-86.125430057909483,39.785594457748658],[-86.125397107543861,39.785606479653993],[-86.125363097158314,39.785618504839036],[-86.125330152174413,39.785631516549437],[-86.125297111450905,39.785644528628801],[-86.125265142711342,39.785659518855347],[-86.125233168548263,39.785673518348503],[-86.125202072572151,39.785689495855003],[-86.12515504508535,39.785713463163965],[-86.125111112103355,39.785739490690013],[-86.125082142083329,39.785756540579833],[-86.125053088872889,39.785775482215179],[-86.125025089675219,39.785793519002098],[-86.124998065559438,39.785813534323921],[-86.124971137719228,39.785833458290725],[-86.124945076683375,39.78585346979682],[-86.12491911793245,39.785874471639083],[-86.124827144542024,39.785960502780782],[-86.124733147208602,39.786046452670298],[-86.12463807708518,39.786130514391587],[-86.124565018101961,39.786193499785021],[-86.124491077296284,39.786254507118954],[-86.124416078681705,39.786315518577766],[-86.124270119894618,39.78642248229923],[-86.124538172919443,39.786676448418454],[-86.123984060330969,39.786997525573938],[-86.123152077123379,39.78738644355829],[-86.123119132050277,39.787399455540275],[-86.123086090061719,39.787412466993374],[-86.123051108701631,39.787423504572402],[-86.12301708332312,39.787433457568063],[-86.122982095396097,39.787443504406333],[-86.122946130634844,39.787451482614692],[-86.122910159321094,39.787458470091927],[-86.122873122592779,39.78746447100049],[-86.12283713877342,39.787469567080542],[-86.122800088352776,39.787473496460287],[-86.122763128877679,39.787476524792865],[-86.122725102225829,39.787478475593225],[-86.122688026218682,39.787478531221844],[-86.122651045346544,39.787478496397014],[-86.122614148285777,39.78747647883889],[-86.122577147796562,39.787473471830296],[-86.122540147304505,39.787470463909202],[-86.122503134906495,39.787465474531515],[-86.122467071404756,39.787458499923588],[-86.122450102375566,39.787455504264862],[-86.122414135775401,39.787448528359192],[-86.12237913056039,39.787441459500037],[-86.122310072563891,39.78742551575386],[-86.122242067500721,39.787408487019427],[-86.122175101726796,39.787388481027648],[-86.122109084891491,39.787366489781405],[-86.122044116231422,39.787342512892813],[-86.121701125655008,39.787231524802579],[-86.121658082698303,39.787217551119483],[-86.121613125955548,39.787205476346777],[-86.121583123284083,39.787197486056847],[-86.12155312714998,39.787190487380066],[-86.121043107839924,39.787058442881296],[-86.120897092258986,39.787040456916593],[-86.120641101717851,39.787037494713566],[-86.119696089772049,39.787037494838899],[-86.118105108045214,39.787041442076749],[-86.117998046855334,39.787045462109234],[-86.117891094325259,39.787051463112391],[-86.117785117845614,39.78705944171481],[-86.117678088377758,39.787068506027197],[-86.117572131253766,39.787079457498479],[-86.117467055015183,39.787092477011008],[-86.117361123102967,39.787107482144144],[-86.117256072637758,39.78712446525013],[-86.117152088028448,39.787142524937416],[-86.117048120994909,39.787163467534107],[-86.116945125241386,39.787185487082887],[-86.116843097842178,39.787208493529867],[-86.116524224720521,39.787309451326216],[-86.115851096802515,39.787550506910506],[-86.115179980315858,39.7877904700009],[-86.114972897594441,39.787889550344694],[-86.114778140858746,39.788003445713343],[-86.114598195536672,39.788129445441434],[-86.114511047028799,39.7882045506731],[-86.114435098813914,39.788269522327866],[-86.114288244788156,39.788419535660793],[-86.114160040796023,39.788579476218253],[-86.114052022123971,39.78874843746452],[-86.114018236270439,39.788810454191768],[-86.113848141484155,39.789134506273705],[-86.113615064202236,39.78965247703875],[-86.11359712210772,39.789692543440459],[-86.113498140898145,39.790008483372702],[-86.113461081578407,39.790115463556617],[-86.113334145880302,39.790442501021033],[-86.113288122698663,39.790548524898476],[-86.113239139733921,39.790658524028245],[-86.113132126411614,39.790879457705856],[-86.112373041985592,39.792373510356484],[-86.111850086540443,39.792374436901092],[-86.110658083137167,39.792377472430623],[-86.109466071989743,39.792379504099372],[-86.108274061832049,39.792381524420463],[-86.107171046799948,39.792384455662059],[-86.107125986148773,39.792386428054698],[-86.107082119835425,39.792394432238176],[-86.107087106528112,39.792919503803176],[-86.107101061359742,39.794216547856585],[-86.107113106241812,39.795410454228524],[-86.107120099059657,39.796008484451185],[-86.107118113996833,39.796044525370206],[-86.107114098610609,39.796079492282054],[-86.105945230121293,39.796080500273987],[-86.104762292249191,39.796080467894932],[-86.103581093800784,39.796081497720039],[-86.102357402620257,39.79608348928101],[-86.102355982820967,39.796083491909634],[-86.10235600839404,39.796087544860548],[-86.102357870030488,39.796206419139871],[-86.102368268545845,39.79687049520097],[-86.102375118117138,39.797360517894866],[-86.102375834630138,39.797421699086385],[-86.102376160784374,39.79744951526731],[-86.102377762596106,39.797449301196608],[-86.10255467664426,39.797425603788199],[-86.102746368181101,39.797398399184992],[-86.103879849503258,39.797357200082608],[-86.104516951381783,39.797352095914761],[-86.105377402520986,39.797451900647602]]]},"properties":{"OBJECTID":37,"JURISDCTN":"IMPD","DISTRICT":"Northeast","POLICEZONE":"NE15","SHAPE.STArea()":12010944.28865342,"SHAPE.STLength()":21351.33526070022}},{"type":"Feature","id":38,"geometry":{"type":"Polygon","coordinates":[[[-86.140298249038267,39.871599711514797],[-86.140872654916137,39.871373163932645],[-86.141794036980215,39.871370529073083],[-86.14223018462485,39.871372560479116],[-86.142676084609704,39.871351637317133],[-86.143126360162981,39.87124668138086],[-86.145740702467322,39.870181922675265],[-86.14618976908632,39.869905113023897],[-86.146161197516435,39.869749497209476],[-86.146159075905359,39.869735543875883],[-86.146156189135382,39.869722493469304],[-86.146152234809989,39.86970854771171],[-86.146148190906814,39.86969550208827],[-86.146143190256325,39.869683542117926],[-86.146135964825106,39.869670510546278],[-86.146258008662002,39.869667483228625],[-86.146281052642848,39.869667478011834],[-86.14630408165543,39.869665491390009],[-86.146326051712677,39.869663509142761],[-86.146348013065875,39.869660445229044],[-86.146371036342202,39.869657467886498],[-86.146392991417784,39.869653503325502],[-86.146415035974456,39.869648457592653],[-86.146436206359596,39.869642424740213],[-86.14645708750038,39.869636483146849],[-86.146477968010046,39.869630451485854],[-86.14649922104374,39.869622525983502],[-86.146519027617842,39.869614517295439],[-86.146539218723603,39.869606506112454],[-86.146558246334834,39.869597419842734],[-86.1465769777909,39.86958743322986],[-86.146596096121542,39.869577445013192],[-86.146612989118978,39.869566475270197],[-86.147551101024831,39.868982467095265],[-86.148928127431844,39.868129536881682],[-86.149227068751472,39.867944527320866],[-86.150339030505279,39.867245460721193],[-86.151265103983292,39.866658499491734],[-86.151347157306759,39.866604468013492],[-86.151401074716901,39.866566498534148],[-86.151454123671982,39.866528532659252],[-86.151507164960819,39.866489485993924],[-86.151558086044503,39.866450448167427],[-86.151608125360099,39.866409522608244],[-86.151657103910878,39.866368511396047],[-86.15170511001989,39.866326512597112],[-86.151752146030788,39.866283527103498],[-86.151798121285822,39.866240456861277],[-86.151843125903028,39.866196489094847],[-86.151886097377016,39.866151448116931],[-86.151929069435795,39.866106498087561],[-86.151970106536467,39.866060475339587],[-86.152010082347971,39.866014457017535],[-86.152049177552072,39.86596655006894],[-86.152087121349609,39.865919459424696],[-86.152124087533579,39.86587048056181],[-86.152159126384717,39.865821509753722],[-86.15265311990926,39.865121491297906],[-86.152953118669743,39.864693519490956],[-86.154027236188369,39.863168530629622],[-86.154310195180358,39.862746481119018],[-86.153786092420077,39.862619507093356],[-86.152615130869307,39.862647479238888],[-86.152562071121167,39.862642476752342],[-86.152509101395651,39.862636483132285],[-86.15248304981067,39.862633439915541],[-86.152431029131264,39.862625459919848],[-86.152379105472377,39.86261748039518],[-86.151641083387929,39.862477429199814],[-86.151436239671071,39.862439460468011],[-86.150250027905017,39.862217497192688],[-86.150161118314557,39.86220057143462],[-86.150150016893249,39.862198456109219],[-86.150119049494776,39.862195522016215],[-86.150097055292747,39.862193542151154],[-86.150054910973708,39.862191556188435],[-86.149662155757241,39.862192561781036],[-86.149158173967862,39.862197451280153],[-86.148173943476266,39.862209558793062],[-86.148146949462642,39.862209580777375],[-86.148119947259744,39.862208431023191],[-86.148092939399206,39.862206471587648],[-86.14806593270886,39.862204512140927],[-86.148038924844968,39.862202551792137],[-86.148011916359565,39.862200502273708],[-86.147984914797732,39.862199443452674],[-86.147959077797012,39.862199460592308],[-86.147117003969953,39.862205473347828],[-86.147075934713115,39.862205463314545],[-86.147068036557769,39.862206486757707],[-86.147061191501308,39.862206515106564],[-86.147053975132891,39.862208436391015],[-86.147047144527676,39.862210537111295],[-86.147039927617769,39.862212548463717],[-86.14703202883301,39.862213481840477],[-86.147025191859029,39.862214501786816],[-86.147017293701865,39.862215525226553],[-86.14655397433458,39.862217442952492],[-86.146150139436031,39.862219473223],[-86.146111087455793,39.862218463776962],[-86.146071168297084,39.862217457001115],[-86.146036150897345,39.862214449390173],[-86.145989077335372,39.862210499955061],[-86.145985124802337,39.862210516287789],[-86.145960133653929,39.862207466322317],[-86.145921164899747,39.862204475003537],[-86.145886065463301,39.862203449151103],[-86.14584710995473,39.862202529284218],[-86.144749089157273,39.862210482552257],[-86.144146945180751,39.862212512419021],[-86.144146999182283,39.862206476834473],[-86.14343525428923,39.862210575309483],[-86.143403247096344,39.86221052672839],[-86.143377995441142,39.862211531174381],[-86.143327313009692,39.862215523151612],[-86.143273256542287,39.862219528970066],[-86.143223910230773,39.862221533046558],[-86.142180999467115,39.862238514238413],[-86.141090917151246,39.862251445865354],[-86.141021852450521,39.862372167174314],[-86.140850561826198,39.862375749657168],[-86.140868270865454,39.863267662536515],[-86.140898810307803,39.865505155926137],[-86.138952309528705,39.865543164647626],[-86.138889787002029,39.870425942936379],[-86.138984098271081,39.870459149226704],[-86.13905636641681,39.870484594121962],[-86.139195474366915,39.870533572164035],[-86.139227108363755,39.870544422389933],[-86.139295045498059,39.870566726149647],[-86.139405740553187,39.870603066297321],[-86.139552080231425,39.870651108366623],[-86.13970092598781,39.870699973145022],[-86.139859329200505,39.870751975385723],[-86.14003758405552,39.870810493762278],[-86.140127000789988,39.8712785509734],[-86.140298249038267,39.871599711514797]]]},"properties":{"OBJECTID":38,"JURISDCTN":"IMPD","DISTRICT":"North","POLICEZONE":"ND55","SHAPE.STArea()":9651318.1279854234,"SHAPE.STLength()":13344.731046662428}},{"type":"Feature","id":39,"geometry":{"type":"Polygon","coordinates":[[[-86.166939997693831,39.771507199427973],[-86.16694873108753,39.771506777193061],[-86.166991713623915,39.771504119544709],[-86.16703215226822,39.771502672552643],[-86.167052502089945,39.771502320919595],[-86.167083672867349,39.771502277495038],[-86.167114899649391,39.771502714783388],[-86.167156075130521,39.771503732432429],[-86.16718115445407,39.771504352029837],[-86.167201085528802,39.771504844311785],[-86.16721437875438,39.771505173373342],[-86.167284279360729,39.771506900216799],[-86.167379392385428,39.771509250501943],[-86.167470391482965,39.77151149867035],[-86.167576047342095,39.771514109532674],[-86.167776320103286,39.771519057088717],[-86.16784648573784,39.771520790555321],[-86.168648298522371,39.771540594432352],[-86.169324543075888,39.771557260994932],[-86.169570476680022,39.771563320880617],[-86.169684192398392,39.771566122770977],[-86.169762889487671,39.771568062186702],[-86.169929087070003,39.771572156676946],[-86.169994192070888,39.771573760375027],[-86.170029683874475,39.771575645589259],[-86.170061548414978,39.771578063515122],[-86.170132423707756,39.771585870305202],[-86.170131150409546,39.771581559773544],[-86.170128108300531,39.77156243893922],[-86.170125445763205,39.771540626129223],[-86.170124057921456,39.771515945430849],[-86.170124103368536,39.771493984871221],[-86.170125777473814,39.771462308824432],[-86.170126220939267,39.771450282832099],[-86.170162198030127,39.770473564249791],[-86.170199133198537,39.769434302649771],[-86.170486355077713,39.769433705591211],[-86.170651772683527,39.769426931240979],[-86.170865461596549,39.769424793522965],[-86.171253547560909,39.769432909056682],[-86.171487416625965,39.769437798727495],[-86.171528662466642,39.769436944710939],[-86.171598604897881,39.769425977302532],[-86.171676888482722,39.769397209455207],[-86.171712803958158,39.769376240271782],[-86.171755065299124,39.769341862064579],[-86.171777905957939,39.769316224794515],[-86.171797491499248,39.769286768394466],[-86.171808467540572,39.769264264880391],[-86.171826075068779,39.769196689515276],[-86.171842591351933,39.769113635313225],[-86.171877754859679,39.768936806740733],[-86.171892506945341,39.768862623795961],[-86.171901714582788,39.768816319403321],[-86.171911310863393,39.76877113196192],[-86.171916845273131,39.768628843712797],[-86.171945282402092,39.76789150183469],[-86.171965034451873,39.767387571036487],[-86.172886904109419,39.767407477788119],[-86.174062267566853,39.767420640954718],[-86.173744176142762,39.767174893563904],[-86.173383081072615,39.766436557526738],[-86.173220660806308,39.765375132317672],[-86.173112506913341,39.76465244814198],[-86.173195009194501,39.764268482977108],[-86.173267097931756,39.763931644448533],[-86.173424759508379,39.763188667618152],[-86.173821286969854,39.762546600458741],[-86.173925884286504,39.762227691538897],[-86.173985117392675,39.761968004203922],[-86.174013640259261,39.761696783651352],[-86.173995241273303,39.761272375942234],[-86.173947368105004,39.760989478690547],[-86.173914637589988,39.760694847809148],[-86.173881474374028,39.760341196272847],[-86.173860420205017,39.759918171781408],[-86.173822479643732,39.759132845516667],[-86.173809947426875,39.758530655315859],[-86.173680555892247,39.757900493319845],[-86.173560079645341,39.757250388915978],[-86.173457137721726,39.75674021689148],[-86.173461882684251,39.756530868785902],[-86.173370945409502,39.756255708586309],[-86.173318887044658,39.755924100413445],[-86.173449469657129,39.7556939565142],[-86.173613113778899,39.755463325811355],[-86.173726571876145,39.755156730853521],[-86.173757297571257,39.754837458062212],[-86.173772081290608,39.754595122683298],[-86.173851334924038,39.754322993868783],[-86.173949231599835,39.753956071408503],[-86.174061853057907,39.753528345189878],[-86.174125266344447,39.75315779850812],[-86.17422174625564,39.752787450345892],[-86.174351192856619,39.752403918723736],[-86.174621790347473,39.752088399517028],[-86.174591201251289,39.751797533762343],[-86.174436616343201,39.75149346695332],[-86.171175718547019,39.75154915409248],[-86.170276482379009,39.751564715640548],[-86.168236977650551,39.751590179237624],[-86.167037680423135,39.751610283161753],[-86.165799168520593,39.751627087407783],[-86.164104126226576,39.751653033121698],[-86.163069194604745,39.751664615057813],[-86.162203750340424,39.751676710882997],[-86.160824846002924,39.751703925589844],[-86.159182332348919,39.751719953805662],[-86.159179176439054,39.751720016733792],[-86.159210964573887,39.752886460279917],[-86.159216229244535,39.75347130776391],[-86.1592218359295,39.754093995902629],[-86.159228856433458,39.754565384085723],[-86.159234357122884,39.754934788138527],[-86.159238462845181,39.755210406459987],[-86.159244840209709,39.755655845929837],[-86.159249155959117,39.756018266549738],[-86.159256508978928,39.7565413369921],[-86.159347017861037,39.756883918992777],[-86.159073585392548,39.757017270548523],[-86.158798603015285,39.757801821832089],[-86.158600791077632,39.758368192070641],[-86.158516334923647,39.758610001101182],[-86.158403593151803,39.75896637679751],[-86.158344088790159,39.760644333512985],[-86.158310667486248,39.761449554381223],[-86.158310267138319,39.761449546169509],[-86.158309919677635,39.761458287851077],[-86.158319077872022,39.76145852917049],[-86.159097030255353,39.76147550019666],[-86.159340049973437,39.761481495129921],[-86.160001078799908,39.761490488132829],[-86.160062111976615,39.761490498908806],[-86.160121982118653,39.761489433779865],[-86.160203030912697,39.761488458704726],[-86.16028216948456,39.761489473195077],[-86.161932069721942,39.761528477727516],[-86.163747194607055,39.761571524932769],[-86.164652258421,39.76159349939946],[-86.165397105384045,39.761611470002428],[-86.165476258438602,39.761614463287195],[-86.165560135110383,39.761618517031913],[-86.165640168387327,39.761623487919508],[-86.165723268872981,39.76162655323337],[-86.167226265473602,39.761664491907773],[-86.167258314534038,39.761663543075571],[-86.167289964000716,39.761660434323915],[-86.167321222480624,39.761656515736654],[-86.167343231071513,39.761651466156636],[-86.167348225106693,39.761676488046128],[-86.167352257537345,39.761701513182679],[-86.167355126312657,39.7617255534904],[-86.167356173442684,39.761750411368141],[-86.167348264801575,39.762346523257818],[-86.167320217412822,39.7630464074145],[-86.167316945557999,39.763126414579894],[-86.167303604473688,39.76346428320403],[-86.167261123287332,39.764537441735229],[-86.167192060420888,39.764585483751169],[-86.167155091417484,39.765848512291939],[-86.166609147037448,39.765837533309451],[-86.165401125052028,39.765811471449979],[-86.163584073504467,39.765770440104596],[-86.161804962350985,39.765730480311944],[-86.161776170208071,39.76572952231934],[-86.159948140267474,39.765687490121955],[-86.158736073589267,39.765660475386738],[-86.1581501713043,39.765648454218976],[-86.158150150290808,39.765648453407245],[-86.15812522153719,39.766338941334801],[-86.158103251054229,39.767077041921688],[-86.159916728725605,39.767118724511882],[-86.16172439020994,39.767161033144518],[-86.163537060340843,39.767199710170672],[-86.165351168617264,39.767239285806532],[-86.16710249734794,39.767282778559199],[-86.167044651694141,39.768736406491627],[-86.166939997693831,39.771507199427973]]]},"properties":{"OBJECTID":39,"JURISDCTN":"IMPD","DISTRICT":"Downtown","POLICEZONE":"DT30","SHAPE.STArea()":21977146.226432487,"SHAPE.STLength()":28535.718754999176}},{"type":"Feature","id":40,"geometry":{"type":"Polygon","coordinates":[[[-86.144162558366574,39.751593486014734],[-86.14437051075474,39.751590534500522],[-86.144856717446274,39.751589172923822],[-86.145248762762407,39.751588075081678],[-86.14557100907065,39.751587170239354],[-86.145838737207157,39.751593817526569],[-86.146033663334393,39.751662503987809],[-86.146389317776013,39.751881381354224],[-86.146734779487758,39.752094366075212],[-86.147019739867801,39.752270049774282],[-86.147268479948821,39.752370389306357],[-86.147387660503739,39.75237337512695],[-86.148042041304834,39.75238546502915],[-86.148847593746893,39.752400343263766],[-86.149281898949184,39.752408362089241],[-86.150460328138507,39.752371823610538],[-86.150824775592838,39.752301083885591],[-86.15123044108384,39.752180756800549],[-86.151566647003733,39.75209032572463],[-86.151896174123337,39.752056946521812],[-86.152036366886364,39.752048075013306],[-86.152955656890896,39.752028326731782],[-86.153773741697222,39.751970466510862],[-86.154284228597646,39.751927242120914],[-86.154574092229197,39.751910779133254],[-86.155076350536348,39.751831522512497],[-86.155369856612992,39.75181193575753],[-86.155664107966814,39.751800905209357],[-86.15582586493332,39.751795396000105],[-86.156029689946493,39.751788454568576],[-86.156287535749357,39.751779671804314],[-86.156556848645678,39.751772429777013],[-86.159179176439054,39.751720016733792],[-86.159182332348919,39.751719953805662],[-86.159149906177305,39.750734604905986],[-86.159140357278616,39.749743761879529],[-86.159125929820206,39.748759561202661],[-86.159120737291815,39.747852273752883],[-86.159108965038584,39.746388334986442],[-86.159124352904769,39.745343931656933],[-86.159102870313092,39.74310545971295],[-86.159085950281778,39.74180622448219],[-86.159054349737573,39.740415185926508],[-86.15903885255041,39.738221933480808],[-86.159027918374164,39.737234717642949],[-86.159027878573738,39.737231091654493],[-86.159009512009519,39.736171998278159],[-86.158995016053694,39.735314142790813],[-86.158980775491926,39.733922294974462],[-86.158964377616016,39.732885963769938],[-86.158927814734142,39.731366646799202],[-86.158766439182315,39.731427086063135],[-86.158861040357763,39.727743368142029],[-86.158769793075194,39.722438635258094],[-86.156391506424654,39.72247817480519],[-86.15396146268435,39.722521343325191],[-86.150278306371547,39.722597140596164],[-86.149158924779243,39.722609347597817],[-86.147922235023231,39.7226230596238],[-86.146755381699762,39.722638528681209],[-86.144342553103826,39.722666668724543],[-86.14194520857896,39.72269297942654],[-86.139556165047892,39.722723324757823],[-86.139550940293418,39.722950519258895],[-86.137055049179111,39.722978159836416],[-86.134592230942161,39.723001152357817],[-86.132813194666696,39.723062185463306],[-86.132371189062013,39.723061557192501],[-86.13210128487458,39.723029695994526],[-86.130835568663329,39.723040597086737],[-86.129563091503712,39.723053913471063],[-86.128504801830715,39.723066021805622],[-86.127484723668545,39.723077280704366],[-86.125701900316088,39.723096354106332],[-86.124404708976172,39.723110741153405],[-86.123119459209391,39.723125066757696],[-86.121996950024609,39.723136681915399],[-86.120785186166103,39.723150350285096],[-86.119706521785631,39.723164858447575],[-86.118367691014058,39.72318311530465],[-86.117103347371582,39.72320072458939],[-86.116026514622561,39.723215192356115],[-86.113985559987896,39.723244693199113],[-86.113905634514907,39.723245727074712],[-86.113581380470421,39.72324954179232],[-86.111266123187121,39.723284680861994],[-86.111277387103314,39.724646618570304],[-86.11128299535045,39.725528523643845],[-86.111309077866295,39.730073260248389],[-86.111315509935281,39.730624696580399],[-86.110107945311597,39.730638237631609],[-86.108918998867239,39.730653067845104],[-86.106537921854226,39.730680301675555],[-86.105341910015383,39.73069374937856],[-86.104164238683026,39.73070848919285],[-86.102969899056333,39.730722934742211],[-86.101769380852787,39.730735676253019],[-86.101771079800017,39.731589113295101],[-86.10178378869378,39.734335045577893],[-86.101782038631114,39.734675468452494],[-86.101787279098161,39.736427631666153],[-86.101793206488651,39.737962227450765],[-86.101745079978002,39.73987793447732],[-86.101714596778464,39.740676585893652],[-86.101675047687351,39.741765240570693],[-86.10165952814647,39.742301659628104],[-86.101652265783628,39.742551851314253],[-86.102219611295652,39.742962889973072],[-86.102713943831418,39.74328463506091],[-86.103324034384627,39.743678692784471],[-86.104018174559926,39.7441208163333],[-86.104502126930967,39.744450485524361],[-86.105080683477482,39.744828181109703],[-86.105554046607978,39.745133864584133],[-86.105901156732386,39.745359038816289],[-86.106405971703296,39.745672491563234],[-86.106826690628807,39.745937876213631],[-86.107920811027256,39.74666122336442],[-86.108520407407312,39.747047401538815],[-86.108962297174045,39.747344610822829],[-86.109561851601228,39.747730782811175],[-86.110140359738551,39.74809232450032],[-86.110455999337205,39.748301475718378],[-86.110834591806565,39.748526512852678],[-86.111170815919621,39.748686855419919],[-86.111517652790667,39.748855392191501],[-86.111864382324512,39.749015691573888],[-86.11220061633999,39.749168136602023],[-86.112514770458503,39.749300419881386],[-86.112744721326777,39.749404200427108],[-86.113246729775284,39.749626354062912],[-86.113342650947956,39.749670595872828],[-86.113622185051796,39.749801979868664],[-86.113701936564283,39.749837704624085],[-86.113823950639201,39.74989488564561],[-86.114106559010366,39.750029001908672],[-86.11427309690832,39.750113806830022],[-86.114551580634568,39.750271273725794],[-86.114697178473918,39.750357530569843],[-86.114819357656714,39.750440103780925],[-86.114983719891029,39.750540358298018],[-86.115264692981143,39.750721491027448],[-86.115431031617916,39.750826541513305],[-86.115621397478264,39.750951745300718],[-86.115912155097831,39.751141417612637],[-86.116583628895953,39.751577719177618],[-86.116869143295276,39.75176363462036],[-86.117281530666801,39.752026267994893],[-86.117625217292385,39.752252448645216],[-86.117852567373077,39.752397751503153],[-86.118160872594572,39.752047215407259],[-86.118395885991475,39.751757703125151],[-86.118500236446579,39.751611110630961],[-86.118620420552048,39.751472349082391],[-86.118745858222169,39.751329792181068],[-86.118929196732196,39.751186666401004],[-86.119154527663014,39.751023473335451],[-86.119338286895683,39.750953437548311],[-86.119537832472332,39.750875448991415],[-86.11970069495851,39.750821967661025],[-86.119900640009888,39.750805057687451],[-86.120069046165554,39.750792046231908],[-86.120269018047352,39.750779254345773],[-86.120347874276746,39.750762474464622],[-86.120752134330601,39.750590342972217],[-86.120883325838449,39.750520854428224],[-86.120977509673736,39.750435038879864],[-86.121167404313653,39.750292570215947],[-86.121297364937675,39.750238871405294],[-86.121554419536693,39.750211440980827],[-86.122953893079668,39.749669931539685],[-86.123314434656564,39.749543946468457],[-86.123530128773439,39.749522851264103],[-86.123993565540601,39.749545390733253],[-86.124219951699175,39.749544498593437],[-86.124408634090329,39.749421932710661],[-86.124655838472009,39.749384239448261],[-86.124703049607149,39.749355570842113],[-86.124923160738618,39.749204397777021],[-86.124948638104456,39.749074239347564],[-86.124953459364519,39.749013480895414],[-86.124973279465479,39.748826380138311],[-86.125082404538759,39.74860632647119],[-86.125139930622197,39.748549477781467],[-86.125239548840412,39.748488001697069],[-86.125391626875469,39.748401953824988],[-86.125601716322706,39.748323912265654],[-86.125691127490157,39.748315666038458],[-86.12607551214208,39.748326156009284],[-86.126270628270959,39.748369994506064],[-86.126602745368857,39.748442115409247],[-86.126895045083742,39.748526747014502],[-86.127446907091311,39.748710893870033],[-86.127563118188533,39.748771515084087],[-86.127742752043602,39.748868259293971],[-86.127922386399831,39.74896500322135],[-86.128085970349787,39.74902131772879],[-86.128317903593924,39.749069124343414],[-86.128528751293899,39.749105003774162],[-86.12894489494397,39.749143840185738],[-86.129239795943022,39.749150902132769],[-86.129387270213542,39.749166441997176],[-86.12953501872137,39.749214581728808],[-86.129640673915986,39.749267007092563],[-86.129777920841903,39.749323424249944],[-86.129857345263787,39.749392083506876],[-86.130194774425163,39.749459710920121],[-86.130447472049866,39.749462820390413],[-86.130644792263681,39.749494631191489],[-86.130684208430523,39.749477366048524],[-86.130684245369068,39.749477306455724],[-86.130713095113876,39.749430528507418],[-86.130736195858262,39.749430526223634],[-86.130809070102288,39.74943248656605],[-86.130907888105014,39.749442360992674],[-86.130919156671439,39.749443486813625],[-86.131088102235736,39.749447495452713],[-86.131091085722446,39.749447483515944],[-86.131123053998749,39.749449517248628],[-86.131173103578021,39.749449497114561],[-86.131186110890596,39.749451517536031],[-86.131200170385981,39.749452452024244],[-86.131225105592137,39.749453523122185],[-86.131238085677623,39.749451489669674],[-86.131250028051355,39.74945252269341],[-86.131292081952921,39.749451543757068],[-86.131304017066853,39.749451495983898],[-86.13133115958405,39.749451477403255],[-86.131346077622965,39.749451507753378],[-86.131374087066391,39.749451485692262],[-86.131411143252066,39.749451517472522],[-86.131434043657265,39.749450525099917],[-86.131449044613134,39.749448482631784],[-86.131481089163728,39.749447453635995],[-86.131496104045382,39.74944748357904],[-86.131511118927008,39.749447513520167],[-86.131527096973272,39.749447449533776],[-86.131645112748402,39.749449499669318],[-86.131658099474848,39.749448455994568],[-86.131671093473273,39.749448494010302],[-86.131685145751788,39.749448527785042],[-86.131697074203387,39.74944748924618],[-86.131709091670189,39.749445459597439],[-86.131722058410347,39.749441443739599],[-86.13173405648989,39.749436531077599],[-86.131747016565058,39.749431524491683],[-86.131748265548609,39.749431249282388],[-86.131761145091929,39.749428495627335],[-86.13177411848811,39.74942547048903],[-86.131798147345748,39.749420509614374],[-86.131810158142059,39.749417489229899],[-86.131824108074355,39.749416532645917],[-86.131837101460931,39.749416480577167],[-86.131864127122725,39.749413489183503],[-86.131877107787005,39.749411545725614],[-86.13188903622914,39.749410507167056],[-86.131901060347772,39.749409468223796],[-86.131927130065776,39.749407471398818],[-86.131940117391707,39.749406518659185],[-86.131953097446598,39.749404485126888],[-86.131976068004462,39.749399528457488],[-86.131987109515435,39.749395520287472],[-86.131991152445536,39.749395504080596],[-86.132002097111325,39.749391496297385],[-86.132016116604277,39.749386485434435],[-86.132040001312618,39.749374498854515],[-86.13204691754872,39.749372489622203],[-86.13205412314845,39.749370479229334],[-86.132069124067883,39.749368436681202],[-86.13208508759449,39.749366391172217],[-86.132099127689045,39.749364443441706],[-86.132113159336782,39.749361414022317],[-86.132138137414188,39.749354467767134],[-86.132162069937422,39.749349417135122],[-86.13217609551748,39.749345487048807],[-86.132215161440598,39.749329475641829],[-86.132229090736615,39.749325456767615],[-86.132242146431381,39.749320449742889],[-86.132268150573012,39.749308544683586],[-86.132293017820288,39.749299526366563],[-86.132320079616434,39.749287526984645],[-86.132335041042552,39.749279449079431],[-86.132335520546761,39.749279267019098],[-86.132347134120266,39.749274445904611],[-86.132363078211057,39.749269518247701],[-86.13242406958841,39.749250535716989],[-86.132463071922885,39.749239479142481],[-86.132477104141572,39.749236540645853],[-86.132490077469726,39.749233515427811],[-86.132501118924012,39.749229507209115],[-86.132510422191089,39.749224515213001],[-86.132514161795314,39.749222428632834],[-86.132541092700549,39.74920538499547],[-86.13256709674701,39.749193479869497],[-86.132580132364865,39.749185499730594],[-86.132604093119582,39.74917045040479],[-86.132627106381179,39.74915747554919],[-86.132641097915666,39.749148501714814],[-86.132681257434854,39.749123387054425],[-86.132729084377999,39.74909346797169],[-86.132742126640338,39.749086479440557],[-86.132755066541378,39.749078499666219],[-86.132759473902979,39.749075599781563],[-86.132770110194699,39.749068439870562],[-86.13278208749756,39.749060464859099],[-86.132795109104904,39.749050413179759],[-86.132806110444406,39.749040459680131],[-86.132812113518099,39.74903142783581],[-86.132816097898782,39.749008530867137],[-86.132819096851293,39.748996446960497],[-86.132825182842353,39.748985522446056],[-86.132843102472535,39.748959507188559],[-86.132852104526108,39.748938571571244],[-86.132858107578983,39.74892953882383],[-86.132863910826373,39.748919426058116],[-86.132869143805692,39.748910397303597],[-86.132879151246556,39.748881440660519],[-86.13288207459405,39.748872510349251],[-86.132883072143969,39.748863497704342],[-86.132872106972698,39.748864443328493],[-86.132864083054983,39.748873483292307],[-86.132855167636009,39.748864511360495],[-86.132854070251142,39.748844516986729],[-86.132855067804329,39.74883550434199],[-86.132855097252076,39.748825504833178],[-86.132857146403609,39.748815498113608],[-86.132857079008289,39.748805498993704],[-86.132858071049739,39.748795495618914],[-86.132860126871577,39.748786478723865],[-86.13286135333037,39.748782690926554],[-86.132863146459414,39.748777458858747],[-86.132865113281809,39.748769433073107],[-86.132866112005431,39.748760421324143],[-86.132868154469705,39.748749422978356],[-86.132870123064606,39.748741487253838],[-86.1328710656244,39.748738511211982],[-86.132873052484342,39.748733458502649],[-86.132875156827353,39.748731467646095],[-86.132877150977848,39.748727496628575],[-86.132882047822136,39.748711532157152],[-86.132885065962057,39.748659541577027],[-86.132896062671179,39.748634544867173],[-86.132906137804341,39.748601443902679],[-86.13292982434497,39.748574143609034],[-86.132951121421485,39.748549465792436],[-86.132962124202948,39.748525548971351],[-86.132979121155941,39.748505482811034],[-86.13314616184104,39.74838446048954],[-86.133188074660083,39.748362491899627],[-86.133232096687834,39.748339433996364],[-86.133294101993997,39.748285494997219],[-86.133320069756167,39.748268455049136],[-86.133352721871006,39.748257603840393],[-86.133497057778627,39.748209549319277],[-86.133520288055479,39.748200448154222],[-86.133556094770412,39.748186430906934],[-86.133707201988827,39.748143484587942],[-86.133748117049109,39.748130527548597],[-86.133769080368907,39.748113507636759],[-86.13377906214366,39.748109503560329],[-86.133786054357316,39.748104430692933],[-86.133792098590106,39.748101524181756],[-86.133796133585903,39.748100517191936],[-86.133818058090995,39.748097455803446],[-86.133834104171001,39.748093518285899],[-86.13384910592579,39.748091475504523],[-86.133860167808251,39.748090530299606],[-86.133894081529789,39.74808147522846],[-86.133913112194833,39.748077525686796],[-86.133995107798384,39.748076475059278],[-86.134033085043825,39.748070466813544],[-86.134076986467477,39.748057947976257],[-86.134124152802144,39.748044426122959],[-86.13425405488718,39.748025436207939],[-86.134340067735678,39.748006441944277],[-86.134464124050979,39.747962611969825],[-86.134507043917736,39.747947485843191],[-86.134599143993682,39.747903514309549],[-86.134619804883116,39.747898746564275],[-86.134638062946905,39.747894438844178],[-86.134789115748148,39.747843473449009],[-86.134848083752459,39.747810445334252],[-86.134946093283915,39.747729425280298],[-86.134962737383702,39.747708884690539],[-86.135002537333534,39.747630912241931],[-86.135002499980899,39.747630737659968],[-86.135002099698255,39.747628486664645],[-86.135003056700896,39.747613528749646],[-86.1350039175055,39.747612624592776],[-86.13501510288593,39.747601499250777],[-86.135022542724371,39.747591559909196],[-86.135030140314129,39.747576486032685],[-86.135035146839769,39.747562502530236],[-86.135039170051542,39.747545460670054],[-86.135046113981943,39.74753345175499],[-86.135048123682111,39.7475174988395],[-86.135049101972442,39.747505513995364],[-86.135054121912887,39.747493512843008],[-86.135062131960694,39.747482490377294],[-86.135073132724699,39.747472536663473],[-86.135082132794821,39.747465564179478],[-86.135091021987606,39.747456519668624],[-86.135091875469882,39.747454534720006],[-86.135094047326987,39.747448400404728],[-86.135095114567164,39.747435423548197],[-86.135095060276399,39.747427406780133],[-86.135095102263591,39.74741947879123],[-86.135103057495044,39.747414492026422],[-86.135112139199563,39.747405447637682],[-86.135105162231397,39.747327463959572],[-86.135108149579963,39.747299436131712],[-86.135109107058426,39.747270424842263],[-86.13512710991823,39.747228464083882],[-86.135143011898222,39.74716056670043],[-86.135147075327197,39.747149470087642],[-86.135155048104011,39.747132952692802],[-86.135159129226039,39.74712446889216],[-86.13517510054038,39.747052518145729],[-86.135193117211983,39.746998485453155],[-86.135226120250891,39.74695448172713],[-86.13525303445185,39.746892486189658],[-86.135286094432402,39.746828483429439],[-86.135309270713321,39.746797221695218],[-86.135323195499836,39.746778517715981],[-86.135341115856605,39.746738538759153],[-86.135360871248636,39.746699723279249],[-86.135367141163826,39.746687446859731],[-86.13539708343653,39.746660481071089],[-86.135420063267148,39.746614536256217],[-86.135434840056021,39.746579523740202],[-86.135455111178615,39.746531428214794],[-86.135605186879232,39.74636542943496],[-86.135649134095161,39.74633147083496],[-86.135664088227514,39.746308529440014],[-86.135699103710479,39.746277489096094],[-86.135768164935072,39.746228474915874],[-86.135977115022428,39.746115387079442],[-86.136102106590101,39.746082451645457],[-86.136196104849631,39.746077477085194],[-86.136277060867357,39.746065438907827],[-86.136656081807487,39.746052464452717],[-86.136747047730765,39.746040475487455],[-86.13675300638505,39.746039099430398],[-86.136834103339424,39.746019493647267],[-86.136910522216837,39.746005310862799],[-86.136995110007547,39.74598947459949],[-86.137072086084075,39.745986549803071],[-86.137170206081464,39.745965072531092],[-86.137251123797128,39.745947448688163],[-86.137266131174073,39.745946487164169],[-86.137384155830034,39.745922407099563],[-86.137468097201847,39.745896482749558],[-86.13747472045678,39.745893843902977],[-86.137521178320782,39.745875458046378],[-86.137597075791959,39.745855512547131],[-86.137652067286069,39.745832498528898],[-86.137675119647284,39.745825739031503],[-86.13770019026029,39.745818430028756],[-86.137853112324322,39.745760426819018],[-86.137880047924654,39.745744462739488],[-86.137904062110607,39.745737429087015],[-86.137974109131576,39.745706516043597],[-86.138026089522484,39.745693513468147],[-86.138049890966585,39.745683687628052],[-86.138082042679571,39.745670405272712],[-86.138183128532773,39.745632429879443],[-86.138220252965553,39.745614532897228],[-86.138270135759811,39.74559045761724],[-86.138542493008458,39.74551773469679],[-86.138542511964829,39.745517776951914],[-86.138542535219443,39.745517765148506],[-86.138664006889158,39.745787347717375],[-86.138753144412533,39.74586640125392],[-86.139799959712846,39.746803507090327],[-86.14054461575752,39.747267190382203],[-86.14162263275955,39.747962008704597],[-86.142943039316151,39.748910398092633],[-86.143835130186631,39.74967180995715],[-86.144352326878987,39.750444846763514],[-86.144538897457707,39.750965479798928],[-86.144249144576335,39.751504017122031],[-86.144162556434864,39.751593375238663],[-86.144162558366574,39.751593486014734]]]},"properties":{"OBJECTID":40,"JURISDCTN":"IMPD","DISTRICT":"Southeast","POLICEZONE":"SE20","SHAPE.STArea()":146788314.35244817,"SHAPE.STLength()":54210.280784051502}},{"type":"Feature","id":41,"geometry":{"type":"Polygon","coordinates":[[[-86.158769793075194,39.722438635258094],[-86.158861040357763,39.727743368142029],[-86.158766439182315,39.731427086063135],[-86.158927814734142,39.731366646799202],[-86.158964377616016,39.732885963769938],[-86.158980775491926,39.733922294974462],[-86.158995016053694,39.735314142790813],[-86.159009512009519,39.736171998278159],[-86.159027878573738,39.737231091654493],[-86.159027918374164,39.737234717642949],[-86.1591581048351,39.73723147416235],[-86.159958129434912,39.737129526220471],[-86.161273063818072,39.736902506832386],[-86.162373146609767,39.736708459080887],[-86.163144043029632,39.736625531554978],[-86.163730165783548,39.736635454625151],[-86.16421508917081,39.73669049059145],[-86.164737175931293,39.73680148585597],[-86.165508098943619,39.736989512630629],[-86.166008018081442,39.737068437571942],[-86.166947951502522,39.737099433641177],[-86.167933769261936,39.737088156599064],[-86.169070242731706,39.737074737646559],[-86.170333982652807,39.737059388227358],[-86.170347853085403,39.737059146108557],[-86.171146334421138,39.73704091667264],[-86.175112495945811,39.736827157661182],[-86.178163037477958,39.736749896297347],[-86.181091878227789,39.736693928774571],[-86.184340088998525,39.736643478148224],[-86.185586123843564,39.736608458075949],[-86.187078712496458,39.736417586554246],[-86.18852927479827,39.736238535135698],[-86.190577254198701,39.735944467339664],[-86.192352848898835,39.735455030970108],[-86.193040080047638,39.735282407236305],[-86.194663996638084,39.735101421226055],[-86.195820757308397,39.735133846969148],[-86.196610818943512,39.735186279983736],[-86.196691418144141,39.735177770734602],[-86.196703638942964,39.735066702005227],[-86.196458426882984,39.734693587029383],[-86.196224691705368,39.734060536585552],[-86.19627321644812,39.733363824949222],[-86.196312014519648,39.733155740235922],[-86.196060289901439,39.731930233421231],[-86.195897937994843,39.731827020231982],[-86.195869462083834,39.731624440130311],[-86.195947139262501,39.731218666163606],[-86.196065682690545,39.730875078196512],[-86.196277829354045,39.730447900166652],[-86.196327384411745,39.72988632396769],[-86.196103870123807,39.728827013763052],[-86.196218852838456,39.726258828913878],[-86.196351801267483,39.726039919635987],[-86.196362559197055,39.725686426190876],[-86.196293659114716,39.725478833453252],[-86.196272960907905,39.724532947502816],[-86.19625075136338,39.723389555950142],[-86.19627449308598,39.722973630613325],[-86.196130310780433,39.721781338390102],[-86.196117651179506,39.721581238407495],[-86.196163479688892,39.717197351421987],[-86.196719321262137,39.716836211070365],[-86.198313049519399,39.715709530382007],[-86.199129379552545,39.714613848490963],[-86.199650018357701,39.713376829762076],[-86.199881432172518,39.71282698460854],[-86.20018988397203,39.711569937875929],[-86.200882907761127,39.710799784075171],[-86.201439740434068,39.710181244754487],[-86.203802196779662,39.709460680307416],[-86.206569180638922,39.708910111673063],[-86.208154136294638,39.708416813209951],[-86.209386993262669,39.708033236429365],[-86.210640814616582,39.707181130182093],[-86.211225570951854,39.70663241805407],[-86.212165775652835,39.704853855793047],[-86.213313639819631,39.704020406664853],[-86.214661846603079,39.703194922995294],[-86.215579525479995,39.70156193952581],[-86.216457236251401,39.700838861532297],[-86.218041040823564,39.700030753388432],[-86.219565294247829,39.699140891334757],[-86.221123193213543,39.698518858546045],[-86.222195413784405,39.698090957376856],[-86.222744265856619,39.697496717886011],[-86.223160718615304,39.696548623337932],[-86.223586097242702,39.695254576321624],[-86.223458152601879,39.694237025941334],[-86.223309334385874,39.693053827631815],[-86.222623488040782,39.692288934641162],[-86.222579471739252,39.692183346710515],[-86.222019378849225,39.690821552195011],[-86.222258482889046,39.689792292828905],[-86.223175962513366,39.687811966168667],[-86.223682407160425,39.686718964383608],[-86.224522707575673,39.685768486360921],[-86.224915617547609,39.684838341413041],[-86.224643798724955,39.68032670492898],[-86.224655911372906,39.678906978706458],[-86.224112014241157,39.6771625441461],[-86.224062949931835,39.675713256476193],[-86.224034762014981,39.674879159397108],[-86.224792928374058,39.673983635056594],[-86.225228839530544,39.672639425728377],[-86.230566969093829,39.671617422587779],[-86.231802030117152,39.671456653026105],[-86.232775538161988,39.670996875236376],[-86.234635603299537,39.669522826746864],[-86.236897371313731,39.666791136896414],[-86.236157931701996,39.665638987732365],[-86.235923757785727,39.664366309577282],[-86.236214971678336,39.663005687582746],[-86.236479373402688,39.661770290859806],[-86.234845790635475,39.657810966869143],[-86.235004740071091,39.656863398280379],[-86.235328445106845,39.654933226962548],[-86.237412475581337,39.652120374993679],[-86.238543132994039,39.650768233517574],[-86.238951689404843,39.648928228216761],[-86.239208466643845,39.644377275589534],[-86.239295192463729,39.643476038421298],[-86.239094901701932,39.642030239248513],[-86.238678659307951,39.641504500893824],[-86.238638937157091,39.640366758817173],[-86.238524638648641,39.63709214625807],[-86.23748786013762,39.635522799834781],[-86.23463024893482,39.633966478592086],[-86.224469044669092,39.634071651997829],[-86.215004695214844,39.63420971119195],[-86.20566551642294,39.634282932771747],[-86.205639650351117,39.63431702627269],[-86.201498614758663,39.634343029295934],[-86.201331884137446,39.634340365160647],[-86.198615761269153,39.6343847493903],[-86.196436442132892,39.634407749068181],[-86.191183620583146,39.634492326577231],[-86.189624268773386,39.634524065107378],[-86.186396826088213,39.634572866603101],[-86.185439051280298,39.634587099696262],[-86.184194600125466,39.634605690938827],[-86.183581749547614,39.634614939843473],[-86.181546370820541,39.634666531907833],[-86.180161563533204,39.634693251641309],[-86.17898087708403,39.634715279980362],[-86.177448507840168,39.63474364757009],[-86.174706833753362,39.634795821137395],[-86.174618969405856,39.634797578045692],[-86.173159932812879,39.634825225211294],[-86.171054440729861,39.634864929200575],[-86.168894306103951,39.634905515819263],[-86.168149501208546,39.634919371737119],[-86.167832322635547,39.6349255449149],[-86.166242326567811,39.634957444961096],[-86.165831902392341,39.634965729488833],[-86.165667875886683,39.634968836378825],[-86.16255094494133,39.635030913611438],[-86.161588423435447,39.63505011782982],[-86.160036469522538,39.635080741349903],[-86.158397313778394,39.635112742804218],[-86.158416625462635,39.636335707929931],[-86.158455688485986,39.636931966558024],[-86.158460756007955,39.637553420219497],[-86.158456126328858,39.63867799732958],[-86.15845288381901,39.639340322824545],[-86.15845139982801,39.639976903299733],[-86.158447375854564,39.64108500538191],[-86.158437994565077,39.64348926978073],[-86.158433254259478,39.64466086001071],[-86.158428673617223,39.646058596829192],[-86.158422908111532,39.648221253986918],[-86.15841874082281,39.648745286358839],[-86.158415585394536,39.649584340885418],[-86.158405649435366,39.651542145206093],[-86.158392773786034,39.653115959598296],[-86.158421279385209,39.653340611667332],[-86.158424494910577,39.656574592372387],[-86.158422335988163,39.657084545699846],[-86.158428390915972,39.658111271615198],[-86.158429764869155,39.658344276133136],[-86.158432430120669,39.658798615160016],[-86.158457745221511,39.659175646904217],[-86.158457388287914,39.659524647751631],[-86.1584569277273,39.660054840393549],[-86.158458525164619,39.660640273910211],[-86.15844539838254,39.66123126036122],[-86.158451933838606,39.662333479886229],[-86.158454695717012,39.662816988144954],[-86.158462712004592,39.664314447295141],[-86.158471458352125,39.665878294164102],[-86.158477977157432,39.667079687583644],[-86.158479659512395,39.667324701212962],[-86.158483469596092,39.66807347027477],[-86.158495368054886,39.67038566525693],[-86.158503182931497,39.67162857519714],[-86.158519056648288,39.673491206203472],[-86.158522050369655,39.674054326752888],[-86.158526877775842,39.674742694567762],[-86.158536765401834,39.676066238463392],[-86.15854668043113,39.677370221566804],[-86.158558079774664,39.678930344627538],[-86.158550624192969,39.681141280239416],[-86.158543485090647,39.683534962519211],[-86.158534039201456,39.686248179754955],[-86.158555649344152,39.686314456665244],[-86.158647676018745,39.686728779965655],[-86.158771369360224,39.687283291473349],[-86.158868554623808,39.687710214068225],[-86.158916026821515,39.687918751933175],[-86.15893964719649,39.688036175959404],[-86.158952950780517,39.688228502966091],[-86.158944007155412,39.688365942411096],[-86.158850850574254,39.688908342436541],[-86.158744191091486,39.689524606786129],[-86.15861147566325,39.690311655318233],[-86.158577883781632,39.69065073076235],[-86.15856797740355,39.690945711544188],[-86.15854731543017,39.691311404361869],[-86.158549386894521,39.691501432583109],[-86.158545720707153,39.691820339887364],[-86.158524350666497,39.692145940448263],[-86.158490675929997,39.692424719301769],[-86.158450604795888,39.692649908843222],[-86.158413581573512,39.692839689170846],[-86.158397026146048,39.69294730367281],[-86.15840236903577,39.693054559735209],[-86.158408797728882,39.693148885370789],[-86.158380444991536,39.693349213882755],[-86.158323882892589,39.693694880334654],[-86.158284887074302,39.693840256739797],[-86.15822847330702,39.694006260645942],[-86.158167131312908,39.694186767599611],[-86.158189495596829,39.694391609078401],[-86.158202708791507,39.694529865134221],[-86.158219812023347,39.69473887654901],[-86.158228447749963,39.694864767463528],[-86.158256362523389,39.695702591287905],[-86.15828058606877,39.697175831269156],[-86.158302051215287,39.698481303658973],[-86.158323676446415,39.699796369230157],[-86.158377342396975,39.702898940336659],[-86.158394443101386,39.703874549485946],[-86.158411802410555,39.704864817902546],[-86.158422231114031,39.705459699186235],[-86.158462782061719,39.707772860430033],[-86.158492049315043,39.709293798054112],[-86.15851287438332,39.710523804359454],[-86.158527070542803,39.711366263966724],[-86.158556121938801,39.713073674714749],[-86.158595856430864,39.715101503692757],[-86.15865270463496,39.717502973774437],[-86.158733177991479,39.720926834644608],[-86.158769793075194,39.722438635258094]]]},"properties":{"OBJECTID":41,"JURISDCTN":"IMPD","DISTRICT":"Southwest","POLICEZONE":"SW50","SHAPE.STArea()":648215386.12425804,"SHAPE.STLength()":113567.39144913183}},{"type":"Feature","id":42,"geometry":{"type":"Polygon","coordinates":[[[-85.938284824746944,39.913027512906901],[-85.938110632651629,39.913024490168539],[-85.938052223672642,39.925547607370987],[-85.938050654811548,39.926744523066212],[-85.93805000613456,39.926975465436641],[-85.938049756556609,39.927519017707887],[-85.945294067683591,39.927409529303937],[-85.948427264981134,39.927360436670206],[-85.952902031764324,39.927321680500569],[-85.957465138329951,39.927278757263629],[-85.961880169228806,39.927252845059598],[-85.969504809034419,39.927203326831098],[-85.97753603847103,39.927142611426291],[-85.991653484863932,39.927030124150647],[-85.996921306391201,39.927019358570085],[-86.013692575147147,39.927189992913561],[-86.013744458378724,39.927347001625435],[-86.029510106970321,39.927118356940198],[-86.029621909323353,39.927117892640339],[-86.031049909535739,39.927095911347223],[-86.034958869740024,39.927063658518691],[-86.041593040871305,39.927050288268411],[-86.05066933569465,39.927034997132019],[-86.057873030614431,39.927007484783168],[-86.069556746461956,39.926971938165117],[-86.076101381622081,39.926952100417786],[-86.074872185035446,39.924664188770677],[-86.073704122354897,39.922685571347508],[-86.073957084241869,39.921441790119729],[-86.074809249533672,39.920276199644377],[-86.076287678639545,39.919368841835094],[-86.079560302118963,39.918134588183321],[-86.08179673874308,39.917765952454438],[-86.084216873147128,39.917636816136948],[-86.085829091410687,39.917350645156901],[-86.087726997236118,39.916962871509547],[-86.089360636366692,39.915934681228926],[-86.090006200720666,39.915020914367823],[-86.090068896746217,39.914930753765489],[-86.090132100372642,39.914842706021695],[-86.090768896330573,39.912141151022396],[-86.091068148971559,39.910015264362251],[-86.091814365858866,39.908629629988511],[-86.092540059723177,39.908125623823892],[-86.093372770005701,39.908102659041795],[-86.094414725253685,39.908239169255872],[-86.095460058430206,39.908916808245991],[-86.096011997737122,39.909776762211024],[-86.09579584282271,39.910314593200646],[-86.095140554456734,39.911944583559396],[-86.095566147815532,39.913406206714924],[-86.09671643055276,39.914203889625185],[-86.098201734228184,39.914458823302162],[-86.100178595632698,39.914231147619361],[-86.101814518746309,39.913603572791914],[-86.103500016835284,39.912594891325675],[-86.104921412790574,39.910183009071908],[-86.105580622997522,39.908237593344047],[-86.106303465775596,39.907312808397883],[-86.108199175814249,39.906644010118811],[-86.10918559303974,39.906509851726817],[-86.111683727725321,39.906169837185985],[-86.112508673596508,39.905924747668642],[-86.113735911401022,39.905560400225582],[-86.114512126034626,39.904856002731329],[-86.117096348558448,39.898070808129198],[-86.117084687170333,39.898031045106677],[-86.116863662329934,39.89727731509663],[-86.116351028877617,39.895528199655018],[-86.116352374191209,39.895459055166526],[-86.116372067031406,39.895026032655437],[-86.116375203980851,39.894956936153704],[-86.116394752249107,39.894525627220744],[-86.117010421827402,39.893621490302898],[-86.117556335199851,39.892817423558363],[-86.118346334430683,39.892484580266043],[-86.120099446855178,39.891745108501013],[-86.122026022877961,39.891593093012787],[-86.126702841343473,39.893037747214684],[-86.127421602354218,39.893259748514595],[-86.132502382100583,39.894221551680175],[-86.13432376529164,39.894194319413998],[-86.135723321671477,39.893366818448968],[-86.13683375469644,39.892119767765791],[-86.137527534322757,39.890833908472857],[-86.137525687318103,39.890764752362877],[-86.137437405289631,39.888870039076771],[-86.137435558453788,39.888800883841746],[-86.134261271218648,39.883972531646158],[-86.13418264529443,39.883304077642791],[-86.134176764254931,39.883254081234433],[-86.131793534550184,39.883263735412996],[-86.130210345963064,39.883262557750534],[-86.128596171045658,39.883255859953699],[-86.126843777072168,39.883248237214652],[-86.124498124982964,39.88324730049731],[-86.122085766476928,39.883246288277419],[-86.120412569392599,39.883245557228804],[-86.117344641844525,39.883244152377145],[-86.115899471700416,39.883250382255731],[-86.11452063070864,39.883252306650505],[-86.111978468860443,39.883257444162496],[-86.109454362479951,39.883263582850731],[-86.107909775789494,39.883280316107943],[-86.105363570509098,39.883285460908844],[-86.101970906820952,39.883236879964272],[-86.098331836707544,39.883230445869245],[-86.093636127731031,39.883199061095965],[-86.089800275527352,39.883172515993806],[-86.076069358271965,39.883294413551418],[-86.074700599425327,39.883313246882878],[-86.072047609954382,39.883348435098618],[-86.069729562136203,39.883380764407825],[-86.066857464256088,39.883386024804004],[-86.065243805356687,39.883388948819018],[-86.062610571378301,39.883393698135258],[-86.05968451729899,39.883398366143574],[-86.057033377954355,39.883412247991657],[-86.053385683448226,39.88343109680207],[-86.050766367511059,39.883445198528044],[-86.048723830140844,39.883445236722885],[-86.047440746313328,39.883445242045006],[-86.047440488727901,39.883432068868458],[-86.04735496339498,39.877510443924827],[-86.047346863330418,39.876045424250307],[-86.047308787094508,39.874796658828458],[-86.047301452132686,39.873469735107143],[-86.047280955522055,39.872581168076493],[-86.047276707801629,39.871812632549954],[-86.04725634606983,39.870948081993681],[-86.047250373496169,39.869867329472548],[-86.047211109006724,39.868402411006421],[-86.04720362682562,39.867563115614004],[-86.043087407101964,39.867304806295188],[-86.042815106849261,39.867330433674518],[-86.042517315462945,39.867395664295287],[-86.042173416390426,39.867527462231322],[-86.041146071140574,39.868048423096319],[-86.039911056519813,39.868674668363333],[-86.03933245443703,39.868990446374703],[-86.038988006357286,39.869257447452135],[-86.038858630221171,39.869474079489358],[-86.038789950558126,39.869612747674736],[-86.03875471221113,39.869713857912394],[-86.038715057183325,39.869792568306742],[-86.038565971403145,39.870120757676169],[-86.038532702117536,39.870258470031288],[-86.038530286509427,39.870398826893272],[-86.038550649828082,39.870509943526457],[-86.038727297443316,39.870945526737309],[-86.039220247156138,39.872130570106968],[-86.039255004937189,39.872268063200785],[-86.039268689337476,39.872379544277869],[-86.039267944842095,39.872519552579732],[-86.039258043862262,39.872603315748059],[-86.039233813277576,39.872713888247908],[-86.039197155980162,39.872822099476203],[-86.039148402025063,39.872927605207579],[-86.039070984732859,39.873054477591161],[-86.038205615120305,39.874161521998722],[-86.038059077352912,39.874324302173001],[-86.037915920469047,39.874453444062389],[-86.037864811418089,39.874494098890757],[-86.036084281460347,39.875550863619623],[-86.03595413181425,39.875646332569936],[-86.035857592647574,39.875728653650611],[-86.035768314093417,39.875815411643543],[-86.035648694122543,39.875953740960334],[-86.03554732250447,39.876100590059579],[-86.035484693917311,39.876215401677946],[-86.035435126672184,39.876326398844171],[-86.033986828149565,39.876287756246406],[-86.033041027232628,39.876290747657528],[-86.033040576234498,39.876205990101617],[-86.027180872390858,39.876221263943521],[-86.023684002244963,39.876235167788757],[-86.022838999649423,39.876244285619485],[-86.02148133706622,39.876258399139196],[-86.021236966099806,39.877345570511011],[-86.020947672242301,39.878586613067618],[-86.020255997136644,39.878915748330449],[-86.019970101994645,39.879022998097035],[-86.018353286745409,39.879442784639728],[-86.017433326423969,39.879663815314522],[-86.01627023854256,39.87996381172421],[-86.016270065683557,39.876903567092533],[-86.016151309676118,39.876979075673653],[-86.015908400432636,39.877065253546988],[-86.015740423015657,39.877041052138509],[-86.014079492081578,39.876095158705269],[-86.013538388014922,39.87618943065025],[-86.013237967745027,39.876286410891275],[-86.013080251515333,39.876541846284873],[-86.013183321585359,39.876822238273313],[-86.013602838825449,39.877036827959813],[-86.013759289697887,39.877380885436793],[-86.013449090332372,39.878090769977554],[-86.013042777630133,39.878499306725097],[-86.010389666629891,39.879544210211421],[-86.00909648144652,39.879315721200854],[-86.006180546482582,39.879006189002787],[-86.005379924832354,39.878786853383588],[-86.004153121634488,39.879316827461345],[-86.00376573477304,39.879475803846745],[-86.003704601741418,39.879645842622097],[-86.00373981290862,39.879810110946188],[-86.004002665018405,39.880084899204405],[-86.004231396894014,39.880428760958068],[-86.004239443006057,39.880662081158185],[-86.003972000401703,39.880848505392912],[-86.003579896596491,39.880876068784964],[-86.003346053459055,39.880898023352408],[-86.003140567742761,39.881094560410887],[-86.002915775604734,39.881556409952132],[-86.00294602427995,39.882118408810051],[-86.003238897882994,39.882519392158649],[-86.004009868078171,39.882963595105288],[-86.004556333181796,39.883539530894232],[-86.004861764259729,39.884079451508676],[-86.004725403180316,39.884339615336124],[-86.004388789250754,39.884457268180938],[-86.004044984723905,39.88451660487511],[-86.003496543266763,39.884936846165445],[-86.00317533857293,39.885383192621163],[-86.002660540948966,39.885660237319954],[-86.002330434082765,39.885698595987222],[-86.001855270496904,39.885620358612471],[-86.001559671438415,39.885690187268004],[-86.001306030016735,39.885892349531865],[-86.001123915396263,39.886640263820745],[-86.001201542055,39.887042901972364],[-86.001411794033572,39.887821595600983],[-86.00131142395017,39.888410393118022],[-86.000644316314109,39.889917729237986],[-85.998910184505178,39.892723868773956],[-85.998671243960231,39.89329041324013],[-85.998324665488781,39.894101932181236],[-85.997653423200859,39.895387927097161],[-85.997222466287695,39.896213410278094],[-85.996784036170382,39.896922582432452],[-85.996216110610632,39.897757716608758],[-85.995934555180639,39.898225889454288],[-85.9957681438745,39.898468285369518],[-85.994612141054219,39.899943684107114],[-85.99442558415285,39.899852246608155],[-85.994274599469492,39.899745953661053],[-85.994110449462454,39.899599890180625],[-85.993914784646222,39.89936092192842],[-85.993461670823123,39.898772321099194],[-85.993327994234107,39.898639211310062],[-85.993130587701017,39.898490152605611],[-85.993033517893068,39.898431059500261],[-85.992817332498007,39.898326319803203],[-85.99258332778318,39.898244964165421],[-85.992337132666535,39.898188693337644],[-85.992083380427914,39.898158865051926],[-85.991936946232471,39.898153784510143],[-85.990574485617657,39.898164804065793],[-85.989460175008929,39.898175118083991],[-85.985659480070154,39.89820793863386],[-85.982129586447087,39.898225143645654],[-85.976149763358634,39.898253265991265],[-85.976142803286891,39.901076059034907],[-85.976101835812585,39.901241911086032],[-85.976035984434773,39.901373171086355],[-85.975921626367736,39.901517257957636],[-85.975825883921928,39.901602614186757],[-85.975628949900951,39.901725644509213],[-85.975435312351905,39.901801654710304],[-85.975226282566837,39.901848192616306],[-85.974863241956314,39.90186563021954],[-85.973142782263935,39.90189283688543],[-85.972480001912984,39.901898018075443],[-85.967221037314488,39.901929267650033],[-85.962843217691031,39.901953913875069],[-85.962504794913698,39.901959581826496],[-85.96124975897952,39.90206572245193],[-85.959999121416445,39.902198604281494],[-85.95864182431211,39.902370518366126],[-85.957164674682886,39.902544087665447],[-85.957145515621065,39.905682952372331],[-85.95713756940188,39.907006169044124],[-85.957139042995777,39.910335428236493],[-85.957137583570955,39.912825000705759],[-85.95445291334336,39.912864293896085],[-85.951333523981972,39.912912828567514],[-85.949373547981679,39.912943016696559],[-85.94541423995588,39.912996867395009],[-85.938284824746944,39.913027512906901]]]},"properties":{"OBJECTID":42,"JURISDCTN":"IMPD","DISTRICT":"North","POLICEZONE":"ND60","SHAPE.STArea()":660458961.88961685,"SHAPE.STLength()":155924.21438115649}},{"type":"Feature","id":43,"geometry":{"type":"MultiPolygon","coordinates":[[[[-86.092076440210064,39.821946065692899],[-86.092073107860912,39.821899484279058],[-86.092072074545186,39.821872463364748],[-86.092072115043592,39.821816522395949],[-86.092075050777936,39.821761471484635],[-86.09207904151549,39.821705516031159],[-86.092082055385845,39.821678480276816],[-86.092086121369064,39.821650449923922],[-86.092095127827662,39.821595466818863],[-86.092106062667312,39.821540476641701],[-86.092112062524521,39.821513520004224],[-86.092119122379742,39.821486469412129],[-86.092134108683481,39.821432545183157],[-86.092143095745257,39.821405487522149],[-86.092162129184402,39.821351549348336],[-86.0921720847779,39.821325478873668],[-86.092194112052269,39.821272519554583],[-86.092218070904323,39.821220454720525],[-86.092231110561457,39.821194462996075],[-86.092258056515135,39.82114247726431],[-86.092287134588602,39.821092465186169],[-86.092319103995436,39.821042532560639],[-86.092335039344647,39.821017520941488],[-86.092352138295951,39.820993496692466],[-86.092387099760032,39.820944453743458],[-86.092425060553964,39.820897472227266],[-86.092444086035002,39.82087353006154],[-86.092464177615383,39.820850485554359],[-86.092505137121691,39.820805474488239],[-86.092526095876522,39.820782516854784],[-86.092569084399059,39.820738489059238],[-86.092633094457952,39.820681502641115],[-86.092629117621655,39.820115531287584],[-86.092597074111254,39.818280497386212],[-86.093129058816331,39.818274489361315],[-86.093766083858853,39.818272416427213],[-86.094909120835879,39.818255501982939],[-86.095188112903145,39.818251498806831],[-86.096675107134374,39.818250501707261],[-86.09790509215361,39.818225487885563],[-86.099036044254802,39.818217495271924],[-86.10015407236321,39.81820746837041],[-86.101403112134491,39.81819450807442],[-86.102673070850472,39.818183527275586],[-86.104292132701786,39.818179503482817],[-86.105717111522111,39.818168535042297],[-86.107042125398053,39.818164504370394],[-86.107571146782703,39.818162495308165],[-86.108388040804968,39.818159478322549],[-86.109530101863044,39.818156476767868],[-86.109898135975229,39.818155521786473],[-86.112170117603412,39.818149522520883],[-86.113394059274384,39.81814445633313],[-86.113752073264223,39.818143527705551],[-86.115052126698359,39.818138510993805],[-86.115880094141019,39.818134497792357],[-86.116012954289459,39.818134433673087],[-86.116707104331169,39.81813147313607],[-86.118365941560668,39.818125477454366],[-86.118941207584186,39.818123506711508],[-86.119643179844985,39.818123471240092],[-86.119711964106557,39.818122481245105],[-86.120078076983219,39.818122493115446],[-86.12040824001717,39.818120481905545],[-86.120470190075949,39.818120509828091],[-86.121666099595217,39.818116456754012],[-86.12167111011685,39.81811643710536],[-86.122866993764035,39.818108497959102],[-86.124059022778837,39.81810056258287],[-86.125717144155502,39.818088519277417],[-86.126409070548831,39.818084517852334],[-86.126945109534603,39.818080501233666],[-86.128172014002473,39.818072474413533],[-86.128173106002052,39.818120484052677],[-86.128174102231256,39.818168494072353],[-86.128198276799665,39.819852480726453],[-86.128225241433469,39.821679506007612],[-86.128241078089431,39.822822492733415],[-86.128247265829145,39.823185498516501],[-86.128263094071684,39.824269481042961],[-86.128280019091861,39.825344451380431],[-86.128279995324377,39.825398500800397],[-86.12828002148261,39.825445522978576],[-86.128279973579225,39.826489482045083],[-86.12847010458124,39.826506562324901],[-86.129216996761897,39.826969141581344],[-86.129223972148083,39.826963462056995],[-86.129464529797502,39.826798131059832],[-86.129637926566716,39.826730523863475],[-86.129789458960929,39.826646189044723],[-86.130006189395942,39.8265615936741],[-86.130212239553444,39.826502090953639],[-86.130385069640184,39.826350412597996],[-86.130428068078231,39.826283324422562],[-86.130438352015503,39.826199554163367],[-86.130470331531114,39.826107116474795],[-86.130578244926653,39.825997904595937],[-86.130664350052626,39.825871965190458],[-86.130706953182397,39.825746200617125],[-86.130782094852677,39.825611726068693],[-86.130874776792226,39.82543806060729],[-86.131033620052563,39.825159468601889],[-86.131133360683307,39.82496861777053],[-86.13116602207306,39.824812695079501],[-86.131310538406908,39.82460450611503],[-86.131410569954127,39.824456892428024],[-86.131431526745502,39.824231697207757],[-86.131576625045852,39.824109981794166],[-86.131687832961148,39.823953743270771],[-86.13187758516132,39.823788610829745],[-86.132112581704376,39.823683692052441],[-86.132392522719144,39.82357859329877],[-86.132739421680668,39.823412827641647],[-86.133030425513837,39.823281945298831],[-86.133265944265773,39.823254918519645],[-86.133512404764005,39.823176030664982],[-86.13369085704295,39.823002361811689],[-86.133936379160517,39.822793420662407],[-86.1341373010751,39.822619660619893],[-86.134349343002526,39.822436934244102],[-86.134494255512351,39.822289135140799],[-86.134828671187876,39.821941541688609],[-86.135096191494966,39.821663534902832],[-86.135296754064711,39.821437614539391],[-86.135374063467822,39.821255430374705],[-86.135552152772448,39.82102994259585],[-86.135629519367711,39.820856336924727],[-86.135874849510444,39.82061307587206],[-86.136053374454349,39.820452099818212],[-86.136322122155335,39.820355958903377],[-86.136669759865953,39.820302391453161],[-86.136972454039395,39.820249347401919],[-86.137184776048656,39.820109851448422],[-86.137385624613842,39.819927507119985],[-86.137597414266381,39.819710116092843],[-86.137731018447255,39.819553780791644],[-86.137830789957803,39.819371502848419],[-86.137930679116735,39.819198146400673],[-86.138008097485212,39.819033460957066],[-86.138062860773005,39.818833863757007],[-86.138095092214385,39.818617544315821],[-86.138116148906548,39.818418428982341],[-86.138114669371689,39.818201902434879],[-86.138092615037095,39.817880125781585],[-86.138089769937537,39.81783860100861],[-86.138133208544886,39.817626353862323],[-86.13820973705873,39.817331614681216],[-86.138387687417648,39.817088623821391],[-86.138666644883386,39.816844876874811],[-86.138934900442422,39.816679413380754],[-86.139214566393051,39.816539639527484],[-86.139471762743398,39.816400299718381],[-86.139762603033233,39.816251900095367],[-86.14003115026172,39.816129670584097],[-86.14031045607409,39.81593807892623],[-86.140500045465259,39.815755431916571],[-86.140678166898141,39.815547094706481],[-86.140872378467208,39.815389821778034],[-86.141079935420237,39.81520778758933],[-86.141348178805032,39.815042317640149],[-86.141795720991112,39.81483253302374],[-86.14210923570451,39.814723154492803],[-86.142344240633903,39.814618214877534],[-86.142601717402258,39.8145135257692],[-86.142836545241096,39.814391428055039],[-86.143093661465045,39.814234579538379],[-86.143215946014209,39.814069362223769],[-86.143259512692964,39.813870152477392],[-86.143358724564422,39.813609975399146],[-86.1433563944626,39.81327266204184],[-86.143354898761771,39.81305613636664],[-86.143251384013382,39.812693158718865],[-86.14309157469819,39.812312912022797],[-86.14290946678625,39.811941334619412],[-86.14231657234356,39.810525636708412],[-86.141639989005796,39.810604790774505],[-86.140222252051274,39.810678946659749],[-86.133878193478836,39.810708756374595],[-86.132613848707123,39.810721840191228],[-86.131504240835255,39.810729669088779],[-86.131146344882637,39.810732644246045],[-86.129944631792199,39.810733790821232],[-86.12876114253713,39.810736603287218],[-86.128157618139525,39.810737905485219],[-86.127571768776804,39.810739136138338],[-86.126346744516482,39.810743024755013],[-86.125192595541108,39.810744165145756],[-86.124187467107816,39.810747160900235],[-86.124003958062559,39.810746657614118],[-86.122816009534503,39.81074968550935],[-86.122605123429352,39.81075500060949],[-86.121607636544539,39.810753301012518],[-86.121130491982129,39.810755361749841],[-86.120976456081223,39.810741713582757],[-86.120482900791984,39.810758156632403],[-86.119301423641843,39.810759514629289],[-86.118121604691055,39.810760860448724],[-86.116836212949394,39.810754962582372],[-86.113706735493153,39.810758324212998],[-86.112084068688603,39.810761319349822],[-86.111975350150828,39.810761479043109],[-86.110870198519606,39.810763098623333],[-86.109705324923937,39.810765103248016],[-86.108518050707602,39.810764950509594],[-86.10735535778899,39.810765379481289],[-86.105803039771885,39.810768179896058],[-86.104807422276991,39.810768662441241],[-86.104193558417904,39.810768232597638],[-86.102575355226179,39.810770473571054],[-86.102574383572488,39.810770474519266],[-86.100953920772142,39.810786507812779],[-86.099350680164733,39.810804307845373],[-86.097804766319257,39.810817943991481],[-86.096624543255771,39.810831421877957],[-86.096444491239623,39.810833218359683],[-86.095908743263806,39.810837769306978],[-86.095433067772703,39.81084271187872],[-86.095084808898889,39.810843995536352],[-86.094253076629528,39.810854380550261],[-86.09373705198135,39.810861327445572],[-86.09306994944167,39.810870223375204],[-86.092337419692683,39.810878381878716],[-86.091190586935056,39.810894875791327],[-86.090339703014791,39.810903016908576],[-86.089445844974676,39.810912865641434],[-86.089029345282171,39.810917818523286],[-86.08797833274447,39.810931781951318],[-86.08732002386455,39.810940676842449],[-86.087226895176912,39.810938801462832],[-86.087164889252918,39.810936027837165],[-86.087102996208188,39.810932036957254],[-86.08702585518904,39.810925302887064],[-86.086953993588338,39.810916376313934],[-86.086879230058301,39.810904412320888],[-86.086750244316136,39.81087755828753],[-86.086554039528679,39.810820099249376],[-86.086330282292778,39.810740261381412],[-86.085707147427129,39.81051737974834],[-86.085187405945163,39.810309800827746],[-86.08502805222659,39.810247540777929],[-86.08489990954773,39.810198761006824],[-86.084803403571513,39.810162807094876],[-86.084674207476567,39.810115707926762],[-86.084544426489757,39.810069577145072],[-86.084414073469176,39.810024417403682],[-86.084283160115831,39.80998023316193],[-86.084151696957434,39.80993702798277],[-86.084019699198251,39.809894806313054],[-86.08388717619799,39.809853571720055],[-86.083754143160675,39.809813328650719],[-86.083620611781413,39.809774080663949],[-86.083496763385639,39.809737773570802],[-86.083490801173483,39.810022543503685],[-86.083508804178962,39.810946703152553],[-86.083522822727275,39.811658722052698],[-86.083530500255691,39.812393597556536],[-86.083531300213309,39.812526027226617],[-86.083528520427578,39.812693038558749],[-86.08352459287147,39.812879043839061],[-86.083524036244683,39.812995897597112],[-86.083553007926326,39.814671562823364],[-86.083577909504143,39.816150190841384],[-86.083586379772115,39.816552489839601],[-86.083612815986271,39.818369435658482],[-86.083641358512295,39.8201772531093],[-86.083671549293058,39.822039462040735],[-86.085054900389338,39.822029982162128],[-86.085755852094778,39.822021820503508],[-86.086417533101368,39.82201547194073],[-86.087096491842914,39.822008558025225],[-86.087780120039724,39.82200198345835],[-86.0884610466032,39.821991049121074],[-86.088999441616892,39.821986222871047],[-86.090222431762484,39.821972986784836],[-86.090968021640762,39.821961609817961],[-86.092076440210064,39.821946065692899]]],[[[-86.092473907229632,39.825466498632949],[-86.092496707340544,39.825741962267031],[-86.092519055983203,39.827246356540726],[-86.092558529961991,39.829394690693931],[-86.09258610752812,39.831514830747984],[-86.09260246074831,39.832991938954983],[-86.094092981209158,39.832977232550434],[-86.094101659377642,39.833937024563767],[-86.0941060966354,39.834037516839544],[-86.09411083651645,39.834094855031182],[-86.094118675720679,39.834180828556683],[-86.094132631405841,39.83430874092199],[-86.094139375485526,39.834371827915739],[-86.094145005033369,39.834413804576926],[-86.094155331572381,39.834476602763026],[-86.09420256182473,39.834701732551324],[-86.094275971448468,39.835051653798217],[-86.094368891720109,39.835497576743528],[-86.094397443033387,39.83562183615593],[-86.09443726504,39.835808830778902],[-86.094436204557056,39.835879877824752],[-86.094432793771247,39.835936659700174],[-86.094427156739386,39.835993336298841],[-86.094403370518322,39.836134225907699],[-86.094369783207142,39.836259452044686],[-86.094356716886935,39.836300866234033],[-86.094336833243702,39.836355603059822],[-86.094308909220032,39.83642331396355],[-86.09427781744823,39.836490199812303],[-86.094249332281251,39.836542610368248],[-86.094205444217906,39.836620077605417],[-86.094119015380059,39.836744191506597],[-86.094065543736292,39.836817932796592],[-86.093996764353363,39.836917226640253],[-86.093954717536306,39.836979695328523],[-86.093913389490083,39.837042407237149],[-86.09382132993305,39.837209960288085],[-86.093802361456724,39.837264302754122],[-86.093789112394489,39.837321188370012],[-86.093781666567168,39.837364158869917],[-86.093776726911571,39.837407342608238],[-86.093773494382972,39.83746508571064],[-86.093774510857173,39.837523370684949],[-86.093824866362084,39.837791912143693],[-86.093857185214986,39.838117886407609],[-86.093878271344124,39.840196120597888],[-86.094639769416588,39.84020446600961],[-86.09542511534282,39.840195389389208],[-86.096224560415905,39.840153998638847],[-86.097401800781313,39.840060584429096],[-86.097869771210796,39.840040486722998],[-86.098234014115363,39.840041192141229],[-86.098406858308749,39.840043981485387],[-86.098843914214413,39.840067403603264],[-86.099176858673232,39.840099105737359],[-86.100318720728794,39.840189553986995],[-86.10087465276581,39.840216300543581],[-86.101368015925132,39.840230237193794],[-86.102824486229565,39.840240898917557],[-86.106252736382672,39.840209429081483],[-86.107623915500753,39.84020456855113],[-86.10765582853449,39.840130669751879],[-86.107790303840375,39.840129530735588],[-86.108944892338542,39.838844694263507],[-86.109076787530171,39.838518880941102],[-86.109222464602979,39.838259928387259],[-86.109248852292112,39.838192569259306],[-86.109354987505967,39.83803225388133],[-86.109568239503872,39.837855744366131],[-86.109768658822063,39.837777769985117],[-86.110155728517483,39.837548778904825],[-86.110356066471709,39.83744986953382],[-86.110609664698927,39.83730957826549],[-86.110796591809489,39.837210721250727],[-86.11119723248386,39.837007753646915],[-86.111410920742102,39.836908793096768],[-86.111766842154282,39.836726242019616],[-86.112241139580561,39.836496908371657],[-86.112309999123212,39.836467475666645],[-86.112852512468152,39.836092724476515],[-86.11335969641631,39.83579634443084],[-86.113413043804428,39.835760108584729],[-86.113706452123566,39.835557545167021],[-86.114054030674041,39.835437473510545],[-86.114672994767844,39.835279979558919],[-86.116328838295857,39.835036109896734],[-86.117379932001739,39.835013500836503],[-86.117534366948163,39.835010840931361],[-86.118218473481178,39.835142355016615],[-86.11852733826673,39.835254736034514],[-86.118996571661995,39.835309872221742],[-86.119505350815643,39.835176802035008],[-86.119972069084227,39.834934083298251],[-86.120332681581829,39.834767615916114],[-86.120468033082517,39.834604431735812],[-86.120799086948992,39.834393810547901],[-86.121043482787243,39.834229547611734],[-86.121043473731319,39.834229414347931],[-86.121038000995497,39.832872443605531],[-86.121002910046244,39.830559190035466],[-86.121308925205739,39.830481151387367],[-86.121303725490023,39.830057786862959],[-86.12166298489457,39.829958819576852],[-86.121797095674097,39.829823531492536],[-86.121796035565922,39.829823445584069],[-86.121385969983223,39.829933511445333],[-86.120407184473734,39.830191465245782],[-86.119039139865208,39.830560467063208],[-86.117667136212333,39.830930459779601],[-86.11719698752151,39.831064526609062],[-86.117068176629388,39.831142497088088],[-86.116039268643405,39.831758502962074],[-86.115577018828233,39.832041527969899],[-86.114135267304746,39.832882516974578],[-86.114135177940526,39.832883508057492],[-86.114031203200284,39.832943543368145],[-86.113473189762743,39.833277464944466],[-86.113014188635631,39.833544522611],[-86.112961304240415,39.833577515889466],[-86.112929260351407,39.833599529060919],[-86.112922064652949,39.833604511330606],[-86.112240193059719,39.833324454700318],[-86.112202038393633,39.833310548959467],[-86.112172189660768,39.833299493459144],[-86.112143028377773,39.833290506855043],[-86.112113095506388,39.833281434039634],[-86.112083266579532,39.83327344072211],[-86.112052282885529,39.833265542797768],[-86.112011268374786,39.833256511596787],[-86.111980295742029,39.833250505020075],[-86.11194894400208,39.833245490628386],[-86.111895994430853,39.833238577637829],[-86.111843056498614,39.833233465920706],[-86.109202188649434,39.833032506896906],[-86.107543998706831,39.832894509072041],[-86.107439247444262,39.832894456753515],[-86.107417950468061,39.832894447595663],[-86.10725306180899,39.832893452683088],[-86.106929085501847,39.832894502423734],[-86.106888033580177,39.832894478065676],[-86.106769221094154,39.832895469234188],[-86.102780085873647,39.832901524575618],[-86.102770087749562,39.831579521424118],[-86.102748131257158,39.828320531001204],[-86.102745124908466,39.82781455280255],[-86.102739022068064,39.827047528141641],[-86.102737254654116,39.826798458360372],[-86.102728271795002,39.825499509918544],[-86.102727170915159,39.825340519232668],[-86.102651242898531,39.825340534373524],[-86.101457106017051,39.825355555154857],[-86.100198062428944,39.825376481332512],[-86.099089065016642,39.825385484440787],[-86.097971137851019,39.82539946474482],[-86.096000073164305,39.825428485056626],[-86.095977140825582,39.825428479846245],[-86.09482769750467,39.825441464767096],[-86.093762077184039,39.825453500197682],[-86.093193132855774,39.825459466951024],[-86.092473907229632,39.825466498632949]]],[[[-86.124486682424205,39.832551867905643],[-86.124486645737719,39.832551796897413],[-86.124373929566204,39.832600075368354],[-86.123920124994768,39.832815358048812],[-86.123580008124435,39.832998212947636],[-86.123307940037719,39.833168818303967],[-86.122937619351305,39.833375121170121],[-86.122445797611221,39.833569919514744],[-86.122242613318065,39.833665483441919],[-86.122242597212932,39.833665521333366],[-86.122445767481679,39.833569956560616],[-86.122937595140627,39.833375169901558],[-86.123307998650944,39.833168848696076],[-86.123579993242103,39.832998258940492],[-86.123920170763682,39.832815389391889],[-86.124373907914404,39.832600157414831],[-86.124486682424205,39.832551867905643]]]]},"properties":{"OBJECTID":43,"JURISDCTN":"IMPD","DISTRICT":"North","POLICEZONE":"ND20","SHAPE.STArea()":76052229.518369123,"SHAPE.STLength()":75133.061787194718}},{"type":"Feature","id":44,"geometry":{"type":"Polygon","coordinates":[[[-86.177943113336099,39.789963873505229],[-86.177964392517524,39.792838126046298],[-86.177784870896332,39.793749017280625],[-86.178036087617073,39.794131211057362],[-86.178288016581448,39.794609158239098],[-86.178354751444274,39.79523160272263],[-86.17832237416809,39.795515414099974],[-86.17829641608985,39.795742805870574],[-86.178383288975866,39.796301292741965],[-86.178449433777288,39.796843927158925],[-86.178264940270864,39.797084268933155],[-86.177339899055525,39.79796664489578],[-86.177137095104214,39.798258683105821],[-86.17889930913411,39.800743318012181],[-86.178913331325774,39.800764643531444],[-86.178838063516821,39.800816458325684],[-86.178985438498202,39.801063623847213],[-86.179448945280711,39.801933481608003],[-86.179982674023776,39.802478687652034],[-86.180071488045442,39.802569410544905],[-86.180105228201626,39.802577271855952],[-86.181516775494899,39.803761142226719],[-86.1834241824575,39.805591946689624],[-86.186106471386296,39.80785202451429],[-86.186840731622112,39.80861000941352],[-86.188297948151046,39.810114246605309],[-86.189715530293952,39.812055338343185],[-86.18997138578591,39.813043787751148],[-86.190149109881759,39.813730372872747],[-86.189739722084596,39.815246920022609],[-86.189479494820304,39.815939030766245],[-86.189189610709292,39.81671000304005],[-86.188775272645174,39.817577410194446],[-86.19030771214122,39.818340083159676],[-86.1904139497464,39.817879104687492],[-86.190469707271035,39.817418715155092],[-86.190483140874449,39.817373433585125],[-86.190512896088606,39.817295288471591],[-86.190570143070175,39.817145494176103],[-86.190607126783121,39.817042453353466],[-86.190621842815446,39.817001038862372],[-86.190676081746886,39.81684846600912],[-86.190758127735151,39.816640456372994],[-86.190831088731315,39.81644149623417],[-86.190847807904547,39.816372148232084],[-86.190865183817081,39.816300544679507],[-86.19098621181125,39.81602452734424],[-86.191046370641573,39.815839677185316],[-86.191059174388187,39.815800433786848],[-86.191123106691919,39.815630521284405],[-86.191272082891416,39.815254566625804],[-86.191353097108959,39.815063406453206],[-86.191387927049632,39.814993975559602],[-86.191463180121985,39.814843468871231],[-86.19161318801936,39.814565518400755],[-86.191668338177863,39.814457260277891],[-86.191710106092032,39.814375547847696],[-86.191822143362984,39.814159474851415],[-86.191994069033356,39.813888450803276],[-86.192106311852569,39.813750207275348],[-86.192209104079481,39.813623536847537],[-86.192386091010263,39.813397440025724],[-86.192449123509647,39.813312477715257],[-86.192573018467911,39.813161298609224],[-86.192640121177803,39.813079470997977],[-86.192843116978437,39.812790467892505],[-86.192848072801695,39.812783329206709],[-86.193060405155606,39.812480681415806],[-86.193068219262642,39.812469475826951],[-86.193212141723606,39.8122414561646],[-86.193324795453549,39.812083348836865],[-86.193344725557267,39.812055376257739],[-86.193408110795161,39.811966447951072],[-86.193593132030074,39.811746528308035],[-86.193607856229875,39.81171925662926],[-86.193694109989138,39.811559509807189],[-86.19380612972337,39.811380458837647],[-86.193943122232881,39.811166522011462],[-86.194105069737716,39.810940490837801],[-86.194185145677324,39.810779510773777],[-86.194425141901263,39.810417461367479],[-86.194622121129186,39.810099476249626],[-86.194533501688483,39.80999979848788],[-86.194711393351056,39.809680299536417],[-86.194774207652941,39.80956748090675],[-86.194923791105367,39.809453338652986],[-86.195499595820067,39.809013956141129],[-86.195566822430607,39.808949421850308],[-86.19559175913777,39.808922463628051],[-86.195633766953392,39.808873087289562],[-86.195660478293405,39.808838914678624],[-86.195672883754597,39.808823634048586],[-86.195676796604516,39.808818841742756],[-86.195705615001842,39.808783038303751],[-86.195779854250873,39.808690815853076],[-86.195796928037495,39.808668757974615],[-86.195813996076069,39.808645799446921],[-86.195822017872047,39.808636664267539],[-86.195827086113013,39.808631776620231],[-86.195868399981663,39.808605104820053],[-86.195974307722039,39.808534807895889],[-86.196029347730899,39.80848906562251],[-86.196055840755776,39.808464081679368],[-86.196107756955683,39.80841303874945],[-86.196260262761825,39.808276588869738],[-86.196348970989661,39.808212046141421],[-86.196391048215716,39.808184469095913],[-86.19642228671222,39.808162796794619],[-86.196488250339755,39.80812213916608],[-86.196513189730581,39.808108242290238],[-86.196615761356639,39.808042734478406],[-86.196645647010158,39.808020708026213],[-86.196651203191394,39.808016719687615],[-86.196698137422288,39.807981733026274],[-86.196733758512053,39.807953825077355],[-86.196811485579673,39.807889512291567],[-86.196846442675877,39.807863048418284],[-86.196890893299525,39.807830866013333],[-86.196913979997021,39.807814185430715],[-86.196941947421934,39.807793158407755],[-86.197052927162233,39.807706173063167],[-86.197130332193936,39.807637716637039],[-86.197135301960301,39.807632649247658],[-86.19713702362894,39.807631020165388],[-86.197266263314091,39.80750098182731],[-86.197296278875967,39.807470846753667],[-86.197435925674867,39.807341301035798],[-86.197520282629029,39.807250021915948],[-86.197529345657586,39.807238450036309],[-86.197534314673362,39.807233292565748],[-86.197568086461715,39.807202961001977],[-86.197599277938281,39.807175433321319],[-86.197642599541382,39.807134428295363],[-86.197692491707286,39.807083483077726],[-86.197790484089055,39.806986557183421],[-86.197821063849545,39.806954527976316],[-86.197887065046444,39.806881529807633],[-86.197932940895157,39.806834387500508],[-86.197977429787798,39.806782296022192],[-86.198016117462998,39.806727529072148],[-86.198048815886551,39.806670537853755],[-86.198075237542596,39.806611592990009],[-86.198081278405951,39.806595350505852],[-86.19809155706308,39.806566657522211],[-86.198114636633676,39.8065365548998],[-86.198121226557419,39.806529137396311],[-86.198213874247088,39.806401337123326],[-86.198241486412201,39.806346891032469],[-86.198243287605067,39.806343009886277],[-86.198266294201389,39.806291016705359],[-86.198293376403726,39.806217656190064],[-86.198295254134763,39.806211432041344],[-86.198310264240988,39.806159206185725],[-86.198314965985261,39.806144230766279],[-86.198362668371786,39.80604672327641],[-86.198381416485518,39.806004659690942],[-86.198404385868784,39.8059477120471],[-86.198429800315566,39.805870575410381],[-86.198436418355243,39.805841809101388],[-86.198437069933746,39.805838923960927],[-86.198448104906404,39.805783382909937],[-86.198500742022233,39.805588743950686],[-86.198518185796075,39.805514887146956],[-86.198522931600891,39.805480634404901],[-86.198525238561956,39.805454950138213],[-86.198532208638909,39.805347000413917],[-86.198533128030206,39.805328708928528],[-86.198533342190103,39.805319068940904],[-86.198533461297529,39.805309520356971],[-86.198533414066873,39.80529096310007],[-86.19853782239214,39.805262927449746],[-86.198538658307839,39.805258960655507],[-86.198539778953872,39.805254361184112],[-86.198542696103303,39.805245429345426],[-86.19856049597476,39.80518021826385],[-86.198565128887353,39.805156325580661],[-86.198565498273254,39.805154252338738],[-86.198575438041885,39.805094212022325],[-86.198581607177047,39.805044638601679],[-86.198583127667106,39.805017066523085],[-86.198583279087828,39.804986707732027],[-86.198582323459135,39.804937707374457],[-86.198582183976313,39.804932032870816],[-86.198581829832008,39.804923657330988],[-86.19858072395138,39.804905015759132],[-86.198580405202151,39.80490123349135],[-86.198580369651964,39.804834032610586],[-86.198580603236849,39.804826914418584],[-86.198587377695318,39.804793462976711],[-86.19859496887203,39.80476613327027],[-86.19860726901176,39.804712208507667],[-86.198610211076073,39.804694087881998],[-86.198613416137292,39.804672363356843],[-86.198615081692864,39.804663618288515],[-86.198620502553695,39.804629542577729],[-86.198620781034364,39.804628099322905],[-86.198626775699793,39.804581049482209],[-86.198628756260987,39.804563024231591],[-86.198633749367005,39.804511023476266],[-86.198635915611789,39.804479665605569],[-86.198636351314576,39.804461196199476],[-86.198636178461996,39.804438766619967],[-86.198633162229314,39.804334825616216],[-86.198632236050798,39.804314652074204],[-86.198630220904619,39.804290608827046],[-86.198622908269371,39.804241637606964],[-86.198614177101078,39.804196186416284],[-86.198613961526462,39.804193215182011],[-86.198613611974537,39.804172857960531],[-86.198613605728184,39.80417204738302],[-86.198616144121658,39.804138975624475],[-86.198623487832776,39.804066966435784],[-86.19862599428491,39.804029750823979],[-86.198626389733846,39.804006057694551],[-86.198625375397626,39.803974443299559],[-86.198623380138159,39.803940401582707],[-86.198622931625025,39.803932205708257],[-86.198620729603917,39.803909064890256],[-86.198603680787045,39.803759066513209],[-86.198602954493964,39.80375240395756],[-86.198595877388726,39.803696405496808],[-86.198595054645097,39.803689652415137],[-86.198591406814387,39.803666338088583],[-86.19857755921872,39.803606857134326],[-86.198559145637603,39.803542353335139],[-86.198558938388217,39.803540461969888],[-86.19855791444013,39.803532449767665],[-86.198553949278235,39.803505533298711],[-86.19854485143135,39.803462335461617],[-86.198513210344018,39.803368795120662],[-86.198505756151675,39.80335144358267],[-86.198498493244244,39.803333911032695],[-86.198492298455392,39.803317544462566],[-86.198478749865416,39.803271845131071],[-86.198477906323575,39.803262390122427],[-86.19847593984835,39.803244653161954],[-86.198471468663826,39.803214495682049],[-86.19845514827071,39.80314655880786],[-86.198410367666398,39.802997768278011],[-86.198399319707832,39.802951516170488],[-86.198397304218886,39.802939994981507],[-86.198394695465495,39.802926495028856],[-86.1983860330878,39.80288978093057],[-86.198354914504208,39.802801553017716],[-86.198347855460284,39.802785460600326],[-86.198334846905027,39.802747235265741],[-86.198334542060266,39.802745255180263],[-86.198334340375723,39.802744085228497],[-86.198329433296877,39.802719785017501],[-86.198310422764195,39.802652761116008],[-86.198303920939054,39.80263396412127],[-86.198284847303952,39.802571173670295],[-86.198261841302312,39.802498132648729],[-86.198241476655014,39.802442825497131],[-86.198195558650994,39.802333946229247],[-86.198184065422794,39.802304902607496],[-86.198173565394512,39.802267296232628],[-86.19816832370914,39.802249574265488],[-86.198154497536819,39.802205227169104],[-86.198135612198143,39.802141986389771],[-86.198131268618809,39.802128223271993],[-86.198103049706361,39.802041152874033],[-86.198099562850288,39.802026125788451],[-86.198096495349418,39.80200307808289],[-86.198096396827438,39.802002718264539],[-86.198096177123148,39.801999206642691],[-86.198094407610483,39.801982009173905],[-86.198087723062685,39.801939610842865],[-86.198081705747271,39.801908649814983],[-86.198076807146222,39.801885431260011],[-86.198067450752191,39.801846198422211],[-86.198064069206723,39.801819819659841],[-86.198062170894062,39.801798478779276],[-86.198056631754298,39.801754544054084],[-86.198043058182023,39.801693080277381],[-86.198022944707816,39.801632727254137],[-86.19799648445607,39.801573845267001],[-86.197909558744911,39.801443083515267],[-86.197849573754951,39.801371112358687],[-86.197752013641974,39.801272738762805],[-86.197741339340524,39.801262518131331],[-86.197733674080979,39.801255166785147],[-86.197560678360603,39.801092188836044],[-86.19752372717754,39.801059297745432],[-86.19746177855383,39.801007333030732],[-86.197450727328018,39.800998195805548],[-86.1973977093607,39.800955198747062],[-86.197388502874077,39.800947854426603],[-86.197200691346396,39.800799537311669],[-86.197197978630783,39.800797387195757],[-86.197183927950647,39.80078646140926],[-86.19714720507379,39.800758163491011],[-86.197082595281728,39.800698373970469],[-86.197041584843191,39.80065108869109],[-86.197028855165073,39.800636553250605],[-86.197011852342698,39.800617533067403],[-86.196981264346419,39.800585244090662],[-86.196938167285623,39.80054220147791],[-86.196514846244682,39.800066519369366],[-86.196513870504035,39.800064902611119],[-86.196444402302063,39.799961625139524],[-86.196348615912001,39.799842794226763],[-86.196338981727976,39.799830045926626],[-86.196315615664346,39.799785021594786],[-86.196315118709123,39.799782952312277],[-86.196313471703789,39.799769176811765],[-86.196313444757507,39.79976566430517],[-86.196313366668591,39.799755485241256],[-86.196313114745251,39.799735127550342],[-86.196311995273533,39.799714773819119],[-86.196307943247234,39.799676237150749],[-86.196289274688638,39.799540479061058],[-86.196288863801996,39.79953714754086],[-86.196286096275472,39.799515360251725],[-86.196285391156607,39.799498788360971],[-86.196285442760896,39.799417533793836],[-86.196285738247965,39.799405821877933],[-86.196292910766061,39.799361468760488],[-86.196297462079741,39.799327036824792],[-86.196298614053731,39.799313879920618],[-86.196298876886274,39.799310545325348],[-86.19630288532484,39.799255576889578],[-86.196303738744916,39.799241250471233],[-86.196303903759301,39.799237646120091],[-86.196304388445768,39.799225483003042],[-86.196309154297822,39.7991937521099],[-86.196309611859576,39.799190686828062],[-86.196310521939282,39.79918374658115],[-86.196314139449228,39.799153012571402],[-86.19631501034614,39.799141116992992],[-86.196315272970054,39.799137603164368],[-86.196318700652128,39.799082277107495],[-86.196319774361044,39.799071552380546],[-86.196336834209248,39.799022739923252],[-86.196362878307966,39.798952356732649],[-86.196365600759734,39.798943156526086],[-86.196367569160756,39.798936120479354],[-86.196383394588381,39.798864613051869],[-86.196387841790454,39.798829100775841],[-86.196389925599959,39.798799364505051],[-86.196391474653169,39.798762783748387],[-86.196392303486363,39.798757735287488],[-86.196393612208425,39.798752684635879],[-86.19639673011153,39.798744653499796],[-86.196412571384514,39.798712962107473],[-86.196455761069345,39.79863024964596],[-86.196488708573213,39.798568303046132],[-86.196525258056283,39.798486251346738],[-86.196525919325211,39.798484627113304],[-86.196556755556756,39.798398637621951],[-86.19657058487762,39.798355695161746],[-86.19658108293396,39.798318083692841],[-86.196582311574304,39.798314924820858],[-86.196614305912433,39.798254333546971],[-86.19664358840086,39.798204474476805],[-86.196647486071427,39.798197790783782],[-86.19675136714379,39.798016251001179],[-86.196753364528334,39.79801299854811],[-86.196808451415478,39.79794941956925],[-86.196866909461775,39.797898346338087],[-86.196975156626621,39.79778371732553],[-86.196983261004931,39.79777305052761],[-86.197002897859747,39.797746386382549],[-86.197008625784406,39.7977397843798],[-86.197039328743756,39.797711808708662],[-86.197041521632983,39.797709841520216],[-86.197168166313389,39.797594563514231],[-86.197304450245809,39.797506290349446],[-86.197401497270164,39.797450896376986],[-86.197625473823351,39.797305920559033],[-86.197636775395424,39.797297580839896],[-86.197664085678895,39.797279439680374],[-86.197688504783443,39.797261131609815],[-86.197700969878483,39.797253778202716],[-86.197878246067276,39.797135679166743],[-86.197937733124462,39.797093339026581],[-86.197992375395799,39.797047326471443],[-86.198113413967206,39.796955879726987],[-86.198236228194688,39.79685730759055],[-86.198253749276063,39.796843625339996],[-86.198304866526854,39.796802673463212],[-86.198343114737938,39.796779077082967],[-86.198462431698402,39.796701780253692],[-86.198598602833542,39.796624315976707],[-86.198765558276861,39.796542207013076],[-86.198828634375431,39.796515883767668],[-86.198842171393039,39.796510236603716],[-86.199091404799759,39.796418921400182],[-86.199100235641922,39.796415007080611],[-86.199214453715499,39.79636349667075],[-86.199236913070763,39.79635339430709],[-86.199694907318985,39.796205808195118],[-86.199425933747094,39.795874186416121],[-86.199409703772247,39.795854175880002],[-86.199242063362135,39.795647486648868],[-86.199419114473855,39.795563438085857],[-86.199451840877103,39.795548423999058],[-86.19955817936183,39.795499471313015],[-86.199600044032778,39.79548288407242],[-86.19967906726643,39.795451443344916],[-86.19981529716263,39.795382084335628],[-86.199887153082074,39.795345451580694],[-86.199954094931144,39.795308570261092],[-86.200133065595793,39.79521145019929],[-86.200223890240082,39.795149325597741],[-86.200355145283652,39.795059450738144],[-86.200423485611196,39.795016708328745],[-86.20047514997087,39.794984491319624],[-86.20060119360501,39.794868516078012],[-86.200721613990027,39.794685545555936],[-86.20075911882823,39.794628441284928],[-86.200764150926005,39.794606528121307],[-86.200815378871297,39.794455764331296],[-86.20086613625503,39.79430653472955],[-86.200903542656008,39.794099714360684],[-86.200915827593576,39.794031916235205],[-86.200921095706775,39.794003245112236],[-86.20092912754572,39.793958437380674],[-86.200931103782182,39.793927440558051],[-86.200949163847056,39.793809439232213],[-86.200950145433268,39.793799435418535],[-86.200950489604566,39.793794119851185],[-86.200961136323428,39.793651470553002],[-86.200963095318016,39.793506428527515],[-86.200966158374726,39.793466508213172],[-86.200971149017164,39.793414508175644],[-86.200965808047357,39.793380636759856],[-86.200956159939921,39.793319450585287],[-86.200952828588896,39.793312168653429],[-86.200929467066786,39.7932605846635],[-86.200898152913268,39.793191439888808],[-86.200869652621577,39.793117613952099],[-86.200856089161007,39.793082454586653],[-86.200806961362446,39.792906840109701],[-86.200793095949024,39.792857538822716],[-86.200791116372102,39.792850520866281],[-86.200678177288637,39.792586692460304],[-86.200615157736621,39.792439475253261],[-86.200589876724223,39.792358517288555],[-86.20055708959498,39.792253542217516],[-86.2004720059943,39.792118958426876],[-86.200465438846209,39.792108571424421],[-86.20043316596545,39.792057552506215],[-86.200313172355791,39.791871454713188],[-86.200198142491232,39.791729473366487],[-86.20008919140389,39.791576473918312],[-86.200055154723401,39.791521500024878],[-86.199996112559148,39.791458443997108],[-86.199918783086403,39.791359348582603],[-86.199900203143997,39.791335471488338],[-86.199839261593382,39.791238373169051],[-86.199791091329644,39.791161484045091],[-86.199637128008817,39.791003466114397],[-86.199470156144869,39.790819473673594],[-86.199383070165837,39.790716459710033],[-86.199361304414367,39.790685315188568],[-86.199211192402146,39.790470513016423],[-86.199076070110451,39.79030754330423],[-86.198881908083081,39.790094037996816],[-86.198813141325488,39.790018504751899],[-86.198781062591834,39.789967394393592],[-86.198648054319037,39.789803514696331],[-86.198603125033529,39.789709494657316],[-86.198500137184453,39.789579527218464],[-86.198419603174443,39.789476571643668],[-86.198403164695463,39.789455477482896],[-86.198397035491027,39.789447308516635],[-86.198360055566923,39.789397482339581],[-86.198158070924705,39.789130502466733],[-86.198127240984292,39.789103799017525],[-86.198077214215246,39.789060429095692],[-86.197911153422055,39.78905641492176],[-86.197837922060302,39.789038733015857],[-86.197730148815097,39.789012472584112],[-86.197667416683572,39.78898354171784],[-86.197642132718727,39.788991482478387],[-86.197060072339951,39.78917428839523],[-86.197024643822189,39.78914709858941],[-86.196886313212232,39.789073442951405],[-86.196834120176078,39.789086472805927],[-86.196766067383777,39.789103538958663],[-86.196662146300156,39.789127525758659],[-86.196593114376498,39.789142523826513],[-86.196524178160303,39.789157522316998],[-86.196419070032348,39.78917745947647],[-86.196349148961872,39.789189489227738],[-86.196278072096433,39.789201525112304],[-86.196172154635633,39.789216421056196],[-86.196169653213389,39.789216792740021],[-86.196101158245966,39.789226474077665],[-86.196030147118734,39.789234454667735],[-86.195923147419478,39.789246473158357],[-86.195885327178857,39.789250069106295],[-86.195849046591363,39.789253477885893],[-86.195775129613367,39.78925949008373],[-86.195663085153384,39.789266486649915],[-86.195589152969944,39.789270517311706],[-86.195514155472139,39.789273561137023],[-86.195439148525338,39.789275524145857],[-86.195327064917976,39.789277566848675],[-86.195253095254074,39.789276551880782],[-86.191006154923784,39.789202493129665],[-86.187423077159451,39.789144489811306],[-86.187261071152264,39.789141523011509],[-86.187189130029537,39.789141485447054],[-86.187116124407837,39.789140551935894],[-86.187044169523816,39.789138532855766],[-86.186972095348068,39.789133541133978],[-86.186936150749176,39.789130458951789],[-86.186864158563793,39.789123485307798],[-86.186793114611888,39.789114524980967],[-86.186722158271053,39.789104483406625],[-86.18668609558874,39.789098429444806],[-86.186616176461044,39.789085500994055],[-86.186546146028846,39.789070500543879],[-86.186512090484115,39.789062455147956],[-86.186443105231078,39.789045468465972],[-86.186375067081173,39.789026496013783],[-86.186307118406063,39.789006531476474],[-86.18627419516811,39.788995508708943],[-86.18620814980936,39.788972473292326],[-86.186175604409584,39.788960458061354],[-86.186143155912546,39.788948441486745],[-86.186111180971523,39.788935432940214],[-86.186047128615058,39.788908514702307],[-86.185985179651013,39.78887951546087],[-86.185953109033804,39.788866506397952],[-86.185889159310364,39.788840489189923],[-86.185857185627285,39.788827479666672],[-86.185791043668246,39.788804444443556],[-86.185724139360573,39.788782493403836],[-86.185690164892179,39.788772465915542],[-86.18562212838151,39.78875349301272],[-86.185552083610304,39.788736510537085],[-86.185483112629981,39.788721504706189],[-86.185412135713278,39.788708489288631],[-86.185341076811468,39.788697456582405],[-86.185269166081028,39.788688500095319],[-86.18519707133882,39.788680534229066],[-86.185161134001859,39.788678533175926],[-86.185044064949636,39.788670497943478],[-86.184585108250701,39.788674529532216],[-86.182680990323959,39.788688506886096],[-86.181388957678038,39.788699469571092],[-86.180110267575131,39.788717475083473],[-86.179009041739988,39.788719459025479],[-86.177909276869457,39.7887234084697],[-86.177491253453098,39.788728042276759],[-86.177943113336099,39.789963873505229]]]},"properties":{"OBJECTID":44,"JURISDCTN":"IMPD","DISTRICT":"Northwest","POLICEZONE":"NW15","SHAPE.STArea()":40860603.268548928,"SHAPE.STLength()":30705.735160912267}},{"type":"Feature","id":45,"geometry":{"type":"Polygon","coordinates":[[[-86.165788556809986,39.800535513711047],[-86.16585412847607,39.802117524517321],[-86.16590208334911,39.802861487099165],[-86.165939088880975,39.803596488130232],[-86.165968137259071,39.804296481659229],[-86.166011094250607,39.805334493210225],[-86.166011315599889,39.805338456124723],[-86.166156949168013,39.806507995891188],[-86.166201873544608,39.808216569037612],[-86.166209916156475,39.808329497810988],[-86.166273656434683,39.808538213904427],[-86.166518182318939,39.80927457200125],[-86.167036665026444,39.810127486252313],[-86.167083636648002,39.81018300294658],[-86.167123852820623,39.810230533665468],[-86.167237151272516,39.810364438926044],[-86.167237605961972,39.810364976467845],[-86.16723807611244,39.810365391451356],[-86.167339020710386,39.810454441429329],[-86.167493979472582,39.810575926514083],[-86.167835861545129,39.810843953429334],[-86.167861141308776,39.810863771634388],[-86.167915455990325,39.810899448658333],[-86.168050907318815,39.810988419187773],[-86.168175055012199,39.811069964626896],[-86.168241862013147,39.811103785254993],[-86.168534456667118,39.811251907544708],[-86.168912201381261,39.811431091341625],[-86.168937181922686,39.811442940547686],[-86.168965035220936,39.81145203296122],[-86.169686629447881,39.811687599760376],[-86.170722714984436,39.811866765171942],[-86.170745161897557,39.811870646831473],[-86.170769646636245,39.811870674660121],[-86.174562242225605,39.811874990782343],[-86.174562434928575,39.811875467295494],[-86.174811971383932,39.812493210886153],[-86.17509304412755,39.813036885763374],[-86.175003109509007,39.813108444660344],[-86.175160857645878,39.813179638846094],[-86.176636834039911,39.816409174548106],[-86.177152736334065,39.817461945092013],[-86.178923578767595,39.821177584724417],[-86.17915313479277,39.821651482391779],[-86.179679989548774,39.822741396243678],[-86.179680283906677,39.822742025411912],[-86.180492176562538,39.824479803478752],[-86.18063076135526,39.824592558890409],[-86.18081625435623,39.824743478449918],[-86.182519175274265,39.82465953003917],[-86.184814023451466,39.824630478320628],[-86.184814119225067,39.824630476992269],[-86.185001121126732,39.82462748009732],[-86.187066126648048,39.824606524832461],[-86.187545073340075,39.824602484203872],[-86.188908470698479,39.824587616977844],[-86.188908567646763,39.82458761654145],[-86.190230972508033,39.824573206497533],[-86.190487299389019,39.824570411193029],[-86.190493773700027,39.824552205529699],[-86.190601072136047,39.824250467443179],[-86.190472079773187,39.824025485017657],[-86.190210134573164,39.823789481997835],[-86.189978437499761,39.823654053146484],[-86.189967114905627,39.823647528418377],[-86.189844123862073,39.823565478063394],[-86.189765151713019,39.82339251716602],[-86.189764155010195,39.823286494695381],[-86.189759716099843,39.823260121451455],[-86.189745080705563,39.823172537754665],[-86.189762125733367,39.822993467893838],[-86.189764073696054,39.822767443867171],[-86.189714443763592,39.822588405287036],[-86.189711077321775,39.822576529806021],[-86.18973913990051,39.822376421927423],[-86.189778072415251,39.822110414271201],[-86.189809820917958,39.821913533058051],[-86.189848105068322,39.821676535293101],[-86.189892141737317,39.82148653380014],[-86.189912168360323,39.821319522115893],[-86.189931084941392,39.821209446850681],[-86.189988142392451,39.820932458308647],[-86.19002113104149,39.820721518234251],[-86.190055102022271,39.82048751292627],[-86.190088642476681,39.820296551719785],[-86.190098140503466,39.820242475801969],[-86.19011112299944,39.82009945728624],[-86.190118129937517,39.819867464989279],[-86.190117628835551,39.819737839931939],[-86.19011611491311,39.819360493384202],[-86.190098176440486,39.819091500530021],[-86.190099377130707,39.819071946940639],[-86.190129069198932,39.818604468072742],[-86.19030771214122,39.818340083159676],[-86.188775272645174,39.817577410194446],[-86.189189610709292,39.81671000304005],[-86.189479494820304,39.815939030766245],[-86.189739722084596,39.815246920022609],[-86.190149109881759,39.813730372872747],[-86.18997138578591,39.813043787751148],[-86.189715530293952,39.812055338343185],[-86.188297948151046,39.810114246605309],[-86.186840731622112,39.80861000941352],[-86.186106471386296,39.80785202451429],[-86.1834241824575,39.805591946689624],[-86.181516775494899,39.803761142226719],[-86.180105228201626,39.802577271855952],[-86.180071488045442,39.802569410544905],[-86.179982674023776,39.802478687652034],[-86.179448945280711,39.801933481608003],[-86.178985438498202,39.801063623847213],[-86.178838063516821,39.800816458325684],[-86.178913331325774,39.800764643531444],[-86.17889930913411,39.800743318012181],[-86.177137095104214,39.798258683105821],[-86.176652620081114,39.798715547881294],[-86.176471127806721,39.79892029149601],[-86.176510519184546,39.799363413485011],[-86.176470534022812,39.799622485430092],[-86.175969832568214,39.799996813178652],[-86.17546793456107,39.800209356702268],[-86.174859594449231,39.800212022486555],[-86.174103516924845,39.80008597360824],[-86.173534796947465,39.799764793581431],[-86.172922070747845,39.79916878164552],[-86.172204231565814,39.798540885628057],[-86.17176165374255,39.798251576884667],[-86.170204749188329,39.79762731750229],[-86.169720546126896,39.797386645953168],[-86.169299931584064,39.797293972433685],[-86.168649028998161,39.797148604544169],[-86.168289069364022,39.796680922731468],[-86.167135086764858,39.796637350821868],[-86.165221068026369,39.796858544583543],[-86.165310346133538,39.797177772881724],[-86.165459140104318,39.797682494272863],[-86.166308219666021,39.79779540782075],[-86.165445160037891,39.798080447507594],[-86.165529202521796,39.798394473252259],[-86.165551162476788,39.798474462384341],[-86.165579083130751,39.798579468257714],[-86.165602136676668,39.798677468881785],[-86.165626108605295,39.798782491717809],[-86.16564608093735,39.798880505578154],[-86.165664118932739,39.798977446040404],[-86.165681104595464,39.799075472734351],[-86.165697135344971,39.799174494273267],[-86.165711135999189,39.799272443728661],[-86.165723113837856,39.799370491046986],[-86.165734135584472,39.799469534117549],[-86.165743127212238,39.799567505106516],[-86.16575116273053,39.799666470947827],[-86.165757138133799,39.799773462555905],[-86.165762149095087,39.799880459210399],[-86.165764167698512,39.799946480814896],[-86.165788556809986,39.800535513711047]]]},"properties":{"OBJECTID":45,"JURISDCTN":"IMPD","DISTRICT":"Northwest","POLICEZONE":"NW16","SHAPE.STArea()":39439334.828349546,"SHAPE.STLength()":30821.550999713858}},{"type":"Feature","id":46,"geometry":{"type":"Polygon","coordinates":[[[-86.190243120398435,39.885259457452626],[-86.19042114825929,39.885259464219871],[-86.191711106408874,39.885270476728216],[-86.191818184090423,39.885274496136986],[-86.191924113123093,39.885279511376311],[-86.192031110087697,39.885285512408515],[-86.192102126695659,39.885290505495021],[-86.192173144482553,39.885295498532699],[-86.192279103830799,39.885304476219275],[-86.192386124256672,39.88531353996602],[-86.192492097632766,39.88532449974943],[-86.19263311035904,39.885339534544926],[-86.19277414586216,39.885357541247217],[-86.192879081735484,39.885371478465373],[-86.193019080431228,39.885392552722003],[-86.193458137601993,39.885451543958155],[-86.193464099378588,39.887679485399026],[-86.193466100307859,39.888205457659957],[-86.193469104459112,39.88942946154603],[-86.193473086065509,39.89120952837029],[-86.19347411132911,39.891847475710065],[-86.193478145249401,39.892462528045705],[-86.193479128647596,39.892578457434425],[-86.193482172498335,39.893681481793877],[-86.193486115874236,39.894574523864932],[-86.193490162042039,39.895745463827652],[-86.193496188703037,39.89743949296431],[-86.19525733481953,39.897420489204933],[-86.19695722994679,39.897401558664058],[-86.197494154284968,39.897395498717017],[-86.198104089624778,39.897388471269949],[-86.202991191490014,39.897333454663787],[-86.202862768562213,39.89721694302068],[-86.202861335112388,39.89664935249953],[-86.203020751348802,39.896200733740514],[-86.203062047079811,39.886303557183091],[-86.203208140895555,39.886289549830806],[-86.203345169946687,39.886275493274617],[-86.203483245734063,39.886259541224867],[-86.203620154444707,39.8862425127206],[-86.203767158848621,39.886221473493798],[-86.203904141246028,39.88620147213291],[-86.204040143583569,39.886179492797112],[-86.204182109092883,39.886155503310789],[-86.204280055999234,39.886138474462811],[-86.204384151978616,39.88611853490869],[-86.204477164929045,39.886099547316341],[-86.204580096105744,39.886078531294352],[-86.204673108939375,39.886059542644809],[-86.204776119665325,39.886036454560276],[-86.204878158779209,39.886012470232458],[-86.204980100786642,39.885988486265639],[-86.205082124250083,39.885962519476891],[-86.207369114188694,39.885386533319839],[-86.209795116971478,39.884784538099908],[-86.208871038270885,39.882898425908266],[-86.207762218394691,39.880579519004108],[-86.207635158144257,39.880314463408311],[-86.207026056607219,39.879044460773486],[-86.206591152751372,39.87814648723505],[-86.206462328022923,39.877876483898135],[-86.206434189827633,39.877817522422539],[-86.206292049066505,39.877521547213696],[-86.206187233827009,39.87730043594906],[-86.206054026627584,39.87702450722837],[-86.206046163909278,39.877005536221567],[-86.205260266587175,39.875364490863298],[-86.204570168219774,39.873922524590824],[-86.203981146685237,39.872690515558439],[-86.203427145541696,39.871532477445292],[-86.203186037973524,39.871463149414048],[-86.202974983092204,39.871538531954016],[-86.198256121213788,39.871604484812416],[-86.195760163195118,39.871638507476902],[-86.194181272329487,39.871649482684546],[-86.19409807745177,39.871651572283994],[-86.194007013043418,39.87165847291913],[-86.193918078344339,39.871666443696888],[-86.19383022790737,39.871677562700469],[-86.193738046045922,39.871689511917225],[-86.193636252164424,39.871705558616455],[-86.193531129729507,39.871727475557556],[-86.193424213737686,39.871754534329064],[-86.193314003199362,39.871779537336337],[-86.19326393332372,39.871788502002261],[-86.193214242276142,39.871796565164239],[-86.193166084661684,39.871803539647843],[-86.193117045082545,39.871808446589164],[-86.193074265512593,39.871812514502281],[-86.19303215209699,39.871815497680096],[-86.192993977758476,39.87181648150905],[-86.192953970659573,39.871817473641428],[-86.188725083838463,39.871857573797101],[-86.188709245448536,39.871930520454164],[-86.18870926833435,39.873383527854145],[-86.188708123694866,39.875038501179354],[-86.188707065048618,39.875954539407651],[-86.188703154867682,39.877117501552974],[-86.188699200607829,39.878961476023477],[-86.188699153176742,39.878993455149569],[-86.188699203453581,39.87902552390193],[-86.188697035501733,39.879057512571983],[-86.188696321083086,39.879090485428023],[-86.188695215234759,39.87912255848282],[-86.188695167119604,39.879154447544892],[-86.188696278314154,39.879364511187177],[-86.18869021141073,39.880319486181385],[-86.188687239008203,39.880868543094266],[-86.188683006549411,39.881429495263703],[-86.188679139865897,39.882992506599095],[-86.188677199173128,39.883321490078387],[-86.188675014735438,39.883885495943737],[-86.188672201960827,39.884277540403858],[-86.188664996034504,39.885298458931167],[-86.188700285617784,39.885297489499109],[-86.188844120110616,39.885290536465703],[-86.189023155112764,39.885283514786067],[-86.189166135953286,39.885278546652856],[-86.189346142900462,39.88527251082332],[-86.189489131222388,39.885268533886226],[-86.189669153164942,39.88526447894251],[-86.189812156506591,39.885262482994143],[-86.189991132640074,39.885260504689455],[-86.190243120398435,39.885259457452626]]]},"properties":{"OBJECTID":46,"JURISDCTN":"IMPD","DISTRICT":"North","POLICEZONE":"ND75","SHAPE.STArea()":37171656.242388204,"SHAPE.STLength()":28579.336683500347}},{"type":"Feature","id":47,"geometry":{"type":"Polygon","coordinates":[[[-85.952948284304554,39.81207359952932],[-85.953052013439773,39.8195522902638],[-85.95314171330368,39.826779994055649],[-85.953327232867196,39.834138192955869],[-85.953509760672858,39.841475457941051],[-85.953650315781672,39.841475110330904],[-85.991246647707456,39.840993052946764],[-85.991201380738786,39.837902028389365],[-85.991185467301619,39.837783684877067],[-85.99118502153253,39.837688974980317],[-85.991184407791707,39.837558576393185],[-85.991168383474189,39.837428564965464],[-85.991182624748035,39.837179736782076],[-85.991249912150806,39.837168019034657],[-85.991249058000307,39.837125555600629],[-85.991241954415344,39.83674254722235],[-85.991227087259787,39.835938516627635],[-85.991372164278772,39.835189529754508],[-85.991345066420052,39.833752976811283],[-85.991182256136867,39.833661549229788],[-85.991096813090664,39.833730430311824],[-85.990470822532089,39.833733079803494],[-85.990462071833008,39.834907053503258],[-85.985727260857161,39.836781535820286],[-85.985699236862203,39.833786566406168],[-85.984739251176009,39.833792714883238],[-85.985033027751513,39.833719483243478],[-85.983974678174121,39.83373166138454],[-85.983973078950939,39.833593569994406],[-85.983933072339667,39.830050480978507],[-85.983931242230824,39.828898425574017],[-85.985747750232818,39.828900740414191],[-85.985713067880042,39.826527531745832],[-85.985175089252323,39.826524506486308],[-85.985173142114533,39.826436501513044],[-85.982482073967901,39.826394492734316],[-85.986134119009009,39.826354496522683],[-85.987550101895295,39.826336536681829],[-85.988626929699606,39.826323464166457],[-85.988677030874882,39.826322514519681],[-85.991074063502069,39.826292505976433],[-85.991074256240253,39.8262925054375],[-85.992861957853052,39.826269476060091],[-85.99370512776369,39.82625854514697],[-85.994635109288197,39.82624646116949],[-85.994759886472167,39.826245567984344],[-85.994867897664633,39.826244451890695],[-85.995240106554661,39.826240515348047],[-85.996353055837091,39.826225557545499],[-85.996607038163773,39.826222493809851],[-85.997374089227776,39.826212472310402],[-85.999924023419496,39.826180493996326],[-86.000093987325045,39.826178474532895],[-86.000317905673867,39.826175488167273],[-86.00089803789696,39.826168503536515],[-86.001211082746224,39.826164539025143],[-86.001553129306743,39.826160489062367],[-86.002775055754071,39.826145515328591],[-86.003350271998556,39.826138532677668],[-86.003429087180479,39.826137493333306],[-86.004007965281531,39.826130496793013],[-86.00474206416142,39.82612151403098],[-86.006637098648028,39.826098500012087],[-86.006719093301129,39.826097449116375],[-86.006990038861574,39.826095483810043],[-86.007571995022928,39.826087469717635],[-86.007692045997743,39.826085495702337],[-86.009928160766293,39.826058542740796],[-86.009929220236742,39.826058539606279],[-86.009956982450134,39.827338524390292],[-86.009987200872246,39.828763443454378],[-86.010014239642572,39.829994515081786],[-86.010022089353583,39.830390492817394],[-86.010051951826085,39.83176253363245],[-86.010086175419119,39.833371477867921],[-86.010087769563668,39.833466147402582],[-86.010332962439648,39.833453502748881],[-86.011095044105573,39.833444723750247],[-86.011346300973855,39.833443977559426],[-86.011999437503945,39.833422817646216],[-86.012928927591346,39.833390878956969],[-86.01374115219015,39.833362715251674],[-86.015809728588906,39.833356508547212],[-86.016111224611151,39.8333556008374],[-86.016173351112485,39.838016848590151],[-86.018939915899537,39.837998529498826],[-86.019620998083951,39.837993714174992],[-86.019613405992914,39.837423754929659],[-86.02333523380004,39.835639284510705],[-86.02330028655328,39.833303527889917],[-86.023568833332305,39.833300642240623],[-86.025017690469454,39.833289657054323],[-86.025191446583165,39.833278824642861],[-86.025374392838486,39.833259386449605],[-86.025618171458049,39.833211619149957],[-86.025933846225868,39.83312382438649],[-86.026264051855136,39.833059317458741],[-86.026368998130721,39.833051442691044],[-86.026486174251701,39.83304147096117],[-86.026800893675599,39.833048043901393],[-86.02767548036158,39.833052188009745],[-86.027809503357645,39.833061379276543],[-86.027947754178783,39.833070557223067],[-86.028289622036183,39.833076356168718],[-86.029869790476766,39.833067988534644],[-86.030141964783397,39.833067136154014],[-86.030363779147407,39.833043791796655],[-86.030426593161351,39.833043594868407],[-86.03136427957979,39.833038593046602],[-86.032721395344979,39.833050789681359],[-86.032913989442036,39.833057044984329],[-86.033219811698743,39.833074952755403],[-86.033365724501408,39.833112238854383],[-86.033417776987179,39.833144159885663],[-86.033417286384918,39.833203699506683],[-86.033366350386515,39.833229939490685],[-86.032964856761453,39.833447397174574],[-86.031674953237356,39.834109979475635],[-86.031760806006289,39.834194468034468],[-86.033282298647393,39.833484141686654],[-86.034256184750618,39.833067213628027],[-86.034560584914416,39.832943741969487],[-86.035278553833308,39.832583893278994],[-86.035794239874903,39.832324527082918],[-86.033824684814363,39.828737842112837],[-86.032078213934255,39.825730409619922],[-86.031793275390953,39.825140067358724],[-86.031590762080896,39.824631109418469],[-86.031401983937187,39.824104277252282],[-86.031234304451502,39.82336530837123],[-86.031121961202771,39.822623076929503],[-86.031062419125504,39.821832288923304],[-86.030939183829886,39.811141952053994],[-86.030589693412935,39.811149928969009],[-86.029825981146203,39.811090476790021],[-86.029766709991634,39.811089453572137],[-86.027625330023383,39.811095197128338],[-86.02756600508468,39.811095943683064],[-86.022807490277231,39.811202881115214],[-86.022748170152127,39.811203910706432],[-86.014021993123677,39.811310941106115],[-86.013962658463228,39.811311681635821],[-86.009731305703795,39.811365552553163],[-86.009528514195608,39.811366303260172],[-86.009261948658107,39.811367523837426],[-85.990879475946187,39.811584797297819],[-85.990879503255172,39.811586632800847],[-85.990879103588512,39.811586330389474],[-85.987186418788866,39.811639698514661],[-85.986546994939474,39.811648204594285],[-85.985588211737507,39.811659865868663],[-85.984748993235797,39.811671272582387],[-85.98184536559225,39.811714606038237],[-85.980820079901036,39.811729497855858],[-85.979904952337805,39.811742737678991],[-85.977721285369128,39.811774203862164],[-85.971785278083985,39.811856589684581],[-85.968793614511767,39.811899227255374],[-85.967117758477386,39.811919185648513],[-85.966214208329518,39.811929936753998],[-85.964350474616708,39.811952090060117],[-85.96110204989219,39.811988774939486],[-85.959890860301485,39.812001352255344],[-85.957662088897791,39.812024463239162],[-85.9552685389272,39.812049234743753],[-85.952952130670198,39.812073161317024],[-85.952948284304554,39.81207359952932]]]},"properties":{"OBJECTID":47,"JURISDCTN":"IMPD","DISTRICT":"Northeast","POLICEZONE":"NE70","SHAPE.STArea()":189340854.01334539,"SHAPE.STLength()":83749.370031060724}},{"type":"Feature","id":48,"geometry":{"type":"Polygon","coordinates":[[[-86.229619770370036,39.926156703577597],[-86.231694562611636,39.926150729330097],[-86.240798434750076,39.926126597076866],[-86.250350839536537,39.925603985916752],[-86.255793302464028,39.925321110537382],[-86.248449784406347,39.909660838324264],[-86.243434785468366,39.899011788648039],[-86.241104464193697,39.894573123506767],[-86.242144483732133,39.891209181685163],[-86.243476512506163,39.88559202446217],[-86.244199319755566,39.882007052092412],[-86.244432141853025,39.879012894205189],[-86.244560201900043,39.876228515091498],[-86.244473406387911,39.872191000398033],[-86.244208540486625,39.867349416971315],[-86.244279025576489,39.867348270706024],[-86.244181256715777,39.866648250119489],[-86.244071395140494,39.865861630494507],[-86.243848027067315,39.864940976857412],[-86.243670460504418,39.864499725767466],[-86.243338199807212,39.863884159153173],[-86.242391163519784,39.862688051671618],[-86.241603935695139,39.861492821186459],[-86.241275316197218,39.860575878091048],[-86.240926865018295,39.859557867725336],[-86.240604964423866,39.858342860317563],[-86.240503691986973,39.857702782966584],[-86.240256826370938,39.856015046848825],[-86.240054516239383,39.854631865358478],[-86.240023279099688,39.853445623723317],[-86.24004279913845,39.85328118023677],[-86.240045520452398,39.85328114426909],[-86.240045866687396,39.853274864924117],[-86.240188302054889,39.852279945677438],[-86.240373343332081,39.851753861032947],[-86.24078619318982,39.85099587138879],[-86.241161383074243,39.850339933747229],[-86.241436240577954,39.849859398496179],[-86.241736922031592,39.849130595836918],[-86.241828467399287,39.84833641164937],[-86.241801473029341,39.847221389993621],[-86.241769961537415,39.845919718504653],[-86.241757761024644,39.845415753733896],[-86.241731290093512,39.844322235910852],[-86.241715064205167,39.843651912682674],[-86.241773041009097,39.841669535089792],[-86.241964587112477,39.840783258021339],[-86.242272387135031,39.839363100016087],[-86.242365704385051,39.83893253340122],[-86.242307832781549,39.83888390715024],[-86.242461277133756,39.838179441037454],[-86.242575893696468,39.837653223888175],[-86.242644726243313,39.837337198334069],[-86.242729169068866,39.837056278875721],[-86.242954222150203,39.836512653245563],[-86.243228160649764,39.836036626966006],[-86.243512870174001,39.835653857399166],[-86.243818663958763,39.835313811665969],[-86.244279320073517,39.834891769291588],[-86.244640659764784,39.834615978528312],[-86.244977722696945,39.834413332875371],[-86.245060255905727,39.834344880503544],[-86.245068800657577,39.834337793782247],[-86.2446320142123,39.833862152917185],[-86.24428672716796,39.83348837158735],[-86.243889865065285,39.83306140108882],[-86.243458968724525,39.832598325804689],[-86.243300631897853,39.832428269702696],[-86.242968049450724,39.832083679377597],[-86.24231374031433,39.831387235675571],[-86.241194332267398,39.830223313643387],[-86.239824117923149,39.828819228022326],[-86.238812480132395,39.827824125122255],[-86.23725774502995,39.826299377422593],[-86.23494438568747,39.824034429504614],[-86.233978681253774,39.82404184219893],[-86.233342823181303,39.824053576206389],[-86.232730600474923,39.824072363447868],[-86.231991141375374,39.824134283598063],[-86.231243950209702,39.824161338420438],[-86.230574028461731,39.824109823977622],[-86.229910508944883,39.82400167920882],[-86.229739686658917,39.824214046820273],[-86.229355780509565,39.824091867318927],[-86.228733869100878,39.824025465405938],[-86.227400587248425,39.823883098230723],[-86.226234335310394,39.824090369856847],[-86.226008488779627,39.824043230717116],[-86.225786021129068,39.824105675547933],[-86.225425551632128,39.824059027233922],[-86.224870479084117,39.824031844607596],[-86.224367048273606,39.824041129607231],[-86.22408272930862,39.824076124236356],[-86.223838512896791,39.824124309545077],[-86.223622190022937,39.824175105684411],[-86.223385652538894,39.82423045943677],[-86.223095649390331,39.82427817656508],[-86.22283722926052,39.824296573385865],[-86.222449949980941,39.824285046167205],[-86.222012933689513,39.824259000061417],[-86.22165534544429,39.824231542929638],[-86.221439722228055,39.824224338428913],[-86.221105247376215,39.824227996202062],[-86.218075707799954,39.824243806573037],[-86.213967454748811,39.824288995370949],[-86.21139558788505,39.824319972395102],[-86.205453104342553,39.824381692692342],[-86.203467353064738,39.824441684134328],[-86.201696643759831,39.824492071257644],[-86.199617028994112,39.824529438203186],[-86.197516710524738,39.824551420610689],[-86.195587439489969,39.824499150092407],[-86.194830419044592,39.824505683502096],[-86.193903161811875,39.824514767222695],[-86.190493773700027,39.824552205529699],[-86.190487299389019,39.824570411193029],[-86.190230972508033,39.824573206497533],[-86.191774145553538,39.825770018186972],[-86.192511757973136,39.826378056047041],[-86.193538769078373,39.82764468002312],[-86.19407034628415,39.828345526816157],[-86.194639500189382,39.829370782534838],[-86.195032019782175,39.830234549052534],[-86.195212401243012,39.830882892192818],[-86.19518022111248,39.831261718955396],[-86.194937963660436,39.83169559843963],[-86.194485002126896,39.832103388178638],[-86.193749930533031,39.832323118550086],[-86.192907540167042,39.832272844800251],[-86.191747558175777,39.831980567129818],[-86.189110449867115,39.83120806490976],[-86.18847774998703,39.831048621559013],[-86.187565215405982,39.830998624431103],[-86.186128902417067,39.831275549820219],[-86.185042991321538,39.831496795420819],[-86.184237716285338,39.8316261907921],[-86.184181817585127,39.831756357242277],[-86.18417079075796,39.831782034982886],[-86.184269362601285,39.831974144905992],[-86.185070700121301,39.833583543517541],[-86.186192725741421,39.835940725545925],[-86.187697117926618,39.839097265036862],[-86.189143907718432,39.842081016068498],[-86.190311741737943,39.844507252513239],[-86.191580126558435,39.847103832603509],[-86.192949431449762,39.849925393637797],[-86.194815991955636,39.853738216729276],[-86.195639893863998,39.855471190358408],[-86.196557351847503,39.857394315498027],[-86.198160245891856,39.860674048555801],[-86.20026867122769,39.865020011412291],[-86.201273845074098,39.86709257057484],[-86.201747731492176,39.868066558932512],[-86.202306261892559,39.869207845224338],[-86.202875397295685,39.870369980329798],[-86.203427962232311,39.871522983380068],[-86.203981832298012,39.87268160843],[-86.204571623086025,39.873913189681346],[-86.206048472145326,39.876996370257331],[-86.207016479979728,39.879013770308688],[-86.208466466101967,39.882040282431497],[-86.209795050049607,39.884774871621325],[-86.2112420249141,39.88775672203294],[-86.212238821665196,39.889834623630669],[-86.212634055443601,39.890655297602564],[-86.213290262794615,39.89202618448126],[-86.215041170350474,39.895668017577563],[-86.215763688977972,39.897143579702885],[-86.217583063247659,39.900942895814673],[-86.219743079713695,39.905452251289226],[-86.221647051949788,39.909402422126597],[-86.22179626969303,39.909871823614395],[-86.222651351866745,39.911654509522108],[-86.223537422492953,39.913496061460847],[-86.224418708260217,39.915332138566527],[-86.226296782799182,39.919277203459437],[-86.226943064752376,39.920627121003989],[-86.227749319422088,39.922305340841035],[-86.228019479840967,39.922867827605103],[-86.228388363016762,39.92362131365789],[-86.229619770370036,39.926156703577597]]]},"properties":{"OBJECTID":48,"JURISDCTN":"IMPD","DISTRICT":"Northwest","POLICEZONE":"NW60","SHAPE.STArea()":398875377.21919733,"SHAPE.STLength()":102222.67929485421}},{"type":"Feature","id":49,"geometry":{"type":"Polygon","coordinates":[[[-86.045873577821041,39.827466420852723],[-86.045897621112729,39.829370325856843],[-86.045910135373006,39.829976984616181],[-86.045914838802631,39.830275515311108],[-86.045928776625729,39.831373570103032],[-86.045967247394358,39.833168838866506],[-86.045979266778261,39.834413083896287],[-86.045993823633054,39.835329949457069],[-86.046015000986003,39.83672172026165],[-86.046033247343587,39.837894224569943],[-86.046071669592223,39.840397077822331],[-86.049032200333841,39.840392162180549],[-86.050214057580334,39.840391007029822],[-86.051288573822049,39.840388821336518],[-86.052322430224095,39.840389850163966],[-86.053379485204587,39.840387258216701],[-86.05506193617326,39.840383113087128],[-86.055580248752591,39.840385374764949],[-86.055594844339652,39.841855453411256],[-86.055595106290752,39.84190768334286],[-86.055595238536227,39.843841978839379],[-86.055595632536665,39.843894208310424],[-86.055618512479597,39.845412868373288],[-86.05561934700313,39.845465094551763],[-86.055640597640391,39.846721932134336],[-86.055641599277564,39.846774155038482],[-86.055660496176856,39.847655592847666],[-86.053977218231097,39.847661221371133],[-86.052854732427008,39.847653639427399],[-86.051377830573898,39.847658546626235],[-86.050905211107946,39.847660112994696],[-86.050906441621194,39.847712320767755],[-86.05093833482654,39.84847947796181],[-86.050939600438909,39.848531685610823],[-86.050958640174699,39.851290176011297],[-86.050959640670712,39.851342394420357],[-86.051007393805094,39.852862360022705],[-86.05100835931384,39.85291457853306],[-86.051013210659107,39.853784387412375],[-86.051928982783778,39.853781349617549],[-86.05192895811787,39.853833581306809],[-86.051921225823619,39.855012700811677],[-86.051921295464226,39.855054209712357],[-86.049348235070852,39.855042137277898],[-86.047006224554096,39.855057485521655],[-86.047017876277337,39.85598615595768],[-86.047059116415269,39.857811328724523],[-86.047083614559952,39.859426405553279],[-86.047104037054254,39.860302967174349],[-86.047091571632464,39.860867411799653],[-86.047111397949763,39.86163589769199],[-86.04715131858849,39.863220901795934],[-86.047175954493014,39.864859992943821],[-86.04717692952029,39.865330375969215],[-86.047718376963516,39.865190974741317],[-86.048979625161834,39.864660234912378],[-86.051332702791214,39.863862571780274],[-86.053414913337122,39.863513364624737],[-86.055637034818545,39.863742899187294],[-86.056627550901268,39.863686915015016],[-86.057343843197572,39.863473868311488],[-86.058126964540406,39.862997298603759],[-86.058567972649271,39.862442890481091],[-86.05901092305858,39.862230756643065],[-86.05969392689569,39.862175786019783],[-86.060787665778435,39.862251062650458],[-86.061814889372556,39.862642510681283],[-86.063767935027201,39.863610030983942],[-86.063906118036641,39.863872852650751],[-86.065892325811106,39.864655917974986],[-86.066645975595804,39.864995604907129],[-86.067533540407993,39.864860893146194],[-86.068111302585891,39.864332305530205],[-86.068275214179437,39.863790640655303],[-86.068036855709494,39.862867654729591],[-86.068100101782505,39.862410293972879],[-86.068714309983193,39.862276518863567],[-86.07018341358615,39.862271417606998],[-86.072057078455018,39.86134335305637],[-86.073625702007675,39.860837599860588],[-86.0739979320808,39.860230715911129],[-86.073998564167027,39.860178501981579],[-86.074053704860788,39.858332584914294],[-86.074054741351418,39.858282560872574],[-86.073613473276424,39.857173400391709],[-86.073941043241774,39.856386810371596],[-86.074964664408398,39.856172576258878],[-86.075306442573591,39.85619770200968],[-86.076126022489092,39.856142152582656],[-86.077560990299162,39.856163408708511],[-86.078039732245159,39.856240700548781],[-86.079954078898425,39.856444531600317],[-86.08067117074944,39.856389316062383],[-86.081796145588228,39.855990352579916],[-86.082407092274622,39.855329927386556],[-86.082404473366978,39.855277818697985],[-86.082375042877302,39.854956063120603],[-86.082369465286135,39.85491076597777],[-86.082184278050121,39.853918510006054],[-86.081940808460828,39.853724514096513],[-86.082033172769627,39.853318207022902],[-86.082682636472342,39.852706915979589],[-86.083071477430096,39.852551250706036],[-86.083659880496583,39.85229743169316],[-86.084404325561351,39.851718267597604],[-86.08521442773133,39.851544837419347],[-86.086047029483964,39.851606786610184],[-86.086385460058779,39.851824789910729],[-86.086712863533236,39.851961635951419],[-86.08720696182678,39.851969527975911],[-86.087200163656547,39.852013079239782],[-86.087822783934186,39.852010820466617],[-86.088668720856248,39.851690322590706],[-86.090033477360123,39.851041166282087],[-86.09052629786413,39.850423190246644],[-86.091535441024874,39.849075115939108],[-86.092379248568861,39.848418501413413],[-86.092947424127516,39.848130444388332],[-86.093756662431957,39.8478284592411],[-86.094176803453621,39.847337624898742],[-86.094702560696859,39.846819218054527],[-86.095300360457742,39.846545185167557],[-86.096181451513175,39.846460378794397],[-86.09674686105096,39.846648563028488],[-86.097560653187529,39.847080462880086],[-86.097843106909437,39.847133778698463],[-86.099148396301544,39.847210468246416],[-86.100418594484111,39.847314454707998],[-86.102357789239747,39.84725282344116],[-86.10362316887084,39.846595682404057],[-86.10375596919377,39.845908290284157],[-86.103194636630022,39.844842299991456],[-86.103570330286175,39.843823259644367],[-86.103886141958895,39.843577427234386],[-86.104237385730968,39.843358641631319],[-86.104902876973867,39.84264938303356],[-86.10531927370404,39.841587688425506],[-86.107256392512483,39.841226974413075],[-86.107572004125501,39.840953949538445],[-86.107841962268481,39.840249590875871],[-86.107681189547819,39.840250951514143],[-86.107790303840375,39.840129530735588],[-86.10765582853449,39.840130669751879],[-86.107623915500753,39.84020456855113],[-86.106252736382672,39.840209429081483],[-86.102824486229565,39.840240898917557],[-86.101368015925132,39.840230237193794],[-86.10087465276581,39.840216300543581],[-86.100318720728794,39.840189553986995],[-86.099176858673232,39.840099105737359],[-86.098843914214413,39.840067403603264],[-86.098406858308749,39.840043981485387],[-86.098234014115363,39.840041192141229],[-86.097869771210796,39.840040486722998],[-86.097401800781313,39.840060584429096],[-86.096224560415905,39.840153998638847],[-86.09542511534282,39.840195389389208],[-86.094639769416588,39.84020446600961],[-86.093878271344124,39.840196120597888],[-86.093857185214986,39.838117886407609],[-86.093824866362084,39.837791912143693],[-86.093774510857173,39.837523370684949],[-86.093773494382972,39.83746508571064],[-86.093776726911571,39.837407342608238],[-86.093781666567168,39.837364158869917],[-86.093789112394489,39.837321188370012],[-86.093802361456724,39.837264302754122],[-86.09382132993305,39.837209960288085],[-86.093913389490083,39.837042407237149],[-86.093954717536306,39.836979695328523],[-86.093996764353363,39.836917226640253],[-86.094065543736292,39.836817932796592],[-86.094119015380059,39.836744191506597],[-86.094205444217906,39.836620077605417],[-86.094249332281251,39.836542610368248],[-86.09427781744823,39.836490199812303],[-86.094308909220032,39.83642331396355],[-86.094336833243702,39.836355603059822],[-86.094356716886935,39.836300866234033],[-86.094369783207142,39.836259452044686],[-86.094403370518322,39.836134225907699],[-86.094427156739386,39.835993336298841],[-86.094432793771247,39.835936659700174],[-86.094436204557056,39.835879877824752],[-86.09443726504,39.835808830778902],[-86.094397443033387,39.83562183615593],[-86.094368891720109,39.835497576743528],[-86.094275971448468,39.835051653798217],[-86.09420256182473,39.834701732551324],[-86.094155331572381,39.834476602763026],[-86.094145005033369,39.834413804576926],[-86.094139375485526,39.834371827915739],[-86.094132631405841,39.83430874092199],[-86.094118675720679,39.834180828556683],[-86.09411083651645,39.834094855031182],[-86.0941060966354,39.834037516839544],[-86.094101659377642,39.833937024563767],[-86.094092981209158,39.832977232550434],[-86.09260246074831,39.832991938954983],[-86.09258610752812,39.831514830747984],[-86.092558529961991,39.829394690693931],[-86.092519055983203,39.827246356540726],[-86.092496707340544,39.825741962267031],[-86.092473907229632,39.825466498632949],[-86.092470027003159,39.825466536290897],[-86.092469083133125,39.825438524328725],[-86.092466142061525,39.825383495009632],[-86.092461080928999,39.825328473470421],[-86.092455056695258,39.825273545532127],[-86.092447002132189,39.825217454169298],[-86.092442113950938,39.825190447420461],[-86.092431079862251,39.825135537864341],[-86.092418893236612,39.825081444042148],[-86.092404100930324,39.825026458205969],[-86.092388062586664,39.824972467679544],[-86.09220905733325,39.824429479109789],[-86.092201103952988,39.824405456710466],[-86.092183070819559,39.824340483454421],[-86.092166103270145,39.824276497927819],[-86.092153031964187,39.824219433291468],[-86.092140106242724,39.824154531363661],[-86.092126063837227,39.82408053583076],[-86.092115110078225,39.824007519709767],[-86.092107138116916,39.823933501012114],[-86.092100129824885,39.82385947968011],[-86.092097079957526,39.823802469254396],[-86.092094072043494,39.823736540209886],[-86.092092050570969,39.823502514034395],[-86.092077115120318,39.82195550047328],[-86.092076440210064,39.821946065692899],[-86.090968021640762,39.821961609817961],[-86.090222431762484,39.821972986784836],[-86.088999441616892,39.821986222871047],[-86.0884610466032,39.821991049121074],[-86.087780120039724,39.82200198345835],[-86.087096491842914,39.822008558025225],[-86.086417533101368,39.82201547194073],[-86.085755852094778,39.822021820503508],[-86.085054900389338,39.822029982162128],[-86.083671549293058,39.822039462040735],[-86.083641358512295,39.8201772531093],[-86.083612815986271,39.818369435658482],[-86.083586379772115,39.816552489839601],[-86.083577909504143,39.816150190841384],[-86.083553007926326,39.814671562823364],[-86.083524036244683,39.812995897597112],[-86.08352459287147,39.812879043839061],[-86.083528520427578,39.812693038558749],[-86.083531300213309,39.812526027226617],[-86.083530500255691,39.812393597556536],[-86.083522822727275,39.811658722052698],[-86.083508804178962,39.810946703152553],[-86.083365102189205,39.810959684646505],[-86.083240986101714,39.810979389441549],[-86.082921283142554,39.811053722935746],[-86.08276512059615,39.811101333413319],[-86.082627587548217,39.811145245376203],[-86.082432740799192,39.811216422438996],[-86.082207309278644,39.811320151028426],[-86.08160918245305,39.811633290133202],[-86.080395877431258,39.812268477106549],[-86.078817787155472,39.813094598288146],[-86.078588698173078,39.813213832538374],[-86.078123934075364,39.813455585277872],[-86.077319858775823,39.81388011987913],[-86.077128699386265,39.813981046779489],[-86.076975448102942,39.814060437484457],[-86.076790245854497,39.814154193203088],[-86.076666567662301,39.814216449907434],[-86.076517140748223,39.814287466428254],[-86.075829350357438,39.814600303297212],[-86.075735263724169,39.814642317366861],[-86.075542986886731,39.814720776454415],[-86.075478375668382,39.814746159062572],[-86.075413508656979,39.814771152543656],[-86.075315741808623,39.814807912090963],[-86.075250256905747,39.814831929524033],[-86.075151581857284,39.814867215925069],[-86.075019196245265,39.814912882273511],[-86.074885908734132,39.814956955648242],[-86.074818934333507,39.814978390439471],[-86.074718072861813,39.81500979054568],[-86.074416028246404,39.815107875753228],[-86.074113680433271,39.815204603021385],[-86.072939004076034,39.815590596376772],[-86.071769540996982,39.815973582002563],[-86.071112750898934,39.816192210781232],[-86.070896659803054,39.816262791312298],[-86.069862684801549,39.816605095708177],[-86.0692452557563,39.816809494178585],[-86.068951779203744,39.816908242456485],[-86.068169107535894,39.817170039655757],[-86.067496575385391,39.817394990035226],[-86.066895394756429,39.817595896398529],[-86.066040962622679,39.817881428041666],[-86.065621569443593,39.81802157651628],[-86.064710875794376,39.818326638283509],[-86.063541010126997,39.818885303514953],[-86.062366504165624,39.819447509699032],[-86.061924094412291,39.819658149714321],[-86.061623843103462,39.819801401234322],[-86.060365676490903,39.820401657858767],[-86.058671522469652,39.821210126192625],[-86.057486382967738,39.821775661196774],[-86.056171534729941,39.822403068063075],[-86.055265064078995,39.822835593071531],[-86.054440149716655,39.823228626699716],[-86.05261488278353,39.824098248121764],[-86.052162398925361,39.824313818235964],[-86.051822228289794,39.824475879453225],[-86.051487882234596,39.824634539223375],[-86.050602125503971,39.825056607573792],[-86.049718136905895,39.825477822981128],[-86.049178572038912,39.825734916147105],[-86.048885424455833,39.825876403532916],[-86.048665757450991,39.825974447461945],[-86.048322698858186,39.826140885178084],[-86.047107773909417,39.826730295970627],[-86.046471436643458,39.827039000661713],[-86.046135817789278,39.827201815656124],[-86.045867403268204,39.827331757936854],[-86.045873577821041,39.827466420852723]]]},"properties":{"OBJECTID":49,"JURISDCTN":"IMPD","DISTRICT":"North","POLICEZONE":"ND30","SHAPE.STArea()":187878661.0228655,"SHAPE.STLength()":73637.235117995195}},{"type":"Feature","id":50,"geometry":{"type":"Polygon","coordinates":[[[-86.245060255905727,39.834344880503544],[-86.244977722696945,39.834413332875371],[-86.244640659764784,39.834615978528312],[-86.244279320073517,39.834891769291588],[-86.243818663958763,39.835313811665969],[-86.243512870174001,39.835653857399166],[-86.243228160649764,39.836036626966006],[-86.242954222150203,39.836512653245563],[-86.242729169068866,39.837056278875721],[-86.242644726243313,39.837337198334069],[-86.242575893696468,39.837653223888175],[-86.242461277133756,39.838179441037454],[-86.242307832781549,39.83888390715024],[-86.242365704385051,39.83893253340122],[-86.242272387135031,39.839363100016087],[-86.241964587112477,39.840783258021339],[-86.241773041009097,39.841669535089792],[-86.241715064205167,39.843651912682674],[-86.241731290093512,39.844322235910852],[-86.241757761024644,39.845415753733896],[-86.241769961537415,39.845919718504653],[-86.241801473029341,39.847221389993621],[-86.241828467399287,39.84833641164937],[-86.241736922031592,39.849130595836918],[-86.241436240577954,39.849859398496179],[-86.241161383074243,39.850339933747229],[-86.24078619318982,39.85099587138879],[-86.240373343332081,39.851753861032947],[-86.240188302054889,39.852279945677438],[-86.240045866687396,39.853274864924117],[-86.240045520452398,39.85328114426909],[-86.24004279913845,39.85328118023677],[-86.240023279099688,39.853445623723317],[-86.240054516239383,39.854631865358478],[-86.240256826370938,39.856015046848825],[-86.240503691986973,39.857702782966584],[-86.240604964423866,39.858342860317563],[-86.240926865018295,39.859557867725336],[-86.241275316197218,39.860575878091048],[-86.241603935695139,39.861492821186459],[-86.242391163519784,39.862688051671618],[-86.243338199807212,39.863884159153173],[-86.243670460504418,39.864499725767466],[-86.243848027067315,39.864940976857412],[-86.244071395140494,39.865861630494507],[-86.244181256715777,39.866648250119489],[-86.244279025576489,39.867348270706024],[-86.244208540486625,39.867349416971315],[-86.244473406387911,39.872191000398033],[-86.244560201900043,39.876228515091498],[-86.244432141853025,39.879012894205189],[-86.244199319755566,39.882007052092412],[-86.243476512506163,39.88559202446217],[-86.242144483732133,39.891209181685163],[-86.241104464193697,39.894573123506767],[-86.243434785468366,39.899011788648039],[-86.248449784406347,39.909660838324264],[-86.255793302464028,39.925321110537382],[-86.259770954041286,39.925114207946102],[-86.268069625477551,39.924948270328841],[-86.275475484651267,39.924801529508208],[-86.27868466009096,39.924712230511084],[-86.291174679199358,39.924610973519052],[-86.294709798036379,39.924565456906095],[-86.297231394691082,39.924535643209225],[-86.300285101955993,39.924501838670508],[-86.302249948989413,39.924487310259323],[-86.306754813916399,39.924400076054475],[-86.313443428322245,39.924278544737717],[-86.316171536325342,39.924232411643331],[-86.316978692487453,39.924222740221829],[-86.320639278323384,39.924217250232772],[-86.32610511670471,39.924166048339906],[-86.325995075500046,39.913662900433181],[-86.32603220118105,39.902535050347502],[-86.325970323247304,39.882286121201695],[-86.325985760365214,39.87919682265413],[-86.303397791962084,39.884822783438175],[-86.303370282562497,39.884721644660175],[-86.30331152382081,39.882926431270377],[-86.303187638819423,39.879141115273633],[-86.303146102721485,39.875742625662205],[-86.303143190864247,39.871996342108943],[-86.303205306784989,39.86801324798045],[-86.303278489965919,39.863320044150406],[-86.303319466475486,39.860692038317495],[-86.303710722925416,39.858248659566449],[-86.304247871646481,39.854893920425994],[-86.304640917709307,39.850435058518862],[-86.304755763542147,39.846528602862868],[-86.30490034969209,39.841609998712123],[-86.304985286968943,39.838720332744593],[-86.305016010521712,39.837675024643069],[-86.302287436509147,39.837754434617082],[-86.298847133129115,39.837854465639182],[-86.297857734481198,39.838876333948541],[-86.296357051323312,39.836883044740688],[-86.294116469435849,39.837671705097002],[-86.293216403944399,39.837942574886092],[-86.293073625299741,39.837721119286172],[-86.292637166632176,39.8378004901449],[-86.289665249052035,39.837855095744779],[-86.287157595402917,39.837898910934072],[-86.284552225789483,39.837948654941634],[-86.281099017863795,39.83801272595516],[-86.280014320368906,39.838034185986146],[-86.27601125557959,39.838145137655751],[-86.276010088927677,39.838112013682988],[-86.275835552430124,39.838115406223423],[-86.27333135246684,39.838164101271595],[-86.27189098447505,39.838192084936573],[-86.27064612930441,39.838216256252458],[-86.268136120215857,39.838253493090647],[-86.264965670712144,39.838300449455325],[-86.262272169080333,39.838340273600195],[-86.259386981308836,39.838384083290364],[-86.256462333963682,39.838424184104049],[-86.256452847782967,39.838424254847403],[-86.256452800650266,39.838421886333826],[-86.255592788105048,39.838430596531708],[-86.254282394537739,39.838440246781808],[-86.253268042201967,39.838447705703267],[-86.252323464522902,39.838454645018956],[-86.251817216602547,39.838476916076814],[-86.251565745844033,39.838501909557877],[-86.250919176394106,39.838592104436799],[-86.24970121414556,39.838705183360844],[-86.249303046692489,39.838809567023752],[-86.247387138010268,39.836798536905341],[-86.245080777264306,39.834350427179217],[-86.245060255905727,39.834344880503544]]]},"properties":{"OBJECTID":50,"JURISDCTN":"IMPD","DISTRICT":"Northwest","POLICEZONE":"NW80","SHAPE.STArea()":621833933.90693986,"SHAPE.STLength()":112925.15753851812}},{"type":"Feature","id":51,"geometry":{"type":"MultiPolygon","coordinates":[[[[-86.23725774502995,39.826299377422593],[-86.238812480132395,39.827824125122255],[-86.239824117923149,39.828819228022326],[-86.240039716178529,39.828627013830804],[-86.240188016506266,39.828433615204354],[-86.240316985609965,39.828171137012632],[-86.240375908238804,39.827922564631322],[-86.240378842291307,39.827669884629358],[-86.24031844864777,39.827027240849823],[-86.240270257620026,39.826514434710987],[-86.240233103759067,39.826119073416002],[-86.240197403519559,39.825739170283605],[-86.240164001457188,39.825383725132532],[-86.240133540521271,39.824867765268351],[-86.240114165976621,39.824412877175],[-86.240100347702963,39.823737313808643],[-86.239970569525184,39.816675444086854],[-86.23996924753601,39.816675460526298],[-86.239961002735399,39.815982003903017],[-86.239862421777218,39.808803287569255],[-86.239858245212147,39.806036783789509],[-86.239856080425071,39.805568387341332],[-86.239851381303765,39.805236920861887],[-86.237653572117139,39.805260453363182],[-86.237660099041406,39.805726770408747],[-86.234991608982369,39.805750851930156],[-86.234936992678612,39.80852004558939],[-86.23439995815643,39.808520958669526],[-86.232749184123662,39.808521474446827],[-86.232741364207968,39.80211547301294],[-86.225678097901223,39.802127762012297],[-86.225667505821534,39.801533215659859],[-86.225603530415583,39.798514673724569],[-86.225586153347578,39.797693926641294],[-86.225544381734096,39.792238596549304],[-86.225556706545532,39.794762359303967],[-86.224775135309585,39.794977453268793],[-86.2236050947444,39.794997488127656],[-86.222435150261816,39.795017509828909],[-86.221264138050358,39.79503653499718],[-86.22060814193641,39.795047505052025],[-86.220368161296292,39.795051443355732],[-86.219985076723404,39.795057504676464],[-86.218627150301486,39.795080456619338],[-86.217269127772752,39.79510348319603],[-86.215895137327408,39.795153503225293],[-86.215901163612699,39.795172482536209],[-86.215907117351463,39.795194524483136],[-86.215910181860338,39.795216490037198],[-86.215913165941416,39.795240527522942],[-86.2159141275568,39.795252503742567],[-86.21591614317559,39.795469502691617],[-86.214069159368833,39.795484445565016],[-86.213151145829698,39.795490483682705],[-86.212269152546767,39.795496526222394],[-86.211163149641607,39.795504513140003],[-86.211179017278781,39.795159514565349],[-86.20970298429971,39.795167421907166],[-86.208548075916042,39.795177505053005],[-86.208539118470497,39.795177546880574],[-86.207487239968785,39.795184435395043],[-86.207482135437687,39.795184459184519],[-86.207476067677334,39.795184487462784],[-86.206961208041193,39.795188506980438],[-86.206420151738968,39.795192465929944],[-86.205555113473011,39.795198468632719],[-86.205898209894357,39.795510541102082],[-86.205699045458005,39.795635419054051],[-86.205678247412422,39.795648487176983],[-86.205656285046373,39.79566048079522],[-86.205633167485061,39.795672568941434],[-86.20561014541714,39.795684476504611],[-86.205586048435705,39.795694497638479],[-86.20556224100207,39.795704517422749],[-86.205537084319886,39.795714452499467],[-86.205512208996495,39.795723486490346],[-86.205487036838591,39.795731440143896],[-86.205461087064407,39.795738497628555],[-86.205435234185359,39.795745553756859],[-86.20540927525839,39.795751439494751],[-86.205382249857919,39.795756519570659],[-86.205355321123236,39.795761419056575],[-86.205328287979242,39.795765507513082],[-86.205301246873333,39.795768426023926],[-86.205274302903078,39.795771523311863],[-86.205246186894882,39.795772555382221],[-86.203167248741408,39.7957974087049],[-86.199694907318985,39.796205808195118],[-86.199236913070763,39.79635339430709],[-86.199214453715499,39.79636349667075],[-86.199100235641922,39.796415007080611],[-86.199091404799759,39.796418921400182],[-86.198842171393039,39.796510236603716],[-86.198828634375431,39.796515883767668],[-86.198765558276861,39.796542207013076],[-86.198598602833542,39.796624315976707],[-86.198462431698402,39.796701780253692],[-86.198343114737938,39.796779077082967],[-86.198304866526854,39.796802673463212],[-86.198253749276063,39.796843625339996],[-86.198236228194688,39.79685730759055],[-86.198113413967206,39.796955879726987],[-86.197992375395799,39.797047326471443],[-86.197937733124462,39.797093339026581],[-86.197878246067276,39.797135679166743],[-86.197700969878483,39.797253778202716],[-86.197688504783443,39.797261131609815],[-86.197664085678895,39.797279439680374],[-86.197636775395424,39.797297580839896],[-86.197625473823351,39.797305920559033],[-86.197401497270164,39.797450896376986],[-86.197304450245809,39.797506290349446],[-86.197168166313389,39.797594563514231],[-86.197041521632983,39.797709841520216],[-86.197039328743756,39.797711808708662],[-86.197008625784406,39.7977397843798],[-86.197002897859747,39.797746386382549],[-86.196983261004931,39.79777305052761],[-86.196975156626621,39.79778371732553],[-86.196866909461775,39.797898346338087],[-86.196808451415478,39.79794941956925],[-86.196753364528334,39.79801299854811],[-86.19675136714379,39.798016251001179],[-86.196647486071427,39.798197790783782],[-86.19664358840086,39.798204474476805],[-86.196614305912433,39.798254333546971],[-86.196582311574304,39.798314924820858],[-86.19658108293396,39.798318083692841],[-86.19657058487762,39.798355695161746],[-86.196556755556756,39.798398637621951],[-86.196525919325211,39.798484627113304],[-86.196525258056283,39.798486251346738],[-86.196488708573213,39.798568303046132],[-86.196455761069345,39.79863024964596],[-86.196412571384514,39.798712962107473],[-86.19639673011153,39.798744653499796],[-86.196393612208425,39.798752684635879],[-86.196392303486363,39.798757735287488],[-86.196391474653169,39.798762783748387],[-86.196389925599959,39.798799364505051],[-86.196387841790454,39.798829100775841],[-86.196383394588381,39.798864613051869],[-86.196367569160756,39.798936120479354],[-86.196365600759734,39.798943156526086],[-86.196362878307966,39.798952356732649],[-86.196336834209248,39.799022739923252],[-86.196319774361044,39.799071552380546],[-86.196318700652128,39.799082277107495],[-86.196315272970054,39.799137603164368],[-86.19631501034614,39.799141116992992],[-86.196314139449228,39.799153012571402],[-86.196310521939282,39.79918374658115],[-86.196309611859576,39.799190686828062],[-86.196309154297822,39.7991937521099],[-86.196304388445768,39.799225483003042],[-86.196303903759301,39.799237646120091],[-86.196303738744916,39.799241250471233],[-86.19630288532484,39.799255576889578],[-86.196298876886274,39.799310545325348],[-86.196298614053731,39.799313879920618],[-86.196297462079741,39.799327036824792],[-86.196292910766061,39.799361468760488],[-86.196285738247965,39.799405821877933],[-86.196285442760896,39.799417533793836],[-86.196285391156607,39.799498788360971],[-86.196286096275472,39.799515360251725],[-86.196288863801996,39.79953714754086],[-86.196289274688638,39.799540479061058],[-86.196307943247234,39.799676237150749],[-86.196311995273533,39.799714773819119],[-86.196313114745251,39.799735127550342],[-86.196313366668591,39.799755485241256],[-86.196313444757507,39.79976566430517],[-86.196313471703789,39.799769176811765],[-86.196315118709123,39.799782952312277],[-86.196315615664346,39.799785021594786],[-86.196338981727976,39.799830045926626],[-86.196348615912001,39.799842794226763],[-86.196444402302063,39.799961625139524],[-86.196513870504035,39.800064902611119],[-86.196514846244682,39.800066519369366],[-86.196938167285623,39.80054220147791],[-86.196981264346419,39.800585244090662],[-86.197011852342698,39.800617533067403],[-86.197028855165073,39.800636553250605],[-86.197041584843191,39.80065108869109],[-86.197082595281728,39.800698373970469],[-86.19714720507379,39.800758163491011],[-86.197183927950647,39.80078646140926],[-86.197197978630783,39.800797387195757],[-86.197200691346396,39.800799537311669],[-86.197388502874077,39.800947854426603],[-86.1973977093607,39.800955198747062],[-86.197450727328018,39.800998195805548],[-86.19746177855383,39.801007333030732],[-86.19752372717754,39.801059297745432],[-86.197560678360603,39.801092188836044],[-86.197733674080979,39.801255166785147],[-86.197741339340524,39.801262518131331],[-86.197752013641974,39.801272738762805],[-86.197849573754951,39.801371112358687],[-86.197909558744911,39.801443083515267],[-86.19799648445607,39.801573845267001],[-86.198022944707816,39.801632727254137],[-86.198043058182023,39.801693080277381],[-86.198056631754298,39.801754544054084],[-86.198062170894062,39.801798478779276],[-86.198064069206723,39.801819819659841],[-86.198067450752191,39.801846198422211],[-86.198076807146222,39.801885431260011],[-86.198081705747271,39.801908649814983],[-86.198087723062685,39.801939610842865],[-86.198094407610483,39.801982009173905],[-86.198096177123148,39.801999206642691],[-86.198096396827438,39.802002718264539],[-86.198096495349418,39.80200307808289],[-86.198099562850288,39.802026125788451],[-86.198103049706361,39.802041152874033],[-86.198131268618809,39.802128223271993],[-86.198135612198143,39.802141986389771],[-86.198154497536819,39.802205227169104],[-86.19816832370914,39.802249574265488],[-86.198173565394512,39.802267296232628],[-86.198184065422794,39.802304902607496],[-86.198195558650994,39.802333946229247],[-86.198241476655014,39.802442825497131],[-86.198261841302312,39.802498132648729],[-86.198284847303952,39.802571173670295],[-86.198303920939054,39.80263396412127],[-86.198310422764195,39.802652761116008],[-86.198329433296877,39.802719785017501],[-86.198334340375723,39.802744085228497],[-86.198334542060266,39.802745255180263],[-86.198334846905027,39.802747235265741],[-86.198347855460284,39.802785460600326],[-86.198354914504208,39.802801553017716],[-86.1983860330878,39.80288978093057],[-86.198394695465495,39.802926495028856],[-86.198397304218886,39.802939994981507],[-86.198399319707832,39.802951516170488],[-86.198410367666398,39.802997768278011],[-86.19845514827071,39.80314655880786],[-86.198471468663826,39.803214495682049],[-86.19847593984835,39.803244653161954],[-86.198477906323575,39.803262390122427],[-86.198478749865416,39.803271845131071],[-86.198492298455392,39.803317544462566],[-86.198498493244244,39.803333911032695],[-86.198505756151675,39.80335144358267],[-86.198513210344018,39.803368795120662],[-86.19854485143135,39.803462335461617],[-86.198553949278235,39.803505533298711],[-86.19855791444013,39.803532449767665],[-86.198558938388217,39.803540461969888],[-86.198559145637603,39.803542353335139],[-86.19857755921872,39.803606857134326],[-86.198591406814387,39.803666338088583],[-86.198595054645097,39.803689652415137],[-86.198595877388726,39.803696405496808],[-86.198602954493964,39.80375240395756],[-86.198603680787045,39.803759066513209],[-86.198620729603917,39.803909064890256],[-86.198622931625025,39.803932205708257],[-86.198623380138159,39.803940401582707],[-86.198625375397626,39.803974443299559],[-86.198626389733846,39.804006057694551],[-86.19862599428491,39.804029750823979],[-86.198623487832776,39.804066966435784],[-86.198616144121658,39.804138975624475],[-86.198613605728184,39.80417204738302],[-86.198613611974537,39.804172857960531],[-86.198613961526462,39.804193215182011],[-86.198614177101078,39.804196186416284],[-86.198622908269371,39.804241637606964],[-86.198630220904619,39.804290608827046],[-86.198632236050798,39.804314652074204],[-86.198633162229314,39.804334825616216],[-86.198636178461996,39.804438766619967],[-86.198636351314576,39.804461196199476],[-86.198635915611789,39.804479665605569],[-86.198633749367005,39.804511023476266],[-86.198628756260987,39.804563024231591],[-86.198626775699793,39.804581049482209],[-86.198620781034364,39.804628099322905],[-86.198620502553695,39.804629542577729],[-86.198615081692864,39.804663618288515],[-86.198613416137292,39.804672363356843],[-86.198610211076073,39.804694087881998],[-86.19860726901176,39.804712208507667],[-86.19859496887203,39.80476613327027],[-86.198587377695318,39.804793462976711],[-86.198580603236849,39.804826914418584],[-86.198580369651964,39.804834032610586],[-86.198580405202151,39.80490123349135],[-86.19858072395138,39.804905015759132],[-86.198581829832008,39.804923657330988],[-86.198582183976313,39.804932032870816],[-86.198582323459135,39.804937707374457],[-86.198583279087828,39.804986707732027],[-86.198583127667106,39.805017066523085],[-86.198581607177047,39.805044638601679],[-86.198575438041885,39.805094212022325],[-86.198565498273254,39.805154252338738],[-86.198565128887353,39.805156325580661],[-86.19856049597476,39.80518021826385],[-86.198542696103303,39.805245429345426],[-86.198539778953872,39.805254361184112],[-86.198538658307839,39.805258960655507],[-86.19853782239214,39.805262927449746],[-86.198533414066873,39.80529096310007],[-86.198533461297529,39.805309520356971],[-86.198533342190103,39.805319068940904],[-86.198533128030206,39.805328708928528],[-86.198532208638909,39.805347000413917],[-86.198525238561956,39.805454950138213],[-86.198522931600891,39.805480634404901],[-86.198518185796075,39.805514887146956],[-86.198500742022233,39.805588743950686],[-86.198448104906404,39.805783382909937],[-86.198437069933746,39.805838923960927],[-86.198436418355243,39.805841809101388],[-86.198429800315566,39.805870575410381],[-86.198404385868784,39.8059477120471],[-86.198381416485518,39.806004659690942],[-86.198362668371786,39.80604672327641],[-86.198314965985261,39.806144230766279],[-86.198310264240988,39.806159206185725],[-86.198295254134763,39.806211432041344],[-86.198293376403726,39.806217656190064],[-86.198266294201389,39.806291016705359],[-86.198243287605067,39.806343009886277],[-86.198241486412201,39.806346891032469],[-86.198213874247088,39.806401337123326],[-86.198121226557419,39.806529137396311],[-86.198114636633676,39.8065365548998],[-86.19809155706308,39.806566657522211],[-86.198081278405951,39.806595350505852],[-86.198075237542596,39.806611592990009],[-86.198048815886551,39.806670537853755],[-86.198016117462998,39.806727529072148],[-86.197977429787798,39.806782296022192],[-86.197932940895157,39.806834387500508],[-86.197887065046444,39.806881529807633],[-86.197821063849545,39.806954527976316],[-86.197790484089055,39.806986557183421],[-86.197692491707286,39.807083483077726],[-86.197642599541382,39.807134428295363],[-86.197599277938281,39.807175433321319],[-86.197568086461715,39.807202961001977],[-86.197534314673362,39.807233292565748],[-86.197529345657586,39.807238450036309],[-86.197520282629029,39.807250021915948],[-86.197435925674867,39.807341301035798],[-86.197296278875967,39.807470846753667],[-86.197266263314091,39.80750098182731],[-86.19713702362894,39.807631020165388],[-86.197135301960301,39.807632649247658],[-86.197130332193936,39.807637716637039],[-86.197052927162233,39.807706173063167],[-86.196941947421934,39.807793158407755],[-86.196913979997021,39.807814185430715],[-86.196890893299525,39.807830866013333],[-86.196846442675877,39.807863048418284],[-86.196811485579673,39.807889512291567],[-86.196733758512053,39.807953825077355],[-86.196698137422288,39.807981733026274],[-86.196651203191394,39.808016719687615],[-86.196645647010158,39.808020708026213],[-86.196615761356639,39.808042734478406],[-86.196513189730581,39.808108242290238],[-86.196488250339755,39.80812213916608],[-86.19642228671222,39.808162796794619],[-86.196391048215716,39.808184469095913],[-86.196348970989661,39.808212046141421],[-86.196260262761825,39.808276588869738],[-86.196107756955683,39.80841303874945],[-86.196055840755776,39.808464081679368],[-86.196029347730899,39.80848906562251],[-86.195974307722039,39.808534807895889],[-86.195868399981663,39.808605104820053],[-86.195827086113013,39.808631776620231],[-86.195822017872047,39.808636664267539],[-86.195813996076069,39.808645799446921],[-86.195796928037495,39.808668757974615],[-86.195779854250873,39.808690815853076],[-86.195705615001842,39.808783038303751],[-86.195676796604516,39.808818841742756],[-86.195672883754597,39.808823634048586],[-86.195660478293405,39.808838914678624],[-86.195633766953392,39.808873087289562],[-86.19559175913777,39.808922463628051],[-86.195566822430607,39.808949421850308],[-86.195499595820067,39.809013956141129],[-86.194923791105367,39.809453338652986],[-86.194774207652941,39.80956748090675],[-86.194711393351056,39.809680299536417],[-86.194533501688483,39.80999979848788],[-86.194622121129186,39.810099476249626],[-86.194425141901263,39.810417461367479],[-86.194185145677324,39.810779510773777],[-86.194105069737716,39.810940490837801],[-86.193943122232881,39.811166522011462],[-86.19380612972337,39.811380458837647],[-86.193694109989138,39.811559509807189],[-86.193607856229875,39.81171925662926],[-86.193593132030074,39.811746528308035],[-86.193408110795161,39.811966447951072],[-86.193344725557267,39.812055376257739],[-86.193324795453549,39.812083348836865],[-86.193212141723606,39.8122414561646],[-86.193068219262642,39.812469475826951],[-86.193060405155606,39.812480681415806],[-86.192848072801695,39.812783329206709],[-86.192843116978437,39.812790467892505],[-86.192640121177803,39.813079470997977],[-86.192573018467911,39.813161298609224],[-86.192449123509647,39.813312477715257],[-86.192386091010263,39.813397440025724],[-86.192209104079481,39.813623536847537],[-86.192106311852569,39.813750207275348],[-86.191994069033356,39.813888450803276],[-86.191822143362984,39.814159474851415],[-86.191710106092032,39.814375547847696],[-86.191668338177863,39.814457260277891],[-86.19161318801936,39.814565518400755],[-86.191463180121985,39.814843468871231],[-86.191387927049632,39.814993975559602],[-86.191353097108959,39.815063406453206],[-86.191272082891416,39.815254566625804],[-86.191123106691919,39.815630521284405],[-86.191059174388187,39.815800433786848],[-86.191046370641573,39.815839677185316],[-86.19098621181125,39.81602452734424],[-86.190865183817081,39.816300544679507],[-86.190847807904547,39.816372148232084],[-86.190831088731315,39.81644149623417],[-86.190758127735151,39.816640456372994],[-86.190676081746886,39.81684846600912],[-86.190621842815446,39.817001038862372],[-86.190607126783121,39.817042453353466],[-86.190570143070175,39.817145494176103],[-86.190512896088606,39.817295288471591],[-86.190483140874449,39.817373433585125],[-86.190469707271035,39.817418715155092],[-86.1904139497464,39.817879104687492],[-86.19030771214122,39.818340083159676],[-86.190129069198932,39.818604468072742],[-86.190099377130707,39.819071946940639],[-86.190098176440486,39.819091500530021],[-86.19011611491311,39.819360493384202],[-86.190117628835551,39.819737839931939],[-86.190118129937517,39.819867464989279],[-86.19011112299944,39.82009945728624],[-86.190098140503466,39.820242475801969],[-86.190088642476681,39.820296551719785],[-86.190055102022271,39.82048751292627],[-86.19002113104149,39.820721518234251],[-86.189988142392451,39.820932458308647],[-86.189931084941392,39.821209446850681],[-86.189912168360323,39.821319522115893],[-86.189892141737317,39.82148653380014],[-86.189848105068322,39.821676535293101],[-86.189809820917958,39.821913533058051],[-86.189778072415251,39.822110414271201],[-86.18973913990051,39.822376421927423],[-86.189711077321775,39.822576529806021],[-86.189714443763592,39.822588405287036],[-86.189764073696054,39.822767443867171],[-86.189762125733367,39.822993467893838],[-86.189745080705563,39.823172537754665],[-86.189759716099843,39.823260121451455],[-86.189764155010195,39.823286494695381],[-86.189765151713019,39.82339251716602],[-86.189844123862073,39.823565478063394],[-86.189967114905627,39.823647528418377],[-86.189978437499761,39.823654053146484],[-86.190210134573164,39.823789481997835],[-86.190472079773187,39.824025485017657],[-86.190601072136047,39.824250467443179],[-86.190493773700027,39.824552205529699],[-86.193903161811875,39.824514767222695],[-86.194830419044592,39.824505683502096],[-86.195587439489969,39.824499150092407],[-86.197516710524738,39.824551420610689],[-86.199617028994112,39.824529438203186],[-86.201696643759831,39.824492071257644],[-86.203467353064738,39.824441684134328],[-86.205453104342553,39.824381692692342],[-86.21139558788505,39.824319972395102],[-86.213967454748811,39.824288995370949],[-86.218075707799954,39.824243806573037],[-86.221105247376215,39.824227996202062],[-86.221439722228055,39.824224338428913],[-86.22165534544429,39.824231542929638],[-86.222012933689513,39.824259000061417],[-86.222449949980941,39.824285046167205],[-86.22283722926052,39.824296573385865],[-86.223095649390331,39.82427817656508],[-86.223385652538894,39.82423045943677],[-86.223622190022937,39.824175105684411],[-86.223838512896791,39.824124309545077],[-86.22408272930862,39.824076124236356],[-86.224367048273606,39.824041129607231],[-86.224870479084117,39.824031844607596],[-86.225425551632128,39.824059027233922],[-86.225786021129068,39.824105675547933],[-86.226008488779627,39.824043230717116],[-86.226234335310394,39.824090369856847],[-86.227400587248425,39.823883098230723],[-86.228733869100878,39.824025465405938],[-86.229355780509565,39.824091867318927],[-86.229739686658917,39.824214046820273],[-86.229910508944883,39.82400167920882],[-86.230574028461731,39.824109823977622],[-86.231243950209702,39.824161338420438],[-86.231991141375374,39.824134283598063],[-86.232730600474923,39.824072363447868],[-86.233342823181303,39.824053576206389],[-86.233978681253774,39.82404184219893],[-86.23494438568747,39.824034429504614],[-86.23725774502995,39.826299377422593]],[[-86.206734554441624,39.817036900321753],[-86.206734681949087,39.817046028031896],[-86.206735841843596,39.817128558349147],[-86.206740357084911,39.817423541397304],[-86.20674049623139,39.81743266364866],[-86.206748087676175,39.817929043153597],[-86.206748223472033,39.817937886211638],[-86.20675669392314,39.818491777535868],[-86.206756823806998,39.818500312591084],[-86.206764067988061,39.818974521802126],[-86.206764215932409,39.818984170001897],[-86.206795598091929,39.821037537224022],[-86.206795738588582,39.821046680178739],[-86.206798582336972,39.821232215905972],[-86.206798721645541,39.821241356163888],[-86.206805687776495,39.821698599610436],[-86.206805828227445,39.821707736259619],[-86.206809250469959,39.821974456615948],[-86.20575520644627,39.821986566916515],[-86.205208034919366,39.821992850257061],[-86.205204035730034,39.818388415571143],[-86.201155633282383,39.818426156810773],[-86.200635219076233,39.817453910416404],[-86.200613616694653,39.817404155866548],[-86.200583360779518,39.81732646717915],[-86.200549086043821,39.817221619213989],[-86.200528072480751,39.817142130771963],[-86.200511077471859,39.817062130267686],[-86.200498030921437,39.81698161712481],[-86.200491598467806,39.816927811783685],[-86.200485347235798,39.8168468557663],[-86.200483117266558,39.8167657443446],[-86.200485017471365,39.816684667960153],[-86.200488479531415,39.816630653171103],[-86.200493794531909,39.816576711817554],[-86.200509801897852,39.816469298835969],[-86.200547227307325,39.816309682550283],[-86.20068042775759,39.81584808603386],[-86.200895567616499,39.815009957344373],[-86.20109484689695,39.814291432068515],[-86.201332311073045,39.813513622921825],[-86.201459063162204,39.813126260495579],[-86.202117003911823,39.811262104184117],[-86.202191778680344,39.81105048028396],[-86.202258530805423,39.810861556979773],[-86.20233565648789,39.810643275160238],[-86.202384357014381,39.810505439285606],[-86.202433271058865,39.810367000752585],[-86.202483617907959,39.810224507056915],[-86.202564581760598,39.809995357839419],[-86.203075709769024,39.809989360959442],[-86.203324858093822,39.809986425573641],[-86.203538413920256,39.809983927244453],[-86.204962083627763,39.809967228513322],[-86.205182685391222,39.809964640430181],[-86.205492342198056,39.809961006142757],[-86.205661245930926,39.809959028286642],[-86.205705896661641,39.809958504731391],[-86.205926429242012,39.809955888535448],[-86.206232525535199,39.809952295840205],[-86.206657886999025,39.809946665760158],[-86.206658064568245,39.809955777937141],[-86.206666413875539,39.810385838956634],[-86.206666596118907,39.810394951111142],[-86.206669809336105,39.810556056527432],[-86.206669986909375,39.810565168703398],[-86.2066730777982,39.810723473593377],[-86.206673256547489,39.810732586664273],[-86.20667638153374,39.810890918411069],[-86.206676560284109,39.810900031481701],[-86.206679685296919,39.811058364124364],[-86.206679864041391,39.811067476294092],[-86.206682729897494,39.811212686443575],[-86.20668298906665,39.811225808031395],[-86.206683167833361,39.811234922902749],[-86.206686238741696,39.811391112188126],[-86.206686417544731,39.811400231562416],[-86.206689563392132,39.811561219275703],[-86.20668974332186,39.811570333240446],[-86.206692811144379,39.811725974021662],[-86.206692989963756,39.81173509519666],[-86.206696135836481,39.811896081099015],[-86.206696309936348,39.811905195991017],[-86.206696439331097,39.811912030589319],[-86.206696618109419,39.811921146360191],[-86.206701348801332,39.812161825352035],[-86.206701526406448,39.812170940227297],[-86.206704787012555,39.812337477325698],[-86.206704965800768,39.812346593996516],[-86.206705972007057,39.81239786727371],[-86.206706150795682,39.81240698394442],[-86.206708340836258,39.812518647173199],[-86.206708489261743,39.812527763985031],[-86.206709098436093,39.812565312867328],[-86.206709279561494,39.812574429526919],[-86.206712437214634,39.81273272954688],[-86.206712619516082,39.812741847101378],[-86.20671577623952,39.812900175041825],[-86.206715956206395,39.812909292606925],[-86.206719023723565,39.81306487480925],[-86.206719203684486,39.813073991473438],[-86.2067222700597,39.813229574577235],[-86.206722452364488,39.813238692130923],[-86.206725549821101,39.813393916618161],[-86.206725727476737,39.813403036895238],[-86.206726750802275,39.81345559714331],[-86.206727572471337,39.813497760973682],[-86.206728807376251,39.813560044789924],[-86.206728984722858,39.813569125438626],[-86.206734159257948,39.813834543749138],[-86.206734331507491,39.813843271357783],[-86.206739643352037,39.814112199834888],[-86.206739810842791,39.814120617634174],[-86.206743711425233,39.814318157320749],[-86.20674234623651,39.814318170880568],[-86.206694981680499,39.814318658834615],[-86.206695113823983,39.81432778382549],[-86.206700714263732,39.814714634079671],[-86.206700848324346,39.814723854532197],[-86.20670410052989,39.814947196055705],[-86.206703443045853,39.814947203619205],[-86.206708178480099,39.815236197189272],[-86.206708295399167,39.815245017822562],[-86.206711817774035,39.815510182552742],[-86.206711970170147,39.815519656007339],[-86.206716248727844,39.815785181076578],[-86.206716386279041,39.815794548320575],[-86.206719305290434,39.815993804696397],[-86.206719443919027,39.816003160226323],[-86.206723733597286,39.8162957621063],[-86.206723866968588,39.81630489339301],[-86.206728947894248,39.816652619867696],[-86.206729080071355,39.816661747556722],[-86.206734554441624,39.817036900321753]]],[[[-86.197527158659824,39.788878199976295],[-86.197533750005974,39.78888469432038],[-86.198129218298732,39.788711388900737],[-86.198120280645838,39.788705550219383],[-86.197527158659824,39.788878199976295]]]]},"properties":{"OBJECTID":51,"JURISDCTN":"IMPD","DISTRICT":"Northwest","POLICEZONE":"NW20","SHAPE.STArea()":117761751.88599902,"SHAPE.STLength()":66952.682769911393}},{"type":"Feature","id":52,"geometry":{"type":"MultiPolygon","coordinates":[[[[-86.250604657731444,39.779967461472317],[-86.253253352513795,39.779917043103957],[-86.256949161000065,39.779847173670412],[-86.257476506526245,39.779837452379333],[-86.258440463028634,39.779819676717885],[-86.259255112846418,39.779803963305547],[-86.259629391190501,39.779796803353776],[-86.26036483126876,39.779782727966257],[-86.261740466207456,39.779746780720117],[-86.262699086662451,39.779716554217352],[-86.264280427720365,39.77966140943812],[-86.266577520771705,39.779616958052038],[-86.268895047004605,39.779569953070578],[-86.269725164618194,39.779556034062423],[-86.270136268311603,39.779548063426162],[-86.270332494149329,39.779547729223601],[-86.270329731957162,39.77940166847366],[-86.270318166780058,39.779083230928201],[-86.270314673755522,39.778683433000154],[-86.270304480751349,39.778019384689465],[-86.270298915967743,39.777382418962432],[-86.270290421134746,39.776410029748568],[-86.270287431761218,39.776067829936125],[-86.270281472048637,39.775888282388955],[-86.270275660358848,39.775725675778773],[-86.270260445128486,39.77549196377521],[-86.270231555056242,39.775200722851032],[-86.270197948737149,39.77487223465711],[-86.270132495283207,39.774416852763693],[-86.270048756546785,39.77387855234381],[-86.269988806414702,39.7735502018689],[-86.269878369834473,39.772971380794871],[-86.269764046994524,39.772450180704908],[-86.269673378640093,39.772123683774247],[-86.269573295236071,39.771724386246376],[-86.269518863212497,39.771524761144235],[-86.269356454293458,39.77102752869218],[-86.269086636423935,39.77029706127157],[-86.268911521560241,39.769852412492249],[-86.268727670800075,39.769412890345521],[-86.268557141776384,39.768990240517496],[-86.2684228298221,39.768692767863392],[-86.268261675422835,39.768337834075155],[-86.267903068567961,39.767492623491044],[-86.267696970038827,39.767017637999167],[-86.267392386212038,39.766324617920766],[-86.267217394464637,39.765891824817217],[-86.267064710016271,39.765499573504222],[-86.266836347946494,39.76498743052089],[-86.26667078963051,39.764629128682664],[-86.266513926654284,39.764260617495538],[-86.266374861679139,39.76391912000706],[-86.266101388232016,39.763266594663541],[-86.265949112601575,39.762920082298443],[-86.265760292823543,39.7624094269352],[-86.265683724191391,39.762186194575172],[-86.265629546076497,39.762013672777464],[-86.265602559265147,39.761939269217038],[-86.265580022555952,39.761871620289511],[-86.265552918458411,39.761783664816797],[-86.265525814431172,39.761695709335889],[-86.265489843303627,39.761597634541396],[-86.265453871112783,39.761499559739356],[-86.26541524175056,39.761358233653468],[-86.265364514571587,39.761213864415552],[-86.265178325563014,39.760556467561855],[-86.265081486517872,39.760203115564444],[-86.265037650227242,39.759954037380218],[-86.264950745257451,39.759544339812884],[-86.264895864117861,39.759222939947684],[-86.264807849023313,39.758684575189839],[-86.264707326975341,39.757905012641892],[-86.264639943848891,39.757342414838405],[-86.264602566475119,39.756634905249499],[-86.264605405786796,39.755758304761713],[-86.26460980973954,39.755062642536529],[-86.264606054778795,39.75462838948031],[-86.264596806809692,39.753558841663789],[-86.264609091666387,39.752569602607977],[-86.264605128459692,39.752111224833939],[-86.264607273000394,39.751154206449563],[-86.264601385797135,39.750219528316485],[-86.264583888594458,39.749654478681812],[-86.264576519563875,39.748802056251613],[-86.264561345005092,39.748442041572638],[-86.264582140787141,39.748247123625319],[-86.264578804005154,39.747861120954141],[-86.2645610178065,39.747008751018015],[-86.264559479732739,39.745625520775967],[-86.264560089202135,39.743783221904636],[-86.264563482599826,39.742871676517424],[-86.264550203155679,39.739730716085198],[-86.264535603886571,39.736835635244255],[-86.264544938444757,39.735547355962673],[-86.264536413059361,39.732106875694619],[-86.264485500486771,39.729897570870271],[-86.264503872627856,39.729433546097972],[-86.264482508341743,39.724660158675377],[-86.26447459153276,39.723743398648679],[-86.264473990567367,39.720846438226438],[-86.263627183907133,39.720859443859972],[-86.259165553746854,39.7209485103918],[-86.255572055359281,39.721031383895138],[-86.255340394990355,39.720682045582002],[-86.254384179068666,39.72086444391595],[-86.254208160441578,39.721062526252041],[-86.254208258007992,39.721062615826746],[-86.253129693180824,39.722180956966369],[-86.253011171506486,39.722398025251643],[-86.250786768516633,39.724509076920533],[-86.250742159687576,39.725619305507188],[-86.250339082773351,39.726015445956911],[-86.250337258296568,39.72761343963446],[-86.250339105069685,39.728140506013617],[-86.250326084879475,39.728513425721985],[-86.250323962284241,39.729756492374293],[-86.247845510142241,39.730665882993989],[-86.24784731546319,39.730743346243166],[-86.247850022686521,39.730859449699366],[-86.243824295544599,39.731191220782456],[-86.243137291178428,39.731322552047118],[-86.242546143730792,39.731317469021974],[-86.241896491669863,39.731370145508109],[-86.240378709331111,39.731528184764819],[-86.239267033983225,39.731668527229466],[-86.238155569285325,39.731846513795908],[-86.23533707066953,39.732423463688043],[-86.23458314726696,39.732576512019996],[-86.233726117722142,39.732759516000094],[-86.232571198193057,39.732934418027142],[-86.232046668132185,39.733005166340135],[-86.231792140352766,39.733039466157422],[-86.231680242005368,39.733052892403776],[-86.231243128516084,39.733105466325803],[-86.230712403915945,39.733160203869573],[-86.230157160928911,39.733217490748039],[-86.228763120221188,39.733359463201893],[-86.226792108811949,39.733562489260187],[-86.225297053565498,39.73370153980305],[-86.225307520704774,39.742579056598444],[-86.22530111235956,39.749924258449546],[-86.225240195112633,39.751322411274593],[-86.225240656555883,39.752127331331479],[-86.225241870381836,39.752398392577362],[-86.225240812170952,39.752398554388122],[-86.225241367964898,39.752936746272539],[-86.216085840680606,39.755651305832338],[-86.213605071186819,39.75623406227146],[-86.21371601357869,39.756502310611744],[-86.213627700099792,39.75672115261461],[-86.212909169768437,39.756952892101474],[-86.21240742780067,39.756945324050633],[-86.211058751360511,39.757199868669034],[-86.210866585624288,39.757300054497627],[-86.210816382003529,39.75745914646982],[-86.210936293317047,39.75798479323538],[-86.211105471047773,39.758232212893056],[-86.211109692570844,39.758768331095844],[-86.21093249466216,39.759136515336429],[-86.210680613955674,39.759822762431],[-86.210337431538733,39.760350579179587],[-86.210402844088847,39.76048927200064],[-86.2106872541803,39.760666651315809],[-86.210996768579676,39.760764484841971],[-86.211357269750067,39.760802508214255],[-86.212012935268362,39.760749786674069],[-86.212541686029098,39.760916085849004],[-86.213429686929516,39.76096154892943],[-86.213481457455387,39.761001018716662],[-86.213675750478885,39.761168886997162],[-86.214101204222615,39.761286023050047],[-86.214203957969346,39.761265681984661],[-86.214629413176226,39.761382815188519],[-86.215558140323253,39.761696138062149],[-86.216486720240809,39.761989597785771],[-86.216615518787791,39.762008844870962],[-86.217504247990021,39.76214362879189],[-86.217776213754561,39.762370693338994],[-86.217783492983571,39.76249269093023],[-86.217769506198692,39.76262388725651],[-86.217989799368496,39.762834304373698],[-86.218152829338521,39.762914990005065],[-86.218290804324027,39.76290806831836],[-86.218420109161286,39.762832259594418],[-86.21867200007695,39.762856126003975],[-86.218834831864854,39.76291174751367],[-86.218941281328568,39.763024032221317],[-86.219153327657963,39.763142081155692],[-86.220020423340245,39.763946290249493],[-86.220209872361664,39.764283762115795],[-86.220587324561237,39.764776990761462],[-86.221060705113374,39.765081774760183],[-86.222239819038037,39.765301719803013],[-86.222361560087123,39.765294870976376],[-86.222991590669423,39.76521039273063],[-86.223250032715995,39.765242880500388],[-86.225052441751814,39.76523422319665],[-86.225298108212399,39.765280365412657],[-86.226126322937461,39.765323701467935],[-86.226524717108759,39.765298117810666],[-86.226615876340816,39.765257965328907],[-86.22701355921717,39.765082795998104],[-86.22842393394329,39.765075978361082],[-86.228761966963489,39.765168992314003],[-86.229161130490397,39.765238045504304],[-86.229529247788506,39.765259923524283],[-86.230112953145053,39.765399067137025],[-86.230296530581057,39.765350850547172],[-86.230603134687101,39.765349361230228],[-86.231034312707791,39.765583890806745],[-86.23167382762648,39.765946250426552],[-86.231771864889893,39.765974497575662],[-86.234258710710762,39.76588070459669],[-86.234255553819864,39.77156789357587],[-86.235179198449629,39.771615189747159],[-86.235362328155759,39.771570711476528],[-86.238929442159048,39.771758386406695],[-86.23901603835958,39.771817669799411],[-86.247916806179816,39.772309672517402],[-86.248122288540372,39.77232111581791],[-86.24821132978019,39.772273657052153],[-86.250322482575143,39.772394832099408],[-86.250366495788541,39.773009944209136],[-86.250362538328446,39.773177637717062],[-86.250327242290751,39.773498063475202],[-86.250406656975201,39.776858214283365],[-86.250418354551755,39.777319165674534],[-86.250430317436695,39.777812601279656],[-86.250438212601594,39.778171624196347],[-86.25064921661793,39.778230435074796],[-86.250650477355734,39.778298113634797],[-86.250604657731444,39.779967461472317]]],[[[-86.25035206933552,39.77814761312473],[-86.250359463787674,39.777936014328084],[-86.250349326950939,39.77752851926693],[-86.250332585182392,39.7768554993064],[-86.250326146085015,39.776580044534413],[-86.250319047419353,39.776276383882447],[-86.250286227443013,39.774872415932577],[-86.25025916818629,39.773494287904988],[-86.250288188808327,39.773205007604908],[-86.250299673886786,39.773090529665375],[-86.250243630648143,39.772444300194756],[-86.248223159597345,39.772331935527724],[-86.248122788013944,39.77238047964051],[-86.239014251732058,39.771877045858275],[-86.238915160519738,39.771812676702417],[-86.237362894926179,39.771732431821022],[-86.235813713064175,39.771652325777168],[-86.235369590972951,39.771629356830012],[-86.235167215908334,39.771672213592467],[-86.234291699066546,39.771633358183408],[-86.234400263752008,39.772216652623733],[-86.234812872959679,39.772563954953448],[-86.235265265288888,39.772993282819094],[-86.235665453280731,39.773180621379446],[-86.236773453115816,39.773672096577364],[-86.237209370708925,39.773894308610501],[-86.239388017532775,39.774892370433179],[-86.239745434211727,39.775056100083305],[-86.240179025402952,39.775382703498977],[-86.240676583107728,39.775485594059887],[-86.241596683888758,39.775801892259587],[-86.243474613025356,39.776177539511544],[-86.243759604299782,39.776233143679889],[-86.243980788055495,39.776302276592105],[-86.244998229085596,39.776612518004683],[-86.245693377332231,39.776824016324106],[-86.245877120006341,39.776870911862702],[-86.247595528176703,39.77719989828028],[-86.247909665690457,39.777429613680155],[-86.248652754348456,39.777673957547684],[-86.2493672786985,39.777908901895515],[-86.249425035289477,39.777889222137631],[-86.25035206933552,39.77814761312473]]]]},"properties":{"OBJECTID":52,"JURISDCTN":"IMPD","DISTRICT":"Southwest","POLICEZONE":"SW60","SHAPE.STArea()":206737592.30970678,"SHAPE.STLength()":82542.138347381828}},{"type":"Feature","id":53,"geometry":{"type":"Polygon","coordinates":[[[-86.245060255905727,39.834344880503544],[-86.245080777264306,39.834350427179217],[-86.247387138010268,39.836798536905341],[-86.249303046692489,39.838809567023752],[-86.24970121414556,39.838705183360844],[-86.250919176394106,39.838592104436799],[-86.251565745844033,39.838501909557877],[-86.251817216602547,39.838476916076814],[-86.252323464522902,39.838454645018956],[-86.253268042201967,39.838447705703267],[-86.254282394537739,39.838440246781808],[-86.255592788105048,39.838430596531708],[-86.256452800650266,39.838421886333826],[-86.256452847782967,39.838424254847403],[-86.256462333963682,39.838424184104049],[-86.259386981308836,39.838384083290364],[-86.262272169080333,39.838340273600195],[-86.264965670712144,39.838300449455325],[-86.268136120215857,39.838253493090647],[-86.27064612930441,39.838216256252458],[-86.27189098447505,39.838192084936573],[-86.27333135246684,39.838164101271595],[-86.275835552430124,39.838115406223423],[-86.276010088927677,39.838112013682988],[-86.2759124480867,39.835337971766521],[-86.275785193859036,39.830298049618442],[-86.275721489744981,39.825434170780518],[-86.275702470378306,39.823437635168915],[-86.275700702562304,39.823237404258016],[-86.275616761809573,39.820956553205932],[-86.275555760028553,39.816124564800482],[-86.275552867808329,39.815990579274086],[-86.275552153673061,39.816133858819995],[-86.275421053576807,39.816136439034381],[-86.275120129984103,39.81614198042476],[-86.271895139442663,39.816204519626048],[-86.27143219637837,39.81621350931411],[-86.270152024706135,39.816238551191027],[-86.270150965426325,39.816238556700583],[-86.268764981868415,39.81626044083054],[-86.267981253511181,39.816273513655076],[-86.266672325133669,39.816293531451329],[-86.266624066943436,39.816294501531182],[-86.266039056541175,39.816303470356068],[-86.263422178636702,39.816345514769878],[-86.262594226577676,39.816358508450527],[-86.261416987642548,39.816377520318611],[-86.260726112111882,39.816388446938141],[-86.260367287177132,39.816394516707938],[-86.260317197537574,39.816395494436705],[-86.259038131389204,39.816415543520776],[-86.256184023346492,39.816454491627006],[-86.256142306734546,39.816454523440591],[-86.256015247191527,39.8164565207992],[-86.253554950431507,39.816491511843516],[-86.253349091121819,39.816494444339966],[-86.253338300876621,39.816494498899246],[-86.253320285224746,39.8164944999235],[-86.25330294345224,39.816494497537796],[-86.252393963634688,39.816507557879895],[-86.251678991818792,39.816517560632107],[-86.251664259356062,39.816518535582432],[-86.250780125672222,39.816530466370047],[-86.250768178430036,39.81653043644792],[-86.249409229555411,39.816549430496124],[-86.248384268497702,39.816564482949452],[-86.248375308337685,39.816564527871833],[-86.24836124250966,39.816564508323431],[-86.245988127793964,39.816599532277557],[-86.245289042426137,39.816608515663312],[-86.245125178760077,39.816610504496389],[-86.244255101636966,39.816621504880466],[-86.241899956275574,39.816651491246752],[-86.241821155845415,39.816652512359788],[-86.239970569525184,39.816675444086854],[-86.240100347702963,39.823737313808643],[-86.240114165976621,39.824412877175],[-86.240133540521271,39.824867765268351],[-86.240164001457188,39.825383725132532],[-86.240197403519559,39.825739170283605],[-86.240233103759067,39.826119073416002],[-86.240270257620026,39.826514434710987],[-86.24031844864777,39.827027240849823],[-86.240378842291307,39.827669884629358],[-86.240375908238804,39.827922564631322],[-86.240316985609965,39.828171137012632],[-86.240188016506266,39.828433615204354],[-86.240039716178529,39.828627013830804],[-86.239824117923149,39.828819228022326],[-86.241194332267398,39.830223313643387],[-86.24231374031433,39.831387235675571],[-86.242968049450724,39.832083679377597],[-86.243300631897853,39.832428269702696],[-86.243458968724525,39.832598325804689],[-86.243889865065285,39.83306140108882],[-86.24428672716796,39.83348837158735],[-86.2446320142123,39.833862152917185],[-86.245068800657577,39.834337793782247],[-86.245060255905727,39.834344880503544]]]},"properties":{"OBJECTID":53,"JURISDCTN":"IMPD","DISTRICT":"Northwest","POLICEZONE":"NW30","SHAPE.STArea()":75801657.281357601,"SHAPE.STLength()":34605.084329300029}},{"type":"Feature","id":54,"geometry":{"type":"MultiPolygon","coordinates":[[[[-86.102575355226179,39.810770473571054],[-86.104193558417904,39.810768232597638],[-86.104807422276991,39.810768662441241],[-86.105803039771885,39.810768179896058],[-86.10735535778899,39.810765379481289],[-86.108518050707602,39.810764950509594],[-86.109705324923937,39.810765103248016],[-86.110870198519606,39.810763098623333],[-86.111975350150828,39.810761479043109],[-86.112084068688603,39.810761319349822],[-86.113706735493153,39.810758324212998],[-86.116836212949394,39.810754962582372],[-86.118121604691055,39.810760860448724],[-86.119301423641843,39.810759514629289],[-86.120482900791984,39.810758156632403],[-86.120976456081223,39.810741713582757],[-86.121130491982129,39.810755361749841],[-86.121607636544539,39.810753301012518],[-86.122605123429352,39.81075500060949],[-86.122816009534503,39.81074968550935],[-86.124003958062559,39.810746657614118],[-86.124187467107816,39.810747160900235],[-86.125192595541108,39.810744165145756],[-86.126346744516482,39.810743024755013],[-86.127571768776804,39.810739136138338],[-86.128157618139525,39.810737905485219],[-86.12876114253713,39.810736603287218],[-86.129944631792199,39.810733790821232],[-86.131146344882637,39.810732644246045],[-86.131504240835255,39.810729669088779],[-86.132613848707123,39.810721840191228],[-86.133878193478836,39.810708756374595],[-86.140222252051274,39.810678946659749],[-86.141639989005796,39.810604790774505],[-86.14231657234356,39.810525636708412],[-86.142271401553359,39.809868538804025],[-86.142296626529458,39.809542093270508],[-86.14246575680059,39.809307366910858],[-86.142642880307648,39.809094569547881],[-86.142944500486493,39.808885721102826],[-86.143190065421422,39.808694261731809],[-86.143469750884705,39.808563056346664],[-86.143659553687655,39.808415405120655],[-86.143815590603367,39.808258970356626],[-86.144049911186542,39.808058632410969],[-86.14422824084761,39.807884947522822],[-86.144417920198308,39.807719794550664],[-86.144551844659432,39.807615266520806],[-86.144796863954625,39.807466699686863],[-86.144986308727354,39.80733243086928],[-86.145121836095171,39.807218631233305],[-86.145383442426535,39.807136566307321],[-86.145571695182255,39.80705514851882],[-86.14584353255627,39.80694078357574],[-86.146073996141013,39.806899339115006],[-86.146356624455422,39.806825421807233],[-86.146555439869786,39.806759743075126],[-86.146911365862891,39.806669392880288],[-86.147288426294239,39.806595082434207],[-86.147591453633282,39.806440092581624],[-86.147696283709678,39.806431422287922],[-86.148082952009815,39.806235935020609],[-86.148249949871612,39.806122001152737],[-86.148395980318384,39.80600815229063],[-86.148615644465437,39.805926255092835],[-86.148835310423536,39.805844357471479],[-86.149287952094923,39.805675701425407],[-86.149777827560385,39.805654446107141],[-86.149966354911541,39.805621404276984],[-86.150112833290606,39.805572066702439],[-86.150280338247214,39.805531218434751],[-86.150584431874151,39.805529950648776],[-86.150752218008648,39.805529250796354],[-86.151066586165541,39.805581472273296],[-86.15142389817062,39.805595078119318],[-86.151644354132031,39.80562641368639],[-86.15200077896958,39.805608795079195],[-86.15242038445534,39.805623167663029],[-86.152745219136236,39.805589550630344],[-86.153089516146537,39.805555851104877],[-86.153300506814645,39.805514474826118],[-86.15348868721253,39.805432699540653],[-86.153708061291752,39.805310645460182],[-86.153896068678065,39.805204506093688],[-86.15408418969453,39.805106602612717],[-86.154314072079359,39.804992394952819],[-86.15476909403499,39.804730368828679],[-86.155055586560692,39.804560674179882],[-86.155170582174733,39.804503568312775],[-86.155337736537902,39.804413986827932],[-86.155525624760514,39.804291718737304],[-86.155776007733039,39.804104671615256],[-86.156330872477028,39.803728976636783],[-86.156639525098527,39.803466624012749],[-86.156735143990943,39.803389161197252],[-86.156839553893235,39.802210738444998],[-86.156825413885301,39.801089229069248],[-86.156896122818921,39.800388744642071],[-86.15700472025145,39.79923120813207],[-86.157112751586013,39.798108047970793],[-86.157117780949989,39.79805631352923],[-86.157163771352884,39.797626724777416],[-86.157198283766235,39.797323409683607],[-86.157246382745768,39.796954080647176],[-86.157302190057806,39.796425716382664],[-86.157357796231594,39.795901037560391],[-86.157371278992017,39.795588262284454],[-86.157361062269416,39.794757821010336],[-86.15735474331558,39.794146747125012],[-86.157343014777496,39.793451318899407],[-86.157324274010818,39.792020320720738],[-86.157310590275131,39.791071579814158],[-86.157306500863342,39.790757420385418],[-86.157300425379816,39.790334274846707],[-86.157288396565576,39.78949642610398],[-86.157274895249216,39.788649110143851],[-86.157280568296741,39.788165601844966],[-86.157336463782215,39.786709226366078],[-86.157373662373601,39.785739991605823],[-86.157399971439105,39.785086584769751],[-86.157434510286294,39.78422086864758],[-86.157455698651134,39.783665631039014],[-86.157468908305304,39.783367149111058],[-86.157489724804293,39.782866273400693],[-86.153942165095245,39.782792793351632],[-86.153031749077371,39.782774543943191],[-86.152335687645348,39.782759957881836],[-86.151707995477167,39.782743366126908],[-86.150789960157482,39.782716316036883],[-86.149426395410998,39.782676012081055],[-86.148677954017472,39.782660591579067],[-86.147909425069244,39.782666184010161],[-86.147475680532807,39.782717053464609],[-86.147017403315687,39.782814006063731],[-86.146737203674135,39.78286320765416],[-86.146366791707138,39.782971461570156],[-86.145944361024362,39.783227144976529],[-86.145457643146784,39.783320433226258],[-86.145007341381003,39.783494213355759],[-86.144719042757146,39.783605320039264],[-86.144510513882167,39.783685682587873],[-86.144132736560465,39.783831363956594],[-86.143960439220891,39.783871536804696],[-86.143463474056588,39.783931229321219],[-86.14310394505037,39.78392618586124],[-86.142854680601133,39.783899069927045],[-86.142644754573809,39.783860124737899],[-86.14243995822747,39.78380743180481],[-86.142243642160381,39.783742693215665],[-86.142055136356333,39.783665568599204],[-86.141790207093564,39.783526988072893],[-86.14152552674723,39.783343795328534],[-86.141318303762517,39.783155905930123],[-86.141126852443975,39.782924713716007],[-86.140979523602354,39.782674123982119],[-86.140878685722583,39.782408931434929],[-86.140832989704094,39.782190869371988],[-86.140820535258158,39.782052970555874],[-86.140789190527997,39.781236381411588],[-86.140762206383641,39.780536448239317],[-86.139857977245015,39.781238426567619],[-86.139802854369208,39.781277609256591],[-86.139566109331724,39.781456551863286],[-86.139414640609118,39.781570705798579],[-86.139245030351773,39.781698831778819],[-86.139112441874275,39.781798174235234],[-86.138924303250874,39.781903602415497],[-86.138412640476332,39.78220320179323],[-86.137915934750566,39.782479061140613],[-86.137532131890296,39.782696122491899],[-86.137065585847935,39.782960529787978],[-86.136546402169103,39.783268388099124],[-86.136072328251231,39.783538656462532],[-86.135628316532774,39.783790957171028],[-86.135056349753796,39.784113776986082],[-86.134461811561152,39.784454186036321],[-86.133566319917591,39.784968068710256],[-86.133165033423239,39.785185529072194],[-86.132738454255758,39.78543740545652],[-86.132181603648888,39.785763238776489],[-86.131925011677552,39.78590935797407],[-86.131608131606697,39.786090287975064],[-86.131465675029148,39.786158376140293],[-86.131437436316119,39.786107970208569],[-86.131375391270993,39.786004522716922],[-86.131335325342064,39.785943181250673],[-86.131287309812365,39.785885397751308],[-86.131227126930014,39.785821132122145],[-86.131182437294825,39.785774934195864],[-86.131143216124684,39.785735874755893],[-86.131110063447125,39.785703604645576],[-86.131029469382725,39.785626822811793],[-86.130991153243954,39.78559125162667],[-86.130864649018562,39.785486328829975],[-86.13081992867977,39.785450260809931],[-86.130731445919309,39.78538983960965],[-86.130662576992805,39.785343973240465],[-86.130592308575444,39.785298305169569],[-86.130520319705013,39.785256324103045],[-86.130461235953192,39.785223427896675],[-86.130372539118,39.78519293771032],[-86.129994836817119,39.785105036849451],[-86.129875934410649,39.785087606914757],[-86.129774195634553,39.785087081647944],[-86.129683700251547,39.785088460501932],[-86.129374926625673,39.785108995350072],[-86.129151476552821,39.785124661672114],[-86.128965309288887,39.785138059756584],[-86.128893734210436,39.785142741067141],[-86.128822199732454,39.785147908538114],[-86.128732981146257,39.785155530471528],[-86.12864430192235,39.785166473691795],[-86.128573734056445,39.785176882711589],[-86.128486075816539,39.785191947754079],[-86.128399078519138,39.785209141105355],[-86.12833005090684,39.785224515592439],[-86.128244561928753,39.785245739667317],[-86.128159985674927,39.785269037914276],[-86.128093084614861,39.785289247651242],[-86.128027088553068,39.785310548075834],[-86.127960608254057,39.785330842528786],[-86.127877442751839,39.785355119403498],[-86.127793035577994,39.785377202596919],[-86.127657342571169,39.785410047211442],[-86.12758825440126,39.785424099302382],[-86.127519191331928,39.785437543294769],[-86.12746282073303,39.785447689905205],[-86.127397382107034,39.785457750897493],[-86.12724654018561,39.78547834380273],[-86.127169342357618,39.785486013199275],[-86.127098518873154,39.785491608211821],[-86.12702771309516,39.78549775973007],[-86.126609441543906,39.785522582741237],[-86.126516307711441,39.78552545300002],[-86.126453100997239,39.785522709581898],[-86.126382121044827,39.785517789359474],[-86.126058780921568,39.785495690849949],[-86.125994778385305,39.78549422479206],[-86.125941443318169,39.785495664402625],[-86.125836135744791,39.785503487385881],[-86.12576429859881,39.785511335489133],[-86.125693091534387,39.785522122670798],[-86.125622692742851,39.7855356104482],[-86.125553267430504,39.785551890038754],[-86.125500712904966,39.785565042382522],[-86.125448663345679,39.785579699540833],[-86.125381336614495,39.785604536182007],[-86.125331787806644,39.785624140736026],[-86.125282945370046,39.785644463920654],[-86.125219261493612,39.785674136223811],[-86.125156676187174,39.785705577587144],[-86.125111103182974,39.785729527423193],[-86.12506592061402,39.785756549713689],[-86.125012170024775,39.785794983192943],[-86.124972611093682,39.785825198657385],[-86.124933704785775,39.785855951037369],[-86.124827028625432,39.785951827005732],[-86.124732612969396,39.786037013870683],[-86.124637589644266,39.786121793247432],[-86.124565939552028,39.786185097325799],[-86.12449191688043,39.786246785895997],[-86.12441690400928,39.786307758682483],[-86.124271490337961,39.786414531113252],[-86.12307579501902,39.786840321150848],[-86.123025973771846,39.786857444422289],[-86.122944494242844,39.786885646194179],[-86.12282258004214,39.786910348296324],[-86.122752348782555,39.78692263307034],[-86.122681114559882,39.786930659734431],[-86.122609281902143,39.786935222896794],[-86.12255526711057,39.786936802327716],[-86.122501239570823,39.786935742796857],[-86.122428618744038,39.786931618300677],[-86.122372924413853,39.786925477325632],[-86.122317533938457,39.786917613034326],[-86.122262817220999,39.786907466455304],[-86.122208581687914,39.786895753483826],[-86.122137448030074,39.786877253549598],[-86.122068022222066,39.786855185588664],[-86.122000454928738,39.786829911986175],[-86.121951079718102,39.786809004616408],[-86.121903136175064,39.786786200185489],[-86.121841290948751,39.786753346453608],[-86.12109878609678,39.786310988969291],[-86.120298867752922,39.785836777967148],[-86.120240291138074,39.785803645797785],[-86.120180394346207,39.785771957140874],[-86.120120174291401,39.785740633589903],[-86.120058701990786,39.785710787508712],[-86.119996332398287,39.78568207164836],[-86.119933100634626,39.785654501181774],[-86.119868777055046,39.785628484110923],[-86.119804189913808,39.785602858027076],[-86.119738583525901,39.78557881477537],[-86.119672258931956,39.785555974894109],[-86.119606407337045,39.785534047317242],[-86.119556609154614,39.785518352797496],[-86.119472951352009,39.785493483663828],[-86.119388427552195,39.785470422807343],[-86.119286005781859,39.785445025082524],[-86.119234425046173,39.785433247221015],[-86.119142178959905,39.785415016014021],[-86.119043010659297,39.785396698231416],[-86.118939125629993,39.785379216561743],[-86.11884736795848,39.785367091617339],[-86.118689332970504,39.785349790075855],[-86.118627348311932,39.785345511885296],[-86.11851666286816,39.785339938970836],[-86.118442831825149,39.785336834454426],[-86.118082835309707,39.785336693355681],[-86.117512844070561,39.785336579937365],[-86.11745679485341,39.78533572315785],[-86.117400756649033,39.785336911749184],[-86.117326228042927,39.785341221814939],[-86.117252136247785,39.785348784288026],[-86.117178720447058,39.785359579326531],[-86.11712421009662,39.785369674966937],[-86.117070379229716,39.785381748536437],[-86.116999680123769,39.785400445378002],[-86.116930468410473,39.785422205917705],[-86.11649538169118,39.785608597994951],[-86.116349835570205,39.785668710407144],[-86.116162981723264,39.785751954440862],[-86.115975953668126,39.785834509828817],[-86.115824076533031,39.785908411159568],[-86.115641095902873,39.785995031315807],[-86.115491128249857,39.786071667388249],[-86.115340304599144,39.786147775175678],[-86.115159849692361,39.786238625200355],[-86.114564582734062,39.786553035303804],[-86.11418766926532,39.786790917433521],[-86.11412982519559,39.786827648572718],[-86.113497092363744,39.787408895661585],[-86.113290481192223,39.787601141849528],[-86.112994156890082,39.787876859021928],[-86.112229084762291,39.788587676991519],[-86.112150727684664,39.788642133778538],[-86.112084750488421,39.788675767957706],[-86.111995590861113,39.788708199489555],[-86.111939074619485,39.78871988648573],[-86.111881655157958,39.788727656268136],[-86.111820174667983,39.788731545266728],[-86.10974489543095,39.788741444421824],[-86.108393346805187,39.788747678484491],[-86.107041812834936,39.788753876035045],[-86.105942731390812,39.788758041527274],[-86.10487873772604,39.788762064121393],[-86.104660953752301,39.78876341318167],[-86.103815162630895,39.7887662068824],[-86.102666257826996,39.788770690233683],[-86.102442356408361,39.788766901730646],[-86.102309391502331,39.788766765069084],[-86.102268108494727,39.792397372701707],[-86.102357367122707,39.796074347541783],[-86.102357402620257,39.79608348928101],[-86.103581093800784,39.796081497720039],[-86.104762292249191,39.796080467894932],[-86.105945230121293,39.796080500273987],[-86.107114098610609,39.796079492282054],[-86.107118113996833,39.796044525370206],[-86.107120099059657,39.796008484451185],[-86.107113106241812,39.795410454228524],[-86.107101061359742,39.794216547856585],[-86.107087106528112,39.792919503803176],[-86.107082119835425,39.792394432238176],[-86.107125986148773,39.792386428054698],[-86.107171046799948,39.792384455662059],[-86.108274061832049,39.792381524420463],[-86.109466071989743,39.792379504099372],[-86.110658083137167,39.792377472430623],[-86.111850086540443,39.792374436901092],[-86.112373041985592,39.792373510356484],[-86.113132126411614,39.790879457705856],[-86.113239139733921,39.790658524028245],[-86.113288122698663,39.790548524898476],[-86.113334145880302,39.790442501021033],[-86.113461081578407,39.790115463556617],[-86.113498140898145,39.790008483372702],[-86.11359712210772,39.789692543440459],[-86.113615064202236,39.78965247703875],[-86.113848141484155,39.789134506273705],[-86.114018236270439,39.788810454191768],[-86.114052022123971,39.78874843746452],[-86.114160040796023,39.788579476218253],[-86.114288244788156,39.788419535660793],[-86.114435098813914,39.788269522327866],[-86.114511047028799,39.7882045506731],[-86.114598195536672,39.788129445441434],[-86.114778140858746,39.788003445713343],[-86.114972897594441,39.787889550344694],[-86.115179980315858,39.7877904700009],[-86.115851096802515,39.787550506910506],[-86.116524224720521,39.787309451326216],[-86.116843097842178,39.787208493529867],[-86.116945125241386,39.787185487082887],[-86.117048120994909,39.787163467534107],[-86.117152088028448,39.787142524937416],[-86.117256072637758,39.78712446525013],[-86.117361123102967,39.787107482144144],[-86.117467055015183,39.787092477011008],[-86.117572131253766,39.787079457498479],[-86.117678088377758,39.787068506027197],[-86.117785117845614,39.78705944171481],[-86.117891094325259,39.787051463112391],[-86.117998046855334,39.787045462109234],[-86.118105108045214,39.787041442076749],[-86.119696089772049,39.787037494838899],[-86.120641101717851,39.787037494713566],[-86.120897092258986,39.787040456916593],[-86.121043107839924,39.787058442881296],[-86.12155312714998,39.787190487380066],[-86.121583123284083,39.787197486056847],[-86.121613125955548,39.787205476346777],[-86.121658082698303,39.787217551119483],[-86.121701125655008,39.787231524802579],[-86.122044116231422,39.787342512892813],[-86.122109084891491,39.787366489781405],[-86.122175101726796,39.787388481027648],[-86.122242067500721,39.787408487019427],[-86.122310072563891,39.78742551575386],[-86.12237913056039,39.787441459500037],[-86.122414135775401,39.787448528359192],[-86.122450102375566,39.787455504264862],[-86.122467071404756,39.787458499923588],[-86.122503134906495,39.787465474531515],[-86.122540147304505,39.787470463909202],[-86.122577147796562,39.787473471830296],[-86.122614148285777,39.78747647883889],[-86.122651045346544,39.787478496397014],[-86.122688026218682,39.787478531221844],[-86.122725102225829,39.787478475593225],[-86.122763128877679,39.787476524792865],[-86.122800088352776,39.787473496460287],[-86.12283713877342,39.787469567080542],[-86.122873122592779,39.78746447100049],[-86.122910159321094,39.787458470091927],[-86.122946130634844,39.787451482614692],[-86.122982095396097,39.787443504406333],[-86.12301708332312,39.787433457568063],[-86.123051108701631,39.787423504572402],[-86.123086090061719,39.787412466993374],[-86.123119132050277,39.787399455540275],[-86.123152077123379,39.78738644355829],[-86.123984060330969,39.786997525573938],[-86.124538172919443,39.786676448418454],[-86.124270119894618,39.78642248229923],[-86.124416078681705,39.786315518577766],[-86.124491077296284,39.786254507118954],[-86.124565018101961,39.786193499785021],[-86.12463807708518,39.786130514391587],[-86.124733147208602,39.786046452670298],[-86.124827144542024,39.785960502780782],[-86.12491911793245,39.785874471639083],[-86.124945076683375,39.78585346979682],[-86.124971137719228,39.785833458290725],[-86.124998065559438,39.785813534323921],[-86.125025089675219,39.785793519002098],[-86.125053088872889,39.785775482215179],[-86.125082142083329,39.785756540579833],[-86.125111112103355,39.785739490690013],[-86.12515504508535,39.785713463163965],[-86.125202072572151,39.785689495855003],[-86.125233168548263,39.785673518348503],[-86.125265142711342,39.785659518855347],[-86.125297111450905,39.785644528628801],[-86.125330152174413,39.785631516549437],[-86.125363097158314,39.785618504839036],[-86.125397107543861,39.785606479653993],[-86.125430057909483,39.785594457748658],[-86.125465135457674,39.785583510039572],[-86.125499062075136,39.785573466647847],[-86.125534146176875,39.78556350873734],[-86.125569043061404,39.785554542302584],[-86.125604138548027,39.785546476650786],[-86.125639145480605,39.785539492152452],[-86.125674158989312,39.785533498363584],[-86.125709076764878,39.785527504942806],[-86.125745052194347,39.785521506427017],[-86.125781138860816,39.785517490753378],[-86.12581712745525,39.785513474555884],[-86.125853117212799,39.785509458342631],[-86.125940132615625,39.785503438839854],[-86.125993091661101,39.785502508700667],[-86.126036041557711,39.785502518835244],[-86.126079100365274,39.785504510915473],[-86.126380947563547,39.785525475892229],[-86.126452243477587,39.785530508349012],[-86.126515242888829,39.785533501176175],[-86.126568207943535,39.785533471428828],[-86.126600179610321,39.785533524859659],[-86.126632240974686,39.785532497112364],[-86.127027193191608,39.785507509832321],[-86.127096978405561,39.785502548556593],[-86.127167904359013,39.785495511152618],[-86.127239215539944,39.785488472176446],[-86.127309069411581,39.785479456548316],[-86.127379301332383,39.785469538699139],[-86.127414218322031,39.78546345470086],[-86.127449141948333,39.785458541547364],[-86.127518204846893,39.785446466628137],[-86.127586965585309,39.785432501443772],[-86.127656112097782,39.785418443717752],[-86.127724185357678,39.785402408722476],[-86.12779215628035,39.785385563483523],[-86.12786022286096,39.785368537689017],[-86.127892994460836,39.78535849818789],[-86.127959988325557,39.78533940503835],[-86.12802619846596,39.785318512708777],[-86.128092023896571,39.785297532703872],[-86.128159011623026,39.785277537884994],[-86.128226004167061,39.785258444587136],[-86.128260226952634,39.785249480024504],[-86.12832896863857,39.785232541337692],[-86.128398107006319,39.785217492456113],[-86.128467156246387,39.785203435534697],[-86.128502066415933,39.785196540625989],[-86.128571899337956,39.785184461114923],[-86.128643190169285,39.785174449119424],[-86.128714102962292,39.785165518498403],[-86.128749033534163,39.785161505604407],[-86.128821017787033,39.785154462976756],[-86.12889195705894,39.785149496026349],[-86.12896396295119,39.785145516430383],[-86.129032781572633,39.785140287638157],[-86.129150111698195,39.785131442012542],[-86.129374004410664,39.785116497172851],[-86.129660175476985,39.785097518806985],[-86.129705222235131,39.785094456912702],[-86.12975018831726,39.785093466882664],[-86.129795255599163,39.785093467177319],[-86.12981827801633,39.785094456113441],[-86.129863262858834,39.785096438202665],[-86.129885990287946,39.785096437556732],[-86.12999318905041,39.785113486385129],[-86.1303719675617,39.785204487588558],[-86.130460167221614,39.785231520257469],[-86.130519226585506,39.78526443457536],[-86.130604127402762,39.78531652367473],[-86.130660126713323,39.785352512458829],[-86.130716132743743,39.785389492835293],[-86.130743122066548,39.785407491243618],[-86.130817237014895,39.785459533248151],[-86.130862065091364,39.785495476544604],[-86.130906124508485,39.7855315138668],[-86.130942052701783,39.785561457289674],[-86.130985058861043,39.78559848954086],[-86.131027101959091,39.785635525629317],[-86.13102710135361,39.785635435563933],[-86.131068092322479,39.785673466592989],[-86.131068188655092,39.785673556275292],[-86.131109179063671,39.785711497223929],[-86.131141943092942,39.78574343563907],[-86.131181110360117,39.785782464672145],[-86.131226207141552,39.785829486890762],[-86.13127314547711,39.785878484111166],[-86.13130206565441,39.78591151868212],[-86.131319058368348,39.785932440047517],[-86.131341114414724,39.785961538207182],[-86.131360184203643,39.785990468184501],[-86.131365143371539,39.785997565484436],[-86.131370905750018,39.786009523229012],[-86.131375908223845,39.786108954259554],[-86.128735153563014,39.787736479448633],[-86.128568799107697,39.78783154803395],[-86.127486981938773,39.788431113968635],[-86.127424390491782,39.788475502908462],[-86.126902132886187,39.788764487959007],[-86.120288544442971,39.792170241316605],[-86.119915035777765,39.792240434128018],[-86.119946193707023,39.792350663410502],[-86.116723447487871,39.794088734928955],[-86.116610238605702,39.794141332138281],[-86.116533997681771,39.794176759532],[-86.11303794808984,39.795947046525825],[-86.112476106668566,39.79623954221065],[-86.111891798581041,39.796543561765347],[-86.10917013956805,39.797959706877677],[-86.108998017749073,39.798049454428941],[-86.108681890513623,39.798077503677042],[-86.107144000701197,39.797777432068237],[-86.105377402520986,39.797451900647602],[-86.104516951381783,39.797352095914761],[-86.103879849503258,39.797357200082608],[-86.102746368181101,39.797398399184992],[-86.10255467664426,39.797425603788199],[-86.102377762596106,39.797449301196608],[-86.102383140164136,39.797811874591957],[-86.102397477072088,39.79877834598603],[-86.102466211531748,39.803411473066369],[-86.102517044176267,39.806837393026825],[-86.1025754075186,39.810770247305243],[-86.102575355226179,39.810770473571054]]],[[[-86.102357870030488,39.796206419139871],[-86.102362229678519,39.797352915036143],[-86.102365258756109,39.797423822961534],[-86.102375834630138,39.797421699086385],[-86.102375118117138,39.797360517894866],[-86.102368268545845,39.79687049520097],[-86.102357870030488,39.796206419139871]]]]},"properties":{"OBJECTID":54,"JURISDCTN":"IMPD","DISTRICT":"Northeast","POLICEZONE":"NE10","SHAPE.STArea()":124260997.34739292,"SHAPE.STLength()":71378.246040572078}},{"type":"Feature","id":55,"geometry":{"type":"Polygon","coordinates":[[[-86.107841962268481,39.840249590875871],[-86.108196138175813,39.840246590733045],[-86.109390473240751,39.840239636992607],[-86.109990274057793,39.840234601249897],[-86.111334258968668,39.840223281729038],[-86.113131578997653,39.840205053764549],[-86.115132131550951,39.84021179418049],[-86.117402622681809,39.840219184520429],[-86.121952463819213,39.84023386016343],[-86.121818604002272,39.843945355574014],[-86.122231203782448,39.842935446646329],[-86.122364128311176,39.842934538196673],[-86.12236740093276,39.842934526242153],[-86.122913150611851,39.841590489934667],[-86.123110070790446,39.841098500016827],[-86.123458161297137,39.84023649048688],[-86.123411124877435,39.840177491767939],[-86.124119121641982,39.838451529702333],[-86.125426116272266,39.835188472321278],[-86.125771148272364,39.83432448479644],[-86.125806058813495,39.834212465332541],[-86.125837127898095,39.834102532602536],[-86.1258651133478,39.833992522000479],[-86.12587712770133,39.833944460591987],[-86.125891074184494,39.833882519403673],[-86.125796896632238,39.833675974752438],[-86.12591185447188,39.832849919856237],[-86.126063085119341,39.832782480536565],[-86.1263250980994,39.832781532810081],[-86.126416136246149,39.832849543810347],[-86.127574119253993,39.832842517407023],[-86.128846219621352,39.832838447440281],[-86.130071074927187,39.832830499225288],[-86.131114953633869,39.832822451212877],[-86.131177977574012,39.832822469095426],[-86.131289947187994,39.832821480334012],[-86.138395247001398,39.832785510397756],[-86.138431955010532,39.832784460465888],[-86.13847010869722,39.83278349471037],[-86.138507197215446,39.832781542536715],[-86.138543986831877,39.832778419794472],[-86.138581067397112,39.832775476891882],[-86.138618142340832,39.832771542361982],[-86.138655208714752,39.832766527050417],[-86.138692267685357,39.832760430952384],[-86.138728268326034,39.832754519282908],[-86.138765024622074,39.83274653298497],[-86.138801017226726,39.832739449553181],[-86.138836225869014,39.832730478793216],[-86.138872301298917,39.832721503593987],[-86.138907213970299,39.832711452311756],[-86.138942119295081,39.832700500378309],[-86.138975965059601,39.832689553648557],[-86.13901018828642,39.832677432699043],[-86.139519163154191,39.83249042198797],[-86.139551947996281,39.832479478513449],[-86.139579640477308,39.832471423522584],[-86.139586090054109,39.832469520234937],[-86.139597437231345,39.832466141498877],[-86.139586185845999,39.832469519844473],[-86.139605245109237,39.832463847186212],[-86.139619941772224,39.832459473062933],[-86.139650625497552,39.832451676062306],[-86.139655150162909,39.832450502055529],[-86.139690075621786,39.832442522027939],[-86.13969232966781,39.832442089522594],[-86.139725104216978,39.832435443140618],[-86.13974904938398,39.832430851155976],[-86.139761097182074,39.832428450377314],[-86.139797103183767,39.832423529092097],[-86.139832049561463,39.832418431983172],[-86.139869123069886,39.83241449705956],[-86.139905143209916,39.832411467992138],[-86.139941066380473,39.832408438408443],[-86.140331950914771,39.832398204869477],[-86.140398045456664,39.832396484025921],[-86.140551149022784,39.832393517017664],[-86.141053082132856,39.832388493526643],[-86.142423094352182,39.832372524055579],[-86.143687111345841,39.832357514669845],[-86.145112042397471,39.832340477024246],[-86.146294148385465,39.832325506798234],[-86.146880095782436,39.832318488636766],[-86.147466126175601,39.832309485697031],[-86.148052171385544,39.832302461210716],[-86.148637155191579,39.832295528240557],[-86.149833148917921,39.83228244663723],[-86.149845093575848,39.833808471003898],[-86.149859127722664,39.834793456516593],[-86.14986303254085,39.835089448147563],[-86.149864199596976,39.835118450263735],[-86.149869217743174,39.835559469413752],[-86.149870269933714,39.835613423263801],[-86.149873171917818,39.835862486925187],[-86.149872037699637,39.835879517912012],[-86.149870994658613,39.835895555980848],[-86.149868118007376,39.835911512520291],[-86.149865249465762,39.835928459762719],[-86.149861136137744,39.835946493893921],[-86.149858164316782,39.835962540896361],[-86.149857126420926,39.83597948051392],[-86.149856971051875,39.835998487996399],[-86.149861990613317,39.836398520295361],[-86.149879241751776,39.836398538510856],[-86.149906268093432,39.838343558871365],[-86.149922034012917,39.839569256472913],[-86.149923059746982,39.839569245895476],[-86.152277665202107,39.839538650614912],[-86.153673692740909,39.839520164052772],[-86.154633740232114,39.839508838086118],[-86.156984410824464,39.839479378831498],[-86.156977234065565,39.838770711321921],[-86.156967754719773,39.837831536142588],[-86.15695675550667,39.836596416229916],[-86.156958630533182,39.836596403802467],[-86.159312024350314,39.836565456684198],[-86.159674182943462,39.836579332299941],[-86.160503385348818,39.836647516910901],[-86.161696455042573,39.83664059128008],[-86.162903998185541,39.83663167664885],[-86.164082431999589,39.836621020682117],[-86.165857539363216,39.836607560819658],[-86.16869292222809,39.836591404452022],[-86.168863816270729,39.836607508235311],[-86.168863523290113,39.836606742133334],[-86.168858454363217,39.836590743871099],[-86.168854161353124,39.836574608050199],[-86.168850640964408,39.836558363506363],[-86.168847902680369,39.836542029112714],[-86.16884595250572,39.836525627360011],[-86.168844784775771,39.836509182590923],[-86.168844164512478,39.836488022249632],[-86.168837623305905,39.835782692271138],[-86.168837909528435,39.835757987472029],[-86.168839535109626,39.8357272568011],[-86.168841080383103,39.835702503319787],[-86.168841533663084,39.835677797797231],[-86.168837503451954,39.835277287541651],[-86.168832933100717,39.834815752930346],[-86.17591256658244,39.83477209462044],[-86.175923226315717,39.834168043606233],[-86.175926392932709,39.834031773725933],[-86.175928032703993,39.833964324396597],[-86.175928795148366,39.833933262362784],[-86.175928953619135,39.833921975377656],[-86.175928441489887,39.833907679497294],[-86.175928013634632,39.833897043567859],[-86.175927684404783,39.833888847119205],[-86.175926927475629,39.833876679694704],[-86.17592574818579,39.833864111524903],[-86.175924150269722,39.833847060759126],[-86.175920602409718,39.833805946358368],[-86.17591931788688,39.83376220197465],[-86.175920270493691,39.83254560839449],[-86.175915087451429,39.832038321700381],[-86.177571981554735,39.832026492295917],[-86.177640894085712,39.832024514460599],[-86.177683563270747,39.832022784578719],[-86.177726181261107,39.832020452358584],[-86.177768739891704,39.832017519637574],[-86.177843020114523,39.832010937228979],[-86.177885332853222,39.83200635372031],[-86.177927529027386,39.832001175367196],[-86.178001051243172,39.831990680986394],[-86.178074098547285,39.831978373802919],[-86.178115597374415,39.831970532472887],[-86.178156902591596,39.831962104744903],[-86.178228681891667,39.831945959896608],[-86.178304072654939,39.83192689621881],[-86.178350044631102,39.831914188574366],[-86.178399910307888,39.831899441733697],[-86.178449324350879,39.83188381600884],[-86.178488514025148,39.831870691495567],[-86.178537053166167,39.831853509633071],[-86.178575507021378,39.831839151717269],[-86.178623085024682,39.831820442921021],[-86.178670093742753,39.831800901696752],[-86.178707276647685,39.831784672350366],[-86.178753200742889,39.831763651575542],[-86.17878948358252,39.831746253503532],[-86.178834249744028,39.831723792232928],[-86.178869569668521,39.831705257238063],[-86.178913092884343,39.831681391876252],[-86.178947396409868,39.831661754422136],[-86.178997901183507,39.831631965118497],[-86.182780694862615,39.829281630654705],[-86.182847685200073,39.829414977649776],[-86.183794103551151,39.831349370267262],[-86.183918572327684,39.831604013852562],[-86.183983627250782,39.831737113869103],[-86.18397909405806,39.831739535267573],[-86.183971392507701,39.831743647839986],[-86.183830122667302,39.831789107585223],[-86.183777432155409,39.831813801933343],[-86.183704001658171,39.831841060125512],[-86.183617682819047,39.831864038975596],[-86.183579551630274,39.831878757390847],[-86.183540886851674,39.831893671814761],[-86.18344279168241,39.831922495205724],[-86.183403563082763,39.83193809750486],[-86.183392344322158,39.831942567958727],[-86.183350594206971,39.831959197425711],[-86.183306572919449,39.831976743965825],[-86.183200052495309,39.83201213722667],[-86.183104143831372,39.832047812798216],[-86.183018462362142,39.83207968247774],[-86.182827323097413,39.832141642545295],[-86.18275105766665,39.832170915835974],[-86.182751078210543,39.832173660985511],[-86.182633356476074,39.832216104457466],[-86.182451747586853,39.83228581771705],[-86.182257780156064,39.832360279905274],[-86.182062181070251,39.832435627170369],[-86.181862048619834,39.832518763412629],[-86.181669268186695,39.83261875062535],[-86.18147252837845,39.832703600420402],[-86.181350306379159,39.832749055483831],[-86.181294276000742,39.832765527797477],[-86.181281378988629,39.832769318280612],[-86.181195600748154,39.83279800227502],[-86.18109695044474,39.832824437568725],[-86.180947299543774,39.832901912839816],[-86.180802119618903,39.832967700831084],[-86.180765675433008,39.832989329788241],[-86.180685556044224,39.833036876269951],[-86.180581868128144,39.833084991844807],[-86.180491627852049,39.833140818746017],[-86.180396349471309,39.83318497179183],[-86.180335784922988,39.833209645401766],[-86.180208015557781,39.833280187652839],[-86.180038171078422,39.833357228744852],[-86.180026388327676,39.833362580422055],[-86.179951858083982,39.833405268671932],[-86.179913760303933,39.833419986634468],[-86.179838662246183,39.83346284304664],[-86.179749005037749,39.833525583931127],[-86.179654275047241,39.833581401213479],[-86.17959206185364,39.833614290425878],[-86.17946819585498,39.833692610797492],[-86.179399259012015,39.833731129087091],[-86.179329230419341,39.833799903845012],[-86.179293941372933,39.833818947716807],[-86.179107855771434,39.833910279875525],[-86.178917275619582,39.833995978078448],[-86.17878554777576,39.834061346579887],[-86.178748544707005,39.834070019437945],[-86.178736209507406,39.834072901985493],[-86.178688555194256,39.834095540781277],[-86.178630855453036,39.834136645278441],[-86.178580978321108,39.834162176881698],[-86.178556298093909,39.834180788230803],[-86.17847841153079,39.834246551079488],[-86.178404483813225,39.834322673025191],[-86.178338316888741,39.834388905571181],[-86.178338338682067,39.834391842557892],[-86.178337058069857,39.834393074917521],[-86.178262746389493,39.834464568123849],[-86.178202208997462,39.834521660992515],[-86.178163545845422,39.834546758384462],[-86.178101920250228,39.834601277381701],[-86.177922579358338,39.834733645720384],[-86.17786768459834,39.834778662591312],[-86.177821743110599,39.834806783962662],[-86.177765129657587,39.834859990037202],[-86.17771361483004,39.834919239632221],[-86.177688114991895,39.834960845790761],[-86.177663829457728,39.83500047052658],[-86.177623261551417,39.835090363970522],[-86.17757689997751,39.835157853546754],[-86.177520022781181,39.835291111243762],[-86.177506020197384,39.835309291664288],[-86.17744337485378,39.835365570201425],[-86.177399746124664,39.835422258555795],[-86.177388039953044,39.835452535648074],[-86.177387811557765,39.835459081816794],[-86.177382811357376,39.835602147212981],[-86.177382446017219,39.835668281358018],[-86.177382027820912,39.835746522530194],[-86.177387985801431,39.83589696209394],[-86.177391093587858,39.835975215661598],[-86.17741632319769,39.836025753721231],[-86.177420262684052,39.836033643352103],[-86.177427659047524,39.836070699443724],[-86.177463009102766,39.836083637735335],[-86.177467524194213,39.836092266080875],[-86.17746332474664,39.836095808888871],[-86.177449051079606,39.83610785693719],[-86.177413184961154,39.836121302412728],[-86.17740313644731,39.836129966954466],[-86.177388592559808,39.836156797065847],[-86.177390690900864,39.836159806871329],[-86.177401549830662,39.836175380272351],[-86.177400448181061,39.836185323105212],[-86.177400173146239,39.836185730517762],[-86.177354623977692,39.836253249742619],[-86.177355238167749,39.836259672412403],[-86.177356360243579,39.836271414900196],[-86.177364830071795,39.836289990843774],[-86.177362042276698,39.836295792616653],[-86.177333022916031,39.836356181423525],[-86.177333783158545,39.836361186697914],[-86.177337552430714,39.836386001553201],[-86.177349404822763,39.836414088984966],[-86.177353355297342,39.836423460169812],[-86.177365425755653,39.836452122167401],[-86.177364207121286,39.836508734582956],[-86.177363121168497,39.836510387587765],[-86.177332375037722,39.836557218116305],[-86.177321226193982,39.836595261013748],[-86.177321262921339,39.836600062318801],[-86.177322056538941,39.836702486512131],[-86.177322383056563,39.836746573724788],[-86.177346329571847,39.836772904754895],[-86.177354191967282,39.836781546290041],[-86.17735762473238,39.836802723921224],[-86.177355705145288,39.836807761707007],[-86.17734312878909,39.836840780652381],[-86.177342393560451,39.836848617907833],[-86.177328905066418,39.836992573565432],[-86.177322897048256,39.837056535800436],[-86.177322434730755,39.837057369152895],[-86.177307259860427,39.837084689289554],[-86.177301705249874,39.837113648629874],[-86.177302015714858,39.83711471185407],[-86.177307369449196,39.837133087155252],[-86.1773101456982,39.837142600410452],[-86.177312081238526,39.837221270728989],[-86.177326806442764,39.837281354387635],[-86.177338655726288,39.837309001402488],[-86.177335711744476,39.837314227433218],[-86.177307935790765,39.837363519913609],[-86.177303486095568,39.837382975934766],[-86.17730394743819,39.837384692380468],[-86.177313116884534,39.837418841413054],[-86.177315992942667,39.837456026380302],[-86.177328385918727,39.837484989581483],[-86.177325675563083,39.837523022349281],[-86.177325013306884,39.837523992582739],[-86.177299995635835,39.837560663553781],[-86.177292760539487,39.837588778255274],[-86.177293394813518,39.837590655159559],[-86.177309690344373,39.837638914228158],[-86.177334437150762,39.837667411444912],[-86.177351368753293,39.837703271801288],[-86.177356385234503,39.837712227586273],[-86.177373057766772,39.83774213115499],[-86.177376308048139,39.837748128811498],[-86.177435172932789,39.83781553961763],[-86.177452082124915,39.837843631788019],[-86.177462752949481,39.837861373916354],[-86.177460595843527,39.837869048105844],[-86.177451095499009,39.837902851506364],[-86.177451058047694,39.837907731495072],[-86.177450663119387,39.837959926092744],[-86.17746815550457,39.837984885868089],[-86.177470350525326,39.837988006027658],[-86.177528229743828,39.838032881885759],[-86.177567035088927,39.83807476863192],[-86.177584122341145,39.838189307090268],[-86.177595981451688,39.838218244689138],[-86.177599353399671,39.838226465554257],[-86.177625254139613,39.838276150359974],[-86.177652266939532,39.838312405793125],[-86.177664726683872,39.838359953058948],[-86.177719459051175,39.838503836983129],[-86.1777301354971,39.83853192864435],[-86.177756102372612,39.838580734974478],[-86.17777478624636,39.838651176824811],[-86.177812848735144,39.838794667590555],[-86.177827869197472,39.838851291299221],[-86.177873032627872,39.838934217711312],[-86.177896662423464,39.838970487089142],[-86.177897282217188,39.838991677992389],[-86.177909695855092,39.839018472221632],[-86.177913675811737,39.839046125926018],[-86.177937274715333,39.839073337406234],[-86.177942229932967,39.83908377593405],[-86.177950622079749,39.839101418173861],[-86.177957685829881,39.839165377748564],[-86.177956147403151,39.839212520121208],[-86.17797389805645,39.839277119803967],[-86.178245290012327,39.839274975861279],[-86.178250810100636,39.839274932605186],[-86.177983593706571,39.838199993484849],[-86.177786752809311,39.837623549263938],[-86.177758265651889,39.836666986000267],[-86.177686867982146,39.835694116735297],[-86.177769880065583,39.835347363584717],[-86.17812955424013,39.834801456310679],[-86.179279344655342,39.834054122056202],[-86.180664077683005,39.833256252929424],[-86.182413461500673,39.832588702962937],[-86.184269362601285,39.831974144905992],[-86.18417079075796,39.831782034982886],[-86.184181817585127,39.831756357242277],[-86.184177275216811,39.831747280740949],[-86.18406453468252,39.831521996506638],[-86.183984979862231,39.831363022799394],[-86.183929137900421,39.831251435625894],[-86.183905137814932,39.83120199498476],[-86.183840474096243,39.831068786887798],[-86.183780936432157,39.830946138773307],[-86.183687227147658,39.830753094347962],[-86.183596436031991,39.830566060517171],[-86.183509161052442,39.83038627124435],[-86.183407608159172,39.830177064766623],[-86.183319791938374,39.829996157314696],[-86.183097243422679,39.8295351260766],[-86.182964148185988,39.829259190227368],[-86.182929041309336,39.829189453554584],[-86.182883016876247,39.829218051968141],[-86.182801656687033,39.829056873363051],[-86.182371988826148,39.828163148614927],[-86.181923337815704,39.827229014084651],[-86.181463740423979,39.826265071689839],[-86.181079055772571,39.8254607065494],[-86.180704990874645,39.824736246402608],[-86.18063076135526,39.824592558890409],[-86.180492176562538,39.824479803478752],[-86.179680283906677,39.822742025411912],[-86.179679989548774,39.822741396243678],[-86.17915313479277,39.821651482391779],[-86.178923578767595,39.821177584724417],[-86.177152736334065,39.817461945092013],[-86.176636834039911,39.816409174548106],[-86.175160857645878,39.813179638846094],[-86.175003109509007,39.813108444660344],[-86.174573159419779,39.813109515982994],[-86.172354130865131,39.813113533037978],[-86.17036612222735,39.813117496650833],[-86.169733957146363,39.813118527020961],[-86.169102176755231,39.813119463114319],[-86.168509999479127,39.813121485430123],[-86.167939105707049,39.813122512104627],[-86.167370916830293,39.813124514137371],[-86.166269116273156,39.813127462108049],[-86.166268248551887,39.813127465844246],[-86.166268055854701,39.813127466673954],[-86.164436906685367,39.81313452608471],[-86.163859180023294,39.813136462669995],[-86.163859120792566,39.813168442219897],[-86.163859166281441,39.813201502128479],[-86.163864085538449,39.813750530388276],[-86.163881093249415,39.815375536931882],[-86.16390197104036,39.817323469725849],[-86.163921126005036,39.819366445460119],[-86.163938140363229,39.8211254910739],[-86.16395610521235,39.822922547621673],[-86.163982112483183,39.824712452034319],[-86.163980142160923,39.824746511256066],[-86.163976146947121,39.824780489990466],[-86.163392067370268,39.824783532467436],[-86.162803073036329,39.824786502953408],[-86.162235083320184,39.824789470801193],[-86.161558123889307,39.824793531195986],[-86.160928082368187,39.824796487107058],[-86.160396129513614,39.824799472562368],[-86.159810217912991,39.82480250480323],[-86.159210141683616,39.824805504150966],[-86.159203108790308,39.824805534006977],[-86.159024102571621,39.824808456292054],[-86.158041109865195,39.824824514242621],[-86.156857174459077,39.824902488438262],[-86.156856081197887,39.824843489174668],[-86.156836319026212,39.822211471643044],[-86.156825093625926,39.821187557829276],[-86.15681112540102,39.819438496342592],[-86.156794174996023,39.817486492985914],[-86.156777129763995,39.815873466584996],[-86.156774131134412,39.815695477487687],[-86.156773282535639,39.815562520149669],[-86.156765452408422,39.814717764390871],[-86.156764288720282,39.814594537430665],[-86.156761019961266,39.813849482987457],[-86.156728165074327,39.810240484888894],[-86.156725034122204,39.810206447244475],[-86.156719308959268,39.810173501364496],[-86.156719294883501,39.810171519041248],[-86.156763187640834,39.810166469119181],[-86.156808154316082,39.810163487094194],[-86.156954155527401,39.810160573555521],[-86.156715039572731,39.810164164098396],[-86.156692580620685,39.808335925368844],[-86.156673839355008,39.80654175187221],[-86.156639525098527,39.803466624012749],[-86.156330872477028,39.803728976636783],[-86.155776007733039,39.804104671615256],[-86.155525624760514,39.804291718737304],[-86.155337736537902,39.804413986827932],[-86.155170582174733,39.804503568312775],[-86.155055586560692,39.804560674179882],[-86.15476909403499,39.804730368828679],[-86.154314072079359,39.804992394952819],[-86.15408418969453,39.805106602612717],[-86.153896068678065,39.805204506093688],[-86.153708061291752,39.805310645460182],[-86.15348868721253,39.805432699540653],[-86.153300506814645,39.805514474826118],[-86.153089516146537,39.805555851104877],[-86.152745219136236,39.805589550630344],[-86.15242038445534,39.805623167663029],[-86.15200077896958,39.805608795079195],[-86.151644354132031,39.80562641368639],[-86.15142389817062,39.805595078119318],[-86.151066586165541,39.805581472273296],[-86.150752218008648,39.805529250796354],[-86.150584431874151,39.805529950648776],[-86.150280338247214,39.805531218434751],[-86.150112833290606,39.805572066702439],[-86.149966354911541,39.805621404276984],[-86.149777827560385,39.805654446107141],[-86.149287952094923,39.805675701425407],[-86.148835310423536,39.805844357471479],[-86.148615644465437,39.805926255092835],[-86.148395980318384,39.80600815229063],[-86.148249949871612,39.806122001152737],[-86.148082952009815,39.806235935020609],[-86.147696283709678,39.806431422287922],[-86.147591453633282,39.806440092581624],[-86.147288426294239,39.806595082434207],[-86.146911365862891,39.806669392880288],[-86.146555439869786,39.806759743075126],[-86.146356624455422,39.806825421807233],[-86.146073996141013,39.806899339115006],[-86.14584353255627,39.80694078357574],[-86.145571695182255,39.80705514851882],[-86.145383442426535,39.807136566307321],[-86.145121836095171,39.807218631233305],[-86.144986308727354,39.80733243086928],[-86.144796863954625,39.807466699686863],[-86.144551844659432,39.807615266520806],[-86.144417920198308,39.807719794550664],[-86.14422824084761,39.807884947522822],[-86.144049911186542,39.808058632410969],[-86.143815590603367,39.808258970356626],[-86.143659553687655,39.808415405120655],[-86.143469750884705,39.808563056346664],[-86.143190065421422,39.808694261731809],[-86.142944500486493,39.808885721102826],[-86.142642880307648,39.809094569547881],[-86.14246575680059,39.809307366910858],[-86.142296626529458,39.809542093270508],[-86.142271401553359,39.809868538804025],[-86.14231657234356,39.810525636708412],[-86.14290946678625,39.811941334619412],[-86.14309157469819,39.812312912022797],[-86.143251384013382,39.812693158718865],[-86.143354898761771,39.81305613636664],[-86.1433563944626,39.81327266204184],[-86.143358724564422,39.813609975399146],[-86.143259512692964,39.813870152477392],[-86.143215946014209,39.814069362223769],[-86.143093661465045,39.814234579538379],[-86.142836545241096,39.814391428055039],[-86.142601717402258,39.8145135257692],[-86.142344240633903,39.814618214877534],[-86.14210923570451,39.814723154492803],[-86.141795720991112,39.81483253302374],[-86.141348178805032,39.815042317640149],[-86.141079935420237,39.81520778758933],[-86.140872378467208,39.815389821778034],[-86.140678166898141,39.815547094706481],[-86.140500045465259,39.815755431916571],[-86.14031045607409,39.81593807892623],[-86.14003115026172,39.816129670584097],[-86.139762603033233,39.816251900095367],[-86.139471762743398,39.816400299718381],[-86.139214566393051,39.816539639527484],[-86.138934900442422,39.816679413380754],[-86.138666644883386,39.816844876874811],[-86.138387687417648,39.817088623821391],[-86.13820973705873,39.817331614681216],[-86.138133208544886,39.817626353862323],[-86.138089769937537,39.81783860100861],[-86.138092615037095,39.817880125781585],[-86.138114669371689,39.818201902434879],[-86.138116148906548,39.818418428982341],[-86.138095092214385,39.818617544315821],[-86.138062860773005,39.818833863757007],[-86.138008097485212,39.819033460957066],[-86.137930679116735,39.819198146400673],[-86.137830789957803,39.819371502848419],[-86.137731018447255,39.819553780791644],[-86.137597414266381,39.819710116092843],[-86.137385624613842,39.819927507119985],[-86.137184776048656,39.820109851448422],[-86.136972454039395,39.820249347401919],[-86.136669759865953,39.820302391453161],[-86.136322122155335,39.820355958903377],[-86.136053374454349,39.820452099818212],[-86.135874849510444,39.82061307587206],[-86.135629519367711,39.820856336924727],[-86.135552152772448,39.82102994259585],[-86.135374063467822,39.821255430374705],[-86.135296754064711,39.821437614539391],[-86.135096191494966,39.821663534902832],[-86.134828671187876,39.821941541688609],[-86.134494255512351,39.822289135140799],[-86.134349343002526,39.822436934244102],[-86.1341373010751,39.822619660619893],[-86.133936379160517,39.822793420662407],[-86.13369085704295,39.823002361811689],[-86.133512404764005,39.823176030664982],[-86.133265944265773,39.823254918519645],[-86.133030425513837,39.823281945298831],[-86.132739421680668,39.823412827641647],[-86.132392522719144,39.82357859329877],[-86.132112581704376,39.823683692052441],[-86.13187758516132,39.823788610829745],[-86.131687832961148,39.823953743270771],[-86.131576625045852,39.824109981794166],[-86.131431526745502,39.824231697207757],[-86.131410569954127,39.824456892428024],[-86.131310538406908,39.82460450611503],[-86.13116602207306,39.824812695079501],[-86.131133360683307,39.82496861777053],[-86.131033620052563,39.825159468601889],[-86.130874776792226,39.82543806060729],[-86.130782094852677,39.825611726068693],[-86.130706953182397,39.825746200617125],[-86.130664350052626,39.825871965190458],[-86.130578244926653,39.825997904595937],[-86.130470331531114,39.826107116474795],[-86.130438352015503,39.826199554163367],[-86.130428068078231,39.826283324422562],[-86.130385069640184,39.826350412597996],[-86.130212239553444,39.826502090953639],[-86.130006189395942,39.8265615936741],[-86.129789458960929,39.826646189044723],[-86.129637926566716,39.826730523863475],[-86.129464529797502,39.826798131059832],[-86.129223972148083,39.826963462056995],[-86.129216996761897,39.826969141581344],[-86.129282590092842,39.827009765149327],[-86.129262405452096,39.827060382319338],[-86.129220077348776,39.827099466402068],[-86.129165145977325,39.827141482859886],[-86.12914909185983,39.827161455302466],[-86.12910210020145,39.827180469350282],[-86.129023070564415,39.827235464095203],[-86.128955103753128,39.82727347937719],[-86.128897147001425,39.827295510149057],[-86.128851102203726,39.827326501957877],[-86.128840158316393,39.827332490887208],[-86.128805134397552,39.827354520324505],[-86.128737093115802,39.827381454811686],[-86.12869909009278,39.827404487721005],[-86.128458120586856,39.827537506264434],[-86.128255063973313,39.827691543762725],[-86.128039156874806,39.827912472645949],[-86.128020108854827,39.82796047222584],[-86.127998085281263,39.827995511261172],[-86.127981121809214,39.828052510161683],[-86.12797061692406,39.828095521169182],[-86.127905143683051,39.828362514452614],[-86.127916102301469,39.828387513157239],[-86.127915104289528,39.82842553176765],[-86.127896088587917,39.828521544191375],[-86.127892312665651,39.828562006557746],[-86.127883135791464,39.828659511005206],[-86.127840127130384,39.82885651110896],[-86.127841080608363,39.828941454146083],[-86.127829122072839,39.828997533350503],[-86.127822100770885,39.829071518091389],[-86.127782109381229,39.829215447615738],[-86.127741090310224,39.829306502790516],[-86.127736118046926,39.829355527179715],[-86.127733100392206,39.829365448358452],[-86.127701091449723,39.829420525518742],[-86.12768504300459,39.829441488468561],[-86.127656101742076,39.829465474860179],[-86.127605069383904,39.82951450211285],[-86.127603129207458,39.829541444397776],[-86.127613134450854,39.829553475444797],[-86.127642121388661,39.829579484248399],[-86.127664139426713,39.829615519087852],[-86.127693125241763,39.829641527882856],[-86.127700142958659,39.829653480726428],[-86.1277230657264,39.829680504345063],[-86.127754149470562,39.829746500898523],[-86.127765057007622,39.829792489058349],[-86.127767107268255,39.829868510177114],[-86.127755158815731,39.829897473715477],[-86.127748109687005,39.829938489479076],[-86.127735148670453,39.829974483175846],[-86.127713136402136,39.830011504478897],[-86.127697093749731,39.830076517435785],[-86.127683155707558,39.830110533531666],[-86.127673076881891,39.830116518911574],[-86.127665082683663,39.830131504521411],[-86.127641129058588,39.830137454961545],[-86.12762409682999,39.830155448693702],[-86.127620087039588,39.830175463129436],[-86.127540085629803,39.830345495335692],[-86.127538050214412,39.830372527160534],[-86.127529118712786,39.830391480337774],[-86.127525095635008,39.830409512444923],[-86.127502045347597,39.830435457771635],[-86.127457131102005,39.830520492903005],[-86.12744106129793,39.830538482784881],[-86.127404162998644,39.830597453058502],[-86.127351129754643,39.830664504263339],[-86.127313138692003,39.83071852425401],[-86.127252050909206,39.830849475785541],[-86.127218135432699,39.830864473297694],[-86.127141169101535,39.830926484680958],[-86.126983154128396,39.831030525889027],[-86.126885087759618,39.831107484591662],[-86.126756134600456,39.831162495656173],[-86.126698164614524,39.831197496839607],[-86.12664113394375,39.831214478145682],[-86.126630085682578,39.831219476539573],[-86.126618060460459,39.831222497329087],[-86.126538096200917,39.831268485547568],[-86.126450113545289,39.831340449319086],[-86.126403061570343,39.831365497902375],[-86.126375103790906,39.83139245318683],[-86.126364124856778,39.831393488327812],[-86.126341104124677,39.831380517107249],[-86.126319132440003,39.831380514091641],[-86.12622709623902,39.831451503014748],[-86.126003078516945,39.831600484798358],[-86.125982832711998,39.831613536417933],[-86.125961050903712,39.831627495686419],[-86.125839091392663,39.831734454868787],[-86.125813079966804,39.831764464595039],[-86.125799094482844,39.83179154457698],[-86.125759073934077,39.83183052817467],[-86.125680101701533,39.831895519635104],[-86.125657103581588,39.831929481257106],[-86.125646112221204,39.831957450045628],[-86.12557913016731,39.832057525574669],[-86.125571957246279,39.832080164392039],[-86.125567047616855,39.832095497920868],[-86.125571111991547,39.83214151333776],[-86.125528073619009,39.832190508040142],[-86.125505074853024,39.832166457414921],[-86.125443126199457,39.832197510750582],[-86.125366134091351,39.832270511036704],[-86.125297146884193,39.832315464256581],[-86.125202077654919,39.832394481221222],[-86.125118104582327,39.832446519695708],[-86.125036026600924,39.832479453695761],[-86.124855122353551,39.832562503116726],[-86.124831071276006,39.832568543428074],[-86.124787121069076,39.832596462151663],[-86.124652119447944,39.832742477829825],[-86.124636158515685,39.832762448364747],[-86.124607014274346,39.832785263915383],[-86.124486682424205,39.832551867905643],[-86.124373907914404,39.832600157414831],[-86.123920170763682,39.832815389391889],[-86.123579993242103,39.832998258940492],[-86.123307998650944,39.833168848696076],[-86.122937595140627,39.833375169901558],[-86.122445767481679,39.833569956560616],[-86.122242597212932,39.833665521333366],[-86.122238154959476,39.833676220733217],[-86.121793781076718,39.834446452273937],[-86.121079749854005,39.834747692036132],[-86.121043482787243,39.834229547611734],[-86.120799086948992,39.834393810547901],[-86.120468033082517,39.834604431735812],[-86.120332681581829,39.834767615916114],[-86.119972069084227,39.834934083298251],[-86.119505350815643,39.835176802035008],[-86.118996571661995,39.835309872221742],[-86.11852733826673,39.835254736034514],[-86.118218473481178,39.835142355016615],[-86.117534366948163,39.835010840931361],[-86.117379932001739,39.835013500836503],[-86.116328838295857,39.835036109896734],[-86.114672994767844,39.835279979558919],[-86.114054030674041,39.835437473510545],[-86.113706452123566,39.835557545167021],[-86.113413043804428,39.835760108584729],[-86.11335969641631,39.83579634443084],[-86.112852512468152,39.836092724476515],[-86.112309999123212,39.836467475666645],[-86.112241139580561,39.836496908371657],[-86.111766842154282,39.836726242019616],[-86.111410920742102,39.836908793096768],[-86.11119723248386,39.837007753646915],[-86.110796591809489,39.837210721250727],[-86.110609664698927,39.83730957826549],[-86.110356066471709,39.83744986953382],[-86.110155728517483,39.837548778904825],[-86.109768658822063,39.837777769985117],[-86.109568239503872,39.837855744366131],[-86.109354987505967,39.83803225388133],[-86.109248852292112,39.838192569259306],[-86.109222464602979,39.838259928387259],[-86.109076787530171,39.838518880941102],[-86.108944892338542,39.838844694263507],[-86.107790303840375,39.840129530735588],[-86.107681189547819,39.840250951514143],[-86.107841962268481,39.840249590875871]]]},"properties":{"OBJECTID":55,"JURISDCTN":"IMPD","DISTRICT":"North","POLICEZONE":"ND10","SHAPE.STArea()":112291294.69500071,"SHAPE.STLength()":86604.035071802835}},{"type":"Feature","id":56,"geometry":{"type":"Polygon","coordinates":[[[-86.13418264529443,39.883304077642791],[-86.134583390718603,39.883319104004698],[-86.135611504290367,39.883322731521737],[-86.136959534550741,39.883319857205983],[-86.13847487143542,39.883306692881717],[-86.138528871942285,39.883306223712395],[-86.138559182213896,39.883303052549806],[-86.138590187956098,39.883292529141187],[-86.138610177041087,39.883280252830289],[-86.138626330071304,39.883264697501588],[-86.138638867027254,39.883252370450684],[-86.138656045348455,39.88324073873585],[-86.138682755685792,39.88322968427908],[-86.138709202785492,39.883224569857909],[-86.138943067201708,39.883223399833156],[-86.139119213448694,39.883223887515449],[-86.139807252890776,39.883233739734173],[-86.141664561154329,39.883218472581433],[-86.141723745700972,39.88302545142524],[-86.141863407594172,39.882840292057956],[-86.142064239896229,39.882329141781227],[-86.14212113598964,39.881384259061853],[-86.142296584550706,39.88025973194528],[-86.142362660833854,39.879624265527156],[-86.142404015671758,39.879109379441864],[-86.143769486386091,39.87912268630712],[-86.145668151103763,39.879322468833834],[-86.146710410281756,39.879270803748035],[-86.147561942226503,39.879078199097044],[-86.148308582725335,39.878790284220592],[-86.150310410239285,39.877499250084014],[-86.153824307704085,39.872735308676091],[-86.153937267109455,39.872626053781559],[-86.153990978585554,39.872490968991848],[-86.154100010086822,39.872448303024868],[-86.15465471024612,39.872041736347754],[-86.154860730554731,39.871804780103474],[-86.155296315914114,39.871558620946644],[-86.15567759755676,39.871371711434278],[-86.15589523791904,39.87122769882815],[-86.156141611227383,39.87115528355551],[-86.156908570091915,39.870751585711851],[-86.157463961374901,39.870446231881616],[-86.157790801764875,39.870284595934628],[-86.158052554408258,39.870199415716343],[-86.158248369073164,39.870063725917205],[-86.158356492511373,39.86989477944158],[-86.158661211093232,39.869699605801365],[-86.158867570824469,39.869505192834268],[-86.159095265480474,39.869243085948611],[-86.159355745859457,39.868980840250302],[-86.15945301418266,39.868820174513836],[-86.159723526670703,39.868435722815818],[-86.159886126885766,39.868241493111164],[-86.160103506326493,39.868063501506441],[-86.160341614733056,39.867725511861103],[-86.160546999776855,39.867404476458645],[-86.160741533908862,39.867092063929384],[-86.160838010994468,39.866821934463218],[-86.160976733702867,39.866349851637061],[-86.16107351716434,39.866130164177669],[-86.161137456208294,39.865902723221147],[-86.161372433381885,39.865130655694749],[-86.16150054088844,39.86470048120578],[-86.161585019887085,39.864287650378074],[-86.16170221995219,39.863865757831093],[-86.161851469117579,39.863334263264626],[-86.161990391440227,39.862891687517916],[-86.162063474919705,39.862419539322602],[-86.162100908610796,39.862214502369724],[-86.162126612021581,39.862073714039099],[-86.162125582879526,39.861930623401044],[-86.162232048784631,39.861534169375801],[-86.162370931886485,39.861087133119263],[-86.162586833205324,39.860715604368714],[-86.162617791731066,39.860454332089887],[-86.162681871311705,39.860247823653417],[-86.162723554686124,39.859961112093792],[-86.162765486719437,39.859716606445261],[-86.16269519185191,39.85905976771226],[-86.162604966606281,39.858672732925641],[-86.162655619398834,39.858116607253116],[-86.162718331716704,39.857720340512969],[-86.162745199165002,39.856899057601836],[-86.162763855092535,39.856452191483413],[-86.163002597044311,39.855027424598902],[-86.163427627582024,39.85382216418008],[-86.164201386302651,39.853098616391044],[-86.16427008454157,39.853034374378112],[-86.164849925205786,39.852934795562533],[-86.165290099514024,39.852859199187769],[-86.167845136506187,39.852315517942387],[-86.172022890581431,39.851462394841512],[-86.174001358738494,39.851266604918543],[-86.175159907584302,39.851333514481247],[-86.176391681081512,39.851198540420363],[-86.17731357192784,39.851071196348187],[-86.17856295052249,39.850383501385124],[-86.179573241942521,39.84935163543404],[-86.179931469827196,39.84807454694959],[-86.179815819176895,39.847392867976616],[-86.179639579897781,39.846645227959549],[-86.179615950639047,39.846192026502074],[-86.179571430296079,39.84566822577397],[-86.17952812982594,39.845300899786267],[-86.179455671981927,39.845105621195628],[-86.179463646433518,39.844808757392784],[-86.179396943363756,39.844809297206389],[-86.179024370533256,39.8429293580148],[-86.178494550706048,39.840737913071663],[-86.178360893922601,39.83991268607484],[-86.178374915328561,39.840851008163128],[-86.178377237084021,39.841005610255145],[-86.178396608543707,39.84220418815945],[-86.178466184399326,39.843960227110564],[-86.178478649911213,39.844784296683812],[-86.178478448413287,39.844788789202909],[-86.178477239508595,39.844794196741624],[-86.178473611664344,39.844801926966433],[-86.178467955588005,39.844808893366263],[-86.17846318471365,39.844812963816402],[-86.178460580206817,39.844814843291687],[-86.178460242547018,39.844814845681995],[-86.177900392402179,39.844818703053875],[-86.177346812774431,39.844825976075541],[-86.17625274772098,39.84483434834717],[-86.175155815869815,39.844842993066742],[-86.174059602756657,39.844852176379788],[-86.172770189929309,39.844862188755805],[-86.171480780198067,39.844872521834972],[-86.170983234600385,39.84560219763425],[-86.170888075938848,39.845710939097224],[-86.170781733054952,39.845838760193161],[-86.170640679342867,39.845999136215042],[-86.170501375738823,39.846160847356948],[-86.170052923010346,39.846674277072438],[-86.1689236427287,39.84668153789184],[-86.168435130603115,39.846642739967301],[-86.166537492276277,39.846656975841846],[-86.165345261163949,39.846664788295215],[-86.164332803935253,39.846672247929781],[-86.164300822602257,39.846673809980757],[-86.164269058136,39.846677087765556],[-86.16423767166053,39.846682064381284],[-86.164210404453115,39.846687909578534],[-86.164216160815812,39.846660622575428],[-86.164219943675562,39.846636092874519],[-86.164222276835275,39.846611452304344],[-86.164223149015299,39.846586756754796],[-86.164217510302592,39.845790240155232],[-86.164183112582876,39.842684482918735],[-86.164181546618451,39.842659346574145],[-86.164177989253233,39.842634795197448],[-86.164172517246925,39.842610455582495],[-86.164165898316597,39.842589414630233],[-86.164194781654999,39.842596129538364],[-86.164226107734137,39.842601334349553],[-86.164257890792598,39.842604453045368],[-86.164289540930497,39.84260566738886],[-86.165302540887609,39.842597177343841],[-86.166493197333992,39.84258718812135],[-86.16711952630429,39.842581926402517],[-86.167731907678316,39.842576779187659],[-86.168328467474097,39.84257176290734],[-86.16873271850875,39.842568362273518],[-86.168771765317018,39.842565656998609],[-86.168809777845766,39.842558266407309],[-86.168845819194019,39.842546372888577],[-86.168878995343562,39.842530271230409],[-86.168908485471405,39.842510359481494],[-86.168933561740175,39.842487128958098],[-86.168953603259467,39.842461156077057],[-86.16896811462837,39.842433081559747],[-86.168976736378198,39.842403600479344],[-86.168979256510852,39.842373442395761],[-86.168973681458795,39.842075103016548],[-86.168958027005687,39.841184749215039],[-86.16893827667549,39.840019826136547],[-86.168927911382383,39.839408370948235],[-86.168917493951923,39.838375624412137],[-86.168907793978676,39.837481402903343],[-86.168900588682433,39.836760082741264],[-86.168897539616722,39.836727228718807],[-86.168891833069594,39.83669458885096],[-86.168883492133915,39.836662285528327],[-86.168872678845247,39.836630750370169],[-86.168863816270729,39.836607508235311],[-86.16869292222809,39.836591404452022],[-86.165857539363216,39.836607560819658],[-86.164082431999589,39.836621020682117],[-86.162903998185541,39.83663167664885],[-86.161696455042573,39.83664059128008],[-86.160503385348818,39.836647516910901],[-86.159674182943462,39.836579332299941],[-86.159312024350314,39.836565456684198],[-86.156958630533182,39.836596403802467],[-86.15695675550667,39.836596416229916],[-86.156967754719773,39.837831536142588],[-86.156977234065565,39.838770711321921],[-86.156984410824464,39.839479378831498],[-86.154633740232114,39.839508838086118],[-86.153673692740909,39.839520164052772],[-86.152277665202107,39.839538650614912],[-86.149923059746982,39.839569245895476],[-86.149922034012917,39.839569256472913],[-86.14992215263436,39.839578512156898],[-86.149503043813027,39.83958241882717],[-86.148434916936324,39.839596498355711],[-86.146949236247906,39.839616440523876],[-86.145202109498825,39.839639514832136],[-86.143775106785768,39.839657553093694],[-86.142517990977709,39.839672445289054],[-86.141142071672348,39.839691503459832],[-86.140603165180124,39.839698168183574],[-86.140623422455093,39.842866861339857],[-86.140479837784312,39.842867249716519],[-86.140472534437265,39.842872228721035],[-86.139340297629374,39.842877568892867],[-86.138309953427196,39.842885455117361],[-86.137864120002988,39.842888527751086],[-86.137277089837781,39.842891451906659],[-86.135168252928437,39.842899536289075],[-86.13364506099046,39.842899462118353],[-86.132553219550786,39.842906554908083],[-86.13171906903095,39.842909451452869],[-86.131456943200732,39.842913564222464],[-86.1302391111373,39.842917536363522],[-86.12901405125622,39.842921524525735],[-86.12773907195249,39.842926508764648],[-86.12659197459044,39.84292944093184],[-86.12543919290934,39.8429325634687],[-86.124862177553553,39.842934483625953],[-86.12428506692936,39.842936491355893],[-86.123707956244104,39.842938496215027],[-86.123131231061294,39.842940496686332],[-86.122554216060834,39.842942495429327],[-86.122364154212605,39.842942521628437],[-86.12236740093276,39.842934526242153],[-86.122364128311176,39.842934538196673],[-86.122231203782448,39.842935446646329],[-86.121818604002272,39.843945355574014],[-86.121952463819213,39.84023386016343],[-86.117402622681809,39.840219184520429],[-86.115132131550951,39.84021179418049],[-86.113131578997653,39.840205053764549],[-86.111334258968668,39.840223281729038],[-86.109990274057793,39.840234601249897],[-86.109390473240751,39.840239636992607],[-86.108196138175813,39.840246590733045],[-86.107841962268481,39.840249590875871],[-86.107572004125501,39.840953949538445],[-86.107256392512483,39.841226974413075],[-86.10531927370404,39.841587688425506],[-86.104902876973867,39.84264938303356],[-86.104237385730968,39.843358641631319],[-86.103886141958895,39.843577427234386],[-86.103570330286175,39.843823259644367],[-86.103194636630022,39.844842299991456],[-86.10375596919377,39.845908290284157],[-86.10362316887084,39.846595682404057],[-86.102357789239747,39.84725282344116],[-86.100418594484111,39.847314454707998],[-86.099148396301544,39.847210468246416],[-86.097843106909437,39.847133778698463],[-86.097560653187529,39.847080462880086],[-86.09674686105096,39.846648563028488],[-86.096181451513175,39.846460378794397],[-86.095300360457742,39.846545185167557],[-86.094702560696859,39.846819218054527],[-86.094176803453621,39.847337624898742],[-86.093756662431957,39.8478284592411],[-86.092947424127516,39.848130444388332],[-86.092379248568861,39.848418501413413],[-86.091535441024874,39.849075115939108],[-86.09052629786413,39.850423190246644],[-86.090033477360123,39.851041166282087],[-86.088668720856248,39.851690322590706],[-86.087822783934186,39.852010820466617],[-86.087200163656547,39.852013079239782],[-86.08720696182678,39.851969527975911],[-86.086712863533236,39.851961635951419],[-86.086385460058779,39.851824789910729],[-86.086047029483964,39.851606786610184],[-86.08521442773133,39.851544837419347],[-86.084404325561351,39.851718267597604],[-86.083659880496583,39.85229743169316],[-86.083071477430096,39.852551250706036],[-86.082682636472342,39.852706915979589],[-86.082033172769627,39.853318207022902],[-86.081940808460828,39.853724514096513],[-86.082184278050121,39.853918510006054],[-86.082369465286135,39.85491076597777],[-86.082375042877302,39.854956063120603],[-86.082404473366978,39.855277818697985],[-86.082407092274622,39.855329927386556],[-86.081796145588228,39.855990352579916],[-86.08067117074944,39.856389316062383],[-86.079954078898425,39.856444531600317],[-86.078039732245159,39.856240700548781],[-86.077560990299162,39.856163408708511],[-86.076126022489092,39.856142152582656],[-86.075306442573591,39.85619770200968],[-86.074964664408398,39.856172576258878],[-86.073941043241774,39.856386810371596],[-86.073613473276424,39.857173400391709],[-86.074054741351418,39.858282560872574],[-86.074053704860788,39.858332584914294],[-86.073998564167027,39.860178501981579],[-86.0739979320808,39.860230715911129],[-86.073625702007675,39.860837599860588],[-86.072057078455018,39.86134335305637],[-86.07018341358615,39.862271417606998],[-86.068714309983193,39.862276518863567],[-86.068100101782505,39.862410293972879],[-86.068036855709494,39.862867654729591],[-86.068275214179437,39.863790640655303],[-86.068111302585891,39.864332305530205],[-86.067533540407993,39.864860893146194],[-86.066645975595804,39.864995604907129],[-86.065892325811106,39.864655917974986],[-86.063906118036641,39.863872852650751],[-86.063767935027201,39.863610030983942],[-86.061814889372556,39.862642510681283],[-86.060787665778435,39.862251062650458],[-86.05969392689569,39.862175786019783],[-86.05901092305858,39.862230756643065],[-86.058567972649271,39.862442890481091],[-86.058126964540406,39.862997298603759],[-86.057343843197572,39.863473868311488],[-86.056627550901268,39.863686915015016],[-86.055637034818545,39.863742899187294],[-86.053414913337122,39.863513364624737],[-86.051332702791214,39.863862571780274],[-86.048979625161834,39.864660234912378],[-86.047718376963516,39.865190974741317],[-86.04717692952029,39.865330375969215],[-86.047192686258725,39.866216892650591],[-86.04720362682562,39.867563115614004],[-86.047211109006724,39.868402411006421],[-86.047250373496169,39.869867329472548],[-86.04725634606983,39.870948081993681],[-86.047276707801629,39.871812632549954],[-86.047280955522055,39.872581168076493],[-86.047301452132686,39.873469735107143],[-86.047308787094508,39.874796658828458],[-86.047346863330418,39.876045424250307],[-86.04735496339498,39.877510443924827],[-86.047440488727901,39.883432068868458],[-86.047440746313328,39.883445242045006],[-86.048723830140844,39.883445236722885],[-86.050766367511059,39.883445198528044],[-86.053385683448226,39.88343109680207],[-86.057033377954355,39.883412247991657],[-86.05968451729899,39.883398366143574],[-86.062610571378301,39.883393698135258],[-86.065243805356687,39.883388948819018],[-86.066857464256088,39.883386024804004],[-86.069729562136203,39.883380764407825],[-86.072047609954382,39.883348435098618],[-86.074700599425327,39.883313246882878],[-86.076069358271965,39.883294413551418],[-86.089800275527352,39.883172515993806],[-86.093636127731031,39.883199061095965],[-86.098331836707544,39.883230445869245],[-86.101970906820952,39.883236879964272],[-86.105363570509098,39.883285460908844],[-86.107909775789494,39.883280316107943],[-86.109454362479951,39.883263582850731],[-86.111978468860443,39.883257444162496],[-86.11452063070864,39.883252306650505],[-86.115899471700416,39.883250382255731],[-86.117344641844525,39.883244152377145],[-86.120412569392599,39.883245557228804],[-86.122085766476928,39.883246288277419],[-86.124498124982964,39.88324730049731],[-86.126843777072168,39.883248237214652],[-86.128596171045658,39.883255859953699],[-86.130210345963064,39.883262557750534],[-86.131793534550184,39.883263735412996],[-86.134176764254931,39.883254081234433],[-86.13418264529443,39.883304077642791]],[[-86.140298249038267,39.871599711514797],[-86.140127000789988,39.8712785509734],[-86.14003758405552,39.870810493762278],[-86.139859329200505,39.870751975385723],[-86.13970092598781,39.870699973145022],[-86.139552080231425,39.870651108366623],[-86.139405740553187,39.870603066297321],[-86.139295045498059,39.870566726149647],[-86.139227108363755,39.870544422389933],[-86.139195474366915,39.870533572164035],[-86.13905636641681,39.870484594121962],[-86.138984098271081,39.870459149226704],[-86.138889787002029,39.870425942936379],[-86.138952309528705,39.865543164647626],[-86.140898810307803,39.865505155926137],[-86.140868270865454,39.863267662536515],[-86.140850561826198,39.862375749657168],[-86.141021852450521,39.862372167174314],[-86.141090917151246,39.862251445865354],[-86.142180999467115,39.862238514238413],[-86.143223910230773,39.862221533046558],[-86.143273256542287,39.862219528970066],[-86.143327313009692,39.862215523151612],[-86.143377995441142,39.862211531174381],[-86.143403247096344,39.86221052672839],[-86.14343525428923,39.862210575309483],[-86.144146999182283,39.862206476834473],[-86.144146945180751,39.862212512419021],[-86.144749089157273,39.862210482552257],[-86.14584710995473,39.862202529284218],[-86.145886065463301,39.862203449151103],[-86.145921164899747,39.862204475003537],[-86.145960133653929,39.862207466322317],[-86.145985124802337,39.862210516287789],[-86.145989077335372,39.862210499955061],[-86.146036150897345,39.862214449390173],[-86.146071168297084,39.862217457001115],[-86.146111087455793,39.862218463776962],[-86.146150139436031,39.862219473223],[-86.14655397433458,39.862217442952492],[-86.147017293701865,39.862215525226553],[-86.147025191859029,39.862214501786816],[-86.14703202883301,39.862213481840477],[-86.147039927617769,39.862212548463717],[-86.147047144527676,39.862210537111295],[-86.147053975132891,39.862208436391015],[-86.147061191501308,39.862206515106564],[-86.147068036557769,39.862206486757707],[-86.147075934713115,39.862205463314545],[-86.147117003969953,39.862205473347828],[-86.147959077797012,39.862199460592308],[-86.147984914797732,39.862199443452674],[-86.148011916359565,39.862200502273708],[-86.148038924844968,39.862202551792137],[-86.14806593270886,39.862204512140927],[-86.148092939399206,39.862206471587648],[-86.148119947259744,39.862208431023191],[-86.148146949462642,39.862209580777375],[-86.148173943476266,39.862209558793062],[-86.149158173967862,39.862197451280153],[-86.149662155757241,39.862192561781036],[-86.150054910973708,39.862191556188435],[-86.150097055292747,39.862193542151154],[-86.150119049494776,39.862195522016215],[-86.150150016893249,39.862198456109219],[-86.150161118314557,39.86220057143462],[-86.150250027905017,39.862217497192688],[-86.151436239671071,39.862439460468011],[-86.151641083387929,39.862477429199814],[-86.152379105472377,39.86261748039518],[-86.152431029131264,39.862625459919848],[-86.15248304981067,39.862633439915541],[-86.152509101395651,39.862636483132285],[-86.152562071121167,39.862642476752342],[-86.152615130869307,39.862647479238888],[-86.153786092420077,39.862619507093356],[-86.154310195180358,39.862746481119018],[-86.154027236188369,39.863168530629622],[-86.152953118669743,39.864693519490956],[-86.15265311990926,39.865121491297906],[-86.152159126384717,39.865821509753722],[-86.152124087533579,39.86587048056181],[-86.152087121349609,39.865919459424696],[-86.152049177552072,39.86596655006894],[-86.152010082347971,39.866014457017535],[-86.151970106536467,39.866060475339587],[-86.151929069435795,39.866106498087561],[-86.151886097377016,39.866151448116931],[-86.151843125903028,39.866196489094847],[-86.151798121285822,39.866240456861277],[-86.151752146030788,39.866283527103498],[-86.15170511001989,39.866326512597112],[-86.151657103910878,39.866368511396047],[-86.151608125360099,39.866409522608244],[-86.151558086044503,39.866450448167427],[-86.151507164960819,39.866489485993924],[-86.151454123671982,39.866528532659252],[-86.151401074716901,39.866566498534148],[-86.151347157306759,39.866604468013492],[-86.151265103983292,39.866658499491734],[-86.150339030505279,39.867245460721193],[-86.149227068751472,39.867944527320866],[-86.148928127431844,39.868129536881682],[-86.147551101024831,39.868982467095265],[-86.146612989118978,39.869566475270197],[-86.146596096121542,39.869577445013192],[-86.1465769777909,39.86958743322986],[-86.146558246334834,39.869597419842734],[-86.146539218723603,39.869606506112454],[-86.146519027617842,39.869614517295439],[-86.14649922104374,39.869622525983502],[-86.146477968010046,39.869630451485854],[-86.14645708750038,39.869636483146849],[-86.146436206359596,39.869642424740213],[-86.146415035974456,39.869648457592653],[-86.146392991417784,39.869653503325502],[-86.146371036342202,39.869657467886498],[-86.146348013065875,39.869660445229044],[-86.146326051712677,39.869663509142761],[-86.14630408165543,39.869665491390009],[-86.146281052642848,39.869667478011834],[-86.146258008662002,39.869667483228625],[-86.146135964825106,39.869670510546278],[-86.146143190256325,39.869683542117926],[-86.146148190906814,39.86969550208827],[-86.146152234809989,39.86970854771171],[-86.146156189135382,39.869722493469304],[-86.146159075905359,39.869735543875883],[-86.146161197516435,39.869749497209476],[-86.14618976908632,39.869905113023897],[-86.145740702467322,39.870181922675265],[-86.143126360162981,39.87124668138086],[-86.142676084609704,39.871351637317133],[-86.14223018462485,39.871372560479116],[-86.141794036980215,39.871370529073083],[-86.140872654916137,39.871373163932645],[-86.140298249038267,39.871599711514797]]]},"properties":{"OBJECTID":56,"JURISDCTN":"IMPD","DISTRICT":"North","POLICEZONE":"ND50","SHAPE.STArea()":395610319.14467394,"SHAPE.STLength()":125298.54248637361}},{"type":"Feature","id":57,"geometry":{"type":"Polygon","coordinates":[[[-86.056804034765136,39.712781788312775],[-86.057149499718676,39.713018300394197],[-86.057873082628973,39.713480165344883],[-86.058639292424104,39.713974137369789],[-86.059150098681087,39.714305623179136],[-86.059962460910867,39.714835120213088],[-86.060579710439725,39.715236930639811],[-86.061324682180867,39.71572031963359],[-86.061941946320601,39.716122122682712],[-86.062406679010806,39.716423552498334],[-86.063272280981138,39.716988190406362],[-86.063939247020102,39.717422756562463],[-86.064574606749446,39.717816933946224],[-86.067579017914142,39.719774293871133],[-86.068478350490466,39.720364856391519],[-86.06939583148106,39.720959810924541],[-86.06996874515707,39.721350743419592],[-86.070658275977621,39.721810928425867],[-86.071154195243508,39.722179817316352],[-86.073466763877747,39.72401177471874],[-86.076463605799987,39.726441805991065],[-86.077402475557122,39.727114517817768],[-86.079808830193599,39.72871609633205],[-86.082395712588891,39.73035987326751],[-86.082666527261324,39.729470114390551],[-86.082844938294897,39.728892618596674],[-86.082958257242936,39.728521254075638],[-86.083014551243508,39.728321331847944],[-86.083080329022835,39.727971070551412],[-86.083101134992617,39.727763382818921],[-86.083103349758488,39.72771601849626],[-86.083104811655303,39.727561934340144],[-86.08309364476591,39.727349556107008],[-86.083074384346915,39.727148875310249],[-86.082962920704574,39.72659026380606],[-86.082736850105235,39.725531732324718],[-86.082699335940191,39.725362344587118],[-86.082664470491252,39.72519657801665],[-86.083018792221282,39.725464340811953],[-86.083300503585221,39.725646303231969],[-86.084906528328659,39.72668338513656],[-86.086055050410081,39.727425029637246],[-86.086391529091742,39.727642229586159],[-86.086600550140304,39.727777229012361],[-86.085914009136133,39.728411127708362],[-86.089425324851007,39.730693379831848],[-86.090109557947073,39.730061555044848],[-86.09172124837373,39.731130804220996],[-86.091754252207991,39.731149543771323],[-86.091890048156372,39.731238131642371],[-86.091981838421034,39.731298010848796],[-86.091999650337826,39.734369932620375],[-86.10178378869378,39.734335045577893],[-86.101771079800017,39.731589113295101],[-86.101769380852787,39.730735676253019],[-86.102969899056333,39.730722934742211],[-86.104164238683026,39.73070848919285],[-86.105341910015383,39.73069374937856],[-86.106537921854226,39.730680301675555],[-86.108918998867239,39.730653067845104],[-86.110107945311597,39.730638237631609],[-86.111315509935281,39.730624696580399],[-86.111309077866295,39.730073260248389],[-86.11128299535045,39.725528523643845],[-86.111277387103314,39.724646618570304],[-86.111266123187121,39.723284680861994],[-86.113581380470421,39.72324954179232],[-86.113580581483419,39.723166968880619],[-86.113580386736118,39.723153243143258],[-86.113568543767428,39.722335889880213],[-86.113566730048319,39.72221066966911],[-86.113205315998272,39.722215601808522],[-86.112796554171652,39.722221209252723],[-86.111359574433521,39.72224086031563],[-86.111256525398005,39.722240754196058],[-86.111240418747968,39.721251514148996],[-86.111220525151154,39.720489082724036],[-86.111196510543067,39.719448020900643],[-86.11115683896675,39.715950316335515],[-86.101662493869469,39.716069322561566],[-86.100541965376962,39.716096174902312],[-86.100556933063814,39.715843017103225],[-86.100545996750014,39.714906689332246],[-86.100538796012245,39.714290120255505],[-86.100430435819931,39.714290525136661],[-86.100424971936476,39.714242845017822],[-86.100037903607671,39.714252184075654],[-86.099985340475143,39.713582511091126],[-86.099959383746281,39.713251811568213],[-86.100105663421701,39.712977570209603],[-86.100498731498263,39.712240637398523],[-86.100709318944041,39.711845814623906],[-86.100707620003135,39.711574722236016],[-86.100524669226203,39.711305972639053],[-86.10035856397225,39.711061966629678],[-86.100343764647988,39.710926482428462],[-86.100324738185535,39.710752286127217],[-86.100304287946244,39.710565054039122],[-86.100280585618492,39.710348055460351],[-86.100254516945384,39.710109390589722],[-86.099896991392868,39.709883550314892],[-86.099703905601388,39.709676435374732],[-86.099477484690411,39.70943356265991],[-86.099224987081172,39.709162715717902],[-86.099052054724595,39.708977212308703],[-86.098904543888281,39.708818980586074],[-86.099040190285081,39.708442721787577],[-86.099208255489884,39.707980871891863],[-86.099402437275032,39.707624314224603],[-86.099647387812212,39.70733443689943],[-86.09993528572484,39.706993733128741],[-86.100094496881852,39.706805319636885],[-86.100709690030556,39.706799588119331],[-86.101194642543504,39.706795067682073],[-86.101508579338329,39.706792139644172],[-86.101496379253319,39.706415173211724],[-86.10148935701757,39.706198195125118],[-86.101204969886538,39.70611140907625],[-86.100223903264236,39.706361551525568],[-86.099824009473807,39.706463508019112],[-86.099573118765861,39.706651641528907],[-86.099131867120761,39.706982513626869],[-86.098883913809331,39.707168438811813],[-86.098659488949025,39.707015348631671],[-86.098465850582215,39.706883256622419],[-86.098292368460079,39.706764914966278],[-86.098163435948322,39.706676962540243],[-86.097820325601759,39.706691827648839],[-86.0974617077689,39.706707364452882],[-86.097088308650896,39.706705514864169],[-86.096670113526272,39.706602202306769],[-86.096438920427772,39.706557760721772],[-86.096306245540831,39.706362330700799],[-86.09618306382923,39.706180883760609],[-86.096044314452712,39.705992881378599],[-86.095924429455224,39.705830440053703],[-86.096120967907936,39.705489980669469],[-86.095948497102881,39.705338114305306],[-86.095700274799967,39.705119545896544],[-86.095261641893629,39.704963653821643],[-86.094912919184608,39.704881232060067],[-86.095271045142951,39.704266309231365],[-86.095626146144184,39.704269115866957],[-86.095630154962592,39.704004702175354],[-86.096724026619825,39.704024870032114],[-86.096595861406783,39.70061180586849],[-86.096600807646325,39.700316051635596],[-86.096607664972026,39.699908690958196],[-86.096615691646889,39.699430291032762],[-86.096627393637732,39.699320778475112],[-86.096614011762355,39.697960526858544],[-86.098972545859425,39.697944220328893],[-86.098969927596656,39.695359588312662],[-86.097820656751693,39.695363861291362],[-86.097821496413985,39.695498817978041],[-86.096772360085126,39.695502708736868],[-86.0967715587566,39.695373599194916],[-86.09672660684295,39.695373765688444],[-86.096666085682529,39.695373989820055],[-86.096611644618847,39.695374191407957],[-86.096620678279905,39.695083320642993],[-86.096318622865311,39.695084438671053],[-86.096314204774473,39.694371825887117],[-86.096313760048233,39.69430272546726],[-86.095786161469448,39.694315413565207],[-86.094914414182924,39.694334417376957],[-86.094454401267598,39.6943464079093],[-86.09192260053689,39.694411300107845],[-86.082422842311274,39.694586055886681],[-86.08242352003721,39.694625174169879],[-86.082565481871555,39.7026988993819],[-86.082141058416795,39.702703946829693],[-86.081782239535897,39.702710145268362],[-86.081777077107603,39.702091809818988],[-86.08177629359642,39.701977583245984],[-86.079481571085878,39.702019094356096],[-86.079476485430661,39.702019186293541],[-86.079476693437655,39.702111238992536],[-86.079476875464223,39.702129851148236],[-86.079481919912126,39.702749834514421],[-86.078885356992686,39.702760134912701],[-86.078889325046873,39.703223803375202],[-86.078894469105649,39.703560969950374],[-86.077475800303787,39.70355715219354],[-86.076283666801658,39.703603916151316],[-86.075183466496455,39.70369255449021],[-86.074285234396115,39.703809297509828],[-86.073368755577604,39.703939824942772],[-86.072598965301097,39.704056105864517],[-86.071829419251884,39.70421458995984],[-86.070894963294037,39.704416195473868],[-86.070070705137837,39.704631480373891],[-86.069566972794192,39.704768092684965],[-86.068816147769766,39.704997183556053],[-86.068028748603339,39.70524080977404],[-86.0672415362653,39.705526980490902],[-86.066326330462147,39.705884622258509],[-86.065539345582948,39.706212991562964],[-86.064606366614598,39.70666985417931],[-86.063838098093015,39.707069181738625],[-86.0631432380207,39.707468253559036],[-86.062475957923411,39.707874433624639],[-86.06187285212026,39.708287254693914],[-86.061269634790719,39.708671933587809],[-86.060611778472165,39.709127830462016],[-86.060045602066808,39.70958306804377],[-86.059625561115055,39.709924565329793],[-86.0591874300749,39.71030867449911],[-86.058577921902327,39.710856042538914],[-86.058215449934011,39.710648870734978],[-86.05778932079653,39.710406904173453],[-86.057593386602761,39.710312374474128],[-86.057169694522614,39.710138699539691],[-86.05672484221742,39.709997112816758],[-86.056401477942373,39.70991696713272],[-86.056227372291787,39.709881640847399],[-86.055910175508032,39.709830707740828],[-86.055660841636268,39.709802459116801],[-86.055445856914204,39.70978622545902],[-86.055014150043149,39.709775985519848],[-86.054542748744907,39.709786197987256],[-86.054003716053728,39.709797875331283],[-86.053526252309197,39.70980821558183],[-86.05312372511915,39.709820124770729],[-86.052818467283259,39.709829156548345],[-86.05240486082333,39.709841391015438],[-86.05227855524636,39.709845127808883],[-86.056677637885187,39.712695253950479],[-86.056804034765136,39.712781788312775]]]},"properties":{"OBJECTID":57,"JURISDCTN":"Beech Grove","DISTRICT":"Excluded","POLICEZONE":"Excluded","SHAPE.STArea()":122747268.86850539,"SHAPE.STLength()":64593.31684719515}},{"type":"Feature","id":58,"geometry":{"type":"Polygon","coordinates":[[[-86.264473990567367,39.720846438226438],[-86.26447459153276,39.723743398648679],[-86.264482508341743,39.724660158675377],[-86.264503872627856,39.729433546097972],[-86.264485500486771,39.729897570870271],[-86.264536413059361,39.732106875694619],[-86.264544938444757,39.735547355962673],[-86.264535603886571,39.736835635244255],[-86.264550203155679,39.739730716085198],[-86.264563482599826,39.742871676517424],[-86.264560089202135,39.743783221904636],[-86.269835105677828,39.742507293094057],[-86.269836617540776,39.738722549609797],[-86.274665606835242,39.738607685214575],[-86.274663329245513,39.740228936093729],[-86.275725934259057,39.740327201669537],[-86.275998207194831,39.740149599574046],[-86.27604105201533,39.739832265545878],[-86.27740901684362,39.739846030779113],[-86.277279786375061,39.740565679304886],[-86.282597584744565,39.739098352749977],[-86.288830901081113,39.737569280777031],[-86.294017846462054,39.736296725712258],[-86.294498374259859,39.736186033502662],[-86.295227228641451,39.73604276566244],[-86.295892848352011,39.735935526411822],[-86.296322606785097,39.735863191639197],[-86.296748920617773,39.735779205648576],[-86.29819756107797,39.735450822829016],[-86.299689910862583,39.735083276881262],[-86.302251758736162,39.734455406067809],[-86.303844566443871,39.734064777491376],[-86.30540035623072,39.733684976813223],[-86.306979601397657,39.733285181219316],[-86.308559281471901,39.73293424802781],[-86.30862146076511,39.732811687161316],[-86.314022664060943,39.731486188827496],[-86.318792385322354,39.730359537118836],[-86.318888274112524,39.730456771887482],[-86.319109172707599,39.730382199848783],[-86.319362879137287,39.730429660881953],[-86.321005047235971,39.730004877259404],[-86.321069745148876,39.730151174104471],[-86.32293278675138,39.729651788092582],[-86.322800606149627,39.729065891787556],[-86.326507321301321,39.728164817032578],[-86.326439749582491,39.719804892368607],[-86.326239401732423,39.712563289401231],[-86.326273475930762,39.709848694626046],[-86.326330750186983,39.70538350492258],[-86.326319591389179,39.704211673614303],[-86.326189250905443,39.697858440554903],[-86.326171685133531,39.693918360085682],[-86.326159460032599,39.690533139294779],[-86.326637876210114,39.690461102493622],[-86.326619933835914,39.686197417519693],[-86.322850618070206,39.687848454844982],[-86.320090718638895,39.689056848908791],[-86.318787965053019,39.689628673776681],[-86.316510562020937,39.690627688583135],[-86.314279155835138,39.69160649880488],[-86.3131845523246,39.69208650498728],[-86.312127216376865,39.692545703986212],[-86.310493463751513,39.693273354894885],[-86.309700146897043,39.693634295967605],[-86.308748696277917,39.694074347038274],[-86.307476511881319,39.694687741676397],[-86.306941039072328,39.694960077550462],[-86.306498761961464,39.69520512993742],[-86.305320910368408,39.695858475088912],[-86.304667922279464,39.696245033299689],[-86.301858587430814,39.697916533802193],[-86.298326005685752,39.700026001465716],[-86.295291505837781,39.701830685542028],[-86.291364821095215,39.704170963587877],[-86.28870162647992,39.705762431568495],[-86.287120633995073,39.706707378116143],[-86.285254241882086,39.707818884555202],[-86.283814272208076,39.708676214752224],[-86.282411667473099,39.709511367479699],[-86.280817484959215,39.710441197958588],[-86.280555611664511,39.710584308443678],[-86.280488993290092,39.710618633617493],[-86.280354297037817,39.710685918919928],[-86.280217802090434,39.710750811442757],[-86.280148936462155,39.710782403007208],[-86.280079624608902,39.710813653727136],[-86.279939756905847,39.710874103547205],[-86.279798314420461,39.710932158485967],[-86.279726976904982,39.710960674402976],[-86.279655297876218,39.710988162595712],[-86.279510816184597,39.711041771233894],[-86.279438012365546,39.711067892584794],[-86.27936486937304,39.711092986196384],[-86.279291388608087,39.711117737482269],[-86.279143464882125,39.711165531886564],[-86.279069024240428,39.7111885731901],[-86.278919236015071,39.711232600568934],[-86.278843947458029,39.711253931294344],[-86.278692404403188,39.711294193760978],[-86.278616265597321,39.711313812114213],[-86.278463190466098,39.711350307583992],[-86.278309150097257,39.711384748969948],[-86.278231816989361,39.71140094175108],[-86.278076467328219,39.711431614952119],[-86.277998447757525,39.71144575312649],[-86.277841954421305,39.711472656362197],[-86.27776341934063,39.71148508038582],[-86.277605893170772,39.711508215768127],[-86.277447785267782,39.711528607807026],[-86.277289158155654,39.711546600233163],[-86.277130060127348,39.711561848728579],[-86.276970609687538,39.711574697630979],[-86.276810856297274,39.711584802617061],[-86.276650857115555,39.711592163385276],[-86.276570738591175,39.711594986408528],[-86.276410542389399,39.71159891626877],[-86.270796937127599,39.711698266301923],[-86.270164682050137,39.711641501192062],[-86.269965471194212,39.711642536495582],[-86.269754983218917,39.71164328777455],[-86.269620026520442,39.711643644646841],[-86.269391933481202,39.711644485792007],[-86.268241694791868,39.711648735435993],[-86.268083354845899,39.711649212576354],[-86.268008316013635,39.711648571765963],[-86.267858319346615,39.711643857967417],[-86.267783414515137,39.711639441543667],[-86.267634182010752,39.711626830789491],[-86.26755985434589,39.711618636459754],[-86.267411998941284,39.711598468744207],[-86.267338528349683,39.711586495063706],[-86.267192719480818,39.71155876783282],[-86.267048701050925,39.711526225100371],[-86.266977398529619,39.711508063076252],[-86.266906639225496,39.711488525554657],[-86.266766867012251,39.711446009742083],[-86.26662966611282,39.711399019376422],[-86.266562133297654,39.71137363122898],[-86.26642931617765,39.711319754748558],[-86.266299679666815,39.711261057430185],[-86.266173563235782,39.711198223854169],[-86.266111905662527,39.711165255556907],[-86.265991452982874,39.711095873374667],[-86.265875077273932,39.71102269344911],[-86.265763051967184,39.710945373922122],[-86.265655497275503,39.710864599608009],[-86.265603538645337,39.710822659705585],[-86.265503211070936,39.710736356483501],[-86.265407909187942,39.710646596543114],[-86.265317858144485,39.710554064157783],[-86.265233222243623,39.71045807126913],[-86.264456981764852,39.709733691912163],[-86.264314965676434,39.709917611776284],[-86.263903380414803,39.710441929460593],[-86.263840797831392,39.710526668166203],[-86.263813623333874,39.710563526200865],[-86.2637834314271,39.710604517683997],[-86.263080090799249,39.711430004246587],[-86.262734747499067,39.711855925130266],[-86.262531824992237,39.712109876631828],[-86.262499011677562,39.712159459359057],[-86.262439760753466,39.712260825769803],[-86.262397017741492,39.712347350611232],[-86.262367521189489,39.712417849120904],[-86.262342089289746,39.712489357153167],[-86.262320827546205,39.712561530107443],[-86.262300256962618,39.712652916543455],[-86.262290871719188,39.712707870497027],[-86.262282286660607,39.712781694214904],[-86.26227772385748,39.712874371167459],[-86.262280901564694,39.712985539118264],[-86.262293712266924,39.713096314487458],[-86.262311550636284,39.713187847930058],[-86.262336239835932,39.71327848696621],[-86.262354004656046,39.713332443268925],[-86.262374319829775,39.713385701061128],[-86.262396685691371,39.713438605165862],[-86.262425868355336,39.713499537225026],[-86.262448509879562,39.713542316197298],[-86.262498554615902,39.713626648176302],[-86.262566435131262,39.713724615941068],[-86.262656022121632,39.713834310852349],[-86.262697874173114,39.713879565317789],[-86.262756612130488,39.713938115460643],[-86.262818666541989,39.713994589576842],[-86.262867201652824,39.714035691729514],[-86.262917668695138,39.714075239264233],[-86.262996725372275,39.714132484319592],[-86.263080120646279,39.714187304904875],[-86.263137568614511,39.714221669063797],[-86.263196451495091,39.714254996337907],[-86.263256652588396,39.714286601002357],[-86.263380853841923,39.714345672777171],[-86.263477063568388,39.71438567128245],[-86.263575630990829,39.71442222597436],[-86.263676388708873,39.714454994546578],[-86.263779057992579,39.714483978427047],[-86.263847020968029,39.714501130995465],[-86.263950136232779,39.714523934628559],[-86.264054550158377,39.714542614454579],[-86.264124734547153,39.714553234467324],[-86.26423759025468,39.714565351525856],[-86.264436168965901,39.714570482769275],[-86.264476873856651,39.717977186014267],[-86.26447382280405,39.720035985133663],[-86.264473990567367,39.720846438226438]]]},"properties":{"OBJECTID":58,"JURISDCTN":"Airport Authority","DISTRICT":"Excluded","POLICEZONE":"Excluded","SHAPE.STArea()":220020516.51684034,"SHAPE.STLength()":69856.358581497218}},{"type":"Feature","id":59,"geometry":{"type":"Polygon","coordinates":[[[-86.03340052723982,39.751427366781485],[-86.033549811143473,39.751458494687469],[-86.034933303472684,39.751746953512018],[-86.035441235617483,39.751853648347875],[-86.035948433086816,39.75196232029829],[-86.038118637707854,39.752427275632336],[-86.040538102858861,39.752953786293951],[-86.041763345227324,39.753219141856164],[-86.041998017605451,39.753269964610745],[-86.043228529462311,39.753536444116342],[-86.043583822719782,39.753612790398712],[-86.047245650788014,39.754399100987477],[-86.049765124553787,39.754908727353296],[-86.053083616648905,39.755597077385438],[-86.054352242803134,39.755872510531681],[-86.054513088197879,39.755883938791456],[-86.054673490786939,39.755896925591607],[-86.056797510603715,39.756358614944752],[-86.05931875669566,39.756906588580193],[-86.059909333693284,39.757034936275055],[-86.06028592305428,39.757116857808832],[-86.061394191861027,39.757357937970873],[-86.062853214921134,39.757668802748718],[-86.063973700785183,39.757912086252929],[-86.066346748288495,39.758432282129817],[-86.068634667746295,39.758935116761741],[-86.068726991247246,39.75895053734596],[-86.068819353690188,39.758965824420486],[-86.070208921848348,39.759261539954608],[-86.070859190998661,39.759401054848588],[-86.072107299761939,39.759668822658959],[-86.073492309814,39.759965943209181],[-86.073995416175961,39.760077860288661],[-86.074961625172293,39.760292790260358],[-86.076034918096838,39.760526242589428],[-86.07685194845773,39.76070419729885],[-86.077651873698926,39.760876907193072],[-86.078772979800249,39.761121470215087],[-86.080034995175509,39.761394224505402],[-86.081492340098208,39.761713770029459],[-86.082995451624811,39.762039818832889],[-86.082995996173693,39.762039936670433],[-86.082996007833074,39.76204109760873],[-86.083006906144377,39.763213979752258],[-86.083015332071113,39.764207055584336],[-86.083019998663204,39.764704963098076],[-86.083032256181554,39.766103295882864],[-86.083040161385412,39.767009553646524],[-86.083045756147072,39.767569226355533],[-86.083063703113567,39.769127450467607],[-86.083076999884227,39.770162029226299],[-86.084933086222804,39.770072996843481],[-86.085903512185638,39.770026257480794],[-86.08735523227864,39.769956834650323],[-86.088738428119981,39.769890043193179],[-86.089608348583212,39.769843296050261],[-86.090720105713558,39.769784676150728],[-86.091360525743269,39.769750077525728],[-86.092583945046144,39.76968939009317],[-86.092646497851916,39.769683283581379],[-86.093764876070793,39.769626982615726],[-86.094966159566411,39.769565592257166],[-86.0961681103377,39.769504871515913],[-86.097369335463185,39.769443798763518],[-86.098571281786562,39.769383054056995],[-86.099755109473463,39.769322707675556],[-86.100942660287998,39.769262678450389],[-86.102148567596856,39.769201226188009],[-86.102149209325361,39.769201193157016],[-86.103820196073571,39.769116328804884],[-86.105000470777995,39.769058343530311],[-86.105761082425701,39.769019779881546],[-86.107204622284627,39.76895147097504],[-86.108405989403536,39.768884833457648],[-86.109492912854293,39.768824413388224],[-86.109599822256385,39.768818514889588],[-86.110590795261089,39.768765657024225],[-86.111717738534409,39.768705749367818],[-86.113154202915794,39.768597627637341],[-86.113839703766786,39.768549348350682],[-86.114555025822185,39.768497175186887],[-86.115134564969992,39.768455473979188],[-86.116437733647857,39.768361390850316],[-86.117587636002767,39.768279537155479],[-86.118221559936529,39.768233149062915],[-86.118732807042193,39.768195469419993],[-86.119672353905514,39.76812660582879],[-86.119879421152987,39.768111727913094],[-86.120738514572324,39.768048317214756],[-86.120877633662516,39.768038164400586],[-86.121822822123349,39.767965829733292],[-86.122978967823116,39.76787858864035],[-86.124238907641598,39.767786123552661],[-86.125426904007256,39.767700104247389],[-86.126451730367165,39.767626730770324],[-86.127377497202005,39.767560947846043],[-86.128330267087705,39.76749304251689],[-86.129463289220197,39.767408865921105],[-86.130631598364019,39.767323215916299],[-86.132175141410059,39.767210999154933],[-86.134209585926612,39.767072077946906],[-86.135266013984861,39.766997813940613],[-86.13792967269292,39.766967468201919],[-86.140809359309074,39.766933434657496],[-86.141828858480409,39.766914166376417],[-86.142851765088906,39.766897277276328],[-86.142883211581918,39.766007679183247],[-86.142915304609829,39.765099204525079],[-86.142942233902318,39.764336593691539],[-86.142984417312107,39.763142225445947],[-86.143036930456446,39.761745351264608],[-86.143054035760372,39.760703104239404],[-86.143079940569464,39.759985794095599],[-86.143104027150727,39.759566264840572],[-86.143099010477258,39.759563419462964],[-86.143079200828552,39.759552420585813],[-86.142804174102707,39.75939851654595],[-86.141939081485503,39.758912462171196],[-86.140813093829692,39.758252525144577],[-86.14019307980584,39.757888419148109],[-86.140182057848349,39.757881436990644],[-86.140172088689383,39.757873460687662],[-86.140164133868936,39.757864484515629],[-86.140158096543516,39.757854510671358],[-86.140152156619209,39.757844445460513],[-86.140149096351564,39.757833467820518],[-86.140147117178344,39.757825458021493],[-86.140147124043111,39.757812486369218],[-86.140146106428318,39.757804473548475],[-86.140144120472172,39.757795473026682],[-86.140141087350614,39.757788459177796],[-86.14013514126728,39.757777493308922],[-86.140128148013645,39.757768513211929],[-86.140121073814271,39.757761515846092],[-86.140112065607553,39.757753444649133],[-86.140100948614375,39.75774655384032],[-86.139923122821116,39.757643503319805],[-86.139903994323745,39.757633491868297],[-86.139880939627503,39.757626469572251],[-86.1398590543713,39.757621514073179],[-86.139834198231952,39.757618463014076],[-86.139836017037041,39.757757543444427],[-86.139834170474316,39.757853488933165],[-86.13810617433154,39.75786646564665],[-86.135860126041962,39.7578834942938],[-86.133814294033144,39.757899492816712],[-86.132206134144553,39.757911539061915],[-86.130794244280338,39.757922508179149],[-86.130740921359262,39.7579234419306],[-86.130686946276015,39.757927531553641],[-86.130684135105852,39.757465507136814],[-86.130680143096967,39.757028530880511],[-86.130674132869132,39.756118446700299],[-86.130662080791382,39.75491048209107],[-86.130656068900109,39.754258485579847],[-86.130652130053392,39.753671430762388],[-86.130641984612112,39.752503454659518],[-86.130644133039851,39.752479484296153],[-86.130647009686044,39.752463528002991],[-86.130648015388331,39.752455506101107],[-86.130650945219699,39.752447477408737],[-86.130657094855536,39.752431508032267],[-86.130668965402194,39.75240749880556],[-86.130674013040789,39.752399460746126],[-86.130677906115423,39.752391518270812],[-86.130684062387516,39.752376539617771],[-86.130686125248417,39.752368514390128],[-86.130689091476654,39.752351476917681],[-86.130689052977004,39.7523314783014],[-86.130655184413783,39.750152504801882],[-86.130647152622686,39.749787520472573],[-86.130643873101405,39.749542508003124],[-86.130668058693203,39.749503495489584],[-86.130684208430523,39.749477366048524],[-86.130644792263681,39.749494631191489],[-86.130447472049866,39.749462820390413],[-86.130194774425163,39.749459710920121],[-86.129857345263787,39.749392083506876],[-86.129777920841903,39.749323424249944],[-86.129640673915986,39.749267007092563],[-86.12953501872137,39.749214581728808],[-86.129387270213542,39.749166441997176],[-86.129239795943022,39.749150902132769],[-86.12894489494397,39.749143840185738],[-86.128528751293899,39.749105003774162],[-86.128317903593924,39.749069124343414],[-86.128085970349787,39.74902131772879],[-86.127922386399831,39.74896500322135],[-86.127742752043602,39.748868259293971],[-86.127563118188533,39.748771515084087],[-86.127446907091311,39.748710893870033],[-86.126895045083742,39.748526747014502],[-86.126602745368857,39.748442115409247],[-86.126270628270959,39.748369994506064],[-86.12607551214208,39.748326156009284],[-86.125691127490157,39.748315666038458],[-86.125601716322706,39.748323912265654],[-86.125391626875469,39.748401953824988],[-86.125239548840412,39.748488001697069],[-86.125139930622197,39.748549477781467],[-86.125082404538759,39.74860632647119],[-86.124973279465479,39.748826380138311],[-86.124953459364519,39.749013480895414],[-86.124948638104456,39.749074239347564],[-86.124923160738618,39.749204397777021],[-86.124703049607149,39.749355570842113],[-86.124655838472009,39.749384239448261],[-86.124408634090329,39.749421932710661],[-86.124219951699175,39.749544498593437],[-86.123993565540601,39.749545390733253],[-86.123530128773439,39.749522851264103],[-86.123314434656564,39.749543946468457],[-86.122953893079668,39.749669931539685],[-86.121554419536693,39.750211440980827],[-86.121297364937675,39.750238871405294],[-86.121167404313653,39.750292570215947],[-86.120977509673736,39.750435038879864],[-86.120883325838449,39.750520854428224],[-86.120752134330601,39.750590342972217],[-86.120347874276746,39.750762474464622],[-86.120269018047352,39.750779254345773],[-86.120069046165554,39.750792046231908],[-86.119900640009888,39.750805057687451],[-86.11970069495851,39.750821967661025],[-86.119537832472332,39.750875448991415],[-86.119338286895683,39.750953437548311],[-86.119154527663014,39.751023473335451],[-86.118929196732196,39.751186666401004],[-86.118745858222169,39.751329792181068],[-86.118620420552048,39.751472349082391],[-86.118500236446579,39.751611110630961],[-86.118395885991475,39.751757703125151],[-86.118160872594572,39.752047215407259],[-86.117852567373077,39.752397751503153],[-86.117625217292385,39.752252448645216],[-86.117281530666801,39.752026267994893],[-86.116869143295276,39.75176363462036],[-86.116583628895953,39.751577719177618],[-86.115912155097831,39.751141417612637],[-86.115621397478264,39.750951745300718],[-86.115431031617916,39.750826541513305],[-86.115264692981143,39.750721491027448],[-86.114983719891029,39.750540358298018],[-86.114819357656714,39.750440103780925],[-86.114697178473918,39.750357530569843],[-86.114551580634568,39.750271273725794],[-86.11427309690832,39.750113806830022],[-86.114106559010366,39.750029001908672],[-86.113823950639201,39.74989488564561],[-86.113701936564283,39.749837704624085],[-86.113622185051796,39.749801979868664],[-86.113342650947956,39.749670595872828],[-86.113246729775284,39.749626354062912],[-86.112744721326777,39.749404200427108],[-86.112514770458503,39.749300419881386],[-86.11220061633999,39.749168136602023],[-86.111864382324512,39.749015691573888],[-86.111517652790667,39.748855392191501],[-86.111170815919621,39.748686855419919],[-86.110834591806565,39.748526512852678],[-86.110455999337205,39.748301475718378],[-86.110140359738551,39.74809232450032],[-86.109561851601228,39.747730782811175],[-86.108962297174045,39.747344610822829],[-86.108520407407312,39.747047401538815],[-86.107920811027256,39.74666122336442],[-86.106826690628807,39.745937876213631],[-86.106405971703296,39.745672491563234],[-86.105901156732386,39.745359038816289],[-86.105554046607978,39.745133864584133],[-86.105080683477482,39.744828181109703],[-86.104502126930967,39.744450485524361],[-86.104018174559926,39.7441208163333],[-86.103324034384627,39.743678692784471],[-86.102713943831418,39.74328463506091],[-86.102219611295652,39.742962889973072],[-86.101652265783628,39.742551851314253],[-86.10165952814647,39.742301659628104],[-86.101675047687351,39.741765240570693],[-86.101714596778464,39.740676585893652],[-86.101745079978002,39.73987793447732],[-86.101793206488651,39.737962227450765],[-86.101787279098161,39.736427631666153],[-86.101782038631114,39.734675468452494],[-86.10178378869378,39.734335045577893],[-86.091999650337826,39.734369932620375],[-86.091981838421034,39.731298010848796],[-86.091890048156372,39.731238131642371],[-86.091754252207991,39.731149543771323],[-86.09172124837373,39.731130804220996],[-86.090109557947073,39.730061555044848],[-86.089425324851007,39.730693379831848],[-86.085914009136133,39.728411127708362],[-86.086600550140304,39.727777229012361],[-86.086391529091742,39.727642229586159],[-86.086055050410081,39.727425029637246],[-86.084906528328659,39.72668338513656],[-86.083300503585221,39.725646303231969],[-86.083018792221282,39.725464340811953],[-86.082664470491252,39.72519657801665],[-86.082699335940191,39.725362344587118],[-86.082736850105235,39.725531732324718],[-86.082962920704574,39.72659026380606],[-86.083074384346915,39.727148875310249],[-86.08309364476591,39.727349556107008],[-86.083104811655303,39.727561934340144],[-86.083103349758488,39.72771601849626],[-86.083101134992617,39.727763382818921],[-86.083080329022835,39.727971070551412],[-86.083014551243508,39.728321331847944],[-86.082958257242936,39.728521254075638],[-86.082844938294897,39.728892618596674],[-86.082666527261324,39.729470114390551],[-86.082395712588891,39.73035987326751],[-86.079808830193599,39.72871609633205],[-86.077402475557122,39.727114517817768],[-86.076463605799987,39.726441805991065],[-86.073466763877747,39.72401177471874],[-86.071154195243508,39.722179817316352],[-86.070658275977621,39.721810928425867],[-86.06996874515707,39.721350743419592],[-86.06939583148106,39.720959810924541],[-86.068478350490466,39.720364856391519],[-86.067579017914142,39.719774293871133],[-86.064574606749446,39.717816933946224],[-86.063939247020102,39.717422756562463],[-86.063272280981138,39.716988190406362],[-86.062406679010806,39.716423552498334],[-86.061941946320601,39.716122122682712],[-86.061324682180867,39.71572031963359],[-86.060579710439725,39.715236930639811],[-86.059962460910867,39.714835120213088],[-86.059150098681087,39.714305623179136],[-86.058639292424104,39.713974137369789],[-86.057873082628973,39.713480165344883],[-86.057149499718676,39.713018300394197],[-86.056804034765136,39.712781788312775],[-86.056687127543469,39.712859513506189],[-86.055144632334688,39.714373640061297],[-86.053337072757046,39.716198413293057],[-86.051306961620824,39.718584448117589],[-86.049322195335407,39.721436479853111],[-86.04813711336385,39.723522483194202],[-86.046728110486143,39.72603755498357],[-86.045728091942095,39.728702433961622],[-86.044676791450513,39.731999046321256],[-86.043959049026412,39.734241487795828],[-86.042793072428864,39.737769516086985],[-86.041831041246937,39.740044443196602],[-86.039541114901965,39.743210504556586],[-86.038144124492874,39.745047548910343],[-86.035940630325555,39.747934107194062],[-86.034235357521993,39.75025400353681],[-86.033386526525206,39.7514215061207],[-86.033402498393983,39.75142478819631],[-86.03340052723982,39.751427366781485]]]},"properties":{"OBJECTID":59,"JURISDCTN":"IMPD","DISTRICT":"Southeast","POLICEZONE":"SE10","SHAPE.STArea()":297763074.41313916,"SHAPE.STLength()":92187.383414078271}},{"type":"Feature","id":60,"geometry":{"type":"Polygon","coordinates":[[[-86.188621496990876,39.775095895922611],[-86.18969708189293,39.774753506486903],[-86.189720039738305,39.774746465998923],[-86.189741103544719,39.774743488896412],[-86.189766114841461,39.774740493097447],[-86.18978911953775,39.774739488730489],[-86.190350156333366,39.77473749897451],[-86.191310061816736,39.7747304616694],[-86.193087220571485,39.774734485328977],[-86.193804992907758,39.774730506894812],[-86.194860227450448,39.77472444828846],[-86.195868097506036,39.774719496745931],[-86.196935086552571,39.774714446489227],[-86.198308125986912,39.774704471329549],[-86.19968213543001,39.77469546621667],[-86.201052070487705,39.774682500613707],[-86.201742103613014,39.77467751999697],[-86.202428092696707,39.774672463878233],[-86.203115148672254,39.774668478686209],[-86.203801138174455,39.774663504517477],[-86.205207105255184,39.774653475475219],[-86.206093254331932,39.774646477985094],[-86.206566153973384,39.774615452851826],[-86.207118158559894,39.77459144391036],[-86.207675072690421,39.774567499525986],[-86.20823209810527,39.774545443373889],[-86.208766312130351,39.774524482746983],[-86.209259131557886,39.774504523804623],[-86.20969410795297,39.774487535459023],[-86.210650103779614,39.774449457836262],[-86.212213071788042,39.774386450590221],[-86.21343010204086,39.774337483708784],[-86.214037159932033,39.774311471203795],[-86.214786124354717,39.774283524471386],[-86.21531609826188,39.774262552825682],[-86.215302049155156,39.774372790130919],[-86.216045512317123,39.774343059020133],[-86.216133996422172,39.774282464963022],[-86.216134081959552,39.774111488018029],[-86.216135132725881,39.774110492297865],[-86.216138015798862,39.77410975810615],[-86.216288098439279,39.774070492148027],[-86.216301072650467,39.77406745846902],[-86.216338166989487,39.774058454348847],[-86.216375934788317,39.774049447027011],[-86.216414095639053,39.774041429477187],[-86.216452257197332,39.774033501979254],[-86.216490049338731,39.774027557709744],[-86.216528218039642,39.774020529929999],[-86.2165670759764,39.774015481263582],[-86.21660526116203,39.774010526740398],[-86.216644128139166,39.774006468750805],[-86.216683002546574,39.774003491526202],[-86.216722263297811,39.77400051335821],[-86.216761144874866,39.773998437651798],[-86.216800035046262,39.773997441804163],[-86.217290104173273,39.773983497246171],[-86.218446110895101,39.773950441773053],[-86.219578150246079,39.773918479716293],[-86.220662159073541,39.77388853815269],[-86.221879093141595,39.773853446356242],[-86.222971140005782,39.773829479314969],[-86.224128103261961,39.77379645273534],[-86.224863146478341,39.773774543291907],[-86.22522903760678,39.773764494898877],[-86.225222151224756,39.775878492432653],[-86.225218248918935,39.776646554589263],[-86.225209991067018,39.778793437784707],[-86.225298621171049,39.778834358563657],[-86.225208192631712,39.779035496991597],[-86.225204254605515,39.780132539107449],[-86.225419447046875,39.780359232987855],[-86.225429322573689,39.780359065651012],[-86.22658263533566,39.780338751332188],[-86.227022699570142,39.780349667358877],[-86.227101188373382,39.780348258884807],[-86.231848664415466,39.780263124373974],[-86.234262563373477,39.780220459462086],[-86.234269935690619,39.778492281282944],[-86.234275413830261,39.776221452289263],[-86.239048682021917,39.776168658872855],[-86.23919609280081,39.776135372303003],[-86.239492265786581,39.776231588343428],[-86.239910836283087,39.775822532864311],[-86.239942184264919,39.775648764474198],[-86.240850697594681,39.776066202457415],[-86.243474613025356,39.776177539511544],[-86.241596683888758,39.775801892259587],[-86.240676583107728,39.775485594059887],[-86.240179025402952,39.775382703498977],[-86.239745434211727,39.775056100083305],[-86.239388017532775,39.774892370433179],[-86.237209370708925,39.773894308610501],[-86.236773453115816,39.773672096577364],[-86.235665453280731,39.773180621379446],[-86.235265265288888,39.772993282819094],[-86.234812872959679,39.772563954953448],[-86.234400263752008,39.772216652623733],[-86.234291699066546,39.771633358183408],[-86.233906303073866,39.771598643389197],[-86.233869484975585,39.771487983246189],[-86.22876944558557,39.771645642920312],[-86.228616351249826,39.766052514697968],[-86.23167382762648,39.765946250426552],[-86.231034312707791,39.765583890806745],[-86.230603134687101,39.765349361230228],[-86.230296530581057,39.765350850547172],[-86.230112953145053,39.765399067137025],[-86.229529247788506,39.765259923524283],[-86.229161130490397,39.765238045504304],[-86.228761966963489,39.765168992314003],[-86.22842393394329,39.765075978361082],[-86.22701355921717,39.765082795998104],[-86.226615876340816,39.765257965328907],[-86.226524717108759,39.765298117810666],[-86.226126322937461,39.765323701467935],[-86.225298108212399,39.765280365412657],[-86.225052441751814,39.76523422319665],[-86.223250032715995,39.765242880500388],[-86.222991590669423,39.76521039273063],[-86.222361560087123,39.765294870976376],[-86.222239819038037,39.765301719803013],[-86.221060705113374,39.765081774760183],[-86.220587324561237,39.764776990761462],[-86.220209872361664,39.764283762115795],[-86.220020423340245,39.763946290249493],[-86.219153327657963,39.763142081155692],[-86.218941281328568,39.763024032221317],[-86.218834831864854,39.76291174751367],[-86.21867200007695,39.762856126003975],[-86.218420109161286,39.762832259594418],[-86.218290804324027,39.76290806831836],[-86.218152829338521,39.762914990005065],[-86.217989799368496,39.762834304373698],[-86.217769506198692,39.76262388725651],[-86.217783492983571,39.76249269093023],[-86.217776213754561,39.762370693338994],[-86.217504247990021,39.76214362879189],[-86.216615518787791,39.762008844870962],[-86.216486720240809,39.761989597785771],[-86.215558140323253,39.761696138062149],[-86.214629413176226,39.761382815188519],[-86.214203957969346,39.761265681984661],[-86.214101204222615,39.761286023050047],[-86.213675750478885,39.761168886997162],[-86.213481457455387,39.761001018716662],[-86.213429686929516,39.76096154892943],[-86.212541686029098,39.760916085849004],[-86.212012935268362,39.760749786674069],[-86.211357269750067,39.760802508214255],[-86.210996768579676,39.760764484841971],[-86.2106872541803,39.760666651315809],[-86.210402844088847,39.76048927200064],[-86.210337431538733,39.760350579179587],[-86.210680613955674,39.759822762431],[-86.21093249466216,39.759136515336429],[-86.211109692570844,39.758768331095844],[-86.211105471047773,39.758232212893056],[-86.210936293317047,39.75798479323538],[-86.210816382003529,39.75745914646982],[-86.210866585624288,39.757300054497627],[-86.211058751360511,39.757199868669034],[-86.21240742780067,39.756945324050633],[-86.212909169768437,39.756952892101474],[-86.213627700099792,39.75672115261461],[-86.21371601357869,39.756502310611744],[-86.213605071186819,39.75623406227146],[-86.211576177620387,39.756710621136236],[-86.210226822761342,39.757010349120719],[-86.208456299547237,39.757458900247116],[-86.206759344220444,39.757865902972569],[-86.205631237029522,39.758099347601437],[-86.205103723440033,39.758159103453586],[-86.204523478089328,39.758234886598316],[-86.203668885908627,39.758336643899419],[-86.202930434059326,39.758429965722165],[-86.202001982264861,39.758539944637349],[-86.201548376744427,39.758599343440821],[-86.201337504030448,39.758640807793078],[-86.200557445091235,39.758823870744031],[-86.199608933330907,39.759072559133159],[-86.199419243406709,39.759122501719709],[-86.198987436827096,39.759271011867348],[-86.198450482833977,39.759485545610673],[-86.198008301999693,39.759658807109759],[-86.197787118334233,39.75973325550148],[-86.197471271478747,39.759856865028681],[-86.196991136021694,39.760031326595751],[-86.196846348423463,39.760095814755807],[-86.196729935322224,39.760127917994083],[-86.196519580276089,39.760208833642167],[-86.196407641871048,39.760244689981015],[-86.196281363599965,39.760302230674483],[-86.194871790131756,39.760791135715174],[-86.194354584017617,39.76091633924419],[-86.192885988757567,39.761270283769043],[-86.190270456343171,39.76190563344165],[-86.189538298130273,39.762081542182912],[-86.188819590728343,39.762257729857488],[-86.186611176682575,39.762761449832574],[-86.186148714389731,39.7628458787837],[-86.185398917607998,39.76294771888994],[-86.184541657074078,39.763076113786703],[-86.183761686143995,39.763171901084753],[-86.183008298580674,39.763248005715354],[-86.18244139942837,39.763296166425036],[-86.18208592643235,39.763314216252112],[-86.18018551302039,39.763308571201982],[-86.177956453819604,39.763310861440736],[-86.176724315497893,39.763278191922922],[-86.175084251457022,39.763235629483475],[-86.173424759508379,39.763188667618152],[-86.173267097931756,39.763931644448533],[-86.173195009194501,39.764268482977108],[-86.173112506913341,39.76465244814198],[-86.173220660806308,39.765375132317672],[-86.173383081072615,39.766436557526738],[-86.173744176142762,39.767174893563904],[-86.174062267566853,39.767420640954718],[-86.174724271613186,39.767891299012163],[-86.175693717552136,39.768400432435001],[-86.176747549948047,39.768710459117742],[-86.179993588856362,39.769457938054366],[-86.1803582809586,39.769439764620486],[-86.182011047688093,39.769482120127577],[-86.183022623055265,39.769875080349699],[-86.18418579335129,39.770449522699309],[-86.185178048122665,39.771124081699426],[-86.18631361245626,39.77222647316605],[-86.187065467768775,39.77298314571302],[-86.188613957367522,39.775089362084685],[-86.188621496990876,39.775095895922611]]]},"properties":{"OBJECTID":60,"JURISDCTN":"IMPD","DISTRICT":"Southwest","POLICEZONE":"SW10","SHAPE.STArea()":73884286.319304183,"SHAPE.STLength()":54889.349547267884}}]}