{
"type": "FeatureCollection",
"name": "seattle",
"crs": { "type": "name", "properties": { "name": "urn:ogc:def:crs:OGC:1.3:CRS84" } },
"features": [
{ "type": "Feature", "properties": { "DISTRICT": "E", "objectid": 5, "beat": "C1", "sector": "C", "TOTAL": 103628.0869661168, "WHITE": 63239.900689789785, "BLACK": 7863.4720122870294, "AMERICAN_INDIAN": 390.93410354623239, "ASIAN": 15059.600121629619, "PACIFIC_ISLANDER": 333.11280909577692, "OTHER": 468.71144054591906, "TWO_OR_MORE": 8438.3888767197241, "HISPANIC": 7833.966912502714, "WHITE_PCT": 0.61, "BLACK_PCT": 0.076, "AMERICAN_INDIAN_PCT": 0.004, "ASIAN_PCT": 0.145, "PACIFIC_ISLANDER_PCT": 0.003, "OTHER_PCT": 0.005, "TWO_OR_MORE_PCT": 0.081, "HISPANIC_PCT": 0.076 }, "geometry": { "type": "Polygon", "coordinates": [ [ [ -122.286692012471903, 47.593070568692575 ], [ -122.286243007535916, 47.592339570420435 ], [ -122.285353002551929, 47.590923570838093 ], [ -122.285047999355143, 47.590439571746465 ], [ -122.285025981647266, 47.590408077395949 ], [ -122.284999999673801, 47.590361572545511 ], [ -122.284973557763038, 47.590324138413159 ], [ -122.284912997837111, 47.590222572112388 ], [ -122.284897603407785, 47.590195543349189 ], [ -122.284736996310158, 47.58991357289532 ], [ -122.284720864364047, 47.58989008215525 ], [ -122.284831736232789, 47.589892033001838 ], [ -122.285461960996727, 47.589903131015369 ], [ -122.285558917063398, 47.589904838914499 ], [ -122.285788061122105, 47.589908873288273 ], [ -122.285888802689357, 47.589910646013429 ], [ -122.286369304347048, 47.589919103717214 ], [ -122.286436830706762, 47.589921908209597 ], [ -122.286800182170339, 47.589936995757981 ], [ -122.288004387281148, 47.590035066843576 ], [ -122.288607352668137, 47.590066030083861 ], [ -122.288856113237756, 47.590078803240623 ], [ -122.289163687407196, 47.590094594742773 ], [ -122.289236252417268, 47.5900914546175 ], [ -122.29047011540618, 47.590111478583289 ], [ -122.291372836025701, 47.590097443441024 ], [ -122.292424608710348, 47.590115778900014 ], [ -122.293474244302658, 47.590109852463605 ], [ -122.294498211434274, 47.590115671652995 ], [ -122.295507189277018, 47.590118187744736 ], [ -122.297504048028188, 47.590123207811054 ], [ -122.298030874008433, 47.590139800838514 ], [ -122.299099949143667, 47.59015349850003 ], [ -122.299449897742988, 47.590149766461174 ], [ -122.300206399584184, 47.590141694108617 ], [ -122.301303646784689, 47.590130316839151 ], [ -122.302171057325239, 47.590101595276522 ], [ -122.302295683299107, 47.590094975144424 ], [ -122.302495622229443, 47.590077824715806 ], [ -122.303144673884773, 47.590061343744637 ], [ -122.303818251343984, 47.590051097584478 ], [ -122.303911329383553, 47.59004968110353 ], [ -122.305180349737128, 47.590030364129014 ], [ -122.307051909675735, 47.589999239697335 ], [ -122.307582082778495, 47.590000201787241 ], [ -122.308047300500164, 47.590025013837746 ], [ -122.308510767405693, 47.590078011890512 ], [ -122.309136974006975, 47.590218252272429 ], [ -122.309682675389908, 47.59040375272221 ], [ -122.310130209777313, 47.590597565314809 ], [ -122.310167272469414, 47.590613615963498 ], [ -122.310287106830572, 47.590692040696588 ], [ -122.310365455195097, 47.590743313845962 ], [ -122.310447550432713, 47.590797040002215 ], [ -122.310485609356576, 47.590822502957906 ], [ -122.310504424570269, 47.590834261145545 ], [ -122.310544203767847, 47.590860294180409 ], [ -122.310590882925183, 47.590890843145736 ], [ -122.310705334581613, 47.59099765290955 ], [ -122.310915907770763, 47.591194165341996 ], [ -122.311065918339679, 47.591334156766102 ], [ -122.311400865078369, 47.591710967513656 ], [ -122.311688051088851, 47.592113592891096 ], [ -122.311978123386268, 47.592510819107154 ], [ -122.312222703200476, 47.592845744163718 ], [ -122.312896066871446, 47.593731466407647 ], [ -122.312915547736978, 47.59375709029235 ], [ -122.313058519107869, 47.593945143790343 ], [ -122.313192035709179, 47.594025903151099 ], [ -122.313247070995232, 47.594059191535855 ], [ -122.313598853957046, 47.594271970991706 ], [ -122.313927366959149, 47.594434505718652 ], [ -122.313988118225382, 47.594464562505145 ], [ -122.314106489230738, 47.594523126996847 ], [ -122.314240012119768, 47.59457041629323 ], [ -122.314361817384295, 47.594613555221542 ], [ -122.314575651456451, 47.594684080416812 ], [ -122.314852175358808, 47.594749940274859 ], [ -122.315029328522584, 47.594787044110547 ], [ -122.315207046726812, 47.594824265444387 ], [ -122.315236409060105, 47.594826079197595 ], [ -122.31533225750411, 47.594831997218257 ], [ -122.315437701751904, 47.594838508918166 ], [ -122.315627410668171, 47.594850223796811 ], [ -122.315818559583818, 47.594863532521153 ], [ -122.316038088974011, 47.594866863789839 ], [ -122.316284698976446, 47.594844446318703 ], [ -122.316667850206315, 47.594793684236421 ], [ -122.316959737095161, 47.594740694589731 ], [ -122.317130355014456, 47.594702868002891 ], [ -122.317172612664208, 47.594752965611761 ], [ -122.317190413680194, 47.594783662542511 ], [ -122.317222604809018, 47.594842416291648 ], [ -122.317232104493456, 47.594871837364629 ], [ -122.31724253213757, 47.594893069281291 ], [ -122.31725172729324, 47.594932606494226 ], [ -122.317280987219874, 47.595039779966747 ], [ -122.31728565576465, 47.595058175490905 ], [ -122.317284695466469, 47.595132473569727 ], [ -122.317283604912561, 47.595202310493299 ], [ -122.317270873097272, 47.595798652669792 ], [ -122.317270220920733, 47.595826090472656 ], [ -122.316423426715531, 47.595825773046258 ], [ -122.316420885381589, 47.595825771228952 ], [ -122.316119781777303, 47.59582565976622 ], [ -122.315943103822676, 47.595825611910229 ], [ -122.315937640269155, 47.595825611304527 ], [ -122.315820906893293, 47.595825581621703 ], [ -122.315820799993759, 47.595825581621689 ], [ -122.315810544826519, 47.595825576775518 ], [ -122.315809412949264, 47.59582557616973 ], [ -122.315809266523857, 47.595825576169723 ], [ -122.315347410298301, 47.595824733526058 ], [ -122.314776678260486, 47.59582368552207 ], [ -122.314237087220363, 47.595822693855851 ], [ -122.314121258447969, 47.595822480014512 ], [ -122.314098330747044, 47.595822440032883 ], [ -122.314048989881869, 47.595822352800191 ], [ -122.313982037545628, 47.595822229220502 ], [ -122.313500003362222, 47.595821341748866 ], [ -122.313427205688413, 47.595821207265125 ], [ -122.313059047339948, 47.595820528182706 ], [ -122.312972235049472, 47.595820367650283 ], [ -122.312835723466009, 47.595820115038897 ], [ -122.312699246916821, 47.595819862427497 ], [ -122.312539414170374, 47.595819566805538 ], [ -122.312272813059465, 47.59581907248679 ], [ -122.31221852068046, 47.595818971321087 ], [ -122.312197232404941, 47.595818921646902 ], [ -122.312195592081196, 47.595818919223753 ], [ -122.312195153703357, 47.595818922252668 ], [ -122.312159247143214, 47.59581932994589 ], [ -122.311923770860275, 47.595824294957005 ], [ -122.311723018954424, 47.595828528785709 ], [ -122.311530088680144, 47.595860846164847 ], [ -122.311544424893938, 47.595879561859903 ], [ -122.311545162410781, 47.595880529296721 ], [ -122.311547081212268, 47.595883051174788 ], [ -122.311551757841684, 47.595889203514652 ], [ -122.311553739525223, 47.595891810807771 ], [ -122.31155376018647, 47.595891838068034 ], [ -122.311560219073456, 47.595900336001094 ], [ -122.312135997855592, 47.596657424934975 ], [ -122.312163196147765, 47.596693188657461 ], [ -122.312358065888276, 47.596949416071837 ], [ -122.312774766506223, 47.597497314099734 ], [ -122.313178631096832, 47.598021254077373 ], [ -122.313421968540723, 47.598336921433052 ], [ -122.313562253948902, 47.598522687503404 ], [ -122.313603929490441, 47.598577880075062 ], [ -122.313603952846677, 47.59857791036265 ], [ -122.313603979796056, 47.598577947313558 ], [ -122.313671533106316, 47.598667393877662 ], [ -122.313776298229385, 47.59880612049421 ], [ -122.313795178121993, 47.598831121000558 ], [ -122.313901384142824, 47.598971754077866 ], [ -122.313927297844145, 47.599004468702098 ], [ -122.313954782698872, 47.599036585433311 ], [ -122.313983811757581, 47.599068078225443 ], [ -122.314014353579211, 47.599098908917647 ], [ -122.31404637762104, 47.599129045406492 ], [ -122.314079847950481, 47.599158453165664 ], [ -122.314114727736566, 47.599187102514868 ], [ -122.314151953922163, 47.599215697331346 ], [ -122.314152041058705, 47.599215771232224 ], [ -122.314152068008198, 47.599215793039058 ], [ -122.314152204552116, 47.599215885718067 ], [ -122.314189029190771, 47.59924233981635 ], [ -122.314189151361674, 47.59924242462062 ], [ -122.314228544283722, 47.59926891929031 ], [ -122.314228669149571, 47.599269001671601 ], [ -122.314269345764117, 47.599294593163094 ], [ -122.314269473324885, 47.599294673121328 ], [ -122.314309535491759, 47.599318206282071 ], [ -122.314309666645798, 47.599318283817318 ], [ -122.314335450989518, 47.599332733839049 ], [ -122.314335584838503, 47.599332809557019 ], [ -122.314359849232716, 47.599345870604452 ], [ -122.314359983979998, 47.59934594389938 ], [ -122.314396916416428, 47.599364850974311 ], [ -122.314397056553602, 47.599364921846259 ], [ -122.314434751659647, 47.599383128069327 ], [ -122.314434894491797, 47.599383195306793 ], [ -122.314473332504548, 47.599400677660491 ], [ -122.314473480726562, 47.599400744292218 ], [ -122.314506591729739, 47.599414989550063 ], [ -122.314506742646699, 47.599415053758811 ], [ -122.314540339638398, 47.59942876656487 ], [ -122.314540493250306, 47.599428828956334 ], [ -122.314574560959201, 47.599442003859373 ], [ -122.31457471636773, 47.599442063827873 ], [ -122.314602163493007, 47.599452133691706 ], [ -122.314602251527887, 47.599452165796052 ], [ -122.314602320698157, 47.599452191237269 ], [ -122.314602355732447, 47.599452203957874 ], [ -122.31463013882761, 47.599461994572515 ], [ -122.314630244828805, 47.599462031522798 ], [ -122.314675808278395, 47.599477846241896 ], [ -122.314675966381856, 47.599477900758664 ], [ -122.314777059190845, 47.599512991391059 ], [ -122.314777217294306, 47.599513045907806 ], [ -122.31477799523536, 47.599513316674404 ], [ -122.314778153338807, 47.599513371191144 ], [ -122.314878311001564, 47.599548132882184 ], [ -122.314878469105096, 47.599548188610399 ], [ -122.314932740823053, 47.599566963560491 ], [ -122.314932855807385, 47.599567003539413 ], [ -122.314932899824825, 47.599567019288678 ], [ -122.314933013910874, 47.599567058056138 ], [ -122.31496698639836, 47.599578722811962 ], [ -122.314967146298457, 47.599578777934433 ], [ -122.315036278846136, 47.59960324804819 ], [ -122.315036437847965, 47.599603304987767 ], [ -122.315042691020707, 47.599605585601545 ], [ -122.315042848225886, 47.599605643146894 ], [ -122.315083865301801, 47.599620617054768 ], [ -122.315084018015398, 47.599620674600096 ], [ -122.315137496520975, 47.599640773066795 ], [ -122.315137650132911, 47.599640830612095 ], [ -122.315196733227552, 47.599663725772793 ], [ -122.315196887737727, 47.599663785741058 ], [ -122.315255474962456, 47.59968724725838 ], [ -122.315255629472674, 47.599687309043802 ], [ -122.315313726217141, 47.599711324802236 ], [ -122.315313878032441, 47.599711387799154 ], [ -122.315342599867023, 47.599723543171706 ], [ -122.31534275168238, 47.599723607380085 ], [ -122.315371349549494, 47.599735897829667 ], [ -122.315371500466483, 47.599735962643777 ], [ -122.315399962688019, 47.599748389381752 ], [ -122.315400113604937, 47.59974845601306 ], [ -122.315482066908487, 47.599785306740557 ], [ -122.315482206147394, 47.599785381246399 ], [ -122.315563040150167, 47.599823351957795 ], [ -122.315563181185652, 47.599823418589025 ], [ -122.31564285636172, 47.599862497167202 ], [ -122.315642995600598, 47.599862566827014 ], [ -122.315681710294513, 47.599882150323921 ], [ -122.315681849533377, 47.59988222119528 ], [ -122.315720268681545, 47.59990207242069 ], [ -122.31572040612383, 47.599902144503432 ], [ -122.315758528827999, 47.599922254976796 ], [ -122.315758666270227, 47.599922327059502 ], [ -122.315813891100845, 47.599952201395652 ], [ -122.315814027644706, 47.599952274689805 ], [ -122.315823393479931, 47.599957480390621 ], [ -122.315868748520458, 47.599982757168171 ], [ -122.315885052942988, 47.599995123273942 ], [ -122.315901681657323, 47.600007734699943 ], [ -122.31592279655807, 47.600013787214088 ], [ -122.315973473218421, 47.600043726311746 ], [ -122.316023535431114, 47.600074139077321 ], [ -122.316078945314729, 47.600108818016004 ], [ -122.316080935981418, 47.600110085819132 ], [ -122.316088888766672, 47.600115160059815 ], [ -122.316096837958611, 47.600120237328646 ], [ -122.316138933013065, 47.600147587456576 ], [ -122.316180541180628, 47.600175277992797 ], [ -122.316221648986527, 47.600203308330968 ], [ -122.316221942735694, 47.600203510646047 ], [ -122.316263793448329, 47.600232740927083 ], [ -122.316305387242863, 47.600262529677693 ], [ -122.31634642857351, 47.600292667919163 ], [ -122.316388617951048, 47.600324449495233 ], [ -122.316430194677636, 47.600356601154246 ], [ -122.316471152464999, 47.600389113203875 ], [ -122.316492553928455, 47.600406447423055 ], [ -122.31651377842384, 47.600423880370691 ], [ -122.316534824154445, 47.600441413863827 ], [ -122.316561611916427, 47.600464085159729 ], [ -122.316588098742756, 47.600486916358612 ], [ -122.316614288226774, 47.600509905037455 ], [ -122.316651546751785, 47.600543347392851 ], [ -122.316688171066247, 47.600577107734857 ], [ -122.316724152186922, 47.60061118242843 ], [ -122.316855908090815, 47.600738601621025 ], [ -122.316889628151927, 47.60077121156106 ], [ -122.316979926805104, 47.600858531910902 ], [ -122.317051001510961, 47.600928300619003 ], [ -122.317095047706403, 47.600971540913662 ], [ -122.317141294774288, 47.601016941185705 ], [ -122.317242835843317, 47.601116621514599 ], [ -122.317326182434442, 47.601198441330069 ], [ -122.317359144317479, 47.60123079718597 ], [ -122.317408030635661, 47.601278786691836 ], [ -122.317460132024294, 47.601329932564497 ], [ -122.317765554732091, 47.601629745904646 ], [ -122.317837977809248, 47.601700840709029 ], [ -122.318112508349216, 47.601701353749384 ], [ -122.319418020066394, 47.601703681510351 ], [ -122.319596530584178, 47.601703997087633 ], [ -122.320177482754886, 47.60170502135086 ], [ -122.320752174566337, 47.601706032288341 ], [ -122.321501474614024, 47.601707403626058 ], [ -122.32159005299242, 47.601707565957547 ], [ -122.32171064014085, 47.601707785831948 ], [ -122.322461676631946, 47.601709154141069 ], [ -122.322631086317656, 47.60170955088433 ], [ -122.323515555865782, 47.601710881032503 ], [ -122.323596127559981, 47.601711002781023 ], [ -122.323755341367189, 47.601711242643802 ], [ -122.32381048445076, 47.601711333500951 ], [ -122.323884922448272, 47.60171205672588 ], [ -122.324138418037634, 47.601714519566926 ], [ -122.324188210755352, 47.601714176731235 ], [ -122.324257057638505, 47.601714947807658 ], [ -122.324529226507622, 47.601714134329228 ], [ -122.32462264411032, 47.601713899310788 ], [ -122.324718942610176, 47.60171309007324 ], [ -122.324795613819447, 47.60171244619643 ], [ -122.324851073109983, 47.601711979794523 ], [ -122.324953534052682, 47.601712684242031 ], [ -122.325203801998398, 47.601977672946369 ], [ -122.325286129001555, 47.602050518998183 ], [ -122.326106488491718, 47.602776386369925 ], [ -122.326652135980126, 47.603325656458708 ], [ -122.326945737756759, 47.603595302657631 ], [ -122.327171854496612, 47.603900138730538 ], [ -122.327577062965986, 47.604351497095351 ], [ -122.327597293026372, 47.604374498612479 ], [ -122.32821095735693, 47.605106715152601 ], [ -122.328329678706226, 47.605250090817648 ], [ -122.329293813562884, 47.606445026177937 ], [ -122.329403318197379, 47.60658076867702 ], [ -122.329281631511634, 47.606631229817197 ], [ -122.32932206917458, 47.60668274657106 ], [ -122.329742609191939, 47.607218504115487 ], [ -122.329866590177389, 47.60737275632632 ], [ -122.330231566698359, 47.607805953513541 ], [ -122.330456163488748, 47.608112459635777 ], [ -122.330581490151019, 47.608312233969642 ], [ -122.330610573108899, 47.608365860932061 ], [ -122.330628924792236, 47.608399699804153 ], [ -122.330674469378039, 47.608483684285808 ], [ -122.330751047165066, 47.608697030705272 ], [ -122.330769188642932, 47.608755350337177 ], [ -122.330853953675117, 47.608937378393193 ], [ -122.330969583923618, 47.609253856835522 ], [ -122.331049759464904, 47.609592195827112 ], [ -122.331061886723788, 47.609806050081843 ], [ -122.331067643129373, 47.609907538401266 ], [ -122.33105689119661, 47.610145850493275 ], [ -122.331045112489136, 47.610348450740005 ], [ -122.330979382764056, 47.610688355426696 ], [ -122.330897433057515, 47.610962056381069 ], [ -122.330822474039792, 47.611179026937599 ], [ -122.330773840150215, 47.611298279239207 ], [ -122.330548293850967, 47.611851328414808 ], [ -122.330539940417424, 47.611875744946076 ], [ -122.330173635306423, 47.612951045115103 ], [ -122.330286281347227, 47.612905321521318 ], [ -122.330379206672745, 47.612865352782897 ], [ -122.330325648219343, 47.613035432268845 ], [ -122.330202287975084, 47.613319964490678 ], [ -122.329748640567189, 47.61436627056915 ], [ -122.329704376981908, 47.614518218103264 ], [ -122.329538951329781, 47.614955753102699 ], [ -122.329422744370305, 47.615263082064658 ], [ -122.329309686904224, 47.615562076165716 ], [ -122.329064850183116, 47.616158018538655 ], [ -122.329059687565504, 47.616185681222554 ], [ -122.328838018398116, 47.61699513312459 ], [ -122.328659038968013, 47.617674137544093 ], [ -122.328493115653686, 47.618483009323057 ], [ -122.328496832882578, 47.618504338229592 ], [ -122.32850070732772, 47.619439414880944 ], [ -122.328501292132657, 47.619580693736118 ], [ -122.328508069042954, 47.621216003727874 ], [ -122.328511224833733, 47.621977533221404 ], [ -122.328514146163556, 47.622682169235929 ], [ -122.328531653433529, 47.622970875752337 ], [ -122.328516421602785, 47.623231262984959 ], [ -122.32852076586812, 47.624279159250165 ], [ -122.328521938173026, 47.624561994358388 ], [ -122.328522690963453, 47.624743523601204 ], [ -122.328523504839481, 47.624939825130511 ], [ -122.328511108989176, 47.625125045671574 ], [ -122.328509397703229, 47.625511346122821 ], [ -122.328504772291694, 47.626656514995972 ], [ -122.328502891225142, 47.6271224771262 ], [ -122.328438622161869, 47.627558054681082 ], [ -122.328356932069525, 47.627920775701881 ], [ -122.328266923576152, 47.628160458686828 ], [ -122.328254737031486, 47.628192849324144 ], [ -122.328220253403856, 47.628284732871755 ], [ -122.328162365070128, 47.628398910990661 ], [ -122.328109927713527, 47.628502338665719 ], [ -122.32809528697139, 47.628531215921775 ], [ -122.328078049199746, 47.628557131518619 ], [ -122.328036791376249, 47.628619155268538 ], [ -122.327958045958439, 47.628737536577972 ], [ -122.327939922447939, 47.628764780326776 ], [ -122.327870888716191, 47.628845839491724 ], [ -122.327780397825833, 47.628950635699354 ], [ -122.327749877564585, 47.62898598080681 ], [ -122.327690592350123, 47.629054639228706 ], [ -122.327669787368492, 47.629076099431856 ], [ -122.327599852626349, 47.629148233328841 ], [ -122.327511058653457, 47.629239818552421 ], [ -122.327462586459816, 47.629289552540996 ], [ -122.327430613622695, 47.629322357780737 ], [ -122.32728232692412, 47.629453913317192 ], [ -122.327256623429264, 47.629476716122092 ], [ -122.327189441125057, 47.629536317809958 ], [ -122.326899214325238, 47.629789687942633 ], [ -122.32671220125529, 47.6299569439335 ], [ -122.326560144327601, 47.630092935969621 ], [ -122.32652528789842, 47.630124109186383 ], [ -122.326396208977016, 47.630238483670205 ], [ -122.32576418489441, 47.63079848931983 ], [ -122.325576684039262, 47.630964622739164 ], [ -122.325375372485198, 47.631145055811444 ], [ -122.325283098438803, 47.631227901982683 ], [ -122.325091485096593, 47.631419222372855 ], [ -122.324878287933601, 47.631648381915589 ], [ -122.324578402449461, 47.632026829183779 ], [ -122.324561435969002, 47.632052684932269 ], [ -122.32442339904884, 47.632263149922203 ], [ -122.32431711308169, 47.632432623907583 ], [ -122.324163666462312, 47.632740343504253 ], [ -122.324074762896473, 47.632958014891145 ], [ -122.324008465433991, 47.633120338620145 ], [ -122.323485710634401, 47.634405801714522 ], [ -122.323377643310153, 47.634744008837181 ], [ -122.32334879301763, 47.634834298527707 ], [ -122.323336044127657, 47.634874154829454 ], [ -122.32324068976078, 47.635172248033662 ], [ -122.323140082047573, 47.635590436554175 ], [ -122.323052205259259, 47.63606852286248 ], [ -122.323008411495039, 47.636405623603849 ], [ -122.322977485197683, 47.636637629852444 ], [ -122.322950173722461, 47.636992616189474 ], [ -122.32294908676154, 47.637039904017506 ], [ -122.322913691361435, 47.638580476422234 ], [ -122.322891493104223, 47.639546531036714 ], [ -122.322887418348273, 47.639723874201025 ], [ -122.322870962119239, 47.640436767128818 ], [ -122.322844799597931, 47.641507223740533 ], [ -122.322837461263276, 47.641740001427586 ], [ -122.322833094554355, 47.641878480039239 ], [ -122.322832378597482, 47.641914419837896 ], [ -122.322822475574355, 47.642289335588693 ], [ -122.322809432042462, 47.64278317614712 ], [ -122.322807056898142, 47.642890519094095 ], [ -122.322804803924427, 47.642973116047898 ], [ -122.322798118664807, 47.643195109769415 ], [ -122.322725578836383, 47.645579145986794 ], [ -122.322724216990906, 47.64562349562749 ], [ -122.322701621675591, 47.646359670560003 ], [ -122.322670483379852, 47.646927489564227 ], [ -122.322658634603883, 47.647143544696043 ], [ -122.322614166210627, 47.64795446773082 ], [ -122.32261065918857, 47.648018412901557 ], [ -122.322596568223815, 47.648737060386217 ], [ -122.322577377526869, 47.649763154538526 ], [ -122.322575133537214, 47.649922399665201 ], [ -122.322550362508281, 47.651158496322196 ], [ -122.322540419960973, 47.651669350595164 ], [ -122.322537000078881, 47.65201992503485 ], [ -122.322528012439378, 47.65242178787625 ], [ -122.322527190481679, 47.652487776541477 ], [ -122.322522644112468, 47.652852872094726 ], [ -122.322489297751162, 47.652873494715244 ], [ -122.322356889672932, 47.652956401440314 ], [ -122.322240299130101, 47.653031494700436 ], [ -122.320304929159562, 47.652858473134025 ], [ -122.319952297292161, 47.652833499667047 ], [ -122.315888282087599, 47.649532507712479 ], [ -122.313510271732383, 47.647600512721972 ], [ -122.313441272134966, 47.647544513125801 ], [ -122.31339527120555, 47.647507513284033 ], [ -122.313288271074683, 47.647420513503754 ], [ -122.313050269625037, 47.647227513599084 ], [ -122.31242527036089, 47.64720351482179 ], [ -122.312336269774349, 47.647199515125266 ], [ -122.310450268517968, 47.647127519326958 ], [ -122.308992269579832, 47.647248521547802 ], [ -122.307169444145003, 47.6474003238935 ], [ -122.305185270505973, 47.647565528837688 ], [ -122.304612788548297, 47.647416829173736 ], [ -122.30453468003418, 47.647384372383122 ], [ -122.304465269008659, 47.647355529753057 ], [ -122.300826268363537, 47.647370536609273 ], [ -122.300828056008513, 47.647171988744184 ], [ -122.300830265861194, 47.646926537111796 ], [ -122.300550267276151, 47.646927537496772 ], [ -122.300326939807618, 47.646815558588827 ], [ -122.299992715317103, 47.646670653785677 ], [ -122.299373967425751, 47.646373752461891 ], [ -122.298853263461211, 47.646118540621003 ], [ -122.295162265643157, 47.647002548071093 ], [ -122.292966264763464, 47.64669255161197 ], [ -122.290471265039443, 47.646983556571485 ], [ -122.287179261118396, 47.646068562476422 ], [ -122.285530501318334, 47.644649079314092 ], [ -122.285489253375104, 47.64461356565581 ], [ -122.285088253517984, 47.644587566635607 ], [ -122.284604253820262, 47.644555567451164 ], [ -122.281611251454564, 47.64436357314402 ], [ -122.281379250753062, 47.644345573225181 ], [ -122.280765250460689, 47.644276574183422 ], [ -122.280465250885399, 47.644235575130324 ], [ -122.28016025038886, 47.644185576359234 ], [ -122.279823251003364, 47.644118576768619 ], [ -122.279564249639051, 47.644060577405696 ], [ -122.279167249080629, 47.643959577223654 ], [ -122.27882224840063, 47.643861578172455 ], [ -122.278527247949256, 47.643770578413211 ], [ -122.278159730996393, 47.643645681354521 ], [ -122.27769624702168, 47.643491580331045 ], [ -122.277331247148197, 47.643364581233271 ], [ -122.277061137216748, 47.643279240159771 ], [ -122.277038488891677, 47.643266087799034 ], [ -122.276829246109045, 47.643202582265005 ], [ -122.276838682012254, 47.643162061714364 ], [ -122.27685419052689, 47.643131111739471 ], [ -122.276508244819155, 47.643026583039465 ], [ -122.275997244457841, 47.642897583706585 ], [ -122.275750242789101, 47.64284258376771 ], [ -122.275387243464451, 47.642774584412727 ], [ -122.275043242609925, 47.642721585272746 ], [ -122.275127138955753, 47.641627592825522 ], [ -122.275296227916229, 47.639422584718872 ], [ -122.275465218062422, 47.637258584958857 ], [ -122.275772197498327, 47.633238584692705 ], [ -122.275942187467891, 47.630942584239534 ], [ -122.275950187862207, 47.63081458481679 ], [ -122.280242166643959, 47.626250577005244 ], [ -122.280970163135379, 47.625475575725424 ], [ -122.281070161794574, 47.62537057578141 ], [ -122.281666158941576, 47.624710575282457 ], [ -122.281674151232934, 47.623080574975532 ], [ -122.279582142904772, 47.621227577947337 ], [ -122.27957112142056, 47.61676357948344 ], [ -122.279712120083985, 47.616359579053992 ], [ -122.280890103327579, 47.612808577411805 ], [ -122.280853773651671, 47.612038854479081 ], [ -122.280853041524523, 47.612023353017015 ], [ -122.281303098372945, 47.611531576328616 ], [ -122.281635093231699, 47.610590576461455 ], [ -122.282261076104803, 47.606782575047269 ], [ -122.282520068466013, 47.605189574983271 ], [ -122.282686063642956, 47.60416657509861 ], [ -122.282824058331499, 47.603055574823244 ], [ -122.28309105649231, 47.602602574106761 ], [ -122.283644052181785, 47.601669573200127 ], [ -122.284310045147862, 47.600231572038261 ], [ -122.285790024011632, 47.595750570472219 ], [ -122.286692012471903, 47.593070568692575 ] ] ] } },
{ "type": "Feature", "properties": { "DISTRICT": "N", "objectid": 2, "beat": "B1", "sector": "B", "TOTAL": 296674.52635683026, "WHITE": 196551.47125105825, "BLACK": 10614.22996835553, "AMERICAN_INDIAN": 896.42840526305019, "ASIAN": 42640.159920368947, "PACIFIC_ISLANDER": 615.06276915408466, "OTHER": 1532.3247695009725, "TWO_OR_MORE": 21580.914169859429, "HISPANIC": 22243.935103270022, "WHITE_PCT": 0.663, "BLACK_PCT": 0.036, "AMERICAN_INDIAN_PCT": 0.003, "ASIAN_PCT": 0.144, "PACIFIC_ISLANDER_PCT": 0.002, "OTHER_PCT": 0.005, "TWO_OR_MORE_PCT": 0.073, "HISPANIC_PCT": 0.075 }, "geometry": { "type": "Polygon", "coordinates": [ [ [ -122.347378273294922, 47.646856450054685 ], [ -122.348418275359293, 47.647274447615509 ], [ -122.349762500878427, 47.64781735463221 ], [ -122.35011221771444, 47.647979157130507 ], [ -122.351238296350118, 47.64848519988989 ], [ -122.351402485028274, 47.648557188984896 ], [ -122.354476289969682, 47.649939434681215 ], [ -122.355461292681724, 47.650423432731898 ], [ -122.360552304127296, 47.652927422497328 ], [ -122.362450310480142, 47.653914418541859 ], [ -122.364409941261528, 47.654918820999235 ], [ -122.36612031829678, 47.655795410527446 ], [ -122.367352321780487, 47.65642740731969 ], [ -122.369156768592077, 47.657028900659832 ], [ -122.370514327803832, 47.657481401426232 ], [ -122.371726329396665, 47.657885398653157 ], [ -122.372103532883202, 47.658011404023185 ], [ -122.376040337636681, 47.659326389150621 ], [ -122.376238763804736, 47.659360636118308 ], [ -122.380414340752807, 47.660082380805832 ], [ -122.386032737828899, 47.662592708351319 ], [ -122.387453356978966, 47.66322736595351 ], [ -122.390128360229639, 47.663665360181113 ], [ -122.390678360050018, 47.663754359034094 ], [ -122.391060360539399, 47.663817358001275 ], [ -122.391233360791631, 47.663846357308316 ], [ -122.392236349568023, 47.663983509236715 ], [ -122.392524362024147, 47.664022354737426 ], [ -122.392613778530318, 47.663996775562552 ], [ -122.393695360905326, 47.663687353672778 ], [ -122.397353964599404, 47.664733761704042 ], [ -122.402016632355028, 47.666067113819707 ], [ -122.402059373298002, 47.666079334833505 ], [ -122.4027453735618, 47.666280334134697 ], [ -122.40352737498533, 47.666667331551565 ], [ -122.403636376562275, 47.666721331202176 ], [ -122.403655703815673, 47.666733507900652 ], [ -122.404363378633633, 47.667179330519708 ], [ -122.405348383146787, 47.668033326903441 ], [ -122.405729385613839, 47.668587326896059 ], [ -122.406040387759674, 47.669039325812044 ], [ -122.406729394698473, 47.670373323512557 ], [ -122.406686395045469, 47.670751322699964 ], [ -122.408053400949456, 47.671926319889586 ], [ -122.408398402529144, 47.672135318867007 ], [ -122.411101409874917, 47.673774312709455 ], [ -122.413514416791202, 47.675238306172488 ], [ -122.414272420621245, 47.675698304813622 ], [ -122.419562149297036, 47.678905481706295 ], [ -122.411645398325476, 47.686725215746094 ], [ -122.411113936140282, 47.686725760007221 ], [ -122.410704170543866, 47.688449487980307 ], [ -122.409968944418807, 47.689855759754863 ], [ -122.410102186193328, 47.694694486486782 ], [ -122.409236193230271, 47.697686487316993 ], [ -122.407067197534403, 47.69983748885516 ], [ -122.405460201346671, 47.701433490332306 ], [ -122.398610207791833, 47.703905496597493 ], [ -122.392190212611865, 47.706570502981272 ], [ -122.389315218363762, 47.709049505391626 ], [ -122.384429223185293, 47.711370510778849 ], [ -122.383692100735999, 47.714372245429452 ], [ -122.383671515841826, 47.714413586503447 ], [ -122.380695533903705, 47.718171557961213 ], [ -122.380696546305245, 47.718194518450389 ], [ -122.380719036545656, 47.719760791430957 ], [ -122.380756923921069, 47.722236269302847 ], [ -122.380192501674372, 47.724249582523036 ], [ -122.381231938811965, 47.734010216754172 ], [ -122.375863755811409, 47.734140694756462 ], [ -122.37551212376934, 47.734149232445219 ], [ -122.375058588638325, 47.734160243650983 ], [ -122.374899393695785, 47.734164107994552 ], [ -122.374670607166678, 47.73416966162857 ], [ -122.374631607707045, 47.734170607776342 ], [ -122.374602469054267, 47.734170558837853 ], [ -122.374536655781796, 47.734170447668859 ], [ -122.374483555467194, 47.734171048225178 ], [ -122.374428237212157, 47.734170265206771 ], [ -122.374333825174389, 47.734170106307715 ], [ -122.374254745581837, 47.73416997278413 ], [ -122.374217132222654, 47.734169909345326 ], [ -122.372512914047562, 47.734167020160761 ], [ -122.372173711993867, 47.73416644256551 ], [ -122.372098990128748, 47.734166315083669 ], [ -122.371683064763488, 47.734165605173175 ], [ -122.37048917321161, 47.734163557609911 ], [ -122.37035005381891, 47.734163318354959 ], [ -122.368705450540801, 47.734160475691688 ], [ -122.368465435070547, 47.734160058203798 ], [ -122.367697273995248, 47.734158721155069 ], [ -122.366708813673498, 47.734156992598116 ], [ -122.366441696031231, 47.734156524359122 ], [ -122.366303671684889, 47.734156282083198 ], [ -122.364165310310597, 47.734152315040937 ], [ -122.362171278557611, 47.734148579399026 ], [ -122.362110063761051, 47.734148464604914 ], [ -122.36204884896452, 47.734148349206585 ], [ -122.361991990098787, 47.734148242266819 ], [ -122.361969000414106, 47.734148198765908 ], [ -122.361176894744901, 47.734146705838207 ], [ -122.361148636441129, 47.734146652670397 ], [ -122.361064422976725, 47.734146493166968 ], [ -122.360944751211591, 47.734146265995484 ], [ -122.360232459058508, 47.734144915654106 ], [ -122.359182940247095, 47.734142918840462 ], [ -122.358208718222542, 47.734141056758787 ], [ -122.356184982776483, 47.734137160403954 ], [ -122.355708113007594, 47.734136236613097 ], [ -122.355586207132276, 47.73413600098305 ], [ -122.355388449311292, 47.734135973191748 ], [ -122.354943350258935, 47.734135911567748 ], [ -122.35427346577373, 47.734135816110744 ], [ -122.353562460906502, 47.73413571038293 ], [ -122.353053514095549, 47.734135631842157 ], [ -122.35178716622967, 47.734135416156356 ], [ -122.35168618301563, 47.734135407698396 ], [ -122.351538718273929, 47.734135381719433 ], [ -122.350520835431837, 47.734135195032948 ], [ -122.349514972048155, 47.734135014388265 ], [ -122.349333379410638, 47.734134981159272 ], [ -122.347980080913743, 47.734134722577117 ], [ -122.347816393496387, 47.734134689348011 ], [ -122.347650745955079, 47.734134657931484 ], [ -122.347427083416335, 47.734134611410788 ], [ -122.346516403723214, 47.734134420494449 ], [ -122.346435259802178, 47.734134403577819 ], [ -122.346313668337174, 47.734134376390344 ], [ -122.345406535192879, 47.73413417822379 ], [ -122.345294856637096, 47.73413415284881 ], [ -122.345111967730602, 47.734134111161318 ], [ -122.345088978944233, 47.734134129891054 ], [ -122.344929100383666, 47.734134256165852 ], [ -122.344018833915669, 47.73413497273016 ], [ -122.343438671364154, 47.734135425265244 ], [ -122.34308822330145, 47.734135697753061 ], [ -122.342406768515389, 47.734136224603049 ], [ -122.341350000299698, 47.734137036628809 ], [ -122.341047217744205, 47.734137263802687 ], [ -122.340826292372043, 47.734137431162146 ], [ -122.340757417641086, 47.734137484934678 ], [ -122.340493665986202, 47.734137682503487 ], [ -122.340209676186348, 47.73413789638527 ], [ -122.339701549537295, 47.734138277022417 ], [ -122.338644890017747, 47.734139058839013 ], [ -122.338260673385292, 47.734139390536733 ], [ -122.338156320590585, 47.73413947995617 ], [ -122.338089632359029, 47.73413960623045 ], [ -122.338052451987849, 47.734139507144938 ], [ -122.337941741815953, 47.734139576022223 ], [ -122.336996132031487, 47.734140262377572 ], [ -122.335939613547438, 47.734141022443616 ], [ -122.335559680980538, 47.734141291910561 ], [ -122.335347245586121, 47.734141441144558 ], [ -122.334290805255492, 47.734142184897728 ], [ -122.334160626794826, 47.734141183769843 ], [ -122.333762668633426, 47.734138121780575 ], [ -122.33304332201044, 47.734132583857217 ], [ -122.332936621019584, 47.734131763379338 ], [ -122.331962166331323, 47.734124254012109 ], [ -122.331592696442556, 47.734121405297827 ], [ -122.331476700583508, 47.734120509901267 ], [ -122.330243620027318, 47.734110988004495 ], [ -122.329018969261753, 47.734101521086501 ], [ -122.32889469812234, 47.734100559229638 ], [ -122.32877614206474, 47.734099648728176 ], [ -122.328215454988438, 47.734095306475893 ], [ -122.326395682925281, 47.734081195814888 ], [ -122.326192696909303, 47.734079620109085 ], [ -122.326076719914838, 47.734078719274201 ], [ -122.326020748584597, 47.734078284867515 ], [ -122.325976444573215, 47.734077941088124 ], [ -122.325927905005315, 47.734077557432741 ], [ -122.325754413374995, 47.734075938225551 ], [ -122.325713600216773, 47.734075556382649 ], [ -122.325668705113898, 47.734075159435179 ], [ -122.325640992985797, 47.734074915949961 ], [ -122.325610494283666, 47.734074883928464 ], [ -122.325560635090639, 47.73407427128798 ], [ -122.325331781187771, 47.734072549370026 ], [ -122.325262336924951, 47.734072026752784 ], [ -122.325122789035817, 47.734071840061247 ], [ -122.324995666643701, 47.73407001966094 ], [ -122.324943537407876, 47.734069626942798 ], [ -122.324913518406177, 47.734069400978782 ], [ -122.324883536235305, 47.734069165952057 ], [ -122.324738966763775, 47.734068041569699 ], [ -122.324702262499699, 47.734067383011265 ], [ -122.324674430895655, 47.734066633221168 ], [ -122.324536294259772, 47.734066503926961 ], [ -122.324470686701545, 47.734066009706233 ], [ -122.32415903148592, 47.734063657626258 ], [ -122.323718088040067, 47.734060329792477 ], [ -122.323602678780901, 47.73405945856215 ], [ -122.323498362817162, 47.734058666479676 ], [ -122.323011763395357, 47.734054101884418 ], [ -122.322547186172741, 47.73404973666883 ], [ -122.322232378768817, 47.734046774968085 ], [ -122.321732278566728, 47.73404207563911 ], [ -122.321119446983275, 47.734036311136421 ], [ -122.320959688796904, 47.734034807930918 ], [ -122.32081467106606, 47.734033442478975 ], [ -122.320509898742159, 47.734030576238055 ], [ -122.319740808808731, 47.734023338133184 ], [ -122.318130919127853, 47.734008168923019 ], [ -122.316773740807122, 47.733995346354227 ], [ -122.316431180850884, 47.733992113976448 ], [ -122.31545678455312, 47.733982888104535 ], [ -122.313218881760548, 47.733961726594586 ], [ -122.312763452980761, 47.733957412122678 ], [ -122.312644929262504, 47.733956075065095 ], [ -122.312300108246674, 47.733952182916425 ], [ -122.310061501174872, 47.733926893005602 ], [ -122.308710286769283, 47.733911606554173 ], [ -122.308058657847084, 47.733904233094918 ], [ -122.307596854622076, 47.733899005091686 ], [ -122.307561738579352, 47.73389860693451 ], [ -122.30738223901642, 47.7338965690221 ], [ -122.307359252924996, 47.7338963194941 ], [ -122.307336266833545, 47.73389605244482 ], [ -122.306176522042023, 47.733882899962637 ], [ -122.306149646245387, 47.733882594849668 ], [ -122.306092366069805, 47.733881945351726 ], [ -122.306008067265438, 47.73388098892827 ], [ -122.305369337252415, 47.733873742343306 ], [ -122.30498699809884, 47.733869403092129 ], [ -122.304913504230697, 47.733868568109472 ], [ -122.304857664054467, 47.733867934924341 ], [ -122.304587640362314, 47.733864869293221 ], [ -122.304537422741447, 47.733864298943175 ], [ -122.303612668244426, 47.733853795197689 ], [ -122.302953887834249, 47.733846307539309 ], [ -122.302814139620864, 47.733844718533938 ], [ -122.302680660749786, 47.733843200218153 ], [ -122.301954984597231, 47.73383494584791 ], [ -122.301853514496315, 47.733834133823898 ], [ -122.301829638174439, 47.733833942901562 ], [ -122.300599652314418, 47.733824094692444 ], [ -122.300574284789192, 47.733823891082181 ], [ -122.299931395576465, 47.733818739199265 ], [ -122.29924399124819, 47.733813226013318 ], [ -122.297891257791491, 47.733802363977965 ], [ -122.296533608753492, 47.733791458438965 ], [ -122.296304278743605, 47.733789603590864 ], [ -122.296067569073642, 47.733787694366001 ], [ -122.295319670397745, 47.733781670640269 ], [ -122.295199894427981, 47.733780703339839 ], [ -122.295176907438218, 47.733780529334496 ], [ -122.295140244496665, 47.733780225429363 ], [ -122.294705670106111, 47.733776722967775 ], [ -122.29454647336685, 47.733775439074137 ], [ -122.293823405921927, 47.733769605665373 ], [ -122.29333254579079, 47.733765642813815 ], [ -122.292950816593361, 47.73376255905174 ], [ -122.292448307109638, 47.7337584971132 ], [ -122.29232262471686, 47.733757493561228 ], [ -122.291111743327988, 47.733747929909129 ], [ -122.289769849841932, 47.733749091161926 ], [ -122.288458264615059, 47.73374910325294 ], [ -122.288428100086279, 47.733749103253089 ], [ -122.288402277115154, 47.733750257248381 ], [ -122.287928870351692, 47.733750646346785 ], [ -122.28673565702789, 47.733751616675974 ], [ -122.286701300959948, 47.733751643864473 ], [ -122.285723735405909, 47.733751275920667 ], [ -122.285120399913339, 47.733748201825911 ], [ -122.284967239852804, 47.733747483449648 ], [ -122.284818998966728, 47.733748204244343 ], [ -122.284781566168917, 47.733748204848737 ], [ -122.284680141882092, 47.733748268288807 ], [ -122.284563556728244, 47.733748422356904 ], [ -122.284508901429817, 47.733748208475312 ], [ -122.284465371766288, 47.733748207871415 ], [ -122.284387088979344, 47.73374820908019 ], [ -122.284280490396497, 47.733748209080794 ], [ -122.284228982794858, 47.733748211497804 ], [ -122.284140513112689, 47.733748230832276 ], [ -122.284015341861334, 47.733748259833874 ], [ -122.283680458906431, 47.733656551575834 ], [ -122.283546669217841, 47.733619560816834 ], [ -122.283439669086079, 47.733459560857561 ], [ -122.283360669442033, 47.733329561510445 ], [ -122.283039666353162, 47.732965561854172 ], [ -122.282514663946003, 47.732369563536295 ], [ -122.280888658475092, 47.73120856747407 ], [ -122.281318652341582, 47.730030566078227 ], [ -122.2812776460311, 47.728828565910554 ], [ -122.280057635034055, 47.726357569580998 ], [ -122.280020634325282, 47.726306569628214 ], [ -122.279541631046058, 47.725358571365987 ], [ -122.279903624239424, 47.723931570041586 ], [ -122.279729368125459, 47.722506871957933 ], [ -122.279517064761947, 47.720737069345532 ], [ -122.279507945963331, 47.720719704930183 ], [ -122.279450606492958, 47.720227570951756 ], [ -122.27820360384095, 47.719759574236214 ], [ -122.277851799320601, 47.719625614837028 ], [ -122.277924889842041, 47.719367573148467 ], [ -122.278050600077194, 47.718927574048436 ], [ -122.27725758617612, 47.716032575762462 ], [ -122.275327557516377, 47.709938580736413 ], [ -122.274450544849898, 47.70717458304474 ], [ -122.274447537271698, 47.705638583514371 ], [ -122.274175531882932, 47.704561584023686 ], [ -122.273228524299142, 47.702851585817349 ], [ -122.27234051626732, 47.701220587897154 ], [ -122.271438462152261, 47.697480214837967 ], [ -122.271440115950298, 47.697452239076362 ], [ -122.271442307839408, 47.697435716374464 ], [ -122.271431498410621, 47.697352590078843 ], [ -122.271369363734053, 47.696928131681744 ], [ -122.271131489831703, 47.695623590161084 ], [ -122.270341450275964, 47.694657641153881 ], [ -122.270050390730447, 47.694294431808842 ], [ -122.269421480192307, 47.693507594712116 ], [ -122.267588474134484, 47.692348598040205 ], [ -122.266188465916045, 47.690546600721419 ], [ -122.265820463871719, 47.690323601945153 ], [ -122.26546646386781, 47.690108602292739 ], [ -122.263588120750057, 47.690107213930013 ], [ -122.263565566748255, 47.690104273312187 ], [ -122.262228459480369, 47.689639609458851 ], [ -122.255899458215765, 47.689619621816902 ], [ -122.248792445814601, 47.686776636323209 ], [ -122.248587366721964, 47.686607658555474 ], [ -122.248551172700857, 47.686599235837775 ], [ -122.247067439709298, 47.685440638974463 ], [ -122.244948428910476, 47.68263064315164 ], [ -122.244675613235231, 47.681044094890261 ], [ -122.244681672371513, 47.681024269029074 ], [ -122.244687594963992, 47.681008772301873 ], [ -122.244451416184205, 47.679839643670434 ], [ -122.248393387065377, 47.674261637126179 ], [ -122.249954380532401, 47.673061633134949 ], [ -122.250249380081542, 47.672835632527502 ], [ -122.251027251937842, 47.672237567780535 ], [ -122.258712097453369, 47.666361671652162 ], [ -122.259875346561927, 47.665471613629869 ], [ -122.264051339398733, 47.663609605987766 ], [ -122.265395336731871, 47.663002603629224 ], [ -122.266256327889906, 47.661199601582503 ], [ -122.266402690394941, 47.660885991430398 ], [ -122.268243185645318, 47.65693322537205 ], [ -122.268269814404874, 47.656905951533751 ], [ -122.268286308371074, 47.656849597657967 ], [ -122.268370140949131, 47.656797537356354 ], [ -122.26837906481299, 47.65678080209954 ], [ -122.269215874236707, 47.656193843061686 ], [ -122.270767299749124, 47.655112592335584 ], [ -122.271786297391955, 47.654407590579297 ], [ -122.27170129430327, 47.653978591095274 ], [ -122.271152264584032, 47.647337592172136 ], [ -122.27559826496659, 47.647397583780645 ], [ -122.275843112474689, 47.647398647698331 ], [ -122.277033265238586, 47.647417581573656 ], [ -122.277030268465595, 47.647977581039669 ], [ -122.277449267866388, 47.648027581021921 ], [ -122.278509272723284, 47.64895557857691 ], [ -122.279698277452638, 47.649996576475537 ], [ -122.281449285296034, 47.651527572320212 ], [ -122.281760291044478, 47.65275357198982 ], [ -122.281849292533849, 47.653127571852608 ], [ -122.284049297213173, 47.654127567910507 ], [ -122.286568373591578, 47.654515113476563 ], [ -122.286649300120501, 47.654527562898593 ], [ -122.286774299793635, 47.654527562292813 ], [ -122.287015129137444, 47.65452756471192 ], [ -122.288710554602602, 47.654527561071887 ], [ -122.28904930121044, 47.654527558044485 ], [ -122.290027299749724, 47.654312556083681 ], [ -122.292249297864132, 47.653827552054288 ], [ -122.293227077210148, 47.653252410476284 ], [ -122.295649289128164, 47.651827546199023 ], [ -122.296649282904042, 47.650527543926948 ], [ -122.297249280250895, 47.650027543466017 ], [ -122.297149277089105, 47.649227543791653 ], [ -122.298544461322862, 47.648417718937523 ], [ -122.300250269504019, 47.647427537979759 ], [ -122.300276726685141, 47.647382890908084 ], [ -122.300285257086884, 47.647368492894131 ], [ -122.300826268363537, 47.647370536609273 ], [ -122.304465269008659, 47.647355529753057 ], [ -122.30453468003418, 47.647384372383122 ], [ -122.304612788548297, 47.647416829173736 ], [ -122.305185270505973, 47.647565528837688 ], [ -122.307169444145003, 47.6474003238935 ], [ -122.308992269579832, 47.647248521547802 ], [ -122.310450268517968, 47.647127519326958 ], [ -122.312336269774349, 47.647199515125266 ], [ -122.31242527036089, 47.64720351482179 ], [ -122.313050269625037, 47.647227513599084 ], [ -122.313288271074683, 47.647420513503754 ], [ -122.31339527120555, 47.647507513284033 ], [ -122.313441272134966, 47.647544513125801 ], [ -122.313510271732383, 47.647600512721972 ], [ -122.315888282087599, 47.649532507712479 ], [ -122.319952297292161, 47.652833499667047 ], [ -122.320304929159562, 47.652858473134025 ], [ -122.322240299130101, 47.653031494700436 ], [ -122.322356889672932, 47.652956401440314 ], [ -122.322489297751162, 47.652873494715244 ], [ -122.322522644112468, 47.652852872094726 ], [ -122.322641178609601, 47.652779567931823 ], [ -122.323220295517785, 47.652418493550265 ], [ -122.326550286460701, 47.650327487752698 ], [ -122.326983284302784, 47.649909486779713 ], [ -122.327674282782397, 47.649244486451551 ], [ -122.329778272792723, 47.647216482117763 ], [ -122.33140226510605, 47.645652480179692 ], [ -122.332634260482877, 47.644465478280985 ], [ -122.337551238526274, 47.639727470670231 ], [ -122.33835123858772, 47.639527468318363 ], [ -122.338407238664558, 47.639573469452309 ], [ -122.340442246191103, 47.641255465231723 ], [ -122.340936488484175, 47.641663775139463 ], [ -122.34307025769202, 47.643426459341129 ], [ -122.345351331742933, 47.64531070566396 ], [ -122.347053272705821, 47.646716449865984 ], [ -122.347246273948457, 47.646803450213319 ], [ -122.347308823641853, 47.646828565154856 ], [ -122.347378273294922, 47.646856450054685 ] ] ] } },
{ "type": "Feature", "properties": { "DISTRICT": "S", "objectid": 29, "beat": "O1", "sector": "O", "TOTAL": 91753.802568567873, "WHITE": 31592.408860024516, "BLACK": 15938.345374886319, "AMERICAN_INDIAN": 616.76809328262254, "ASIAN": 26658.250978796896, "PACIFIC_ISLANDER": 380.2423903862279, "OTHER": 658.20460412184775, "TWO_OR_MORE": 6529.4046256537385, "HISPANIC": 9380.1776414157066, "WHITE_PCT": 0.344, "BLACK_PCT": 0.174, "AMERICAN_INDIAN_PCT": 0.007, "ASIAN_PCT": 0.291, "PACIFIC_ISLANDER_PCT": 0.004, "OTHER_PCT": 0.007, "TWO_OR_MORE_PCT": 0.071, "HISPANIC_PCT": 0.102 }, "geometry": { "type": "Polygon", "coordinates": [ [ [ -122.25931767159193, 47.52136161292745 ], [ -122.257065665235274, 47.520162616125248 ], [ -122.253105488991721, 47.517066769062268 ], [ -122.252156971351738, 47.516326957904255 ], [ -122.252120933637357, 47.51630405966759 ], [ -122.2520933912906, 47.516286645425062 ], [ -122.252067481182792, 47.516273365870646 ], [ -122.251985432657506, 47.516214324960004 ], [ -122.251958538894343, 47.51619281057004 ], [ -122.251931162735914, 47.516172181355429 ], [ -122.251913144327858, 47.516160731597793 ], [ -122.251885811288531, 47.516141664639598 ], [ -122.251832646294403, 47.516071622766695 ], [ -122.251687804632411, 47.515995300159034 ], [ -122.251645778748269, 47.515966135086721 ], [ -122.251591744185205, 47.515923324509764 ], [ -122.251527649389359, 47.515876396767567 ], [ -122.251509123433067, 47.515861847872763 ], [ -122.251466863088623, 47.51583022858442 ], [ -122.251424403318182, 47.515800626588877 ], [ -122.251371764737229, 47.515768793701497 ], [ -122.251354247589077, 47.515757187324546 ], [ -122.251117643020649, 47.515641623344585 ], [ -122.25008764010127, 47.515021624761403 ], [ -122.248594638300773, 47.51452662803046 ], [ -122.24210549075211, 47.512377523824377 ], [ -122.238383625897129, 47.511144654209218 ], [ -122.235357424476561, 47.509544272944296 ], [ -122.235306619357189, 47.509520661811912 ], [ -122.236245619337936, 47.509528659205337 ], [ -122.236673050325663, 47.509561796817685 ], [ -122.236817580271349, 47.509563720924049 ], [ -122.236931969942702, 47.509565243340575 ], [ -122.236998844125495, 47.509566133490047 ], [ -122.237085336615792, 47.509567847649862 ], [ -122.237134599327504, 47.509568823962439 ], [ -122.237207120320306, 47.509573659410684 ], [ -122.237303400853776, 47.509571532638034 ], [ -122.237355289341124, 47.509572257742704 ], [ -122.237497635482342, 47.509574252842206 ], [ -122.237714308229968, 47.50957728493217 ], [ -122.237915680871694, 47.509580103434736 ], [ -122.238038381756027, 47.509581818807483 ], [ -122.23881056009742, 47.509592658360006 ], [ -122.238833447374191, 47.509592938086406 ], [ -122.238888489846445, 47.509593763309788 ], [ -122.238926536193588, 47.509594334291513 ], [ -122.241128392288942, 47.50962733168604 ], [ -122.242693645581824, 47.509649181275506 ], [ -122.243315368689963, 47.509657853998732 ], [ -122.243387833987128, 47.509658864896096 ], [ -122.243411177607982, 47.509659190130769 ], [ -122.243564408635507, 47.509661326606981 ], [ -122.243823244709134, 47.509664032850175 ], [ -122.243968011810111, 47.509666385340367 ], [ -122.244544721237773, 47.509673489531707 ], [ -122.244881424178402, 47.509679682944942 ], [ -122.244925357185593, 47.509679745443094 ], [ -122.244970433748051, 47.509678766704994 ], [ -122.245110265504778, 47.509680005144439 ], [ -122.24594887875287, 47.509693694119754 ], [ -122.246304152565301, 47.50969949251612 ], [ -122.24660914677311, 47.509703736946527 ], [ -122.246795236376997, 47.509706326686029 ], [ -122.247159316374137, 47.509711391483108 ], [ -122.246998079555866, 47.509297498641047 ], [ -122.24700633507311, 47.509281495883897 ], [ -122.247017806559043, 47.509259260823576 ], [ -122.247023745321101, 47.50923606096373 ], [ -122.247029684981399, 47.509212861700398 ], [ -122.247029691269319, 47.509189315344813 ], [ -122.24702969845562, 47.509165768371894 ], [ -122.247023771371062, 47.509142564830078 ], [ -122.24701784608321, 47.509119363098307 ], [ -122.247006162594403, 47.509097186221069 ], [ -122.246994479105553, 47.509075011761581 ], [ -122.246977376978961, 47.509054510208173 ], [ -122.246960279343995, 47.509034012287565 ], [ -122.246938264331206, 47.509015791637239 ], [ -122.24691624931836, 47.508997571587415 ], [ -122.246889968206261, 47.50898216339241 ], [ -122.246863687094248, 47.508966755799669 ], [ -122.246833910637406, 47.508954613336755 ], [ -122.246804137773907, 47.508942471477873 ], [ -122.246769789790704, 47.508932320493294 ], [ -122.246877091750122, 47.50857320713547 ], [ -122.246950851516658, 47.508332397996554 ], [ -122.24698644905493, 47.508216184166891 ], [ -122.246862343203844, 47.508080595580175 ], [ -122.246705878239311, 47.507909645900533 ], [ -122.246576899926197, 47.507768730003725 ], [ -122.246451120513754, 47.507631307710668 ], [ -122.246398240285671, 47.507573533795288 ], [ -122.246349438409055, 47.50752021620022 ], [ -122.246248192885631, 47.50740959290993 ], [ -122.246196993405462, 47.507353655558276 ], [ -122.24615695818774, 47.507309914999375 ], [ -122.246122646136826, 47.507272428177188 ], [ -122.246110347302164, 47.507258993425694 ], [ -122.24609135691685, 47.50723824722558 ], [ -122.246087530092723, 47.507154970467141 ], [ -122.246083317891291, 47.507063321401027 ], [ -122.246079387760901, 47.506977812509348 ], [ -122.246062933315585, 47.506619972230339 ], [ -122.246062136509721, 47.506602637301086 ], [ -122.246060409048951, 47.506565030430657 ], [ -122.246057884782331, 47.506510089180274 ], [ -122.24605197117134, 47.506381468539146 ], [ -122.246049486430607, 47.506327405771778 ], [ -122.246044224996595, 47.506212976411945 ], [ -122.246052126577339, 47.506172635530838 ], [ -122.246075988524723, 47.506050822617802 ], [ -122.246095487355333, 47.505977224638045 ], [ -122.246120101192915, 47.505884319208178 ], [ -122.246162499875609, 47.505724303463289 ], [ -122.246215613662557, 47.505523836621684 ], [ -122.246226307207195, 47.505483470330873 ], [ -122.246272717765777, 47.50530830138689 ], [ -122.246278743664419, 47.505285556118253 ], [ -122.246290961650004, 47.505239430804707 ], [ -122.246210605549805, 47.505103227694093 ], [ -122.246063621403806, 47.504854082903258 ], [ -122.246054569080542, 47.504838739636988 ], [ -122.246033605096372, 47.504803203852973 ], [ -122.246003551059701, 47.504752259821707 ], [ -122.245908313468249, 47.504590830330621 ], [ -122.245814955152397, 47.504432577159847 ], [ -122.245726944507496, 47.50428340431877 ], [ -122.245662803896778, 47.504174679699098 ], [ -122.245598121601901, 47.504065035482554 ], [ -122.24552783381958, 47.503945891448772 ], [ -122.245501647030267, 47.503900710427324 ], [ -122.245513423044358, 47.50382017618535 ], [ -122.245533857918673, 47.503680427205651 ], [ -122.245554650322447, 47.503538227991989 ], [ -122.245558118717511, 47.503514512813126 ], [ -122.245582529534943, 47.503347570491954 ], [ -122.245594264226497, 47.503267321230204 ], [ -122.245606356447524, 47.50318461832628 ], [ -122.245631316135842, 47.503034029779883 ], [ -122.248037523686449, 47.503072290931684 ], [ -122.248037361091576, 47.503088651200301 ], [ -122.248036257961758, 47.503199744808164 ], [ -122.248033640274187, 47.503463349657167 ], [ -122.248033015945865, 47.503526293016556 ], [ -122.248031680152621, 47.503660743993386 ], [ -122.24803058061606, 47.503771472280924 ], [ -122.248029719132745, 47.503858136980554 ], [ -122.248027759011151, 47.504055532866467 ], [ -122.248015448513499, 47.505295222940042 ], [ -122.248000318192879, 47.505598934699819 ], [ -122.247997585520167, 47.505796327073909 ], [ -122.247994851949144, 47.505993715671579 ], [ -122.247992534297666, 47.506160956022455 ], [ -122.24799115538498, 47.506260469239784 ], [ -122.247999744178074, 47.506320525030105 ], [ -122.248004908593018, 47.506356633231498 ], [ -122.24866643964458, 47.506365887831592 ], [ -122.248688478911802, 47.506372347423806 ], [ -122.248797739202971, 47.506383570545708 ], [ -122.248798449769851, 47.506341272195392 ], [ -122.248799675070984, 47.506267177636978 ], [ -122.248801656753088, 47.506147590159607 ], [ -122.248804026507088, 47.506004756823522 ], [ -122.24880706730211, 47.505821131683241 ], [ -122.24880876871002, 47.505718649035892 ], [ -122.248810109893739, 47.505637508327901 ], [ -122.248812451799964, 47.505496320538988 ], [ -122.248813089603388, 47.505457805058448 ], [ -122.248815815089927, 47.505293324765745 ], [ -122.248818541474847, 47.505128845171335 ], [ -122.24882014676308, 47.50503194283953 ], [ -122.248820826787238, 47.504990819446874 ], [ -122.248823991549713, 47.504799886863751 ], [ -122.24882671793462, 47.504635409971101 ], [ -122.248827583909915, 47.504583079754227 ], [ -122.248829443421215, 47.504470932563073 ], [ -122.248830675010495, 47.504396659987172 ], [ -122.248832168009486, 47.504306452819215 ], [ -122.24883371580556, 47.504213034683076 ], [ -122.248834894394321, 47.504141973166789 ], [ -122.248837619880902, 47.503977495426412 ], [ -122.248839801887158, 47.503845785788947 ], [ -122.248840507064145, 47.503803202602001 ], [ -122.248842844478801, 47.503662162805796 ], [ -122.248846643451373, 47.503433019739212 ], [ -122.248853085265551, 47.50304427595043 ], [ -122.248860513434067, 47.50299846302007 ], [ -122.248057114145055, 47.502983443885178 ], [ -122.246259684979464, 47.502965104020547 ], [ -122.246231497642569, 47.502964815762844 ], [ -122.245652074404433, 47.502958897679349 ], [ -122.24510496985522, 47.502953307298753 ], [ -122.244971231371039, 47.502951940046444 ], [ -122.24483432991866, 47.50294991131792 ], [ -122.24446302117849, 47.502944407716271 ], [ -122.244258188226269, 47.502941371601892 ], [ -122.244160879121694, 47.502939929098559 ], [ -122.244120762157849, 47.502939334376897 ], [ -122.243845422235822, 47.502935251430721 ], [ -122.243717012557838, 47.502933347107607 ], [ -122.243588603778221, 47.502931443391319 ], [ -122.243545013927502, 47.502930796479731 ], [ -122.243504568180228, 47.502930196296234 ], [ -122.24334025104389, 47.502927759757689 ], [ -122.243144956403313, 47.502924862613028 ], [ -122.242960578090091, 47.502921911457676 ], [ -122.242526486993171, 47.502914962314591 ], [ -122.242394480460746, 47.502912849231159 ], [ -122.242269985640831, 47.502911284748457 ], [ -122.24187960656549, 47.502906378899326 ], [ -122.24181173704936, 47.502905525655393 ], [ -122.241397068427119, 47.502900312734958 ], [ -122.241255754450194, 47.502898535851195 ], [ -122.241131224595932, 47.502895227860634 ], [ -122.240985839454083, 47.50289136580718 ], [ -122.240837202410916, 47.502887417579409 ], [ -122.240839532637665, 47.502629971314761 ], [ -122.240841363401785, 47.502427754595239 ], [ -122.240842282377074, 47.502326199289904 ], [ -122.240843120504167, 47.502233672152009 ], [ -122.240843639729675, 47.502176241244356 ], [ -122.240844196684364, 47.50211482132697 ], [ -122.240844993488977, 47.502026806498932 ], [ -122.240845430967966, 47.501978406807126 ], [ -122.240846378689298, 47.50187369308096 ], [ -122.240846981458105, 47.501807132603027 ], [ -122.240847197053455, 47.501783275847814 ], [ -122.240847731550318, 47.501724185863331 ], [ -122.240848839171591, 47.501601922036535 ], [ -122.240849134716925, 47.501569246083243 ], [ -122.240849292820187, 47.50155179660721 ], [ -122.240850023149534, 47.501471004480827 ], [ -122.240851151432551, 47.50138730346886 ], [ -122.240853168148547, 47.501237751777616 ], [ -122.240855198339261, 47.501087221975979 ], [ -122.240857153071602, 47.500942230756159 ], [ -122.240859214703278, 47.500789288957606 ], [ -122.240861305081125, 47.500634310612121 ], [ -122.24086330742405, 47.50048580244291 ], [ -122.240865337614807, 47.500335280802396 ], [ -122.240867277974061, 47.500191399936725 ], [ -122.240869410572643, 47.50003313775111 ], [ -122.240871529696506, 47.49987601180171 ], [ -122.240873598514767, 47.49972263721456 ], [ -122.240874707933159, 47.499640394216627 ], [ -122.240867970567734, 47.499576292485266 ], [ -122.240866120038078, 47.499558684553378 ], [ -122.240891014147508, 47.499256665088971 ], [ -122.241122738167675, 47.499259266874809 ], [ -122.241372641394179, 47.499262073186195 ], [ -122.24147348626768, 47.499263205056977 ], [ -122.241592839130917, 47.499261080900993 ], [ -122.241614898161032, 47.499265289762896 ], [ -122.241749348110972, 47.499269396664396 ], [ -122.24189193230572, 47.499273751181406 ], [ -122.242107025815045, 47.499271809095653 ], [ -122.242331003662528, 47.49927496862319 ], [ -122.242547357508244, 47.499278020728951 ], [ -122.242779057273907, 47.499281288891353 ], [ -122.24300674067193, 47.49928449757725 ], [ -122.243154244939504, 47.499286579854711 ], [ -122.243223843712613, 47.499287558179162 ], [ -122.243455603665382, 47.499290823913327 ], [ -122.243559872018437, 47.499292293827466 ], [ -122.243665013533942, 47.499293776486468 ], [ -122.243863990368837, 47.49929657976179 ], [ -122.244085967668212, 47.499299706515139 ], [ -122.244306754699835, 47.499302816881958 ], [ -122.244532366582803, 47.499305996435297 ], [ -122.244751538443523, 47.499309082525777 ], [ -122.24514739724215, 47.499314656908908 ], [ -122.245191052669853, 47.499315271699324 ], [ -122.245419136716478, 47.49931848159693 ], [ -122.24564642934736, 47.499321681177015 ], [ -122.245727352282927, 47.499322819115662 ], [ -122.245863880934365, 47.499324739956009 ], [ -122.245975000738085, 47.499326305152557 ], [ -122.246101303866709, 47.499328081550445 ], [ -122.246220624390617, 47.499329761451108 ], [ -122.246324487603488, 47.499331221653783 ], [ -122.246466248043092, 47.499333217142592 ], [ -122.246548417840302, 47.499334371467235 ], [ -122.246710657173381, 47.499336653412939 ], [ -122.246778621012652, 47.499337609281085 ], [ -122.247000585735606, 47.499340730569919 ], [ -122.247238474893578, 47.499344077625452 ], [ -122.247468077991314, 47.499347305728307 ], [ -122.247689621404405, 47.499350419733759 ], [ -122.247835021817636, 47.499352463166964 ], [ -122.247922957002189, 47.499353698815838 ], [ -122.248107622776317, 47.499356292707397 ], [ -122.24820288462044, 47.499357627887825 ], [ -122.248472929872179, 47.499361424048423 ], [ -122.248686348921865, 47.499364426383366 ], [ -122.248717292290024, 47.499362969215447 ], [ -122.248828870234576, 47.499366428546836 ], [ -122.248905421069566, 47.499363702350038 ], [ -122.249056831211917, 47.499363819480926 ], [ -122.249656792632081, 47.499347189798215 ], [ -122.25008868287415, 47.500810654249371 ], [ -122.250518532143303, 47.502226501355366 ], [ -122.250571233607687, 47.502377708793134 ], [ -122.250637137611818, 47.502526652800249 ], [ -122.250717985988885, 47.502667629498831 ], [ -122.250749391091801, 47.502722390891755 ], [ -122.250775940800452, 47.502768685303586 ], [ -122.250877482768345, 47.502910819239723 ], [ -122.251020129845088, 47.502905646369513 ], [ -122.251404858517034, 47.502888659155715 ], [ -122.251533505350153, 47.502882907339298 ], [ -122.251569584386743, 47.502881307656963 ], [ -122.251669266840253, 47.502876892751893 ], [ -122.251723993105443, 47.502874468346803 ], [ -122.252003552414195, 47.502862085369998 ], [ -122.252346505832307, 47.502846893841479 ], [ -122.252606605835396, 47.502835371386119 ], [ -122.252841283516062, 47.502824973440539 ], [ -122.253082246708757, 47.502814296943995 ], [ -122.253124582511305, 47.502812422351639 ], [ -122.253335607550582, 47.50280307184314 ], [ -122.253582012737226, 47.502792153811519 ], [ -122.253664338841176, 47.502788505971054 ], [ -122.253726312714079, 47.502783626809894 ], [ -122.253831371584525, 47.502779126329223 ], [ -122.254050388036532, 47.502769744864771 ], [ -122.254186919382889, 47.502763895937477 ], [ -122.254295531988575, 47.502759242526082 ], [ -122.254690868865609, 47.502742305027525 ], [ -122.254961854653345, 47.502730693947342 ], [ -122.255351925606234, 47.502713980371581 ], [ -122.255591585343424, 47.502703709842976 ], [ -122.255836889195592, 47.502693197781234 ], [ -122.256073610543524, 47.502683052262121 ], [ -122.256311440412446, 47.50267285940582 ], [ -122.256549290942658, 47.502662664726884 ], [ -122.256688910696937, 47.502656680457356 ], [ -122.256839931868683, 47.502650208269728 ], [ -122.256863014079897, 47.50264921847706 ], [ -122.257031904539261, 47.502641978607386 ], [ -122.257108894650401, 47.502638677881897 ], [ -122.25723357003163, 47.502633333849694 ], [ -122.257354493149919, 47.502628149421874 ], [ -122.257437895435572, 47.502624574393572 ], [ -122.257599163689761, 47.502617660405818 ], [ -122.257641316236004, 47.502615853168315 ], [ -122.257845901253049, 47.502607082785701 ], [ -122.258048506383261, 47.502598395541888 ], [ -122.258201532594754, 47.50259183474504 ], [ -122.258251045038094, 47.502589711937809 ], [ -122.258453249519675, 47.502581041683257 ], [ -122.258648546855056, 47.502572667576601 ], [ -122.258851539159096, 47.50256396272804 ], [ -122.259048852313953, 47.502555501837207 ], [ -122.259136992314382, 47.502551721077168 ], [ -122.259395669386052, 47.502540627609555 ], [ -122.259517114425549, 47.502535419504909 ], [ -122.25951799836723, 47.502491558412736 ], [ -122.259518787087629, 47.502452579510333 ], [ -122.259519860573761, 47.502399517665339 ], [ -122.259526739868065, 47.502059072427421 ], [ -122.259538818608149, 47.501461344124351 ], [ -122.259541287177058, 47.501339162827655 ], [ -122.259541807301289, 47.501313425752315 ], [ -122.259543637168406, 47.501220799121946 ], [ -122.259545184964679, 47.501142409123332 ], [ -122.259546270128894, 47.501087447025284 ], [ -122.259549240855691, 47.50093702360401 ], [ -122.259551783086408, 47.500808291598943 ], [ -122.25955306049002, 47.500745182942559 ], [ -122.259564876922141, 47.500161988683345 ], [ -122.25956838394292, 47.499985937159487 ], [ -122.259572347307525, 47.499786999022099 ], [ -122.259586410424802, 47.499081166349669 ], [ -122.259589739579198, 47.498915630696338 ], [ -122.259597128217962, 47.498548153566716 ], [ -122.259616595596768, 47.497580229739199 ], [ -122.259619811563581, 47.497420344054035 ], [ -122.259621091662041, 47.497353369470467 ], [ -122.259623027530409, 47.49726397076185 ], [ -122.259648007867895, 47.496112039448008 ], [ -122.2596502096374, 47.496010558717956 ], [ -122.259650547403737, 47.49599505081413 ], [ -122.259652204794037, 47.495877562407529 ], [ -122.259655147672461, 47.495669025073177 ], [ -122.259655740559936, 47.49562691109751 ], [ -122.264069806731342, 47.495581633064241 ], [ -122.264218942339411, 47.49558009992267 ], [ -122.264282560129303, 47.495578600770372 ], [ -122.264344597782667, 47.495578856293527 ], [ -122.264873195240298, 47.495573472696016 ], [ -122.264983807495895, 47.495572345600067 ], [ -122.26557508849551, 47.495566274333797 ], [ -122.266283474773644, 47.495558997674642 ], [ -122.266870026143394, 47.495552967679018 ], [ -122.266926775414717, 47.495553408927329 ], [ -122.267055601910926, 47.49555776921499 ], [ -122.267787275215966, 47.495543533936114 ], [ -122.267861923419261, 47.495543019853713 ], [ -122.26807669084009, 47.495541539514797 ], [ -122.268165727359261, 47.49554092650029 ], [ -122.268373221121252, 47.495539495930842 ], [ -122.268412114579675, 47.495539227661141 ], [ -122.268443719107921, 47.495538924795625 ], [ -122.268500089290129, 47.495538385221579 ], [ -122.268705248330733, 47.495536422361603 ], [ -122.268887748266707, 47.495534676180988 ], [ -122.269222111095914, 47.495531476366985 ], [ -122.269253721912349, 47.495531174108358 ], [ -122.269437247724341, 47.495529417002501 ], [ -122.269496547312698, 47.495528898064471 ], [ -122.269599681991807, 47.495527994323254 ], [ -122.269635431346785, 47.495527681746523 ], [ -122.270099423766069, 47.495523618248995 ], [ -122.27016433243503, 47.495523049541404 ], [ -122.270312470913126, 47.495521752499656 ], [ -122.270311330053701, 47.495601512265416 ], [ -122.270310883591378, 47.49563269885202 ], [ -122.27031055660494, 47.495655561801314 ], [ -122.270310068820109, 47.495689684745294 ], [ -122.270309805613948, 47.495708041121027 ], [ -122.270309195658385, 47.495750767436235 ], [ -122.270308154511881, 47.495823520931395 ], [ -122.270307735897276, 47.495852833152554 ], [ -122.270307227451255, 47.495888337971955 ], [ -122.270306516884474, 47.495938022707527 ], [ -122.270305611383407, 47.496001328328035 ], [ -122.270305093954263, 47.496037494003389 ], [ -122.270304837934646, 47.496055423579769 ], [ -122.270303843500429, 47.496124939853587 ], [ -122.270302941592675, 47.496187979410301 ], [ -122.270302439434829, 47.496223105881569 ], [ -122.27030207471914, 47.496248555943644 ], [ -122.270301495306299, 47.496289083497246 ], [ -122.270300649992478, 47.496360008158078 ], [ -122.270300213411673, 47.496396626359648 ], [ -122.270299997816224, 47.496414708153914 ], [ -122.270299021348507, 47.496496590223714 ], [ -122.270298067338643, 47.496576560935125 ], [ -122.270296527627764, 47.496705753658993 ], [ -122.270295692195404, 47.49677578617645 ], [ -122.270293204762908, 47.496984382235858 ], [ -122.27029292628545, 47.497007699792313 ], [ -122.270292600197294, 47.497035071612899 ], [ -122.27029224356653, 47.497064917253375 ], [ -122.270291793511021, 47.497102648066587 ], [ -122.270288269422949, 47.497334583908867 ], [ -122.270287875062877, 47.497360554172595 ], [ -122.270287250734256, 47.497401673224765 ], [ -122.270284861217519, 47.497558829642152 ], [ -122.270284424636628, 47.497587591631138 ], [ -122.270283874868127, 47.497623792629163 ], [ -122.270282804975537, 47.497703174732628 ], [ -122.270275141454789, 47.498272193935506 ], [ -122.270274620432346, 47.498310892513572 ], [ -122.270266408939676, 47.498920545358139 ], [ -122.270264289815856, 47.499077945452939 ], [ -122.270262872275609, 47.499183176981063 ], [ -122.270262570441943, 47.4992055868492 ], [ -122.27024978113873, 47.500155054285678 ], [ -122.270249128962377, 47.500203525450885 ], [ -122.270248180341667, 47.500219028470397 ], [ -122.270246923599245, 47.50027531085604 ], [ -122.270246706207161, 47.500291096664924 ], [ -122.270511350788254, 47.500364081161159 ], [ -122.270695657236814, 47.500409539539056 ], [ -122.270770135663341, 47.500814026587186 ], [ -122.27071100046652, 47.500800442710251 ], [ -122.270884136373084, 47.501556466344582 ], [ -122.270608647329908, 47.501487961642809 ], [ -122.27035226455456, 47.501425721638249 ], [ -122.270231571404636, 47.501401779747631 ], [ -122.270231291130855, 47.501448978356052 ], [ -122.270230348798293, 47.50146448222155 ], [ -122.27023039101968, 47.501512219679022 ], [ -122.270230451208803, 47.501677131775743 ], [ -122.270235354216609, 47.501925390442537 ], [ -122.270223705762533, 47.50194128438514 ], [ -122.270219812467474, 47.502220698988076 ], [ -122.270218904274799, 47.502559862089214 ], [ -122.270214908569145, 47.502618860103681 ], [ -122.270214015643958, 47.502636628434693 ], [ -122.270211413224786, 47.502653115066458 ], [ -122.27021231243927, 47.502726665516555 ], [ -122.270201425762465, 47.503230062596671 ], [ -122.270204810615326, 47.503302748077203 ], [ -122.270195875976469, 47.503712856541107 ], [ -122.270193207083224, 47.503835352122643 ], [ -122.270179108032679, 47.504482401137942 ], [ -122.270170073681001, 47.504903228039694 ], [ -122.270170387193488, 47.504943416973688 ], [ -122.270171112135031, 47.505035066707109 ], [ -122.2701687298038, 47.505108588939798 ], [ -122.270156872949499, 47.505865323629244 ], [ -122.270153233877068, 47.506097583641967 ], [ -122.270157232279047, 47.506152999858848 ], [ -122.270151942998908, 47.506169695953353 ], [ -122.270147761346323, 47.506588550523524 ], [ -122.270139006370414, 47.506991153750739 ], [ -122.270138108055647, 47.507032456406172 ], [ -122.270108628955114, 47.50817036530681 ], [ -122.27009934936568, 47.508790310740423 ], [ -122.270086531311591, 47.509342390914497 ], [ -122.270082724253854, 47.509544332823722 ], [ -122.270082480810601, 47.50955984097299 ], [ -122.270080769521357, 47.509669152725209 ], [ -122.270103643323324, 47.509669728560432 ], [ -122.270202142695652, 47.509671909331587 ], [ -122.270242491424881, 47.509672824357402 ], [ -122.270671083035666, 47.509682555303954 ], [ -122.270816310972322, 47.509685853158203 ], [ -122.271211857157226, 47.509694830480704 ], [ -122.271431896790531, 47.509699825499851 ], [ -122.271572663693533, 47.509701915859146 ], [ -122.271717887138607, 47.509706316232865 ], [ -122.272268003739043, 47.509718799529743 ], [ -122.272753288027289, 47.509729808347309 ], [ -122.272810224148159, 47.509731099575973 ], [ -122.272978395057123, 47.509734913190464 ], [ -122.273156834608073, 47.509738959808196 ], [ -122.273222502353491, 47.509740452487712 ], [ -122.273467458557761, 47.509746005133486 ], [ -122.273647652518491, 47.509750093011512 ], [ -122.27370957249255, 47.509751495280419 ], [ -122.274008882161269, 47.50975828272248 ], [ -122.274079653235802, 47.509759906465881 ], [ -122.274170670540116, 47.509761950707784 ], [ -122.274413339633767, 47.50976745116823 ], [ -122.274653285035356, 47.509772889736603 ], [ -122.274898686804079, 47.509778453301053 ], [ -122.275141360389242, 47.509783951939468 ], [ -122.275426314081429, 47.509790346790837 ], [ -122.275428629038061, 47.509640621834492 ], [ -122.275431387762154, 47.509462181637467 ], [ -122.275436360831705, 47.509139723087827 ], [ -122.275439474390041, 47.508937656443486 ], [ -122.275441330307942, 47.508817267411416 ], [ -122.275443771028662, 47.508658975404664 ], [ -122.275446304275789, 47.508494807933495 ], [ -122.275451273752054, 47.508172350115309 ], [ -122.275456247719873, 47.50784989335007 ], [ -122.275461216297785, 47.507527437637783 ], [ -122.275465359323306, 47.507150475660644 ], [ -122.275468294118383, 47.507067886280126 ], [ -122.275516939686028, 47.506947591869498 ], [ -122.275559770460447, 47.506955822676019 ], [ -122.275610183015857, 47.506966557796275 ], [ -122.275636834233723, 47.506973044621063 ], [ -122.275667319461192, 47.506980464722375 ], [ -122.275723716593077, 47.506995678718162 ], [ -122.27578637677918, 47.50701449049749 ], [ -122.27584460916917, 47.507033678493386 ], [ -122.275883733494766, 47.507047871816866 ], [ -122.275915383837258, 47.507060087538221 ], [ -122.275965710154509, 47.507079510960232 ], [ -122.27608514386678, 47.507133560816087 ], [ -122.276136338855039, 47.50716024044813 ], [ -122.276155575378539, 47.507170265558955 ], [ -122.276180213471974, 47.50718445520473 ], [ -122.276228677581727, 47.507212365420884 ], [ -122.276272030277553, 47.507239582039169 ], [ -122.276307296339155, 47.507262195390147 ], [ -122.276348438281033, 47.507288577013782 ], [ -122.276389582917886, 47.507314959837807 ], [ -122.27643072575809, 47.507341342041762 ], [ -122.27647186770001, 47.507367723625585 ], [ -122.276513014133471, 47.507394107623412 ], [ -122.276554158770281, 47.50742049100122 ], [ -122.276595301610527, 47.507446873152091 ], [ -122.276636444450745, 47.507473254682921 ], [ -122.276677586392594, 47.507499635593703 ], [ -122.276718730131165, 47.507526017704819 ], [ -122.276759872073015, 47.507552399195852 ], [ -122.276809828284556, 47.507584432458728 ], [ -122.276842296992342, 47.507605057767677 ], [ -122.276883615004053, 47.507631305115169 ], [ -122.276924937507303, 47.507657555483505 ], [ -122.276945545758338, 47.507670646074907 ], [ -122.276966631014787, 47.507683469062414 ], [ -122.276996761407858, 47.507701793331847 ], [ -122.277036982576561, 47.507724774813475 ], [ -122.277071908176595, 47.507743539607795 ], [ -122.277110704617215, 47.50776334991744 ], [ -122.277150281693849, 47.507782448439599 ], [ -122.27718043005315, 47.50779628172652 ], [ -122.277211225199451, 47.507809535513232 ], [ -122.277239086448006, 47.507820696434436 ], [ -122.277287875747831, 47.507840243362672 ], [ -122.27731560584246, 47.507851352699149 ], [ -122.277338952158388, 47.507859278142554 ], [ -122.277404102474435, 47.507881395469227 ], [ -122.277444315558199, 47.507894288187302 ], [ -122.277500155734558, 47.507910357508464 ], [ -122.277560652777424, 47.507926066384591 ], [ -122.277598959636038, 47.507934888668942 ], [ -122.277625865077141, 47.507941085929858 ], [ -122.277653002283515, 47.507946607213604 ], [ -122.277687909018823, 47.507953709820349 ], [ -122.277750447033938, 47.507964817919067 ], [ -122.277817606881101, 47.507974926007641 ], [ -122.277881316299258, 47.507982849611743 ], [ -122.277941579779977, 47.507988871501446 ], [ -122.278001930397309, 47.507993508671511 ], [ -122.278066199465854, 47.507996914035992 ], [ -122.278126838442333, 47.507998429216684 ], [ -122.278163280398346, 47.507998604581815 ], [ -122.278211846915738, 47.507998837592972 ], [ -122.278258751549814, 47.507998562712061 ], [ -122.278345640197131, 47.507997384911732 ], [ -122.278358186968319, 47.5081369694852 ], [ -122.278397614928309, 47.508466652023877 ], [ -122.278409914675308, 47.509642739485585 ], [ -122.278419592228374, 47.509853917844794 ], [ -122.278577660683752, 47.509862595391034 ], [ -122.278617395863648, 47.509863493423723 ], [ -122.278657808373225, 47.50986440662583 ], [ -122.280773825952039, 47.50991219164991 ], [ -122.281290735429778, 47.509923858781256 ], [ -122.282476569093902, 47.509950615869847 ], [ -122.282535491389822, 47.509951944713251 ], [ -122.282617816595518, 47.509953801453328 ], [ -122.28279618068801, 47.509957824996668 ], [ -122.28298050330568, 47.509961982030873 ], [ -122.283218761671279, 47.509967355047046 ], [ -122.283378126395505, 47.509970993285641 ], [ -122.283630831467434, 47.509976764347002 ], [ -122.28391740482212, 47.509983307835434 ], [ -122.284437065839555, 47.50999517033322 ], [ -122.284685833595603, 47.510000847948234 ], [ -122.284898087530422, 47.510005691850765 ], [ -122.285117844194374, 47.51001070686398 ], [ -122.285189422854344, 47.51001234030803 ], [ -122.285337592773544, 47.510015721270008 ], [ -122.285553791210759, 47.510020654974184 ], [ -122.285770584332624, 47.510026012208286 ], [ -122.285887875562324, 47.510028910174974 ], [ -122.285940748603196, 47.51003021656571 ], [ -122.285986724379356, 47.510031353058892 ], [ -122.28606392110305, 47.510033260158686 ], [ -122.286125152069289, 47.510034772853402 ], [ -122.286150542950807, 47.510035459118036 ], [ -122.286226714696753, 47.510037518518686 ], [ -122.28654595259168, 47.510043375127907 ], [ -122.287517530874553, 47.510061194336807 ], [ -122.287575653669862, 47.510062259836353 ], [ -122.289859105539207, 47.510118787109164 ], [ -122.290064463107583, 47.510123868250304 ], [ -122.290269838642217, 47.510128565301734 ], [ -122.291352872698795, 47.510153331455712 ], [ -122.291346913281799, 47.510702714765507 ], [ -122.29134816912827, 47.510845547452782 ], [ -122.291351466848198, 47.51122079184259 ], [ -122.291344079108356, 47.511638692327011 ], [ -122.291343085572464, 47.511704618412338 ], [ -122.291342263614638, 47.511759127068395 ], [ -122.291336669809866, 47.512130126151447 ], [ -122.291335416661028, 47.512213259710499 ], [ -122.291331292498896, 47.512486823368185 ], [ -122.291324441053717, 47.512941200298194 ], [ -122.291319461696062, 47.513271477601194 ], [ -122.291318851740485, 47.513311917992105 ], [ -122.291317183570342, 47.513422491831754 ], [ -122.291316482885776, 47.513535686540266 ], [ -122.291316087627806, 47.51359956250932 ], [ -122.291315967253809, 47.513619096971077 ], [ -122.291315687878296, 47.5136643151328 ], [ -122.291315587267221, 47.51368056349461 ], [ -122.291315432757273, 47.513705440224307 ], [ -122.291315147991853, 47.513751561738559 ], [ -122.291314558698204, 47.513846898983509 ], [ -122.291314275729448, 47.513892563503951 ], [ -122.291312923767578, 47.51411120149556 ], [ -122.291308059399768, 47.514897593964527 ], [ -122.291307276070398, 47.51502409752139 ], [ -122.291304821877816, 47.515420682957725 ], [ -122.291301488236272, 47.515959446513307 ], [ -122.291283709685516, 47.516537041962145 ], [ -122.291279765187454, 47.516894712702452 ], [ -122.29127869619343, 47.516991540350716 ], [ -122.291284582864932, 47.517943544194644 ], [ -122.291286898726227, 47.518317841762858 ], [ -122.291285827038223, 47.518491059889037 ], [ -122.291285638392353, 47.518521577665432 ], [ -122.291285148811525, 47.518600729785447 ], [ -122.29128478229957, 47.518659913007227 ], [ -122.29128379774788, 47.518819040575664 ], [ -122.29128332254011, 47.518895823789478 ], [ -122.291282348768206, 47.5190532786524 ], [ -122.291279632263866, 47.519142297486439 ], [ -122.291285730926518, 47.519159647687417 ], [ -122.291281805289202, 47.519196797203492 ], [ -122.291281855595344, 47.519236791371824 ], [ -122.291281893324964, 47.519266566756762 ], [ -122.291281985852294, 47.519338665221206 ], [ -122.291282039751721, 47.519380959770068 ], [ -122.291282195161713, 47.519503745779772 ], [ -122.291282401776201, 47.519666482876247 ], [ -122.291282485320366, 47.519731910511197 ], [ -122.29128277997053, 47.51996420258682 ], [ -122.291283001856542, 47.520138884001916 ], [ -122.291283066535811, 47.520190351205997 ], [ -122.291283524680949, 47.520550313859943 ], [ -122.291283648649681, 47.520647962845132 ], [ -122.291283998097612, 47.520922850529807 ], [ -122.291283187818181, 47.521003669135119 ], [ -122.291284206508749, 47.521087318241278 ], [ -122.291284229865184, 47.521106160762315 ], [ -122.291284529006973, 47.521341763895194 ], [ -122.291284609856135, 47.521405283360764 ], [ -122.291284714061689, 47.521487528050933 ], [ -122.291284811979011, 47.521564526964553 ], [ -122.291285127290678, 47.52181309498804 ], [ -122.291285177596777, 47.521853475411788 ], [ -122.291285683353053, 47.522251470616197 ], [ -122.291285735455887, 47.522292596863892 ], [ -122.291285787558664, 47.522333723079377 ], [ -122.291286336434496, 47.52276488395561 ], [ -122.291286518794209, 47.522908571915586 ], [ -122.291286566405361, 47.522945644768519 ], [ -122.291286889801952, 47.523200413233219 ], [ -122.291286941904758, 47.523241534490658 ], [ -122.291286994007507, 47.52328266056881 ], [ -122.291287263504657, 47.523494845627035 ], [ -122.29128818877173, 47.523689781221968 ], [ -122.291288405266314, 47.523735392893379 ], [ -122.291290271970183, 47.524128628279122 ], [ -122.291284353870466, 47.524240934255893 ], [ -122.291290412109248, 47.524286282178366 ], [ -122.291507472030787, 47.524290517543442 ], [ -122.291657468224969, 47.524293674352286 ], [ -122.29230438009364, 47.52430660125161 ], [ -122.292551338642681, 47.524311534218661 ], [ -122.29274013846377, 47.524315305523835 ], [ -122.292837244549077, 47.524317245468062 ], [ -122.29299069386721, 47.52432031067687 ], [ -122.293047930025367, 47.524321453533162 ], [ -122.293206338942127, 47.524322840853507 ], [ -122.293338962617057, 47.524325878157903 ], [ -122.293414200115166, 47.524326584253593 ], [ -122.293478776407511, 47.52432719025839 ], [ -122.2936073765283, 47.524328252434799 ], [ -122.293675509250804, 47.524329198748745 ], [ -122.293735575102161, 47.524329906057666 ], [ -122.293835932190404, 47.524328122012044 ], [ -122.293987872338846, 47.524332875420527 ], [ -122.295339640106803, 47.524358169294075 ], [ -122.295543812797305, 47.524361987911504 ], [ -122.296692858653984, 47.524383474074448 ], [ -122.296905745002704, 47.524387453441911 ], [ -122.297432221538202, 47.524397292669271 ], [ -122.298911953419662, 47.52442493591402 ], [ -122.299929927890162, 47.524443941622081 ], [ -122.30077168434353, 47.524459650397823 ], [ -122.300988134308881, 47.52445900011049 ], [ -122.301301916735142, 47.524469542386662 ], [ -122.301384534791595, 47.524467670387416 ], [ -122.301300914215531, 47.524489037618437 ], [ -122.301218092241768, 47.524511787303965 ], [ -122.3011361173794, 47.524535907310153 ], [ -122.301055041730606, 47.524561377616983 ], [ -122.30097490751622, 47.524588187303543 ], [ -122.300895769533525, 47.524616316956262 ], [ -122.300817676291544, 47.524645752014486 ], [ -122.300740666417752, 47.524676478523944 ], [ -122.300664791116162, 47.524708471004992 ], [ -122.300590099794192, 47.524741711256993 ], [ -122.300516628384358, 47.524776184112454 ], [ -122.300444430785646, 47.524811865304692 ], [ -122.300373544727194, 47.524848732993497 ], [ -122.300304012429919, 47.524886766551653 ], [ -122.300285824240547, 47.524897224425629 ], [ -122.300235876114584, 47.524925943532374 ], [ -122.300169178002065, 47.524966240275447 ], [ -122.300103957618191, 47.525007630087785 ], [ -122.300040256285442, 47.525050089915851 ], [ -122.299978107241557, 47.525093596706 ], [ -122.299942896876061, 47.525120071882313 ], [ -122.299907689205526, 47.525146545831994 ], [ -122.299875882556719, 47.525174928744676 ], [ -122.29984407500956, 47.525203312248578 ], [ -122.299815894859577, 47.525233398466874 ], [ -122.299787712912931, 47.525263488307516 ], [ -122.299763357789402, 47.52529507158151 ], [ -122.299739002665902, 47.525326656049629 ], [ -122.29971864324871, 47.525359511325334 ], [ -122.299698283831589, 47.525392367793657 ], [ -122.299681834780884, 47.525426216030802 ], [ -122.299668795734874, 47.52545418691151 ], [ -122.299652798536854, 47.525494688278719 ], [ -122.299642992527666, 47.525529696871509 ], [ -122.299633187416774, 47.525564705440893 ], [ -122.299627752609751, 47.525600147097201 ], [ -122.299622316904447, 47.525635589336147 ], [ -122.299621288333825, 47.525671214136558 ], [ -122.29962026155988, 47.525706838912811 ], [ -122.299623645514018, 47.525742398152566 ], [ -122.299627030366381, 47.525777957974753 ], [ -122.299634935541462, 47.525827579239312 ], [ -122.299644832281558, 47.525877037889792 ], [ -122.299656708010133, 47.525926295104682 ], [ -122.299670560032425, 47.525975315702162 ], [ -122.299686371280274, 47.526024065107144 ], [ -122.299704132770572, 47.526072503285299 ], [ -122.299723837316819, 47.526120595055332 ], [ -122.299745460664582, 47.52616830644898 ], [ -122.299986509202753, 47.526617694026861 ], [ -122.300023734490622, 47.526695130643333 ], [ -122.300058984383227, 47.526772989327533 ], [ -122.300092248100697, 47.526851243388066 ], [ -122.300123521151576, 47.526929877658517 ], [ -122.300152785569438, 47.527008864234517 ], [ -122.300180036862784, 47.527088177638042 ], [ -122.300204855518231, 47.527161740553453 ], [ -122.300227821847656, 47.527235579358738 ], [ -122.30024893854582, 47.527309669183055 ], [ -122.300268192138191, 47.527383994254372 ], [ -122.300285576336407, 47.527458527275805 ], [ -122.300301087547282, 47.527533247016336 ], [ -122.300316684996517, 47.5276126312027 ], [ -122.300334512064182, 47.527691801148762 ], [ -122.300354575038696, 47.527770725920242 ], [ -122.300376853258555, 47.527849377009453 ], [ -122.300401348520609, 47.527927722875894 ], [ -122.300428045553389, 47.52800573865165 ], [ -122.300456938068749, 47.528083397042685 ], [ -122.300488018880102, 47.528160665295857 ], [ -122.300521270919475, 47.52823751915021 ], [ -122.300556678915513, 47.528313928279374 ], [ -122.30059424107165, 47.528389864783236 ], [ -122.300633934031538, 47.528465299548849 ], [ -122.300675749710507, 47.528540210742023 ], [ -122.300719667447225, 47.528614565610724 ], [ -122.300765673766946, 47.528688339894863 ], [ -122.300813753398302, 47.528761505695002 ], [ -122.300863882985141, 47.528834036325208 ], [ -122.300916051747663, 47.528905904492852 ], [ -122.300970240821286, 47.528977086544948 ], [ -122.30102642145981, 47.529047553369594 ], [ -122.301084582883547, 47.529117279494223 ], [ -122.301144696346412, 47.529186242479277 ], [ -122.301189325548492, 47.529231772338697 ], [ -122.301235642684887, 47.529276520916312 ], [ -122.301283619908006, 47.529320460919308 ], [ -122.301333225776659, 47.529363563235108 ], [ -122.301384430646522, 47.529405799964316 ], [ -122.301437197686667, 47.529447141994581 ], [ -122.301491492761059, 47.529487567492026 ], [ -122.301547283530454, 47.529527049770557 ], [ -122.301604536757054, 47.5295655585048 ], [ -122.301663209321774, 47.529603073074028 ], [ -122.30172326888534, 47.529639568005422 ], [ -122.301784675921795, 47.529675021465223 ], [ -122.301847388210319, 47.529709409193586 ], [ -122.301911365326731, 47.52974270996345 ], [ -122.301976572236768, 47.529774901940982 ], [ -122.302042956838179, 47.529805963292588 ], [ -122.302110486791477, 47.529835877643521 ], [ -122.302179114486123, 47.529864620733697 ], [ -122.302248793209557, 47.529892178614602 ], [ -122.302329921859652, 47.529924779313006 ], [ -122.302411884146352, 47.529956513236037 ], [ -122.302494663899893, 47.529987263928355 ], [ -122.302578226984366, 47.530017022293436 ], [ -122.302662550941932, 47.530045781660974 ], [ -122.302747616907794, 47.530073529901841 ], [ -122.302840535047579, 47.530098654214335 ], [ -122.302932683331122, 47.530125051652099 ], [ -122.30302401774108, 47.530152713721698 ], [ -122.303114504141448, 47.530181625863904 ], [ -122.30320410300628, 47.530211777159039 ], [ -122.30329278109798, 47.530243157900117 ], [ -122.30338049799235, 47.530275749888752 ], [ -122.303467216858479, 47.530309544024483 ], [ -122.303552907153602, 47.530344525141501 ], [ -122.303637525758617, 47.530380679893426 ], [ -122.303721043927382, 47.530417989475076 ], [ -122.303803423930788, 47.530456443572852 ], [ -122.30388463432763, 47.530496023987979 ], [ -122.303964640982073, 47.530536713128207 ], [ -122.304043407063091, 47.530578495827584 ], [ -122.304120903824639, 47.530621353280644 ], [ -122.304197098927347, 47.530665269714888 ], [ -122.304271960031855, 47.53071022329226 ], [ -122.304326129342002, 47.530739915134689 ], [ -122.304378915246659, 47.530770728447685 ], [ -122.304430261151893, 47.53080263593511 ], [ -122.304480127531903, 47.530835604235371 ], [ -122.304528460487717, 47.530869604232834 ], [ -122.304575214205244, 47.530904603172537 ], [ -122.304620342870479, 47.530940564660398 ], [ -122.304663806059182, 47.530977457154584 ], [ -122.304705557058995, 47.531015244261035 ], [ -122.304745564428828, 47.531053887766262 ], [ -122.30478377876139, 47.531093353702452 ], [ -122.304820175802135, 47.531133603856112 ], [ -122.30483901527046, 47.531155967937167 ], [ -122.304854709737, 47.531174596981359 ], [ -122.304887349124925, 47.531216293651731 ], [ -122.304918067914826, 47.531258657473728 ], [ -122.30494683286895, 47.531301646595026 ], [ -122.304973618834566, 47.531345215524404 ], [ -122.304998398862111, 47.531389328475036 ], [ -122.305021145103908, 47.531433939349348 ], [ -122.305041843186856, 47.531479005082502 ], [ -122.305060467958128, 47.531524483216323 ], [ -122.30507700234979, 47.531570332505865 ], [ -122.305091431090375, 47.531616506247531 ], [ -122.305103740705263, 47.531662960770497 ], [ -122.305113917719623, 47.531709648764952 ], [ -122.305543685225075, 47.531715767400257 ], [ -122.307148849767515, 47.531728238177074 ], [ -122.307800789506757, 47.531733277192551 ], [ -122.308442769624406, 47.531738235539564 ], [ -122.308504356323482, 47.53173871105566 ], [ -122.308598098218098, 47.531739435247182 ], [ -122.308936842130976, 47.531742049372426 ], [ -122.309004535577344, 47.531742571590925 ], [ -122.309317496045082, 47.531745087458972 ], [ -122.309411427484164, 47.531745842583248 ], [ -122.30975885181762, 47.531748633207101 ], [ -122.31140415757848, 47.531763938270807 ], [ -122.311963022871325, 47.53176913134088 ], [ -122.313151855111656, 47.531780168887408 ], [ -122.313297772954456, 47.531781523258196 ], [ -122.313349327268497, 47.531787807468625 ], [ -122.313576669306713, 47.531788014292516 ], [ -122.313604090380736, 47.531788652963698 ], [ -122.313671272685681, 47.531790215979413 ], [ -122.313768359008051, 47.531792475892587 ], [ -122.313868452889977, 47.53178648827285 ], [ -122.313963021234571, 47.531787379258226 ], [ -122.314000342641251, 47.531787731042819 ], [ -122.314070941239265, 47.531788395187796 ], [ -122.314172186761368, 47.531789348645233 ], [ -122.3142544814243, 47.531790122571287 ], [ -122.314280990708255, 47.531790371246572 ], [ -122.314351639611914, 47.531791036604517 ], [ -122.314374675110685, 47.531791253740494 ], [ -122.314448790612971, 47.531791951850913 ], [ -122.314493122472143, 47.531792368533537 ], [ -122.314545945207328, 47.531792865884121 ], [ -122.314577163459987, 47.531793159442238 ], [ -122.314643099801643, 47.531793778704326 ], [ -122.314678408083822, 47.531794109866986 ], [ -122.314740250802728, 47.531794692737549 ], [ -122.314779653605967, 47.531795063324317 ], [ -122.314861694943986, 47.531795851200357 ], [ -122.314901077984246, 47.531796230278481 ], [ -122.314983141780175, 47.531797016941411 ], [ -122.315022506854149, 47.531797394199977 ], [ -122.315084341488216, 47.531797946744227 ], [ -122.315123685900915, 47.531798297922187 ], [ -122.315185545687839, 47.531798879579611 ], [ -122.315224864947695, 47.531799248953334 ], [ -122.315286747192559, 47.531799830004275 ], [ -122.315326043994517, 47.531800199377969 ], [ -122.315387951392125, 47.531800782248467 ], [ -122.315427224837947, 47.531801152835236 ], [ -122.315489151998548, 47.531801734492653 ], [ -122.315528403884741, 47.531802103259814 ], [ -122.315590356198115, 47.531802686130298 ], [ -122.315629580236575, 47.531803054290933 ], [ -122.315691556804495, 47.531803635948336 ], [ -122.315730759283397, 47.531804004715497 ], [ -122.315792761004147, 47.531804586372857 ], [ -122.31583193833022, 47.531804953926951 ], [ -122.315893961610527, 47.531805538010438 ], [ -122.315933119173607, 47.531805906777578 ], [ -122.315995167606772, 47.531806490254553 ], [ -122.316034298220458, 47.531806857202085 ], [ -122.316096368213124, 47.531807440072534 ], [ -122.316135477267224, 47.531807807626599 ], [ -122.316197570616197, 47.531808389890465 ], [ -122.316236658110682, 47.531808756837968 ], [ -122.31629877301917, 47.531809340314915 ], [ -122.316337832665909, 47.53180970665597 ], [ -122.316399977218765, 47.531810290132825 ], [ -122.316439013509338, 47.531810656473851 ], [ -122.316501177825117, 47.531811242376826 ], [ -122.316540192556104, 47.531811609324372 ], [ -122.316622622864685, 47.531812380823951 ], [ -122.316661608849614, 47.531812745951889 ], [ -122.316886717676013, 47.5318148609039 ], [ -122.316923581840186, 47.531815207229528 ], [ -122.317041465958013, 47.531816314743786 ], [ -122.318027296911026, 47.531826748789243 ], [ -122.318056490360973, 47.531823442621096 ], [ -122.318484532202817, 47.531828980798686 ], [ -122.318494975117787, 47.531815178107657 ], [ -122.318494594231808, 47.531789230955397 ], [ -122.320084735360268, 47.532701530083934 ], [ -122.327196757685883, 47.537232519140915 ], [ -122.328400761582117, 47.537999516947998 ], [ -122.329017763149807, 47.53839251621806 ], [ -122.334178827031423, 47.542051636720863 ], [ -122.334261796329827, 47.542109270192704 ], [ -122.334284781523166, 47.542125507319327 ], [ -122.334678665828022, 47.542405065753933 ], [ -122.335086783938621, 47.542694506400977 ], [ -122.335330785235783, 47.542867506380908 ], [ -122.335576786182799, 47.543041505735857 ], [ -122.336692790216034, 47.543832504228355 ], [ -122.33752979729536, 47.545417502105167 ], [ -122.337734798237193, 47.545806501380042 ], [ -122.338114802677978, 47.546526500723324 ], [ -122.340559473449176, 47.551140183713187 ], [ -122.34059982487436, 47.55122549573727 ], [ -122.345069862472627, 47.55918948594001 ], [ -122.345363868499746, 47.560176485293738 ], [ -122.346493270043794, 47.564005530972054 ], [ -122.346608274167096, 47.564363891500733 ], [ -122.346646887352762, 47.564493482276973 ], [ -122.346661440062647, 47.564688724929297 ], [ -122.346678713768497, 47.564794274038768 ], [ -122.346701891206308, 47.565231481798612 ], [ -122.34680889853982, 47.566654480665555 ], [ -122.346683898869827, 47.566910481168158 ], [ -122.346560901545331, 47.567227481735053 ], [ -122.346150150488953, 47.568290242925315 ], [ -122.345758910839862, 47.569302481216788 ], [ -122.345212860930147, 47.570732532690535 ], [ -122.345207127882148, 47.570747548800547 ], [ -122.345176475568934, 47.57081555276698 ], [ -122.345169815459599, 47.570830393091768 ], [ -122.345120918363747, 47.570959481194308 ], [ -122.345067728219249, 47.571094919994088 ], [ -122.345036919599238, 47.571165481730652 ], [ -122.345007236568279, 47.57123672035123 ], [ -122.344919920325992, 47.571495482119005 ], [ -122.344900576005358, 47.571546200735 ], [ -122.344867095795891, 47.571633980158353 ], [ -122.344713303326245, 47.572037201187158 ], [ -122.344644923569177, 47.572216481859662 ], [ -122.34454292796535, 47.573175481882465 ], [ -122.344231111961648, 47.574021291932389 ], [ -122.343996934650079, 47.57465648258264 ], [ -122.344077545914999, 47.578364585826542 ], [ -122.34410563984747, 47.580049392321321 ], [ -122.344139965387029, 47.581235480080331 ], [ -122.344210980842632, 47.584491478295853 ], [ -122.344239612857848, 47.585503846349141 ], [ -122.344341009356498, 47.590430475839362 ], [ -122.344349011553803, 47.590825476244916 ], [ -122.344231046588035, 47.590859181668201 ], [ -122.343012012093965, 47.59120747784884 ], [ -122.342919013106467, 47.591234478221502 ], [ -122.342917010756508, 47.590804478358542 ], [ -122.337249009640189, 47.590875487334905 ], [ -122.337499007183169, 47.590325487346462 ], [ -122.337432026100799, 47.590324889374685 ], [ -122.33738641324409, 47.590324431959566 ], [ -122.337228781370058, 47.590322887653478 ], [ -122.337142260133689, 47.590322039466535 ], [ -122.337072101710191, 47.590321282762496 ], [ -122.337032785145226, 47.590320888961408 ], [ -122.336940787778957, 47.590319966860982 ], [ -122.336858993477591, 47.590319145937102 ], [ -122.336796407851921, 47.590318518884558 ], [ -122.336735621551796, 47.590318502526948 ], [ -122.336692443129451, 47.590318491016085 ], [ -122.336032822794621, 47.590318316535466 ], [ -122.335134309883728, 47.590318072989412 ], [ -122.33463009629601, 47.590317946975766 ], [ -122.33421028032727, 47.590317840954654 ], [ -122.333698602637824, 47.590318043310788 ], [ -122.333444279700203, 47.590318142671322 ], [ -122.33327793776121, 47.590318210527244 ], [ -122.333278289893755, 47.58973793012094 ], [ -122.333279197174051, 47.58823403719984 ], [ -122.333280161047014, 47.586633495489579 ], [ -122.333280251775008, 47.586484069861811 ], [ -122.333280445807247, 47.586162446535681 ], [ -122.333280477247669, 47.586108953133035 ], [ -122.332013555359197, 47.586181741307804 ], [ -122.330819313464232, 47.586171381701718 ], [ -122.329993736567758, 47.586176058619031 ], [ -122.330000777575805, 47.587239892428236 ], [ -122.330007223897994, 47.58821363809772 ], [ -122.330005942004775, 47.588435413653421 ], [ -122.329995563791087, 47.590315157070293 ], [ -122.32994750122856, 47.590314312518053 ], [ -122.329294260728901, 47.590313535218328 ], [ -122.329088937296575, 47.590316131885103 ], [ -122.329064986414551, 47.590319123563809 ], [ -122.32893059395677, 47.590311215427228 ], [ -122.328852719903296, 47.590308189821101 ], [ -122.328328667022575, 47.590308822935512 ], [ -122.328134868077242, 47.5903272340584 ], [ -122.32806275042833, 47.590344091174181 ], [ -122.328000521434006, 47.590358636975353 ], [ -122.32783537695002, 47.590422755622711 ], [ -122.327715589303267, 47.590507984900398 ], [ -122.327630102029062, 47.590614006030904 ], [ -122.327593325002482, 47.590700697503614 ], [ -122.327583470488193, 47.591060286372667 ], [ -122.327602758218589, 47.591310070428769 ], [ -122.327604880937997, 47.591337563898819 ], [ -122.327577137371279, 47.591542683958828 ], [ -122.32752108249916, 47.591660740889914 ], [ -122.327468580463531, 47.591744316048022 ], [ -122.327421456641218, 47.591807787787076 ], [ -122.327388587285554, 47.591847062583398 ], [ -122.327364787320846, 47.591877633388826 ], [ -122.327258000092712, 47.591955624878658 ], [ -122.327193495666208, 47.592002735959333 ], [ -122.327087683109994, 47.592065737262772 ], [ -122.327054088813526, 47.592078828598481 ], [ -122.32696129733695, 47.592114988633043 ], [ -122.326795480014596, 47.592155738388165 ], [ -122.326687450415804, 47.592182286324963 ], [ -122.326659182230543, 47.592187553987571 ], [ -122.326402520080478, 47.592235384581855 ], [ -122.325982599908144, 47.592320108680305 ], [ -122.325923414405977, 47.592331100163371 ], [ -122.325558410043314, 47.592398885266356 ], [ -122.325469987073717, 47.592416669231454 ], [ -122.325173397504471, 47.592474499942135 ], [ -122.324793584414778, 47.592574984117512 ], [ -122.324161804669174, 47.59274291592029 ], [ -122.324124421278839, 47.592752645997116 ], [ -122.324046619989204, 47.592774553657406 ], [ -122.323882027070624, 47.592820900669182 ], [ -122.32368055112336, 47.592877633189339 ], [ -122.323566932206916, 47.592909626460312 ], [ -122.323314113948229, 47.592980333882352 ], [ -122.323277644144568, 47.592990616420416 ], [ -122.323179540031319, 47.593017990873804 ], [ -122.323096989348784, 47.593040810177158 ], [ -122.32255331367088, 47.593191305132848 ], [ -122.322492028805939, 47.593208037739814 ], [ -122.32236769388652, 47.593243253741313 ], [ -122.32146681301964, 47.593498413653002 ], [ -122.321418020126984, 47.593511056935824 ], [ -122.321135431699901, 47.59358792100241 ], [ -122.321104926709651, 47.593596363575301 ], [ -122.320883103023036, 47.593658150130146 ], [ -122.320838736129716, 47.59367065767308 ], [ -122.320825180552845, 47.59373009057218 ], [ -122.320821277373184, 47.593747205271747 ], [ -122.320808391939437, 47.593803701733222 ], [ -122.32073250586177, 47.594136420660014 ], [ -122.32059238395658, 47.594750768973277 ], [ -122.320555942002898, 47.594944452792063 ], [ -122.320388858066238, 47.595833276270199 ], [ -122.320255584909361, 47.595832550541211 ], [ -122.320023625530624, 47.595831958085377 ], [ -122.319955420044565, 47.595831728493458 ], [ -122.319787877956372, 47.595831526162407 ], [ -122.319734487485903, 47.59583143529504 ], [ -122.319668228649064, 47.595831315350054 ], [ -122.31953685812401, 47.595831217819537 ], [ -122.319390724685519, 47.59583069805732 ], [ -122.319266010676685, 47.595830664739871 ], [ -122.319230272101549, 47.595830655653309 ], [ -122.319077179414649, 47.595830232816624 ], [ -122.319074396433876, 47.595830226153033 ], [ -122.318940109079037, 47.595829856019527 ], [ -122.318783022482421, 47.595829424096067 ], [ -122.31863262653799, 47.595829006105639 ], [ -122.318590153293144, 47.59582891160349 ], [ -122.318582024438157, 47.595828892218428 ], [ -122.318557730399689, 47.59582883709222 ], [ -122.318464514019553, 47.595828628097088 ], [ -122.318288133407322, 47.595828232520837 ], [ -122.317890158177988, 47.595827340202526 ], [ -122.317386485376019, 47.595826207994186 ], [ -122.317330770065652, 47.595826083202908 ], [ -122.31730833284486, 47.595826032317149 ], [ -122.317285186853283, 47.595826067452748 ], [ -122.317270220920733, 47.595826090472656 ], [ -122.317270873097272, 47.595798652669792 ], [ -122.317283604912561, 47.595202310493299 ], [ -122.317284695466469, 47.595132473569727 ], [ -122.31728565576465, 47.595058175490905 ], [ -122.317280987219874, 47.595039779966747 ], [ -122.31725172729324, 47.594932606494226 ], [ -122.31724253213757, 47.594893069281291 ], [ -122.317232104493456, 47.594871837364629 ], [ -122.317222604809018, 47.594842416291648 ], [ -122.317190413680194, 47.594783662542511 ], [ -122.317172612664208, 47.594752965611761 ], [ -122.317130355014456, 47.594702868002891 ], [ -122.316959737095161, 47.594740694589731 ], [ -122.316667850206315, 47.594793684236421 ], [ -122.316284698976446, 47.594844446318703 ], [ -122.316038088974011, 47.594866863789839 ], [ -122.315818559583818, 47.594863532521153 ], [ -122.315627410668171, 47.594850223796811 ], [ -122.315437701751904, 47.594838508918166 ], [ -122.31533225750411, 47.594831997218257 ], [ -122.315236409060105, 47.594826079197595 ], [ -122.315207046726812, 47.594824265444387 ], [ -122.315029328522584, 47.594787044110547 ], [ -122.314852175358808, 47.594749940274859 ], [ -122.314575651456451, 47.594684080416812 ], [ -122.314361817384295, 47.594613555221542 ], [ -122.314240012119768, 47.59457041629323 ], [ -122.314106489230738, 47.594523126996847 ], [ -122.313988118225382, 47.594464562505145 ], [ -122.313927366959149, 47.594434505718652 ], [ -122.313598853957046, 47.594271970991706 ], [ -122.313247070995232, 47.594059191535855 ], [ -122.313192035709179, 47.594025903151099 ], [ -122.313058519107869, 47.593945143790343 ], [ -122.312915547736978, 47.59375709029235 ], [ -122.312896066871446, 47.593731466407647 ], [ -122.312222703200476, 47.592845744163718 ], [ -122.311978123386268, 47.592510819107154 ], [ -122.311688051088851, 47.592113592891096 ], [ -122.311400865078369, 47.591710967513656 ], [ -122.311065918339679, 47.591334156766102 ], [ -122.310915907770763, 47.591194165341996 ], [ -122.310705334581613, 47.59099765290955 ], [ -122.310590882925183, 47.590890843145736 ], [ -122.310544203767847, 47.590860294180409 ], [ -122.310504424570269, 47.590834261145545 ], [ -122.310485609356576, 47.590822502957906 ], [ -122.310447550432713, 47.590797040002215 ], [ -122.310365455195097, 47.590743313845962 ], [ -122.310287106830572, 47.590692040696588 ], [ -122.310167272469414, 47.590613615963498 ], [ -122.310130209777313, 47.590597565314809 ], [ -122.309682675389908, 47.59040375272221 ], [ -122.309136974006975, 47.590218252272429 ], [ -122.308510767405693, 47.590078011890512 ], [ -122.308047300500164, 47.590025013837746 ], [ -122.307582082778495, 47.590000201787241 ], [ -122.307051909675735, 47.589999239697335 ], [ -122.305180349737128, 47.590030364129014 ], [ -122.303911329383553, 47.59004968110353 ], [ -122.303818251343984, 47.590051097584478 ], [ -122.303144673884773, 47.590061343744637 ], [ -122.302495622229443, 47.590077824715806 ], [ -122.302295683299107, 47.590094975144424 ], [ -122.302171057325239, 47.590101595276522 ], [ -122.301303646784689, 47.590130316839151 ], [ -122.300206399584184, 47.590141694108617 ], [ -122.299449897742988, 47.590149766461174 ], [ -122.299099949143667, 47.59015349850003 ], [ -122.298030874008433, 47.590139800838514 ], [ -122.297504048028188, 47.590123207811054 ], [ -122.295507189277018, 47.590118187744736 ], [ -122.294498211434274, 47.590115671652995 ], [ -122.293474244302658, 47.590109852463605 ], [ -122.292424608710348, 47.590115778900014 ], [ -122.291372836025701, 47.590097443441024 ], [ -122.29047011540618, 47.590111478583289 ], [ -122.289236252417268, 47.5900914546175 ], [ -122.289163687407196, 47.590094594742773 ], [ -122.288856113237756, 47.590078803240623 ], [ -122.288607352668137, 47.590066030083861 ], [ -122.288004387281148, 47.590035066843576 ], [ -122.286800182170339, 47.589936995757981 ], [ -122.286436830706762, 47.589921908209597 ], [ -122.286369304347048, 47.589919103717214 ], [ -122.285888802689357, 47.589910646013429 ], [ -122.285788061122105, 47.589908873288273 ], [ -122.285558917063398, 47.589904838914499 ], [ -122.285461960996727, 47.589903131015369 ], [ -122.284831736232789, 47.589892033001838 ], [ -122.284720864364047, 47.58989008215525 ], [ -122.2844519950023, 47.589498573519677 ], [ -122.284570983119124, 47.586981572852693 ], [ -122.286416974287661, 47.585111570254639 ], [ -122.286596973311646, 47.584925569950911 ], [ -122.286601966127421, 47.583225570347288 ], [ -122.285512961859183, 47.582509572128558 ], [ -122.283882957090057, 47.581457575180188 ], [ -122.280758928181911, 47.575297580652439 ], [ -122.279667717650241, 47.574495545495786 ], [ -122.277013096256795, 47.572548289312145 ], [ -122.276629912683504, 47.572262587452315 ], [ -122.276299248218322, 47.572266144403791 ], [ -122.276274148390911, 47.572254947496518 ], [ -122.275513912253047, 47.572262588670611 ], [ -122.274485908981845, 47.571506590486649 ], [ -122.27168589885197, 47.569445594778273 ], [ -122.267308895365289, 47.568892601601981 ], [ -122.264109879624343, 47.565659606485468 ], [ -122.264075879286011, 47.56538660682839 ], [ -122.263791867898803, 47.563086606695549 ], [ -122.26370386353527, 47.562368607297678 ], [ -122.263648494075198, 47.562283974748965 ], [ -122.263455982412353, 47.562025706968669 ], [ -122.262373855637122, 47.560584608762717 ], [ -122.260641845356091, 47.558285610845772 ], [ -122.260388843836125, 47.557949611101307 ], [ -122.25996583973668, 47.557138612653524 ], [ -122.258309824223019, 47.55396561478949 ], [ -122.25643682788882, 47.554876617488645 ], [ -122.256280289303021, 47.558066413159317 ], [ -122.256287876474104, 47.558084655572891 ], [ -122.256293251993142, 47.558114606532328 ], [ -122.256090738539768, 47.562155759413059 ], [ -122.256073864591173, 47.562623618910813 ], [ -122.252108850972633, 47.56390854029501 ], [ -122.252046869913414, 47.563928623988076 ], [ -122.251557441692739, 47.563586035738076 ], [ -122.250892708141635, 47.563110935129082 ], [ -122.250046863448674, 47.562528627365396 ], [ -122.249150484031446, 47.562104497702023 ], [ -122.249141725457235, 47.562085029183756 ], [ -122.248236014340762, 47.561653456888855 ], [ -122.244046851256599, 47.559628641484316 ], [ -122.240950362921964, 47.555421654366427 ], [ -122.241531408495234, 47.553581044966172 ], [ -122.241613374371639, 47.553323562455866 ], [ -122.242846803425806, 47.549328643771744 ], [ -122.242907021092137, 47.549310469249164 ], [ -122.254963785650503, 47.545670619887204 ], [ -122.25922276121841, 47.540377613052343 ], [ -122.260109756815808, 47.539275612421449 ], [ -122.260169754390859, 47.538920612219727 ], [ -122.260446747193299, 47.537291611362676 ], [ -122.26158872419299, 47.536148399584178 ], [ -122.261603376613323, 47.536129021490325 ], [ -122.261687477787277, 47.536045678381051 ], [ -122.261709243966266, 47.536021439946758 ], [ -122.2617244236977, 47.536002825966641 ], [ -122.261746745035509, 47.535980124325192 ], [ -122.261788665815814, 47.535927664646671 ], [ -122.261801936627293, 47.535914715742095 ], [ -122.261828527657642, 47.535886311956006 ], [ -122.261892162514769, 47.535825042473597 ], [ -122.261912156317706, 47.53579833192866 ], [ -122.261918280132775, 47.535781718038031 ], [ -122.261951084809695, 47.535741396854441 ], [ -122.261965141646954, 47.535718770909881 ], [ -122.261989444668146, 47.535682198333504 ], [ -122.262006699507864, 47.535665443096079 ], [ -122.262044256272546, 47.535613859468093 ], [ -122.262057526185714, 47.535599425213107 ], [ -122.262080749432101, 47.535578869129019 ], [ -122.262097377247727, 47.535557708981031 ], [ -122.262117350389474, 47.535538585391315 ], [ -122.262128820078814, 47.535523104327254 ], [ -122.262156466629591, 47.535497714547496 ], [ -122.26218680812606, 47.535458574574363 ], [ -122.262233745098953, 47.535411998477741 ], [ -122.262243576261113, 47.535389082491783 ], [ -122.263228733465439, 47.53438360759128 ], [ -122.262330720884194, 47.531734608768815 ], [ -122.262077718461697, 47.531043609676907 ], [ -122.261821701297762, 47.530745403928101 ], [ -122.261179006112243, 47.530004207418109 ], [ -122.259317702212357, 47.527809612852181 ], [ -122.259317698608612, 47.526938613265791 ], [ -122.25932660626134, 47.523488507823409 ], [ -122.259317681496867, 47.523311613072856 ], [ -122.259326058264008, 47.521415504907111 ], [ -122.25931767159193, 47.52136161292745 ] ] ] } },
{ "type": "Feature", "properties": { "DISTRICT": "SW", "objectid": 14, "beat": "F1", "sector": "F", "TOTAL": 102674.47883035362, "WHITE": 65889.093980244012, "BLACK": 7980.4730841355358, "AMERICAN_INDIAN": 269.59355225123898, "ASIAN": 9503.7933851377275, "PACIFIC_ISLANDER": 418.17887517682806, "OTHER": 611.17960011142713, "TWO_OR_MORE": 7651.4935221653996, "HISPANIC": 10350.672831131451, "WHITE_PCT": 0.642, "BLACK_PCT": 0.078, "AMERICAN_INDIAN_PCT": 0.003, "ASIAN_PCT": 0.093, "PACIFIC_ISLANDER_PCT": 0.004, "OTHER_PCT": 0.006, "TWO_OR_MORE_PCT": 0.075, "HISPANIC_PCT": 0.101 }, "geometry": { "type": "Polygon", "coordinates": [ [ [ -122.318496345031747, 47.530416497908256 ], [ -122.318502296367143, 47.530142382364673 ], [ -122.318508248600878, 47.529868265388423 ], [ -122.31850989790685, 47.529792389860027 ], [ -122.318511820300486, 47.529703793059277 ], [ -122.318517412310001, 47.529446275743041 ], [ -122.317601317572354, 47.529443435262479 ], [ -122.317578419515897, 47.529443364902491 ], [ -122.317581480075646, 47.529408246709544 ], [ -122.317580165840155, 47.529392762622678 ], [ -122.317552431250249, 47.529065754235617 ], [ -122.31755347958341, 47.529004652079536 ], [ -122.31756573888309, 47.528264404503652 ], [ -122.31756617187078, 47.528238158377071 ], [ -122.317566509637061, 47.528217734671934 ], [ -122.31754397270312, 47.528205042261213 ], [ -122.317496137414054, 47.528178105225074 ], [ -122.317421410158758, 47.52815542567258 ], [ -122.31565379068104, 47.527601345812016 ], [ -122.315568386050344, 47.527576785630345 ], [ -122.314932506389354, 47.527375671944434 ], [ -122.31491079500725, 47.527369596474124 ], [ -122.314731612549039, 47.527319459258905 ], [ -122.314573377006582, 47.527275182749264 ], [ -122.314310503903343, 47.527212751921837 ], [ -122.313180929027482, 47.526946927986977 ], [ -122.312908451137147, 47.526879758148738 ], [ -122.312316893454522, 47.526734401438731 ], [ -122.312103140230931, 47.526681877313123 ], [ -122.31179563523078, 47.526580024397042 ], [ -122.311717090135488, 47.526554006717511 ], [ -122.311341080506821, 47.526166964000147 ], [ -122.310967455005681, 47.525679515948752 ], [ -122.310894940300074, 47.525584907495663 ], [ -122.310831745615658, 47.525502460559608 ], [ -122.310807205438422, 47.52547044187304 ], [ -122.310748063952616, 47.525393280664652 ], [ -122.310484204497158, 47.52516469106402 ], [ -122.31010635062789, 47.524837340276527 ], [ -122.309855592202652, 47.52462009547029 ], [ -122.309825550743014, 47.524619556195624 ], [ -122.309805394344124, 47.524571660803964 ], [ -122.309779928003479, 47.524511147283484 ], [ -122.309724655560643, 47.524353309650479 ], [ -122.309879061579821, 47.523968800298611 ], [ -122.30988071897066, 47.523895978437089 ], [ -122.309651129339926, 47.523254078771416 ], [ -122.309788781772838, 47.522349215820789 ], [ -122.309751373227542, 47.522182079831587 ], [ -122.309812816196199, 47.522182219964243 ], [ -122.310136974163854, 47.522182958239163 ], [ -122.310284977894668, 47.522183294921625 ], [ -122.31096164825351, 47.522180100976392 ], [ -122.311128419587305, 47.522185209461824 ], [ -122.311421414997852, 47.522186997217958 ], [ -122.311890443372675, 47.522189858719621 ], [ -122.312867718770818, 47.522191304328892 ], [ -122.312913598427187, 47.522191371665294 ], [ -122.312922913957152, 47.522231291361109 ], [ -122.312988933842163, 47.522232719988452 ], [ -122.313485362629663, 47.522234180158449 ], [ -122.313537475695782, 47.522234333030426 ], [ -122.314996476256923, 47.522238618298523 ], [ -122.31757044059276, 47.522245223942107 ], [ -122.317630066269572, 47.522246222464354 ], [ -122.317667924868829, 47.522246858825056 ], [ -122.31766775149373, 47.522229533303751 ], [ -122.317667510744911, 47.522205416484027 ], [ -122.317639556957801, 47.521190270005107 ], [ -122.317635369010077, 47.521034302387704 ], [ -122.317648428713014, 47.520651262291857 ], [ -122.31765155035751, 47.520559706559055 ], [ -122.317651432675987, 47.520374517419114 ], [ -122.317651379674331, 47.520291646125855 ], [ -122.317651266484503, 47.520113976809988 ], [ -122.317651247619537, 47.520083961668298 ], [ -122.317650247792074, 47.519875225647908 ], [ -122.317639512017777, 47.519178819570826 ], [ -122.317654022499127, 47.518730336519077 ], [ -122.317745480876241, 47.518728467348353 ], [ -122.317837488123971, 47.51872658665075 ], [ -122.318107996007967, 47.518721057399254 ], [ -122.318453428776422, 47.518717513192733 ], [ -122.320355655402508, 47.518721329784597 ], [ -122.321305217774253, 47.518723223216867 ], [ -122.321341904970325, 47.518723295411171 ], [ -122.321619659563822, 47.51872384809198 ], [ -122.322271289384247, 47.518725139702688 ], [ -122.322999619159674, 47.518700699122583 ], [ -122.323095149599951, 47.518697493441692 ], [ -122.323121023775002, 47.518696624680324 ], [ -122.32316462171049, 47.51869516137549 ], [ -122.323242431983573, 47.518695184428815 ], [ -122.323302675701285, 47.518695202022109 ], [ -122.323380026935254, 47.518695224468715 ], [ -122.3240219863916, 47.518695410108293 ], [ -122.324085928473366, 47.518695428308192 ], [ -122.32414722232167, 47.518695445901521 ], [ -122.324501309459535, 47.518695546001233 ], [ -122.324804832226846, 47.51869563093431 ], [ -122.324929421369902, 47.518695665514208 ], [ -122.324990125923364, 47.518695682500827 ], [ -122.325050824188608, 47.518695371881911 ], [ -122.325614925761187, 47.518692488343582 ], [ -122.325896172106155, 47.518691050517759 ], [ -122.325900338493426, 47.518778834167506 ], [ -122.325899898319946, 47.518861076301668 ], [ -122.325898722427922, 47.519080390658168 ], [ -122.32589799120089, 47.519216798953316 ], [ -122.325897770215875, 47.519257922119991 ], [ -122.325897193498776, 47.519365496191696 ], [ -122.325895975385947, 47.519592688431274 ], [ -122.325894104199421, 47.519941694009688 ], [ -122.325893728704486, 47.520011638504251 ], [ -122.325893507719442, 47.52005276165459 ], [ -122.325892506100132, 47.520239508010675 ], [ -122.325892035384044, 47.520327410401258 ], [ -122.325891013103487, 47.520518132408618 ], [ -122.325888880507804, 47.52091593148198 ], [ -122.326098902129061, 47.520915662127699 ], [ -122.329373109514862, 47.520910788880329 ], [ -122.329433182552719, 47.520910699095623 ], [ -122.329494520418422, 47.520910607490947 ], [ -122.329656419289989, 47.520904587082647 ], [ -122.330085512160679, 47.520911750418591 ], [ -122.330615893673311, 47.520975988676014 ], [ -122.330846593614211, 47.520988280625637 ], [ -122.330978589366836, 47.520995312308727 ], [ -122.331028034436571, 47.520997946990498 ], [ -122.330979324187624, 47.520908241542799 ], [ -122.329733443509539, 47.518613722186345 ], [ -122.329535205085435, 47.518248607043375 ], [ -122.329531744773547, 47.518131701105418 ], [ -122.329527601741773, 47.517991711761042 ], [ -122.329518635653343, 47.517688773043737 ], [ -122.329517561267807, 47.517652522786307 ], [ -122.329514702827439, 47.51755591719305 ], [ -122.329510076501805, 47.517399609337716 ], [ -122.329504742305204, 47.517363556662218 ], [ -122.32949956890711, 47.517328603289052 ], [ -122.32943770911956, 47.517277144805192 ], [ -122.329420978895257, 47.517232895613304 ], [ -122.32938372576055, 47.517232788228704 ], [ -122.329350798912188, 47.517236384102837 ], [ -122.329323920420634, 47.517229923420942 ], [ -122.329262501706509, 47.517227001583784 ], [ -122.329229708706947, 47.517211375574973 ], [ -122.329215795599524, 47.517184332181834 ], [ -122.329189756133843, 47.517133713222144 ], [ -122.328942219964702, 47.516849147051204 ], [ -122.328865526296497, 47.516760980379622 ], [ -122.328725875997506, 47.516600437203607 ], [ -122.328651648204783, 47.516515104626322 ], [ -122.328277921191258, 47.515800302787184 ], [ -122.32812294473365, 47.515503887546224 ], [ -122.32807741182593, 47.515416798566399 ], [ -122.32797669271423, 47.515224153530973 ], [ -122.327859686247834, 47.515000352139921 ], [ -122.327708497985796, 47.51471117179873 ], [ -122.327546413159183, 47.514401144565049 ], [ -122.32734501176671, 47.514015908216095 ], [ -122.328198853255216, 47.514006484465057 ], [ -122.328390915757439, 47.51401276595044 ], [ -122.328492640081606, 47.514015513834572 ], [ -122.32857782911627, 47.514007003824737 ], [ -122.328691262081819, 47.514006633111407 ], [ -122.328819446282594, 47.514006215072975 ], [ -122.32901831352298, 47.51400556526292 ], [ -122.329050759772642, 47.514005459691475 ], [ -122.329460147199256, 47.514004120026975 ], [ -122.330091941319864, 47.514004468893859 ], [ -122.330284779966405, 47.514003715939474 ], [ -122.330304929178652, 47.514042152341403 ], [ -122.330393713273224, 47.514211053146184 ], [ -122.330454617254048, 47.514326915147215 ], [ -122.330467296076222, 47.514348478840439 ], [ -122.330481046588531, 47.514372073239635 ], [ -122.330492279123021, 47.51439118027821 ], [ -122.330501432955955, 47.514406415181725 ], [ -122.330513221547591, 47.514425354144656 ], [ -122.330526420494238, 47.514445414937086 ], [ -122.330540097344667, 47.514465285816698 ], [ -122.330557708816059, 47.514489970449098 ], [ -122.330572463644813, 47.514510266019528 ], [ -122.330587037912167, 47.514530352868675 ], [ -122.33059858395869, 47.514546573659679 ], [ -122.330611456816825, 47.514561716902641 ], [ -122.330633758392324, 47.51458889694689 ], [ -122.330653543786724, 47.514613023941678 ], [ -122.330673940035467, 47.514637497971357 ], [ -122.330689691994166, 47.514655863497083 ], [ -122.330708089491395, 47.514676235450473 ], [ -122.330736510390594, 47.514706361075596 ], [ -122.330759078765695, 47.514729090733887 ], [ -122.330774076139534, 47.514743831667168 ], [ -122.330791342657747, 47.514760659114501 ], [ -122.330812137758429, 47.514780930311304 ], [ -122.330831594369343, 47.514800213757056 ], [ -122.330979168707231, 47.514947633624168 ], [ -122.330995824371115, 47.51496426018182 ], [ -122.331162039649627, 47.515130182672891 ], [ -122.331189889220312, 47.515157983094952 ], [ -122.331291762664762, 47.515149130474654 ], [ -122.331343420284952, 47.515144641975382 ], [ -122.331397338964692, 47.51513995629238 ], [ -122.331420782298281, 47.515112402188059 ], [ -122.332042520676168, 47.514989662929871 ], [ -122.332730599637713, 47.514871381571048 ], [ -122.333478045560994, 47.514738204300201 ], [ -122.333509898024204, 47.514732529016285 ], [ -122.333564712324531, 47.514748911132706 ], [ -122.333522946949557, 47.514532065030451 ], [ -122.333605134713011, 47.514535847960254 ], [ -122.333987680478998, 47.514529253464126 ], [ -122.334048272743019, 47.514529507681544 ], [ -122.334372207928496, 47.514530890406121 ], [ -122.334370434653763, 47.514503050821254 ], [ -122.334331519633167, 47.514283432170103 ], [ -122.334286129555522, 47.514027266180278 ], [ -122.334271601999788, 47.513945281611278 ], [ -122.334264374154543, 47.513904483736418 ], [ -122.33571912298973, 47.513930340224093 ], [ -122.335934850709634, 47.513928094101118 ], [ -122.336520147132944, 47.51392199826126 ], [ -122.337054944762684, 47.513916424210564 ], [ -122.337056810564505, 47.51399866001141 ], [ -122.337058927893949, 47.514025320379055 ], [ -122.337378629347768, 47.516375610844378 ], [ -122.337541928703644, 47.517263585164123 ], [ -122.337713211376695, 47.517264547378957 ], [ -122.33794280010143, 47.517265835994444 ], [ -122.338130318924883, 47.517266889213133 ], [ -122.338885467005113, 47.517271128782156 ], [ -122.339935129546987, 47.517277012487988 ], [ -122.340015972532441, 47.51727746508071 ], [ -122.340145576071365, 47.51727819007845 ], [ -122.340197666679614, 47.517278498278309 ], [ -122.341402013723098, 47.517285617816484 ], [ -122.341439683676171, 47.517285839865949 ], [ -122.341553675393826, 47.517286512081334 ], [ -122.341616096627774, 47.517286880950472 ], [ -122.34289040895699, 47.517294401511208 ], [ -122.343422831441231, 47.517297536897942 ], [ -122.343884999382283, 47.517300257306857 ], [ -122.343907892048904, 47.517300391385895 ], [ -122.34399148208243, 47.517300884020081 ], [ -122.344164243382451, 47.517301900229945 ], [ -122.344249599503883, 47.517302383157059 ], [ -122.344485256348349, 47.517303717880274 ], [ -122.34465168901724, 47.517304660073513 ], [ -122.344844295000073, 47.517305749692952 ], [ -122.345438083197834, 47.517309107734953 ], [ -122.346377438013093, 47.517314663216318 ], [ -122.346712117947632, 47.517316641639752 ], [ -122.347338735077386, 47.517320440746502 ], [ -122.347453327767937, 47.517321135409063 ], [ -122.347984569865901, 47.517324353911143 ], [ -122.348019425397098, 47.517324557759665 ], [ -122.349258744752873, 47.51733177193546 ], [ -122.349468577727947, 47.517332992599854 ], [ -122.349497774771237, 47.517333162473612 ], [ -122.350667604050017, 47.517339957424021 ], [ -122.351202227406702, 47.517343048519457 ], [ -122.351312277316907, 47.517343684332609 ], [ -122.351748141688148, 47.517346182689828 ], [ -122.351790667933614, 47.517346449027549 ], [ -122.352890719674562, 47.517352833852605 ], [ -122.352922060996477, 47.517353015253434 ], [ -122.353164464188666, 47.517354417924871 ], [ -122.353902785027032, 47.517358685394768 ], [ -122.354050148259091, 47.517359535976624 ], [ -122.354605387951452, 47.517362739915562 ], [ -122.355179715945297, 47.517366051238717 ], [ -122.356525620409073, 47.517366970369942 ], [ -122.356766249428645, 47.517367134175537 ], [ -122.357190910011653, 47.51736742053194 ], [ -122.357575525496074, 47.517367678374001 ], [ -122.357841619957185, 47.51736785674003 ], [ -122.357871530262784, 47.51736787615399 ], [ -122.35824067675803, 47.51736446836167 ], [ -122.358546255768957, 47.517358309219858 ], [ -122.358545407758456, 47.517286077595031 ], [ -122.358525813685361, 47.515618177566481 ], [ -122.358521246649573, 47.515535933989575 ], [ -122.358544139316223, 47.515535921855147 ], [ -122.35857665922768, 47.515535903653564 ], [ -122.359193227802578, 47.515535556610111 ], [ -122.359320183108096, 47.515535485017239 ], [ -122.360507658892175, 47.515534805491619 ], [ -122.360533144096749, 47.515534790930388 ], [ -122.360548191791437, 47.516811742098007 ], [ -122.360548375047898, 47.516827251133229 ], [ -122.360554741414802, 47.517367494529751 ], [ -122.360583216212646, 47.517367578859847 ], [ -122.360673080080119, 47.517367833063382 ], [ -122.361139249117429, 47.517369152009628 ], [ -122.36122569130201, 47.517369151402491 ], [ -122.361433480609733, 47.517369151401347 ], [ -122.361835867465373, 47.517369150185729 ], [ -122.36186321757242, 47.517368962111028 ], [ -122.361896608849776, 47.51736912045746 ], [ -122.362632152097248, 47.517368772818749 ], [ -122.362692893481636, 47.517368853508486 ], [ -122.363238965866515, 47.517369581536137 ], [ -122.363643601205268, 47.517369479002916 ], [ -122.364582136756908, 47.51736923450072 ], [ -122.365093489256211, 47.517369097385476 ], [ -122.365246631350459, 47.517369056129553 ], [ -122.365439673016212, 47.517369003952979 ], [ -122.365927354009557, 47.517368870477974 ], [ -122.366824181681082, 47.517379084135293 ], [ -122.367123182329308, 47.51738248767613 ], [ -122.367298633185257, 47.517384484298667 ], [ -122.367322509507147, 47.517384759130024 ], [ -122.367707652302698, 47.517389180092451 ], [ -122.368167607693209, 47.517394458916478 ], [ -122.368591441826212, 47.517399320942843 ], [ -122.368674278173287, 47.517400396607073 ], [ -122.368839221435422, 47.517402129318043 ], [ -122.370041531099915, 47.517415669457662 ], [ -122.370854269274574, 47.517424897839241 ], [ -122.371292827693424, 47.517429875134113 ], [ -122.371412812072336, 47.517431235335799 ], [ -122.371313750338246, 47.516070541560183 ], [ -122.371312188167693, 47.516049082928184 ], [ -122.371149342445349, 47.513855780504393 ], [ -122.371138686627759, 47.513712254018095 ], [ -122.371125016961869, 47.513528126767781 ], [ -122.371033625943554, 47.512297106842659 ], [ -122.37102440204076, 47.512172848976391 ], [ -122.371014362467548, 47.512037597650888 ], [ -122.371007196605305, 47.511941053923906 ], [ -122.371001937866708, 47.511858782740575 ], [ -122.370963966971871, 47.511344782727143 ], [ -122.37096045635522, 47.5112972271384 ], [ -122.370866298525272, 47.510021458481916 ], [ -122.370865082206222, 47.510004977804975 ], [ -122.370872542708085, 47.509465471696899 ], [ -122.37087640546045, 47.509186120534018 ], [ -122.370877515777153, 47.509105781291638 ], [ -122.370889946653165, 47.508206462576155 ], [ -122.370890042771748, 47.508107014334932 ], [ -122.370886396509619, 47.508077082131081 ], [ -122.370883351220641, 47.508061371479364 ], [ -122.370879485769734, 47.508044286421033 ], [ -122.370874457000582, 47.508024732286891 ], [ -122.37086851105154, 47.50800464962235 ], [ -122.370861101746769, 47.507982502007316 ], [ -122.370852043135272, 47.507965959403286 ], [ -122.370834969754725, 47.507935251627075 ], [ -122.370820927289756, 47.507901385430301 ], [ -122.370752606817021, 47.507707123585774 ], [ -122.370724259577926, 47.507533148368417 ], [ -122.370719834474613, 47.507349254297615 ], [ -122.370725286349497, 47.50730522974839 ], [ -122.370727081182991, 47.507266458307988 ], [ -122.37072349600588, 47.507199304532747 ], [ -122.370711453190452, 47.507132605779546 ], [ -122.37069219331002, 47.507070563611528 ], [ -122.370579864370384, 47.50677198613144 ], [ -122.370543555363867, 47.506675688794552 ], [ -122.370502219384605, 47.506545048464403 ], [ -122.37049242325584, 47.506492700733176 ], [ -122.370477539967325, 47.506413175360009 ], [ -122.370411734773441, 47.505896547256192 ], [ -122.37040654071366, 47.505828684776489 ], [ -122.370408260088311, 47.505761116519793 ], [ -122.370416545249341, 47.505696054372251 ], [ -122.370421214691902, 47.505674774759903 ], [ -122.37043204388209, 47.505627760785394 ], [ -122.370438067984097, 47.505606232345706 ], [ -122.37046585556952, 47.505507548637318 ], [ -122.370493578476214, 47.505409093518452 ], [ -122.370501387530638, 47.505381354683102 ], [ -122.370517004741146, 47.50532587575465 ], [ -122.370538662223169, 47.505234354570547 ], [ -122.370552376801399, 47.505139657666803 ], [ -122.37055791760902, 47.505049337690679 ], [ -122.370563549142133, 47.504606625682214 ], [ -122.370564595678488, 47.504527891805921 ], [ -122.370572104689089, 47.503962887336066 ], [ -122.370573252735042, 47.503876545652624 ], [ -122.370578015601865, 47.503812096514196 ], [ -122.370589835633609, 47.503751025021742 ], [ -122.370608684084118, 47.503690765424025 ], [ -122.370634443274113, 47.503631694578253 ], [ -122.370666954201752, 47.503574173565205 ], [ -122.370706113560828, 47.503518431173362 ], [ -122.370768329977949, 47.503438129376313 ], [ -122.370843669882831, 47.503340876802298 ], [ -122.370931172078329, 47.503248267706297 ], [ -122.370971563926176, 47.503211024366543 ], [ -122.371408525135521, 47.502808121483639 ], [ -122.371430176330151, 47.502787701229018 ], [ -122.37207050623536, 47.502184231146764 ], [ -122.372162664399085, 47.502103342287249 ], [ -122.372265887112221, 47.502024726029767 ], [ -122.372624411026194, 47.5017696860304 ], [ -122.372644000587371, 47.501754903219712 ], [ -122.372666299467426, 47.501738075850071 ], [ -122.372696038194519, 47.501715635505271 ], [ -122.372712255480153, 47.501703396692442 ], [ -122.372730500263387, 47.501689627948721 ], [ -122.372748745944875, 47.501675860415133 ], [ -122.373114323430187, 47.501399986464257 ], [ -122.37313313954192, 47.501385787365223 ], [ -122.373812661146914, 47.500841106976942 ], [ -122.373848804861908, 47.500809755983745 ], [ -122.373881665234464, 47.500776234754625 ], [ -122.373910626918757, 47.5007411004053 ], [ -122.373935585710072, 47.500704457316729 ], [ -122.373956205638578, 47.500666841365444 ], [ -122.373972555874573, 47.500628151199493 ], [ -122.37398455467131, 47.500588200502442 ], [ -122.373991849889251, 47.500548929488069 ], [ -122.374071889773319, 47.499925055395451 ], [ -122.374076297806099, 47.499901560100746 ], [ -122.374079355671114, 47.499885260742154 ], [ -122.374100318755168, 47.499773531983138 ], [ -122.37413719100276, 47.499652987200932 ], [ -122.374143998435699, 47.499630732889443 ], [ -122.374290811893943, 47.499228509571317 ], [ -122.374297993924415, 47.499208880538603 ], [ -122.3743185725302, 47.499152634030672 ], [ -122.374555361244092, 47.498505432533179 ], [ -122.374862388329191, 47.497666227913015 ], [ -122.374932270967918, 47.49750471351112 ], [ -122.375024364452045, 47.497343054164439 ], [ -122.375034726518592, 47.4973269245571 ], [ -122.37508096190696, 47.497254956077661 ], [ -122.37509009597656, 47.497240735829045 ], [ -122.375219580935436, 47.497039176895221 ], [ -122.375247616456534, 47.49699553456044 ], [ -122.375324051407489, 47.496876553525588 ], [ -122.375482996615986, 47.496673779330735 ], [ -122.375605035440074, 47.496518086007555 ], [ -122.375664715014878, 47.496441948602858 ], [ -122.375729250882358, 47.496391705356828 ], [ -122.375761018903688, 47.496366973975015 ], [ -122.376595676862252, 47.495769521963467 ], [ -122.380141681183773, 47.493209563087866 ], [ -122.380296306397682, 47.493306862348767 ], [ -122.389281700577726, 47.498965559467138 ], [ -122.394103349529885, 47.504698851763315 ], [ -122.395515720361558, 47.506376554296601 ], [ -122.399754736398137, 47.512355548892714 ], [ -122.399846374439477, 47.512448843322161 ], [ -122.401344740092568, 47.513947547383289 ], [ -122.403620745853289, 47.516228545297317 ], [ -122.402748753942092, 47.519345544842039 ], [ -122.40243097224851, 47.522014368310181 ], [ -122.4003782383177, 47.524567985465843 ], [ -122.404742775921193, 47.528272541106382 ], [ -122.405492782980616, 47.531388539429912 ], [ -122.404932439969571, 47.532255831461377 ], [ -122.403372791295155, 47.534673540554422 ], [ -122.402162450707877, 47.535969832845993 ], [ -122.401251797077748, 47.536947540625185 ], [ -122.401744805118611, 47.540093539671098 ], [ -122.403733014947719, 47.544863110659712 ], [ -122.40341482091489, 47.546494537561841 ], [ -122.402859827395176, 47.549327536954152 ], [ -122.404627835878728, 47.552810534054871 ], [ -122.405275509534064, 47.554087821280163 ], [ -122.40597984263043, 47.555475531654409 ], [ -122.409770856245629, 47.56027852720252 ], [ -122.413467866548288, 47.564402523392332 ], [ -122.413717873113612, 47.567097522770439 ], [ -122.414279553731888, 47.567539807491883 ], [ -122.415964876759404, 47.568866520453255 ], [ -122.419021563404996, 47.570272800015502 ], [ -122.423916888541385, 47.572523512403926 ], [ -122.424202887874102, 47.572655511444651 ], [ -122.425449895947892, 47.575770509473372 ], [ -122.424950901602472, 47.5782975098926 ], [ -122.42320790587037, 47.579846510679296 ], [ -122.422579906240188, 47.580403511190617 ], [ -122.421403597417807, 47.580774793706013 ], [ -122.413291604742483, 47.583337801152979 ], [ -122.413115912240428, 47.583393518722033 ], [ -122.411935605915062, 47.58376580283241 ], [ -122.41084691427335, 47.584109519411527 ], [ -122.406823612577995, 47.586092807387573 ], [ -122.405230614827417, 47.586879808542747 ], [ -122.404621920887877, 47.587180523845831 ], [ -122.399962626365834, 47.590781813466485 ], [ -122.396790933851207, 47.593234529602043 ], [ -122.396234936887055, 47.59389152945063 ], [ -122.393792943185829, 47.596771531136177 ], [ -122.389953947946239, 47.599395533272421 ], [ -122.387797950861483, 47.600645535342004 ], [ -122.383925946979844, 47.59938253950812 ], [ -122.379803942846536, 47.597529543451905 ], [ -122.377929935862056, 47.594665545077163 ], [ -122.375686927006001, 47.591375547745393 ], [ -122.374017619142762, 47.590002842328133 ], [ -122.3724289198055, 47.588694551867192 ], [ -122.364479922835983, 47.590534557702945 ], [ -122.360118621919312, 47.591543857885149 ], [ -122.34985092858588, 47.59392056965681 ], [ -122.346526932096737, 47.595676572799242 ], [ -122.344850407228037, 47.599227113034679 ], [ -122.344353012651951, 47.590985475330754 ], [ -122.344349011553803, 47.590825476244916 ], [ -122.344341009356498, 47.590430475839362 ], [ -122.344239612857848, 47.585503846349141 ], [ -122.344210980842632, 47.584491478295853 ], [ -122.344139965387029, 47.581235480080331 ], [ -122.34410563984747, 47.580049392321321 ], [ -122.344077545914999, 47.578364585826542 ], [ -122.343996934650079, 47.57465648258264 ], [ -122.344231111961648, 47.574021291932389 ], [ -122.34454292796535, 47.573175481882465 ], [ -122.344644923569177, 47.572216481859662 ], [ -122.344713303326245, 47.572037201187158 ], [ -122.344867095795891, 47.571633980158353 ], [ -122.344900576005358, 47.571546200735 ], [ -122.344919920325992, 47.571495482119005 ], [ -122.345007236568279, 47.57123672035123 ], [ -122.345036919599238, 47.571165481730652 ], [ -122.345067728219249, 47.571094919994088 ], [ -122.345120918363747, 47.570959481194308 ], [ -122.345169815459599, 47.570830393091768 ], [ -122.345176475568934, 47.57081555276698 ], [ -122.345207127882148, 47.570747548800547 ], [ -122.345212860930147, 47.570732532690535 ], [ -122.345758910839862, 47.569302481216788 ], [ -122.346150150488953, 47.568290242925315 ], [ -122.346560901545331, 47.567227481735053 ], [ -122.346683898869827, 47.566910481168158 ], [ -122.34680889853982, 47.566654480665555 ], [ -122.346701891206308, 47.565231481798612 ], [ -122.346678713768497, 47.564794274038768 ], [ -122.346661440062647, 47.564688724929297 ], [ -122.346646887352762, 47.564493482276973 ], [ -122.346608274167096, 47.564363891500733 ], [ -122.346493270043794, 47.564005530972054 ], [ -122.345363868499746, 47.560176485293738 ], [ -122.345069862472627, 47.55918948594001 ], [ -122.34059982487436, 47.55122549573727 ], [ -122.340559473449176, 47.551140183713187 ], [ -122.338114802677978, 47.546526500723324 ], [ -122.337734798237193, 47.545806501380042 ], [ -122.33752979729536, 47.545417502105167 ], [ -122.336692790216034, 47.543832504228355 ], [ -122.335576786182799, 47.543041505735857 ], [ -122.335330785235783, 47.542867506380908 ], [ -122.335086783938621, 47.542694506400977 ], [ -122.334678665828022, 47.542405065753933 ], [ -122.334284781523166, 47.542125507319327 ], [ -122.334261796329827, 47.542109270192704 ], [ -122.334178827031423, 47.542051636720863 ], [ -122.329017763149807, 47.53839251621806 ], [ -122.328400761582117, 47.537999516947998 ], [ -122.327196757685883, 47.537232519140915 ], [ -122.320084735360268, 47.532701530083934 ], [ -122.318494594231808, 47.531789230955397 ], [ -122.31848831051127, 47.531361615427528 ], [ -122.318484655263376, 47.531112911295622 ], [ -122.318483360789998, 47.531024792248488 ], [ -122.318484427987812, 47.530965370050509 ], [ -122.318485307437953, 47.530924847433077 ], [ -122.318486821996743, 47.530855088532086 ], [ -122.318492774230478, 47.530580972248146 ], [ -122.318494508876299, 47.530501164943338 ], [ -122.318496345031747, 47.530416497908256 ] ] ] } },
{ "type": "Feature", "properties": { "DISTRICT": "W", "objectid": 9, "beat": "D1", "sector": "D", "TOTAL": 130931.01495937175, "WHITE": 75355.952199092746, "BLACK": 4923.4354087941138, "AMERICAN_INDIAN": 380.21700061978106, "ASIAN": 30945.036603653218, "PACIFIC_ISLANDER": 100.61515107552182, "OTHER": 940.153917547265, "TWO_OR_MORE": 8341.569422816734, "HISPANIC": 9944.0352557723782, "WHITE_PCT": 0.576, "BLACK_PCT": 0.038, "AMERICAN_INDIAN_PCT": 0.003, "ASIAN_PCT": 0.236, "PACIFIC_ISLANDER_PCT": 0.001, "OTHER_PCT": 0.007, "TWO_OR_MORE_PCT": 0.064, "HISPANIC_PCT": 0.076 }, "geometry": { "type": "Polygon", "coordinates": [ [ [ -122.349889672191424, 47.607631865087441 ], [ -122.351268965254377, 47.609016565901264 ], [ -122.35136796678556, 47.60906756551892 ], [ -122.35454068253101, 47.610726858906105 ], [ -122.358242689236931, 47.612663854010307 ], [ -122.361623694653119, 47.614432849720835 ], [ -122.36230426729783, 47.614788260599106 ], [ -122.369589710278291, 47.618599838401664 ], [ -122.369916992588571, 47.618770547139334 ], [ -122.374221718546551, 47.621021832011593 ], [ -122.375543001993506, 47.621712542038694 ], [ -122.376300722853458, 47.622108828458522 ], [ -122.379869839982291, 47.623976709714569 ], [ -122.387741734589682, 47.625318814083649 ], [ -122.389761012599465, 47.625662526532629 ], [ -122.393675739454835, 47.626697806587273 ], [ -122.398659019527528, 47.628015517487405 ], [ -122.398962746213357, 47.628094799115487 ], [ -122.406034025417227, 47.629952510229195 ], [ -122.408683029639818, 47.631449507466037 ], [ -122.416406772330973, 47.635814775274469 ], [ -122.417658043779994, 47.636521497098869 ], [ -122.420533053371244, 47.639974493065637 ], [ -122.421774057990277, 47.641943491289119 ], [ -122.42240480291575, 47.645005763163859 ], [ -122.422531067424174, 47.645616489190296 ], [ -122.423032074958371, 47.64839648869345 ], [ -122.424402819654659, 47.649909757956735 ], [ -122.425445080990812, 47.651059485090784 ], [ -122.431595092985191, 47.655184477011545 ], [ -122.431931092547373, 47.655390477014805 ], [ -122.438744100725685, 47.657892468473868 ], [ -122.441245107523287, 47.660840465501082 ], [ -122.440120116794347, 47.664208464975189 ], [ -122.43699312084668, 47.665977467763547 ], [ -122.431247876310252, 47.667362741192832 ], [ -122.425257136635352, 47.673280477187063 ], [ -122.419562149297036, 47.678905481706295 ], [ -122.414272420621245, 47.675698304813622 ], [ -122.413514416791202, 47.675238306172488 ], [ -122.411101409874917, 47.673774312709455 ], [ -122.408398402529144, 47.672135318867007 ], [ -122.408053400949456, 47.671926319889586 ], [ -122.406686395045469, 47.670751322699964 ], [ -122.406729394698473, 47.670373323512557 ], [ -122.406040387759674, 47.669039325812044 ], [ -122.405729385613839, 47.668587326896059 ], [ -122.405348383146787, 47.668033326903441 ], [ -122.404363378633633, 47.667179330519708 ], [ -122.403655703815673, 47.666733507900652 ], [ -122.403636376562275, 47.666721331202176 ], [ -122.40352737498533, 47.666667331551565 ], [ -122.4027453735618, 47.666280334134697 ], [ -122.402059373298002, 47.666079334833505 ], [ -122.402016632355028, 47.666067113819707 ], [ -122.397353964599404, 47.664733761704042 ], [ -122.393695360905326, 47.663687353672778 ], [ -122.392613778530318, 47.663996775562552 ], [ -122.392524362024147, 47.664022354737426 ], [ -122.392236349568023, 47.663983509236715 ], [ -122.391233360791631, 47.663846357308316 ], [ -122.391060360539399, 47.663817358001275 ], [ -122.390678360050018, 47.663754359034094 ], [ -122.390128360229639, 47.663665360181113 ], [ -122.387453356978966, 47.66322736595351 ], [ -122.386032737828899, 47.662592708351319 ], [ -122.380414340752807, 47.660082380805832 ], [ -122.376238763804736, 47.659360636118308 ], [ -122.376040337636681, 47.659326389150621 ], [ -122.372103532883202, 47.658011404023185 ], [ -122.371726329396665, 47.657885398653157 ], [ -122.370514327803832, 47.657481401426232 ], [ -122.369156768592077, 47.657028900659832 ], [ -122.367352321780487, 47.65642740731969 ], [ -122.36612031829678, 47.655795410527446 ], [ -122.364409941261528, 47.654918820999235 ], [ -122.362450310480142, 47.653914418541859 ], [ -122.360552304127296, 47.652927422497328 ], [ -122.355461292681724, 47.650423432731898 ], [ -122.354476289969682, 47.649939434681215 ], [ -122.351402485028274, 47.648557188984896 ], [ -122.351238296350118, 47.64848519988989 ], [ -122.35011221771444, 47.647979157130507 ], [ -122.349762500878427, 47.64781735463221 ], [ -122.348418275359293, 47.647274447615509 ], [ -122.347378273294922, 47.646856450054685 ], [ -122.347308823641853, 47.646828565154856 ], [ -122.347246273948457, 47.646803450213319 ], [ -122.347053272705821, 47.646716449865984 ], [ -122.345351331742933, 47.64531070566396 ], [ -122.34307025769202, 47.643426459341129 ], [ -122.340936488484175, 47.641663775139463 ], [ -122.340442246191103, 47.641255465231723 ], [ -122.338407238664558, 47.639573469452309 ], [ -122.33835123858772, 47.639527468318363 ], [ -122.337551238526274, 47.639727470670231 ], [ -122.332634260482877, 47.644465478280985 ], [ -122.33140226510605, 47.645652480179692 ], [ -122.329778272792723, 47.647216482117763 ], [ -122.327674282782397, 47.649244486451551 ], [ -122.326983284302784, 47.649909486779713 ], [ -122.326550286460701, 47.650327487752698 ], [ -122.323220295517785, 47.652418493550265 ], [ -122.322641178609601, 47.652779567931823 ], [ -122.322522644112468, 47.652852872094726 ], [ -122.322527190481679, 47.652487776541477 ], [ -122.322528012439378, 47.65242178787625 ], [ -122.322537000078881, 47.65201992503485 ], [ -122.322540419960973, 47.651669350595164 ], [ -122.322550362508281, 47.651158496322196 ], [ -122.322575133537214, 47.649922399665201 ], [ -122.322577377526869, 47.649763154538526 ], [ -122.322596568223815, 47.648737060386217 ], [ -122.32261065918857, 47.648018412901557 ], [ -122.322614166210627, 47.64795446773082 ], [ -122.322658634603883, 47.647143544696043 ], [ -122.322670483379852, 47.646927489564227 ], [ -122.322701621675591, 47.646359670560003 ], [ -122.322724216990906, 47.64562349562749 ], [ -122.322725578836383, 47.645579145986794 ], [ -122.322798118664807, 47.643195109769415 ], [ -122.322804803924427, 47.642973116047898 ], [ -122.322807056898142, 47.642890519094095 ], [ -122.322809432042462, 47.64278317614712 ], [ -122.322822475574355, 47.642289335588693 ], [ -122.322832378597482, 47.641914419837896 ], [ -122.322833094554355, 47.641878480039239 ], [ -122.322837461263276, 47.641740001427586 ], [ -122.322844799597931, 47.641507223740533 ], [ -122.322870962119239, 47.640436767128818 ], [ -122.322887418348273, 47.639723874201025 ], [ -122.322891493104223, 47.639546531036714 ], [ -122.322913691361435, 47.638580476422234 ], [ -122.32294908676154, 47.637039904017506 ], [ -122.322950173722461, 47.636992616189474 ], [ -122.322977485197683, 47.636637629852444 ], [ -122.323008411495039, 47.636405623603849 ], [ -122.323052205259259, 47.63606852286248 ], [ -122.323140082047573, 47.635590436554175 ], [ -122.32324068976078, 47.635172248033662 ], [ -122.323336044127657, 47.634874154829454 ], [ -122.32334879301763, 47.634834298527707 ], [ -122.323377643310153, 47.634744008837181 ], [ -122.323485710634401, 47.634405801714522 ], [ -122.324008465433991, 47.633120338620145 ], [ -122.324074762896473, 47.632958014891145 ], [ -122.324163666462312, 47.632740343504253 ], [ -122.32431711308169, 47.632432623907583 ], [ -122.32442339904884, 47.632263149922203 ], [ -122.324561435969002, 47.632052684932269 ], [ -122.324578402449461, 47.632026829183779 ], [ -122.324878287933601, 47.631648381915589 ], [ -122.325091485096593, 47.631419222372855 ], [ -122.325283098438803, 47.631227901982683 ], [ -122.325375372485198, 47.631145055811444 ], [ -122.325576684039262, 47.630964622739164 ], [ -122.32576418489441, 47.63079848931983 ], [ -122.326396208977016, 47.630238483670205 ], [ -122.32652528789842, 47.630124109186383 ], [ -122.326560144327601, 47.630092935969621 ], [ -122.32671220125529, 47.6299569439335 ], [ -122.326899214325238, 47.629789687942633 ], [ -122.327189441125057, 47.629536317809958 ], [ -122.327256623429264, 47.629476716122092 ], [ -122.32728232692412, 47.629453913317192 ], [ -122.327430613622695, 47.629322357780737 ], [ -122.327462586459816, 47.629289552540996 ], [ -122.327511058653457, 47.629239818552421 ], [ -122.327599852626349, 47.629148233328841 ], [ -122.327669787368492, 47.629076099431856 ], [ -122.327690592350123, 47.629054639228706 ], [ -122.327749877564585, 47.62898598080681 ], [ -122.327780397825833, 47.628950635699354 ], [ -122.327870888716191, 47.628845839491724 ], [ -122.327939922447939, 47.628764780326776 ], [ -122.327958045958439, 47.628737536577972 ], [ -122.328036791376249, 47.628619155268538 ], [ -122.328078049199746, 47.628557131518619 ], [ -122.32809528697139, 47.628531215921775 ], [ -122.328109927713527, 47.628502338665719 ], [ -122.328162365070128, 47.628398910990661 ], [ -122.328220253403856, 47.628284732871755 ], [ -122.328254737031486, 47.628192849324144 ], [ -122.328266923576152, 47.628160458686828 ], [ -122.328356932069525, 47.627920775701881 ], [ -122.328438622161869, 47.627558054681082 ], [ -122.328502891225142, 47.6271224771262 ], [ -122.328504772291694, 47.626656514995972 ], [ -122.328509397703229, 47.625511346122821 ], [ -122.328511108989176, 47.625125045671574 ], [ -122.328523504839481, 47.624939825130511 ], [ -122.328522690963453, 47.624743523601204 ], [ -122.328521938173026, 47.624561994358388 ], [ -122.32852076586812, 47.624279159250165 ], [ -122.328516421602785, 47.623231262984959 ], [ -122.328531653433529, 47.622970875752337 ], [ -122.328514146163556, 47.622682169235929 ], [ -122.328511224833733, 47.621977533221404 ], [ -122.328508069042954, 47.621216003727874 ], [ -122.328501292132657, 47.619580693736118 ], [ -122.32850070732772, 47.619439414880944 ], [ -122.328496832882578, 47.618504338229592 ], [ -122.328493115653686, 47.618483009323057 ], [ -122.328659038968013, 47.617674137544093 ], [ -122.328838018398116, 47.61699513312459 ], [ -122.329059687565504, 47.616185681222554 ], [ -122.329064850183116, 47.616158018538655 ], [ -122.329309686904224, 47.615562076165716 ], [ -122.329422744370305, 47.615263082064658 ], [ -122.329538951329781, 47.614955753102699 ], [ -122.329704376981908, 47.614518218103264 ], [ -122.329748640567189, 47.61436627056915 ], [ -122.330202287975084, 47.613319964490678 ], [ -122.330325648219343, 47.613035432268845 ], [ -122.330379206672745, 47.612865352782897 ], [ -122.330286281347227, 47.612905321521318 ], [ -122.330173635306423, 47.612951045115103 ], [ -122.330539940417424, 47.611875744946076 ], [ -122.330548293850967, 47.611851328414808 ], [ -122.330773840150215, 47.611298279239207 ], [ -122.330822474039792, 47.611179026937599 ], [ -122.330897433057515, 47.610962056381069 ], [ -122.330979382764056, 47.610688355426696 ], [ -122.331045112489136, 47.610348450740005 ], [ -122.33105689119661, 47.610145850493275 ], [ -122.331067643129373, 47.609907538401266 ], [ -122.331061886723788, 47.609806050081843 ], [ -122.331049759464904, 47.609592195827112 ], [ -122.330969583923618, 47.609253856835522 ], [ -122.330853953675117, 47.608937378393193 ], [ -122.330769188642932, 47.608755350337177 ], [ -122.330751047165066, 47.608697030705272 ], [ -122.330674469378039, 47.608483684285808 ], [ -122.330628924792236, 47.608399699804153 ], [ -122.330610573108899, 47.608365860932061 ], [ -122.330581490151019, 47.608312233969642 ], [ -122.330456163488748, 47.608112459635777 ], [ -122.330231566698359, 47.607805953513541 ], [ -122.329866590177389, 47.60737275632632 ], [ -122.329742609191939, 47.607218504115487 ], [ -122.32932206917458, 47.60668274657106 ], [ -122.329281631511634, 47.606631229817197 ], [ -122.329403318197379, 47.60658076867702 ], [ -122.329293813562884, 47.606445026177937 ], [ -122.328329678706226, 47.605250090817648 ], [ -122.32821095735693, 47.605106715152601 ], [ -122.327597293026372, 47.604374498612479 ], [ -122.327577062965986, 47.604351497095351 ], [ -122.327171854496612, 47.603900138730538 ], [ -122.326945737756759, 47.603595302657631 ], [ -122.326652135980126, 47.603325656458708 ], [ -122.326106488491718, 47.602776386369925 ], [ -122.325286129001555, 47.602050518998183 ], [ -122.325203801998398, 47.601977672946369 ], [ -122.324953534052682, 47.601712684242031 ], [ -122.324851073109983, 47.601711979794523 ], [ -122.324795613819447, 47.60171244619643 ], [ -122.324718942610176, 47.60171309007324 ], [ -122.32462264411032, 47.601713899310788 ], [ -122.324529226507622, 47.601714134329228 ], [ -122.324257057638505, 47.601714947807658 ], [ -122.324188210755352, 47.601714176731235 ], [ -122.324138418037634, 47.601714519566926 ], [ -122.323884922448272, 47.60171205672588 ], [ -122.32381048445076, 47.601711333500951 ], [ -122.323755341367189, 47.601711242643802 ], [ -122.323596127559981, 47.601711002781023 ], [ -122.323515555865782, 47.601710881032503 ], [ -122.322631086317656, 47.60170955088433 ], [ -122.322461676631946, 47.601709154141069 ], [ -122.32171064014085, 47.601707785831948 ], [ -122.32159005299242, 47.601707565957547 ], [ -122.321501474614024, 47.601707403626058 ], [ -122.320752174566337, 47.601706032288341 ], [ -122.320177482754886, 47.60170502135086 ], [ -122.319596530584178, 47.601703997087633 ], [ -122.319418020066394, 47.601703681510351 ], [ -122.318112508349216, 47.601701353749384 ], [ -122.317837977809248, 47.601700840709029 ], [ -122.317765554732091, 47.601629745904646 ], [ -122.317460132024294, 47.601329932564497 ], [ -122.317408030635661, 47.601278786691836 ], [ -122.317359144317479, 47.60123079718597 ], [ -122.317326182434442, 47.601198441330069 ], [ -122.317242835843317, 47.601116621514599 ], [ -122.317141294774288, 47.601016941185705 ], [ -122.317095047706403, 47.600971540913662 ], [ -122.317051001510961, 47.600928300619003 ], [ -122.316979926805104, 47.600858531910902 ], [ -122.316889628151927, 47.60077121156106 ], [ -122.316855908090815, 47.600738601621025 ], [ -122.316724152186922, 47.60061118242843 ], [ -122.316688171066247, 47.600577107734857 ], [ -122.316651546751785, 47.600543347392851 ], [ -122.316614288226774, 47.600509905037455 ], [ -122.316588098742756, 47.600486916358612 ], [ -122.316561611916427, 47.600464085159729 ], [ -122.316534824154445, 47.600441413863827 ], [ -122.31651377842384, 47.600423880370691 ], [ -122.316492553928455, 47.600406447423055 ], [ -122.316471152464999, 47.600389113203875 ], [ -122.316430194677636, 47.600356601154246 ], [ -122.316388617951048, 47.600324449495233 ], [ -122.31634642857351, 47.600292667919163 ], [ -122.316305387242863, 47.600262529677693 ], [ -122.316263793448329, 47.600232740927083 ], [ -122.316221942735694, 47.600203510646047 ], [ -122.316221648986527, 47.600203308330968 ], [ -122.316180541180628, 47.600175277992797 ], [ -122.316138933013065, 47.600147587456576 ], [ -122.316096837958611, 47.600120237328646 ], [ -122.316088888766672, 47.600115160059815 ], [ -122.316080935981418, 47.600110085819132 ], [ -122.316078945314729, 47.600108818016004 ], [ -122.316023535431114, 47.600074139077321 ], [ -122.315973473218421, 47.600043726311746 ], [ -122.31592279655807, 47.600013787214088 ], [ -122.315901681657323, 47.600007734699943 ], [ -122.315885052942988, 47.599995123273942 ], [ -122.315868748520458, 47.599982757168171 ], [ -122.315823393479931, 47.599957480390621 ], [ -122.315814027644706, 47.599952274689805 ], [ -122.315813891100845, 47.599952201395652 ], [ -122.315758666270227, 47.599922327059502 ], [ -122.315758528827999, 47.599922254976796 ], [ -122.31572040612383, 47.599902144503432 ], [ -122.315720268681545, 47.59990207242069 ], [ -122.315681849533377, 47.59988222119528 ], [ -122.315681710294513, 47.599882150323921 ], [ -122.315642995600598, 47.599862566827014 ], [ -122.31564285636172, 47.599862497167202 ], [ -122.315563181185652, 47.599823418589025 ], [ -122.315563040150167, 47.599823351957795 ], [ -122.315482206147394, 47.599785381246399 ], [ -122.315482066908487, 47.599785306740557 ], [ -122.315400113604937, 47.59974845601306 ], [ -122.315399962688019, 47.599748389381752 ], [ -122.315371500466483, 47.599735962643777 ], [ -122.315371349549494, 47.599735897829667 ], [ -122.31534275168238, 47.599723607380085 ], [ -122.315342599867023, 47.599723543171706 ], [ -122.315313878032441, 47.599711387799154 ], [ -122.315313726217141, 47.599711324802236 ], [ -122.315255629472674, 47.599687309043802 ], [ -122.315255474962456, 47.59968724725838 ], [ -122.315196887737727, 47.599663785741058 ], [ -122.315196733227552, 47.599663725772793 ], [ -122.315137650132911, 47.599640830612095 ], [ -122.315137496520975, 47.599640773066795 ], [ -122.315084018015398, 47.599620674600096 ], [ -122.315083865301801, 47.599620617054768 ], [ -122.315042848225886, 47.599605643146894 ], [ -122.315042691020707, 47.599605585601545 ], [ -122.315036437847965, 47.599603304987767 ], [ -122.315036278846136, 47.59960324804819 ], [ -122.314967146298457, 47.599578777934433 ], [ -122.31496698639836, 47.599578722811962 ], [ -122.314933013910874, 47.599567058056138 ], [ -122.314932899824825, 47.599567019288678 ], [ -122.314932855807385, 47.599567003539413 ], [ -122.314932740823053, 47.599566963560491 ], [ -122.314878469105096, 47.599548188610399 ], [ -122.314878311001564, 47.599548132882184 ], [ -122.314778153338807, 47.599513371191144 ], [ -122.31477799523536, 47.599513316674404 ], [ -122.314777217294306, 47.599513045907806 ], [ -122.314777059190845, 47.599512991391059 ], [ -122.314675966381856, 47.599477900758664 ], [ -122.314675808278395, 47.599477846241896 ], [ -122.314630244828805, 47.599462031522798 ], [ -122.31463013882761, 47.599461994572515 ], [ -122.314602355732447, 47.599452203957874 ], [ -122.314602320698157, 47.599452191237269 ], [ -122.314602251527887, 47.599452165796052 ], [ -122.314602163493007, 47.599452133691706 ], [ -122.31457471636773, 47.599442063827873 ], [ -122.314574560959201, 47.599442003859373 ], [ -122.314540493250306, 47.599428828956334 ], [ -122.314540339638398, 47.59942876656487 ], [ -122.314506742646699, 47.599415053758811 ], [ -122.314506591729739, 47.599414989550063 ], [ -122.314473480726562, 47.599400744292218 ], [ -122.314473332504548, 47.599400677660491 ], [ -122.314434894491797, 47.599383195306793 ], [ -122.314434751659647, 47.599383128069327 ], [ -122.314397056553602, 47.599364921846259 ], [ -122.314396916416428, 47.599364850974311 ], [ -122.314359983979998, 47.59934594389938 ], [ -122.314359849232716, 47.599345870604452 ], [ -122.314335584838503, 47.599332809557019 ], [ -122.314335450989518, 47.599332733839049 ], [ -122.314309666645798, 47.599318283817318 ], [ -122.314309535491759, 47.599318206282071 ], [ -122.314269473324885, 47.599294673121328 ], [ -122.314269345764117, 47.599294593163094 ], [ -122.314228669149571, 47.599269001671601 ], [ -122.314228544283722, 47.59926891929031 ], [ -122.314189151361674, 47.59924242462062 ], [ -122.314189029190771, 47.59924233981635 ], [ -122.314152204552116, 47.599215885718067 ], [ -122.314152068008198, 47.599215793039058 ], [ -122.314152041058705, 47.599215771232224 ], [ -122.314151953922163, 47.599215697331346 ], [ -122.314114727736566, 47.599187102514868 ], [ -122.314079847950481, 47.599158453165664 ], [ -122.31404637762104, 47.599129045406492 ], [ -122.314014353579211, 47.599098908917647 ], [ -122.313983811757581, 47.599068078225443 ], [ -122.313954782698872, 47.599036585433311 ], [ -122.313927297844145, 47.599004468702098 ], [ -122.313901384142824, 47.598971754077866 ], [ -122.313795178121993, 47.598831121000558 ], [ -122.313776298229385, 47.59880612049421 ], [ -122.313671533106316, 47.598667393877662 ], [ -122.313603979796056, 47.598577947313558 ], [ -122.313603952846677, 47.59857791036265 ], [ -122.313603929490441, 47.598577880075062 ], [ -122.313562253948902, 47.598522687503404 ], [ -122.313421968540723, 47.598336921433052 ], [ -122.313178631096832, 47.598021254077373 ], [ -122.312774766506223, 47.597497314099734 ], [ -122.312358065888276, 47.596949416071837 ], [ -122.312163196147765, 47.596693188657461 ], [ -122.312135997855592, 47.596657424934975 ], [ -122.311560219073456, 47.595900336001094 ], [ -122.31155376018647, 47.595891838068034 ], [ -122.311553739525223, 47.595891810807771 ], [ -122.311551757841684, 47.595889203514652 ], [ -122.311547081212268, 47.595883051174788 ], [ -122.311545162410781, 47.595880529296721 ], [ -122.311544424893938, 47.595879561859903 ], [ -122.311530088680144, 47.595860846164847 ], [ -122.311723018954424, 47.595828528785709 ], [ -122.311923770860275, 47.595824294957005 ], [ -122.312159247143214, 47.59581932994589 ], [ -122.312195153703357, 47.595818922252668 ], [ -122.312195592081196, 47.595818919223753 ], [ -122.312197232404941, 47.595818921646902 ], [ -122.31221852068046, 47.595818971321087 ], [ -122.312272813059465, 47.59581907248679 ], [ -122.312539414170374, 47.595819566805538 ], [ -122.312699246916821, 47.595819862427497 ], [ -122.312835723466009, 47.595820115038897 ], [ -122.312972235049472, 47.595820367650283 ], [ -122.313059047339948, 47.595820528182706 ], [ -122.313427205688413, 47.595821207265125 ], [ -122.313500003362222, 47.595821341748866 ], [ -122.313982037545628, 47.595822229220502 ], [ -122.314048989881869, 47.595822352800191 ], [ -122.314098330747044, 47.595822440032883 ], [ -122.314121258447969, 47.595822480014512 ], [ -122.314237087220363, 47.595822693855851 ], [ -122.314776678260486, 47.59582368552207 ], [ -122.315347410298301, 47.595824733526058 ], [ -122.315809266523857, 47.595825576169723 ], [ -122.315809412949264, 47.59582557616973 ], [ -122.315810544826519, 47.595825576775518 ], [ -122.315820799993759, 47.595825581621689 ], [ -122.315820906893293, 47.595825581621703 ], [ -122.315937640269155, 47.595825611304527 ], [ -122.315943103822676, 47.595825611910229 ], [ -122.316119781777303, 47.59582565976622 ], [ -122.316420885381589, 47.595825771228952 ], [ -122.316423426715531, 47.595825773046258 ], [ -122.317270220920733, 47.595826090472656 ], [ -122.317285186853283, 47.595826067452748 ], [ -122.31730833284486, 47.595826032317149 ], [ -122.317330770065652, 47.595826083202908 ], [ -122.317386485376019, 47.595826207994186 ], [ -122.317890158177988, 47.595827340202526 ], [ -122.318288133407322, 47.595828232520837 ], [ -122.318464514019553, 47.595828628097088 ], [ -122.318557730399689, 47.59582883709222 ], [ -122.318582024438157, 47.595828892218428 ], [ -122.318590153293144, 47.59582891160349 ], [ -122.31863262653799, 47.595829006105639 ], [ -122.318783022482421, 47.595829424096067 ], [ -122.318940109079037, 47.595829856019527 ], [ -122.319074396433876, 47.595830226153033 ], [ -122.319077179414649, 47.595830232816624 ], [ -122.319230272101549, 47.595830655653309 ], [ -122.319266010676685, 47.595830664739871 ], [ -122.319390724685519, 47.59583069805732 ], [ -122.31953685812401, 47.595831217819537 ], [ -122.319668228649064, 47.595831315350054 ], [ -122.319734487485903, 47.59583143529504 ], [ -122.319787877956372, 47.595831526162407 ], [ -122.319955420044565, 47.595831728493458 ], [ -122.320023625530624, 47.595831958085377 ], [ -122.320255584909361, 47.595832550541211 ], [ -122.320388858066238, 47.595833276270199 ], [ -122.320555942002898, 47.594944452792063 ], [ -122.32059238395658, 47.594750768973277 ], [ -122.32073250586177, 47.594136420660014 ], [ -122.320808391939437, 47.593803701733222 ], [ -122.320821277373184, 47.593747205271747 ], [ -122.320825180552845, 47.59373009057218 ], [ -122.320838736129716, 47.59367065767308 ], [ -122.320883103023036, 47.593658150130146 ], [ -122.321104926709651, 47.593596363575301 ], [ -122.321135431699901, 47.59358792100241 ], [ -122.321418020126984, 47.593511056935824 ], [ -122.32146681301964, 47.593498413653002 ], [ -122.32236769388652, 47.593243253741313 ], [ -122.322492028805939, 47.593208037739814 ], [ -122.32255331367088, 47.593191305132848 ], [ -122.323096989348784, 47.593040810177158 ], [ -122.323179540031319, 47.593017990873804 ], [ -122.323277644144568, 47.592990616420416 ], [ -122.323314113948229, 47.592980333882352 ], [ -122.323566932206916, 47.592909626460312 ], [ -122.32368055112336, 47.592877633189339 ], [ -122.323882027070624, 47.592820900669182 ], [ -122.324046619989204, 47.592774553657406 ], [ -122.324124421278839, 47.592752645997116 ], [ -122.324161804669174, 47.59274291592029 ], [ -122.324793584414778, 47.592574984117512 ], [ -122.325173397504471, 47.592474499942135 ], [ -122.325469987073717, 47.592416669231454 ], [ -122.325558410043314, 47.592398885266356 ], [ -122.325923414405977, 47.592331100163371 ], [ -122.325982599908144, 47.592320108680305 ], [ -122.326402520080478, 47.592235384581855 ], [ -122.326659182230543, 47.592187553987571 ], [ -122.326687450415804, 47.592182286324963 ], [ -122.326795480014596, 47.592155738388165 ], [ -122.32696129733695, 47.592114988633043 ], [ -122.327054088813526, 47.592078828598481 ], [ -122.327087683109994, 47.592065737262772 ], [ -122.327193495666208, 47.592002735959333 ], [ -122.327258000092712, 47.591955624878658 ], [ -122.327364787320846, 47.591877633388826 ], [ -122.327388587285554, 47.591847062583398 ], [ -122.327421456641218, 47.591807787787076 ], [ -122.327468580463531, 47.591744316048022 ], [ -122.32752108249916, 47.591660740889914 ], [ -122.327577137371279, 47.591542683958828 ], [ -122.327604880937997, 47.591337563898819 ], [ -122.327602758218589, 47.591310070428769 ], [ -122.327583470488193, 47.591060286372667 ], [ -122.327593325002482, 47.590700697503614 ], [ -122.327630102029062, 47.590614006030904 ], [ -122.327715589303267, 47.590507984900398 ], [ -122.32783537695002, 47.590422755622711 ], [ -122.328000521434006, 47.590358636975353 ], [ -122.32806275042833, 47.590344091174181 ], [ -122.328134868077242, 47.5903272340584 ], [ -122.328328667022575, 47.590308822935512 ], [ -122.328852719903296, 47.590308189821101 ], [ -122.32893059395677, 47.590311215427228 ], [ -122.329064986414551, 47.590319123563809 ], [ -122.329088937296575, 47.590316131885103 ], [ -122.329294260728901, 47.590313535218328 ], [ -122.32994750122856, 47.590314312518053 ], [ -122.329995563791087, 47.590315157070293 ], [ -122.330005942004775, 47.588435413653421 ], [ -122.330007223897994, 47.58821363809772 ], [ -122.330000777575805, 47.587239892428236 ], [ -122.329993736567758, 47.586176058619031 ], [ -122.330819313464232, 47.586171381701718 ], [ -122.332013555359197, 47.586181741307804 ], [ -122.333280477247669, 47.586108953133035 ], [ -122.333280445807247, 47.586162446535681 ], [ -122.333280251775008, 47.586484069861811 ], [ -122.333280161047014, 47.586633495489579 ], [ -122.333279197174051, 47.58823403719984 ], [ -122.333278289893755, 47.58973793012094 ], [ -122.33327793776121, 47.590318210527244 ], [ -122.333444279700203, 47.590318142671322 ], [ -122.333698602637824, 47.590318043310788 ], [ -122.33421028032727, 47.590317840954654 ], [ -122.33463009629601, 47.590317946975766 ], [ -122.335134309883728, 47.590318072989412 ], [ -122.336032822794621, 47.590318316535466 ], [ -122.336692443129451, 47.590318491016085 ], [ -122.336735621551796, 47.590318502526948 ], [ -122.336796407851921, 47.590318518884558 ], [ -122.336858993477591, 47.590319145937102 ], [ -122.336940787778957, 47.590319966860982 ], [ -122.337032785145226, 47.590320888961408 ], [ -122.337072101710191, 47.590321282762496 ], [ -122.337142260133689, 47.590322039466535 ], [ -122.337228781370058, 47.590322887653478 ], [ -122.33738641324409, 47.590324431959566 ], [ -122.337432026100799, 47.590324889374685 ], [ -122.337499007183169, 47.590325487346462 ], [ -122.337249009640189, 47.590875487334905 ], [ -122.342917010756508, 47.590804478358542 ], [ -122.342919013106467, 47.591234478221502 ], [ -122.343012012093965, 47.59120747784884 ], [ -122.344231046588035, 47.590859181668201 ], [ -122.344349011553803, 47.590825476244916 ], [ -122.344353012651951, 47.590985475330754 ], [ -122.344850407228037, 47.599227113034679 ], [ -122.344750948492532, 47.602326573404696 ], [ -122.345456127795501, 47.603180392900839 ], [ -122.349889672191424, 47.607631865087441 ] ] ] } }
]
}
