{"type":"FeatureCollection","features":[{"type":"Feature","id":36,"geometry":{"type":"Polygon","coordinates":[[[-76.095246649402114,36.832466631684653],[-76.095186442515143,36.833700786673553],[-76.095183766433905,36.833755049744269],[-76.095182248281077,36.833802934601955],[-76.095185878373158,36.833879279971363],[-76.095212218773909,36.834067281484778],[-76.095231201074185,36.834168256973058],[-76.095259036271571,36.834276776660829],[-76.095382978627939,36.834561346223943],[-76.095516808740655,36.834871477404079],[-76.095769395235621,36.835425023640369],[-76.096275769273063,36.836601404475594],[-76.096388830336409,36.836872507127254],[-76.096681804188236,36.837579089699148],[-76.096987040941997,36.838392966004633],[-76.097507046015551,36.838285216399989],[-76.097876380259791,36.838207078052591],[-76.098132255487016,36.838160438298729],[-76.098281188974582,36.838131188503922],[-76.098453484049458,36.838095547221357],[-76.098730993403663,36.838033866927951],[-76.098985089966604,36.83797268338099],[-76.099289357438181,36.837893346938301],[-76.099521425513728,36.837828319033093],[-76.099801911884782,36.837744360281746],[-76.10012210828296,36.837641211079031],[-76.100510976393039,36.83750502423981],[-76.102177483297439,36.836964345220778],[-76.106289490069457,36.835630089091254],[-76.114272002329145,36.833039322851342],[-76.115076922468106,36.832807933585379],[-76.115224940572432,36.832772475324624],[-76.11566905956407,36.832671595059217],[-76.115928849649279,36.832620656607702],[-76.115986997597616,36.832609233810217],[-76.116140242998583,36.8325795051935],[-76.116394441071137,36.832537958305281],[-76.116617631995069,36.83250534286055],[-76.116756320196842,36.832485681698337],[-76.117221603496574,36.832428363395906],[-76.117571216127047,36.832396993220875],[-76.118057580191547,36.832365620156914],[-76.118577599638158,36.832348722096221],[-76.118994579626744,36.832348908318586],[-76.119482858001106,36.832364331699736],[-76.119691045263153,36.832374046896753],[-76.119899060946963,36.832389253852277],[-76.120175220133305,36.832411336647191],[-76.120417169676969,36.832435472912621],[-76.12172507450984,36.832550908276644],[-76.125808275005653,36.83290862097904],[-76.133502332837708,36.833581845074455],[-76.136700722423072,36.833893399513634],[-76.137682633130893,36.833961236982873],[-76.137743732044953,36.833087096712312],[-76.137777968637053,36.832738388902548],[-76.137800232483059,36.832470078590632],[-76.137810717619047,36.832246370904173],[-76.137805867614844,36.832068456911642],[-76.137801579955976,36.831978913049028],[-76.137790083316972,36.831900269266612],[-76.13777522158891,36.83181883708157],[-76.137752054037733,36.83172424331152],[-76.137719936571401,36.831616362799473],[-76.137702300845717,36.831533995595365],[-76.137677189340266,36.831442549315646],[-76.137653559156732,36.831365061876284],[-76.137620502052584,36.831254387482247],[-76.137583388156628,36.831156572539349],[-76.13753508304886,36.831029601309261],[-76.137491512960935,36.830919595836384],[-76.137435175117901,36.830769604067562],[-76.13726231320608,36.830540942378178],[-76.137020078896469,36.830286761823686],[-76.136690449289475,36.829950430099842],[-76.136191679490921,36.829586597551774],[-76.135513704776315,36.829148708417847],[-76.135464932544579,36.829117421744158],[-76.13396958793949,36.828185575321129],[-76.132393004191684,36.827151403402489],[-76.131391631483211,36.826535964640158],[-76.13089010565335,36.826221999420376],[-76.128517750209411,36.824685931942419],[-76.128076786101076,36.824383841212963],[-76.127455823864281,36.823971804298459],[-76.126754776819922,36.823521808101155],[-76.126653371397396,36.823455720985585],[-76.125937340454087,36.823073472518544],[-76.125653752200364,36.822879218789801],[-76.124654780688658,36.822162195004637],[-76.123744789102474,36.821663271734145],[-76.121748553776428,36.820431502757344],[-76.119884061776659,36.819211550815332],[-76.118265142226136,36.818242304377733],[-76.117149194793086,36.817526741598847],[-76.116955705765719,36.817406127292799],[-76.116335040871306,36.81702014283276],[-76.115775149700809,36.816733419608518],[-76.115494874433836,36.816601698888206],[-76.114790489249899,36.81637215057075],[-76.114130490722445,36.816237930878394],[-76.113815652774917,36.816187215212203],[-76.113525746669808,36.816176650792627],[-76.112863549964842,36.816191183521411],[-76.111610150411849,36.816217022832888],[-76.11083896650338,36.8162410340395],[-76.109903528340141,36.816268630233274],[-76.109231521133978,36.816239807158183],[-76.108554512108299,36.816157164504688],[-76.107801190300933,36.815979438916493],[-76.10711625184625,36.815854727273589],[-76.106078630319431,36.815556623962721],[-76.104342783356586,36.815050867967074],[-76.103630202842311,36.81481718264785],[-76.102372718649718,36.81447683394844],[-76.1018762206905,36.81434277993872],[-76.099990536534875,36.813822082164364],[-76.099040578003397,36.813567331858216],[-76.09811607593042,36.813268013566848],[-76.098097581415345,36.813578675511678],[-76.098071668612675,36.813990352697203],[-76.098034710125248,36.814481124535909],[-76.097947769375423,36.815803889815307],[-76.097926829646141,36.816060572248482],[-76.097900008646704,36.816896033376139],[-76.097868139115377,36.817575690878705],[-76.097835615610521,36.818255526445377],[-76.097767918570696,36.819629706505289],[-76.097664297902682,36.820607867508762],[-76.097594956047573,36.821114187243587],[-76.097578515979563,36.821242708789349],[-76.09756334972262,36.821348259634192],[-76.09755006633452,36.821433242412589],[-76.097533743047492,36.821529977462717],[-76.097522863551092,36.821590777933125],[-76.097497908352494,36.821720580843071],[-76.097475108212265,36.821829767538567],[-76.097459989566033,36.821898200335831],[-76.097445913863851,36.821959593054459],[-76.097422389681498,36.822057087530169],[-76.097405663050907,36.822123427539111],[-76.097390298266291,36.822182321920764],[-76.097373485397426,36.822244895174094],[-76.097360142720518,36.822292868494358],[-76.097330734573077,36.822394859070663],[-76.097302712526101,36.822487645057528],[-76.097268987075381,36.822594355526874],[-76.097215128582533,36.822745382280957],[-76.096390715900199,36.825532361079716],[-76.095999767291914,36.82692945767041],[-76.095768776296381,36.827756370026847],[-76.095686270529114,36.828006681172589],[-76.095572969615588,36.828426295916962],[-76.095510674145586,36.828717161581864],[-76.09546489150712,36.828986276715845],[-76.095412494573225,36.82921712028908],[-76.09535269911467,36.829943490042801],[-76.095308806531577,36.83066512893145],[-76.095246649402114,36.832466631684653]]]},"properties":{"OBJECTID":36,"PATROL_ZONE":"427","PRECINCT":4,"SHAPE.area":9261575.2826374397,"SHAPE.len":13859.158420195952}},{"type":"Feature","id":8,"geometry":{"type":"Polygon","coordinates":[[[-75.994989664569829,36.920914677182267],[-75.997232597934143,36.922678121000054],[-76.002062078343812,36.925972971242544],[-76.005861280055797,36.928014026461888],[-76.010741779383721,36.93008881727954],[-76.013590925546168,36.930619272450606],[-76.017454226545254,36.931138078897241],[-76.024811960524843,36.931730379917312],[-76.034739351425799,36.932084696442999],[-76.037697110194316,36.931808485084531],[-76.040468588915616,36.930939945032904],[-76.045910754485035,36.927031237218351],[-76.050985613307816,36.92196814710254],[-76.053690553816011,36.919962393094067],[-76.057629665438583,36.917800782040686],[-76.058233427632615,36.917525247906184],[-76.060103692206383,36.916678006740462],[-76.063025636042809,36.915834466486317],[-76.066738390180078,36.91489323354859],[-76.071430581963199,36.913909730756629],[-76.075882390864464,36.913496085604272],[-76.077792733774629,36.913213845470075],[-76.083305675808646,36.91195958698205],[-76.085219234687528,36.911639706535745],[-76.086664420960417,36.910985176954028],[-76.089784581657582,36.908649311531292],[-76.090541926120792,36.907628710078136],[-76.08920633431255,36.906970224144743],[-76.088944993735154,36.904669226121555],[-76.089131324088029,36.904159383915399],[-76.084621107625281,36.904249833794424],[-76.078711548613541,36.903998645961373],[-76.073648684994737,36.903732943368169],[-76.07201486419028,36.903269811324385],[-76.068857800701252,36.903061344274619],[-76.068126630450479,36.902388542504546],[-76.066870040081596,36.902301565064967],[-76.0651778368685,36.902484178064604],[-76.041232904305417,36.901115497674382],[-76.027332525414252,36.897198080744474],[-76.026563993332488,36.896635363920808],[-76.02548684233993,36.895845556654074],[-76.024693919201567,36.895265717250091],[-76.02411125843355,36.89483964655696],[-76.022429914953946,36.893606425494582],[-76.022101526818673,36.893365560970963],[-76.0194800649532,36.891443505031098],[-76.015911415858866,36.888565864442548],[-76.015546426765667,36.888272015579702],[-76.015057811523064,36.887878343927682],[-76.012934660417031,36.886162555522809],[-76.012701616771082,36.886157778221545],[-76.011859610583926,36.886139950097871],[-76.011723571513912,36.886137069633712],[-76.005179357245538,36.885998295653295],[-76.002685377098629,36.885945313390494],[-75.994243196908059,36.887167319736555],[-75.990171154386388,36.887938904121029],[-75.990052089882013,36.887956294268882],[-75.989995083692406,36.887971630272261],[-75.989863556860072,36.888012149781815],[-75.987900305874632,36.888370440719498],[-75.987847799346255,36.888383485412469],[-75.987657664628173,36.888420609176762],[-75.986827962665458,36.888560398272553],[-75.986689832317495,36.888579024058323],[-75.986249396418501,36.888655658873532],[-75.985770289843202,36.888727917380415],[-75.984673772071417,36.888893346081375],[-75.98671452430969,36.89610268667785],[-75.989666791676868,36.910325617445373],[-75.991320829965119,36.914963527279873],[-75.991972228920346,36.916792107546179],[-75.994989664569829,36.920914677182267]]]},"properties":{"OBJECTID":8,"PATROL_ZONE":"220","PRECINCT":2,"SHAPE.area":41022509.138231039,"SHAPE.len":29885.044413262367}},{"type":"Feature","id":12,"geometry":{"type":"Polygon","coordinates":[[[-76.050102210057403,36.836476520815076],[-76.049629095245038,36.836413235919473],[-76.049452344526372,36.836379297070131],[-76.049112259427787,36.836317219960314],[-76.048979417461894,36.836300682256606],[-76.048836203547722,36.836286702638489],[-76.04870978363779,36.836284063305854],[-76.04856933114479,36.836289374324615],[-76.048436099310052,36.836283844739484],[-76.045830770288759,36.836616933406098],[-76.045457245403739,36.836461197480467],[-76.040765954630857,36.837048164630929],[-76.033781601805842,36.837923215842501],[-76.031557362382586,36.838040452526734],[-76.030634135019014,36.836011261078262],[-76.029220618851468,36.836360853396762],[-76.030016622312928,36.837975220564132],[-76.029313968182521,36.837953156630277],[-76.028568122154937,36.837864485995169],[-76.026627071235112,36.837212283868553],[-76.022137168375892,36.835813052054604],[-76.020841258747026,36.836035258884401],[-76.013257196028221,36.835635351265132],[-76.012630911273391,36.835592905880155],[-76.008276663903544,36.835287537976392],[-76.004680168832039,36.838139688660533],[-76.003656435259529,36.838179941990077],[-76.00342609644089,36.839326085710994],[-76.003294996308327,36.841438902444246],[-76.004494055871476,36.842683488524223],[-76.003634637639166,36.843814067479528],[-76.004476377026691,36.844948981860398],[-76.00445886347191,36.847341388381956],[-76.005450705953521,36.847507395548668],[-76.00635278158542,36.847625467234778],[-76.00704391482229,36.847711577471628],[-76.007860417838543,36.847728907767738],[-76.008976747055598,36.847777320146314],[-76.009825619964786,36.847745867127919],[-76.010853673535493,36.847671497372687],[-76.011642583001162,36.84759205022295],[-76.012644201848019,36.847489629571356],[-76.013285128243666,36.847335601523632],[-76.014317222436532,36.847137646135437],[-76.014981844592739,36.846989578229511],[-76.016460387108765,36.846641830235853],[-76.020233773036139,36.845750444485425],[-76.020673579216066,36.845647877590842],[-76.022281943562021,36.845322030749152],[-76.024363104716713,36.844865510424341],[-76.027979308825564,36.844016533196942],[-76.029747760141646,36.843601445333164],[-76.032395141098021,36.842980713333546],[-76.034154075662002,36.842646522258057],[-76.035149755746502,36.842535433560109],[-76.036003237911416,36.84248185465075],[-76.036905324323115,36.842407335274416],[-76.038216403802181,36.842379822555074],[-76.041580852357697,36.84222206815523],[-76.041966342802311,36.841933210727419],[-76.042183420690719,36.841781034918483],[-76.042436209306601,36.841577456866517],[-76.042582725427764,36.841489772477296],[-76.04272141093459,36.841434866428102],[-76.042860326410121,36.841371804187006],[-76.043015985584248,36.8413173351571],[-76.043178157544162,36.841273964797814],[-76.043374967643132,36.841217609966009],[-76.043519222704717,36.841198618921844],[-76.04371131575013,36.841183405090582],[-76.04390670201937,36.841170979237319],[-76.044128350535942,36.841192127773802],[-76.044312686628871,36.841204253114221],[-76.044530687087089,36.841233511798642],[-76.045494083516914,36.841377402420626],[-76.045616598450295,36.84139644805834],[-76.045790955158736,36.841400092264998],[-76.04592454991284,36.841394642130659],[-76.046037350464758,36.841396998751257],[-76.046232469036042,36.841392834046133],[-76.046565134948708,36.841366787559728],[-76.046905130215734,36.841324407182611],[-76.048107255728965,36.841069045322932],[-76.048678957050498,36.840861315738941],[-76.049163904471783,36.839378397903623],[-76.049394648430606,36.83880035060951],[-76.049448691976423,36.838639482978451],[-76.050102210057403,36.836476520815076]]]},"properties":{"OBJECTID":12,"PATROL_ZONE":"224","PRECINCT":2,"SHAPE.area":5522185.7272969596,"SHAPE.len":13052.608087874427}},{"type":"Feature","id":19,"geometry":{"type":"Polygon","coordinates":[[[-76.095968212170931,36.846970534703729],[-76.096059436088026,36.847891277384512],[-76.096123674614006,36.84857149990021],[-76.096196946598468,36.849179979053773],[-76.09773048756945,36.849873533223132],[-76.099388858432306,36.85159163413099],[-76.101649199350206,36.853629724998811],[-76.102487833261804,36.854245801855555],[-76.103075724919691,36.854378553933536],[-76.103597906611199,36.85449649928136],[-76.103878693917892,36.855255152053019],[-76.104064109785782,36.855756121847243],[-76.105907369205468,36.856826767959646],[-76.106835248943909,36.857042755279842],[-76.108985803157665,36.857543380567613],[-76.111907188242014,36.858797946062346],[-76.112870852369795,36.859698042564816],[-76.114288654399573,36.861022340396858],[-76.115467124576398,36.860840029991621],[-76.115999759962875,36.860757628857705],[-76.119399603937211,36.858323616246189],[-76.122657671301837,36.856282038663423],[-76.124597124118779,36.855066558589037],[-76.125171824915057,36.854706537969307],[-76.125876290947389,36.851874723187599],[-76.12612947661863,36.850013655964865],[-76.125750574418319,36.848890505258566],[-76.125484730586393,36.848105601357688],[-76.12503863080957,36.847269368203108],[-76.124593185006262,36.846434383929889],[-76.124046353543349,36.844584256620408],[-76.123687369687829,36.843368047776529],[-76.123889152860215,36.842819797702049],[-76.123982217425336,36.842060421948545],[-76.124003988096234,36.841882495556213],[-76.124948430971884,36.841195484421348],[-76.125593339599192,36.840977952650199],[-76.12652380558734,36.840664089116927],[-76.126756585128589,36.84019482955587],[-76.12681895695539,36.840069112049349],[-76.127098504586968,36.838793706841663],[-76.127026804654264,36.837915770365882],[-76.125960019321752,36.836360713198076],[-76.124683135112292,36.835151219687141],[-76.122078224705902,36.832861383380944],[-76.12172507450984,36.832550908276644],[-76.120417169676969,36.832435472912621],[-76.120175220133305,36.832411336647191],[-76.119899060946963,36.832389253852277],[-76.119691045263153,36.832374046896753],[-76.119482858001106,36.832364331699736],[-76.118994579626744,36.832348908318586],[-76.118577599638158,36.832348722096221],[-76.118057580191547,36.832365620156914],[-76.117571216127047,36.832396993220875],[-76.117221603496574,36.832428363395906],[-76.116756320196842,36.832485681698337],[-76.116617631995069,36.83250534286055],[-76.116394441071137,36.832537958305281],[-76.116140242998583,36.8325795051935],[-76.115986997597616,36.832609233810217],[-76.115928849649279,36.832620656607702],[-76.11566905956407,36.832671595059217],[-76.115224940572432,36.832772475324624],[-76.115076922468106,36.832807933585379],[-76.114272002329145,36.833039322851342],[-76.106289490069457,36.835630089091254],[-76.102177483297439,36.836964345220778],[-76.100510976393039,36.83750502423981],[-76.10012210828296,36.837641211079031],[-76.099801911884782,36.837744360281746],[-76.099521425513728,36.837828319033093],[-76.099289357438181,36.837893346938301],[-76.098985089966604,36.83797268338099],[-76.098730993403663,36.838033866927951],[-76.098453484049458,36.838095547221357],[-76.098281188974582,36.838131188503922],[-76.098132255487016,36.838160438298729],[-76.097876380259791,36.838207078052591],[-76.097507046015551,36.838285216399989],[-76.096987040941997,36.838392966004633],[-76.097200018021127,36.838877367517249],[-76.09735350417057,36.839196058882393],[-76.097412163260316,36.839337381690953],[-76.097868437356055,36.84043100467548],[-76.095257695985168,36.840842057166014],[-76.095303753508091,36.840979679506063],[-76.095375149810252,36.841624965146394],[-76.095447139898809,36.842277460342665],[-76.095642607016416,36.844017005511319],[-76.095968212170931,36.846970534703729]]]},"properties":{"OBJECTID":19,"PATROL_ZONE":"322","PRECINCT":3,"SHAPE.area":9796932.0643187203,"SHAPE.len":12408.143970507797}},{"type":"Feature","id":32,"geometry":{"type":"Polygon","coordinates":[[[-76.174860748755634,36.845775626104924],[-76.176229978877998,36.845875039828677],[-76.176307316637448,36.845877999449925],[-76.178185428893528,36.845949900886829],[-76.178273541046494,36.845948758590573],[-76.179851463284081,36.84592787879204],[-76.181406769536068,36.845931121649052],[-76.181967311985161,36.845933945400319],[-76.182615608159409,36.845916601038596],[-76.183048138883862,36.845905683441345],[-76.18315246832266,36.845912466772525],[-76.18459561092827,36.844410550963843],[-76.185201979134945,36.843802956198608],[-76.185786194886717,36.843130112504866],[-76.186173051668874,36.842796035669537],[-76.187359615666395,36.842264702529718],[-76.187641065929753,36.842113694896028],[-76.189456585373492,36.841139666566917],[-76.190616465813832,36.840263795909358],[-76.191117908100367,36.839867612912705],[-76.191499464822357,36.839425578994607],[-76.191867643833135,36.838835496930031],[-76.192115096456234,36.838224908016308],[-76.193678373459747,36.835616300597842],[-76.195061434942531,36.833219838074541],[-76.195124532608091,36.832960950502923],[-76.195113415956442,36.832548342153459],[-76.194954137470063,36.831295326780705],[-76.194642362777671,36.82991073615753],[-76.195209869865138,36.829770356555308],[-76.195593251963786,36.829589810902434],[-76.195360844325052,36.82955869985279],[-76.193741505261272,36.829353352802627],[-76.191817238464211,36.828714908831287],[-76.191367839175342,36.828565789250874],[-76.191093470331381,36.828505060474278],[-76.189153670764739,36.828075634787176],[-76.187192635923083,36.828454521911958],[-76.187056005761633,36.828480864007467],[-76.186298078291813,36.827657008969702],[-76.184545926906537,36.825751791252557],[-76.184006231660263,36.825439201991813],[-76.183787061595552,36.825312246440753],[-76.18072493476069,36.82353236863058],[-76.17837591844615,36.823225573368155],[-76.177597356674241,36.823131722581813],[-76.17687212518581,36.823338981851023],[-76.175197660106321,36.823795701136689],[-76.172290876238606,36.825785921055314],[-76.172009321770688,36.825977989356943],[-76.170967524874428,36.82595732701634],[-76.168495267787748,36.825908257979847],[-76.167361166301106,36.826322727120576],[-76.166159696558069,36.826802567869009],[-76.165022259626781,36.827256800129611],[-76.164796812134881,36.827196941088054],[-76.164645881692422,36.82716499496275],[-76.16454792130898,36.827144239465724],[-76.164340097864638,36.827114156388625],[-76.1640914621603,36.827078177050275],[-76.163448518148513,36.827145896885639],[-76.162690915868836,36.827225632764204],[-76.161850795245442,36.827243797490262],[-76.161400951290489,36.827152179980992],[-76.160816802014068,36.826943851736736],[-76.16023339744099,36.826505534017834],[-76.159728866746519,36.826120643125755],[-76.159177429621153,36.825705471080305],[-76.159062134447694,36.825636354258343],[-76.159015716700338,36.825608521992379],[-76.158785188337177,36.825487441522561],[-76.158690250784687,36.825440847224549],[-76.158569341140719,36.825377607848644],[-76.158387056799896,36.825305340478423],[-76.158337547949628,36.825285010886383],[-76.158291281119233,36.825265982089945],[-76.158211730809256,36.825231316346581],[-76.158131540898793,36.825209605396793],[-76.157981338091716,36.825165369488417],[-76.157589369895589,36.825096995700605],[-76.155911934985767,36.824882266403733],[-76.155433003581919,36.824795883818638],[-76.154994723639632,36.824710118823212],[-76.154653228186064,36.824582327212568],[-76.154372563948598,36.824494433503638],[-76.153994520537665,36.824343984746839],[-76.153617070913157,36.824168846730764],[-76.15314380428552,36.823892909953749],[-76.153048672696926,36.82383174601712],[-76.152723418783694,36.823619952798801],[-76.152344337818619,36.823313311053759],[-76.151839418153614,36.822878332865628],[-76.151431485098271,36.822477328877291],[-76.15116847095949,36.822634824136408],[-76.150909430967545,36.822790395491971],[-76.150275339852897,36.82318158296119],[-76.149686203129974,36.823554436004706],[-76.149245695365806,36.823839952218599],[-76.148492863140262,36.824327780984426],[-76.146974499205996,36.825261270730962],[-76.146098567243826,36.825821174743979],[-76.145395044442537,36.82627086763722],[-76.143980953353193,36.827124409385988],[-76.142767951038522,36.82788592015941],[-76.142448482275725,36.828087708997614],[-76.142301691270092,36.828178361867074],[-76.141145345700394,36.828834531017364],[-76.140053330284829,36.829548913833129],[-76.139574005418893,36.829846582995259],[-76.139531120745531,36.829873223008349],[-76.139409502330807,36.829953862019629],[-76.139161202596384,36.830118553005008],[-76.138906938048464,36.830272794048945],[-76.138567302107532,36.830459742428637],[-76.138372430572957,36.830547176301188],[-76.137979062801605,36.830651855081356],[-76.13779166435188,36.830692429439679],[-76.137435175117901,36.830769604067562],[-76.137491512960935,36.830919595836384],[-76.13753508304886,36.831029601309261],[-76.137583388156628,36.831156572539349],[-76.137620502052584,36.831254387482247],[-76.137653559156732,36.831365061876284],[-76.137677189340266,36.831442549315646],[-76.137702300845717,36.831533995595365],[-76.137719936571401,36.831616362799473],[-76.137752054037733,36.83172424331152],[-76.13777522158891,36.83181883708157],[-76.137790083316972,36.831900269266612],[-76.137801579955976,36.831978913049028],[-76.137805867614844,36.832068456911642],[-76.137810717619047,36.832246370904173],[-76.137800232483059,36.832470078590632],[-76.137777968637053,36.832738388902548],[-76.137743732044953,36.833087096712312],[-76.137682633130893,36.833961236982873],[-76.138174665564833,36.834012679272419],[-76.141213289776914,36.834318946685258],[-76.142268516486652,36.834425888704494],[-76.144096876449041,36.834509211201841],[-76.14533738158444,36.834620489147404],[-76.146955878926804,36.834766253657186],[-76.149029056753577,36.834952930065953],[-76.150818834074499,36.835077439468712],[-76.152035262563672,36.835254337017929],[-76.152137913051163,36.835269577192868],[-76.152200872376184,36.835286166885936],[-76.153033166876824,36.835510211509991],[-76.153919609127811,36.835740854216077],[-76.154419306886069,36.835915053367984],[-76.154907778398226,36.836085399162094],[-76.1556740125895,36.83642025591385],[-76.156095196693599,36.836604666421209],[-76.15649212808168,36.836819638181012],[-76.156928013115404,36.837056128562914],[-76.157275021529898,36.837300624538734],[-76.157543896277588,36.837490811180871],[-76.15780809709085,36.837649773839196],[-76.158228213996395,36.837903500713438],[-76.158825891002692,36.838262917459048],[-76.159188501357036,36.838483664897318],[-76.1594799444796,36.838663155715324],[-76.16260399757688,36.840532511677921],[-76.164124598316192,36.841440012456481],[-76.165212565923085,36.84207433221448],[-76.16689061438224,36.843085776247314],[-76.167556483400091,36.843442407339573],[-76.168242854667639,36.84379949686312],[-76.169130796206858,36.844160583928002],[-76.169529536801917,36.844311337344962],[-76.170198092680764,36.844580115093315],[-76.170931176343089,36.844863907304912],[-76.171623645374808,36.845023253619672],[-76.172469950000604,36.845292795195604],[-76.173474579101978,36.845529723773858],[-76.174860748755634,36.845775626104924]]]},"properties":{"OBJECTID":32,"PATROL_ZONE":"423","PRECINCT":4,"SHAPE.area":12285795.094252519,"SHAPE.len":16381.208703124312}},{"type":"Feature","id":17,"geometry":{"type":"Polygon","coordinates":[[[-76.070586375801881,36.885821451580377],[-76.077900363623769,36.889320985335779],[-76.084300298576082,36.892877121606723],[-76.092079661325826,36.897198802731737],[-76.096102191403972,36.89529517076172],[-76.099002119329441,36.893699309703969],[-76.100142623109107,36.893071606294384],[-76.102405165797776,36.891576743528397],[-76.105085063970805,36.889803829777804],[-76.10673730652681,36.888710704871698],[-76.108667450102445,36.883098643208612],[-76.108685040014038,36.883060372240827],[-76.108702187056167,36.883022402317408],[-76.10838821867786,36.874979722278454],[-76.103179641133451,36.86872656952756],[-76.097097328906045,36.867255238257158],[-76.095754546083981,36.864748910714894],[-76.092074201365534,36.864098827391764],[-76.091341042244721,36.86326374808484],[-76.091271398555676,36.861895160152308],[-76.091194973484562,36.861906066841357],[-76.091121423022358,36.861912622353685],[-76.090992001841073,36.861908896471085],[-76.090910996260334,36.861899803850555],[-76.09086007166519,36.861890489142169],[-76.090788837059776,36.861872542513261],[-76.09071951227267,36.861847780183297],[-76.090650360860408,36.861817500168918],[-76.09057976495717,36.861778946858188],[-76.090519714377081,36.861732366762524],[-76.090471633848125,36.8616846862637],[-76.090424022239759,36.861623278710915],[-76.090401359541758,36.861584321375666],[-76.090375383857008,36.861539855667608],[-76.09036296913979,36.861501190813406],[-76.090347247723983,36.861456852991175],[-76.090335394453817,36.861412374990458],[-76.090332832458628,36.861371384972387],[-76.090330758248626,36.861330129719981],[-76.090330855266686,36.86127380835832],[-76.090345152852748,36.861199946253009],[-76.090368094028477,36.861124125524121],[-76.09040253992805,36.861055166487176],[-76.090436895996092,36.861001218907646],[-76.090486515339123,36.860940239172606],[-76.089999572759581,36.860638161538283],[-76.089873062119807,36.860559624133323],[-76.088929467253806,36.859923800311243],[-76.088645821507882,36.859731009379786],[-76.08799786489682,36.859317805870958],[-76.0869947261005,36.858655519990812],[-76.086043784812091,36.858030731321755],[-76.085123572194618,36.857427062184279],[-76.084421091439069,36.856970734177573],[-76.083707712322479,36.856507968944456],[-76.082726792456413,36.855865307403022],[-76.082143378001874,36.855439358287342],[-76.082095223811081,36.855388362402806],[-76.082043819515562,36.855344909457479],[-76.081993633335586,36.855300795919888],[-76.08194234312613,36.855250587017927],[-76.081902868457604,36.855213643359825],[-76.081819861430404,36.855124426332239],[-76.081737332306943,36.855032059453755],[-76.081658220374806,36.854939762905424],[-76.081589271083487,36.854850422644382],[-76.081538114723017,36.854784197990803],[-76.081497662687454,36.854722177511668],[-76.081430139022487,36.854621382265549],[-76.081361219375566,36.85449679183175],[-76.081318855725101,36.854425088195512],[-76.081283859158262,36.85434958061056],[-76.081248490688893,36.854279339592431],[-76.08121674961663,36.85420257971424],[-76.08119134166715,36.854141639120201],[-76.081161182528092,36.854060268713077],[-76.081132855053937,36.853975089287651],[-76.081095659411289,36.853845327449172],[-76.081060713150094,36.853715748685481],[-76.081047360591697,36.853616646336491],[-76.081034635955717,36.853481755204427],[-76.08103121876438,36.853374504867958],[-76.081026781985173,36.853237547451798],[-76.081038241793266,36.853143928283011],[-76.081037958823941,36.853058102344555],[-76.081050324133827,36.852973031061737],[-76.081088905876967,36.852800638327366],[-76.081100861555086,36.852747362762329],[-76.081113896109855,36.852674175290105],[-76.081138701289802,36.852601772693696],[-76.081158852298259,36.852544018769954],[-76.081201598631054,36.852427373623897],[-76.081231260103422,36.852353829311923],[-76.081268069470497,36.852269688833523],[-76.081301201134806,36.852198633639055],[-76.081344913156528,36.85211441607612],[-76.081432481828742,36.851940323549911],[-76.081520158298801,36.851784311892686],[-76.08176364665654,36.851312467383998],[-76.081800579991153,36.851225307401329],[-76.08182955784558,36.851166027083856],[-76.081855907229496,36.851087153596978],[-76.08189137271691,36.850981665347717],[-76.081912096850516,36.850916584596234],[-76.081927491279529,36.850864797855301],[-76.081951824843955,36.85077686893078],[-76.081975053480562,36.850687611501883],[-76.081991990316922,36.850611753747302],[-76.08200414092947,36.850553774762695],[-76.082023718812778,36.850446887643052],[-76.082039633366335,36.850358415516652],[-76.082042175598602,36.850282966453527],[-76.082045388872388,36.850243275874661],[-76.082048017342899,36.85020371107175],[-76.082050355657572,36.850161474328146],[-76.082052368782129,36.85011118225939],[-76.082053877053482,36.850042414560725],[-76.082054045936772,36.849992084315204],[-76.08205337848851,36.849944373489137],[-76.0820517148086,36.849886092085377],[-76.082047713712342,36.84980677087762],[-76.082045688909673,36.849757686948394],[-76.082040776023376,36.849716646830316],[-76.082035798458392,36.849666842562989],[-76.082024972860921,36.849578534148996],[-76.082014276620811,36.849482970338556],[-76.082001360643659,36.849414131628045],[-76.081993380010687,36.849360967999331],[-76.081981108125603,36.84932016129315],[-76.081955757668268,36.849218668112314],[-76.081927485889651,36.849119066084967],[-76.081899088346887,36.849029680922037],[-76.081882886332423,36.848982420213609],[-76.081866903506878,36.848937911231374],[-76.081834141050152,36.848852503254662],[-76.081795178421331,36.848752432778156],[-76.081518385922735,36.847988419640764],[-76.081360362382796,36.847562103144845],[-76.081266369857985,36.847288108293505],[-76.081168860428846,36.846928180436109],[-76.081090583031624,36.846692068514891],[-76.080919940856859,36.846136358058807],[-76.08085716388986,36.845985572296172],[-76.080670717654328,36.84599731012068],[-76.080581421521828,36.846001678736116],[-76.079796560763157,36.845993942181906],[-76.078221177164551,36.845978031274903],[-76.077900044721829,36.845971381660732],[-76.077481581614734,36.84597769627814],[-76.077305509124088,36.845972855359044],[-76.077086918472745,36.845965598293105],[-76.076923056781766,36.845959469863907],[-76.07675600876648,36.845945032648601],[-76.07661980171153,36.845917521202104],[-76.076494505593999,36.845879217948337],[-76.076379667663034,36.845835608633202],[-76.076291930107544,36.84580082640705],[-76.07617502515312,36.845715987872993],[-76.076068355603013,36.845628613753433],[-76.075644434332219,36.845309448132902],[-76.07546784800526,36.845165623858207],[-76.075347944474402,36.845088508326036],[-76.075182136134188,36.845011358928438],[-76.07505063714963,36.844956441030007],[-76.074918665651253,36.844915250243922],[-76.074816969174563,36.844888394771161],[-76.073216735480258,36.844588854642481],[-76.072890006533314,36.844543609115171],[-76.072695314661814,36.844539584765116],[-76.072452241325706,36.844540082956335],[-76.072304992179269,36.844548029573737],[-76.072212313889736,36.844559851010253],[-76.072113505496674,36.844549592441936],[-76.072032044470092,36.844531395880679],[-76.071968365594543,36.844491614611158],[-76.071932193132994,36.844446906038307],[-76.071849862537206,36.844349039671137],[-76.071740989419709,36.84417009058518],[-76.072008670306388,36.844013490111671],[-76.07249232235705,36.843730942751392],[-76.073527704383864,36.843125658894699],[-76.075488915295296,36.841965199571753],[-76.076848642140249,36.841160588651512],[-76.078439252182932,36.839310410666727],[-76.078709831933025,36.837754511200849],[-76.078736310674344,36.837597985301983],[-76.075401704152569,36.837187852898985],[-76.073973364884509,36.836989708755013],[-76.072671285626271,36.836809047132256],[-76.072623161978171,36.836801953120251],[-76.072547432203109,36.836790784741353],[-76.071578705170396,36.836662749448635],[-76.070238986501735,36.836486056467216],[-76.069306220826462,36.836360071879],[-76.068638752807431,36.836270172836855],[-76.067316686932429,36.836124605314815],[-76.067141910710745,36.836106697931676],[-76.066859578301788,36.83607775435182],[-76.066435136008138,36.836045044074268],[-76.066156684321214,36.836025402515084],[-76.065771412167223,36.83600490753237],[-76.065657329719386,36.835999482896469],[-76.065453398675174,36.835989713518067],[-76.065080023808804,36.835973070054806],[-76.064673484938751,36.835988596955993],[-76.064238498220305,36.836006569074193],[-76.063831914434488,36.836046944313452],[-76.063413905874924,36.836089677034529],[-76.062428366871643,36.836245029787321],[-76.062172093690776,36.836302694648438],[-76.061715874392263,36.836404290530332],[-76.061585615082791,36.836433438173259],[-76.061489983132617,36.836459448953576],[-76.060779331301234,36.836648142959348],[-76.059953077072578,36.836919659567712],[-76.059548601632756,36.837058156752015],[-76.059646042789922,36.83719690532147],[-76.059663497055894,36.837256258300059],[-76.05968721976592,36.837337034039415],[-76.059745216797296,36.837464308984536],[-76.05974160736649,36.837576540280594],[-76.059739082202228,36.837635881461317],[-76.059665104141942,36.837719204775631],[-76.05952637282104,36.837775988525287],[-76.059469845433469,36.837797466562655],[-76.058834999733975,36.838074616389761],[-76.058581130444793,36.838194048516385],[-76.058510577660684,36.838237572320693],[-76.058406144915665,36.838302028313251],[-76.058254695246958,36.838406754716459],[-76.058165683880389,36.838503957910554],[-76.058050531539081,36.838634832834451],[-76.057948116410159,36.838871766224848],[-76.057863632552625,36.839059217698605],[-76.057687386687164,36.839205210281044],[-76.057511439960649,36.83934080887601],[-76.057301965412819,36.839500671394404],[-76.0571415694222,36.839610300026024],[-76.057058843567688,36.839674094159101],[-76.056982390648812,36.839733072806489],[-76.056909506736545,36.839811784023993],[-76.05686258503431,36.839868753143023],[-76.056802494030009,36.839993367416092],[-76.056806726891637,36.840066801399502],[-76.056811907475861,36.840156423503934],[-76.056830914928966,36.840226949253932],[-76.056883500509073,36.840421895840301],[-76.056997011628368,36.840751323686099],[-76.057000983978554,36.840838131832896],[-76.05700565611636,36.840939311184265],[-76.057034792972601,36.841293442532972],[-76.057034377950927,36.841519198560569],[-76.057059748171184,36.841695747633437],[-76.057134037946852,36.841823417918206],[-76.057192217336251,36.841949270572506],[-76.057281660792441,36.842006563048606],[-76.057332236841262,36.842033866698181],[-76.057470617819206,36.842081255354834],[-76.057704127690783,36.842086112336425],[-76.057891912416096,36.842090018194803],[-76.05800621764611,36.842088067062924],[-76.058204200944829,36.842084711892348],[-76.058485149049957,36.842080236653956],[-76.058563680670389,36.842079114429431],[-76.058615824279372,36.842092803266546],[-76.058768182144817,36.84213318607663],[-76.05886812421177,36.842147393959401],[-76.058984482092214,36.842163990068663],[-76.059088901362514,36.84219522970939],[-76.059248304714743,36.84224295687374],[-76.059417403583808,36.842373943300629],[-76.059567666578005,36.842526764229419],[-76.059598099703209,36.842564200001249],[-76.059673021892849,36.842656412281634],[-76.059716871356812,36.842763487862769],[-76.059760947196239,36.842871008297053],[-76.059840943968908,36.843096656864191],[-76.059856950150646,36.84314639639657],[-76.059932139139931,36.843390799574742],[-76.059974689640001,36.843521257081534],[-76.060001994831367,36.843604991664421],[-76.060007735066037,36.843778823520239],[-76.060010153330779,36.843856169701453],[-76.059995657217058,36.843900315723594],[-76.059907102194643,36.844169162492818],[-76.059877751539361,36.844366664756414],[-76.059767327929706,36.845109361754986],[-76.059778304444151,36.845230962552492],[-76.059788954870157,36.845348873848657],[-76.059871088734909,36.845628246405518],[-76.060034640507112,36.846046246937838],[-76.06017806103381,36.846413113915908],[-76.060246750711983,36.846668345066966],[-76.060331298349908,36.846982339231744],[-76.06042136523692,36.847587072822257],[-76.060402197883704,36.847861524515686],[-76.060394154368652,36.847976602328629],[-76.060428560742338,36.848380626992281],[-76.060469784430751,36.848543958488058],[-76.060524182811079,36.848759560905265],[-76.060663173745098,36.849006099093756],[-76.060717476005721,36.849102429073191],[-76.06100140292429,36.849523395251758],[-76.061122310771651,36.849800782930316],[-76.06123427319541,36.850057638849634],[-76.06129246965277,36.850241818791872],[-76.061333678968111,36.850372221479475],[-76.061443250076579,36.85087895667278],[-76.061496152761976,36.851512344164661],[-76.061510491670546,36.851684197092631],[-76.061503441692196,36.851800298505324],[-76.061479404571827,36.852193849900516],[-76.061426091356338,36.852427670495118],[-76.061405175881575,36.852519430246168],[-76.061396315797936,36.85279501505282],[-76.061398824792533,36.852996639699981],[-76.061400931341865,36.853160285517106],[-76.06141659526547,36.853638667654224],[-76.061441786720977,36.85368029364907],[-76.061640141023915,36.854007163663105],[-76.062052253940294,36.854304676538582],[-76.06248354409135,36.854514596433361],[-76.062714120963534,36.854627867960751],[-76.06302255122813,36.854779351160161],[-76.063446958487475,36.854972796464246],[-76.063746288818251,36.855057414838988],[-76.063880869024231,36.855094863882982],[-76.06418327967809,36.855179030003271],[-76.064651072870731,36.855300720446934],[-76.064710190101266,36.855316082415044],[-76.064770388903383,36.855326521392406],[-76.065210824802378,36.855402678515908],[-76.065337196203274,36.85541957148277],[-76.065587913304114,36.855453068452519],[-76.066173592411488,36.855401270409104],[-76.066275457771454,36.85539231861565],[-76.067308235582246,36.857111236359756],[-76.067551743702936,36.857752963810142],[-76.067655517982857,36.858468204965533],[-76.068004956340189,36.859765760830676],[-76.068510404214578,36.861134491115997],[-76.069336797682112,36.863698357178279],[-76.070061088634432,36.865007838000075],[-76.071176171888197,36.868129472306244],[-76.072199691661666,36.872042822985378],[-76.07270437057818,36.873560102467913],[-76.067169547380473,36.876144449713124],[-76.070586375801881,36.885821451580377]]]},"properties":{"OBJECTID":17,"PATROL_ZONE":"320","PRECINCT":3,"SHAPE.area":23600108.270955522,"SHAPE.len":25138.734560380904}},{"type":"Feature","id":7,"geometry":{"type":"Polygon","coordinates":[[[-76.078736310674344,36.837597985301983],[-76.082096906355602,36.838035207773203],[-76.083280535557108,36.838197005559117],[-76.084825426741702,36.838389300805197],[-76.086339261370284,36.838593191458443],[-76.087900291687291,36.838761049489698],[-76.089019597022869,36.838870075987515],[-76.090105038567202,36.838917496800264],[-76.091347188517901,36.838934808959145],[-76.09247890497744,36.838902298331966],[-76.093779680780216,36.838832220700645],[-76.09566063081428,36.838599241393879],[-76.096536647218102,36.838463425080811],[-76.096987040941997,36.838392966004633],[-76.096681804188236,36.837579089699148],[-76.096388830336409,36.836872507127254],[-76.096275769273063,36.836601404475594],[-76.095769395235621,36.835425023640369],[-76.095516808740655,36.834871477404079],[-76.095382978627939,36.834561346223943],[-76.095259036271571,36.834276776660829],[-76.095231201074185,36.834168256973058],[-76.095212218773909,36.834067281484778],[-76.095185878373158,36.833879279971363],[-76.095182248281077,36.833802934601955],[-76.095183766433905,36.833755049744269],[-76.095186442515143,36.833700786673553],[-76.095246649402114,36.832466631684653],[-76.095308806531577,36.83066512893145],[-76.09535269911467,36.829943490042801],[-76.095412494573225,36.82921712028908],[-76.09546489150712,36.828986276715845],[-76.095510674145586,36.828717161581864],[-76.095572969615588,36.828426295916962],[-76.095686270529114,36.828006681172589],[-76.095768776296381,36.827756370026847],[-76.095999767291914,36.82692945767041],[-76.096390715900199,36.825532361079716],[-76.097215128582533,36.822745382280957],[-76.097268987075381,36.822594355526874],[-76.097302712526101,36.822487645057528],[-76.097330734573077,36.822394859070663],[-76.097360142720518,36.822292868494358],[-76.097373485397426,36.822244895174094],[-76.097390298266291,36.822182321920764],[-76.097405663050907,36.822123427539111],[-76.097422389681498,36.822057087530169],[-76.097445913863851,36.821959593054459],[-76.097459989566033,36.821898200335831],[-76.097475108212265,36.821829767538567],[-76.097497908352494,36.821720580843071],[-76.097522863551092,36.821590777933125],[-76.097533743047492,36.821529977462717],[-76.09755006633452,36.821433242412589],[-76.09756334972262,36.821348259634192],[-76.097578515979563,36.821242708789349],[-76.097594956047573,36.821114187243587],[-76.097664297902682,36.820607867508762],[-76.097509637655151,36.820603163773235],[-76.097416978230228,36.82058959046352],[-76.097354269535202,36.820578774241909],[-76.097271176269714,36.820561989355603],[-76.097172285231679,36.820539084067192],[-76.0971002825667,36.820520658148425],[-76.097047427492015,36.820505179165153],[-76.09690817784319,36.820460621968394],[-76.096692097983066,36.820395835969499],[-76.096174512072551,36.82022063570269],[-76.096015595607213,36.820168009097777],[-76.095786090425165,36.820106353182126],[-76.095579822862888,36.820056548328743],[-76.095388340671875,36.820017924339901],[-76.095116833860402,36.819957413145147],[-76.094450803145818,36.819839362027821],[-76.093177382840082,36.819585190508093],[-76.0920997898764,36.819376152738656],[-76.088951019634081,36.818764715981324],[-76.088681429827417,36.818717251034144],[-76.088451727914332,36.818657775083039],[-76.088274074388806,36.818597142717444],[-76.088071384816288,36.818524289320933],[-76.087943410820927,36.818463962482276],[-76.087798952740087,36.818386811399378],[-76.087671448563597,36.818312756843582],[-76.087517026369639,36.818224410787295],[-76.08739016898015,36.818131107604756],[-76.08729979486931,36.818071580139254],[-76.087148516778825,36.817952086393689],[-76.086510014936138,36.817329342627445],[-76.085500963428615,36.816397134026488],[-76.084236408596425,36.815219853526706],[-76.084066616227958,36.815079011157337],[-76.083862798371442,36.81493469350459],[-76.083722203046335,36.814843878954413],[-76.08360465849141,36.814778266908498],[-76.083406099372581,36.814683456457082],[-76.082909962536093,36.814481025289993],[-76.082702861337253,36.814533936282608],[-76.081935202417938,36.814730123468571],[-76.080395230407831,36.8170502651164],[-76.079017451018913,36.818678639313823],[-76.0780060944344,36.82145475020716],[-76.078014459546324,36.823231275040818],[-76.07514681437722,36.824948269593719],[-76.074231515544341,36.827137322882898],[-76.069393005269433,36.831375125922222],[-76.067444866642006,36.833383334967323],[-76.067382051047446,36.833686871289636],[-76.067326218955913,36.833935739431112],[-76.067269209173034,36.834220301635114],[-76.067180537369651,36.834427275628059],[-76.067060843146265,36.83474900382523],[-76.066688164474215,36.835285264568924],[-76.066492239215805,36.835556972948773],[-76.066156684321214,36.836025402515084],[-76.066435136008138,36.836045044074268],[-76.066859578301788,36.83607775435182],[-76.067141910710745,36.836106697931676],[-76.067316686932429,36.836124605314815],[-76.068638752807431,36.836270172836855],[-76.069306220826462,36.836360071879],[-76.070238986501735,36.836486056467216],[-76.071578705170396,36.836662749448635],[-76.072547432203109,36.836790784741353],[-76.072623161978171,36.836801953120251],[-76.072671285626271,36.836809047132256],[-76.073973364884509,36.836989708755013],[-76.075401704152569,36.837187852898985],[-76.078736310674344,36.837597985301983]]]},"properties":{"OBJECTID":7,"PATROL_ZONE":"129","PRECINCT":1,"SHAPE.area":7202325.0179764004,"SHAPE.len":11595.021999846816}},{"type":"Feature","id":14,"geometry":{"type":"Polygon","coordinates":[[[-75.979463335912683,36.870882702029434],[-75.979741124642942,36.871833462187027],[-75.981328101898612,36.877264850139255],[-75.983031895175486,36.883094709267574],[-75.984673772071417,36.888893346081375],[-75.985770289843202,36.888727917380415],[-75.986249396418501,36.888655658873532],[-75.986689832317495,36.888579024058323],[-75.986827962665458,36.888560398272553],[-75.987657664628173,36.888420609176762],[-75.987847799346255,36.888383485412469],[-75.987900305874632,36.888370440719498],[-75.989863556860072,36.888012149781815],[-75.989995083692406,36.887971630272261],[-75.990052089882013,36.887956294268882],[-75.990171154386388,36.887938904121029],[-75.994243196908059,36.887167319736555],[-76.002685377098629,36.885945313390494],[-76.005179357245538,36.885998295653295],[-76.011723571513912,36.886137069633712],[-76.011859610583926,36.886139950097871],[-76.012701616771082,36.886157778221545],[-76.012934660417031,36.886162555522809],[-76.009850596722956,36.872156294901281],[-76.012645287012873,36.868756913639679],[-76.01147843205267,36.862282561917937],[-76.011098428517812,36.861757747955359],[-76.008871611827999,36.858681786277536],[-76.007579643108286,36.856897058388533],[-76.0069517099449,36.85633465623777],[-76.006771960649814,36.856173652987749],[-76.004377968383935,36.854029295563763],[-76.003651195386468,36.852739002960504],[-76.004458883234847,36.847341394132869],[-76.001460032830281,36.846939149645877],[-75.999988183661443,36.846741652589238],[-75.999465742356819,36.846652992144094],[-75.998796674438267,36.846539432753055],[-75.998585669161173,36.846513164450378],[-75.99827728830391,36.846474778105758],[-75.998094951860807,36.846457238333365],[-75.997965368084451,36.846444764453736],[-75.997813936382045,36.846433446519669],[-75.997579873148254,36.846415957058909],[-75.997358263259244,36.846400271965926],[-75.99721821860139,36.846390377394478],[-75.996763702508659,36.846380689138357],[-75.996298649177646,36.846379004817969],[-75.996109075008292,36.846380842977247],[-75.995811163117367,36.846383735723734],[-75.995493236761902,36.846386036118481],[-75.995282682439083,36.846387576664036],[-75.994829592871028,36.846430920400245],[-75.99445233997757,36.846352347549541],[-75.989262754614899,36.846967419849314],[-75.987679546690188,36.847153490665399],[-75.986302860550964,36.847318766435983],[-75.986229952384178,36.847334222741637],[-75.986173251621778,36.847346284566939],[-75.986111574192677,36.847359457035537],[-75.986057754327362,36.847370916448739],[-75.98600258698913,36.847382714445153],[-75.985912596458931,36.847401851320591],[-75.98618880056101,36.848365573456839],[-75.986233532170601,36.848554785852009],[-75.986248577154967,36.848618902476559],[-75.986291422302457,36.848769851257053],[-75.986330087588911,36.848845935839385],[-75.986376491861535,36.848906047508436],[-75.986411098559543,36.848942598847813],[-75.986452817219657,36.848986656390245],[-75.986460601121578,36.849149481241703],[-75.986469062353251,36.849326956541816],[-75.986730128944501,36.850293543416051],[-75.987007574518316,36.851400605589753],[-75.98707766556835,36.851680669106663],[-75.9866966226827,36.852768858159124],[-75.986252307858351,36.852839125004877],[-75.985484728889119,36.852972312969136],[-75.985085010028712,36.853056038639302],[-75.984489995628905,36.853889312442256],[-75.983952909988517,36.854603843643403],[-75.983799692435355,36.854792755237362],[-75.983752909971983,36.854836332847945],[-75.983703820634972,36.854879162888459],[-75.983656752507343,36.854909393898787],[-75.983589623202789,36.854938993078193],[-75.983544281637137,36.854954940935116],[-75.983480745593724,36.854963943095214],[-75.983355283287878,36.854976013779869],[-75.983298389387684,36.854978274382447],[-75.983213534525945,36.854976010185894],[-75.983132548708127,36.854974075915031],[-75.983036582584631,36.854976491058125],[-75.982950734186204,36.854984834801819],[-75.982877869138562,36.854995115690087],[-75.982821623821991,36.85500948866143],[-75.982764552953668,36.855030741907953],[-75.982697844060681,36.855069402129018],[-75.982657753147862,36.855100512146045],[-75.982622323593048,36.855137330070356],[-75.982577660255444,36.85519120847254],[-75.982489282201158,36.855316449716412],[-75.982446184627079,36.855394513796227],[-75.982394668042176,36.855453235930135],[-75.982339801639583,36.855482277838391],[-75.982228685428822,36.855529758790148],[-75.982232087348791,36.855696643783318],[-75.982223283859014,36.855768993133367],[-75.982209898062976,36.855818029356996],[-75.982028843515749,36.85657653747564],[-75.981907793734592,36.857161870990041],[-75.981804353627936,36.857587989479633],[-75.981786853547902,36.857702264163692],[-75.981789929379431,36.857764862269164],[-75.981870875671362,36.858033851475568],[-75.981906618738208,36.858151363519035],[-75.982039942201098,36.858640302445544],[-75.981189480172162,36.858783143986869],[-75.979273596453325,36.859124873253805],[-75.979537847572246,36.860100910630614],[-75.979814032809713,36.861074072100791],[-75.979923527561397,36.861551314392536],[-75.980063982749328,36.862026089910231],[-75.98020917834701,36.862515693301141],[-75.980325196664268,36.862990190433308],[-75.980473160869664,36.86347067652693],[-75.980606043259755,36.863952349061229],[-75.980602677272387,36.864041793675746],[-75.980722396648602,36.864440563792783],[-75.980852189732445,36.864926786046226],[-75.980977740971497,36.86540277818343],[-75.98110185310945,36.865897423108919],[-75.981233489536237,36.866377694720086],[-75.981364605838493,36.866860318429396],[-75.981500424821249,36.867339332053781],[-75.981631145864753,36.867825689656286],[-75.982056360709549,36.869368200875634],[-75.982327408481922,36.8703999916209],[-75.98207752681428,36.870419525176125],[-75.981045814405405,36.870602212292383],[-75.979463335912683,36.870882702029434]]]},"properties":{"OBJECTID":14,"PATROL_ZONE":"226","PRECINCT":2,"SHAPE.area":16892600.61502048,"SHAPE.len":17800.444197934707}},{"type":"Feature","id":20,"geometry":{"type":"Polygon","coordinates":[[[-76.140884909726481,36.859163798780223],[-76.140946571884228,36.859248498765382],[-76.141061317288717,36.859133032543745],[-76.141156139856847,36.859037615084866],[-76.141194045168575,36.858999498812011],[-76.141309644870915,36.858882698203359],[-76.14141463816469,36.858773251736814],[-76.141495869222567,36.858706388631653],[-76.141542659770778,36.858667888376935],[-76.141655523204776,36.858559891339382],[-76.141730629549031,36.858493983278969],[-76.141797695971519,36.85843673406422],[-76.141994958821385,36.858295442243715],[-76.142078527295638,36.858245220214968],[-76.142126436246357,36.858216597676112],[-76.142253719437292,36.858143281031928],[-76.142300318644345,36.858114094944632],[-76.142425886053076,36.858046682127359],[-76.142477523910557,36.858019418696763],[-76.143063937839827,36.857720834223954],[-76.143674314329274,36.857418687800106],[-76.143742462323374,36.857383716057171],[-76.143811256206135,36.857346994811344],[-76.143858939679731,36.8573254884829],[-76.143937015854348,36.85728794781042],[-76.144003172283448,36.857263257309583],[-76.144223190357778,36.85719597096444],[-76.144381749293629,36.857156812991192],[-76.144492832266721,36.857124381269969],[-76.144539812359454,36.857114347207052],[-76.144611048761476,36.857099107791754],[-76.144800425301469,36.857070155625692],[-76.145689311868367,36.856937735983429],[-76.145935703581117,36.856898605191297],[-76.146002924513837,36.856886902104101],[-76.146056875533162,36.856877570252877],[-76.146250298085192,36.856845866532247],[-76.146587173503278,36.856790703407086],[-76.146743798366316,36.856775227450029],[-76.146806713673868,36.85676898703958],[-76.147164165003517,36.856712928982532],[-76.147671151691995,36.856632376405777],[-76.147825090592335,36.856607586501944],[-76.148058818754549,36.856569901002523],[-76.148191226834143,36.856556967317573],[-76.148437874566781,36.8565463897841],[-76.148571875359394,36.856510745584451],[-76.148671285623678,36.856484738749387],[-76.148794705160554,36.856450174126579],[-76.1489603751602,36.856403733101281],[-76.149730827840031,36.856196498729517],[-76.149931707307246,36.856137161889514],[-76.150124038406204,36.85608040111881],[-76.150404528370515,36.855999851469356],[-76.150593296751069,36.8559334021136],[-76.150753787064772,36.855879164123763],[-76.150922632608953,36.855812343051412],[-76.15109547475781,36.855745629738401],[-76.151329124766576,36.855638562275018],[-76.151373580593372,36.855613927306742],[-76.151474483857669,36.855561683005519],[-76.151615451983616,36.855497491699708],[-76.151721010317715,36.855423002259755],[-76.151834428910547,36.855351885305403],[-76.151898998914845,36.855318063398542],[-76.151959936132158,36.855274608256849],[-76.152008751482995,36.855237285089167],[-76.15206965366599,36.855193828464046],[-76.15213075527501,36.855143974574588],[-76.152208237663189,36.855078484780329],[-76.152281755786049,36.855012943895751],[-76.15238760786923,36.854928899787375],[-76.152461323621452,36.854856988825077],[-76.1525884082847,36.854728666792248],[-76.152711036405833,36.854616245749838],[-76.152793801786203,36.854551246441481],[-76.152836584051613,36.854500064514795],[-76.152900735441008,36.854423373862851],[-76.152959046882728,36.854346510622292],[-76.153029661650578,36.854251018901707],[-76.153090881837187,36.854171851733426],[-76.153153007525603,36.854066712046603],[-76.153208896211012,36.853970925267674],[-76.15325534450109,36.853896187790653],[-76.153320559495768,36.853784021417958],[-76.153364216720263,36.853704531022835],[-76.153486847536328,36.853494657063436],[-76.153819598788928,36.852968654218969],[-76.153865540429194,36.852890444618019],[-76.153907015645856,36.852794095690911],[-76.153983613193489,36.852627755691408],[-76.15408740633805,36.85247086057452],[-76.154221776338247,36.85221294819307],[-76.154343675027363,36.852003333945582],[-76.154414495509414,36.85184577982492],[-76.154513232037246,36.851675459073341],[-76.154578313182938,36.851526554617635],[-76.15470648301104,36.851192633074753],[-76.154825916723027,36.850868069975007],[-76.154878381030557,36.850638495790662],[-76.154900016055848,36.85054359103853],[-76.154964547432613,36.850354920535985],[-76.154986407935041,36.850238315179851],[-76.155021319161932,36.850088835729309],[-76.15506828847488,36.849899841345177],[-76.155112758674704,36.849618043924579],[-76.15513766626259,36.849503504839952],[-76.155146119409423,36.849464521199288],[-76.155210488191102,36.849165543165427],[-76.155218496671864,36.849123715591375],[-76.155228197578609,36.849070910465926],[-76.155500291888274,36.848099621184609],[-76.155521007937054,36.848035395577078],[-76.155533843065825,36.84798784095986],[-76.155580831243398,36.847792222118102],[-76.155674630630415,36.847487791438731],[-76.155776985572203,36.847197218560609],[-76.15583239096398,36.847063644567321],[-76.155929277860636,36.846804597539411],[-76.155984715591771,36.846671105530326],[-76.156067500735077,36.846482078255697],[-76.156290171534451,36.846060012703411],[-76.156491934045576,36.845698989243033],[-76.156137327680426,36.845531262898888],[-76.155748419146164,36.845342827322703],[-76.154893963207485,36.845022503102555],[-76.15411057927912,36.844728813098619],[-76.15375146247294,36.844558907106986],[-76.153300831593825,36.844403490725988],[-76.152495374262301,36.844076791723054],[-76.152084519885648,36.843968377958596],[-76.151958040686893,36.843944006658901],[-76.151795130311811,36.843893987275564],[-76.151543515793975,36.843848238827896],[-76.151287174341135,36.843816049480004],[-76.150882081758709,36.843761239995551],[-76.150523934234727,36.843734814737552],[-76.150015121271252,36.84370268213484],[-76.148983054027866,36.843709499449709],[-76.147980998599778,36.84370317098589],[-76.145902114674342,36.843689017309579],[-76.144629813669454,36.843682243126835],[-76.143847939809078,36.843678023909852],[-76.142780161838189,36.843662081608301],[-76.141921411054128,36.843643617405384],[-76.14095612546727,36.843651361386357],[-76.138877370000898,36.843613678126481],[-76.138422186459906,36.843604525098677],[-76.137820182268882,36.843596511525554],[-76.136790282660257,36.843567061080137],[-76.134806685731945,36.843549908127862],[-76.134173597137135,36.843544972160252],[-76.133855624967609,36.843542508489698],[-76.132682328188494,36.843530374174321],[-76.132491269103966,36.843528321714267],[-76.131053511898486,36.843512748177432],[-76.128679307721697,36.843426337024518],[-76.126736002030498,36.843409182602869],[-76.126624285745123,36.843408202740363],[-76.123687369687829,36.843368047776529],[-76.124046353543349,36.844584256620408],[-76.124593185006262,36.846434383929889],[-76.12503863080957,36.847269368203108],[-76.125484730586393,36.848105601357688],[-76.125750574418319,36.848890505258566],[-76.12612947661863,36.850013655964865],[-76.125876290947389,36.851874723187599],[-76.125171824915057,36.854706537969307],[-76.126043544676875,36.854890456570828],[-76.12728715438989,36.855152982462748],[-76.129064077717445,36.855527222908307],[-76.130060306672576,36.856371830082189],[-76.130763363248235,36.857624178721522],[-76.130806233548526,36.857657669693751],[-76.1308450165143,36.85768797363815],[-76.132054874725469,36.858600369671905],[-76.132803990620673,36.85873367912999],[-76.132932803642532,36.858755905975478],[-76.133128649849198,36.858380920890227],[-76.133369454040889,36.857915803771483],[-76.133560944316756,36.857810408322635],[-76.133750082803189,36.857706639297895],[-76.133885026826846,36.858013464455944],[-76.133854570345449,36.858165583519231],[-76.133845919569268,36.858208860201749],[-76.133817624434457,36.858356887689816],[-76.133705690756784,36.858944800119652],[-76.133987310801729,36.858949901125449],[-76.136301154479625,36.85898606025355],[-76.136852420026784,36.858994680280162],[-76.138832447948488,36.859026203420768],[-76.140696862693105,36.858904260156592],[-76.140884909726481,36.859163798780223]]]},"properties":{"OBJECTID":20,"PATROL_ZONE":"323","PRECINCT":3,"SHAPE.area":6159041.5643951204,"SHAPE.len":10453.805410631867}},{"type":"Feature","id":39,"geometry":{"type":"Polygon","coordinates":[[[-76.080617058587464,36.792004279608669],[-76.08119649709856,36.793285604584803],[-76.081296550556587,36.793525986053389],[-76.081413873227632,36.793788347046757],[-76.081549614955279,36.794036634200872],[-76.081677791969895,36.794241437928015],[-76.08181448681006,36.794460923991423],[-76.081978086192976,36.79468088132564],[-76.082298638324005,36.79505507523232],[-76.082613295710161,36.795388100215021],[-76.083037270879856,36.795814673645296],[-76.083262740829639,36.796064863376536],[-76.083479039878711,36.796322032802863],[-76.083746125182344,36.796674158681853],[-76.083992988510644,36.79711213938031],[-76.08439947527836,36.797913768649721],[-76.084611861266069,36.798272734470601],[-76.084794435762717,36.798596905711612],[-76.085018768445352,36.798933778759498],[-76.085258179350035,36.799303630241475],[-76.085541615788472,36.799654603741914],[-76.085828297840052,36.800006743072807],[-76.085929103187979,36.800130563413859],[-76.086131605012582,36.799858976686956],[-76.086326252866655,36.799583399686426],[-76.086440423349373,36.799275278405176],[-76.086565344869427,36.798944931803526],[-76.086657457220326,36.798683642277588],[-76.086764516639263,36.798379907413917],[-76.087032790414057,36.797791549550055],[-76.087099952956251,36.797675584839155],[-76.087202755259057,36.797498120626031],[-76.087434103784062,36.797211419961052],[-76.087684972700202,36.79695539942589],[-76.087940479618155,36.796718952718756],[-76.088187851392874,36.796514813093971],[-76.088383455054426,36.796384122215869],[-76.088536744472819,36.796293802151368],[-76.088620131487389,36.796237020708887],[-76.088680494681213,36.796196238177046],[-76.088767307870285,36.796139073970451],[-76.088838508339691,36.796104517324714],[-76.088892291374066,36.79607839427706],[-76.089007535343555,36.796017789347694],[-76.089083519341855,36.795977834667532],[-76.089229106605003,36.79591485868891],[-76.089300392414387,36.795886182611106],[-76.089391852588406,36.795849459174484],[-76.08958579436667,36.795770961699745],[-76.08968088283612,36.795740439717903],[-76.089779213325443,36.795708938689181],[-76.089890361875547,36.79567253671707],[-76.090138266351232,36.79559808756612],[-76.090252219441666,36.79556193515603],[-76.090424279157929,36.795527002748599],[-76.090572582926484,36.795486032807325],[-76.090679451004263,36.79546858205439],[-76.090892823342131,36.7954128739932],[-76.091039252326695,36.795369566813939],[-76.091193801183124,36.795300826876378],[-76.091363841486626,36.795221836801204],[-76.091477816136631,36.79517312716137],[-76.091578698739653,36.795130029178878],[-76.091798316165381,36.795036834528517],[-76.091997824803457,36.794957156476215],[-76.092219117587177,36.794895619092209],[-76.09246275506527,36.794851217477614],[-76.092716574048779,36.794823481921647],[-76.092959315906555,36.794822938087123],[-76.09312362136528,36.794817501899679],[-76.093253562671123,36.794815208586641],[-76.093464673051102,36.794841544994952],[-76.093784489461939,36.794889343420046],[-76.094414893890672,36.795061732149421],[-76.094605166050982,36.795110663421468],[-76.094740441552986,36.795145417618734],[-76.095012170248324,36.795200441049118],[-76.095349094175432,36.795248585259479],[-76.095638657124113,36.795282020819137],[-76.09600671037073,36.795317036063906],[-76.096351769441057,36.795324103708865],[-76.096877473426787,36.795348634366412],[-76.098633889114694,36.795441240926834],[-76.100148526837145,36.795481208115859],[-76.100528262674047,36.795461251139969],[-76.100604337402217,36.795450607609212],[-76.100874388942913,36.795412910680142],[-76.101586155583561,36.795288462629813],[-76.102123644567513,36.795158938610705],[-76.102284033371603,36.795120714970246],[-76.102343562030541,36.795106613451871],[-76.102678544698279,36.79502704769169],[-76.102814949382619,36.794975324544048],[-76.102939076791941,36.79492832178132],[-76.103117579225426,36.794860629551685],[-76.103471902621251,36.794748911812626],[-76.103627651626894,36.794699762343789],[-76.103923904329491,36.794611480397727],[-76.104093228675723,36.794553627299969],[-76.10422116134859,36.794509407485499],[-76.104590014095834,36.794404262762455],[-76.104705716206112,36.794370878613712],[-76.104982736876806,36.794290783357653],[-76.105302442794837,36.794209029884705],[-76.105619001914434,36.794163685505332],[-76.105877908955733,36.794137384832162],[-76.106012199904171,36.794135206597076],[-76.106140884466953,36.794147283284104],[-76.106212855690885,36.794154026603742],[-76.106267594532724,36.794165611242853],[-76.106545965371282,36.794224617053899],[-76.107060489823297,36.794347867655631],[-76.107413255540422,36.794434325604698],[-76.107562792695887,36.794470920954055],[-76.108050150297089,36.794609685594942],[-76.108100243052263,36.794623962728565],[-76.108427220832539,36.794714191964673],[-76.108500724582356,36.794742780000171],[-76.108605895742556,36.794784302806107],[-76.109399926503656,36.793066363338042],[-76.109742432561916,36.792259147696029],[-76.109912328236661,36.791899664511789],[-76.110130352949383,36.791560777893899],[-76.110624527865269,36.790972464051713],[-76.111228380789157,36.790386380866181],[-76.111921272029036,36.789684377538237],[-76.112284604628854,36.789377869639864],[-76.112512026617779,36.789127447281899],[-76.112140187870523,36.788849720193156],[-76.111518667779947,36.788420414478942],[-76.111319343296501,36.788282691857077],[-76.109480822489942,36.787091414947362],[-76.106959248792478,36.785475850662486],[-76.096658465957148,36.779079368318698],[-76.091172645858194,36.775681292232484],[-76.088593527880249,36.777024499512322],[-76.088346318700573,36.777138976566398],[-76.088202657425384,36.777205498678683],[-76.087365399732818,36.777655385748758],[-76.087287999989613,36.777696943717658],[-76.086629771143294,36.7780073650164],[-76.086308722243899,36.778183305836635],[-76.08621952582439,36.778232189607323],[-76.086145282761109,36.77828341392312],[-76.085646884865071,36.7786273411499],[-76.085333481527059,36.778903143910881],[-76.084973727815338,36.779177881531886],[-76.084619337944176,36.779574855731653],[-76.084272184900939,36.780060941879448],[-76.08409814170453,36.780354612426727],[-76.08384309202907,36.780734726477455],[-76.083674228518575,36.780962067751837],[-76.083587265310868,36.781104850729989],[-76.083497208305317,36.781239630606628],[-76.083461121183731,36.781285292013465],[-76.083156848322275,36.781810146577293],[-76.08308675457728,36.781914373261309],[-76.082940964294892,36.782131390858915],[-76.082805561232107,36.782320349751807],[-76.082660447381116,36.78253323282614],[-76.082549268288275,36.782675819339225],[-76.082374384268761,36.782886026437062],[-76.082270928890765,36.783002752429873],[-76.081935089230214,36.78333748601213],[-76.081504309322227,36.783759527740557],[-76.081341630712487,36.783922015121689],[-76.08073872640955,36.784524040506653],[-76.080234493057418,36.785009267897323],[-76.079914131369208,36.78531760843628],[-76.079338235813623,36.785889246594543],[-76.079230555658825,36.785987089888316],[-76.079144746786255,36.786076070276579],[-76.079323971465215,36.787006120665055],[-76.079485429264508,36.787736086663692],[-76.079701745381541,36.788871233544512],[-76.079894682843317,36.78979694940265],[-76.080039766151586,36.790504047917565],[-76.080090970122797,36.790698116901481],[-76.080124003870722,36.790841668038404],[-76.080173865758894,36.790991063262069],[-76.08022353001769,36.791166993698873],[-76.08034521311113,36.791439143592996],[-76.080617058587464,36.792004279608669]]]},"properties":{"OBJECTID":39,"PATROL_ZONE":"128","PRECINCT":1,"SHAPE.area":6870955.0458150404,"SHAPE.len":11023.490399049328}},{"type":"Feature","id":6,"geometry":{"type":"Polygon","coordinates":[[[-76.074728526441575,36.816683220622132],[-76.075232886456163,36.81862190467271],[-76.075578019188313,36.819901739438194],[-76.075699445363597,36.820130450182077],[-76.076097052284751,36.820879610757878],[-76.076422434657076,36.821391844798853],[-76.076668890150216,36.821806339840705],[-76.076805755670279,36.822015174657473],[-76.076931412910554,36.822146956533167],[-76.077076249182127,36.822320236708897],[-76.077445870887232,36.822731777711027],[-76.077705072575938,36.822962449594499],[-76.078014459546324,36.823231275040818],[-76.0780060944344,36.82145475020716],[-76.079017451018913,36.818678639313823],[-76.080395230407831,36.8170502651164],[-76.081935202417938,36.814730123468571],[-76.082702861337253,36.814533936282608],[-76.082909962536093,36.814481025289993],[-76.083406099372581,36.814683456457082],[-76.08360465849141,36.814778266908498],[-76.083722203046335,36.814843878954413],[-76.083862798371442,36.81493469350459],[-76.084066616227958,36.815079011157337],[-76.084236408596425,36.815219853526706],[-76.085500963428615,36.816397134026488],[-76.086510014936138,36.817329342627445],[-76.087148516778825,36.817952086393689],[-76.08729979486931,36.818071580139254],[-76.08739016898015,36.818131107604756],[-76.087517026369639,36.818224410787295],[-76.087671448563597,36.818312756843582],[-76.087798952740087,36.818386811399378],[-76.087943410820927,36.818463962482276],[-76.088071384816288,36.818524289320933],[-76.088274074388806,36.818597142717444],[-76.088451727914332,36.818657775083039],[-76.088681429827417,36.818717251034144],[-76.088951019634081,36.818764715981324],[-76.0920997898764,36.819376152738656],[-76.093177382840082,36.819585190508093],[-76.094450803145818,36.819839362027821],[-76.095116833860402,36.819957413145147],[-76.095388340671875,36.820017924339901],[-76.095579822862888,36.820056548328743],[-76.095786090425165,36.820106353182126],[-76.096015595607213,36.820168009097777],[-76.096174512072551,36.82022063570269],[-76.096692097983066,36.820395835969499],[-76.09690817784319,36.820460621968394],[-76.097047427492015,36.820505179165153],[-76.0971002825667,36.820520658148425],[-76.097172285231679,36.820539084067192],[-76.097271176269714,36.820561989355603],[-76.097354269535202,36.820578774241909],[-76.097416978230228,36.82058959046352],[-76.097509637655151,36.820603163773235],[-76.097664297902682,36.820607867508762],[-76.097767918570696,36.819629706505289],[-76.097835615610521,36.818255526445377],[-76.097868139115377,36.817575690878705],[-76.097900008646704,36.816896033376139],[-76.097926829646141,36.816060572248482],[-76.097947769375423,36.815803889815307],[-76.098034710125248,36.814481124535909],[-76.098071668612675,36.813990352697203],[-76.098097581415345,36.813578675511678],[-76.09811607593042,36.813268013566848],[-76.097854966220041,36.813189582131024],[-76.097568625528282,36.813077531535342],[-76.097250347931535,36.812927364551008],[-76.096964219242196,36.812800025772582],[-76.096651239010697,36.812654209345702],[-76.096433374198099,36.81251807439957],[-76.095207797266085,36.81166521839527],[-76.094583812198366,36.81118347537371],[-76.094253063290537,36.81086610573287],[-76.094166711835527,36.810783270283792],[-76.09383325091386,36.810437819545854],[-76.093490736770747,36.81001000276818],[-76.093096378157654,36.809485784428816],[-76.091788130168368,36.807767008111036],[-76.090978596282085,36.806703499128723],[-76.090771264216187,36.806437145230532],[-76.089754040734547,36.80513041370785],[-76.088510375325967,36.803509237541292],[-76.086955416721977,36.801482159996944],[-76.086729209255353,36.801200038190728],[-76.086584814954904,36.800991389709132],[-76.086404841979302,36.800765442885606],[-76.086220067508506,36.800484586573326],[-76.085929103187979,36.800130563413859],[-76.085828297840052,36.800006743072807],[-76.085541615788472,36.799654603741914],[-76.085258179350035,36.799303630241475],[-76.085018768445352,36.798933778759498],[-76.084794435762717,36.798596905711612],[-76.084611861266069,36.798272734470601],[-76.08439947527836,36.797913768649721],[-76.083992988510644,36.79711213938031],[-76.083746125182344,36.796674158681853],[-76.083479039878711,36.796322032802863],[-76.083262740829639,36.796064863376536],[-76.083037270879856,36.795814673645296],[-76.082613295710161,36.795388100215021],[-76.082298638324005,36.79505507523232],[-76.081978086192976,36.79468088132564],[-76.08181448681006,36.794460923991423],[-76.081677791969895,36.794241437928015],[-76.081549614955279,36.794036634200872],[-76.081413873227632,36.793788347046757],[-76.081296550556587,36.793525986053389],[-76.08119649709856,36.793285604584803],[-76.080617058587464,36.792004279608669],[-76.080332778630989,36.792107880232159],[-76.079960214044988,36.792234358510321],[-76.079542440844008,36.792364383127783],[-76.079027026161526,36.792525662408565],[-76.07854122713735,36.79268053169244],[-76.07785148988242,36.79288865464919],[-76.077633864920003,36.792959732563105],[-76.077551256744798,36.792986674603775],[-76.077495528857824,36.793003749689035],[-76.077223351903143,36.793087370504772],[-76.076709339490847,36.793244548558789],[-76.075964006401279,36.793481652704529],[-76.075842992552737,36.793528552765643],[-76.075776940328225,36.793549402263594],[-76.075680543013377,36.793586621729027],[-76.073678854015242,36.794211830367225],[-76.072185032054549,36.794656567700777],[-76.07192281831469,36.794667737912889],[-76.071739004142941,36.794641652501326],[-76.071565154982636,36.794593463309241],[-76.071355553772349,36.794507414136689],[-76.071110234648032,36.794383478959077],[-76.070710930809284,36.794167199598583],[-76.070293260016257,36.793950564979937],[-76.069920935280436,36.793757095555357],[-76.069339727088249,36.793455359710293],[-76.069085673644437,36.793316347672608],[-76.068940671184535,36.793231605604625],[-76.068749308469449,36.793153347876142],[-76.068349539303398,36.792951941727694],[-76.068113448571992,36.792828191790903],[-76.067859434654068,36.792689177895774],[-76.067744671283251,36.792668280684737],[-76.069203184961694,36.794419632644725],[-76.070354833240771,36.797005849448134],[-76.070528872843923,36.797237194464074],[-76.072407551038637,36.799298465554116],[-76.072751908524694,36.799669909990477],[-76.073271907310058,36.800327868625601],[-76.07354187351082,36.800549296633378],[-76.074296128667783,36.801031773353756],[-76.074606342088217,36.801374207361697],[-76.074828458627067,36.801580409199438],[-76.075101197028772,36.80171745839403],[-76.075449931106917,36.80184569170239],[-76.076496172867195,36.802628445597357],[-76.076669068016642,36.802739277914405],[-76.076912018283565,36.802944945966217],[-76.077027220032221,36.803109949699795],[-76.077107594097313,36.803362100088393],[-76.077233399559603,36.803555676880279],[-76.077425442299358,36.803740042878452],[-76.077633069012663,36.803850437707268],[-76.077895105784407,36.803908927532035],[-76.078239978005143,36.803852384779425],[-76.078690389695339,36.803797989735976],[-76.079096140742863,36.803886229445915],[-76.079613672754462,36.804070244363317],[-76.08024133372831,36.804402997106052],[-76.080535173556072,36.804706143460088],[-76.081668424338119,36.804871380036566],[-76.081309942640843,36.805065441391861],[-76.081006963353374,36.805239681609656],[-76.080720792443216,36.805376461726183],[-76.080396612016742,36.805558616660171],[-76.080056159507208,36.805761425293568],[-76.079635640156411,36.806021323372761],[-76.079119130427614,36.806341500188907],[-76.077985815865176,36.807041787950929],[-76.077313568808819,36.807444988091454],[-76.076618755174223,36.807849476417275],[-76.074988638123685,36.808825961845862],[-76.073561975111943,36.809716375405209],[-76.072055237174098,36.810767523224278],[-76.073018674926416,36.811658027117574],[-76.073105740542076,36.81175420419784],[-76.073222910499524,36.811886694889886],[-76.07335260027709,36.812046588885515],[-76.073446976382527,36.812167425237675],[-76.073514091314038,36.812266706438571],[-76.073612921266658,36.812444893018842],[-76.073682486802255,36.812587251255039],[-76.073735994952159,36.812704879886141],[-76.073787473807812,36.812847550485813],[-76.073806170443831,36.81293396309875],[-76.073955542309264,36.813522601614736],[-76.074728526441575,36.816683220622132]]]},"properties":{"OBJECTID":6,"PATROL_ZONE":"126","PRECINCT":1,"SHAPE.area":6332545.65515712,"SHAPE.len":15196.371880369323}},{"type":"Feature","id":11,"geometry":{"type":"Polygon","coordinates":[[[-76.012934660417031,36.886162555522809],[-76.015057811523064,36.887878343927682],[-76.015546426765667,36.888272015579702],[-76.015911415858866,36.888565864442548],[-76.0194800649532,36.891443505031098],[-76.022101526818673,36.893365560970963],[-76.022429914953946,36.893606425494582],[-76.02411125843355,36.89483964655696],[-76.024693919201567,36.895265717250091],[-76.02548684233993,36.895845556654074],[-76.026563993332488,36.896635363920808],[-76.027332525414252,36.897198080744474],[-76.029328162462335,36.89672045268005],[-76.040238623796142,36.894111371022824],[-76.039643394698984,36.891697163260922],[-76.038013157274193,36.885093026777795],[-76.037744538546363,36.884004026982161],[-76.037698015696122,36.883954750180116],[-76.037664947812203,36.883919781960792],[-76.036477825960873,36.882620763094586],[-76.034432540823659,36.880381442339051],[-76.034487047900157,36.880167453186516],[-76.034639840550199,36.879567723484492],[-76.034305474126711,36.879442260431631],[-76.034150320704114,36.879355986184713],[-76.033860658940739,36.879194972519521],[-76.033259255722655,36.878679682245611],[-76.033026034210266,36.878439678183241],[-76.032301181810894,36.87779504536271],[-76.032129812000761,36.877647158288937],[-76.031877653103876,36.877405489621125],[-76.031774601069429,36.877308492541708],[-76.031653580932669,36.877194619405586],[-76.031486569748324,36.877017973393265],[-76.03136347989313,36.876857334931124],[-76.031255023593928,36.876669553610441],[-76.031133875896401,36.876449869287136],[-76.031079049019667,36.876242582209954],[-76.03103627304246,36.876032800328659],[-76.031003034478644,36.875845200222791],[-76.030819508666099,36.875019536545786],[-76.03074664092351,36.874714633679389],[-76.030632503678447,36.874228630374837],[-76.030615613554474,36.874084888540445],[-76.030606488467825,36.873944516735996],[-76.030624289483484,36.873818462367041],[-76.030645949661633,36.873684543968977],[-76.030678127315113,36.873531004910163],[-76.030724073446947,36.873380799937038],[-76.03108564534881,36.87204714124524],[-76.031177177388045,36.871757714530979],[-76.031280084793735,36.871381965377921],[-76.03142032348768,36.870909421170055],[-76.031496137704394,36.870636881904154],[-76.031533097988444,36.870492638163348],[-76.031591080646777,36.870287722269772],[-76.031628713768981,36.870182690992166],[-76.031769986423825,36.869784378443029],[-76.031922636241745,36.869350560713791],[-76.032000448311635,36.869193057445436],[-76.031861118712754,36.869139836426676],[-76.031739422144582,36.869093868085812],[-76.031511126094927,36.869013485946162],[-76.031455863535257,36.868987294358121],[-76.031265182641491,36.868897000325653],[-76.031016704142317,36.868754358792778],[-76.030819308341776,36.868618286303914],[-76.03075486679657,36.868568341277324],[-76.030582392058662,36.868434645804257],[-76.030395614344769,36.868235588720445],[-76.030343565058899,36.868174240332444],[-76.030277014269402,36.86809566252218],[-76.030218758523205,36.868012258762541],[-76.030156086659105,36.867922703089945],[-76.03006052208255,36.867758533348095],[-76.029968838228001,36.867580707729651],[-76.029905772901799,36.867432681579139],[-76.029546358753265,36.866583719968339],[-76.029416728264508,36.866303340217463],[-76.02910388008533,36.865625569562901],[-76.030588517670566,36.865201167577681],[-76.03194577055524,36.864803671373316],[-76.032768890561869,36.864579095934445],[-76.034469812823119,36.864078860277559],[-76.036288008348066,36.863563713826991],[-76.036405011218875,36.863530678950355],[-76.036458372045075,36.863515903665167],[-76.036548019418845,36.863490376438982],[-76.036696598970209,36.863448075165827],[-76.036870639471687,36.863407751049557],[-76.037088920204241,36.863361645579118],[-76.037237369499891,36.863332972490376],[-76.037399092302181,36.863303393092153],[-76.037455209159646,36.863296931850748],[-76.037535611072542,36.863286555052738],[-76.037647590564276,36.863268296110867],[-76.03782299560666,36.863247505851206],[-76.038025763332598,36.863228598619116],[-76.038145223994022,36.863218459706566],[-76.038329167523159,36.863207450428547],[-76.038494244634734,36.863202530104402],[-76.038562650445286,36.863201971662711],[-76.038641439882227,36.863201232104764],[-76.038776142259081,36.863198738162907],[-76.038889159304986,36.86318482742815],[-76.039109403754765,36.863204251427298],[-76.039175670676642,36.863210062958096],[-76.039258984927685,36.863215297360227],[-76.039571651647151,36.863234856470022],[-76.03986808491112,36.863269914656129],[-76.040809326191081,36.863410558343517],[-76.041159124772832,36.863453955674551],[-76.041488998721576,36.863494876297814],[-76.042415244424518,36.863626743389048],[-76.045563133419535,36.864075875487515],[-76.046051208774642,36.862516020319468],[-76.047037233766488,36.859399305806143],[-76.04797410833585,36.85646729615231],[-76.048279099849552,36.855440047605235],[-76.04829346840252,36.855400554495667],[-76.048377274031992,36.85517299431784],[-76.048475780591104,36.854875596235097],[-76.04849352321628,36.854754868299452],[-76.04851522831018,36.854607133572955],[-76.048551690927553,36.854417297865027],[-76.048560444111686,36.854371787885881],[-76.048567504869823,36.854127574351125],[-76.048560512383645,36.853948668278562],[-76.048559492795789,36.853791900944636],[-76.048559172097242,36.85373976393749],[-76.048558801991334,36.85368212228834],[-76.048556981106259,36.853601992769107],[-76.048554476603258,36.853495391683687],[-76.048246290680424,36.853513493385513],[-76.047464990843523,36.853568644499788],[-76.046611939869933,36.853622263800176],[-76.046512359824078,36.853636119489906],[-76.046443740214457,36.853645661627986],[-76.046282434230463,36.853662087759979],[-76.04621568850655,36.853688746073715],[-76.046164669588293,36.853709083211776],[-76.046032793311312,36.853769521706745],[-76.045872307489176,36.853867827423777],[-76.045218865764994,36.854178765871637],[-76.04417431104082,36.854675829598563],[-76.043742335475201,36.854817910877223],[-76.043573441422012,36.854861086667761],[-76.043490987757025,36.854876534260647],[-76.043415205879654,36.854890747682141],[-76.043354757345881,36.854908744109757],[-76.043275852026255,36.854929650926032],[-76.043170175114568,36.854946424677841],[-76.043026541687155,36.854962296341178],[-76.042937440489055,36.854968674907305],[-76.042817822622467,36.854966172071329],[-76.042705461346699,36.854952831278261],[-76.041835985576469,36.85487968545133],[-76.039037393004961,36.854620507490949],[-76.035655230570356,36.854329785617118],[-76.035591822986021,36.854325103362576],[-76.035396010017024,36.854310636099903],[-76.035259343922959,36.854307768092539],[-76.035132927606284,36.854305115005879],[-76.035016761965323,36.854302676840049],[-76.034639770481604,36.854330454099866],[-76.033030663228928,36.854502732689411],[-76.032114842474869,36.854593394504199],[-76.031229858189562,36.854681949422343],[-76.031173730552297,36.854683118183566],[-76.03110091042042,36.854690888360665],[-76.031048692251275,36.854696426677862],[-76.030890266266084,36.854716023907763],[-76.030810350341767,36.854729056379092],[-76.030744119352505,36.854736030845658],[-76.03068770066109,36.854741988216972],[-76.030597908658549,36.854755362830133],[-76.030481090840681,36.854787127796627],[-76.030430467181162,36.854795157447882],[-76.03034361805949,36.854808964765795],[-76.030293025841004,36.854825146257888],[-76.030192048016545,36.854853777254789],[-76.030107698906306,36.854872225812244],[-76.030033347146883,36.854887613742982],[-76.029875196944488,36.854914510987413],[-76.029662379765469,36.854940230839603],[-76.029565383274345,36.85494124002485],[-76.029487949395175,36.854942083887686],[-76.029405467882412,36.854954087009247],[-76.02927160902361,36.854949513330673],[-76.029194604539157,36.854941527541996],[-76.029139283589004,36.854937716501986],[-76.029086199443924,36.85493415416412],[-76.028911990059186,36.854918208459289],[-76.028850162611434,36.854908581662478],[-76.028747793296603,36.854894846960626],[-76.028570205348089,36.854881562221024],[-76.028376439639615,36.854847262108187],[-76.028126590311331,36.854807000301378],[-76.027982894001866,36.854783808404243],[-76.027886676350079,36.854768265192988],[-76.02780329203047,36.854755492931965],[-76.027743451656136,36.854746319674163],[-76.027636865649356,36.854730008063513],[-76.027545453984345,36.854715995155949],[-76.027497846867561,36.854708563533912],[-76.027397772748273,36.854692307262454],[-76.027291401438859,36.854678857883513],[-76.027135518584231,36.854662401061823],[-76.027072653582337,36.854664182237109],[-76.026966265204919,36.854668535981375],[-76.026875364681331,36.854683015395807],[-76.025040689562488,36.855230361702503],[-76.024871605066451,36.855279002218538],[-76.024826188042312,36.855223835806171],[-76.024779519664989,36.855167187207364],[-76.024726344790068,36.855115112954344],[-76.024673399883852,36.855063290961802],[-76.024550098924578,36.854967248103904],[-76.024390833014607,36.854832365824393],[-76.02419406962801,36.854662649765054],[-76.023698737682039,36.854234935044865],[-76.0233313006797,36.853919708449844],[-76.023074835259337,36.853677075560086],[-76.022898964889649,36.853429987452579],[-76.022739169871954,36.853129358725766],[-76.022583091184615,36.852445963654965],[-76.022204074898241,36.850794322889982],[-76.022071662327065,36.850245972951292],[-76.021976191175284,36.849848873393988],[-76.021961486652401,36.849788268622234],[-76.021941470391241,36.849705570192711],[-76.021915253957985,36.84960286339755],[-76.021848811864629,36.84934907038862],[-76.021612898999663,36.848509919350683],[-76.021579914659071,36.848376845098173],[-76.02149960257772,36.848052655351779],[-76.021298891095469,36.847477242123688],[-76.021222868469607,36.847259350099279],[-76.020938979280245,36.846426272886674],[-76.020904798383697,36.84632655292048],[-76.020817416561059,36.846069464489865],[-76.020701478193871,36.845727650975398],[-76.020673607063856,36.845647878309677],[-76.020233773036139,36.845750444485425],[-76.016460387108765,36.846641830235853],[-76.014981877830422,36.846989578948396],[-76.014317222436532,36.847137646135437],[-76.013285128243666,36.847335601523632],[-76.012644201848019,36.847489629571356],[-76.011642583001162,36.84759205022295],[-76.010853673535493,36.847671497372687],[-76.009825619964786,36.847745867127919],[-76.008976747055598,36.847777320146314],[-76.007860417838543,36.847728907767738],[-76.00704391482229,36.847711577471628],[-76.00635278158542,36.847625467234778],[-76.005450705953521,36.847507395548668],[-76.004458883234847,36.847341394132869],[-76.003651195386468,36.852739002960504],[-76.004377968383935,36.854029295563763],[-76.006771960649814,36.856173652987749],[-76.0069517099449,36.85633465623777],[-76.007579643108286,36.856897058388533],[-76.008871611827999,36.858681786277536],[-76.011098428517812,36.861757747955359],[-76.01147843205267,36.862282561917937],[-76.012645287012873,36.868756913639679],[-76.009850596722956,36.872156294901281],[-76.012934660417031,36.886162555522809]]]},"properties":{"OBJECTID":11,"PATROL_ZONE":"223","PRECINCT":2,"SHAPE.area":17921984.779860482,"SHAPE.len":23374.228758641686}},{"type":"Feature","id":29,"geometry":{"type":"Polygon","coordinates":[[[-76.215119891768808,36.832007962436073],[-76.215340601545932,36.832061737782183],[-76.215520368807304,36.8321119964247],[-76.216949150944799,36.832706138796269],[-76.217276379355027,36.832858224811758],[-76.220397759066017,36.834494205983567],[-76.220508570747896,36.834562349926308],[-76.22062233788705,36.834647036187107],[-76.220770214955863,36.834847858136264],[-76.2213034243658,36.835542779659107],[-76.221603013411368,36.835930757866997],[-76.222028358511878,36.836345902464302],[-76.222533368906724,36.836842320750073],[-76.222796278840917,36.836971135815773],[-76.223620610674871,36.837198806250967],[-76.223956895899803,36.837276813340019],[-76.224165823373653,36.837267125367184],[-76.224477795695393,36.837242922325181],[-76.224757125934687,36.837168605623326],[-76.225098816322685,36.837065246426477],[-76.225378699025853,36.836968986838762],[-76.227542473745658,36.834388012524379],[-76.228055926507551,36.832547651191163],[-76.227846395365845,36.831892021507997],[-76.227614151220493,36.831081958722152],[-76.227458898983201,36.831012988403558],[-76.226855439521415,36.829464461366257],[-76.226868479466077,36.829258492817416],[-76.226722038803416,36.829123672320996],[-76.22581064674371,36.826554694710936],[-76.225872698770274,36.826423937897204],[-76.225217718232003,36.824657192573945],[-76.225264326422206,36.823445636482504],[-76.224201904207021,36.822495789560762],[-76.223229234468519,36.819900654282691],[-76.221709039767731,36.815772130949803],[-76.221436552894275,36.815052020073963],[-76.221426047995351,36.814150032299594],[-76.221351148263594,36.81402483510805],[-76.221127235992498,36.813965513010686],[-76.220848221960196,36.814034331127019],[-76.220646935556175,36.813563032589364],[-76.220447665869955,36.813025808352009],[-76.220257537440062,36.812524475924143],[-76.22085586123336,36.812412350997285],[-76.220807607329576,36.812312479527378],[-76.22020364391291,36.812385976041199],[-76.219564273399328,36.810785331533687],[-76.219095466907049,36.809439165284999],[-76.213758554244549,36.79580597600166],[-76.213139791981888,36.794215802692825],[-76.207130396006107,36.797034802770924],[-76.204378322691568,36.798396943172826],[-76.203652885488921,36.798756621734221],[-76.202848567221196,36.799238522785608],[-76.201824870479612,36.799853578261057],[-76.201022778237146,36.800373987644761],[-76.199475658332332,36.801677095970454],[-76.198502401095638,36.802655964699682],[-76.197785077476652,36.803535470980876],[-76.197628000761014,36.80375509656465],[-76.197409609535654,36.804077921142309],[-76.197266456706927,36.80428959149485],[-76.196848053786937,36.804894484214429],[-76.196053496613089,36.806292060389367],[-76.195740423855085,36.807030948956822],[-76.195569186995641,36.807434860482189],[-76.195225638891642,36.808670496601778],[-76.194983356072981,36.809781965897784],[-76.194892931656483,36.810393306833376],[-76.194801817333854,36.811142062147319],[-76.194780437430083,36.812070906339301],[-76.194791820881377,36.813047154534679],[-76.194786141732123,36.81346865070411],[-76.194815264215336,36.815539894069801],[-76.194857816512041,36.819429637806238],[-76.194938065711298,36.821966103812166],[-76.195021158976772,36.824409103932801],[-76.195208163964423,36.826133876775373],[-76.195593251963786,36.829589810902434],[-76.195828141647638,36.829480988324356],[-76.19652793913545,36.828961361364087],[-76.197461303088687,36.828069637947806],[-76.198120803949465,36.827637182618176],[-76.198705617080904,36.827412203897133],[-76.199343694020484,36.827347725785323],[-76.199721731143171,36.827399118593227],[-76.20011363196565,36.827558015218237],[-76.204008918378747,36.83016086912685],[-76.20706937344886,36.832554859919213],[-76.209436691140695,36.832650546983977],[-76.210219979847622,36.832421138837823],[-76.21043042367765,36.832361997089919],[-76.211907554940353,36.831920707828402],[-76.212058865370196,36.831893379717123],[-76.213326501423794,36.831821832478369],[-76.213573189580615,36.83180740337923],[-76.213771442373911,36.831811263745898],[-76.215119891768808,36.832007962436073]]]},"properties":{"OBJECTID":29,"PATROL_ZONE":"420","PRECINCT":4,"SHAPE.area":13619751.408097999,"SHAPE.len":16368.075759943826}},{"type":"Feature","id":40,"geometry":{"type":"MultiPolygon","coordinates":[[[[-76.073896039701481,36.678589256153558],[-76.076890130831657,36.677287510368565],[-76.079722987843084,36.678794984093805],[-76.086209573389368,36.675857707324155],[-76.087377427276152,36.675733284338413],[-76.092160050662287,36.675174570806838],[-76.096963808712104,36.674701296938444],[-76.099642100697409,36.673436490777988],[-76.099873071031695,36.673526449711446],[-76.100133113543521,36.673127620669604],[-76.100453823778039,36.672482592652194],[-76.100908232072925,36.670952230433571],[-76.10136519697312,36.67053267588809],[-76.102031676845357,36.670177907397473],[-76.102669698987683,36.669968251149903],[-76.105303527061366,36.668482475827673],[-76.106277461627812,36.667900265899931],[-76.113141603698111,36.6673309617222],[-76.115049902042685,36.66709765845804],[-76.116430660245101,36.667035008294462],[-76.117489280789982,36.666905319620582],[-76.118226503889147,36.666903796362455],[-76.11942060744687,36.666807093908744],[-76.121586415952464,36.666413930405575],[-76.121978713830316,36.605856033141229],[-76.122436254550607,36.605727870478717],[-76.122253755512432,36.595089599755049],[-76.122171040437692,36.591516516298263],[-76.122067762027783,36.590565883578549],[-76.122325915382575,36.550543229809925],[-76.075843704018453,36.550647885621068],[-76.071843198834429,36.550653466817742],[-76.035362216294345,36.550723998849264],[-76.024056348911827,36.55056696111059],[-76.013010747721609,36.550412494279307],[-76.013010753111487,36.550412500052467],[-75.995254531933028,36.550571449020943],[-75.9840393009694,36.550598137613235],[-75.984169600703041,36.550708121967453],[-75.983877584455328,36.5510895212783],[-75.983891149914427,36.551194303358187],[-75.983891284661723,36.551293273221795],[-75.983874132229687,36.551400142000425],[-75.98380213315798,36.551516820554006],[-75.983865326044949,36.551666630634081],[-75.983978552398298,36.551952284899841],[-75.983957270410912,36.552081044165305],[-75.983882015844614,36.552192158646527],[-75.983937210132297,36.552482031767191],[-75.984109983110912,36.5526177134292],[-75.984215736379397,36.552716235505692],[-75.984298760474601,36.552781241620465],[-75.984264230133377,36.552898727028627],[-75.98439052877076,36.552994941720243],[-75.984692370791066,36.553039926202224],[-75.984851739108976,36.552960842891046],[-75.98509439023691,36.553043047217066],[-75.985418160133293,36.553041764894928],[-75.985664759356879,36.553107565962534],[-75.985719924000151,36.553191233578929],[-75.986053216038556,36.553418338773071],[-75.986112306319626,36.553488352324599],[-75.986267555861986,36.553532956948629],[-75.986380925945781,36.55350511478175],[-75.986644848281315,36.553563070756113],[-75.986880797977207,36.553537861781571],[-75.987655760199772,36.553702986404723],[-75.987786352784198,36.55377450715234],[-75.988003620217142,36.553798433740035],[-75.988241969313151,36.553908013044229],[-75.988300268178463,36.554000017310912],[-75.988478051959717,36.55408631568077],[-75.988834221393446,36.554239663888779],[-75.98909153482343,36.554498155248957],[-75.989196065484848,36.554635112058868],[-75.989206597333222,36.554728837212259],[-75.989180057506488,36.554810749572233],[-75.989173754926455,36.554898590548959],[-75.989362568222745,36.554960369979689],[-75.989220036129893,36.555045287571723],[-75.989224770251425,36.555314841984661],[-75.989255246495759,36.55542548061166],[-75.989322615650494,36.55575685362335],[-75.989370560533828,36.555854129831722],[-75.989456899412417,36.556026440912262],[-75.989466707218696,36.556142131114676],[-75.989506776571943,36.556373950448624],[-75.989485107410658,36.556513693599136],[-75.98949753650092,36.556654195607763],[-75.989532017434797,36.556745659743818],[-75.989483754547848,36.556865599012397],[-75.989419162085639,36.557067670310651],[-75.989379576026039,36.55754525231314],[-75.98951949761468,36.557746188956507],[-75.989479308785505,36.557827836185481],[-75.989484536082131,36.557979173874159],[-75.989627371805582,36.558298400523441],[-75.989756035707089,36.558427631225058],[-75.989869915135657,36.558487828315243],[-75.99001923489881,36.558713721581867],[-75.990185824773306,36.558830028309167],[-75.990275156838422,36.558911678722275],[-75.990390686472168,36.559024142090891],[-75.990448301719539,36.559138109758813],[-75.990406691755581,36.559780585677039],[-75.990331942042474,36.560084153610475],[-75.990427900979441,36.560171469072579],[-75.990427772520363,36.560278675527336],[-75.990543609377937,36.560382902539445],[-75.990383274472748,36.560387705920128],[-75.990346580988344,36.560466653194226],[-75.990325413985303,36.56079884591334],[-75.990190001939382,36.560977444358166],[-75.99018619398089,36.561197304717496],[-75.990318287650155,36.56142835126407],[-75.990407351119018,36.561518238228594],[-75.990533343430869,36.561625431269853],[-75.990682852738544,36.561845831661458],[-75.990765924444446,36.561910862565213],[-75.990953362420058,36.56201387663446],[-75.991252131303767,36.562256710636035],[-75.991437069267946,36.56243665786581],[-75.991719295675694,36.562767140022473],[-75.991838632369607,36.562868693294405],[-75.991934652392018,36.563057695002087],[-75.992049408576307,36.563194895668765],[-75.992098684762908,36.563355420132275],[-75.992153014871278,36.563568284325143],[-75.992657996520052,36.56406850204695],[-75.992982251506675,36.564468625839318],[-75.993091709427432,36.564767927087054],[-75.993152070824635,36.564901185986891],[-75.993325362131131,36.56512484041864],[-75.993452620169236,36.56539976735899],[-75.993558112027998,36.565509264553576],[-75.993588168759075,36.565630883588646],[-75.993494574187949,36.565678361446899],[-75.993463726041085,36.565787685807372],[-75.993444594620485,36.565954959578868],[-75.993537760695247,36.56612744149475],[-75.993582369235597,36.566221895851477],[-75.993678793499896,36.566295452623081],[-75.993587786076759,36.566367743096599],[-75.993666073355456,36.566473881795964],[-75.993732463346532,36.566632024284203],[-75.993736376407924,36.566720084864194],[-75.9936272894914,36.567031189644545],[-75.99364189070802,36.567416434724471],[-75.993755515015053,36.567484838219777],[-75.99389757908564,36.567518131953619],[-75.993990330138743,36.567599852547986],[-75.993675170594344,36.567543617746736],[-75.993567176927527,36.567511054889962],[-75.993440175807592,36.567538583935288],[-75.993360974043952,36.56766610513305],[-75.993321440984914,36.56793471149696],[-75.993311104969266,36.568041726086534],[-75.993152255877575,36.569036374027256],[-75.993325410640168,36.569056569484211],[-75.993367546118563,36.569329672262924],[-75.993576006468444,36.569521109710834],[-75.993523581686787,36.569767431486952],[-75.993523966165725,36.569962653370915],[-75.993591320947417,36.570090565928062],[-75.993658832934273,36.570215734555156],[-75.993613034126156,36.570363231452973],[-75.993524183558023,36.57068026564535],[-75.993534238401011,36.57099667014969],[-75.993454817448409,36.571234171076625],[-75.99355630371933,36.571569019319128],[-75.993548558444942,36.571700818540151],[-75.993486009650027,36.571839713683033],[-75.993404336621026,36.571939706084088],[-75.993333566444633,36.572017924436309],[-75.993230893499216,36.572133952856923],[-75.993074447400915,36.572226819908785],[-75.992983252229919,36.57230460005492],[-75.992829124683354,36.572430516113648],[-75.992694456442464,36.572587098196927],[-75.992592652167971,36.572780131326262],[-75.992359040786752,36.573041830920971],[-75.992207895646942,36.573077085283494],[-75.992001820324134,36.573331103502646],[-75.991874770695176,36.573463120474401],[-75.991790074835251,36.573653744725569],[-75.991561670089425,36.573965037283756],[-75.991534728715735,36.5740579598477],[-75.991453143721628,36.574155177662796],[-75.99136485909213,36.574351246948673],[-75.991263267718338,36.574434297829569],[-75.991186405167696,36.574594866027496],[-75.990902775591465,36.574822492655599],[-75.990715338514164,36.57502745242838],[-75.990511244874867,36.575221037832719],[-75.990459477659996,36.575343650111677],[-75.990515152546351,36.575413560110476],[-75.99064526363378,36.575498832519784],[-75.99054303804941,36.575496640148174],[-75.990446925500521,36.575621077159433],[-75.990345251481727,36.576017567253906],[-75.990226148349763,36.576113979676556],[-75.990068674578779,36.576135357831767],[-75.989991326039558,36.576205190644792],[-75.989930122022642,36.576407334715974],[-75.989885105647119,36.576532839378146],[-75.989862920852843,36.576689084905759],[-75.989728295731112,36.576842917035513],[-75.989717376708839,36.576966406123823],[-75.989618453331431,36.577175983636359],[-75.989463855067669,36.577315650202529],[-75.989213877280292,36.577348780270171],[-75.989098067372183,36.577346295786093],[-75.989044160370298,36.577430368546828],[-75.98905855317777,36.577510411512662],[-75.98900551394847,36.577671489109221],[-75.988991494840135,36.577786668614962],[-75.988934364683004,36.577865176814761],[-75.988830731438568,36.578113145596305],[-75.988738166336745,36.578232134807543],[-75.988683170576735,36.578349182586891],[-75.988600906456284,36.57846567183725],[-75.988408989480661,36.57849727135558],[-75.98834854633678,36.578572960387753],[-75.988267008055075,36.57866742982192],[-75.988042200163648,36.578868809275896],[-75.987770521773953,36.578939964070493],[-75.98756958301793,36.579037392152813],[-75.987515492759741,36.579126955646522],[-75.987543626197805,36.579204546334033],[-75.987530693152664,36.579286750148263],[-75.987486905672441,36.579373787815499],[-75.987358487011008,36.579442521930496],[-75.987140260177355,36.579754025597964],[-75.986996862108541,36.579863679177784],[-75.986787528596196,36.580112124136797],[-75.986755304230329,36.580262658567385],[-75.986661462622507,36.580420112049346],[-75.986571115461103,36.580574892553784],[-75.986410288279146,36.58079965144919],[-75.986184152677737,36.580937748991673],[-75.986042886311111,36.581085940999372],[-75.985858054348142,36.581211187745076],[-75.98570466701338,36.581416872835689],[-75.98552046926099,36.581522899961861],[-75.98530023109943,36.581688626972415],[-75.985188953191908,36.581754980001982],[-75.985027076777712,36.581908194659839],[-75.984884579719136,36.58199038910319],[-75.984782924564968,36.582177923680959],[-75.984599495770468,36.582363673188148],[-75.984479184404464,36.582394085936762],[-75.984365452299613,36.582534623827641],[-75.984162549826365,36.582587989018805],[-75.984169220715685,36.582695369222343],[-75.98416163983299,36.582821677339034],[-75.984110310995987,36.582930559053118],[-75.984048903959788,36.583138191510997],[-75.983936487886822,36.583341980116892],[-75.983693373228206,36.583476988671976],[-75.983539613092603,36.58369362553578],[-75.983231354406229,36.584047175112815],[-75.983081282753176,36.58415118539066],[-75.982900703414771,36.58435350558095],[-75.982670147203848,36.584521754047749],[-75.982665422065438,36.584664635983039],[-75.982587282110444,36.584860917340016],[-75.982552082524364,36.585102111353223],[-75.982487916761926,36.585185959993083],[-75.982336357498767,36.585542878504938],[-75.982333582602863,36.58572979133352],[-75.98240941927746,36.585910125317838],[-75.982546480630248,36.586094549447992],[-75.982642680315706,36.586176353531748],[-75.983051706620756,36.586592066393571],[-75.983418575887853,36.587045363470821],[-75.983476938533556,36.587239114215343],[-75.983736220172318,36.587439875515699],[-75.983794210915477,36.587542865632216],[-75.983874953289856,36.587781056438281],[-75.983892826170745,36.587962890974353],[-75.983771049652503,36.588243465120527],[-75.983705700808869,36.588363034505171],[-75.983732379874482,36.588484584369255],[-75.984204423895036,36.588747700720823],[-75.984440969173974,36.588915001215454],[-75.984721912787492,36.589182223814049],[-75.984910623675844,36.58945573362206],[-75.985128878357287,36.589661132756476],[-75.985265396229323,36.589760313720198],[-75.985440560523216,36.58992629352479],[-75.985732009035672,36.590188243708823],[-75.985992622876026,36.590452305610761],[-75.98618665268917,36.590668173497718],[-75.986319226058825,36.590783753391619],[-75.986479175586723,36.590998888265155],[-75.986576033737279,36.591163184856725],[-75.98670402390232,36.591314412510002],[-75.98680500442174,36.591561278557521],[-75.986853717364653,36.591633816572596],[-75.986869783733511,36.591870617148224],[-75.986886220208262,36.59199197323975],[-75.986884411899595,36.592253090574687],[-75.986707902827732,36.592642476748559],[-75.986572379390694,36.592719301586257],[-75.98650366096642,36.592838800566597],[-75.986283845013034,36.592990774313812],[-75.986163119523681,36.593032225188097],[-75.986060407950717,36.593148219143544],[-75.98608591291827,36.593305488389376],[-75.985998637995152,36.593573067226053],[-75.986092672740781,36.593720790691314],[-75.986008799737647,36.593782238313132],[-75.985936639867504,36.593901664244655],[-75.985850396210338,36.594139014657031],[-75.985695302974861,36.594292404515919],[-75.985712373660192,36.594394513514196],[-75.985910409959516,36.594695697308715],[-75.985950804502906,36.594814792944895],[-75.986042943803284,36.594915766756003],[-75.986263534104438,36.595154185073419],[-75.986343018837417,36.595224636084026],[-75.986422084057153,36.595308817031004],[-75.986534473180669,36.595415719395298],[-75.986710855590076,36.595650468023422],[-75.986806221638943,36.595756978290353],[-75.986993821311316,36.595961715882176],[-75.987087686275345,36.596010494924876],[-75.9871009013915,36.59612623125544],[-75.987394264213819,36.596432233229606],[-75.987602511662999,36.596631918363364],[-75.987629166474107,36.596753466022029],[-75.987819448515893,36.596980267879175],[-75.98811149979791,36.597222963800121],[-75.988092619905586,36.597382027760339],[-75.988275740577933,36.597825897356437],[-75.988423057098018,36.598321203206545],[-75.988535547731161,36.598736027045],[-75.988692181577349,36.599154572162888],[-75.988645994697023,36.600038902453086],[-75.988640060426249,36.600321966921513],[-75.988595769889486,36.600527221023619],[-75.988456781650413,36.600812926087805],[-75.988110958113808,36.60137191737364],[-75.9878428289678,36.601643859428378],[-75.987734656536233,36.601718524783522],[-75.987745556693881,36.601801240447031],[-75.98752345093483,36.602021911992509],[-75.98740230593225,36.602178808339609],[-75.987220000930179,36.602227125513629],[-75.986998534771601,36.602324087178161],[-75.986867159754581,36.602379020192217],[-75.986768066595573,36.602385135636972],[-75.986671153647777,36.602531533326605],[-75.986639885089375,36.602651837788905],[-75.986488454285293,36.602797036409335],[-75.986513466976064,36.603072522962833],[-75.986558542640395,36.603153253280581],[-75.98661624412604,36.603264450057686],[-75.986701584078034,36.603365249109231],[-75.986653559244616,36.603476951107353],[-75.986687785056944,36.603576681137291],[-75.98668846867487,36.603659177742522],[-75.986736044350636,36.603767437275714],[-75.986965557617523,36.603942823872984],[-75.987135657209834,36.603954717738823],[-75.987107918132168,36.604072351023476],[-75.987286648737737,36.604235655609479],[-75.987692342293087,36.604549563015794],[-75.987993087470443,36.604633003994955],[-75.988098361038567,36.604646252776007],[-75.988280937331865,36.604694159518544],[-75.98836346645534,36.604569459284527],[-75.988457426640792,36.604409259200381],[-75.988587204453239,36.60440380087644],[-75.988936657183615,36.604458034344503],[-75.989148795236289,36.604539570889919],[-75.989393173824482,36.604676778616586],[-75.990003207157514,36.605206759512683],[-75.990382741771782,36.6056933305236],[-75.990377124606312,36.605863641767272],[-75.990499385316483,36.606086232867781],[-75.990676825042996,36.606287998697724],[-75.990540081693808,36.606403295590084],[-75.990553756747374,36.60650530346782],[-75.990633850538103,36.606765483988163],[-75.990649027574833,36.60692527823678],[-75.990743959737415,36.607045541232914],[-75.99083997886153,36.607132828111027],[-75.990907486356804,36.607257998694834],[-75.990998831546477,36.607383679624341],[-75.991027088952052,36.607560265862602],[-75.991224433548624,36.608298563296259],[-75.991679473359156,36.60856402994353],[-75.991411530164413,36.608519795300666],[-75.991298478982543,36.608949043257631],[-75.991319237252128,36.609042987327975],[-75.991269728401861,36.609407600632245],[-75.991202017887318,36.609598615644813],[-75.991044639337744,36.609820681107145],[-75.990946677157709,36.609895568575354],[-75.99089965214921,36.609977043127685],[-75.990931983414598,36.610134456899338],[-75.990755927991955,36.610199427663368],[-75.990267663990622,36.610733364689992],[-75.989606415906621,36.611238834186956],[-75.989433400382907,36.611314858138272],[-75.989104815516598,36.611453515433531],[-75.988985185073588,36.611461967887436],[-75.988857167060758,36.611516947753294],[-75.98873726442821,36.611533636323607],[-75.988547455798553,36.611601028720074],[-75.988311385728409,36.611623467841888],[-75.987971036525153,36.611808659750913],[-75.987344757160201,36.612081132493032],[-75.987006630388933,36.612302088293625],[-75.986855586758765,36.612331844609017],[-75.986818591440425,36.612419027439081],[-75.986637623131472,36.612426104712327],[-75.986461647658899,36.612488351519879],[-75.986062054562652,36.612710731697959],[-75.985927211150283,36.612870053590512],[-75.985785748052592,36.612919246647756],[-75.98563819976718,36.612946329026506],[-75.985442618563525,36.613085084336817],[-75.98532648166865,36.613297065125586],[-75.985322805762522,36.6135114341931],[-75.985433710869174,36.613665042951283],[-75.985502315207427,36.613858983549036],[-75.985501410603931,36.614298877648075],[-75.985832653585177,36.614492936345549],[-75.98610529137558,36.614498790531677],[-75.986199542615182,36.61453656044052],[-75.986417777533688,36.614538498615616],[-75.986525923914101,36.614568324009532],[-75.986619497823995,36.61472980159531],[-75.98683261773526,36.614885602784462],[-75.987347291307614,36.615309032567787],[-75.987770666402724,36.615708574979728],[-75.988298850636951,36.616445761170993],[-75.988402830631074,36.616601965552647],[-75.988592942891302,36.616938720216041],[-75.988727258094258,36.61731279708706],[-75.988802630339862,36.617509629171451],[-75.988827803829068,36.617779595702409],[-75.98895279901096,36.617919764879211],[-75.989037574820941,36.618141526625799],[-75.989045027244543,36.618433147950363],[-75.989190926223102,36.618766205219039],[-75.989245389282146,36.619182530549566],[-75.989311283403168,36.619563383309853],[-75.989334180561457,36.619695840322095],[-75.989340908044625,36.620009454804048],[-75.98932044981234,36.620215193655461],[-75.989313617226287,36.620836437240598],[-75.989192549478815,36.621196767646445],[-75.989079908827023,36.621406052728894],[-75.988992918669865,36.621665398549474],[-75.988915465027745,36.621737976751341],[-75.988859623953047,36.621879735698954],[-75.988854998527657,36.622019872186939],[-75.98881341551315,36.622142703552228],[-75.98887575230566,36.622218279841753],[-75.988758534737499,36.622669417379363],[-75.98865639808632,36.622972427297249],[-75.988567458584996,36.623393947532584],[-75.988333761863828,36.623757356744065],[-75.988066063909159,36.624012798593405],[-75.987948724170124,36.624158760143665],[-75.987745182096404,36.624330375188642],[-75.987678935835788,36.624477405312817],[-75.987547126932469,36.62454332141796],[-75.987423267221075,36.624678123783355],[-75.987084073251268,36.624827566988401],[-75.986888415690828,36.624864608723655],[-75.986769217337439,36.624859302526318],[-75.98663349806769,36.624837156357763],[-75.986496236390593,36.624861713385584],[-75.986496556190843,36.624955192522087],[-75.986645494169991,36.625093103618369],[-75.986756556481851,36.625345735839495],[-75.986953400716786,36.625479151866287],[-75.987068516227183,36.625608092764381],[-75.987170181262826,36.625525045045883],[-75.987277380818952,36.625585071585022],[-75.987471322597216,36.625806457299049],[-75.987431779656717,36.625970572337927],[-75.98737135986903,36.626249720661811],[-75.987301829367723,36.626393959984703],[-75.987396236015869,36.626530699149924],[-75.987542178113571,36.626553063996084],[-75.98764607097111,36.626505782186136],[-75.987713192190839,36.626641990545522],[-75.987905043589436,36.626720317830944],[-75.988085082142035,36.626743441043757],[-75.988595474343768,36.626781892002832],[-75.988758488025113,36.626700158369047],[-75.988927401841238,36.626750544397574],[-75.989004241933998,36.626798900967898],[-75.98915204893423,36.626868067932847],[-75.989413197272171,36.627121113196253],[-75.989540042085238,36.627308029829088],[-75.989710835176936,36.627611396393249],[-75.989706587043955,36.627946728166954],[-75.989716438867674,36.628062420181244],[-75.989610425986058,36.628172881028256],[-75.989603811690614,36.628268958666055],[-75.989458712212667,36.628326349553589],[-75.989286489901346,36.628479378013992],[-75.98925280577312,36.628569381552168],[-75.989060993002084,36.62869726186117],[-75.988843221614275,36.628783316698772],[-75.988728927164061,36.628835816525822],[-75.98866295399128,36.629285333656888],[-75.988559486036834,36.629525093317632],[-75.988566440793775,36.629624210052057],[-75.988511590560847,36.629735766599133],[-75.988446932521626,36.629937836766622],[-75.988435280474079,36.630393986949727],[-75.988370078055823,36.630612558886746],[-75.988342241061801,36.630732937768386],[-75.988483751770175,36.63078545573147],[-75.988647675444938,36.630780728820703],[-75.988818146939749,36.630679894956977],[-75.989011186809478,36.630722527311221],[-75.989118451044277,36.630779834189561],[-75.989208190046241,36.630954965429623],[-75.989079901640508,36.631018211573952],[-75.989161032087068,36.631349878657957],[-75.989229299557095,36.631554800751864],[-75.989207856771259,36.631689081187091],[-75.989197507280863,36.631796070816748],[-75.989217419337464,36.631914724935058],[-75.989164829265789,36.632062076522494],[-75.989093398827649,36.632159512500458],[-75.989108669289166,36.632316561632543],[-75.98925280756977,36.6323938912195],[-75.989363935458613,36.632437515277097],[-75.989466163737944,36.632544196052351],[-75.989472698981643,36.632657069741441],[-75.989720247724492,36.632805332538958],[-75.989959571492591,36.632892944926667],[-75.9899317012609,36.633013323129532],[-75.990154535553643,36.633084095670178],[-75.990082847299021,36.63339600200235],[-75.990229402946056,36.633399142836801],[-75.990291735246984,36.633268513715301],[-75.990333287718769,36.633145680616863],[-75.990436803283899,36.633112152795007],[-75.990603436277539,36.633126713718625],[-75.990745621620704,36.633160011575598],[-75.990887864456042,36.633190535499651],[-75.991083265996664,36.633266213412405],[-75.991213838818155,36.633340502852505],[-75.99151611292811,36.633588929161121],[-75.992048695313969,36.633990765778364],[-75.992111101276748,36.634063622161833],[-75.992194581716106,36.634222103372636],[-75.992297721785462,36.634301298801866],[-75.99242845720201,36.634372814809751],[-75.992569399276832,36.634546319553074],[-75.992670242353995,36.63479867281162],[-75.992708077597129,36.634892955184583],[-75.992774582572565,36.63504835231177],[-75.992915108727402,36.635235585635428],[-75.992905600958437,36.6355240411878],[-75.992747538790937,36.635765383884788],[-75.992664767122335,36.635895577706506],[-75.992614355465207,36.635976980090184],[-75.992435705708033,36.636014396352778],[-75.992292120789671,36.636022339358931],[-75.992134997361632,36.636236170196923],[-75.992071375978256,36.636303524420022],[-75.991908581485845,36.63637705188404],[-75.991721757059565,36.636560023248585],[-75.991392360116237,36.636926884463215],[-75.991045636467717,36.637095411847405],[-75.990908621827316,36.637216198685863],[-75.990653677254741,36.637394989385925],[-75.990282071171166,36.637593203923608],[-75.990054866574553,36.637758821300906],[-75.989968084826529,36.637803697285598],[-75.989682932605888,36.637863554957654],[-75.989377208965251,36.638030235695339],[-75.98922415939704,36.638015936637998],[-75.989082196836051,36.638078889376722],[-75.988881105366445,36.638176293958971],[-75.988665063235558,36.638210182152648],[-75.988438942905503,36.63834279381382],[-75.987280966893579,36.639005315290241],[-75.987528027851198,36.63906562253986],[-75.987759613531466,36.639180575602772],[-75.987898906299407,36.639301764270499],[-75.98800204996202,36.639380963849071],[-75.988153502325659,36.639444713413909],[-75.988498176018709,36.639751783302174],[-75.988431150918728,36.640025295437304],[-75.988303259568355,36.640179274475969],[-75.987797708387703,36.640506630640481],[-75.987510876317486,36.640615957845583],[-75.987305719072907,36.640630789093905],[-75.987143852540171,36.640676800832438],[-75.986720712803688,36.640678738350275],[-75.986317730363865,36.640587607202939],[-75.986262047392671,36.640517668317081],[-75.985991415540269,36.640344147467857],[-75.985900311099101,36.640210198550399],[-75.985902171510062,36.640050768098035],[-75.985949674422272,36.639955567958921],[-75.986178745718036,36.639734991277102],[-75.986270310096643,36.639544517298674],[-75.986294732594274,36.639322350041802],[-75.986103262979668,36.639334725721405],[-75.986092180464013,36.639463733538783],[-75.985973972054083,36.63952991361829],[-75.985834538250614,36.639620392239749],[-75.985669651581915,36.639652626254659],[-75.985516451995053,36.639643815043783],[-75.985376073163906,36.63955557097097],[-75.985013833813795,36.639677010612289],[-75.984874319161975,36.6396657717086],[-75.984763047542671,36.63952317329079],[-75.984568851541198,36.639411764984722],[-75.984415664530729,36.639298488884101],[-75.984259434028075,36.639174156729048],[-75.98427606094566,36.639083789310185],[-75.98417478398224,36.639051363319723],[-75.984064785275692,36.639076502563853],[-75.983937078978272,36.639326701604617],[-75.983871537895141,36.639451763698318],[-75.983758994261393,36.639553809303344],[-75.983611660673333,36.639778884365832],[-75.983549674223781,36.639898528838053],[-75.983600345494025,36.640017845877189],[-75.983541675624494,36.640140309057671],[-75.983712569327523,36.640234705989513],[-75.983832366857172,36.640429747445147],[-75.98369621010788,36.640523069303306],[-75.983630305207058,36.640659114492557],[-75.983544197195499,36.64078648315126],[-75.983379193745805,36.640824178911494],[-75.983385869126678,36.640931560225617],[-75.983540604832683,36.640998107372845],[-75.983536604634708,36.641118996212391],[-75.983525699087167,36.641242512889839],[-75.983427187138176,36.64143561141185],[-75.983353375266205,36.641604485726276],[-75.983130832027626,36.641833412475968],[-75.983103083068499,36.642052759968863],[-75.98308303356967,36.642247544545519],[-75.982958361781272,36.642508825458279],[-75.983036060663451,36.642738681493476],[-75.982998395201918,36.642949599752328],[-75.983025786631543,36.643049156193186],[-75.982955608444939,36.643108149899007],[-75.982947200213871,36.643259195693581],[-75.982940160116982,36.643461128766496],[-76.003607680994108,36.646896641631912],[-76.017910404521274,36.649271811560119],[-76.018301509436398,36.649332316898466],[-76.018584982705775,36.649376196590445],[-76.018694744257076,36.649392383990808],[-76.018834758372208,36.649413030488887],[-76.019084267239009,36.649455956621466],[-76.019277362804274,36.649484719134925],[-76.019456137427298,36.649512979295714],[-76.019545769529699,36.649526409913499],[-76.019687276644831,36.649550920154319],[-76.01985251994472,36.64957956010997],[-76.020099958194763,36.649624308127521],[-76.020215401590249,36.649652936524397],[-76.020285503420084,36.649670315214507],[-76.020582668811016,36.649745556039719],[-76.02073496109945,36.649789676215818],[-76.020844688514771,36.649822620205939],[-76.020973488061884,36.649866243764059],[-76.021141757785955,36.649925484499114],[-76.02130556108645,36.649983118713322],[-76.021683569463065,36.650112758060445],[-76.021857622540921,36.650165876140811],[-76.02195081736177,36.650194004161051],[-76.022053819090573,36.650225128897503],[-76.022123720596085,36.650242392865074],[-76.022202032129286,36.650261578249875],[-76.022287651457333,36.650281523261278],[-76.022418531502652,36.650312069230147],[-76.02512090462578,36.650839043843142],[-76.02526952100807,36.650872118553053],[-76.025401498794665,36.650913866237083],[-76.025457965096791,36.650933220820718],[-76.025626015631943,36.651001201459827],[-76.026982056689292,36.651626494401413],[-76.027097985175047,36.651695777453547],[-76.027144476584255,36.651732894198069],[-76.027189678911029,36.651771180619114],[-76.027262322074805,36.651836088181476],[-76.027326519278262,36.651909071827625],[-76.027526195002977,36.652143187947424],[-76.027630675358736,36.652242813943076],[-76.027706408727084,36.652301268014064],[-76.027792951523239,36.652361522332946],[-76.027865905504086,36.652403270650915],[-76.027979967290676,36.652460840310418],[-76.028090473545333,36.652500416408429],[-76.028159857621247,36.652523312073505],[-76.02822656741256,36.65254252932111],[-76.02828692341987,36.6525593264817],[-76.028379743643228,36.652581469006684],[-76.028483273581415,36.652606839501011],[-76.028602073981105,36.652632590511786],[-76.028792756671521,36.652672105983569],[-76.028845485083764,36.652682190605475],[-76.028983636991299,36.652710294644471],[-76.029105193422282,36.652728543238112],[-76.029733830864856,36.652807249032037],[-76.029796131724751,36.65281404369005],[-76.030805765340574,36.652919243341309],[-76.030880171897238,36.652927699175649],[-76.031007703921503,36.652945642146094],[-76.031136025564862,36.652962264091535],[-76.031227844166693,36.652976536591666],[-76.031281701761245,36.652984305604463],[-76.031416785023779,36.653001315992114],[-76.031451124922143,36.653067739563348],[-76.031488237919788,36.653126084184471],[-76.031536222329009,36.653190256226068],[-76.031586020436777,36.653254757567183],[-76.031614067636596,36.653290425704661],[-76.031673996944122,36.653362867459293],[-76.031708679998943,36.653401891770677],[-76.032270458529851,36.653961908531933],[-76.032308164415582,36.653999747744933],[-76.032338600235747,36.65403123632678],[-76.032387834201501,36.654080054305268],[-76.032450953426633,36.654115126060482],[-76.032601011604967,36.654054480344556],[-76.032650868103218,36.654044034122187],[-76.035031777305278,36.653771156960012],[-76.036165899453181,36.653641155503664],[-76.039500436804673,36.653261061399299],[-76.039822705616217,36.653224323751203],[-76.039947383692819,36.653211349972274],[-76.041039373057259,36.653097753280996],[-76.04117071663326,36.65305020885431],[-76.041208515045454,36.653025507303845],[-76.04124616254073,36.652955018295984],[-76.041576054455746,36.651937688564622],[-76.041606457038242,36.651843674251928],[-76.041867843429728,36.651049270384021],[-76.042130174848864,36.650250737282811],[-76.042243103859875,36.649921122003619],[-76.042341986813085,36.649632590630418],[-76.042553622707501,36.649122637024092],[-76.042665400976617,36.648853319386085],[-76.042935349211064,36.648324065926388],[-76.043041260583081,36.648146091235951],[-76.043172728126592,36.647925281426339],[-76.043258435489534,36.647787916429138],[-76.043363686599804,36.647619199818969],[-76.043402159646789,36.647554238971345],[-76.043420439464498,36.647505269824954],[-76.043445932753954,36.647426002201001],[-76.043591866766803,36.647422022997418],[-76.043655310283739,36.647432858596723],[-76.043794716239418,36.64747212519876],[-76.044469781310809,36.647692608372211],[-76.044533647035934,36.647703758174799],[-76.044632296427181,36.647713114782285],[-76.045677435056291,36.647672275654308],[-76.045775673917447,36.647657468825393],[-76.045893973057218,36.647635000552569],[-76.045997901847372,36.64759993305325],[-76.046059855957566,36.647574852087558],[-76.046169015637631,36.647517412111959],[-76.046244167796004,36.647466577669],[-76.046311329439888,36.647409283202087],[-76.046406879643399,36.64730377475383],[-76.046460764187401,36.647244223524766],[-76.048115397160373,36.645417627841184],[-76.055319803094008,36.646470262373349],[-76.059789224364749,36.647122462830275],[-76.060731098058682,36.650124979214908],[-76.059915051386582,36.652489587287668],[-76.059398757253447,36.654748599997745],[-76.060205589905678,36.657269896435459],[-76.060296603617019,36.657453829237099],[-76.061457588985149,36.659797693924972],[-76.062249056852735,36.662797739475636],[-76.061691350385018,36.666676266366906],[-76.062191882678164,36.669231752820785],[-76.063961169427472,36.671777450564775],[-76.066713885935769,36.673623656713481],[-76.067025259979545,36.673925316312918],[-76.068722126347268,36.675569278201245],[-76.069364475674334,36.677451562554509],[-76.073896039701481,36.678589256153558]]],[[[-75.953292978150188,36.55044578093765],[-75.934066752942471,36.550533267496455],[-75.922231112205964,36.550586208824619],[-75.922249116240891,36.550646709340903],[-75.922260647914186,36.550709443297094],[-75.92227086175896,36.550759813289737],[-75.922310589752414,36.550971485394058],[-75.922358784367404,36.551032664672633],[-75.922469564608235,36.551026615880119],[-75.92248128313112,36.551081826428934],[-75.922402890749538,36.551093864108665],[-75.922373396363824,36.551172427585037],[-75.922375773306058,36.551231966419486],[-75.922380626005221,36.551289799976765],[-75.922405238047389,36.551366561324997],[-75.922415127600345,36.551426539486805],[-75.92239946996493,36.551486669867401],[-75.922373280481139,36.55155612878778],[-75.922351107364989,36.551606498950257],[-75.922335637477488,36.551661082705792],[-75.922327505927527,36.551702117737342],[-75.922311038910053,36.55174794223224],[-75.922294041886559,36.551884865669685],[-75.922260082873876,36.551924287012469],[-75.922229573391888,36.551977467691238],[-75.922206266601833,36.552014074623884],[-75.922207252952035,36.552054348868822],[-75.922277776990029,36.552061536314724],[-75.92233588810744,36.552058117226615],[-75.92243122990179,36.552057498067121],[-75.922492344985528,36.552062938443925],[-75.922540298852027,36.55205578058505],[-75.922587628389408,36.552065037668676],[-75.922581622253404,36.552141866801797],[-75.922390419438443,36.552150402966497],[-75.922174775261226,36.55264250127447],[-75.922236904542913,36.552656261231277],[-75.922313420343869,36.552814397366276],[-75.922346638246438,36.552846176239726],[-75.922500497196737,36.553056571853872],[-75.922523633306881,36.553206139371234],[-75.9225759736469,36.553256530106957],[-75.922679360752966,36.553462982404902],[-75.922701709040581,36.553625748945414],[-75.922649682212594,36.553718983181099],[-75.922707504072505,36.553813758673378],[-75.922728988180822,36.554027199023913],[-75.922756446984124,36.55416576081074],[-75.922702662153114,36.554517232405985],[-75.92271538050089,36.554663657385348],[-75.922715652690442,36.554739140304548],[-75.922772945442631,36.55473985325132],[-75.92279173819837,36.55478835021546],[-75.922810591141243,36.554834074020441],[-75.922844273472819,36.555163072610853],[-75.922857652082342,36.55545606993725],[-75.922875220434349,36.55554072720907],[-75.922853097623843,36.555590630065346],[-75.922837567549209,36.555647961015367],[-75.922854816999291,36.55570785431393],[-75.922837439988456,36.555752367457323],[-75.922768546392675,36.555777418401426],[-75.922751199924548,36.556057485325589],[-75.922810168034744,36.556054003635566],[-75.922803883421025,36.556139067952394],[-75.922802259266987,36.556187061088366],[-75.922814091875892,36.556240927232494],[-75.922813253747748,36.556313006307697],[-75.922796177672495,36.556356674119471],[-75.922643222427396,36.556739123605404],[-75.922402504473965,36.55712348700353],[-75.922298867636272,36.557156674800737],[-75.922203851930348,36.557191728597815],[-75.922107773517453,36.55728031081938],[-75.921740791062646,36.557446641866079],[-75.921607785603371,36.557451953422152],[-75.921420877633764,36.557511275995672],[-75.920600486708963,36.557879504706236],[-75.920480356802656,36.558104907637421],[-75.920457274591428,36.558266508440425],[-75.920414749244202,36.558332447208919],[-75.920444670329672,36.558410342366706],[-75.920384396069053,36.558555845739292],[-75.920352724167088,36.558620101560038],[-75.920313376161005,36.558831541437016],[-75.9202561705454,36.558954801725697],[-75.920205676243285,36.559191631824113],[-75.920268120833626,36.559310798830936],[-75.920414781583546,36.55959011334842],[-75.920441777754462,36.559871954474431],[-75.920458167516827,36.560221564479598],[-75.920447543141961,36.560406491558737],[-75.920453593295392,36.56045610986704],[-75.920480561618547,36.560500528637874],[-75.920442949157604,36.56057929757349],[-75.920466233489748,36.560718373621491],[-75.920491973815913,36.560842253596917],[-75.920516505009687,36.560885273062901],[-75.920545678696854,36.560944989851919],[-75.920580381514597,36.561001393969775],[-75.920601281717992,36.561038975045754],[-75.920616624943051,36.561088743029551],[-75.920622057953878,36.561144529398888],[-75.920683100274061,36.561605770697227],[-75.920756247392731,36.56168656892293],[-75.920826846889199,36.561987368761649],[-75.920849781776738,36.562047332907774],[-75.92088586081347,36.562113383895543],[-75.92092893413303,36.562174094012754],[-75.920953020660761,36.562232214489249],[-75.920978613663195,36.562312239295409],[-75.921004233615093,36.56236533850705],[-75.921034811369054,36.56241684381277],[-75.921055778946112,36.562477589046665],[-75.921079076752989,36.562757094865752],[-75.921090864446157,36.562823352325942],[-75.921101116020182,36.562871660947927],[-75.921099720038214,36.562912872573406],[-75.921103609743412,36.562966976462413],[-75.921099994922699,36.563006296909919],[-75.92109729997685,36.56308586346541],[-75.921092467040623,36.563126999216209],[-75.921084018385372,36.563176297583738],[-75.921065606515313,36.563217078295104],[-75.921048986784228,36.563264327470002],[-75.921082925135678,36.563308130607638],[-75.921101334310805,36.563368956673081],[-75.921096070183225,36.563423820730023],[-75.921073733573692,36.563532216072304],[-75.921070068447335,36.5635881319945],[-75.92106660095034,36.563640232462923],[-75.92107693157611,36.563687169681273],[-75.92108197202316,36.563739485096463],[-75.921077079798124,36.563783339914245],[-75.921069337218697,36.563860102560788],[-75.92105324569701,36.563933932872963],[-75.921049325449104,36.563998415107179],[-75.921057255776432,36.564065934882443],[-75.921038936432851,36.564103997163656],[-75.921030303622956,36.564158730825319],[-75.920993955989942,36.564225274247335],[-75.920925064190783,36.564299288197283],[-75.92087706900179,36.564358704361105],[-75.920844521242415,36.564415604554021],[-75.920892808383897,36.564426999450809],[-75.920940708351466,36.564439760896221],[-75.920995285496559,36.564487673117121],[-75.921059746804715,36.564545447690584],[-75.921107624314416,36.564589063229661],[-75.92118723930308,36.564653985761716],[-75.921256387122085,36.564724228674983],[-75.921292488616743,36.564763517924504],[-75.921324850424838,36.564813687555656],[-75.921344005201647,36.564852549624831],[-75.921409439385258,36.564930924507287],[-75.921414559782377,36.564981868210403],[-75.921426791243277,36.565022005824709],[-75.921447576462342,36.565188694667832],[-75.921480246392562,36.565253928387392],[-75.921492063730142,36.565341453015677],[-75.921510623822215,36.565413960112409],[-75.921531223090014,36.565458457562912],[-75.921546614824081,36.565506853282152],[-75.921571937433626,36.565563709339081],[-75.9216340954614,36.565639265304306],[-75.921661924370582,36.565697577979812],[-75.921706166398337,36.5657741121722],[-75.921738142829184,36.565836693154452],[-75.921749305294895,36.565891287060026],[-75.921785762522376,36.56595932394027],[-75.921826687071785,36.56598698845935],[-75.92186149768736,36.566015203473597],[-75.921961829623129,36.566095062023464],[-75.922005370066643,36.566142043926234],[-75.922040578635887,36.566208762407008],[-75.922076158209336,36.566264498181695],[-75.922093804714791,36.566330802416978],[-75.92214848696274,36.566391795654233],[-75.922166309537999,36.566447882665742],[-75.922194678334662,36.566528490402654],[-75.92223540525471,36.566592198470971],[-75.922271043218657,36.566645215376305],[-75.922252008816102,36.566754701425957],[-75.922268300662097,36.566827843553135],[-75.92227753893647,36.566888962659107],[-75.922347063149587,36.566940169858519],[-75.922393850104527,36.567042203208104],[-75.922432510001087,36.567107623671376],[-75.922431022390967,36.567151553054977],[-75.92237873954312,36.567186697553893],[-75.922536167500027,36.567303586753866],[-75.922610102441169,36.567394540456213],[-75.922666929866068,36.567427389792634],[-75.922694336567062,36.567473082309021],[-75.92285086351373,36.567644793895859],[-75.923039624707755,36.567738715384415],[-75.923092928940079,36.56777200900887],[-75.923142299449793,36.567823927005968],[-75.923181764236844,36.567864609306454],[-75.923240445784472,36.567892004029936],[-75.923300967980111,36.567915345452121],[-75.923365394253963,36.567924952719451],[-75.923426288352132,36.567937310999575],[-75.923473569380477,36.567949342446063],[-75.923529450879371,36.567958843651198],[-75.923597200021462,36.567969924180417],[-75.923657199397596,36.567974514973471],[-75.923751836014461,36.567980198090702],[-75.923809478211297,36.567986990847345],[-75.923945100463001,36.568055836105614],[-75.924030466466135,36.568046643706637],[-75.924113741191292,36.567994486327102],[-75.92414224563359,36.568065149712424],[-75.924330136360098,36.568126464082191],[-75.924481115311579,36.568139128959494],[-75.924715854078457,36.568065192279818],[-75.924847571353638,36.568046110531547],[-75.924914162567319,36.567962565779922],[-75.925058555071146,36.567829571895572],[-75.925244823440252,36.567762617446363],[-75.92544361162949,36.567757539638649],[-75.92564380119056,36.567699958661152],[-75.925777566624561,36.567631382199821],[-75.926211244497637,36.56751857133905],[-75.926267940768483,36.567497919500191],[-75.926341488535741,36.567459394975032],[-75.926513096399404,36.567448222743685],[-75.926616069382135,36.567461231160145],[-75.926907561912031,36.567306357270532],[-75.927045721006095,36.567148001158834],[-75.927118826802243,36.567016706427204],[-75.927107697574186,36.566949914330593],[-75.927144447652452,36.566875410862288],[-75.9271502983799,36.566829269945146],[-75.927115652156019,36.566673240397044],[-75.927130863328728,36.566496271993138],[-75.927153729045983,36.566322575898347],[-75.927182506576088,36.56628240721389],[-75.927175131407608,36.566197261712723],[-75.927211852739788,36.5661588873322],[-75.927218068183237,36.566109017275686],[-75.927328408249608,36.565922106008685],[-75.927370568880832,36.565894073500445],[-75.927427929006669,36.565702535431839],[-75.927263354053352,36.565645805018839],[-75.927294800478194,36.565563930841094],[-75.927717580888569,36.564462698591569],[-75.927733455017943,36.564421311021569],[-75.927925744794408,36.564232271523593],[-75.928033677375794,36.564234452670725],[-75.928067249214592,36.563825466663772],[-75.92795810121261,36.563769544419728],[-75.927913777438178,36.563676084930073],[-75.927918467542284,36.563456598881125],[-75.928159122613636,36.562717947459014],[-75.928671307852667,36.56242573239426],[-75.929743775029337,36.561965911650006],[-75.93005329764533,36.561883496746766],[-75.930246925013236,36.56191176376754],[-75.930288802675165,36.561987940220043],[-75.930420835258985,36.561975316183435],[-75.930462742565297,36.562012230805912],[-75.930527301789823,36.56203496935607],[-75.93060918951619,36.562217395579331],[-75.930669026297252,36.562208488935489],[-75.930706620791895,36.562163264468474],[-75.930762528341916,36.562047746348959],[-75.930881164349913,36.561996086387985],[-75.930927753675491,36.561933640108307],[-75.93112253897182,36.561898351797645],[-75.931202732475541,36.561971549752364],[-75.931294648095417,36.56201527713997],[-75.931365388627398,36.562049608638027],[-75.931459428762935,36.562035435469568],[-75.931607242949667,36.562164822987818],[-75.931707176931766,36.562141518790924],[-75.931841804748444,36.56192169863872],[-75.93194438516737,36.561941094326244],[-75.932020503014655,36.5620129393564],[-75.932061336834209,36.561930226507748],[-75.932129951053923,36.561897359681247],[-75.932261147306221,36.561928704060577],[-75.932423377656647,36.561979083335878],[-75.932674487321293,36.561893566549386],[-75.932787003107251,36.561954696774869],[-75.932862989800498,36.561991039227337],[-75.932962668661048,36.562027791496241],[-75.933054262684053,36.561981113023514],[-75.933151967945932,36.561992571774766],[-75.933243289779384,36.562016555705505],[-75.933388675819913,36.561941245849383],[-75.933503878466908,36.561713496835786],[-75.933671001940681,36.561536837434403],[-75.933888979941003,36.561484330761729],[-75.934044387586823,36.561422840835327],[-75.934081940758986,36.561336373880657],[-75.934613973375889,36.561154610121058],[-75.93466218865214,36.561105495900932],[-75.934695958120287,36.560999821717537],[-75.934831253385241,36.560987318739492],[-75.935010579573841,36.561024606874078],[-75.935276262607317,36.561076508481314],[-75.935454457816974,36.561218152336551],[-75.93574087217057,36.56140390391959],[-75.935841302022695,36.561369863638426],[-75.935965953149847,36.561379135480259],[-75.936863317118096,36.561241415683888],[-75.936966237998504,36.561260815149943],[-75.93699635401839,36.56119784154756],[-75.937058035040749,36.561080495749387],[-75.93716540078519,36.5610467446661],[-75.937298838334129,36.561074258698092],[-75.937395375786139,36.561174022596674],[-75.937621450302117,36.561010381566135],[-75.937751153554416,36.560975799950683],[-75.937902389424067,36.561042196754123],[-75.938021863560223,36.561083857436117],[-75.938079829150567,36.56107682884813],[-75.938178129995478,36.561110083494221],[-75.938428380870704,36.561110535182394],[-75.938532178506833,36.561180810179486],[-75.93861367546603,36.561368305102995],[-75.93880227675993,36.561371912102253],[-75.938956585766178,36.561411805545767],[-75.939048386401694,36.561513745181649],[-75.939226896920005,36.561461931174854],[-75.939431407377597,36.561537323032567],[-75.939638864309316,36.56163552924631],[-75.939751925372661,36.561596514756459],[-75.939775888831178,36.561473342381269],[-75.939740992875642,36.561361493004171],[-75.939730232855169,36.561310784301774],[-75.939744245675286,36.561145273313038],[-75.939818590248208,36.560916514671462],[-75.939752125696955,36.56083697257899],[-75.939743182069989,36.560691731817343],[-75.939420145198895,36.560428035689839],[-75.939380599563449,36.560371421902843],[-75.939134471955384,36.560287920081073],[-75.93880765497353,36.560135748466791],[-75.938634401396271,36.559942288322745],[-75.938601574260844,36.559684971834827],[-75.938835005978987,36.559734730588978],[-75.939139403706292,36.559730210740575],[-75.93941919657793,36.55963593749518],[-75.939464739366215,36.559514226764108],[-75.939330688267944,36.559388558070211],[-75.939269066534379,36.559164049294608],[-75.93909277934641,36.559059820638254],[-75.93904054231264,36.558969406956116],[-75.939174275407296,36.558693398589348],[-75.939236701133026,36.558482842980503],[-75.939475379910746,36.55837648693219],[-75.939535488881376,36.558232756849435],[-75.939436197194681,36.557895871508386],[-75.939404207289087,36.557203463704127],[-75.939282156784714,36.556721088969361],[-75.939271681530187,36.556620435375045],[-75.939263453860505,36.556452898937572],[-75.93915932564434,36.556260980273109],[-75.939193674525853,36.556060910009556],[-75.939409584604391,36.555809038026936],[-75.939321148159621,36.555561686759013],[-75.939686349255226,36.555391168539764],[-75.939771533798677,36.555326073698758],[-75.939805539523746,36.555137179357637],[-75.940488285190838,36.554984734935331],[-75.940573025068218,36.554930813795259],[-75.940838197858625,36.554858528494933],[-75.941185896179235,36.554799229862596],[-75.941537342271204,36.554628405442671],[-75.942088612309917,36.554685081166163],[-75.942279458493729,36.554767341386601],[-75.942488582698601,36.554716109521465],[-75.942722362963082,36.554557353808818],[-75.943183325366292,36.554646258000595],[-75.943467594542994,36.554733414360101],[-75.943519791152582,36.554717547682792],[-75.943851688107358,36.554655093355535],[-75.944105815213021,36.554730160637966],[-75.944498679029479,36.554991219266718],[-75.944570382555469,36.555115575301471],[-75.944612968988139,36.555223716750888],[-75.946409914865043,36.555784503034431],[-75.94656510511858,36.555755194672841],[-75.946430064975189,36.555612174096069],[-75.946454114671965,36.555437348760577],[-75.94663017458619,36.5552081958215],[-75.946825283276013,36.554965445020549],[-75.947138243744575,36.555109187675306],[-75.947208120995583,36.555278012919139],[-75.947208829766353,36.555644914430253],[-75.94740071619924,36.555576510553507],[-75.947672036161123,36.555651944233979],[-75.947748229466896,36.555685230800421],[-75.947989122591807,36.555780414469574],[-75.948243503022397,36.555865424967898],[-75.948362818156738,36.55581623522599],[-75.948461918502247,36.555679148457003],[-75.948965067587835,36.555459681542089],[-75.949103099121132,36.555427136682916],[-75.949365673085424,36.555532902193548],[-75.94958717876986,36.555641645592942],[-75.949819396864072,36.555803760272916],[-75.949928606849781,36.555759266642298],[-75.950126320653936,36.555558468430078],[-75.950257587873139,36.555387243035717],[-75.95028626299532,36.555228562305146],[-75.950251819790694,36.555039767306887],[-75.950295156316628,36.554890775570868],[-75.95020376980446,36.554734560992237],[-75.950273633580736,36.554610052085195],[-75.950497893499843,36.55453069905613],[-75.950881024070213,36.554421836471086],[-75.95100857495909,36.554435770018841],[-75.951102967234192,36.554421863892223],[-75.951378692534249,36.5543086808743],[-75.951582814919618,36.554191904066961],[-75.951731857103354,36.554048016826663],[-75.951837382199784,36.553723820170347],[-75.952041670773482,36.553123690589118],[-75.952094265336754,36.552981824789391],[-75.95220531866542,36.55265412088994],[-75.952432461278278,36.552196236576769],[-75.952473883494335,36.55207679520246],[-75.952656806537334,36.551644736232063],[-75.95291839774471,36.551153531455441],[-75.953049533809875,36.550889046495818],[-75.953239063063464,36.550560679911946],[-75.953324741680319,36.550445633000201],[-75.953292978150188,36.55044578093765]]]]},"properties":{"OBJECTID":40,"PATROL_ZONE":"120","PRECINCT":1,"SHAPE.area":229296369.48538375,"SHAPE.len":82593.141658310225}},{"type":"Feature","id":34,"geometry":{"type":"Polygon","coordinates":[[[-76.151309220794843,36.808014322859037],[-76.152738225714515,36.808513709817845],[-76.153515811916037,36.808821875201772],[-76.154379346228978,36.809139707146706],[-76.154957319587837,36.809379734627946],[-76.155930878658467,36.809829204797829],[-76.155623159859573,36.808776902683078],[-76.155501183017051,36.808362004797075],[-76.155483937160213,36.808257228637387],[-76.155453735800364,36.808128827695654],[-76.155436951677601,36.807896249726127],[-76.155447720681224,36.807656569301237],[-76.155473661331683,36.807482143265489],[-76.155525892975575,36.807282845488736],[-76.155610475647762,36.807036710813804],[-76.15574214171896,36.806758975292375],[-76.155831083016921,36.806532671476781],[-76.155888240123502,36.806393939944869],[-76.155912689570584,36.806334684578765],[-76.156060831642421,36.806019582781275],[-76.156453611017255,36.805184285621692],[-76.156821310327672,36.804363212231813],[-76.157533504566373,36.803137170847272],[-76.157992786221683,36.802412723227867],[-76.158279974024751,36.802093992300328],[-76.1587921188396,36.80174228694915],[-76.161191108433385,36.800390767606693],[-76.161429182644923,36.800280420300048],[-76.161857569440997,36.800035296764115],[-76.162180828195986,36.799846590877536],[-76.162447696107336,36.799632914309861],[-76.16275953008855,36.799364901534169],[-76.162965989890282,36.799132759467206],[-76.162996743714032,36.799070412608415],[-76.163094423823082,36.798872164725672],[-76.163218634775745,36.798600833931161],[-76.163334710585175,36.798233027695446],[-76.163391574840972,36.797827441229835],[-76.163485683248453,36.796379454397766],[-76.163510980705169,36.795988217721479],[-76.164690133601624,36.795689406189013],[-76.166468133110868,36.795287927430827],[-76.166812044134247,36.795226175944997],[-76.168362804012588,36.794947797646451],[-76.169076306198349,36.794841660092196],[-76.169167787033629,36.794842378730507],[-76.170102382577127,36.7948497269687],[-76.170563347675298,36.794930888446522],[-76.17074122308469,36.794962209236715],[-76.171673625840583,36.795226539218831],[-76.171818885218656,36.795267671872793],[-76.171710030965784,36.795084889641572],[-76.171673312328537,36.795038858795792],[-76.17163962999696,36.795000917802341],[-76.170921295773283,36.79442430274031],[-76.170502514662573,36.79408901188485],[-76.170373635165376,36.793992907572743],[-76.170283521565963,36.793925426729565],[-76.170041781329729,36.793748389765028],[-76.169815578354687,36.793582706200922],[-76.16908796633075,36.793027365325614],[-76.168204968220522,36.792376962221759],[-76.167521697039021,36.791885265294304],[-76.167479664866875,36.791854868376149],[-76.16731542947673,36.791733070521964],[-76.167061397592491,36.79154457366667],[-76.166893121580216,36.791422401236424],[-76.166794146100528,36.791350579485268],[-76.166712096677415,36.791292144815138],[-76.165927828806815,36.790731618473565],[-76.165750914594767,36.790589985044434],[-76.165069378958364,36.790044464624302],[-76.16486897200501,36.789917020168453],[-76.164696131652775,36.789791318619201],[-76.164632755509487,36.789750562870864],[-76.164588004136974,36.789721758589501],[-76.164470544921997,36.789689647187757],[-76.164369189805115,36.789683664606834],[-76.164105329453349,36.789670157036589],[-76.164105785797503,36.789522105248928],[-76.164064055459306,36.789315201898219],[-76.163961138172141,36.789076404311672],[-76.163864806434333,36.788921646445402],[-76.163822052915023,36.78885291942688],[-76.163592421968829,36.788603068727916],[-76.163514285607107,36.788518326482361],[-76.163141488357454,36.788125138876971],[-76.163101820551134,36.788088482223259],[-76.162918917271085,36.787902065605103],[-76.162879200955743,36.787867906681832],[-76.162736171196201,36.787744952129962],[-76.162553394578609,36.78760328656108],[-76.162027854086261,36.787031312265484],[-76.161146255551273,36.786068550689556],[-76.160492034987712,36.785324200729761],[-76.159763447393374,36.785294853760035],[-76.158782415237908,36.785295643713148],[-76.157541133059752,36.785372966273378],[-76.156816496256056,36.785433228534103],[-76.155175762915476,36.785705367139158],[-76.154223512781684,36.785864494197746],[-76.153237447365683,36.786028431824107],[-76.15275169774884,36.786147930066306],[-76.152347602296388,36.786224907155415],[-76.149777072212558,36.786688711258201],[-76.146136161738454,36.787385216109051],[-76.144731606265864,36.787682525498901],[-76.143657599376795,36.787815784456519],[-76.143142088574578,36.787921484263769],[-76.139819446714071,36.78821760309124],[-76.139707786124262,36.788226196561126],[-76.135358428284505,36.78856053466901],[-76.132743731631436,36.788717394676404],[-76.128784446542539,36.789106341908862],[-76.127882671846251,36.789124191226186],[-76.12507411336496,36.789375267537565],[-76.12486361294107,36.789393261393393],[-76.124101069927292,36.789447638610177],[-76.123937830768824,36.789460405948631],[-76.123798455355868,36.789479041496477],[-76.123669729470592,36.789496877058205],[-76.123573060864558,36.789514233490316],[-76.123479088102684,36.789531646032195],[-76.123371498677741,36.789557380674196],[-76.123282821484466,36.789578059314593],[-76.123187211992146,36.789603034247371],[-76.123045496467867,36.789651693473388],[-76.122846870873715,36.789730328150334],[-76.122764461226168,36.789761943864704],[-76.122707632902987,36.78978656479017],[-76.122634526208543,36.789819427209956],[-76.122569541182557,36.789848194764936],[-76.122507018438796,36.789883415365381],[-76.122460877372546,36.78990822473569],[-76.122371086268316,36.789962261309121],[-76.122308596762196,36.789997481857142],[-76.122251365993776,36.790034979298888],[-76.122196797831833,36.790072530677413],[-76.122128409089257,36.79012378664644],[-76.122062517663167,36.790182566081548],[-76.121996792425406,36.790234920502179],[-76.121928136883184,36.790295786832516],[-76.121886916788057,36.790333609297058],[-76.121826350574963,36.790392496481118],[-76.121763120857068,36.790451329665004],[-76.12170235162472,36.79051452739337],[-76.121647144760644,36.790573523067458],[-76.120672933513092,36.791579246032732],[-76.119024164742314,36.793235729768703],[-76.119982871068046,36.793887415406076],[-76.120814326542188,36.794401060883089],[-76.121185337941043,36.794615426086324],[-76.123014320435928,36.795772099709794],[-76.124267759514794,36.796538146385565],[-76.124882509901383,36.796966339114718],[-76.12524050740673,36.797245281949053],[-76.12550592543721,36.797398082239226],[-76.125742942331669,36.797534879958164],[-76.125950975981794,36.797671008454849],[-76.12605327432972,36.797752507905976],[-76.126262590774061,36.797892467881681],[-76.126384523599157,36.797953537452656],[-76.126494093809299,36.798022132582773],[-76.12766825836097,36.798771070731945],[-76.128383559872262,36.799205534209939],[-76.129214201472777,36.799762361709746],[-76.129677905534237,36.800053673665651],[-76.13042475767493,36.800583357112146],[-76.130690771288428,36.800836522841642],[-76.130826704357233,36.800949564565386],[-76.131037778804583,36.801148113492104],[-76.131454988761888,36.801578820997442],[-76.131804059708259,36.802047839790951],[-76.132214411926668,36.802695360609064],[-76.132544796118495,36.80329666233753],[-76.132987577518662,36.804187266788567],[-76.133997798632677,36.803774720513637],[-76.134544648061876,36.803533244821537],[-76.134631330096909,36.803482922814453],[-76.134999329444625,36.803304851320185],[-76.135424907208787,36.803049119445049],[-76.13574431129291,36.802906888049606],[-76.136021304115815,36.802807816250741],[-76.136181586918696,36.80271749225259],[-76.136297536065683,36.802623445850323],[-76.136630243300814,36.802400622668955],[-76.136742193148166,36.80230440650616],[-76.13683263642929,36.80224050856684],[-76.136931312769988,36.802188727712128],[-76.136996022911475,36.802165652928011],[-76.13707015638029,36.802155943246689],[-76.137125964217333,36.802158467231692],[-76.137180615922574,36.802174803001435],[-76.137331920962509,36.802278117978972],[-76.137545543930344,36.802453091018009],[-76.13771297372962,36.802572129912676],[-76.137914721867702,36.802691803750044],[-76.138083095796361,36.802777794816954],[-76.138333586521753,36.802870933295473],[-76.13902990573277,36.803154702570232],[-76.139293886458788,36.80325363294174],[-76.139592506222158,36.803376873330677],[-76.139793598590103,36.803453505837822],[-76.140144524557513,36.803595022696769],[-76.140433235903302,36.803715644377782],[-76.140724437379077,36.803825447999117],[-76.141055724377765,36.803964082047912],[-76.141505500959042,36.804147846472183],[-76.142098789695197,36.804381816822051],[-76.142337667000589,36.80447355940985],[-76.142764864427221,36.804645779838168],[-76.143028697829536,36.80475414935075],[-76.143281596039898,36.804869181248051],[-76.143445260101515,36.804958695695632],[-76.143820140544292,36.805175895447121],[-76.144050980622865,36.805318685808295],[-76.144251406440858,36.805419845242781],[-76.144458465418893,36.805510958675235],[-76.144779311299033,36.805624836467643],[-76.14485637686893,36.805653939733745],[-76.145465203764545,36.805883905710623],[-76.145856641056326,36.806022055571994],[-76.145911307134639,36.806041340891312],[-76.146156403476752,36.806138323396588],[-76.146704028152058,36.806323081641224],[-76.147137825501076,36.806485334163575],[-76.147591416329064,36.806627402835979],[-76.148553352996544,36.806989437824861],[-76.14889277603676,36.807118926014041],[-76.14898003568851,36.807164275670154],[-76.149686536404943,36.807399815534623],[-76.150121609361676,36.807547135827335],[-76.150221786787228,36.807582000897966],[-76.150922928154685,36.807847373372667],[-76.151182147809706,36.807957624187047],[-76.151309220794843,36.808014322859037]]]},"properties":{"OBJECTID":34,"PATROL_ZONE":"425","PRECINCT":4,"SHAPE.area":10422808.385830561,"SHAPE.len":15134.046182845494}},{"type":"Feature","id":35,"geometry":{"type":"Polygon","coordinates":[[[-76.111610150411849,36.816217022832888],[-76.112863549964842,36.816191183521411],[-76.113525746669808,36.816176650792627],[-76.113815652774917,36.816187215212203],[-76.114130490722445,36.816237930878394],[-76.114790489249899,36.81637215057075],[-76.115494874433836,36.816601698888206],[-76.115775149700809,36.816733419608518],[-76.116335040871306,36.81702014283276],[-76.116955705765719,36.817406127292799],[-76.117149194793086,36.817526741598847],[-76.118265142226136,36.818242304377733],[-76.119884061776659,36.819211550815332],[-76.121748553776428,36.820431502757344],[-76.123744789102474,36.821663271734145],[-76.124654780688658,36.822162195004637],[-76.125653752200364,36.822879218789801],[-76.125937340454087,36.823073472518544],[-76.126653371397396,36.823455720985585],[-76.126754776819922,36.823521808101155],[-76.127455823864281,36.823971804298459],[-76.128076786101076,36.824383841212963],[-76.128517750209411,36.824685931942419],[-76.13089010565335,36.826221999420376],[-76.131391631483211,36.826535964640158],[-76.132393004191684,36.827151403402489],[-76.13396958793949,36.828185575321129],[-76.135464932544579,36.829117421744158],[-76.135513704776315,36.829148708417847],[-76.136191679490921,36.829586597551774],[-76.136690449289475,36.829950430099842],[-76.137020078896469,36.830286761823686],[-76.13726231320608,36.830540942378178],[-76.137435175117901,36.830769604067562],[-76.13779166435188,36.830692429439679],[-76.137979062801605,36.830651855081356],[-76.138372430572957,36.830547176301188],[-76.138567302107532,36.830459742428637],[-76.138906938048464,36.830272794048945],[-76.139161202596384,36.830118553005008],[-76.139409502330807,36.829953862019629],[-76.139531120745531,36.829873223008349],[-76.139574005418893,36.829846582995259],[-76.140053330284829,36.829548913833129],[-76.141145345700394,36.828834531017364],[-76.142301691270092,36.828178361867074],[-76.142448482275725,36.828087708997614],[-76.142767951038522,36.82788592015941],[-76.143980953353193,36.827124409385988],[-76.145395044442537,36.82627086763722],[-76.146098567243826,36.825821174743979],[-76.146974499205996,36.825261270730962],[-76.148492863140262,36.824327780984426],[-76.149245695365806,36.823839952218599],[-76.149686203129974,36.823554436004706],[-76.150275339852897,36.82318158296119],[-76.150909430967545,36.822790395491971],[-76.15116847095949,36.822634824136408],[-76.151431485098271,36.822477328877291],[-76.151184698126784,36.822197807755828],[-76.150815601037806,36.821753424526968],[-76.150356279856609,36.821186304682371],[-76.149715936467572,36.820423676603447],[-76.148294366903514,36.818615622315242],[-76.148123192027782,36.818402682021294],[-76.147785627601905,36.817982342789783],[-76.147176925572126,36.817288195933536],[-76.147053139522612,36.817147036629869],[-76.147020136317366,36.81711319926341],[-76.146877063438708,36.816966459753473],[-76.146496510134895,36.816656212125622],[-76.146218595640505,36.816429660690147],[-76.145753182085073,36.81604227613839],[-76.145384567391375,36.815734111771093],[-76.145922833418041,36.815329907460537],[-76.146339604099154,36.815007072070877],[-76.146700292058796,36.81473120438239],[-76.146752107782689,36.814691649256112],[-76.146895673836454,36.814581078038941],[-76.146943653754107,36.814538577103882],[-76.147050862293369,36.814450942269026],[-76.147243476361652,36.814299612915498],[-76.147406811639854,36.814176193052646],[-76.147536432247136,36.814079279701282],[-76.147584949357324,36.814043716391502],[-76.14772763326549,36.813939946226881],[-76.14784452294856,36.813849272174899],[-76.147905075686921,36.813802323427211],[-76.147988227342864,36.813736800386025],[-76.148028528461467,36.813707034231193],[-76.148117095161965,36.81364216268657],[-76.148158634159017,36.81361140618214],[-76.148330556433052,36.813470738491482],[-76.148480160063826,36.813330345989812],[-76.148624937046591,36.81318118779933],[-76.14871742309667,36.813079415803671],[-76.148765075129219,36.813024600837259],[-76.148915122527768,36.812806352477892],[-76.148983667577212,36.812678951647861],[-76.149044519454563,36.812565875457274],[-76.149120540283775,36.81245211442873],[-76.149145929368657,36.812414062675785],[-76.149365991460442,36.812042330525429],[-76.149391278137372,36.811999280872378],[-76.149538523690538,36.811736270973135],[-76.149586343708052,36.811656119080645],[-76.149655441221384,36.811546684131351],[-76.149748273122853,36.811400715003892],[-76.149802533162656,36.811310791668944],[-76.149895986698269,36.811156318218963],[-76.149994498647303,36.810957670099704],[-76.150090137784005,36.810736957593583],[-76.150119867528346,36.810633143390042],[-76.15013985234846,36.810542917804447],[-76.150152322761244,36.810483567117352],[-76.150179275813016,36.810324328655675],[-76.150238797285439,36.810129777178773],[-76.15029801243233,36.809872604491176],[-76.150331083909521,36.809783342479768],[-76.150352040706792,36.809727383754556],[-76.150395130196017,36.809627106019455],[-76.150422616847095,36.809568908969453],[-76.150499320395937,36.80944375750817],[-76.150545671667956,36.809355610509073],[-76.150567074029595,36.809316217307028],[-76.150591730089218,36.80927825317891],[-76.150664805342615,36.809169795850949],[-76.150755612441444,36.809001284570371],[-76.150820975658135,36.808879918186058],[-76.150908790468748,36.808714217727371],[-76.151020627128361,36.808503252942884],[-76.151179701697174,36.808235349606811],[-76.151309220794843,36.808014322859037],[-76.151182147809706,36.807957624187047],[-76.150922928154685,36.807847373372667],[-76.150221786787228,36.807582000897966],[-76.150121609361676,36.807547135827335],[-76.149686536404943,36.807399815534623],[-76.14898003568851,36.807164275670154],[-76.14889277603676,36.807118926014041],[-76.148553352996544,36.806989437824861],[-76.147591416329064,36.806627402835979],[-76.147137825501076,36.806485334163575],[-76.146704028152058,36.806323081641224],[-76.146156403476752,36.806138323396588],[-76.145911307134639,36.806041340891312],[-76.145856641056326,36.806022055571994],[-76.145465203764545,36.805883905710623],[-76.14485637686893,36.805653939733745],[-76.144779311299033,36.805624836467643],[-76.144458465418893,36.805510958675235],[-76.144251406440858,36.805419845242781],[-76.144050980622865,36.805318685808295],[-76.143820140544292,36.805175895447121],[-76.143445260101515,36.804958695695632],[-76.143281596039898,36.804869181248051],[-76.143028697829536,36.80475414935075],[-76.142764864427221,36.804645779838168],[-76.142337667000589,36.80447355940985],[-76.142098789695197,36.804381816822051],[-76.141505500959042,36.804147846472183],[-76.141055724377765,36.803964082047912],[-76.140724437379077,36.803825447999117],[-76.140433235903302,36.803715644377782],[-76.140144524557513,36.803595022696769],[-76.139793598590103,36.803453505837822],[-76.139592506222158,36.803376873330677],[-76.139293886458788,36.80325363294174],[-76.13902990573277,36.803154702570232],[-76.138333586521753,36.802870933295473],[-76.138083095796361,36.802777794816954],[-76.137914721867702,36.802691803750044],[-76.13771297372962,36.802572129912676],[-76.137545543930344,36.802453091018009],[-76.137331920962509,36.802278117978972],[-76.137180615922574,36.802174803001435],[-76.137125964217333,36.802158467231692],[-76.13707015638029,36.802155943246689],[-76.136996022911475,36.802165652928011],[-76.136931312769988,36.802188727712128],[-76.13683263642929,36.80224050856684],[-76.136742193148166,36.80230440650616],[-76.136630243300814,36.802400622668955],[-76.136297536065683,36.802623445850323],[-76.136181586918696,36.80271749225259],[-76.136021304115815,36.802807816250741],[-76.13574431129291,36.802906888049606],[-76.135424907208787,36.803049119445049],[-76.134999329444625,36.803304851320185],[-76.134631330096909,36.803482922814453],[-76.134544648061876,36.803533244821537],[-76.133997798632677,36.803774720513637],[-76.132987577518662,36.804187266788567],[-76.132544796118495,36.80329666233753],[-76.132214411926668,36.802695360609064],[-76.131804059708259,36.802047839790951],[-76.131454988761888,36.801578820997442],[-76.131037778804583,36.801148113492104],[-76.130826704357233,36.800949564565386],[-76.130690771288428,36.800836522841642],[-76.13042475767493,36.800583357112146],[-76.129677905534237,36.800053673665651],[-76.129214201472777,36.799762361709746],[-76.128383559872262,36.799205534209939],[-76.12766825836097,36.798771070731945],[-76.126494093809299,36.798022132582773],[-76.126384523599157,36.797953537452656],[-76.126262590774061,36.797892467881681],[-76.12605327432972,36.797752507905976],[-76.125950975981794,36.797671008454849],[-76.125742942331669,36.797534879958164],[-76.12550592543721,36.797398082239226],[-76.12524050740673,36.797245281949053],[-76.124882509901383,36.796966339114718],[-76.124267759514794,36.796538146385565],[-76.123014320435928,36.795772099709794],[-76.121185337941043,36.794615426086324],[-76.120814326542188,36.794401060883089],[-76.119982871068046,36.793887415406076],[-76.119024164742314,36.793235729768703],[-76.118336828684122,36.794003525408918],[-76.118163531987747,36.79418840356908],[-76.11805241128539,36.794295910975819],[-76.117965730148683,36.794384488223969],[-76.117801880135801,36.794549116910282],[-76.117715526884183,36.794639184378646],[-76.117624231101857,36.794737642340884],[-76.117412598800698,36.79493671451732],[-76.117350622232607,36.79498914194086],[-76.117216874764921,36.795086050681149],[-76.117063564685253,36.795196738532468],[-76.116744339365894,36.795421237902012],[-76.116307467981983,36.795680162544635],[-76.115805872981838,36.79588087094627],[-76.115395327625635,36.796005571963562],[-76.115316758275924,36.796020678243664],[-76.11513850647242,36.796054773106924],[-76.114929246621941,36.796084381394074],[-76.114724610400216,36.796113344416675],[-76.114344767663809,36.796144907142761],[-76.114207091863335,36.796156332505468],[-76.113753575595524,36.796150477753628],[-76.113288772894492,36.796107547928578],[-76.112862772023817,36.796021898974864],[-76.111592202970797,36.795653916343426],[-76.111285483098513,36.795565084474276],[-76.108605895742556,36.794784302806107],[-76.108450465638825,36.795101898078485],[-76.108253191110862,36.795549785318258],[-76.107978353346326,36.796137325960892],[-76.107865115314851,36.796445333980607],[-76.10782526964212,36.796582831162148],[-76.107823024752221,36.796675224744398],[-76.107816312540422,36.796795524989363],[-76.10781030460781,36.796986161182346],[-76.107817402196858,36.797207533391671],[-76.107824082967639,36.797372245208315],[-76.107863394142797,36.797630623757442],[-76.107934547001477,36.79784235293166],[-76.107983653406492,36.797969821608348],[-76.108082981924099,36.798186741941997],[-76.10820788637615,36.798430105453768],[-76.108377621252444,36.79869875234548],[-76.108556452469315,36.798917250240123],[-76.108714333177133,36.799077513714977],[-76.109272444785063,36.799614315759015],[-76.112204755179889,36.802056533129395],[-76.117150765048208,36.806332377225544],[-76.116603930890363,36.806718845684799],[-76.116249484425339,36.8070245779004],[-76.115972725164397,36.80745861048262],[-76.115536040630062,36.808210656934023],[-76.115351420669484,36.808528445385541],[-76.114798741174098,36.809459247359065],[-76.11462199225204,36.809756918430303],[-76.113882941081272,36.811001566843835],[-76.113779407549828,36.811218876033777],[-76.113718123582842,36.811348581461324],[-76.113640770552024,36.811749510706164],[-76.113606070429256,36.812202141488683],[-76.113482429906796,36.812655656356704],[-76.113227720692819,36.813106671523919],[-76.112334912979705,36.814591310421186],[-76.11212848192406,36.814901974187443],[-76.111922408397888,36.815212095160696],[-76.111714512189977,36.815577897523397],[-76.111617111456994,36.81590833490165],[-76.111610150411849,36.816217022832888]]]},"properties":{"OBJECTID":35,"PATROL_ZONE":"426","PRECINCT":4,"SHAPE.area":13468764.86356716,"SHAPE.len":17420.954649677376}},{"type":"Feature","id":27,"geometry":{"type":"Polygon","coordinates":[[[-76.129599923682733,36.91898075258446],[-76.130051779863905,36.919261726040389],[-76.13203778068393,36.919812312510913],[-76.136636894427198,36.921843317501072],[-76.13778585404863,36.921010822400625],[-76.138157797898756,36.918179212881583],[-76.138481701644125,36.915707998636947],[-76.138211215318805,36.914464678910051],[-76.1381483494186,36.914175728295049],[-76.138149198326531,36.912734996077695],[-76.138151511488388,36.91162706876122],[-76.138151438724847,36.910350764134755],[-76.139291752061681,36.906827185395301],[-76.138848611335391,36.905886149465381],[-76.138821007005021,36.905790268914259],[-76.138296186961526,36.904747447363349],[-76.137846538839327,36.904685900597819],[-76.137728149868039,36.904668566699186],[-76.137510046103557,36.904636378549142],[-76.137398869705692,36.904621175910883],[-76.137007225801383,36.904567625448415],[-76.136696711445325,36.904526283623781],[-76.136425931370923,36.904495945823143],[-76.136289098190204,36.904473603706805],[-76.13558840418375,36.904359240242229],[-76.13551099635572,36.904348410011551],[-76.135411958892277,36.904334549152921],[-76.134739206982744,36.904247420209174],[-76.133652260760329,36.90410981627015],[-76.132969957064361,36.904014243087452],[-76.132219015792501,36.903926150494762],[-76.132091357105779,36.903902031776028],[-76.131135899986432,36.903774100292608],[-76.131045907659598,36.90376424978578],[-76.130818938421584,36.903739439978843],[-76.130644454152389,36.903728175068181],[-76.130340749026189,36.903719234684537],[-76.130102022637743,36.903711605259389],[-76.129811361049462,36.903713296935962],[-76.129761691400788,36.903716510762166],[-76.129572471167663,36.903730598726547],[-76.129323701614339,36.903756393371744],[-76.129004505041053,36.903830391033743],[-76.128623782853964,36.903862722471999],[-76.1282303602854,36.903931918700394],[-76.127147775383676,36.90413905446119],[-76.126073861021084,36.904341644079686],[-76.125852526016544,36.904383797714637],[-76.125010244046592,36.904550640629417],[-76.1240965316385,36.904718342295489],[-76.122951378178925,36.904967654374985],[-76.122097456737833,36.90515064385874],[-76.121093832851273,36.905338647486509],[-76.119816978286195,36.905612958535315],[-76.118283789454807,36.905916871729183],[-76.117625829204741,36.906044948310353],[-76.116690293125131,36.906237723624351],[-76.116123724777125,36.906354148693687],[-76.115368953987215,36.906505540812461],[-76.114988417751377,36.906581850911664],[-76.114703844944103,36.906640847596627],[-76.113977592071194,36.906791449729248],[-76.112327456064534,36.907041369901471],[-76.111591300163937,36.9030180721712],[-76.103001047071828,36.900437184693132],[-76.096102191403972,36.89529517076172],[-76.092079661325826,36.897198802731737],[-76.091012200460241,36.902196702093029],[-76.089131324088029,36.904159383915399],[-76.088944993735154,36.904669226121555],[-76.08920633431255,36.906970224144743],[-76.090541926120792,36.907628710078136],[-76.093435888334469,36.907799954076701],[-76.096462291865393,36.90901077809545],[-76.099515922434293,36.909966698368862],[-76.105775804643926,36.91166825518529],[-76.11064394225518,36.912976323785387],[-76.115055473394094,36.914240359405817],[-76.117911992928384,36.915174758579255],[-76.119885039143711,36.915821865317774],[-76.120567361704261,36.916045615651363],[-76.122007608141431,36.916413442866371],[-76.124697275493162,36.917198242487494],[-76.127485361369139,36.918003071081415],[-76.12907257667834,36.918652949030381],[-76.129465494393713,36.918897156631957],[-76.129599923682733,36.91898075258446]]]},"properties":{"OBJECTID":27,"PATROL_ZONE":"330","PRECINCT":3,"SHAPE.area":8854930.7898960002,"SHAPE.len":15747.236762474411}},{"type":"Feature","id":16,"geometry":{"type":"Polygon","coordinates":[[[-76.062881538186403,36.799205663686998],[-76.058205315754108,36.797036660099209],[-76.053397372453375,36.792813902812568],[-76.052523513802868,36.792046647016868],[-76.052403285081866,36.792041750170398],[-76.052286742148468,36.787958210061959],[-76.052063846770295,36.787458261725583],[-76.050937309098359,36.786192621622845],[-76.049682801922614,36.784727380395871],[-76.0479027237118,36.784479431433716],[-76.046676276312283,36.784352410114764],[-76.045239921376933,36.784298549449211],[-76.043644003189257,36.784366507856944],[-76.041607893444379,36.784520645400548],[-76.039687554081723,36.784534056752243],[-76.038952772603508,36.784519306495561],[-76.038085477942772,36.788085261374981],[-76.033831133113992,36.793008063780348],[-76.033699447279858,36.793077171936829],[-76.033167528748976,36.793356105913766],[-76.030814049604118,36.793704703976417],[-76.027606111825619,36.79417985968464],[-76.027915126893461,36.795742502092153],[-76.022727434281094,36.797384650839845],[-76.022730996999499,36.79760318413387],[-76.02048516477177,36.79970635537962],[-76.013028779604312,36.802962410120699],[-76.01228249519886,36.802443624491879],[-76.005539867338726,36.802294852208561],[-76.004894025361835,36.802085634874459],[-76.004702020351317,36.801479394306455],[-76.004633845407767,36.80116180893328],[-76.004515350435284,36.80081284775261],[-76.004460471456255,36.800715433394949],[-76.004266230539017,36.800282378971858],[-76.004111069929877,36.800111339905087],[-76.00396613035204,36.799943293504327],[-76.003734917472642,36.7996964799447],[-76.003444388835021,36.799382324784823],[-76.003120387173283,36.799048250418878],[-76.002849137279995,36.798770304655321],[-76.002716900778594,36.798632722204488],[-76.002492162955761,36.79839703380766],[-76.001255748748164,36.797116940950318],[-76.000331457779282,36.796112937986372],[-75.99977149384523,36.795573090129764],[-75.999262018823444,36.795056378704814],[-75.998942496161717,36.794793824230752],[-75.998825621749972,36.794708851444263],[-75.998674608662512,36.794623150571418],[-75.998557406365705,36.794549160071895],[-75.998439536620637,36.794494444060192],[-75.998157330874136,36.794360198963318],[-75.997918318821448,36.794296167068971],[-75.997727872387941,36.794256360399039],[-75.997564706891325,36.794230515834094],[-75.997390447200914,36.794204435309226],[-75.996845332418516,36.794127992811504],[-75.996264805149309,36.794028401065333],[-75.995349737183446,36.793822698278959],[-75.99332133857699,36.792307288719208],[-75.992705060156098,36.791997741843737],[-75.990743241085198,36.791703882833197],[-75.988478988004246,36.791640607672662],[-75.985921532001058,36.791526578877274],[-75.984818692784629,36.791443681502614],[-75.981420274436644,36.792442874021987],[-75.965719044692023,36.814471898262362],[-75.965870806076126,36.81513803465657],[-75.965952809685149,36.815502680958126],[-75.966573143101243,36.818254386612033],[-75.966999950659016,36.820149220653242],[-75.968092746710568,36.825539218124881],[-75.968910134567381,36.829585184655315],[-75.970217250679426,36.829727793590202],[-75.971248460930042,36.830427620785947],[-75.971395576227479,36.830426448058866],[-75.972633117820777,36.830416250149746],[-75.973525988415957,36.831567009068216],[-75.973957651367854,36.83212337112294],[-75.97581821772981,36.831765121961624],[-75.977508406021713,36.830892020024947],[-75.978124359252476,36.830806695431605],[-75.978294502862241,36.830584691277004],[-75.978374013646345,36.829148774569099],[-75.980649002493266,36.827989800125216],[-75.982635275502815,36.827657387908715],[-75.98273528943497,36.827640656346603],[-75.982873179932767,36.827634024552296],[-75.984329094785124,36.827746750595907],[-75.984812410865857,36.828215842771272],[-75.985411865638085,36.828797572438319],[-75.990004082116613,36.829563473502944],[-75.991415791772113,36.829909479296191],[-75.996491125803686,36.831160996647775],[-75.997702898324718,36.831205622391607],[-75.997761287021561,36.831411588574383],[-75.997820503965102,36.831603834730174],[-75.997973913757747,36.832043996976786],[-75.998040239968432,36.832234195970152],[-75.99809794684397,36.832399703869086],[-75.998215036851349,36.832735891809818],[-75.998364269477932,36.833163984920397],[-75.998416916143483,36.833308859931286],[-75.998470722534051,36.833447604516905],[-75.998609479906094,36.833452265042212],[-75.999020663066148,36.833486822806663],[-75.999389038807962,36.833519726868609],[-75.999498590153507,36.833516564731617],[-76.000010817613344,36.833530193267848],[-76.000531537745871,36.833494625335675],[-76.001344639740452,36.833401972768414],[-76.002421593103662,36.833290228578534],[-76.003491712084184,36.833178328202948],[-76.00459134521337,36.833231075279599],[-76.00467415550952,36.837807077540234],[-76.004680168832039,36.838139688660533],[-76.008276663903544,36.835287537976392],[-76.012630911273391,36.835592905880155],[-76.013257196028221,36.835635351265132],[-76.020841258747026,36.836035258884401],[-76.022137168375892,36.835813052054604],[-76.026627071235112,36.837212283868553],[-76.028568105985272,36.837864484557294],[-76.029313966385899,36.837953130747984],[-76.030016616024724,36.837975208341902],[-76.02922061256325,36.836360862024364],[-76.030634163765114,36.836011259640287],[-76.031557367772479,36.838040435271921],[-76.033781601805842,36.837923215842501],[-76.040765954630857,36.837048164630929],[-76.045457245403739,36.836461197480467],[-76.045830770288759,36.836616933406098],[-76.046156322442684,36.83636947956942],[-76.046152054546752,36.836275258819448],[-76.046148104654449,36.83619975703526],[-76.046016622737895,36.833674793648882],[-76.045992226291403,36.833205360347307],[-76.045722167564179,36.830773059678293],[-76.046173691368693,36.829649190635514],[-76.050824220187238,36.818074862291702],[-76.050978028831864,36.817844201565393],[-76.050731655085414,36.817661597630483],[-76.050610917917979,36.817050828929226],[-76.050520672266202,36.816815679051366],[-76.048682221528239,36.812023125110002],[-76.053183936335131,36.808929275761379],[-76.054300196381902,36.808162074228143],[-76.054415856271362,36.808082606900037],[-76.054528063935194,36.807980868403654],[-76.058389389538974,36.804480779413815],[-76.062881538186403,36.799205663686998]]]},"properties":{"OBJECTID":16,"PATROL_ZONE":"228","PRECINCT":2,"SHAPE.area":50552277.654561281,"SHAPE.len":34862.195847334471}},{"type":"Feature","id":9,"geometry":{"type":"Polygon","coordinates":[[[-76.068126630450479,36.902388542504546],[-76.068857800701252,36.903061344274619],[-76.07201486419028,36.903269811324385],[-76.073648684994737,36.903732943368169],[-76.078711548613541,36.903998645961373],[-76.084621107625281,36.904249833794424],[-76.089131324088029,36.904159383915399],[-76.091012200460241,36.902196702093029],[-76.092079661325826,36.897198802731737],[-76.084300298576082,36.892877121606723],[-76.077900363623769,36.889320985335779],[-76.070586375801881,36.885821451580377],[-76.067169547380473,36.876144449713124],[-76.07270437057818,36.873560102467913],[-76.072199691661666,36.872042822985378],[-76.071176171888197,36.868129472306244],[-76.070061088634432,36.865007838000075],[-76.069336797682112,36.863698357178279],[-76.068510404214578,36.861134491115997],[-76.068004956340189,36.859765760830676],[-76.067655517982857,36.858468204965533],[-76.067551743702936,36.857752963810142],[-76.067308235582246,36.857111236359756],[-76.066275457771454,36.85539231861565],[-76.066173592411488,36.855401270409104],[-76.065587913304114,36.855453068452519],[-76.065337196203274,36.85541957148277],[-76.065210824802378,36.855402678515908],[-76.064770388903383,36.855326521392406],[-76.064710190101266,36.855316082415044],[-76.064651072870731,36.855300720446934],[-76.06418327967809,36.855179030003271],[-76.063880869024231,36.855094863882982],[-76.063746288818251,36.855057414838988],[-76.063446958487475,36.854972796464246],[-76.063406679826784,36.856356914688462],[-76.058436216918096,36.855872089131772],[-76.056892264472992,36.854969427483248],[-76.048905390892585,36.853201448140446],[-76.048554476603258,36.853495391683687],[-76.048556981106259,36.853601992769107],[-76.048558801991334,36.85368212228834],[-76.048559172097242,36.85373976393749],[-76.048559492795789,36.853791900944636],[-76.048560512383645,36.853948668278562],[-76.048567504869823,36.854127574351125],[-76.048560444111686,36.854371787885881],[-76.048551690927553,36.854417297865027],[-76.04851522831018,36.854607133572955],[-76.04849352321628,36.854754868299452],[-76.048475780591104,36.854875596235097],[-76.048377274031992,36.85517299431784],[-76.04829346840252,36.855400554495667],[-76.048279099849552,36.855440047605235],[-76.04797410833585,36.85646729615231],[-76.047037233766488,36.859399305806143],[-76.046051208774642,36.862516020319468],[-76.045563133419535,36.864075875487515],[-76.042415244424518,36.863626743389048],[-76.041488998721576,36.863494876297814],[-76.041159124772832,36.863453955674551],[-76.040809326191081,36.863410558343517],[-76.03986808491112,36.863269914656129],[-76.039571651647151,36.863234856470022],[-76.039258984927685,36.863215297360227],[-76.039175670676642,36.863210062958096],[-76.039109403754765,36.863204251427298],[-76.038889159304986,36.86318482742815],[-76.038776142259081,36.863198738162907],[-76.038641439882227,36.863201232104764],[-76.038562650445286,36.863201971662711],[-76.038494244634734,36.863202530104402],[-76.038329167523159,36.863207450428547],[-76.038145223994022,36.863218459706566],[-76.038025763332598,36.863228598619116],[-76.03782299560666,36.863247505851206],[-76.037647590564276,36.863268296110867],[-76.037535611072542,36.863286555052738],[-76.037455209159646,36.863296931850748],[-76.037399092302181,36.863303393092153],[-76.037237369499891,36.863332972490376],[-76.037088920204241,36.863361645579118],[-76.036870639471687,36.863407751049557],[-76.036696598970209,36.863448075165827],[-76.036548019418845,36.863490376438982],[-76.036458372045075,36.863515903665167],[-76.036405011218875,36.863530678950355],[-76.036288008348066,36.863563713826991],[-76.034469812823119,36.864078860277559],[-76.032768890561869,36.864579095934445],[-76.03194577055524,36.864803671373316],[-76.030588517670566,36.865201167577681],[-76.02910388008533,36.865625569562901],[-76.029416728264508,36.866303340217463],[-76.029546358753265,36.866583719968339],[-76.029905772901799,36.867432681579139],[-76.029968838228001,36.867580707729651],[-76.03006052208255,36.867758533348095],[-76.030156086659105,36.867922703089945],[-76.030218758523205,36.868012258762541],[-76.030277014269402,36.86809566252218],[-76.030343565058899,36.868174240332444],[-76.030395614344769,36.868235588720445],[-76.030582392058662,36.868434645804257],[-76.03075486679657,36.868568341277324],[-76.030819308341776,36.868618286303914],[-76.031016704142317,36.868754358792778],[-76.031265182641491,36.868897000325653],[-76.031455863535257,36.868987294358121],[-76.031511126094927,36.869013485946162],[-76.031739422144582,36.869093868085812],[-76.031861118712754,36.869139836426676],[-76.032000448311635,36.869193057445436],[-76.031922636241745,36.869350560713791],[-76.031769986423825,36.869784378443029],[-76.031628713768981,36.870182690992166],[-76.031591080646777,36.870287722269772],[-76.031533097988444,36.870492638163348],[-76.031496137704394,36.870636881904154],[-76.03142032348768,36.870909421170055],[-76.031280084793735,36.871381965377921],[-76.031177177388045,36.871757714530979],[-76.03108564534881,36.87204714124524],[-76.030724073446947,36.873380799937038],[-76.030678127315113,36.873531004910163],[-76.030645949661633,36.873684543968977],[-76.030624289483484,36.873818462367041],[-76.030606488467825,36.873944516735996],[-76.030615613554474,36.874084888540445],[-76.030632503678447,36.874228630374837],[-76.03074664092351,36.874714633679389],[-76.030819508666099,36.875019536545786],[-76.031003034478644,36.875845200222791],[-76.03103627304246,36.876032800328659],[-76.031079049019667,36.876242582209954],[-76.031133875896401,36.876449869287136],[-76.031255023593928,36.876669553610441],[-76.03136347989313,36.876857334931124],[-76.031486569748324,36.877017973393265],[-76.031653580932669,36.877194619405586],[-76.031774601069429,36.877308492541708],[-76.031877653103876,36.877405489621125],[-76.032129812000761,36.877647158288937],[-76.032301181810894,36.87779504536271],[-76.033026034210266,36.878439678183241],[-76.033259255722655,36.878679682245611],[-76.033860658940739,36.879194972519521],[-76.034150320704114,36.879355986184713],[-76.034305474126711,36.879442260431631],[-76.034639840550199,36.879567723484492],[-76.034487047900157,36.880167453186516],[-76.034432540823659,36.880381442339051],[-76.036477825960873,36.882620763094586],[-76.037664947812203,36.883919781960792],[-76.037698015696122,36.883954750180116],[-76.037744538546363,36.884004026982161],[-76.038013157274193,36.885093026777795],[-76.039643394698984,36.891697163260922],[-76.040238623796142,36.894111371022824],[-76.029328162462335,36.89672045268005],[-76.027332525414252,36.897198080744474],[-76.041232904305417,36.901115497674382],[-76.0651778368685,36.902484178064604],[-76.066870040081596,36.902301565064967],[-76.068126630450479,36.902388542504546]]]},"properties":{"OBJECTID":9,"PATROL_ZONE":"221","PRECINCT":2,"SHAPE.area":28107023.330178399,"SHAPE.len":27305.417423316849}},{"type":"Feature","id":13,"geometry":{"type":"Polygon","coordinates":[[[-76.00445886347191,36.847341388381956],[-76.004476377026691,36.844948981860398],[-76.003634637639166,36.843814067479528],[-76.004494055871476,36.842683488524223],[-76.003294996308327,36.841438902444246],[-76.00342609644089,36.839326085710994],[-76.003656435259529,36.838179941990077],[-76.004680168832039,36.838139688660533],[-76.00467415550952,36.837807077540234],[-76.00459134521337,36.833231075279599],[-76.003491712084184,36.833178328202948],[-76.002421593103662,36.833290228578534],[-76.001344639740452,36.833401972768414],[-76.000531537745871,36.833494625335675],[-76.000010817613344,36.833530193267848],[-75.999498590153507,36.833516564731617],[-75.999389038807962,36.833519726868609],[-75.999020663066148,36.833486822806663],[-75.998609479906094,36.833452265042212],[-75.998470722534051,36.833447604516905],[-75.998416916143483,36.833308859931286],[-75.998364269477932,36.833163984920397],[-75.998215036851349,36.832735891809818],[-75.99809794684397,36.832399703869086],[-75.998040239968432,36.832234195970152],[-75.997973913757747,36.832043996976786],[-75.997820503965102,36.831603834730174],[-75.997761287021561,36.831411588574383],[-75.997702898324718,36.831205622391607],[-75.996491125803686,36.831160996647775],[-75.991415791772113,36.829909479296191],[-75.990004082116613,36.829563473502944],[-75.985411865638085,36.828797572438319],[-75.984812410865857,36.828215842771272],[-75.984329094785124,36.827746750595907],[-75.982873179932767,36.827634024552296],[-75.98273528943497,36.827640656346603],[-75.982635275502815,36.827657387908715],[-75.980649002493266,36.827989800125216],[-75.978374013646345,36.829148774569099],[-75.978294502862241,36.830584691277004],[-75.978318808578877,36.830625684860458],[-75.979338443138744,36.830454341846306],[-75.979354980224812,36.830401998384382],[-75.979507857316477,36.831099816950427],[-75.979459531547462,36.831128507881957],[-75.979625368633762,36.831811794375518],[-75.979705464221112,36.831803238151934],[-75.979894631453647,36.832433612128987],[-75.980079482281241,36.833092111006735],[-75.980260539523371,36.833764101135017],[-75.980441785411742,36.834445959189843],[-75.980618470553409,36.835113925520446],[-75.980804736227554,36.835783746001205],[-75.980985870724808,36.83644452679907],[-75.981158392175118,36.837118804686092],[-75.981177927837621,36.837171812903776],[-75.98124181871556,36.837371421812598],[-75.981328630107981,36.837703324499927],[-75.983295887579615,36.837719815887226],[-75.983465637727292,36.838384524111035],[-75.98362545430453,36.838928317618944],[-75.983858089217037,36.839814180234832],[-75.984096945861182,36.840703225343525],[-75.984335992049864,36.841595020763606],[-75.984449742121029,36.842056304727876],[-75.984578408717482,36.84254716975753],[-75.984705964996252,36.843016937528219],[-75.984851556750982,36.843503686437835],[-75.984977566130837,36.843986169196548],[-75.985109020199616,36.844459151636428],[-75.985244940691985,36.844950088946142],[-75.985368945032135,36.845445771320747],[-75.985393793331198,36.845530490101439],[-75.985597223115505,36.846221880495335],[-75.985912596458931,36.847401851320591],[-75.986002595972295,36.847382704381054],[-75.986057754327362,36.847370916448739],[-75.98611156880277,36.847359457035537],[-75.986173234553789,36.847346297506505],[-75.986229940706082,36.847334239994396],[-75.986302860550964,36.847318766435983],[-75.987679546690188,36.847153504323863],[-75.989262754614899,36.846967419849314],[-75.99445233997757,36.846352347549541],[-75.994829592871028,36.846430926870106],[-75.995282664472782,36.846387562286537],[-75.995493236761902,36.846386036118481],[-75.995811180185356,36.846383722065127],[-75.996109075008292,36.846380842977247],[-75.996298667143947,36.846378977500791],[-75.996763719576663,36.846380703515813],[-75.99721821860139,36.84639039033415],[-75.997358263259244,36.846400271965926],[-75.99757989021623,36.846415957058909],[-75.997813936382045,36.846433446519669],[-75.997965351914772,36.846444750076252],[-75.998094951860807,36.846457238333365],[-75.998277307168536,36.846474750788566],[-75.998585669161173,36.846513164450378],[-75.998796657370264,36.846539419094462],[-75.999465742356819,36.846652992144094],[-75.99998816839009,36.846741624553317],[-76.001460032830281,36.846939149645877],[-76.00445886347191,36.847341388381956]]]},"properties":{"OBJECTID":13,"PATROL_ZONE":"225","PRECINCT":2,"SHAPE.area":5502280.9050678397,"SHAPE.len":10565.194801521453}},{"type":"Feature","id":38,"geometry":{"type":"Polygon","coordinates":[[[-76.048979417461894,36.836300682256606],[-76.049112259427787,36.836317219960314],[-76.049452344526372,36.836379297070131],[-76.049629095245038,36.836413235919473],[-76.050102210955714,36.836476507154693],[-76.049448691078098,36.838639511017341],[-76.049394648430606,36.83880035060951],[-76.049163904471783,36.839378397903623],[-76.048678944474091,36.84086131861465],[-76.049152978262981,36.840693196314398],[-76.050978071052683,36.840066370758777],[-76.05188227569181,36.839753185035363],[-76.053709086060337,36.839120447107618],[-76.055543190748963,36.838467170079966],[-76.056780848224918,36.838026315057235],[-76.056828248729218,36.838009689291958],[-76.057969611298276,36.837590805088524],[-76.059548601632756,36.837058156752015],[-76.059953077072578,36.836919659567712],[-76.060779331301234,36.836648142959348],[-76.061489983132617,36.836459448953576],[-76.061585615082791,36.836433438173259],[-76.061715874392263,36.836404290530332],[-76.062172093690776,36.836302694648438],[-76.062428366871643,36.836245029787321],[-76.063413905874924,36.836089677034529],[-76.063831914434488,36.836046944313452],[-76.064238498220305,36.836006569074193],[-76.064673484938751,36.835988596955993],[-76.065080023808804,36.835973070054806],[-76.065453398675174,36.835989713518067],[-76.065657329719386,36.835999482896469],[-76.065771412167223,36.83600490753237],[-76.066156684321214,36.836025402515084],[-76.066492239215805,36.835556972948773],[-76.066688164474215,36.835285264568924],[-76.067060843146265,36.83474900382523],[-76.067180537369651,36.834427275628059],[-76.067269209173034,36.834220301635114],[-76.067326218955913,36.833935739431112],[-76.067382051047446,36.833686871289636],[-76.067444866642006,36.833383334967323],[-76.069393005269433,36.831375125922222],[-76.074231515544341,36.827137322882898],[-76.07514681437722,36.824948269593719],[-76.078014459546324,36.823231275040818],[-76.077705072575938,36.822962449594499],[-76.077445870887232,36.822731777711027],[-76.077076249182127,36.822320236708897],[-76.076931412910554,36.822146956533167],[-76.076805755670279,36.822015174657473],[-76.076668890150216,36.821806339840705],[-76.076422434657076,36.821391844798853],[-76.076097052284751,36.820879610757878],[-76.075699445363597,36.820130450182077],[-76.075578019188313,36.819901739438194],[-76.075232886456163,36.81862190467271],[-76.074728526441575,36.816683220622132],[-76.073955542309264,36.813522601614736],[-76.073806170443831,36.81293396309875],[-76.073787473807812,36.812847550485813],[-76.073735994952159,36.812704879886141],[-76.073682486802255,36.812587251255039],[-76.073612921266658,36.812444893018842],[-76.073514091314038,36.812266706438571],[-76.073446976382527,36.812167425237675],[-76.07335260027709,36.812046588885515],[-76.073222910499524,36.811886694889886],[-76.073105740542076,36.81175420419784],[-76.073018674926416,36.811658027117574],[-76.072055237174098,36.810767523224278],[-76.073561975111943,36.809716375405209],[-76.074988638123685,36.808825961845862],[-76.076618755174223,36.807849476417275],[-76.077313568808819,36.807444988091454],[-76.077985815865176,36.807041787950929],[-76.079119130427614,36.806341500188907],[-76.079635640156411,36.806021323372761],[-76.080056159507208,36.805761425293568],[-76.080396612016742,36.805558616660171],[-76.080720792443216,36.805376461726183],[-76.081006963353374,36.805239681609656],[-76.081309942640843,36.805065441391861],[-76.081668424338119,36.804871380036566],[-76.080535173556072,36.804706143460088],[-76.08024133372831,36.804402997106052],[-76.079613672754462,36.804070244363317],[-76.079096140742863,36.803886229445915],[-76.078690389695339,36.803797989735976],[-76.078239978005143,36.803852384779425],[-76.077895105784407,36.803908927532035],[-76.077633069012663,36.803850437707268],[-76.077425442299358,36.803740042878452],[-76.077233399559603,36.803555676880279],[-76.077107594097313,36.803362100088393],[-76.077027220032221,36.803109949699795],[-76.076912018283565,36.802944945966217],[-76.076669068016642,36.802739277914405],[-76.076496172867195,36.802628445597357],[-76.075449931106917,36.80184569170239],[-76.075101197028772,36.80171745839403],[-76.074828458627067,36.801580409199438],[-76.074606342088217,36.801374207361697],[-76.074296128667783,36.801031773353756],[-76.07354187351082,36.800549296633378],[-76.073271907310058,36.800327868625601],[-76.072751908524694,36.799669909990477],[-76.072407551038637,36.799298465554116],[-76.07161397482507,36.799919913775589],[-76.06888272984871,36.802006053346545],[-76.067928836696282,36.80304287896638],[-76.067498659557856,36.803510467503692],[-76.067156189432197,36.80348331194304],[-76.063930486570641,36.803227704379836],[-76.065049211594527,36.800018590093849],[-76.064693423944803,36.800046019501096],[-76.062881538186403,36.799205663686998],[-76.058389389538974,36.804480779413815],[-76.054528063935194,36.807980868403654],[-76.054415856271362,36.808082606900037],[-76.054300196381902,36.808162074228143],[-76.053183936335131,36.808929275761379],[-76.048682237697903,36.812023138774755],[-76.050520672266202,36.816815679051366],[-76.050610917917979,36.817050828929226],[-76.050731655085414,36.817661597630483],[-76.050978028831864,36.817844201565393],[-76.050824220187238,36.818074862291702],[-76.046173691368693,36.829649190635514],[-76.045722150496175,36.830773072620651],[-76.045992226291403,36.833205360347307],[-76.046016622737895,36.833674793648882],[-76.046148104654449,36.83619975703526],[-76.046152054546752,36.836275258819448],[-76.046156324239305,36.836369474536667],[-76.04583077118707,36.836616923340628],[-76.048436099310052,36.836283844739484],[-76.04856933114479,36.836289374324615],[-76.048709749501811,36.836284062586934],[-76.048836203547722,36.836286702638489],[-76.048979417461894,36.836300682256606]]]},"properties":{"OBJECTID":38,"PATROL_ZONE":"127","PRECINCT":1,"SHAPE.area":13243888.001994684,"SHAPE.len":17987.149818730628}},{"type":"Feature","id":33,"geometry":{"type":"Polygon","coordinates":[[[-76.108605895742556,36.794784302806107],[-76.111285483098513,36.795565084474276],[-76.111592202970797,36.795653916343426],[-76.112862772023817,36.796021898974864],[-76.113288772894492,36.796107547928578],[-76.113753575595524,36.796150477753628],[-76.114207091863335,36.796156332505468],[-76.114344767663809,36.796144907142761],[-76.114724610400216,36.796113344416675],[-76.114929246621941,36.796084381394074],[-76.11513850647242,36.796054773106924],[-76.115316758275924,36.796020678243664],[-76.115395327625635,36.796005571963562],[-76.115805872981838,36.79588087094627],[-76.116307467981983,36.795680162544635],[-76.116744339365894,36.795421237902012],[-76.117063564685253,36.795196738532468],[-76.117216874764921,36.795086050681149],[-76.117350622232607,36.79498914194086],[-76.117412598800698,36.79493671451732],[-76.117624231101857,36.794737642340884],[-76.117715526884183,36.794639184378646],[-76.117801880135801,36.794549116910282],[-76.117965730148683,36.794384488223969],[-76.11805241128539,36.794295910975819],[-76.118163531987747,36.79418840356908],[-76.118336828684122,36.794003525408918],[-76.119024164742314,36.793235729768703],[-76.120672933513092,36.791579246032732],[-76.121647144760644,36.790573523067458],[-76.12170235162472,36.79051452739337],[-76.121763120857068,36.790451329665004],[-76.121826350574963,36.790392496481118],[-76.121886916788057,36.790333609297058],[-76.121928136883184,36.790295786832516],[-76.121996792425406,36.790234920502179],[-76.122062517663167,36.790182566081548],[-76.122128409089257,36.79012378664644],[-76.122196797831833,36.790072530677413],[-76.122251365993776,36.790034979298888],[-76.122308596762196,36.789997481857142],[-76.122371086268316,36.789962261309121],[-76.122460877372546,36.78990822473569],[-76.122507018438796,36.789883415365381],[-76.122569541182557,36.789848194764936],[-76.122634526208543,36.789819427209956],[-76.122707632902987,36.78978656479017],[-76.122764461226168,36.789761943864704],[-76.122846870873715,36.789730328150334],[-76.123045496467867,36.789651693473388],[-76.123187211992146,36.789603034247371],[-76.123282821484466,36.789578059314593],[-76.123371498677741,36.789557380674196],[-76.123479088102684,36.789531646032195],[-76.123573060864558,36.789514233490316],[-76.123669729470592,36.789496877058205],[-76.123798455355868,36.789479041496477],[-76.123937830768824,36.789460405948631],[-76.124101069927292,36.789447638610177],[-76.12486361294107,36.789393261393393],[-76.12507411336496,36.789375267537565],[-76.127882671846251,36.789124191226186],[-76.128784446542539,36.789106341908862],[-76.132743731631436,36.788717394676404],[-76.135358428284505,36.78856053466901],[-76.139707786124262,36.788226196561126],[-76.139819446714071,36.78821760309124],[-76.143142088574578,36.787921484263769],[-76.143657599376795,36.787815784456519],[-76.144731606265864,36.787682525498901],[-76.146136161738454,36.787385216109051],[-76.149777072212558,36.786688711258201],[-76.152347602296388,36.786224907155415],[-76.15275169774884,36.786147930066306],[-76.153237447365683,36.786028431824107],[-76.154223512781684,36.785864494197746],[-76.155175762915476,36.785705367139158],[-76.156816496256056,36.785433228534103],[-76.157541133059752,36.785372966273378],[-76.158782415237908,36.785295643713148],[-76.159763447393374,36.785294853760035],[-76.160492034987712,36.785324200729761],[-76.160068181988891,36.784839990479426],[-76.159076379931477,36.783707570355361],[-76.15893858735005,36.783522170473802],[-76.158861908954009,36.783419025893238],[-76.158786251942473,36.78328388004374],[-76.158753182261933,36.783222357745387],[-76.158673314846638,36.782975339223519],[-76.158655669239508,36.782794946526302],[-76.158703209880969,36.782355972401561],[-76.158709143253432,36.782014045507232],[-76.158711117750414,36.78189574306851],[-76.158680015380355,36.781573019263128],[-76.158766110815492,36.781554196885565],[-76.158712681717333,36.780988875150193],[-76.158498509878882,36.780425658798478],[-76.158208221091442,36.779884221116241],[-76.157689426946874,36.779058722100871],[-76.157202147499106,36.777963774582688],[-76.156864996298239,36.777253719672927],[-76.156317266520048,36.776241358077172],[-76.155096990546539,36.773757696675929],[-76.153882036192755,36.771479033808433],[-76.153454176707768,36.770711298147994],[-76.15319871111231,36.770361518979257],[-76.152812697848205,36.76992527573654],[-76.15239702939995,36.769511707346574],[-76.152173945375523,36.769237084758011],[-76.151846114195763,36.768792716565784],[-76.151001090567547,36.767662609657719],[-76.150477846169068,36.766986090744091],[-76.149826918829348,36.766129993897522],[-76.149587920251378,36.765622144820988],[-76.149311470909211,36.764829430126788],[-76.149149932261551,36.764248647979755],[-76.148889247454321,36.763693765962344],[-76.148055569548148,36.762573205770181],[-76.14758936637358,36.762112009180164],[-76.146870334158919,36.761632386282109],[-76.146339495403012,36.761434771284634],[-76.144918290554955,36.761132187783488],[-76.142710802915104,36.760472002698727],[-76.142487145765557,36.760118799347879],[-76.142411338735371,36.760138660453954],[-76.142219200774178,36.760257862246824],[-76.142066322784203,36.760364647193839],[-76.141798080450471,36.760490707907081],[-76.141712089219894,36.760531166153818],[-76.141449812597955,36.760683859013469],[-76.14111267397351,36.760874870035281],[-76.140747685778635,36.761081846563464],[-76.140508073651318,36.761211625369889],[-76.140346122676945,36.761302042918231],[-76.140100804450952,36.761460994661661],[-76.139842699605211,36.761628178374934],[-76.139268308727722,36.762018163379231],[-76.138887805729553,36.762257572064847],[-76.138713121136021,36.76240758362475],[-76.13775171267794,36.763065782350289],[-76.137006846712325,36.763424642272703],[-76.136320443105419,36.763835875129296],[-76.134932107613594,36.76458882263065],[-76.1342557202221,36.764937067957021],[-76.133786379232248,36.765148649990174],[-76.1333457870264,36.765378901632907],[-76.132639381531391,36.76569497801853],[-76.132060021173729,36.765952991307508],[-76.131757637469306,36.766096747833124],[-76.131606475261506,36.766163591845114],[-76.131419442426093,36.76618976395099],[-76.131208825221208,36.766175606734684],[-76.130788097461263,36.766127162164423],[-76.130529728510822,36.766052047437242],[-76.130283617970747,36.765977016113425],[-76.130078213689444,36.765893739922348],[-76.129959001861351,36.765840049791663],[-76.12986087708623,36.765809850515879],[-76.129717981175688,36.765785244196209],[-76.129600958541943,36.765793745909768],[-76.129501172781858,36.765820633454183],[-76.129425606500163,36.765854356752875],[-76.129331800824943,36.765929224840932],[-76.129132947058707,36.766113079058194],[-76.128738917228986,36.766506178815597],[-76.12845165217081,36.766789378993423],[-76.128183170885208,36.767044041653968],[-76.127955872863822,36.767207399225917],[-76.127878019471396,36.767256351163098],[-76.127581800904778,36.767398532885878],[-76.127309624848422,36.767483338062846],[-76.126957391832264,36.76754486004095],[-76.126615944887703,36.767585799585902],[-76.126299531295189,36.767614675513073],[-76.125979394185791,36.767658833849147],[-76.125467247574321,36.767807355322489],[-76.12513128574291,36.767923422087172],[-76.12453340122579,36.76808832422509],[-76.123954430736958,36.768221117124895],[-76.123493572538322,36.768315686455551],[-76.123377163453924,36.768324467815489],[-76.123409244987656,36.768462581068199],[-76.12342214030356,36.76854265654692],[-76.1234145252849,36.768646302561223],[-76.123366426789644,36.76896865119005],[-76.123340503207174,36.769220785140938],[-76.123356544423217,36.769401152936773],[-76.123390451333606,36.769667521194961],[-76.123418136512342,36.769881726041348],[-76.123417510386588,36.77006870747573],[-76.123374430778838,36.770359424979624],[-76.123289387270873,36.770712072420622],[-76.123194873723193,36.771075903404125],[-76.123109980233906,36.77140404593257],[-76.123044840697716,36.771749211470834],[-76.12304679992333,36.772001881713607],[-76.123026074891413,36.77229192700522],[-76.122998964634462,36.772570988452948],[-76.122952762482768,36.772959178623658],[-76.122848616300303,36.773316384030906],[-76.122813983551154,36.77343539048794],[-76.12275078078271,36.773645473980281],[-76.122668109725424,36.773875219446104],[-76.122617681000335,36.774015446101465],[-76.122549483598902,36.77420501359601],[-76.122453039571681,36.774473220161596],[-76.122399847628785,36.774712601474739],[-76.122354649793564,36.774985637283599],[-76.122232924479306,36.775452523557931],[-76.122227567825263,36.775623582420181],[-76.122219500954003,36.776195253311379],[-76.122218204685069,36.776316254158083],[-76.122196859815602,36.776442727562369],[-76.122142083244498,36.776747852461519],[-76.122080766938154,36.776982645453913],[-76.121962731004771,36.777303219947619],[-76.121891319431271,36.777446976778108],[-76.121714545356383,36.777897004175678],[-76.121676031885215,36.777991451485413],[-76.121594127090873,36.778192115566455],[-76.121551584675657,36.778296316951113],[-76.121456289593667,36.778529762593209],[-76.121430349841546,36.778650181269015],[-76.121403428230778,36.778811791609755],[-76.121388566502731,36.778916581428334],[-76.121359780887758,36.779152885933172],[-76.121352224259581,36.779349425659845],[-76.121358984082107,36.779529385412708],[-76.121396827410081,36.779745280869058],[-76.121435364237456,36.779916131570225],[-76.121495025847054,36.780121369484476],[-76.121557171298392,36.780288742031331],[-76.121616213968764,36.780439593938112],[-76.121683813092204,36.78057902505892],[-76.121756706885947,36.780729310875095],[-76.121571095185317,36.780909501941231],[-76.120467256143954,36.781811911461809],[-76.119516320245438,36.782702069267089],[-76.118402551226964,36.783652078934011],[-76.118202556600295,36.783854203809227],[-76.11785861862748,36.784127686214241],[-76.117239466495988,36.784622233039656],[-76.116599897454734,36.785202137809186],[-76.116313587305697,36.785488188434343],[-76.115720516860165,36.786004810432978],[-76.11461627088201,36.786996563739777],[-76.113452161173299,36.788181363745473],[-76.112512026617779,36.789127447281899],[-76.112284604628854,36.789377869639864],[-76.111921272029036,36.789684377538237],[-76.111228380789157,36.790386380866181],[-76.110624527865269,36.790972464051713],[-76.110130352949383,36.791560777893899],[-76.109912328236661,36.791899664511789],[-76.109742432561916,36.792259147696029],[-76.109399926503656,36.793066363338042],[-76.108605895742556,36.794784302806107]]]},"properties":{"OBJECTID":33,"PATROL_ZONE":"424","PRECINCT":4,"SHAPE.area":13770289.647159681,"SHAPE.len":17243.519198733436}},{"type":"Feature","id":22,"geometry":{"type":"Polygon","coordinates":[[[-76.164366643979591,36.858703561758404],[-76.164471368677098,36.858746884136714],[-76.164623204621378,36.858815897007041],[-76.164812493126476,36.858891122021305],[-76.165075465942735,36.859017319614836],[-76.166047762880396,36.85945348739164],[-76.166250009583464,36.859541056304366],[-76.167160946197313,36.859960554099999],[-76.167580030938623,36.860128339348591],[-76.167801007515365,36.860173965930322],[-76.168022187111347,36.860214102004882],[-76.168290868721257,36.860266169908847],[-76.168487250323835,36.86033331411501],[-76.168686374482974,36.860422493437675],[-76.168851210846043,36.860513738316527],[-76.16924303800667,36.860790956740765],[-76.16949560563701,36.86092243247419],[-76.169796130727093,36.861052112580381],[-76.170143087039278,36.861897544171377],[-76.171317246201056,36.863444865393994],[-76.171409482519493,36.86334440579143],[-76.171538672833762,36.863203165448631],[-76.17168609086346,36.863065198598477],[-76.171819228375099,36.862940713206442],[-76.171904008676663,36.862866645721382],[-76.171994776249605,36.862786584047342],[-76.172027233279124,36.862756612016838],[-76.172091107089088,36.862695740053162],[-76.1721998643239,36.862608647673589],[-76.172237009660904,36.862578723727673],[-76.172536153142104,36.862332028790128],[-76.172603670518839,36.862273352908645],[-76.172714638507586,36.862172604275962],[-76.172780064606357,36.862111158304138],[-76.172857958422952,36.86202761720353],[-76.172952635464014,36.861934047612571],[-76.173048067089908,36.861832565429914],[-76.173167184594902,36.861713006356133],[-76.173249040880208,36.861634938667805],[-76.173339821927883,36.861549350820148],[-76.173374566966444,36.861516578128253],[-76.173408986814877,36.861483832734059],[-76.173470889721088,36.861425018204741],[-76.173604853682789,36.861294009075081],[-76.173742957081302,36.861161821715129],[-76.173781431026597,36.861124372050135],[-76.173878386195241,36.861029860528227],[-76.173937054268109,36.860977515712449],[-76.173992852223677,36.860930005801897],[-76.174072835521628,36.860863670699331],[-76.17413674885745,36.860787005838496],[-76.174176235204087,36.860744125203226],[-76.174210302912925,36.860707399103383],[-76.174269310548993,36.860645389180561],[-76.174304489473826,36.860604988117601],[-76.174371362758521,36.860536371451346],[-76.174501304962675,36.86040762195892],[-76.174545404158295,36.860368926344712],[-76.174618063491749,36.860306885241343],[-76.17472877995219,36.8602141523169],[-76.174939863382704,36.860020501780006],[-76.175039114645202,36.859917328002865],[-76.175078051222883,36.859876998429641],[-76.175173869124336,36.859777835788194],[-76.175343680357443,36.859557794544187],[-76.175404216926125,36.859491605594307],[-76.175486887983411,36.859387203476295],[-76.175656208736356,36.859180169101101],[-76.175720997929602,36.859090427700679],[-76.175810264417692,36.8589667602456],[-76.175922480166349,36.858806438890191],[-76.175951819143521,36.858758083090436],[-76.175994197167071,36.858657025788744],[-76.176099169799585,36.858506308565694],[-76.176125952171475,36.858463758717733],[-76.176291860224666,36.858194957183834],[-76.176417830976973,36.858003698608748],[-76.176561604541547,36.857785387358184],[-76.176612248862327,36.857711015150628],[-76.176643061076575,36.857664999682875],[-76.17676953847868,36.857459216332103],[-76.176929294868799,36.857168866078993],[-76.177171956776505,36.856570478180885],[-76.177801868030159,36.854354405185695],[-76.177851329269686,36.854377563429672],[-76.178027345166456,36.853474744683105],[-76.178342317861265,36.85239586860731],[-76.17872704833114,36.851461402447427],[-76.179424372756969,36.850008460194687],[-76.18075966093464,36.848556190490662],[-76.18315246832266,36.845912466772525],[-76.183048138883862,36.845905683441345],[-76.182615608159409,36.845916601038596],[-76.181967311985161,36.845933945400319],[-76.181406769536068,36.845931121649052],[-76.179851463284081,36.84592787879204],[-76.178273541046494,36.845948758590573],[-76.178185428893528,36.845949900886829],[-76.176307316637448,36.845877999449925],[-76.176229978877998,36.845875039828677],[-76.174860748755634,36.845775626104924],[-76.173474579101978,36.845529723773858],[-76.172469950000604,36.845292795195604],[-76.171623645374808,36.845023253619672],[-76.170931176343089,36.844863907304912],[-76.170198092680764,36.844580115093315],[-76.169529536801917,36.844311337344962],[-76.169130796206858,36.844160583928002],[-76.168242854667639,36.84379949686312],[-76.167556483400091,36.843442407339573],[-76.16689061438224,36.843085776247314],[-76.165212565923085,36.84207433221448],[-76.164124598316192,36.841440012456481],[-76.16260399757688,36.840532511677921],[-76.1594799444796,36.838663155715324],[-76.159188501357036,36.838483664897318],[-76.159055679154051,36.838990025229783],[-76.158843498880586,36.839747592434321],[-76.158816539540595,36.839848591338011],[-76.158619793222016,36.840588579443441],[-76.158513765967342,36.840925204445426],[-76.158343333998388,36.841470514062614],[-76.158262949153496,36.841749151677874],[-76.158191006675651,36.841975756117513],[-76.158144520656307,36.842121067353723],[-76.158079280508829,36.842273000931563],[-76.158015610616417,36.842453063016769],[-76.157944768574794,36.842643973008428],[-76.157818357648026,36.842973894515914],[-76.157728907005293,36.843213886336784],[-76.157626746099609,36.843514563400781],[-76.157550420741487,36.843689235854789],[-76.157492240453806,36.843832023380877],[-76.157425961853818,36.843961388850651],[-76.157283232131604,36.844251750450077],[-76.157145441346799,36.844507263432256],[-76.157000731737654,36.844765384407239],[-76.156847746848157,36.845070047343036],[-76.156708572657806,36.845313772216805],[-76.156639447296698,36.845448914273561],[-76.15656022217685,36.845587866160066],[-76.156491934045576,36.845698989243033],[-76.156290171534451,36.846060012703411],[-76.156067500735077,36.846482078255697],[-76.155984715591771,36.846671105530326],[-76.155929277860636,36.846804597539411],[-76.15583239096398,36.847063644567321],[-76.155776985572203,36.847197218560609],[-76.155674630630415,36.847487791438731],[-76.155580831243398,36.847792222118102],[-76.155533843065825,36.84798784095986],[-76.155521007937054,36.848035395577078],[-76.155500291888274,36.848099621184609],[-76.155228197578609,36.849070910465926],[-76.155218496671864,36.849123715591375],[-76.155210488191102,36.849165543165427],[-76.155146119409423,36.849464521199288],[-76.15513766626259,36.849503504839952],[-76.155112758674704,36.849618043924579],[-76.15506828847488,36.849899841345177],[-76.155021319161932,36.850088835729309],[-76.154986407935041,36.850238315179851],[-76.154964547432613,36.850354920535985],[-76.154900016055848,36.85054359103853],[-76.154878381030557,36.850638495790662],[-76.154825916723027,36.850868069975007],[-76.15470648301104,36.851192633074753],[-76.154578313182938,36.851526554617635],[-76.154513232037246,36.851675459073341],[-76.154414495509414,36.85184577982492],[-76.154343675027363,36.852003333945582],[-76.154221776338247,36.85221294819307],[-76.15408740633805,36.85247086057452],[-76.153983613193489,36.852627755691408],[-76.153907015645856,36.852794095690911],[-76.153865540429194,36.852890444618019],[-76.153819598788928,36.852968654218969],[-76.156125716057076,36.851958823127951],[-76.160988067619613,36.852253248025981],[-76.160849747727113,36.853541302559584],[-76.157909704634321,36.85459380637441],[-76.157122946633763,36.854490145114866],[-76.157043527477796,36.854657955311389],[-76.157499938117468,36.85531146275558],[-76.157667495477511,36.85560053918681],[-76.157734996684596,36.855683210394389],[-76.157919915784149,36.855830810065854],[-76.158119404659303,36.855813303347752],[-76.158431993225349,36.856215443640515],[-76.164162082318057,36.858680235198335],[-76.164268076335048,36.858682342595998],[-76.164366643979591,36.858703561758404]]]},"properties":{"OBJECTID":22,"PATROL_ZONE":"325","PRECINCT":3,"SHAPE.area":5471182.3322584499,"SHAPE.len":11486.301853200839}},{"type":"Feature","id":26,"geometry":{"type":"Polygon","coordinates":[[[-76.096102191403972,36.89529517076172],[-76.103001047071828,36.900437184693132],[-76.111591300163937,36.9030180721712],[-76.112327456064534,36.907041369901471],[-76.113977592071194,36.906791449729248],[-76.114703844944103,36.906640847596627],[-76.114988417751377,36.906581850911664],[-76.115368953987215,36.906505540812461],[-76.116123724777125,36.906354148693687],[-76.116690293125131,36.906237723624351],[-76.117625829204741,36.906044948310353],[-76.118283789454807,36.905916871729183],[-76.119816978286195,36.905612958535315],[-76.121093832851273,36.905338647486509],[-76.122097456737833,36.90515064385874],[-76.122951378178925,36.904967654374985],[-76.1240965316385,36.904718342295489],[-76.125010244046592,36.904550640629417],[-76.125852526016544,36.904383797714637],[-76.126073861021084,36.904341644079686],[-76.127147775383676,36.90413905446119],[-76.1282303602854,36.903931918700394],[-76.128623782853964,36.903862722471999],[-76.129004505041053,36.903830391033743],[-76.129323701614339,36.903756393371744],[-76.129572471167663,36.903730598726547],[-76.129761691400788,36.903716510762166],[-76.129811361049462,36.903713296935962],[-76.130102022637743,36.903711605259389],[-76.130340749026189,36.903719234684537],[-76.130644454152389,36.903728175068181],[-76.130818938421584,36.903739439978843],[-76.131045907659598,36.90376424978578],[-76.131135899986432,36.903774100292608],[-76.132091357105779,36.903902031776028],[-76.132219015792501,36.903926150494762],[-76.132969957064361,36.904014243087452],[-76.133652260760329,36.90410981627015],[-76.134739206982744,36.904247420209174],[-76.135411958892277,36.904334549152921],[-76.13551099635572,36.904348410011551],[-76.13558840418375,36.904359240242229],[-76.136289098190204,36.904473603706805],[-76.136425931370923,36.904495945823143],[-76.136696711445325,36.904526283623781],[-76.137007225801383,36.904567625448415],[-76.137398869705692,36.904621175910883],[-76.137510046103557,36.904636378549142],[-76.137728149868039,36.904668566699186],[-76.137846538839327,36.904685900597819],[-76.138296186961526,36.904747447363349],[-76.138567522194762,36.904904958470631],[-76.140511030905245,36.905158459184953],[-76.140813244828067,36.9050764427556],[-76.140999442230267,36.905195738567357],[-76.144360478086014,36.905664585333248],[-76.144560629019523,36.905613592090141],[-76.144674333276612,36.905701097307585],[-76.146812481756314,36.90597213154728],[-76.146977539104924,36.905906410932602],[-76.146865348509095,36.905553426627947],[-76.146807152051736,36.905372418514027],[-76.146747877616022,36.905237513175983],[-76.146640274716347,36.904992537051399],[-76.146569069755358,36.904832005574789],[-76.146493900528995,36.904662547853782],[-76.14643709286706,36.904533048820937],[-76.146220595290316,36.904039747431035],[-76.145849705164025,36.903106395681014],[-76.14575196307122,36.902861932793549],[-76.145639210130028,36.902632664976899],[-76.145579512587801,36.902480062662761],[-76.145556769939759,36.902422054796517],[-76.145399172201266,36.901984508902039],[-76.145357636797485,36.90187561913551],[-76.145282057939369,36.901677661375878],[-76.145238910957943,36.90156394526791],[-76.145212478929039,36.901494124078383],[-76.145128879013754,36.901213577245635],[-76.145107031986043,36.901119236729997],[-76.145061022073804,36.9009207152504],[-76.145013268531613,36.900705318207123],[-76.144989398497898,36.900597539359993],[-76.144967731133235,36.900414046158261],[-76.144917390443041,36.899966705997691],[-76.144890361932752,36.899734609155793],[-76.144877250122875,36.899621919580028],[-76.144803998799674,36.898992958149016],[-76.144702239440917,36.898179495841966],[-76.14464571834155,36.897720662704657],[-76.144782076313476,36.897693503950457],[-76.14487280256391,36.897675773348453],[-76.145275971853323,36.897596812816275],[-76.146223714240989,36.897395920813892],[-76.146320849072652,36.897375322315284],[-76.146451306011485,36.897347656970503],[-76.146619485005715,36.897312026778977],[-76.146725492497453,36.897289558995382],[-76.146815204549924,36.897271161629277],[-76.146915447552487,36.897250741977324],[-76.147003620790898,36.897232822334544],[-76.147071906227211,36.89721889337261],[-76.147519737057607,36.897127563026622],[-76.151181398614753,36.896410872016531],[-76.151620649635845,36.89632487556846],[-76.152837856066057,36.896086579303343],[-76.153193541307843,36.896016972216287],[-76.154192888315336,36.895792332656114],[-76.154809508994362,36.895626265871314],[-76.155022332461584,36.895568951808663],[-76.155523074062188,36.895434083737598],[-76.1572552388307,36.894842416774843],[-76.157972423210836,36.894597323222172],[-76.158314734334681,36.894495895209559],[-76.158971058752599,36.894301268311175],[-76.159039182492194,36.894232314797911],[-76.159233814176588,36.894035088683893],[-76.159313227044322,36.893954854208211],[-76.160213073057704,36.893456981311964],[-76.160504301482916,36.89329581633708],[-76.161309503692891,36.892036064784435],[-76.16114363875883,36.890120261191434],[-76.161082747355621,36.889417563377499],[-76.16068947839895,36.889157715848448],[-76.159673394879405,36.888486487109319],[-76.158495776305458,36.887707282981779],[-76.1583739387018,36.887593075449516],[-76.156068520322933,36.885431428799251],[-76.154596420524129,36.884819867032391],[-76.153458987186099,36.884347287407735],[-76.152969851818952,36.884194540035665],[-76.152417949366281,36.884022169597493],[-76.151737252756362,36.883807548289305],[-76.151131353470277,36.883617134863449],[-76.150668557605556,36.883720918994591],[-76.148631050082102,36.884174965455095],[-76.146560012042343,36.883570256243459],[-76.145302569172244,36.882179008741069],[-76.143418960124947,36.880094944424449],[-76.142037771629518,36.878866602091087],[-76.141028443440888,36.878525367829845],[-76.140896059615784,36.878486237314377],[-76.140408562775718,36.878345488443898],[-76.139991879231189,36.878217837481131],[-76.139719825345693,36.8781451558472],[-76.139489728173885,36.878073289008476],[-76.139225488733047,36.877976516254314],[-76.139104063456102,36.877919922607333],[-76.139022022117842,36.877866003463012],[-76.138935633831892,36.877804538495113],[-76.138833592402165,36.877724033303025],[-76.138709570994038,36.877602053051689],[-76.138610034067284,36.877514166386909],[-76.138003016378661,36.876855923626771],[-76.137913840620413,36.876734656983842],[-76.137887312471747,36.876689312636387],[-76.137879812437447,36.876633126194044],[-76.1378720096709,36.876584421662699],[-76.137864344346568,36.876531874082076],[-76.137866195774365,36.876472427998017],[-76.137858244785789,36.876430927955575],[-76.137864541975944,36.876375161699002],[-76.137858459483141,36.876274335370276],[-76.137802859156949,36.876269367023397],[-76.137700949779543,36.876256108276024],[-76.137566953478498,36.876231020773758],[-76.137493083216057,36.876214589432585],[-76.137400874745396,36.876190714901739],[-76.137282630402865,36.876087092280279],[-76.137237160378149,36.87604383937672],[-76.137157726849139,36.875962290365685],[-76.137083993130616,36.875885525679244],[-76.137016102054702,36.875808908227974],[-76.136919690366838,36.875708168820566],[-76.136874365869176,36.875660220383118],[-76.136789495736068,36.875564412524184],[-76.136733182147552,36.87549272434412],[-76.136625961930179,36.875363552365535],[-76.136535867195391,36.87524884562584],[-76.136435364579725,36.875091207204903],[-76.136225257617909,36.874793124197488],[-76.136067467639933,36.874872112628474],[-76.135812160147992,36.874984566390708],[-76.135585293317931,36.87502940010426],[-76.135436963498222,36.875092285828551],[-76.135243962256041,36.875180125696687],[-76.135060774210061,36.875232899129756],[-76.134515072827782,36.87539433146906],[-76.134316249604254,36.875405327493354],[-76.133992291061674,36.875406867454004],[-76.133937446218638,36.875407123275743],[-76.13361823886558,36.875403249300923],[-76.133203789431136,36.875389501036224],[-76.13248016053717,36.875350317174778],[-76.132228955651115,36.875348153467343],[-76.132164492546323,36.87534539835125],[-76.131737411900687,36.875327076898579],[-76.131272758319966,36.875315071946815],[-76.13106617455071,36.875313667081322],[-76.130996846170362,36.8753128191318],[-76.130687163654258,36.875308991861324],[-76.130522976773136,36.875305680546333],[-76.130340411259624,36.875288470042094],[-76.13028070473429,36.875279422129942],[-76.130154182416405,36.875254253823428],[-76.130037313394567,36.875227278943044],[-76.129669744339864,36.87513191679345],[-76.129586991535902,36.875328972568347],[-76.129498641329391,36.87553896549516],[-76.129464271786631,36.875619350110114],[-76.129447573003787,36.875658246394394],[-76.129426498527238,36.875697989885452],[-76.129378794392395,36.875787185049184],[-76.129312361282174,36.87591938662888],[-76.129282735742436,36.875976815328542],[-76.129212447961336,36.876066286106862],[-76.129178420676695,36.876111609985017],[-76.129114419305964,36.876191892675664],[-76.129014808717358,36.876298811336497],[-76.128953791550003,36.876378332842314],[-76.128887353049919,36.876455393811341],[-76.128854176469844,36.876492741107988],[-76.128799067522095,36.876556589974683],[-76.128775804749495,36.876598658352982],[-76.128716989352895,36.876742603128505],[-76.128699650071297,36.876787709591888],[-76.128675514136233,36.876879223799058],[-76.128669762223467,36.87692350955637],[-76.1286649032361,36.877035848917586],[-76.12866572699123,36.877161123343313],[-76.128675068571852,36.87721564156525],[-76.128709996866732,36.877344750769218],[-76.128743723215763,36.877452831199037],[-76.128834904013729,36.877625441381625],[-76.128943484280441,36.877872157358468],[-76.129013461244426,36.878026769147233],[-76.129101993808945,36.878222322101024],[-76.129137162852331,36.878302519218529],[-76.129151938342119,36.878342758585966],[-76.129177106441432,36.878407409988355],[-76.129193000333757,36.878493454645422],[-76.129193445898139,36.878540522491967],[-76.129180471530475,36.878645987072261],[-76.129136235790938,36.878767315351475],[-76.129068255781817,36.87895457199042],[-76.129045911985756,36.879018934011164],[-76.129019498821464,36.879085439459388],[-76.128961950049415,36.879154716355522],[-76.128878888224989,36.879220121563286],[-76.12883115624237,36.879239326634817],[-76.128746501704924,36.879257527148781],[-76.128382166585268,36.879282676171947],[-76.127395123802216,36.87934848222843],[-76.126731600285595,36.879406528469318],[-76.126510576996466,36.879416501401266],[-76.126250419500295,36.879422908824331],[-76.125845420342642,36.879409230265232],[-76.125331135740808,36.879390594338311],[-76.124930679363558,36.879385274816862],[-76.124878962454346,36.879389284398094],[-76.124478131479606,36.879420497328198],[-76.124134653444202,36.879432536844185],[-76.124102506333443,36.879571611619276],[-76.124079128576497,36.879749562377768],[-76.124071744424853,36.87980098751094],[-76.124058193338797,36.879878662268098],[-76.124036808943444,36.879916970039815],[-76.123912357242332,36.879927142664243],[-76.123851732638741,36.879929571389795],[-76.123783755324553,36.879930366114777],[-76.123676641108389,36.879930978326037],[-76.123614323180504,36.87992987965108],[-76.123531447307329,36.879924462443327],[-76.123473777262731,36.87992114917283],[-76.123420912306571,36.879915711126252],[-76.123322478511,36.879902831692057],[-76.12325929281053,36.879893217384122],[-76.123174673307403,36.879881244766651],[-76.123070995147216,36.879865677918055],[-76.122972758980978,36.879846846654537],[-76.122855603396573,36.879821970150978],[-76.122761267715333,36.879797952317396],[-76.122710429358463,36.879784329154553],[-76.122601804176,36.879752524998679],[-76.122552282749325,36.879738891767886],[-76.122472274298559,36.879719063112049],[-76.122395348865837,36.879704503651503],[-76.122343949960225,36.879696696497092],[-76.122219809076142,36.879681655596954],[-76.122085375295569,36.87967301706599],[-76.122026901258792,36.87967306592811],[-76.121937667110032,36.879677727946927],[-76.121873295633392,36.879686615817711],[-76.12181491861466,36.879696337935663],[-76.121723989344972,36.879716447554237],[-76.121673581281129,36.879727002479164],[-76.121562049150384,36.879743695338902],[-76.121497474654518,36.879751588715621],[-76.1214109408415,36.879755535044389],[-76.118842124743253,36.879033936957818],[-76.118485248335361,36.879263949675028],[-76.117389361180926,36.879970514086224],[-76.114502128247054,36.883090839993841],[-76.113255700518977,36.884438694837925],[-76.112067875286783,36.88572350958114],[-76.111979806252961,36.885653151547729],[-76.111534503281788,36.885296886263127],[-76.108702187056167,36.883022402317408],[-76.108685040014038,36.883060372240827],[-76.108667450102445,36.883098643208612],[-76.10673730652681,36.888710704871698],[-76.105085063970805,36.889803829777804],[-76.102405165797776,36.891576743528397],[-76.100142623109107,36.893071606294384],[-76.099002119329441,36.893699309703969],[-76.096102191403972,36.89529517076172]]]},"properties":{"OBJECTID":26,"PATROL_ZONE":"329","PRECINCT":3,"SHAPE.area":18695076.526837122,"SHAPE.len":20518.043158100121}},{"type":"Feature","id":3,"geometry":{"type":"Polygon","coordinates":[[[-75.96188812885724,36.800025753692367],[-75.965157322754976,36.811983505295153],[-75.965719058166741,36.814471906173232],[-75.981420283419794,36.792442876899493],[-75.984818706259361,36.791443688696461],[-75.985921511339811,36.791526585351775],[-75.988478967342985,36.791640614866495],[-75.990743219525626,36.791703889307684],[-75.992705074529127,36.791997749037591],[-75.993321317915729,36.792307295913041],[-75.995349749759882,36.793822706192032],[-75.996264819522366,36.79402838092313],[-75.996845313553905,36.79412797266928],[-75.997390426539667,36.794204413728259],[-75.997564687128389,36.794230495691949],[-75.997727852625005,36.794256340256851],[-75.997918331397855,36.79429617498198],[-75.998157324585932,36.794360201840774],[-75.998439550993695,36.794494424637435],[-75.998557385704459,36.794549167265515],[-75.99867462213723,36.794623157765024],[-75.998825636123016,36.794708858637854],[-75.998942475500442,36.794793832143718],[-75.999261999958804,36.795056358562846],[-75.999771507319977,36.795573097323292],[-76.000331472152325,36.79611291856402],[-76.001255728086903,36.797116948143639],[-76.00249217732879,36.798397013666609],[-76.002716915151623,36.798632729397724],[-76.002849150754713,36.7987703118485],[-76.00312036651205,36.799048256892746],[-76.003444402309739,36.799382331977988],[-76.003734932743996,36.799696459803933],[-76.003966143826773,36.799943300697436],[-76.004111049268616,36.800111347817499],[-76.004266208979445,36.800282386164945],[-76.004460450795008,36.800715440587979],[-76.004515330672348,36.800812827612148],[-76.004633858882514,36.801161789512221],[-76.004701998791759,36.801479401499421],[-76.004894037938243,36.802085642067368],[-76.005539881711769,36.802294832787787],[-76.012282475435924,36.802443604351843],[-76.013028788587448,36.802962425225594],[-76.020485161178499,36.799706362572749],[-76.022730975439941,36.797603192046495],[-76.022727448654123,36.797384658752541],[-76.027915140368179,36.795742510004956],[-76.027606118113809,36.794179873352576],[-76.03081406307885,36.793704711170065],[-76.03316750898604,36.793356112388103],[-76.033699427516922,36.793077151794336],[-76.033831147487021,36.793008070974118],[-76.038085457281525,36.788085240511734],[-76.038952770806887,36.784519310812307],[-76.025934617474761,36.782429771784876],[-76.021880060660095,36.781220677920281],[-76.019975063624202,36.780560550671247],[-76.011302881483218,36.777703653948265],[-76.00630479897282,36.775173655363091],[-76.006015952879736,36.774914487291781],[-76.005908742543824,36.774848959042082],[-76.005821288855984,36.774805858262106],[-76.005628865230548,36.774733050268367],[-76.005214965565074,36.774639019879082],[-76.005075685373541,36.77461405086261],[-76.004862569953843,36.774546255059718],[-76.00466982203659,36.774484388279241],[-76.004487005893125,36.774431071134011],[-76.004169796393256,36.774358412450724],[-76.004112377876922,36.774346388769665],[-76.003693320983402,36.774246461185612],[-76.002764193485035,36.774023202884543],[-76.00091786811528,36.773629217754269],[-76.000653220839325,36.773571334422911],[-75.999968475522422,36.773400050796184],[-75.998647779578235,36.773132681643446],[-75.997941843003787,36.77298287383325],[-75.996808613781297,36.772730527749609],[-75.996238215915227,36.772616626960819],[-75.995735145881383,36.772429920858698],[-75.995535729769784,36.772362442612767],[-75.995363618849552,36.772295519095458],[-75.99512789912238,36.772188701830721],[-75.994952828253275,36.772108004852576],[-75.994748128251175,36.77199370233717],[-75.994570677744889,36.771882661476802],[-75.994296270273367,36.771706341370773],[-75.994142587392872,36.771598581360301],[-75.993956820283699,36.771429635550781],[-75.993813993543426,36.771302860287747],[-75.993681274646718,36.771181811231287],[-75.993559737978657,36.771033468274162],[-75.993458060366592,36.7709048113677],[-75.993369457733493,36.770792904710603],[-75.993310315350115,36.770720190769119],[-75.993254801262211,36.770642058284949],[-75.99320703873687,36.770536533251473],[-75.993169117255462,36.770442250177098],[-75.993128650846842,36.770323157040906],[-75.99307664288348,36.770137821208849],[-75.993068162787182,36.769980903743928],[-75.993071246703565,36.769887510121599],[-75.993074874998996,36.769777601728542],[-75.993104258891933,36.769613265226909],[-75.993138495484061,36.769506758688408],[-75.993176558000954,36.769389329965271],[-75.993207034245273,36.769293760998679],[-75.993234387047366,36.76918988199008],[-75.993254660226697,36.769094081783471],[-75.993271865659338,36.768987211125555],[-75.993287093001726,36.768836310055669],[-75.993287217867547,36.76872907419984],[-75.993286797455994,36.768638353819519],[-75.991469386160276,36.767281744990704],[-75.991412815653575,36.767218364030832],[-75.990710588222925,36.766452994289914],[-75.990565444727537,36.766355427582376],[-75.990514623438656,36.766264150281771],[-75.990374370371654,36.766111613177252],[-75.990106638281006,36.765820521191863],[-75.989351348264861,36.765092927083167],[-75.989181963731497,36.764929736280635],[-75.988720422813259,36.764524010955085],[-75.988427072567333,36.764255077286649],[-75.98839347377907,36.764224544910647],[-75.987912286705566,36.763854458616272],[-75.987806705015274,36.763800021501432],[-75.98767162534601,36.763729839852786],[-75.987538161745931,36.763657852537065],[-75.986987305830553,36.76345821261949],[-75.98693876266924,36.763440317743864],[-75.986785491217134,36.763377173973055],[-75.973012295803883,36.761261068352979],[-75.972756090894961,36.761723463990137],[-75.972547890158182,36.761820832205167],[-75.971818841728123,36.762072298060197],[-75.971770951642,36.762159536555728],[-75.971773228871243,36.762287385560683],[-75.971945297570656,36.762568711489727],[-75.97196945057371,36.76261149026422],[-75.971961693621211,36.762759335678474],[-75.971957781458158,36.762972273076521],[-75.972192672040336,36.763268415611037],[-75.972257839424302,36.763447644525051],[-75.972177763599888,36.763774723673492],[-75.972010156832496,36.763950145187877],[-75.971961860707864,36.764000676671031],[-75.971859121287139,36.7642206696218],[-75.971806812388138,36.764293224208643],[-75.971748873747259,36.764371792789547],[-75.971696043825403,36.764461022799765],[-75.971641487341572,36.764553229145562],[-75.971591048734993,36.764649965521286],[-75.971589572802984,36.764702824580631],[-75.971587602797555,36.764775318261606],[-75.971586116984085,36.764830211655216],[-75.971582086243401,36.76497690065171],[-75.97147826614939,36.76520057102023],[-75.971387330591497,36.765550056374124],[-75.971010755926073,36.766136518757108],[-75.97096156687607,36.766463960641865],[-75.970868045068457,36.766915628480994],[-75.970814439002197,36.767138814648924],[-75.970676854829918,36.767410168344753],[-75.970457497915632,36.767558891791637],[-75.970396320848138,36.767628955517537],[-75.970368023916706,36.76766134313916],[-75.970332114661531,36.767844273540497],[-75.970218918850904,36.767889368677523],[-75.970088761051059,36.76782553486477],[-75.96999372827716,36.767814968811422],[-75.969884634174093,36.767857401405024],[-75.969829147035639,36.767867812736121],[-75.969734574199165,36.767956778179602],[-75.969757898057196,36.768016253928074],[-75.969654026759201,36.768109987326113],[-75.969594679559961,36.768254247131125],[-75.969577179479913,36.768296677322766],[-75.969508951535772,36.768462506948829],[-75.969342370644426,36.768679381291896],[-75.969216154652059,36.76873339613423],[-75.969147113732589,36.768830325846785],[-75.969050852961686,36.769027643302074],[-75.968924252490382,36.769077803004421],[-75.968760266831893,36.769048766437898],[-75.968494862276145,36.769106399165203],[-75.968379498830743,36.769189278246962],[-75.968245810651823,36.769349847847579],[-75.968157720956754,36.769227519860138],[-75.968338263464233,36.768842959895643],[-75.968333595818038,36.76862854634058],[-75.968228024907532,36.768603683307163],[-75.96826720223369,36.768573530454844],[-75.968374809624947,36.768493566547164],[-75.968360854297003,36.768282300295724],[-75.968349026179652,36.768236046821883],[-75.968298822033375,36.768064427451463],[-75.968304045736758,36.767616818521404],[-75.968334306385429,36.767233632142975],[-75.968424101082903,36.766872749201717],[-75.968445461223737,36.766694039224163],[-75.968582945683011,36.766437138089231],[-75.968586897371949,36.766356609206767],[-75.968536060811715,36.766264923879667],[-75.968338052360153,36.766012980985522],[-75.968131164960326,36.765900397933471],[-75.968027084354887,36.765816081073979],[-75.967885331999668,36.765816895695316],[-75.9678006684791,36.765878482337833],[-75.967523724165204,36.766033596174772],[-75.967417506467697,36.766029649014477],[-75.967361854039211,36.766046717152946],[-75.967222048333241,36.766079287508674],[-75.967131829630929,36.766184522909924],[-75.967006998840731,36.766196088749297],[-75.966896836640814,36.76615796292338],[-75.966455580579989,36.766122936513192],[-75.966329720320473,36.766137719814814],[-75.965927184343357,36.766266679766957],[-75.965844514184383,36.766276955304818],[-75.96580171844424,36.766305281211267],[-75.965664569954882,36.766692161730532],[-75.96530731535627,36.767307076203252],[-75.965106086444422,36.767547732739693],[-75.964970491142182,36.767775271438701],[-75.964963592080792,36.767860188458343],[-75.964867444497614,36.767965871891406],[-75.964745027480589,36.768100386307303],[-75.964613118864264,36.768287999583023],[-75.96446895363421,36.768423307878493],[-75.964218117955738,36.768989580050068],[-75.964018430552912,36.769308142873221],[-75.963978534574522,36.769333869914369],[-75.963641067166677,36.769571475483701],[-75.963511984650253,36.769650676217005],[-75.963282172244377,36.769748318606496],[-75.963147201271241,36.769818828638023],[-75.963053846550309,36.769907247806394],[-75.962990765952711,36.769975159967863],[-75.962823012759955,36.770254664479744],[-75.962811045403726,36.770380795286592],[-75.962777142086594,36.770495956514218],[-75.962706765372289,36.770834025295414],[-75.962706692608734,36.77087455652002],[-75.96266522188364,36.771117413849794],[-75.962640895505757,36.771163092799831],[-75.962609573048439,36.771357266891108],[-75.96261691408094,36.771410350152635],[-75.962579851388938,36.771687336676543],[-75.962092871080159,36.771956701927117],[-75.961866465984173,36.772117154918149],[-75.961819522722351,36.772265801595502],[-75.961606288725051,36.772321360265281],[-75.961535861705087,36.772540029806628],[-75.961392257023775,36.772624666674943],[-75.961374764130255,36.77257789413482],[-75.961359534092907,36.772509661912601],[-75.961298688503774,36.772496919093662],[-75.96115279042354,36.772567733852469],[-75.96112458332361,36.772650321366228],[-75.960922923220423,36.772702000579706],[-75.960861525167388,36.77267749433264],[-75.960613662912522,36.772618051702125],[-75.960376383709999,36.772695068285074],[-75.960096580058561,36.772646506227161],[-75.959965064006013,36.772726855808045],[-75.959891473119626,36.772555021265021],[-75.959688059505012,36.772457857364699],[-75.959541328686498,36.772443772542942],[-75.959282143167471,36.77230931755588],[-75.959064297219484,36.772215774940541],[-75.958929351399192,36.772108333696558],[-75.958837288455612,36.772058916415929],[-75.95871077152762,36.771967455937641],[-75.958397882924288,36.771828543075763],[-75.958277513167772,36.771819594456389],[-75.958248069986027,36.771858950816139],[-75.958034295202921,36.772169366973174],[-75.957915672669657,36.772275684164036],[-75.957771481388448,36.772279593585196],[-75.957725608020155,36.772205292962354],[-75.95778343347331,36.772088893041733],[-75.95787363151436,36.771982867018608],[-75.957885037423523,36.771789078764286],[-75.957884288228584,36.771653357615591],[-75.958030087494137,36.771324908174606],[-75.958116405711465,36.771014374904624],[-75.958251792604571,36.770896908193897],[-75.958253040364497,36.77081373736803],[-75.958343030894724,36.770769911857343],[-75.958552471306589,36.770572554991013],[-75.958628108555189,36.770399305948381],[-75.958647152839205,36.770345287962087],[-75.958644696845212,36.770299638027893],[-75.958689537150946,36.770087577288272],[-75.958664838870519,36.77001120787645],[-75.9587086838429,36.769905275405385],[-75.958680570167772,36.769801485735172],[-75.958711915981297,36.769760568960955],[-75.958751675415783,36.769628917845196],[-75.95877796461258,36.769513868291753],[-75.958822344980859,36.769405452525746],[-75.958823608012153,36.769353325659736],[-75.958892940884098,36.769161231170912],[-75.959129672114287,36.768859618674192],[-75.959146382575213,36.768823103922145],[-75.959260260207145,36.768656646862119],[-75.959477296773045,36.768506574846064],[-75.959554279697954,36.768453372998032],[-75.959539186204537,36.768251206070737],[-75.959372428345105,36.768110214722491],[-75.959339470055639,36.767903046316711],[-75.959394020251267,36.767705766985316],[-75.959485066301937,36.767426136604207],[-75.959528407319453,36.767215784203849],[-75.959356245195252,36.766828542198361],[-75.959340498626631,36.766741406882595],[-75.959428642220644,36.766636155694258],[-75.959460701296479,36.766596749878133],[-75.959512696683447,36.766520683549025],[-75.959722822509875,36.766441211882366],[-75.960080906253495,36.7663530744083],[-75.960154834008108,36.766284968337956],[-75.960274750115374,36.766241707304133],[-75.960298682132859,36.765978510062439],[-75.960394157776207,36.765437594980149],[-75.9604901355778,36.765243164099999],[-75.960499584956267,36.765072934127176],[-75.960422763728104,36.764705812528348],[-75.960368309652225,36.764329612301538],[-75.960453553484484,36.763800510862772],[-75.960547728367288,36.763723198205113],[-75.960609835191079,36.763560181522074],[-75.960640242265129,36.763483163679481],[-75.960729501566703,36.76334145182728],[-75.960909101741464,36.763207993432545],[-75.960933895243315,36.76316988555174],[-75.961020919536452,36.763065891737966],[-75.961063258034116,36.763018369961692],[-75.96126829220951,36.762850844562692],[-75.961305724109067,36.762812575300948],[-75.961361454690987,36.762726065843296],[-75.961594642965707,36.762530426254607],[-75.961876859491994,36.762071579114576],[-75.96188880169538,36.762031383638693],[-75.961908651768226,36.761981438825202],[-75.961971558092614,36.761885394281791],[-75.962064495096953,36.761775549984151],[-75.962351493355513,36.761311286391404],[-75.962567247127183,36.761047540388432],[-75.962765799957808,36.760798753410612],[-75.962644068355345,36.76071165874221],[-75.962461572910428,36.760581046420896],[-75.961297173045878,36.76006856325624],[-75.951582313659685,36.760625558571135],[-75.948916779548057,36.760778249803543],[-75.951270312591845,36.766780668700143],[-75.955224734201792,36.779491569846705],[-75.958365481590292,36.789297944699584],[-75.96188812885724,36.800025753692367]]]},"properties":{"OBJECTID":3,"PATROL_ZONE":"123","PRECINCT":1,"SHAPE.area":33460360.540195841,"SHAPE.len":35351.761217297833}},{"type":"Feature","id":15,"geometry":{"type":"Polygon","coordinates":[[[-75.976180530741786,36.859649113767844],[-75.976754432037453,36.861611274480573],[-75.977026807519806,36.862542336308614],[-75.97730664890048,36.863500470755326],[-75.977591013298621,36.864473977751359],[-75.977870903188318,36.86543211169414],[-75.978147549261521,36.866379018538481],[-75.978428312313682,36.867340122597696],[-75.978704079834557,36.868284029074999],[-75.979463335912683,36.870882702029434],[-75.981045814405405,36.870602212292383],[-75.98207752681428,36.870419525176125],[-75.982327408481922,36.8703999916209],[-75.982056360709549,36.869368200875634],[-75.981631145864753,36.867825689656286],[-75.981500424821249,36.867339332053781],[-75.981364605838493,36.866860318429396],[-75.981233489536237,36.866377694720086],[-75.98110185310945,36.865897423108919],[-75.980977740971497,36.86540277818343],[-75.980852189732445,36.864926786046226],[-75.980722396648602,36.864440563792783],[-75.980602677272387,36.864041793675746],[-75.980606043259755,36.863952349061229],[-75.980473160869664,36.86347067652693],[-75.980325196664268,36.862990190433308],[-75.98020917834701,36.862515693301141],[-75.980063982749328,36.862026089910231],[-75.979923527561397,36.861551314392536],[-75.979814032809713,36.861074072100791],[-75.979537847572246,36.860100910630614],[-75.979273596453325,36.859124873253805],[-75.981189480172162,36.858783143986869],[-75.982039942201098,36.858640302445544],[-75.981906618738208,36.858151363519035],[-75.981870875671362,36.858033851475568],[-75.981789929379431,36.857764862269164],[-75.981786853547902,36.857702264163692],[-75.981804353627936,36.857587989479633],[-75.981907793734592,36.857161870990041],[-75.982028843515749,36.85657653747564],[-75.982209898062976,36.855818029356996],[-75.982223283859014,36.855768993133367],[-75.982232087348791,36.855696643783318],[-75.982228685428822,36.855529758790148],[-75.982339801639583,36.855482277838391],[-75.982394668042176,36.855453235930135],[-75.982446184627079,36.855394513796227],[-75.982489282201158,36.855316449716412],[-75.982577660255444,36.85519120847254],[-75.982622323593048,36.855137330070356],[-75.982657753147862,36.855100512146045],[-75.982697844060681,36.855069402129018],[-75.982764552953668,36.855030741907953],[-75.982821623821991,36.85500948866143],[-75.982877869138562,36.854995115690087],[-75.982950734186204,36.854984834801819],[-75.983036582584631,36.854976491058125],[-75.983132548708127,36.854974075915031],[-75.983213534525945,36.854976010185894],[-75.983298389387684,36.854978274382447],[-75.983355283287878,36.854976013779869],[-75.983480745593724,36.854963943095214],[-75.983544281637137,36.854954940935116],[-75.983589623202789,36.854938993078193],[-75.983656752507343,36.854909393898787],[-75.983703820634972,36.854879162888459],[-75.983752909971983,36.854836332847945],[-75.983799692435355,36.854792755237362],[-75.983952909988517,36.854603843643403],[-75.984489995628905,36.853889312442256],[-75.985085010028712,36.853056038639302],[-75.985484728889119,36.852972312969136],[-75.986252307858351,36.852839125004877],[-75.9866966226827,36.852768858159124],[-75.98707766556835,36.851680669106663],[-75.987007574518316,36.851400605589753],[-75.986730128944501,36.850293543416051],[-75.986469062353251,36.849326956541816],[-75.986460601121578,36.849149481241703],[-75.986452817219657,36.848986656390245],[-75.986411098559543,36.848942598847813],[-75.986376491861535,36.848906047508436],[-75.986330087588911,36.848845935839385],[-75.986291422302457,36.848769851257053],[-75.986248577154967,36.848618902476559],[-75.986233532170601,36.848554785852009],[-75.98618880056101,36.848365573456839],[-75.985912596458931,36.847401851320591],[-75.98559723928517,36.846221894153977],[-75.985393793331198,36.845530490101439],[-75.985368933354039,36.845445771320747],[-75.985244940691985,36.844950088946142],[-75.985109020199616,36.844459151636428],[-75.984977566130837,36.843986169196548],[-75.984851557649293,36.84350367709213],[-75.984705964996252,36.843016937528219],[-75.984578408717482,36.84254716975753],[-75.984449742121029,36.842056304727876],[-75.984335992049864,36.841595020763606],[-75.984096979997176,36.840703252662713],[-75.983858089217037,36.839814180234832],[-75.98362545430453,36.838928317618944],[-75.983465638625589,36.838384496791022],[-75.983295896562765,36.837719829547389],[-75.981328630107981,36.837703324499927],[-75.98124181871556,36.837371421812598],[-75.981177961075275,36.837171813622753],[-75.981158391276821,36.837118832725544],[-75.980985870724808,36.83644452679907],[-75.980804736227554,36.835783746001205],[-75.980618470553409,36.835113925520446],[-75.980441752174073,36.834445958470852],[-75.980260539523371,36.833764101135017],[-75.980079482281241,36.833092111006735],[-75.979894624267118,36.832433622914024],[-75.979705464221112,36.831803238151934],[-75.979625368633762,36.831811794375518],[-75.979459497411497,36.831128479840302],[-75.979507857316477,36.831099816950427],[-75.979354980224812,36.830401998384382],[-75.979338443138744,36.830454341846306],[-75.978318808578877,36.830625684860458],[-75.978294502862241,36.830584691277004],[-75.978124359252476,36.830806695431605],[-75.977508406021713,36.830892020024947],[-75.97581821772981,36.831765121961624],[-75.973957651367854,36.83212337112294],[-75.973525988415957,36.831567009068216],[-75.972633117820777,36.830416250149746],[-75.971395576227479,36.830426448058866],[-75.971248460930042,36.830427620785947],[-75.970217250679426,36.829727793590202],[-75.968910134567381,36.829585202631129],[-75.968248497512846,36.830207756789036],[-75.968514578500006,36.831252857417034],[-75.968759875166441,36.832216289833283],[-75.968885954614876,36.832711514773585],[-75.968995037039818,36.833135321355201],[-75.969245557409621,36.834108535632993],[-75.969489694351026,36.835057049203009],[-75.969738981333933,36.836025592323359],[-75.969989517873415,36.83699886041768],[-75.970483163681621,36.838916549951577],[-75.970743010360707,36.83992592783472],[-75.970981376524705,36.840851782070175],[-75.971255156972163,36.841915283855698],[-75.971560970444344,36.843103089619319],[-75.971667933743532,36.843518548265237],[-75.971722818112454,36.843724233992091],[-75.971980131542423,36.844688548119372],[-75.97224051990564,36.845664358638437],[-75.972497879149699,36.846628699338154],[-75.973030695097535,36.848625359208079],[-75.973540895958095,36.8505370963708],[-75.97375743575563,36.851348394350175],[-75.974127059257398,36.852614111869215],[-75.974476038575588,36.853809127792374],[-75.974776905025493,36.854839351782225],[-75.975054145783432,36.85578864399713],[-75.975332928948717,36.85674321748845],[-75.975618285985234,36.857720295867637],[-75.975890731536182,36.858653024463116],[-75.976180530741786,36.859649113767844]]]},"properties":{"OBJECTID":15,"PATROL_ZONE":"227","PRECINCT":2,"SHAPE.area":5575279.3945507202,"SHAPE.len":14100.960184097612}},{"type":"Feature","id":21,"geometry":{"type":"Polygon","coordinates":[[[-76.108702187056167,36.883022402317408],[-76.111534503281788,36.885296886263127],[-76.111979806252961,36.885653151547729],[-76.112067875286783,36.88572350958114],[-76.113255700518977,36.884438694837925],[-76.114502128247054,36.883090839993841],[-76.117389361180926,36.879970514086224],[-76.118485248335361,36.879263949675028],[-76.118842124743253,36.879033936957818],[-76.1214109408415,36.879755535044389],[-76.121497474654518,36.879751588715621],[-76.121562049150384,36.879743695338902],[-76.121673581281129,36.879727002479164],[-76.121723989344972,36.879716447554237],[-76.12181491861466,36.879696337935663],[-76.121873295633392,36.879686615817711],[-76.121937667110032,36.879677727946927],[-76.122026901258792,36.87967306592811],[-76.122085375295569,36.87967301706599],[-76.122219809076142,36.879681655596954],[-76.122343949960225,36.879696696497092],[-76.122395348865837,36.879704503651503],[-76.122472274298559,36.879719063112049],[-76.122552282749325,36.879738891767886],[-76.122601804176,36.879752524998679],[-76.122710429358463,36.879784329154553],[-76.122761267715333,36.879797952317396],[-76.122855603396573,36.879821970150978],[-76.122972758980978,36.879846846654537],[-76.123070995147216,36.879865677918055],[-76.123174673307403,36.879881244766651],[-76.12325929281053,36.879893217384122],[-76.123322478511,36.879902831692057],[-76.123420912306571,36.879915711126252],[-76.123473777262731,36.87992114917283],[-76.123531447307329,36.879924462443327],[-76.123614323180504,36.87992987965108],[-76.123676641108389,36.879930978326037],[-76.123783755324553,36.879930366114777],[-76.123851732638741,36.879929571389795],[-76.123912357242332,36.879927142664243],[-76.124036808943444,36.879916970039815],[-76.124058193338797,36.879878662268098],[-76.124071744424853,36.87980098751094],[-76.124079128576497,36.879749562377768],[-76.124102506333443,36.879571611619276],[-76.124134653444202,36.879432536844185],[-76.124478131479606,36.879420497328198],[-76.124878962454346,36.879389284398094],[-76.124930679363558,36.879385274816862],[-76.125331135740808,36.879390594338311],[-76.125845420342642,36.879409230265232],[-76.126250419500295,36.879422908824331],[-76.126510576996466,36.879416501401266],[-76.126731600285595,36.879406528469318],[-76.127395123802216,36.87934848222843],[-76.128382166585268,36.879282676171947],[-76.128746501704924,36.879257527148781],[-76.12883115624237,36.879239326634817],[-76.128878888224989,36.879220121563286],[-76.128961950049415,36.879154716355522],[-76.129019498821464,36.879085439459388],[-76.129045911985756,36.879018934011164],[-76.129068255781817,36.87895457199042],[-76.129136235790938,36.878767315351475],[-76.129180471530475,36.878645987072261],[-76.129193445898139,36.878540522491967],[-76.129193000333757,36.878493454645422],[-76.129177106441432,36.878407409988355],[-76.129151938342119,36.878342758585966],[-76.129137162852331,36.878302519218529],[-76.129101993808945,36.878222322101024],[-76.129013461244426,36.878026769147233],[-76.128943484280441,36.877872157358468],[-76.128834904013729,36.877625441381625],[-76.128743723215763,36.877452831199037],[-76.128709996866732,36.877344750769218],[-76.128675068571852,36.87721564156525],[-76.12866572699123,36.877161123343313],[-76.1286649032361,36.877035848917586],[-76.128669762223467,36.87692350955637],[-76.128675514136233,36.876879223799058],[-76.128699650071297,36.876787709591888],[-76.128716989352895,36.876742603128505],[-76.128775804749495,36.876598658352982],[-76.128799067522095,36.876556589974683],[-76.128854176469844,36.876492741107988],[-76.128887353049919,36.876455393811341],[-76.128953791550003,36.876378332842314],[-76.129014808717358,36.876298811336497],[-76.129114419305964,36.876191892675664],[-76.129178420676695,36.876111609985017],[-76.129212447961336,36.876066286106862],[-76.129282735742436,36.875976815328542],[-76.129312361282174,36.87591938662888],[-76.129378794392395,36.875787185049184],[-76.129426498527238,36.875697989885452],[-76.129447573003787,36.875658246394394],[-76.129464271786631,36.875619350110114],[-76.129498641329391,36.87553896549516],[-76.129586991535902,36.875328972568347],[-76.129669744339864,36.87513191679345],[-76.130037313394567,36.875227278943044],[-76.130154182416405,36.875254253823428],[-76.13028070473429,36.875279422129942],[-76.130340411259624,36.875288470042094],[-76.130522976773136,36.875305680546333],[-76.130687163654258,36.875308991861324],[-76.130996846170362,36.8753128191318],[-76.13106617455071,36.875313667081322],[-76.131272758319966,36.875315071946815],[-76.131737411900687,36.875327076898579],[-76.132164492546323,36.87534539835125],[-76.132228955651115,36.875348153467343],[-76.13248016053717,36.875350317174778],[-76.133203789431136,36.875389501036224],[-76.13361823886558,36.875403249300923],[-76.133937446218638,36.875407123275743],[-76.133992291061674,36.875406867454004],[-76.134316249604254,36.875405327493354],[-76.134515072827782,36.87539433146906],[-76.135060774210061,36.875232899129756],[-76.135243962256041,36.875180125696687],[-76.135436963498222,36.875092285828551],[-76.135585293317931,36.87502940010426],[-76.135812160147992,36.874984566390708],[-76.136067467639933,36.874872112628474],[-76.136225257617909,36.874793124197488],[-76.138115358789776,36.873943170053074],[-76.138816401342581,36.873628279142807],[-76.1390252353916,36.873542992176844],[-76.140470787278815,36.872953194291476],[-76.142505495651861,36.872097214788383],[-76.142776473355624,36.871987890731958],[-76.143074332245973,36.871869268837109],[-76.143228551420691,36.871807880249037],[-76.143391497728388,36.871741912470291],[-76.144205077626694,36.871412599483641],[-76.144388263876067,36.871341156774534],[-76.14451322761694,36.871292422279105],[-76.14497300514229,36.871111652709899],[-76.145184838666054,36.87102836506952],[-76.145932685241775,36.870732917286254],[-76.146838348744922,36.870379820620158],[-76.146971262576031,36.870331478611952],[-76.147278815186596,36.87021393571208],[-76.147610189321867,36.870062400461904],[-76.147567580431314,36.86998525039813],[-76.147377234609124,36.869680315938041],[-76.14719939064075,36.869376951245265],[-76.147088057936017,36.869203690721108],[-76.146932187657811,36.868966951943044],[-76.146855236173934,36.868798568052028],[-76.146834636906163,36.868751494920772],[-76.14677659136575,36.868620072903248],[-76.146732790410809,36.868499872620305],[-76.146697209939049,36.86840124004577],[-76.146659768158017,36.868266770993948],[-76.146615254839034,36.868072539337909],[-76.146590627525526,36.867909699459283],[-76.146548666320285,36.867634358882569],[-76.14646226366132,36.867164734479651],[-76.146383920687086,36.866659142160572],[-76.146272270877049,36.865769116019806],[-76.146090554271481,36.864711848750304],[-76.145799772308962,36.862677347288162],[-76.145382693505709,36.859832639540137],[-76.145266719205893,36.859147005828845],[-76.144842099944128,36.85725929400585],[-76.144800425301469,36.857070155625692],[-76.144611048761476,36.857099107791754],[-76.144539812359454,36.857114347207052],[-76.144492832266721,36.857124381269969],[-76.144381749293629,36.857156812991192],[-76.144223190357778,36.85719597096444],[-76.144003172283448,36.857263257309583],[-76.143937015854348,36.85728794781042],[-76.143858939679731,36.8573254884829],[-76.143811256206135,36.857346994811344],[-76.143742462323374,36.857383716057171],[-76.143674314329274,36.857418687800106],[-76.143063937839827,36.857720834223954],[-76.142477523910557,36.858019418696763],[-76.142425886053076,36.858046682127359],[-76.142300318644345,36.858114094944632],[-76.142253719437292,36.858143281031928],[-76.142126436246357,36.858216597676112],[-76.142078527295638,36.858245220214968],[-76.141994958821385,36.858295442243715],[-76.141797695971519,36.85843673406422],[-76.141730629549031,36.858493983278969],[-76.141655523204776,36.858559891339382],[-76.141542659770778,36.858667888376935],[-76.141495869222567,36.858706388631653],[-76.14141463816469,36.858773251736814],[-76.141309644870915,36.858882698203359],[-76.141194045168575,36.858999498812011],[-76.141156139856847,36.859037615084866],[-76.141061317288717,36.859133032543745],[-76.140946571884228,36.859248498765382],[-76.140884909726481,36.859163798780223],[-76.140696862693105,36.858904260156592],[-76.138832447948488,36.859026203420768],[-76.136852420026784,36.858994680280162],[-76.136301154479625,36.85898606025355],[-76.133987310801729,36.858949901125449],[-76.133705690756784,36.858944800119652],[-76.133817624434457,36.858356887689816],[-76.133845919569268,36.858208860201749],[-76.133854570345449,36.858165583519231],[-76.133885026826846,36.858013464455944],[-76.133750082803189,36.857706639297895],[-76.133560944316756,36.857810408322635],[-76.133369454040889,36.857915803771483],[-76.133128649849198,36.858380920890227],[-76.132932803642532,36.858755905975478],[-76.132803990620673,36.85873367912999],[-76.132054874725469,36.858600369671905],[-76.1308450165143,36.85768797363815],[-76.130806233548526,36.857657669693751],[-76.130763363248235,36.857624178721522],[-76.130060306672576,36.856371830082189],[-76.129064077717445,36.855527222908307],[-76.12728715438989,36.855152982462748],[-76.126043544676875,36.854890456570828],[-76.125171824915057,36.854706537969307],[-76.124597124118779,36.855066558589037],[-76.122657671301837,36.856282038663423],[-76.119399603937211,36.858323616246189],[-76.115999759962875,36.860757628857705],[-76.116011074243872,36.861079690453828],[-76.116017734353392,36.861270308845626],[-76.116136015526848,36.864638876846065],[-76.116165584472739,36.865480016243218],[-76.113213807585709,36.866492723815384],[-76.110645310389373,36.868633060602384],[-76.108680323858792,36.871310649120552],[-76.10838821867786,36.874979722278454],[-76.108702187056167,36.883022402317408]]]},"properties":{"OBJECTID":21,"PATROL_ZONE":"328","PRECINCT":3,"SHAPE.area":10556603.384220161,"SHAPE.len":15211.107556393394}},{"type":"Feature","id":10,"geometry":{"type":"Polygon","coordinates":[[[-76.056892264472992,36.854969427483248],[-76.058436216918096,36.855872089131772],[-76.063406679826784,36.856356914688462],[-76.063446958487475,36.854972796464246],[-76.06302255122813,36.854779351160161],[-76.062714120963534,36.854627867960751],[-76.06248354409135,36.854514596433361],[-76.062052253940294,36.854304676538582],[-76.061640141023915,36.854007163663105],[-76.061441786720977,36.85368029364907],[-76.06141659526547,36.853638667654224],[-76.061400931341865,36.853160285517106],[-76.061398824792533,36.852996639699981],[-76.061396315797936,36.85279501505282],[-76.061405175881575,36.852519430246168],[-76.061426091356338,36.852427670495118],[-76.061479404571827,36.852193849900516],[-76.061503441692196,36.851800298505324],[-76.061510491670546,36.851684197092631],[-76.061496152761976,36.851512344164661],[-76.061443250076579,36.85087895667278],[-76.061333678968111,36.850372221479475],[-76.06129246965277,36.850241818791872],[-76.06123427319541,36.850057638849634],[-76.061122310771651,36.849800782930316],[-76.06100140292429,36.849523395251758],[-76.060717476005721,36.849102429073191],[-76.060663173745098,36.849006099093756],[-76.060524182811079,36.848759560905265],[-76.060469784430751,36.848543958488058],[-76.060428560742338,36.848380626992281],[-76.060394154368652,36.847976602328629],[-76.060402197883704,36.847861524515686],[-76.06042136523692,36.847587072822257],[-76.060331298349908,36.846982339231744],[-76.060246750711983,36.846668345066966],[-76.06017806103381,36.846413113915908],[-76.060034640507112,36.846046246937838],[-76.059871088734909,36.845628246405518],[-76.059788954870157,36.845348873848657],[-76.059778304444151,36.845230962552492],[-76.059767327929706,36.845109361754986],[-76.059877751539361,36.844366664756414],[-76.059907102194643,36.844169162492818],[-76.059995657217058,36.843900315723594],[-76.060010153330779,36.843856169701453],[-76.060007735066037,36.843778823520239],[-76.060001994831367,36.843604991664421],[-76.059974689640001,36.843521257081534],[-76.059932139139931,36.843390799574742],[-76.059856950150646,36.84314639639657],[-76.059840943968908,36.843096656864191],[-76.059760947196239,36.842871008297053],[-76.059716871356812,36.842763487862769],[-76.059673021892849,36.842656412281634],[-76.059598099703209,36.842564200001249],[-76.059567666578005,36.842526764229419],[-76.059417403583808,36.842373943300629],[-76.059248304714743,36.84224295687374],[-76.059088901362514,36.84219522970939],[-76.058984482092214,36.842163990068663],[-76.05886812421177,36.842147393959401],[-76.058768182144817,36.84213318607663],[-76.058615824279372,36.842092803266546],[-76.058563680670389,36.842079114429431],[-76.058485149049957,36.842080236653956],[-76.058204200944829,36.842084711892348],[-76.05800621764611,36.842088067062924],[-76.057891912416096,36.842090018194803],[-76.057704127690783,36.842086112336425],[-76.057470617819206,36.842081255354834],[-76.057332236841262,36.842033866698181],[-76.057281660792441,36.842006563048606],[-76.057192217336251,36.841949270572506],[-76.057134037946852,36.841823417918206],[-76.057059748171184,36.841695747633437],[-76.057034377950927,36.841519198560569],[-76.057034792972601,36.841293442532972],[-76.05700565611636,36.840939311184265],[-76.057000983978554,36.840838131832896],[-76.056997011628368,36.840751323686099],[-76.056883500509073,36.840421895840301],[-76.056830914928966,36.840226949253932],[-76.056811907475861,36.840156423503934],[-76.056806726891637,36.840066801399502],[-76.056802494030009,36.839993367416092],[-76.05686258503431,36.839868753143023],[-76.056909506736545,36.839811784023993],[-76.056982390648812,36.839733072806489],[-76.057058843567688,36.839674094159101],[-76.0571415694222,36.839610300026024],[-76.057301965412819,36.839500671394404],[-76.057511439960649,36.83934080887601],[-76.057687386687164,36.839205210281044],[-76.057863632552625,36.839059217698605],[-76.057948116410159,36.838871766224848],[-76.058050531539081,36.838634832834451],[-76.058165683880389,36.838503957910554],[-76.058254695246958,36.838406754716459],[-76.058406144915665,36.838302028313251],[-76.058510577660684,36.838237572320693],[-76.058581130444793,36.838194048516385],[-76.058834999733975,36.838074616389761],[-76.059469845433469,36.837797466562655],[-76.05952637282104,36.837775988525287],[-76.059665104141942,36.837719204775631],[-76.059739082202228,36.837635881461317],[-76.05974160736649,36.837576540280594],[-76.059745216797296,36.837464308984536],[-76.05968721976592,36.837337034039415],[-76.059663497055894,36.837256258300059],[-76.059646042789922,36.83719690532147],[-76.059548601632756,36.837058156752015],[-76.057969611298276,36.837590805088524],[-76.056828248729218,36.838009689291958],[-76.056780848224918,36.838026315057235],[-76.055543190748963,36.838467170079966],[-76.053709086060337,36.839120447107618],[-76.05188227569181,36.839753185035363],[-76.050978071052683,36.840066370758777],[-76.049152978262981,36.840693196314398],[-76.048678944474091,36.84086131861465],[-76.048107237762636,36.84106905826355],[-76.046905148182049,36.841324407182611],[-76.046565117880704,36.841366786840794],[-76.046232469036042,36.841392834046133],[-76.046037350464758,36.841396998751257],[-76.04592454991284,36.841394642130659],[-76.045790955158736,36.841400092264998],[-76.045616614619988,36.841396448777274],[-76.045494083516914,36.841377402420626],[-76.044530669120775,36.841233524739238],[-76.044312687527196,36.841204225076268],[-76.044128350535942,36.841192127773802],[-76.04390670201937,36.841170979237319],[-76.04371131575013,36.841183405090582],[-76.04351925684071,36.841198619640785],[-76.043374967643132,36.841217609966009],[-76.043178157544162,36.841273964797814],[-76.043015986482558,36.841317321497584],[-76.042860309342132,36.841371804187006],[-76.042721392968289,36.841434879368677],[-76.042582714647992,36.841489762412415],[-76.042436220984698,36.841577438893566],[-76.042183403622715,36.841781034918483],[-76.041966376039966,36.841933225105691],[-76.041580830798125,36.842222049463508],[-76.038216403802181,36.842379822555074],[-76.036905325221412,36.842407307236904],[-76.036003237911416,36.84248185465075],[-76.035149737780202,36.842535433560109],[-76.034154075662002,36.842646508598783],[-76.032395158166025,36.842980740651974],[-76.029747760141646,36.843601445333164],[-76.027979308825564,36.844016518818989],[-76.024363104716713,36.844865524083218],[-76.022281942663696,36.845322045126842],[-76.020673607063856,36.845647878309677],[-76.020701478193871,36.845727650975398],[-76.020817416561059,36.846069464489865],[-76.020904798383697,36.84632655292048],[-76.020938979280245,36.846426272886674],[-76.021222868469607,36.847259350099279],[-76.021298891095469,36.847477242123688],[-76.02149960257772,36.848052655351779],[-76.021579914659071,36.848376845098173],[-76.021612898999663,36.848509919350683],[-76.021848811864629,36.84934907038862],[-76.021915253957985,36.84960286339755],[-76.021941470391241,36.849705570192711],[-76.021961486652401,36.849788268622234],[-76.021976191175284,36.849848873393988],[-76.022071662327065,36.850245972951292],[-76.022204074898241,36.850794322889982],[-76.022583091184615,36.852445963654965],[-76.022739169871954,36.853129358725766],[-76.022898964889649,36.853429987452579],[-76.023074835259337,36.853677075560086],[-76.0233313006797,36.853919708449844],[-76.023698737682039,36.854234935044865],[-76.02419406962801,36.854662649765054],[-76.024390833014607,36.854832365824393],[-76.024550098924578,36.854967248103904],[-76.024673399883852,36.855063290961802],[-76.024726344790068,36.855115112954344],[-76.024779519664989,36.855167187207364],[-76.024826188042312,36.855223835806171],[-76.024871605066451,36.855279002218538],[-76.025040689562488,36.855230361702503],[-76.026875364681331,36.854683015395807],[-76.026966265204919,36.854668535981375],[-76.027072653582337,36.854664182237109],[-76.027135518584231,36.854662401061823],[-76.027291401438859,36.854678857883513],[-76.027397772748273,36.854692307262454],[-76.027497846867561,36.854708563533912],[-76.027545453984345,36.854715995155949],[-76.027636865649356,36.854730008063513],[-76.027743451656136,36.854746319674163],[-76.02780329203047,36.854755492931965],[-76.027886676350079,36.854768265192988],[-76.027982894001866,36.854783808404243],[-76.028126590311331,36.854807000301378],[-76.028376439639615,36.854847262108187],[-76.028570205348089,36.854881562221024],[-76.028747793296603,36.854894846960626],[-76.028850162611434,36.854908581662478],[-76.028911990059186,36.854918208459289],[-76.029086199443924,36.85493415416412],[-76.029139283589004,36.854937716501986],[-76.029194604539157,36.854941527541996],[-76.02927160902361,36.854949513330673],[-76.029405467882412,36.854954087009247],[-76.029487949395175,36.854942083887686],[-76.029565383274345,36.85494124002485],[-76.029662379765469,36.854940230839603],[-76.029875196944488,36.854914510987413],[-76.030033347146883,36.854887613742982],[-76.030107698906306,36.854872225812244],[-76.030192048016545,36.854853777254789],[-76.030293025841004,36.854825146257888],[-76.03034361805949,36.854808964765795],[-76.030430467181162,36.854795157447882],[-76.030481090840681,36.854787127796627],[-76.030597908658549,36.854755362830133],[-76.03068770066109,36.854741988216972],[-76.030744119352505,36.854736030845658],[-76.030810350341767,36.854729056379092],[-76.030890266266084,36.854716023907763],[-76.031048692251275,36.854696426677862],[-76.03110091042042,36.854690888360665],[-76.031173730552297,36.854683118183566],[-76.031229858189562,36.854681949422343],[-76.032114842474869,36.854593394504199],[-76.033030663228928,36.854502732689411],[-76.034639770481604,36.854330454099866],[-76.035016761965323,36.854302676840049],[-76.035132927606284,36.854305115005879],[-76.035259343922959,36.854307768092539],[-76.035396010017024,36.854310636099903],[-76.035591822986021,36.854325103362576],[-76.035655230570356,36.854329785617118],[-76.039037393004961,36.854620507490949],[-76.041835985576469,36.85487968545133],[-76.042705461346699,36.854952831278261],[-76.042817822622467,36.854966172071329],[-76.042937440489055,36.854968674907305],[-76.043026541687155,36.854962296341178],[-76.043170175114568,36.854946424677841],[-76.043275852026255,36.854929650926032],[-76.043354757345881,36.854908744109757],[-76.043415205879654,36.854890747682141],[-76.043490987757025,36.854876534260647],[-76.043573441422012,36.854861086667761],[-76.043742335475201,36.854817910877223],[-76.04417431104082,36.854675829598563],[-76.045218865764994,36.854178765871637],[-76.045872307489176,36.853867827423777],[-76.046032793311312,36.853769521706745],[-76.046164669588293,36.853709083211776],[-76.04621568850655,36.853688746073715],[-76.046282434230463,36.853662087759979],[-76.046443740214457,36.853645661627986],[-76.046512359824078,36.853636119489906],[-76.046611939869933,36.853622263800176],[-76.047464990843523,36.853568644499788],[-76.048246290680424,36.853513493385513],[-76.048554476603258,36.853495391683687],[-76.048905390892585,36.853201448140446],[-76.056892264472992,36.854969427483248]]]},"properties":{"OBJECTID":10,"PATROL_ZONE":"222","PRECINCT":2,"SHAPE.area":7607296.2963308804,"SHAPE.len":13687.291727489304}},{"type":"Feature","id":18,"geometry":{"type":"Polygon","coordinates":[[[-76.091341042244721,36.86326374808484],[-76.092074201365534,36.864098827391764],[-76.095754546083981,36.864748910714894],[-76.097097328906045,36.867255238257158],[-76.103179641133451,36.86872656952756],[-76.10838821867786,36.874979722278454],[-76.108680323858792,36.871310649120552],[-76.110645310389373,36.868633060602384],[-76.113213807585709,36.866492723815384],[-76.116165584472739,36.865480016243218],[-76.116136015526848,36.864638876846065],[-76.116017734353392,36.861270308845626],[-76.116011074243872,36.861079690453828],[-76.115999759962875,36.860757628857705],[-76.115467124576398,36.860840029991621],[-76.114288654399573,36.861022340396858],[-76.112870852369795,36.859698042564816],[-76.111907188242014,36.858797946062346],[-76.108985803157665,36.857543380567613],[-76.106835248943909,36.857042755279842],[-76.105907369205468,36.856826767959646],[-76.104064109785782,36.855756121847243],[-76.103878693917892,36.855255152053019],[-76.103597906611199,36.85449649928136],[-76.103075724919691,36.854378553933536],[-76.102487833261804,36.854245801855555],[-76.101649199350206,36.853629724998811],[-76.099388858432306,36.85159163413099],[-76.09773048756945,36.849873533223132],[-76.096196946598468,36.849179979053773],[-76.096123674614006,36.84857149990021],[-76.096059436088026,36.847891277384512],[-76.095968212170931,36.846970534703729],[-76.095642607016416,36.844017005511319],[-76.095447139898809,36.842277460342665],[-76.095375149810252,36.841624965146394],[-76.095303753508091,36.840979679506063],[-76.095257695985168,36.840842057166014],[-76.097868437356055,36.84043100467548],[-76.097412163260316,36.839337381690953],[-76.09735350417057,36.839196058882393],[-76.097200018021127,36.838877367517249],[-76.096987040941997,36.838392966004633],[-76.096536647218102,36.838463425080811],[-76.09566063081428,36.838599241393879],[-76.093779680780216,36.838832220700645],[-76.09247890497744,36.838902298331966],[-76.091347188517901,36.838934808959145],[-76.090105038567202,36.838917496800264],[-76.089019597022869,36.838870075987515],[-76.087900291687291,36.838761049489698],[-76.086339261370284,36.838593191458443],[-76.084825426741702,36.838389300805197],[-76.083280535557108,36.838197005559117],[-76.082096906355602,36.838035207773203],[-76.078736310674344,36.837597985301983],[-76.078709831933025,36.837754511200849],[-76.078439252182932,36.839310410666727],[-76.076848642140249,36.841160588651512],[-76.075488915295296,36.841965199571753],[-76.073527704383864,36.843125658894699],[-76.07249232235705,36.843730942751392],[-76.072008670306388,36.844013490111671],[-76.071740989419709,36.84417009058518],[-76.071849862537206,36.844349039671137],[-76.071932193132994,36.844446906038307],[-76.071968365594543,36.844491614611158],[-76.072032044470092,36.844531395880679],[-76.072113505496674,36.844549592441936],[-76.072212313889736,36.844559851010253],[-76.072304992179269,36.844548029573737],[-76.072452241325706,36.844540082956335],[-76.072695314661814,36.844539584765116],[-76.072890006533314,36.844543609115171],[-76.073216735480258,36.844588854642481],[-76.074816969174563,36.844888394771161],[-76.074918665651253,36.844915250243922],[-76.07505063714963,36.844956441030007],[-76.075182136134188,36.845011358928438],[-76.075347944474402,36.845088508326036],[-76.07546784800526,36.845165623858207],[-76.075644434332219,36.845309448132902],[-76.076068355603013,36.845628613753433],[-76.07617502515312,36.845715987872993],[-76.076291930107544,36.84580082640705],[-76.076379667663034,36.845835608633202],[-76.076494505593999,36.845879217948337],[-76.07661980171153,36.845917521202104],[-76.07675600876648,36.845945032648601],[-76.076923056781766,36.845959469863907],[-76.077086918472745,36.845965598293105],[-76.077305509124088,36.845972855359044],[-76.077481581614734,36.84597769627814],[-76.077900044721829,36.845971381660732],[-76.078221177164551,36.845978031274903],[-76.079796560763157,36.845993942181906],[-76.080581421521828,36.846001678736116],[-76.080670717654328,36.84599731012068],[-76.08085716388986,36.845985572296172],[-76.080919940856859,36.846136358058807],[-76.081090583031624,36.846692068514891],[-76.081168860428846,36.846928180436109],[-76.081266369857985,36.847288108293505],[-76.081360362382796,36.847562103144845],[-76.081518385922735,36.847988419640764],[-76.081795178421331,36.848752432778156],[-76.081834141050152,36.848852503254662],[-76.081866903506878,36.848937911231374],[-76.081882886332423,36.848982420213609],[-76.081899088346887,36.849029680922037],[-76.081927485889651,36.849119066084967],[-76.081955757668268,36.849218668112314],[-76.081981108125603,36.84932016129315],[-76.081993380010687,36.849360967999331],[-76.082001360643659,36.849414131628045],[-76.082014276620811,36.849482970338556],[-76.082024972860921,36.849578534148996],[-76.082035798458392,36.849666842562989],[-76.082040776023376,36.849716646830316],[-76.082045688909673,36.849757686948394],[-76.082047713712342,36.84980677087762],[-76.0820517148086,36.849886092085377],[-76.08205337848851,36.849944373489137],[-76.082054045936772,36.849992084315204],[-76.082053877053482,36.850042414560725],[-76.082052368782129,36.85011118225939],[-76.082050355657572,36.850161474328146],[-76.082048017342899,36.85020371107175],[-76.082045388872388,36.850243275874661],[-76.082042175598602,36.850282966453527],[-76.082039633366335,36.850358415516652],[-76.082023718812778,36.850446887643052],[-76.08200414092947,36.850553774762695],[-76.081991990316922,36.850611753747302],[-76.081975053480562,36.850687611501883],[-76.081951824843955,36.85077686893078],[-76.081927491279529,36.850864797855301],[-76.081912096850516,36.850916584596234],[-76.08189137271691,36.850981665347717],[-76.081855907229496,36.851087153596978],[-76.08182955784558,36.851166027083856],[-76.081800579991153,36.851225307401329],[-76.08176364665654,36.851312467383998],[-76.081520158298801,36.851784311892686],[-76.081432481828742,36.851940323549911],[-76.081344913156528,36.85211441607612],[-76.081301201134806,36.852198633639055],[-76.081268069470497,36.852269688833523],[-76.081231260103422,36.852353829311923],[-76.081201598631054,36.852427373623897],[-76.081158852298259,36.852544018769954],[-76.081138701289802,36.852601772693696],[-76.081113896109855,36.852674175290105],[-76.081100861555086,36.852747362762329],[-76.081088905876967,36.852800638327366],[-76.081050324133827,36.852973031061737],[-76.081037958823941,36.853058102344555],[-76.081038241793266,36.853143928283011],[-76.081026781985173,36.853237547451798],[-76.08103121876438,36.853374504867958],[-76.081034635955717,36.853481755204427],[-76.081047360591697,36.853616646336491],[-76.081060713150094,36.853715748685481],[-76.081095659411289,36.853845327449172],[-76.081132855053937,36.853975089287651],[-76.081161182528092,36.854060268713077],[-76.08119134166715,36.854141639120201],[-76.08121674961663,36.85420257971424],[-76.081248490688893,36.854279339592431],[-76.081283859158262,36.85434958061056],[-76.081318855725101,36.854425088195512],[-76.081361219375566,36.85449679183175],[-76.081430139022487,36.854621382265549],[-76.081497662687454,36.854722177511668],[-76.081538114723017,36.854784197990803],[-76.081589271083487,36.854850422644382],[-76.081658220374806,36.854939762905424],[-76.081737332306943,36.855032059453755],[-76.081819861430404,36.855124426332239],[-76.081902868457604,36.855213643359825],[-76.08194234312613,36.855250587017927],[-76.081993633335586,36.855300795919888],[-76.082043819515562,36.855344909457479],[-76.082095223811081,36.855388362402806],[-76.082143378001874,36.855439358287342],[-76.082726792456413,36.855865307403022],[-76.083707712322479,36.856507968944456],[-76.084421091439069,36.856970734177573],[-76.085123572194618,36.857427062184279],[-76.086043784812091,36.858030731321755],[-76.0869947261005,36.858655519990812],[-76.08799786489682,36.859317805870958],[-76.088645821507882,36.859731009379786],[-76.088929467253806,36.859923800311243],[-76.089873062119807,36.860559624133323],[-76.089999572759581,36.860638161538283],[-76.090486515339123,36.860940239172606],[-76.090436895996092,36.861001218907646],[-76.09040253992805,36.861055166487176],[-76.090368094028477,36.861124125524121],[-76.090345152852748,36.861199946253009],[-76.090330855266686,36.86127380835832],[-76.090330758248626,36.861330129719981],[-76.090332832458628,36.861371384972387],[-76.090335394453817,36.861412374990458],[-76.090347247723983,36.861456852991175],[-76.09036296913979,36.861501190813406],[-76.090375383857008,36.861539855667608],[-76.090401359541758,36.861584321375666],[-76.090424022239759,36.861623278710915],[-76.090471633848125,36.8616846862637],[-76.090519714377081,36.861732366762524],[-76.09057976495717,36.861778946858188],[-76.090650360860408,36.861817500168918],[-76.09071951227267,36.861847780183297],[-76.090788837059776,36.861872542513261],[-76.09086007166519,36.861890489142169],[-76.090910996260334,36.861899803850555],[-76.090992001841073,36.861908896471085],[-76.091121423022358,36.861912622353685],[-76.091194973484562,36.861906066841357],[-76.091271398555676,36.861895160152308],[-76.091341042244721,36.86326374808484]]]},"properties":{"OBJECTID":18,"PATROL_ZONE":"321","PRECINCT":3,"SHAPE.area":9620474.9754767995,"SHAPE.len":17118.741370473414}},{"type":"Feature","id":30,"geometry":{"type":"Polygon","coordinates":[[[-76.142710802915104,36.760472002698727],[-76.144918290554955,36.761132187783488],[-76.146339495403012,36.761434771284634],[-76.146870334158919,36.761632386282109],[-76.14758936637358,36.762112009180164],[-76.148055569548148,36.762573205770181],[-76.148889247454321,36.763693765962344],[-76.149149932261551,36.764248647979755],[-76.149311470909211,36.764829430126788],[-76.149587920251378,36.765622144820988],[-76.149826918829348,36.766129993897522],[-76.150477846169068,36.766986090744091],[-76.151001090567547,36.767662609657719],[-76.151846114195763,36.768792716565784],[-76.152173945375523,36.769237084758011],[-76.15239702939995,36.769511707346574],[-76.152812697848205,36.76992527573654],[-76.15319871111231,36.770361518979257],[-76.153454176707768,36.770711298147994],[-76.153882036192755,36.771479033808433],[-76.155096990546539,36.773757696675929],[-76.156317266520048,36.776241358077172],[-76.156864996298239,36.777253719672927],[-76.157202147499106,36.777963774582688],[-76.157689426946874,36.779058722100871],[-76.158208221091442,36.779884221116241],[-76.158498509878882,36.780425658798478],[-76.158712681717333,36.780988875150193],[-76.158766110815492,36.781554196885565],[-76.158680015380355,36.781573019263128],[-76.158711117750414,36.78189574306851],[-76.158709143253432,36.782014045507232],[-76.158703209880969,36.782355972401561],[-76.158655669239508,36.782794946526302],[-76.158673314846638,36.782975339223519],[-76.158753182261933,36.783222357745387],[-76.158786251942473,36.78328388004374],[-76.158861908954009,36.783419025893238],[-76.15893858735005,36.783522170473802],[-76.159076379931477,36.783707570355361],[-76.160068181988891,36.784839990479426],[-76.160492034987712,36.785324200729761],[-76.161146255551273,36.786068550689556],[-76.162027854086261,36.787031312265484],[-76.162553394578609,36.78760328656108],[-76.162736171196201,36.787744952129962],[-76.162879200955743,36.787867906681832],[-76.162918917271085,36.787902065605103],[-76.163101820551134,36.788088482223259],[-76.163141488357454,36.788125138876971],[-76.163514285607107,36.788518326482361],[-76.163592421968829,36.788603068727916],[-76.163822052915023,36.78885291942688],[-76.163864806434333,36.788921646445402],[-76.163961138172141,36.789076404311672],[-76.164064055459306,36.789315201898219],[-76.164105785797503,36.789522105248928],[-76.164105329453349,36.789670157036589],[-76.164369189805115,36.789683664606834],[-76.164470544921997,36.789689647187757],[-76.164588004136974,36.789721758589501],[-76.164632755509487,36.789750562870864],[-76.164696131652775,36.789791318619201],[-76.16486897200501,36.789917020168453],[-76.165069378958364,36.790044464624302],[-76.165750914594767,36.790589985044434],[-76.165927828806815,36.790731618473565],[-76.166712096677415,36.791292144815138],[-76.166794146100528,36.791350579485268],[-76.166893121580216,36.791422401236424],[-76.167061397592491,36.79154457366667],[-76.16731542947673,36.791733070521964],[-76.167479664866875,36.791854868376149],[-76.167521697039021,36.791885265294304],[-76.168204968220522,36.792376962221759],[-76.16908796633075,36.793027365325614],[-76.169815578354687,36.793582706200922],[-76.170041781329729,36.793748389765028],[-76.170283521565963,36.793925426729565],[-76.170373635165376,36.793992907572743],[-76.170502514662573,36.79408901188485],[-76.170921295773283,36.79442430274031],[-76.17163962999696,36.795000917802341],[-76.171673312328537,36.795038858795792],[-76.171710030965784,36.795084889641572],[-76.171818885218656,36.795267671872793],[-76.172101643429073,36.795413614926076],[-76.172944605423694,36.795935808246078],[-76.173670708277939,36.796560548122805],[-76.174091199780989,36.79683758330939],[-76.174970005453744,36.797416812246908],[-76.176731990696425,36.798390709508325],[-76.177306737306793,36.798708329390664],[-76.179328329378365,36.799677615983072],[-76.181794600990315,36.800864551853053],[-76.182825221047793,36.801374319571892],[-76.184040602999659,36.801977537793142],[-76.184246676525831,36.802084192698736],[-76.184474142532196,36.802201930254526],[-76.184851979330588,36.802393270120113],[-76.185104151702191,36.802520985849881],[-76.186869273861831,36.803307478124083],[-76.188442758421928,36.804044672836419],[-76.189707117421392,36.804627680955875],[-76.191426650080373,36.805421042088625],[-76.192975557632593,36.806176627129595],[-76.19464427978248,36.806984712394403],[-76.195569186995641,36.807434860482189],[-76.195740423855085,36.807030948956822],[-76.196053496613089,36.806292060389367],[-76.196848053786937,36.804894484214429],[-76.197266456706927,36.80428959149485],[-76.197409609535654,36.804077921142309],[-76.197628000761014,36.80375509656465],[-76.197785077476652,36.803535470980876],[-76.198502401095638,36.802655964699682],[-76.199475658332332,36.801677095970454],[-76.201022778237146,36.800373987644761],[-76.201824870479612,36.799853578261057],[-76.202848567221196,36.799238522785608],[-76.203652885488921,36.798756621734221],[-76.204378322691568,36.798396943172826],[-76.207130396006107,36.797034802770924],[-76.213139791981888,36.794215802692825],[-76.213082609722491,36.79407171331902],[-76.21202255726304,36.791359486257974],[-76.207918588616181,36.780782486936523],[-76.206558887822339,36.777481482838333],[-76.206467386325826,36.777229486141202],[-76.204016461532191,36.770687681390619],[-76.203602582527964,36.769693850415507],[-76.203461922524141,36.769651131720096],[-76.195249930235235,36.7669246510739],[-76.187224960001956,36.764304444184319],[-76.18337337123755,36.763051245298513],[-76.181526231994127,36.762442901035918],[-76.179293254658091,36.761714139244106],[-76.174556494758804,36.761067740940476],[-76.171313745466421,36.760624017018976],[-76.143774436059289,36.756861131958665],[-76.142103974771004,36.757940597748984],[-76.141398551134586,36.758331282339888],[-76.141387311413752,36.75850189432316],[-76.142487145765557,36.760118799347879],[-76.142710802915104,36.760472002698727]]]},"properties":{"OBJECTID":30,"PATROL_ZONE":"421","PRECINCT":4,"SHAPE.area":29029259.587161761,"SHAPE.len":23177.68270327905}},{"type":"Feature","id":4,"geometry":{"type":"Polygon","coordinates":[[[-76.063930486570641,36.803227704379836],[-76.067156189432197,36.80348331194304],[-76.067498659557856,36.803510467503692],[-76.067928836696282,36.80304287896638],[-76.06888272984871,36.802006053346545],[-76.07161397482507,36.799919913775589],[-76.072407551038637,36.799298465554116],[-76.070528872843923,36.797237194464074],[-76.070354833240771,36.797005849448134],[-76.069203184961694,36.794419632644725],[-76.067744671283251,36.792668280684737],[-76.067859434654068,36.792689177895774],[-76.068113448571992,36.792828191790903],[-76.068349539303398,36.792951941727694],[-76.068749308469449,36.793153347876142],[-76.068940671184535,36.793231605604625],[-76.069085673644437,36.793316347672608],[-76.069339727088249,36.793455359710293],[-76.069920935280436,36.793757095555357],[-76.070293260016257,36.793950564979937],[-76.070710930809284,36.794167199598583],[-76.071110234648032,36.794383478959077],[-76.071355553772349,36.794507414136689],[-76.071565154982636,36.794593463309241],[-76.071739004142941,36.794641652501326],[-76.07192281831469,36.794667737912889],[-76.072185032054549,36.794656567700777],[-76.073678854015242,36.794211830367225],[-76.075680543013377,36.793586621729027],[-76.075776940328225,36.793549402263594],[-76.075842992552737,36.793528552765643],[-76.075964006401279,36.793481652704529],[-76.076709339490847,36.793244548558789],[-76.077223351903143,36.793087370504772],[-76.077495528857824,36.793003749689035],[-76.077551256744798,36.792986674603775],[-76.077633864920003,36.792959732563105],[-76.07785148988242,36.79288865464919],[-76.07854122713735,36.79268053169244],[-76.079027026161526,36.792525662408565],[-76.079542440844008,36.792364383127783],[-76.079960214044988,36.792234358510321],[-76.080332778630989,36.792107880232159],[-76.080617058587464,36.792004279608669],[-76.08034521311113,36.791439143592996],[-76.08022353001769,36.791166993698873],[-76.080173865758894,36.790991063262069],[-76.080124003870722,36.790841668038404],[-76.080090970122797,36.790698116901481],[-76.080039766151586,36.790504047917565],[-76.079894682843317,36.78979694940265],[-76.079701745381541,36.788871233544512],[-76.079485429264508,36.787736086663692],[-76.079323971465215,36.787006120665055],[-76.079144746786255,36.786076070276579],[-76.079230555658825,36.785987089888316],[-76.079338235813623,36.785889246594543],[-76.079914131369208,36.78531760843628],[-76.080234493057418,36.785009267897323],[-76.08073872640955,36.784524040506653],[-76.081341630712487,36.783922015121689],[-76.081504309322227,36.783759527740557],[-76.081935089230214,36.78333748601213],[-76.082270928890765,36.783002752429873],[-76.082374384268761,36.782886026437062],[-76.082549268288275,36.782675819339225],[-76.082660447381116,36.78253323282614],[-76.082805561232107,36.782320349751807],[-76.082940964294892,36.782131390858915],[-76.08308675457728,36.781914373261309],[-76.083156848322275,36.781810146577293],[-76.083461121183731,36.781285292013465],[-76.083497208305317,36.781239630606628],[-76.083587265310868,36.781104850729989],[-76.083674228518575,36.780962067751837],[-76.08384309202907,36.780734726477455],[-76.08409814170453,36.780354612426727],[-76.084272184900939,36.780060941879448],[-76.084619337944176,36.779574855731653],[-76.084973727815338,36.779177881531886],[-76.085333481527059,36.778903143910881],[-76.085646884865071,36.7786273411499],[-76.086145282761109,36.77828341392312],[-76.08621952582439,36.778232189607323],[-76.086308722243899,36.778183305836635],[-76.086629771143294,36.7780073650164],[-76.087287999989613,36.777696943717658],[-76.087365399732818,36.777655385748758],[-76.088202657425384,36.777205498678683],[-76.088346318700573,36.777138976566398],[-76.088593527880249,36.777024499512322],[-76.091172645858194,36.775681292232484],[-76.090907250285596,36.775490331762612],[-76.090591474496904,36.775269349395941],[-76.090271103825572,36.775031814011712],[-76.089966486909347,36.774782210386455],[-76.089646084796968,36.774547928009312],[-76.089260019430569,36.77428097516249],[-76.083625756324167,36.770652263436695],[-76.079114434933615,36.767735910104292],[-76.072345644539155,36.763429912288444],[-76.069276488387203,36.761438694212572],[-76.065924035934003,36.75930795632361],[-76.065083448186655,36.758776421493437],[-76.064097327075089,36.75815157366312],[-76.063138476120599,36.757538301562235],[-76.061990333067769,36.756810251747993],[-76.06099467274619,36.75615014749777],[-76.058615432613919,36.754605388609825],[-76.056045667894708,36.752971271851237],[-76.05524732432194,36.752480822098939],[-76.054831458244308,36.75223037060691],[-76.05462636298347,36.752100806927778],[-76.054378480965667,36.751966119777649],[-76.054029478291255,36.751807727046788],[-76.05381443868022,36.751709249922868],[-76.053730138977329,36.75183435894067],[-76.053621467082465,36.751998414686881],[-76.053554861495726,36.752141243688442],[-76.053407833334859,36.752426530219708],[-76.053197593422396,36.752749238524046],[-76.053111057812757,36.752869451535055],[-76.053002919517169,36.753016908348776],[-76.052873990612653,36.753169508924024],[-76.052680710892744,36.753392780438787],[-76.052566102032173,36.753529029091261],[-76.052346353452421,36.753718557264548],[-76.052133907277621,36.753897054924458],[-76.051956891555932,36.754043060205476],[-76.051780493875171,36.754172481694894],[-76.05149186697102,36.754360542892748],[-76.051217594246793,36.75453225410768],[-76.050985663613474,36.754671560328831],[-76.050845318918306,36.754751812147703],[-76.050699302260455,36.754777612446929],[-76.05049859257484,36.75477939666677],[-76.048791643516367,36.754707839988349],[-76.048316954855608,36.754679992020648],[-76.047916148135414,36.754665636911852],[-76.047395514241131,36.75467865547342],[-76.046807487835935,36.754708258154011],[-76.046278465473549,36.754751003166689],[-76.046009558386515,36.754793239303979],[-76.045318692847573,36.754986401158767],[-76.04500524279716,36.755073985267487],[-76.044854615985273,36.755116125502731],[-76.044202488496339,36.755287932909638],[-76.043649489200703,36.755384043292587],[-76.04313389665181,36.75546901073885],[-76.042416599982261,36.755591607539372],[-76.041826984457344,36.75566898741134],[-76.041357341633542,36.755712969095924],[-76.040933423057695,36.755722051304538],[-76.040406359920937,36.755705010377],[-76.039738959275539,36.755661105698486],[-76.039058862740248,36.755624927251382],[-76.038500910134118,36.755565398709351],[-76.037994576520873,36.755443001231505],[-76.037420783023023,36.755263411021062],[-76.036450593533019,36.754931932559039],[-76.035574097428835,36.754602841466408],[-76.034734814035289,36.754265718839726],[-76.034497310253954,36.754175593848032],[-76.034177992408132,36.754087622213099],[-76.03376632415781,36.754006734168186],[-76.03360871474122,36.753998282249654],[-76.033426147431072,36.753994443150873],[-76.03307936629038,36.753946308292285],[-76.032870483732296,36.753965295791097],[-76.032737374966771,36.753975148329758],[-76.032594027203615,36.753992780548977],[-76.032372572723148,36.754021394570394],[-76.032235774576733,36.754036581819911],[-76.031879561125564,36.754079078896467],[-76.031732701847957,36.754091236748295],[-76.031383441357065,36.754133589846653],[-76.031024002055688,36.754165039589083],[-76.030589388138083,36.754183462038448],[-76.030086710668016,36.754172877551568],[-76.029667020462227,36.754152925653074],[-76.029391326603218,36.754152640636192],[-76.028793373814111,36.754158191267713],[-76.028680570567261,36.75415206484454],[-76.028552601063467,36.75416343600952],[-76.028282939391588,36.754220191045896],[-76.027990219762984,36.754294526368895],[-76.027688355284809,36.754421118147704],[-76.027508155035463,36.754499828553321],[-76.027411238494381,36.754554220448107],[-76.027263405443037,36.754635577902789],[-76.027099751262881,36.754742963018089],[-76.02693428697745,36.75487759491201],[-76.026707369841731,36.755038720602251],[-76.026584279986551,36.755128800676403],[-76.026511439193428,36.755211861841566],[-76.026398925204091,36.755384508236929],[-76.026238871471605,36.755567829225164],[-76.025297057964806,36.75642384173409],[-76.024989758679141,36.756695314670907],[-76.024602204804324,36.757091205523722],[-76.024410868140393,36.757276048219239],[-76.024213273812165,36.757475787715116],[-76.024046967805305,36.757638559675478],[-76.02387840702707,36.757799236947818],[-76.023701226015376,36.757928903996721],[-76.023551259465222,36.758033977853188],[-76.023394624720709,36.758121559921811],[-76.023261262630257,36.758186017876803],[-76.02310572652533,36.758285424457057],[-76.022929864240481,36.7583777512205],[-76.02277523004409,36.758447391514935],[-76.022611796849517,36.75853338689609],[-76.022436008226506,36.758622417865567],[-76.022232726664228,36.758732422853129],[-76.020895724501003,36.759456179466],[-76.020549314364516,36.75961525018495],[-76.020268273732924,36.759781223809973],[-76.019869035471203,36.759977916113648],[-76.019518847918945,36.760147948687703],[-76.019175109372114,36.760334794807527],[-76.018782114401617,36.76053722081928],[-76.017115282307103,36.761423236392723],[-76.016657160376809,36.761675092892297],[-76.016276852313069,36.762001832001737],[-76.015985384037677,36.762346180587429],[-76.01580521612766,36.762722984982446],[-76.015713936515013,36.763109214294779],[-76.015693110871766,36.763206654874899],[-76.015623853458308,36.763530838453548],[-76.015580746002783,36.763732136974625],[-76.015536463550845,36.763935893284312],[-76.015432528472473,36.764186426740267],[-76.015279002797158,36.764458562340778],[-76.01525441051794,36.764501694125251],[-76.015077033673521,36.764806133236647],[-76.014959254658308,36.764943174088593],[-76.014930787945261,36.76497630047357],[-76.014864652177422,36.765053219665617],[-76.014565524865901,36.765385272554703],[-76.014274029641044,36.765852872156628],[-76.014096315030059,36.766141240950276],[-76.013791905624686,36.766635423838217],[-76.013711357286411,36.766894735755564],[-76.01358942535964,36.767317557411886],[-76.013224659946943,36.768086095596537],[-76.013031673077833,36.768492682872186],[-76.012880484818879,36.768798194177677],[-76.012758059717015,36.769043978940161],[-76.012667794302331,36.769236949473544],[-76.012548329149325,36.769492441614702],[-76.012323442206153,36.769894188654085],[-76.012119920793694,36.770253031733446],[-76.011953475547955,36.770551281162],[-76.011884883786124,36.770674153921696],[-76.011630347048694,36.771034690123045],[-76.011467004583949,36.771226123661762],[-76.01135570511687,36.771352958776667],[-76.011224649001761,36.771504092353936],[-76.01081928153485,36.771876876107946],[-76.010777346380749,36.771918218459483],[-76.010601420315524,36.772092903212375],[-76.010263245035219,36.772369716012996],[-76.009705386752216,36.772808642275088],[-76.00929150954461,36.773148760962663],[-76.009010431183796,36.773376593170084],[-76.008584080868488,36.773667298850555],[-76.008385182186487,36.773792843362003],[-76.00802882230991,36.774034589092302],[-76.007763786063435,36.774199391740638],[-76.007422308576167,36.774401043616429],[-76.007145225921718,36.774585018551399],[-76.006886932429751,36.774749961766993],[-76.006559406677169,36.774967922106001],[-76.00630479897282,36.775173655363091],[-76.011302881483218,36.777703653948265],[-76.019975063624202,36.780560550671247],[-76.021880060660095,36.781220677920281],[-76.025934617474761,36.782429771784876],[-76.038952770806887,36.784519310812307],[-76.039687554081723,36.784534056752243],[-76.041607893444379,36.784520645400548],[-76.043644003189257,36.784366507856944],[-76.045239921376933,36.784298549449211],[-76.046676276312283,36.784352410114764],[-76.0479027237118,36.784479431433716],[-76.049682801922614,36.784727362409569],[-76.050937309098359,36.786192621622845],[-76.052063847668606,36.787458248775891],[-76.052286742148468,36.787958210061959],[-76.052403285081866,36.792041750170398],[-76.052523513802868,36.792046647016868],[-76.053397372453375,36.792813902812568],[-76.058205315754108,36.797036660099209],[-76.062881538186403,36.799205663686998],[-76.064693423944803,36.800046019501096],[-76.065049211594527,36.800018590093849],[-76.063930486570641,36.803227704379836]]]},"properties":{"OBJECTID":4,"PATROL_ZONE":"124","PRECINCT":1,"SHAPE.area":33628243.620893441,"SHAPE.len":27584.367306743286}},{"type":"Feature","id":28,"geometry":{"type":"Polygon","coordinates":[[[-76.150523934234727,36.843734814737552],[-76.150882081758709,36.843761239995551],[-76.151287174341135,36.843816049480004],[-76.151543515793975,36.843848238827896],[-76.151795130311811,36.843893987275564],[-76.151958040686893,36.843944006658901],[-76.152084519885648,36.843968377958596],[-76.152495374262301,36.844076791723054],[-76.153300831593825,36.844403490725988],[-76.15375146247294,36.844558907106986],[-76.15411057927912,36.844728813098619],[-76.154893963207485,36.845022503102555],[-76.155748419146164,36.845342827322703],[-76.156137327680426,36.845531262898888],[-76.156491934045576,36.845698989243033],[-76.15656022217685,36.845587866160066],[-76.156639447296698,36.845448914273561],[-76.156708572657806,36.845313772216805],[-76.156847746848157,36.845070047343036],[-76.157000731737654,36.844765384407239],[-76.157145441346799,36.844507263432256],[-76.157283232131604,36.844251750450077],[-76.157425961853818,36.843961388850651],[-76.157492240453806,36.843832023380877],[-76.157550420741487,36.843689235854789],[-76.157626746099609,36.843514563400781],[-76.157728907005293,36.843213886336784],[-76.157818357648026,36.842973894515914],[-76.157944768574794,36.842643973008428],[-76.158015610616417,36.842453063016769],[-76.158079280508829,36.842273000931563],[-76.158144520656307,36.842121067353723],[-76.158191006675651,36.841975756117513],[-76.158262949153496,36.841749151677874],[-76.158343333998388,36.841470514062614],[-76.158513765967342,36.840925204445426],[-76.158619793222016,36.840588579443441],[-76.158816539540595,36.839848591338011],[-76.158843498880586,36.839747592434321],[-76.159055679154051,36.838990025229783],[-76.159188501357036,36.838483664897318],[-76.158825891002692,36.838262917459048],[-76.158228213996395,36.837903500713438],[-76.15780809709085,36.837649773839196],[-76.157543896277588,36.837490811180871],[-76.157275021529898,36.837300624538734],[-76.156928013115404,36.837056128562914],[-76.15649212808168,36.836819638181012],[-76.156095196693599,36.836604666421209],[-76.1556740125895,36.83642025591385],[-76.154907778398226,36.836085399162094],[-76.154419306886069,36.835915053367984],[-76.153919609127811,36.835740854216077],[-76.153033166876824,36.835510211509991],[-76.152200872376184,36.835286166885936],[-76.152137913051163,36.835269577192868],[-76.152035262563672,36.835254337017929],[-76.150818834074499,36.835077439468712],[-76.149029056753577,36.834952930065953],[-76.146955878926804,36.834766253657186],[-76.14533738158444,36.834620489147404],[-76.144096876449041,36.834509211201841],[-76.142268516486652,36.834425888704494],[-76.141213289776914,36.834318946685258],[-76.138174665564833,36.834012679272419],[-76.137682633130893,36.833961236982873],[-76.136700722423072,36.833893399513634],[-76.133502332837708,36.833581845074455],[-76.125808275005653,36.83290862097904],[-76.12172507450984,36.832550908276644],[-76.122078224705902,36.832861383380944],[-76.124683135112292,36.835151219687141],[-76.125960019321752,36.836360713198076],[-76.127026804654264,36.837915770365882],[-76.127098504586968,36.838793706841663],[-76.12681895695539,36.840069112049349],[-76.126756585128589,36.84019482955587],[-76.12652380558734,36.840664089116927],[-76.125593339599192,36.840977952650199],[-76.124948430971884,36.841195484421348],[-76.124003988096234,36.841882495556213],[-76.123982217425336,36.842060421948545],[-76.123889152860215,36.842819797702049],[-76.123687369687829,36.843368047776529],[-76.126624285745123,36.843408202740363],[-76.126736002030498,36.843409182602869],[-76.128679307721697,36.843426337024518],[-76.131053511898486,36.843512748177432],[-76.132491269103966,36.843528321714267],[-76.132682328188494,36.843530374174321],[-76.133855624967609,36.843542508489698],[-76.134173597137135,36.843544972160252],[-76.134806685731945,36.843549908127862],[-76.136790282660257,36.843567061080137],[-76.137820182268882,36.843596511525554],[-76.138422186459906,36.843604525098677],[-76.138877370000898,36.843613678126481],[-76.14095612546727,36.843651361386357],[-76.141921411054128,36.843643617405384],[-76.142780161838189,36.843662081608301],[-76.143847939809078,36.843678023909852],[-76.144629813669454,36.843682243126835],[-76.145902114674342,36.843689017309579],[-76.147980998599778,36.84370317098589],[-76.148983054027866,36.843709499449709],[-76.150015121271252,36.84370268213484],[-76.150523934234727,36.843734814737552]]]},"properties":{"OBJECTID":28,"PATROL_ZONE":"324","PRECINCT":3,"SHAPE.area":4787075.8945474802,"SHAPE.len":10973.937654808682}},{"type":"Feature","id":23,"geometry":{"type":"Polygon","coordinates":[[[-76.171874528663992,36.871278538888944],[-76.171881678355334,36.872026953432226],[-76.171814437659691,36.872545245023701],[-76.17173555030638,36.873220020880304],[-76.171702777069854,36.873395290897044],[-76.170538927872585,36.874854110123145],[-76.169988477097419,36.876619309884745],[-76.169354159607323,36.878663234185545],[-76.169300870646353,36.87883812308629],[-76.169296141016375,36.878991982735926],[-76.169191018365183,36.88140934214362],[-76.167332066275804,36.883723305206708],[-76.166101485727651,36.887495533046049],[-76.17115800813886,36.886564862997005],[-76.175675945621464,36.887011736373488],[-76.177484200389486,36.886417888872273],[-76.177525143803507,36.886630511894055],[-76.177565687467222,36.886719454312093],[-76.177591016364971,36.886766171492994],[-76.177703445014345,36.886969361187717],[-76.178042023638199,36.886866058551128],[-76.178405646393841,36.886728934839191],[-76.178523828752631,36.886669383170684],[-76.178587426779799,36.886604674098571],[-76.178620799192601,36.886520079883695],[-76.17931046368399,36.88678733830892],[-76.179856196507316,36.886217177967374],[-76.180117482287486,36.885944117804435],[-76.18022397756441,36.885824879555265],[-76.180706246209539,36.885285091245755],[-76.181219208491285,36.884834888957698],[-76.181255600141739,36.884806468941193],[-76.181573348630778,36.884588762382926],[-76.18213036070081,36.884230879778826],[-76.183186918713787,36.883509223388572],[-76.186374363225724,36.881480875313073],[-76.186707836723826,36.881263964762134],[-76.188035278117468,36.880402121590066],[-76.188542228873331,36.880083475546648],[-76.188820305962807,36.87990852267194],[-76.189147547847753,36.879695906081047],[-76.189450401371076,36.879495666846957],[-76.18963104898144,36.879357480077694],[-76.190047842120435,36.879101481438902],[-76.190325091861538,36.878952362396767],[-76.190766139513201,36.878690382464804],[-76.19097005887933,36.87857842063115],[-76.19133780759708,36.878353709634304],[-76.191705517687268,36.878128996539097],[-76.19203983021184,36.877948710942405],[-76.192398431385058,36.87776250024281],[-76.192609919057446,36.877663570638809],[-76.19273308796437,36.877535404032734],[-76.192987914857639,36.877270308494936],[-76.190041802746791,36.875215695076491],[-76.188611930952874,36.874123819380863],[-76.188189305052703,36.873886532456382],[-76.188442379332869,36.873736831213662],[-76.188788548720879,36.873597973615169],[-76.189164261003612,36.873726279053969],[-76.1893889197747,36.873648275380482],[-76.189562732104093,36.873555505469859],[-76.189981280551166,36.873304845415518],[-76.190032441403218,36.873180129501108],[-76.190266191124991,36.873028148839765],[-76.190631130810843,36.872499546061483],[-76.190505443027874,36.872359703847799],[-76.190634690834301,36.872043541617423],[-76.190742402430132,36.871875345603272],[-76.190682925873489,36.8714702766272],[-76.19062500519891,36.871350998530204],[-76.190639460888463,36.870988621304662],[-76.1907285054927,36.870759586892781],[-76.190550564506268,36.870539041880782],[-76.190863179123454,36.870155051725625],[-76.190985823414238,36.869833264817643],[-76.190907147165049,36.86972182108557],[-76.19076751663053,36.869705339475694],[-76.190510333456274,36.86938982311198],[-76.190511441977335,36.869128866090797],[-76.190579753464789,36.86902028447463],[-76.190719678646701,36.868915885313925],[-76.190859824814197,36.868580705903042],[-76.190765579862784,36.868306857541761],[-76.19076177639586,36.867982585592621],[-76.19062217550578,36.867850711645417],[-76.190964174015889,36.867398613482166],[-76.190992611982864,36.866690333701719],[-76.191544904304365,36.866519858453366],[-76.192066472446527,36.865898251758317],[-76.192534846849142,36.865723238362058],[-76.192628576167579,36.865561276749951],[-76.193426100476827,36.864966680297812],[-76.193765277378645,36.864794124878721],[-76.193907227363212,36.864623850948263],[-76.192851522749734,36.863696439658526],[-76.192122987257676,36.863704080988839],[-76.191176627377217,36.863205726230866],[-76.190407992887515,36.862940407032667],[-76.190352210203329,36.862862326942604],[-76.190319355220112,36.862821571285885],[-76.190126226417192,36.862579650877848],[-76.189879222951731,36.862269828286337],[-76.189605360757582,36.862168281864328],[-76.189211852849056,36.862177025871354],[-76.18914501370034,36.862016359074637],[-76.188870687077198,36.862041211190714],[-76.188799094942311,36.862034279795623],[-76.188427808658957,36.861988152653431],[-76.188163172162788,36.862032755377356],[-76.187873633468612,36.862222345053318],[-76.186561521825283,36.862080897799714],[-76.186172440814474,36.862047655288904],[-76.18619745620019,36.861928139675321],[-76.186091524166955,36.861728842115262],[-76.185959627228726,36.861679042799615],[-76.185638983469531,36.860995343960084],[-76.185575503121655,36.860976976660332],[-76.185417935027573,36.860720888389579],[-76.185282442133257,36.860615326467816],[-76.185097598492192,36.860551679180304],[-76.184667708814658,36.860303107530974],[-76.184622218128666,36.860220776973719],[-76.184474498265047,36.860166378871547],[-76.183786581895191,36.859981374722459],[-76.183623589773418,36.859900875184074],[-76.183428415506583,36.859652750635775],[-76.183186413860597,36.859540772398276],[-76.182904970783781,36.859496619594893],[-76.182782215101881,36.859432050656018],[-76.181105430572345,36.858573215690122],[-76.177171893894439,36.856572541072509],[-76.176929231088423,36.857170929673188],[-76.176769475596615,36.85746127919974],[-76.176642998194495,36.857667063263733],[-76.176612185980247,36.857713078011471],[-76.176561540761156,36.85778745021701],[-76.176417767196568,36.85800576146169],[-76.176291797342586,36.858197020031561],[-76.176125889289395,36.858465821558198],[-76.176099106019208,36.858508372842557],[-76.175994133386666,36.858659088624051],[-76.175951756261469,36.8587601452043],[-76.175922417284298,36.858808501721469],[-76.175810201535626,36.858968823072544],[-76.175720935047522,36.859092491243004],[-76.175656145854305,36.859182231922283],[-76.175486825101331,36.859389267010663],[-76.17540415404406,36.85949366840709],[-76.175343617475363,36.85955985735518],[-76.17517380624227,36.859779899312002],[-76.175077987442478,36.859879060513251],[-76.175039051763122,36.859919390804158],[-76.174939800500653,36.860022564578514],[-76.174728717070124,36.860216216547634],[-76.174617999711373,36.860308948032113],[-76.174545340377918,36.860370989133813],[-76.174501241182313,36.860409684746983],[-76.174371299876455,36.860538434954627],[-76.17430442569345,36.860607051619077],[-76.174269246768603,36.860647451962201],[-76.174210240030845,36.860709461164596],[-76.174176172322021,36.860746187982208],[-76.174136685077073,36.860789068616313],[-76.174072771741237,36.86086573347508],[-76.173992789341597,36.860932068575856],[-76.173936991386043,36.860979577766379],[-76.173878322414836,36.861031923299485],[-76.173781368144546,36.861126434818829],[-76.173742893300926,36.861163884482828],[-76.173604790800724,36.861296071839206],[-76.173470826839022,36.861427080965335],[-76.173408923034486,36.861485896211818],[-76.173374503186068,36.861518641605116],[-76.173339758147506,36.861551413577402],[-76.173248977998142,36.861637001422729],[-76.173167121712822,36.861715069827703],[-76.173048004207828,36.861834628179508],[-76.172952572581949,36.861936110359423],[-76.172857895540886,36.86202968138533],[-76.172780000825966,36.862113221046208],[-76.172714574727209,36.862174668453804],[-76.172603606738463,36.862275415646344],[-76.172536089361714,36.862334091526236],[-76.172236945880528,36.862580787175844],[-76.172199801441835,36.862610710402244],[-76.172091043308697,36.862697802779451],[-76.172027170397058,36.862758674022764],[-76.171994713367539,36.862788646052465],[-76.171903945794597,36.862868709161745],[-76.171819164594709,36.862942775926065],[-76.171686027981394,36.863067261314789],[-76.17153860995171,36.863205228879956],[-76.171409418739117,36.863346468500211],[-76.171317183319005,36.863446928100061],[-76.171202331913292,36.863588645216765],[-76.17102355190039,36.863808631731807],[-76.170845462691943,36.864045118415689],[-76.170747626276039,36.864175124546101],[-76.170468704770201,36.864676346349654],[-76.170380158730964,36.864905733193901],[-76.170311514866853,36.865083795740212],[-76.170296300100873,36.865150021530894],[-76.17028681478979,36.865194746743732],[-76.170270416044275,36.865297485771798],[-76.170246796640512,36.865455291017057],[-76.170240756368543,36.865507895088669],[-76.170230769797541,36.865583520295608],[-76.170227774814379,36.865681008756852],[-76.170216611450343,36.865822335074505],[-76.170211632088723,36.865984405374],[-76.17020348975899,36.866249454556709],[-76.170209698914221,36.866325063937282],[-76.170214690852262,36.86638573034044],[-76.170222607704872,36.866440246191637],[-76.170235814736159,36.866531805136574],[-76.170246859522607,36.866622525987374],[-76.170253606768696,36.866677814253329],[-76.170307466159869,36.866927609201639],[-76.170344144372905,36.867069912772727],[-76.170362337054044,36.867128863099438],[-76.17041050741453,36.867285007293482],[-76.170454193385112,36.867426845934553],[-76.17050401844233,36.867608739604755],[-76.170545932935198,36.867739799713696],[-76.170558100615708,36.867777831854262],[-76.170632703903422,36.86792564029745],[-76.170718833474552,36.868113446707618],[-76.170783326223756,36.868226986265668],[-76.170817370576387,36.868278653442644],[-76.170927443843098,36.868445642111809],[-76.171075576931756,36.868688335196083],[-76.171142839186984,36.868798577394635],[-76.171345005939969,36.869163105894444],[-76.171399106977958,36.869268532398458],[-76.171537242715843,36.869514770153934],[-76.171601265646132,36.86966926447186],[-76.171643482871232,36.869771097729043],[-76.171671511206398,36.869855037839393],[-76.171720892495898,36.870003073669494],[-76.171747359559106,36.870107740119693],[-76.171804592124175,36.870334192945954],[-76.171817655425016,36.87044667135509],[-76.171848464944333,36.870562578258635],[-76.171853548510512,36.870616391887381],[-76.171862667308972,36.870712581803815],[-76.171870788977458,36.870818579647057],[-76.171887645863762,36.870956583520552],[-76.171877890159777,36.871069942067443],[-76.171873943860746,36.871198499683388],[-76.171874528663992,36.871278538888944]]]},"properties":{"OBJECTID":23,"PATROL_ZONE":"326","PRECINCT":3,"SHAPE.area":7884552.2344084801,"SHAPE.len":13089.255243688336}},{"type":"Feature","id":1,"geometry":{"type":"Polygon","coordinates":[[[-76.06099467274619,36.75615014749777],[-76.061295439483104,36.756157170533484],[-76.068468822098396,36.752689418409716],[-76.091194171289033,36.747833086936346],[-76.086970633284579,36.741239202684291],[-76.088214161250917,36.741002643848873],[-76.088358760367257,36.740977180852745],[-76.08872222681606,36.740924621464409],[-76.088981398860369,36.740895743407926],[-76.089328719888556,36.740872165700551],[-76.090967145457171,36.740823903832208],[-76.095958797826754,36.740698390294575],[-76.096150999568323,36.740685832234796],[-76.096456053964076,36.740625539841652],[-76.096719617871798,36.740569946693086],[-76.096984233706735,36.740481102816254],[-76.097277256067557,36.740365117623575],[-76.09748747352215,36.740252984999735],[-76.097690834136159,36.740140684482206],[-76.097957900575196,36.739974271717038],[-76.098033668977834,36.739916505519652],[-76.098114131077836,36.739808582784448],[-76.09823565427115,36.73968784611872],[-76.098313165405443,36.739606294285338],[-76.098409896893557,36.739494445624324],[-76.098483203013998,36.739393603016268],[-76.098533646112145,36.73931734917808],[-76.098598431712105,36.739219298030811],[-76.09865988366407,36.739113322312342],[-76.098718634381981,36.738982672500008],[-76.098792682510833,36.738800023850779],[-76.098852265068686,36.738641916373126],[-76.098885579989329,36.738453047810829],[-76.098912003035082,36.738263984413926],[-76.098876348003131,36.734498602439317],[-76.098797283681733,36.729055890394605],[-76.098748396465638,36.725779677351703],[-76.098715952910851,36.724816412418654],[-76.098712859113022,36.724049852120693],[-76.0987237080667,36.7237065960297],[-76.098787574690135,36.723306768636867],[-76.098986494033397,36.722305285467122],[-76.099034897955846,36.72209661521498],[-76.099099039463766,36.721819965184018],[-76.099223782219056,36.721274296081276],[-76.099491666125004,36.719993196285635],[-76.099502224922844,36.719943613662394],[-76.099528000283286,36.719831398647266],[-76.099666925640307,36.719239245187183],[-76.099704574932161,36.719020270338568],[-76.099789739712676,36.718777816223493],[-76.099863235377654,36.718604388287879],[-76.097034465700773,36.716120839557263],[-76.093936256235921,36.714300953348172],[-76.090929217687545,36.713887545274986],[-76.081473054238543,36.712489458915414],[-76.079984120011318,36.705131089834687],[-76.073489014842892,36.697490599659396],[-76.071403116871679,36.695609253005983],[-76.071048931816406,36.695266715466964],[-76.070283339920579,36.694563967616808],[-76.068065847743398,36.692534183580165],[-76.065320231519138,36.685586504796198],[-76.069364475674334,36.677451562554509],[-76.068722126347268,36.675569278201245],[-76.067025259979545,36.673925316312918],[-76.066713885935769,36.673623656713481],[-76.063961169427472,36.671777450564775],[-76.062191882678164,36.669231752820785],[-76.061691350385018,36.666676266366906],[-76.062249056852735,36.662797739475636],[-76.061457588985149,36.659797693924972],[-76.060296603617019,36.657453829237099],[-76.060205589905678,36.657269896435459],[-76.059398757253447,36.654748599997745],[-76.059915051386582,36.652489587287668],[-76.060731098058682,36.650124979214908],[-76.059789224364749,36.647122462830275],[-76.055319803094008,36.646470262373349],[-76.048115397160373,36.645417627841184],[-76.046460764187401,36.647244223524766],[-76.046406879643399,36.64730377475383],[-76.046311329439888,36.647409283202087],[-76.046244167796004,36.647466577669],[-76.046169015637631,36.647517412111959],[-76.046059855957566,36.647574852087558],[-76.045997901847372,36.64759993305325],[-76.045893973057218,36.647635000552569],[-76.045775673917447,36.647657468825393],[-76.045677435056291,36.647672275654308],[-76.044632296427181,36.647713114782285],[-76.044533647035934,36.647703758174799],[-76.044469781310809,36.647692608372211],[-76.043794716239418,36.64747212519876],[-76.043655310283739,36.647432858596723],[-76.043591866766803,36.647422022997418],[-76.043445932753954,36.647426002201001],[-76.043420439464498,36.647505269824954],[-76.043402159646789,36.647554238971345],[-76.043363686599804,36.647619199818969],[-76.043258435489534,36.647787916429138],[-76.043172728126592,36.647925281426339],[-76.043041260583081,36.648146091235951],[-76.042935349211064,36.648324065926388],[-76.042665400976617,36.648853319386085],[-76.042553622707501,36.649122637024092],[-76.042341986813085,36.649632590630418],[-76.042243103859875,36.649921122003619],[-76.042130174848864,36.650250737282811],[-76.041867843429728,36.651049270384021],[-76.041606457038242,36.651843674251928],[-76.041576054455746,36.651937688564622],[-76.04124616254073,36.652955018295984],[-76.041208515045454,36.653025507303845],[-76.04117071663326,36.65305020885431],[-76.041039373057259,36.653097753280996],[-76.039947383692819,36.653211349972274],[-76.039822705616217,36.653224323751203],[-76.039500436804673,36.653261061399299],[-76.036165899453181,36.653641155503664],[-76.035031777305278,36.653771156960012],[-76.032650868103218,36.654044034122187],[-76.032601011604967,36.654054480344556],[-76.032450953426633,36.654115126060482],[-76.032387834201501,36.654080054305268],[-76.032338600235747,36.65403123632678],[-76.032308164415582,36.653999747744933],[-76.032270458529851,36.653961908531933],[-76.031708679998943,36.653401891770677],[-76.031673996944122,36.653362867459293],[-76.031614067636596,36.653290425704661],[-76.031586020436777,36.653254757567183],[-76.031536222329009,36.653190256226068],[-76.031488237919788,36.653126084184471],[-76.031451124922143,36.653067739563348],[-76.031416785023779,36.653001315992114],[-76.031281701761245,36.652984305604463],[-76.031227844166693,36.652976536591666],[-76.031136025564862,36.652962264091535],[-76.031007703921503,36.652945642146094],[-76.030880171897238,36.652927699175649],[-76.030805765340574,36.652919243341309],[-76.029796131724751,36.65281404369005],[-76.029733830864856,36.652807249032037],[-76.029105193422282,36.652728543238112],[-76.028983636991299,36.652710294644471],[-76.028845485083764,36.652682190605475],[-76.028792756671521,36.652672105983569],[-76.028602073981105,36.652632590511786],[-76.028483273581415,36.652606839501011],[-76.028379743643228,36.652581469006684],[-76.02828692341987,36.6525593264817],[-76.02822656741256,36.65254252932111],[-76.028159857621247,36.652523312073505],[-76.028090473545333,36.652500416408429],[-76.027979967290676,36.652460840310418],[-76.027865905504086,36.652403270650915],[-76.027792951523239,36.652361522332946],[-76.027706408727084,36.652301268014064],[-76.027630675358736,36.652242813943076],[-76.027526195002977,36.652143187947424],[-76.027326519278262,36.651909071827625],[-76.027262322074805,36.651836088181476],[-76.027189678911029,36.651771180619114],[-76.027144476584255,36.651732894198069],[-76.027097985175047,36.651695777453547],[-76.026982056689292,36.651626494401413],[-76.025626015631943,36.651001201459827],[-76.025457965096791,36.650933220820718],[-76.025401498794665,36.650913866237083],[-76.02526952100807,36.650872118553053],[-76.02512090462578,36.650839043843142],[-76.022418531502652,36.650312069230147],[-76.022287651457333,36.650281523261278],[-76.022202032129286,36.650261578249875],[-76.022123720596085,36.650242392865074],[-76.022053819090573,36.650225128897503],[-76.02195081736177,36.650194004161051],[-76.021857622540921,36.650165876140811],[-76.021683569463065,36.650112758060445],[-76.02130556108645,36.649983118713322],[-76.021141757785955,36.649925484499114],[-76.020973488061884,36.649866243764059],[-76.020844688514771,36.649822620205939],[-76.02073496109945,36.649789676215818],[-76.020582668811016,36.649745556039719],[-76.020285503420084,36.649670315214507],[-76.020215401590249,36.649652936524397],[-76.020099958194763,36.649624308127521],[-76.01985251994472,36.64957956010997],[-76.019687276644831,36.649550920154319],[-76.019545769529699,36.649526409913499],[-76.019456137427298,36.649512979295714],[-76.019277362804274,36.649484719134925],[-76.019084267239009,36.649455956621466],[-76.018834758372208,36.649413030488887],[-76.018694744257076,36.649392383990808],[-76.018584982705775,36.649376196590445],[-76.018301509436398,36.649332316898466],[-76.017910404521274,36.649271811560119],[-76.003607680994108,36.646896641631912],[-75.982940160116982,36.643461128766496],[-75.982931013470775,36.643737998071344],[-75.9828119381866,36.64387232358483],[-75.982781365822532,36.644006957354335],[-75.982734269847143,36.64402267810258],[-75.982792840901965,36.644285561029747],[-75.982874178859376,36.644291155638655],[-75.982874064773327,36.64434712116585],[-75.982775216854421,36.644444102660422],[-75.982612456497975,36.644516794193841],[-75.98276826209748,36.644670710917794],[-75.982780354319516,36.644803952937764],[-75.982755919245491,36.644969463996922],[-75.982495721325108,36.645244784011986],[-75.98216004515794,36.645440394434011],[-75.981740615463607,36.645597193780844],[-75.981202783323198,36.645723612247004],[-75.981012845336167,36.645693343390661],[-75.980861089341957,36.645610756259238],[-75.980781264147495,36.64561915091106],[-75.980754426978379,36.645887891002836],[-75.980563578997959,36.64598800150884],[-75.980473861555581,36.646027368311366],[-75.980155601925162,36.64620235678106],[-75.980091245719876,36.646302632650873],[-75.980014110081385,36.646329657172558],[-75.979967832471203,36.646367951325168],[-75.97986968613651,36.646384881008991],[-75.979715706811987,36.646432150621052],[-75.979618607912926,36.646464817838442],[-75.97954793924616,36.64648802521981],[-75.979483054831491,36.64649209744816],[-75.979407831706226,36.646497374767542],[-75.979349078293396,36.646522212471233],[-75.979267088159105,36.646525943063224],[-75.979165189561471,36.646539823227918],[-75.979057922631711,36.646583976232705],[-75.978620549089555,36.646633662387494],[-75.978571780451091,36.646670995633627],[-75.978519714097217,36.646675123349823],[-75.978436794206587,36.646681195640134],[-75.97835824372153,36.646684999740586],[-75.978310906997635,36.646672963272074],[-75.978257119471678,36.646649824417416],[-75.978203000467389,36.646637696408554],[-75.978154867836153,36.646647623256399],[-75.978083895538816,36.646629581517622],[-75.978022620554967,36.646625542450934],[-75.977947751365917,36.646621182651479],[-75.977849100178062,36.646616311121313],[-75.977787482936094,36.646600998124704],[-75.977338009087049,36.646545708134447],[-75.977246330622421,36.646463230029241],[-75.977180817387051,36.646281687648987],[-75.977064080417577,36.645972982454623],[-75.977095429824359,36.645733051261224],[-75.977084022118561,36.64552396197827],[-75.977025185162404,36.645467027886703],[-75.976746348098217,36.645460719092],[-75.976662483179908,36.645567221826752],[-75.976454589666972,36.645572579213479],[-75.976365573808835,36.645533212178506],[-75.976123370041933,36.645552199086737],[-75.976091399899289,36.645660699631051],[-75.976135762301283,36.645764414929026],[-75.976103619682107,36.645950090608089],[-75.975978379260127,36.646134062703261],[-75.975834248166052,36.64626671478009],[-75.97588381001691,36.646333944913493],[-75.975864438746115,36.646464532421994],[-75.976001201858239,36.646509737041661],[-75.976161941903598,36.64666159853774],[-75.976342086457436,36.646777444080399],[-75.976293235173955,36.646944625908084],[-75.976340642864756,36.646973013851905],[-75.97647736914594,36.64693199846991],[-75.976535515297655,36.646900883934407],[-75.97660948976467,36.646951714426315],[-75.976628477454838,36.647069006063752],[-75.976773691018835,36.647167887610784],[-75.976904385112888,36.647169961185647],[-75.976924241473924,36.647227153485296],[-75.97690353889989,36.647292072805826],[-75.97705869052588,36.647426447618074],[-75.97709274925154,36.647463586601077],[-75.977051231814059,36.647604000898419],[-75.977115837750972,36.647744062499513],[-75.977216542487582,36.647884434482819],[-75.977206350202394,36.647944992083339],[-75.977151932957412,36.648019955670151],[-75.977242809226496,36.648171903559231],[-75.977421438322423,36.648313020719655],[-75.977484353629976,36.648324184126281],[-75.977180673656619,36.64854429152269],[-75.977018679563116,36.648604793108227],[-75.97676947253025,36.64860637726968],[-75.976742751243805,36.648568021526614],[-75.976555045570251,36.648619286958883],[-75.976559231719477,36.64866166289768],[-75.976457078000308,36.648715016936144],[-75.97658118744333,36.648744013241966],[-75.976572887010093,36.648861596206103],[-75.976658098503009,36.648947892308172],[-75.976625946900668,36.649126644968703],[-75.976742455698073,36.649175038667714],[-75.976868817217522,36.649331488068391],[-75.977122782626452,36.649443455000437],[-75.977225327112762,36.649654892555134],[-75.97719944215784,36.649816415551349],[-75.977345310593677,36.649993341344029],[-75.977541963487468,36.650033240149234],[-75.977614992926803,36.6501065527085],[-75.977621320659665,36.650152215726735],[-75.977556034698082,36.650255630925194],[-75.977599305647004,36.650415015751328],[-75.977504601656491,36.650607586781199],[-75.977853989708152,36.650956828289125],[-75.977794168198443,36.651076461164472],[-75.977800598339243,36.651179715846027],[-75.977858721134737,36.651237760643525],[-75.97782036936033,36.65138964596882],[-75.977665465669375,36.651475771314445],[-75.97783670342713,36.651690885344046],[-75.977861104365189,36.651803402342146],[-75.977746482928211,36.652022801439273],[-75.977657432934095,36.652059267958151],[-75.9777542641352,36.652250853290333],[-75.97778130342526,36.652420549264704],[-75.977749901916184,36.652578710920778],[-75.97782252621532,36.652736282006913],[-75.978425910218618,36.653300190982243],[-75.978872797817957,36.653850286889138],[-75.97889359741005,36.653978910055486],[-75.97887692647501,36.654087795100253],[-75.978882014532786,36.654167832035732],[-75.978979906644227,36.654985889237203],[-75.978970434807877,36.655069980438491],[-75.979228959166861,36.655521422178218],[-75.979320990669407,36.655791154657351],[-75.979318880526804,36.655953573534141],[-75.979189599482694,36.656159442706482],[-75.9789298345503,36.656316234641842],[-75.978411254204772,36.65638313170686],[-75.978239232217746,36.65634964498684],[-75.978152392977549,36.656394347272141],[-75.977947678602405,36.656339960809476],[-75.977811087966813,36.656243766839587],[-75.977562823266695,36.655935554874674],[-75.977454620292391,36.655677507001791],[-75.977382359810946,36.655610695803247],[-75.97741012943132,36.655525047117337],[-75.977498029581881,36.655455503026865],[-75.977484799194372,36.655351634306605],[-75.977305920366788,36.65524018619714],[-75.977046794136555,36.65524617277341],[-75.976974998084117,36.655290758230834],[-75.977043872815244,36.655367086092944],[-75.97709281213362,36.655398830672326],[-75.977094717460332,36.65548325076616],[-75.977136250169195,36.655524423743138],[-75.977190595548933,36.655537107425495],[-75.977229039849817,36.655597365698185],[-75.977125566505507,36.65570256731192],[-75.97714044979314,36.655767896029921],[-75.976901483554528,36.655762309461416],[-75.976824049675329,36.655784600962896],[-75.976705151359283,36.656070948029111],[-75.976475391953997,36.656222610506276],[-75.976505227699533,36.656259686153206],[-75.976528564133986,36.656337450763935],[-75.976369017051326,36.65645422148539],[-75.976281736738329,36.656477260826335],[-75.976140770408975,36.656483126957106],[-75.975963925367211,36.656518936288592],[-75.97587067485081,36.656482444496945],[-75.975804199519814,36.656497168195045],[-75.975757591329597,36.656615052084106],[-75.975754918841616,36.656746933025254],[-75.975710406420987,36.656867445467711],[-75.975591940194576,36.656922810201451],[-75.975396199090795,36.656921724901416],[-75.975392825018588,36.656853869117434],[-75.975313317827755,36.656830752058781],[-75.975255848107437,36.656845366871885],[-75.975189335047162,36.656889983111881],[-75.975184794063409,36.656949699837831],[-75.975249338914892,36.657047586452215],[-75.975237454203693,36.657135390346134],[-75.975142060307022,36.657289809364393],[-75.974988510377187,36.657281279061785],[-75.974822736172982,36.657390274739733],[-75.974657417414605,36.657605720316973],[-75.974559831628667,36.65763710941647],[-75.974449524799979,36.657576152994324],[-75.97430855308076,36.657557480369164],[-75.97423937022748,36.657653664770592],[-75.974120576115979,36.657647009623879],[-75.974008460080327,36.657692867068093],[-75.973843396443499,36.657717799889042],[-75.973640361019605,36.657888964733338],[-75.973391713637184,36.657952869771229],[-75.973193008991274,36.657890004619283],[-75.972893343588908,36.657897469746146],[-75.972804391511147,36.657961521067115],[-75.972702008721612,36.657993575172966],[-75.972726474338359,36.658092685547786],[-75.972581964155225,36.658146580016897],[-75.972526046723729,36.65816166731949],[-75.972463219451086,36.658118933406364],[-75.972398514699492,36.65804851752236],[-75.972302046417752,36.65808523197007],[-75.972160721660615,36.65808539699654],[-75.972095380901806,36.658144928311657],[-75.972100582147306,36.658318798200824],[-75.972201843839386,36.658360493564679],[-75.972201349765967,36.658404059679349],[-75.972196954309297,36.658458340191558],[-75.972236987729929,36.6587836117004],[-75.972017681121301,36.659032701087945],[-75.971915576809479,36.659035800521778],[-75.971569511626058,36.659168871399565],[-75.971301231563075,36.659764500542991],[-75.971503701946645,36.659796263486648],[-75.971703483672584,36.659786837726216],[-75.971926276642847,36.659575575721419],[-75.972155411718973,36.659482321627934],[-75.972326507542931,36.659478128300577],[-75.97240792185714,36.659503458329191],[-75.972546334276117,36.659446355857447],[-75.972571205931388,36.659501431206571],[-75.972856571951056,36.659547812882629],[-75.9731018228034,36.659704303181861],[-75.973014090637818,36.660000441172578],[-75.973162285710245,36.659977343794942],[-75.973283812496817,36.660019915257195],[-75.973287473131606,36.659941577868139],[-75.973276267546737,36.659894956461862],[-75.973384855898303,36.659818882424553],[-75.973584071685593,36.659844967554356],[-75.973634895669406,36.659881590346785],[-75.973642861929363,36.659993891439555],[-75.973488321157774,36.66011560151555],[-75.973460457214287,36.660156707879892],[-75.973360143244832,36.660142840258374],[-75.973401957126356,36.660289501543595],[-75.973498738021803,36.660350194953359],[-75.973523276402119,36.66047073850681],[-75.973494251835277,36.660564245060044],[-75.973657677843335,36.660518973026079],[-75.973961316494211,36.660518486609526],[-75.974100293953498,36.660583990674482],[-75.974250648575875,36.660684827191567],[-75.974397843823382,36.660715449021644],[-75.974480022603899,36.660890318361155],[-75.974616527001189,36.660928678054795],[-75.974490599368039,36.661168437237045],[-75.974513949277224,36.661332038098728],[-75.974489321065406,36.661411269068793],[-75.974416687783105,36.661444927253754],[-75.974372301126593,36.661493701618525],[-75.97437926486667,36.661537676706295],[-75.974378316245733,36.661644261693979],[-75.974307936836482,36.66175275757994],[-75.974060158124928,36.661996484719459],[-75.974075968473926,36.662092413525627],[-75.973935493523044,36.662246382313612],[-75.973814144602898,36.662319462019873],[-75.973749821635295,36.662404760862188],[-75.973694209631006,36.662463953758547],[-75.973485097104216,36.662490216700512],[-75.973389014199753,36.662520291598788],[-75.97303377362401,36.66258733603938],[-75.972749422700602,36.662550099864077],[-75.972616899636634,36.662480144892854],[-75.972461023070224,36.662506428006019],[-75.972066640202613,36.662681897137077],[-75.971590039926937,36.662808825840408],[-75.971503254585656,36.663097758208934],[-75.971498800738473,36.663207071359196],[-75.971484640594639,36.663279081516563],[-75.971499346914158,36.663436809409525],[-75.971414757953752,36.663602173773526],[-75.971271734482414,36.663675689589247],[-75.970899033352495,36.664037771719478],[-75.970744636311366,36.664124010460007],[-75.970754852851087,36.664599152272928],[-75.970801498770513,36.664665084491666],[-75.970688745829321,36.665168509804928],[-75.970655151532654,36.665514035575818],[-75.969522493638692,36.665557441278231],[-75.969471797215618,36.665617342951975],[-75.969443685337126,36.665656548399703],[-75.969422352145742,36.665708291720264],[-75.969403705815395,36.665769490298871],[-75.969406872376766,36.665822944170607],[-75.969417437462837,36.66591642548731],[-75.969421670324451,36.665968556297713],[-75.969416248093395,36.666041306053891],[-75.969416860744417,36.666082340079541],[-75.969425526791966,36.666152948931568],[-75.969425774726972,36.666230573126349],[-75.969417265884601,36.666303805411978],[-75.96941149780217,36.666359264237826],[-75.969401587587967,36.666471536424865],[-75.969385399048221,36.666512180397703],[-75.969364798882125,36.666552153507141],[-75.96936016357526,36.666604312709339],[-75.969373619439892,36.666666285897549],[-75.969391450998287,36.666719754998667],[-75.969426673042278,36.666756921424295],[-75.969486823335359,36.666755280712209],[-75.969531554944936,36.666795702603181],[-75.969567786695308,36.666831241972211],[-75.969608232442653,36.666902068466023],[-75.969637375587098,36.66693948843966],[-75.969703558965662,36.66699226994011],[-75.969711475818272,36.667134602049615],[-75.969741615194351,36.667213834252323],[-75.969707326499943,36.667338191753707],[-75.96962069117734,36.667440838817114],[-75.969592143615913,36.667474676665051],[-75.969590644327695,36.667519704664336],[-75.969471435194563,36.667571147703619],[-75.969407531740188,36.66772962265734],[-75.969378196356274,36.667771769031376],[-75.969333913904336,36.667842826676178],[-75.969337371519856,36.66790595894927],[-75.969368929335801,36.667965136806679],[-75.969353599585475,36.668007613062187],[-75.969237311773639,36.668142425840927],[-75.969220438717642,36.668188193449524],[-75.969191819291012,36.6682446704882],[-75.96914257724039,36.668321280929483],[-75.969104467112786,36.668358566912467],[-75.969051716242674,36.668388942145967],[-75.968983722758821,36.66842225790387],[-75.968926901622154,36.668451940670579],[-75.968863196695452,36.668473260088263],[-75.968798095786823,36.668512928830857],[-75.968744462771099,36.668538037562129],[-75.96868590429267,36.66856661209102],[-75.968641935352778,36.668591378547518],[-75.968573449592142,36.668645620172228],[-75.968556565756373,36.668707103910798],[-75.968394610290432,36.669057878760036],[-75.968271232076063,36.669261090138889],[-75.968281715415429,36.669313960834501],[-75.968526671620339,36.669327331796417],[-75.968541310566224,36.669377351292965],[-75.968515669953064,36.669528712310694],[-75.968555687204031,36.669558151831204],[-75.968683786065242,36.669564545835911],[-75.968922454961515,36.6694020713744],[-75.968918604782189,36.669348685557246],[-75.969034642862383,36.669238925751422],[-75.969315981734638,36.669187001067947],[-75.96956288189385,36.669175793130805],[-75.969715246047485,36.669219639176859],[-75.969874749112734,36.669188380894241],[-75.969985292198317,36.669186262518636],[-75.970070776779068,36.669160274944716],[-75.970644449902665,36.669400491964041],[-75.971375945343581,36.669806714950468],[-75.97141873210056,36.669905727254246],[-75.971838284864106,36.670168438235685],[-75.971978026789728,36.670261711806312],[-75.972162368272549,36.670315365746006],[-75.972279606501957,36.670426892903741],[-75.972365748649494,36.670436554413676],[-75.972459886701387,36.670505268616914],[-75.97252390783504,36.670497033752461],[-75.972889409866269,36.670692935239977],[-75.973186460272856,36.670970914219787],[-75.973254942440221,36.671117848844133],[-75.973273420785617,36.671307968771458],[-75.973212469195275,36.671480410409039],[-75.973051167702849,36.671628297299264],[-75.972746616363651,36.671765729280018],[-75.97268998477152,36.67182253656938],[-75.972478825882504,36.671892111986139],[-75.972324076701781,36.671856187319371],[-75.972267968827438,36.671732022290527],[-75.972158469584201,36.67167184941983],[-75.972061720129787,36.671647781411167],[-75.971960548269223,36.671657221570392],[-75.971773409432615,36.671724510951584],[-75.971631017476938,36.671694456221701],[-75.971476854896082,36.671475800557452],[-75.971446334634294,36.671393538653],[-75.971266627560027,36.671413784408784],[-75.971185245585175,36.671506078011582],[-75.971219699569602,36.671575648670924],[-75.971297332874755,36.671634006644624],[-75.971362771549948,36.671751394696805],[-75.971658932624393,36.671824278045044],[-75.971816650737139,36.671845788184356],[-75.971920580425603,36.671974997319033],[-75.972000592469641,36.671960814802453],[-75.972067931979979,36.671993342937903],[-75.972072625677342,36.672080955420356],[-75.972109771014345,36.672125031094346],[-75.972040717518453,36.672203551340964],[-75.972172751898924,36.672205575247027],[-75.972179263786416,36.672160545666479],[-75.972296544236642,36.672167224776146],[-75.97236180594372,36.672200752168585],[-75.972470624263977,36.672195269104748],[-75.972545396434967,36.67221045452473],[-75.972644939649911,36.672305415928975],[-75.9726944682631,36.672339208407543],[-75.972743763314327,36.672371786097997],[-75.972799053721729,36.67240974162975],[-75.972969696794792,36.672418038253028],[-75.973017771035543,36.672441165761128],[-75.973082230547064,36.67254704684705],[-75.973180037318571,36.672559899204593],[-75.973240260375221,36.672573617606076],[-75.973313347306743,36.672664187094234],[-75.973484122432126,36.672750627275668],[-75.973405516251518,36.67279737274697],[-75.973481775134303,36.672862321662677],[-75.97359664270968,36.672822595360543],[-75.973715882385562,36.672892564707702],[-75.973824942352621,36.67297220599032],[-75.973975208041765,36.67312260671671],[-75.974055297340925,36.673250914526001],[-75.974150519659347,36.673247115340615],[-75.974183365659414,36.673103410457493],[-75.974202251839927,36.672943550960262],[-75.974273225035603,36.67285751519691],[-75.974281083497701,36.672756490725256],[-75.974507481407173,36.672354479539379],[-75.974848495363744,36.67226321872041],[-75.975017952660636,36.672228075977458],[-75.9751949315514,36.672169876245619],[-75.975472462465149,36.67223896860839],[-75.975660076510565,36.672340165240037],[-75.975776044522163,36.672497408396481],[-75.975970869344337,36.672558123161366],[-75.976184140172577,36.672751614364174],[-75.976454435156754,36.67310767076944],[-75.976627752514389,36.673417731938287],[-75.976600707834464,36.67355634233482],[-75.976686690980188,36.673848395154707],[-75.976669972434451,36.673987282884958],[-75.97659447352639,36.674200462901155],[-75.976603233897038,36.674303410620908],[-75.97652559879522,36.674265416396437],[-75.976299370667334,36.674295685548046],[-75.975999743892544,36.674292857632203],[-75.975539402225181,36.674381221126062],[-75.975436705025274,36.674480669201778],[-75.975250814846902,36.674553404426696],[-75.97516806294125,36.674561677042782],[-75.974816334778268,36.674708209984921],[-75.97472188770594,36.674702987194571],[-75.974514292433668,36.674789374651716],[-75.974491235375254,36.674851990403411],[-75.974562916443347,36.675007538177219],[-75.974680985614413,36.675031733380585],[-75.974717626098226,36.675107533008585],[-75.974947681049215,36.675106995530122],[-75.975071545252177,36.675355189852311],[-75.975077230689607,36.675611249528735],[-75.97497947602038,36.675671677969312],[-75.975111591249231,36.675706424319166],[-75.975175093156665,36.67575499655873],[-75.975295391047936,36.675807650252615],[-75.975375297989075,36.676024782056821],[-75.975430204815879,36.67602615815813],[-75.975459177280428,36.676087366543257],[-75.975631440015931,36.67609646321349],[-75.975716524846376,36.67624089594478],[-75.97580761311788,36.676254837756019],[-75.975853894321318,36.676637227563091],[-75.975755893513707,36.676735898222645],[-75.975760597990856,36.676804799164429],[-75.97568732600638,36.67681926609211],[-75.975640817529182,36.676875194286723],[-75.975519280861135,36.676980995783616],[-75.975299425381863,36.6770954217846],[-75.975067105778038,36.67718039877451],[-75.974771561846197,36.677200159578341],[-75.974471326911939,36.677289222181663],[-75.974421079646532,36.677255415306526],[-75.97437840877221,36.677285132129825],[-75.974318043781736,36.677270421774196],[-75.97394076843041,36.677198874276137],[-75.973448776420653,36.677055531241315],[-75.972943118340496,36.67700217667079],[-75.972817788985296,36.676923392588378],[-75.972669376520585,36.676812458423157],[-75.972568139083023,36.676793926632499],[-75.972447058759116,36.67694130546986],[-75.972456081437826,36.677034121261805],[-75.972429871292789,36.677149422544289],[-75.972382077326415,36.677183423270037],[-75.972338910582067,36.677398342263992],[-75.972386176339043,36.677474618665137],[-75.972338585391938,36.677504585402687],[-75.972302462337723,36.677613297400903],[-75.972417582339716,36.677700653485672],[-75.972272668813019,36.677713271554602],[-75.972303366941219,36.677774847470701],[-75.972272646355123,36.677882165007517],[-75.972211249200413,36.677879027428119],[-75.972084158248961,36.677934204859646],[-75.972032357796408,36.678011723511418],[-75.97208574018218,36.678067166694888],[-75.972008332354136,36.678137209081406],[-75.972058334379483,36.678196838718563],[-75.972025553058145,36.678250204708199],[-75.971941327915431,36.678290343187477],[-75.971806759387547,36.678310849372529],[-75.971763042874244,36.678483773865914],[-75.971665149864464,36.678586124366525],[-75.97155187140882,36.678746969958141],[-75.971425059833408,36.678680901392198],[-75.971329726123898,36.678971902362711],[-75.971264476993241,36.678989150517737],[-75.971465846940575,36.679370383394698],[-75.971435717445942,36.679709087695244],[-75.97136123632913,36.679827468435917],[-75.97118208621032,36.679983154559693],[-75.970911139947589,36.68008655129664],[-75.970323975026744,36.680198067893279],[-75.969844977147574,36.680070843675566],[-75.969586068309653,36.68016402815568],[-75.96951523525118,36.680146067755558],[-75.96937337779309,36.680230679718626],[-75.969195523943227,36.680236620404841],[-75.96908775934682,36.680237782462406],[-75.968917860078818,36.680466861627316],[-75.968844784825393,36.680640194800262],[-75.968795372094888,36.680730896716881],[-75.96882280035544,36.680792321089058],[-75.968804571741714,36.68083363613988],[-75.96867630040397,36.680932279083891],[-75.968663004439449,36.681093879097233],[-75.968621407051899,36.681171150341385],[-75.968523046019868,36.681556738150441],[-75.968789880693549,36.681269746025109],[-75.969155856136922,36.681400468788333],[-75.969486433466543,36.68154729632419],[-75.969669752666562,36.681676489886677],[-75.969904146480388,36.682184690478977],[-75.969978687784362,36.682572034611155],[-75.969960677461216,36.682846679848574],[-75.969834704912302,36.682953011997078],[-75.969713694657017,36.682986145669695],[-75.969531688793921,36.683071484279871],[-75.969321421931994,36.683216769841856],[-75.969306867427761,36.683340399806774],[-75.969135234411283,36.683477918926592],[-75.96916708507797,36.683537679859221],[-75.969176250588831,36.683649705098155],[-75.969245078607571,36.68371059476403],[-75.969138760298762,36.683848453250143],[-75.969070393115743,36.683864973429657],[-75.968987960112017,36.683842832699824],[-75.968928745863423,36.683732968941356],[-75.968760628852948,36.683786405291464],[-75.968682420625981,36.683923221946309],[-75.968722558251201,36.684024047333054],[-75.968719325214508,36.68409346403439],[-75.968547994031951,36.684232088334539],[-75.968500815411531,36.684328388520989],[-75.968369161916755,36.684405416624756],[-75.968307052398018,36.68452183715425],[-75.968210021770915,36.684619423596956],[-75.968294325067063,36.684646880590059],[-75.968321541325238,36.684688022117435],[-75.968287975774629,36.684756591761101],[-75.968167864732948,36.684796392584545],[-75.96798523633737,36.684927902501926],[-75.967775980978459,36.684970886631795],[-75.967626935201451,36.685172608726049],[-75.967553351501593,36.685282159221678],[-75.967626883099172,36.685328781817105],[-75.967602217158117,36.685409742215718],[-75.967608923081684,36.685461376442071],[-75.967683755439822,36.68548231006389],[-75.967713711559597,36.68551906041025],[-75.967686693829108,36.685583538982051],[-75.967558367694139,36.685753149943345],[-75.967597486629813,36.685804661474521],[-75.967648136340472,36.685854141500087],[-75.967650944474059,36.685951109607913],[-75.967642608108221,36.686008793929169],[-75.96756708225071,36.686114152798496],[-75.967566739992591,36.686159233282815],[-75.967711272633579,36.686262012279542],[-75.967783829559082,36.686235555024986],[-75.967853468756545,36.686235245983553],[-75.967981935028703,36.686345122736292],[-75.968128402640829,36.686566006756692],[-75.968064264726166,36.686815943424115],[-75.968071278771902,36.686962817531267],[-75.96804352262626,36.687038216403927],[-75.968064754308003,36.687126954976975],[-75.968040383912665,36.687302439282711],[-75.967979026283814,36.687404395535168],[-75.967979842852387,36.687484341636619],[-75.967914557789115,36.687612012463561],[-75.967866191595917,36.687826763290659],[-75.967688425780963,36.688049680951934],[-75.967550043904723,36.688160552088149],[-75.967357463972405,36.688237224098955],[-75.966719536153192,36.688357930711526],[-75.966377070519115,36.688355142211876],[-75.966279287103802,36.688303187208497],[-75.966257113987638,36.688211021089863],[-75.966162664220349,36.688194140944574],[-75.965991697753793,36.688241549845735],[-75.965902019837301,36.688325115589741],[-75.965842560348634,36.688430353867702],[-75.965740906092776,36.68843005275901],[-75.96568851724372,36.688660899044137],[-75.965703274767222,36.688741144946817],[-75.965809874248706,36.688900146094078],[-75.965950311470337,36.689056251106244],[-75.96580894359407,36.689337379365057],[-75.965547280521477,36.689475255138348],[-75.965387485503811,36.68943514554671],[-75.965316527579517,36.689482105627718],[-75.965308909865897,36.68953969653694],[-75.965248717351969,36.689614695252899],[-75.964926356912258,36.689766945698892],[-75.9647742335071,36.689820090439845],[-75.964676713298189,36.690046580974929],[-75.964615770690983,36.690155275967633],[-75.964483838718465,36.690220809550574],[-75.964521709894214,36.690330241923057],[-75.964016702194328,36.690402126570511],[-75.963856261287944,36.69044478637052],[-75.963172906563116,36.690408812020095],[-75.9628808912137,36.690324294092704],[-75.962763496677425,36.690343678384906],[-75.96259294613084,36.690290528963487],[-75.962539796408748,36.690347654649386],[-75.962350441428313,36.690338664113405],[-75.961987568765934,36.690638208093382],[-75.961593510190127,36.69060780202561],[-75.961157213728001,36.690468142568569],[-75.960895803980321,36.690330456583737],[-75.960734806118481,36.690205881245014],[-75.960648042336743,36.689937456504929],[-75.960804546825543,36.689778821275738],[-75.960922993289017,36.689741217196996],[-75.961051483815694,36.689659265842565],[-75.961127448051059,36.689486054563567],[-75.961258363130682,36.68934782800067],[-75.961284673887022,36.689166808880195],[-75.961325184313083,36.688987637032604],[-75.961292686859366,36.688950389860956],[-75.961249526403222,36.688713545344847],[-75.961139464814607,36.688950587237045],[-75.961165029070983,36.689053406444643],[-75.961119063176199,36.689142642614556],[-75.960897093961066,36.689356349706529],[-75.960637807830722,36.689519791952605],[-75.960279308167131,36.689612832441682],[-75.959781694500336,36.68961968652053],[-75.959697449594671,36.689650639720355],[-75.959615101930893,36.68963503346],[-75.959529987456037,36.689537902877049],[-75.959371203043034,36.689411504498047],[-75.959199634705257,36.689421632569363],[-75.959153291518049,36.689455715032452],[-75.959000606665839,36.689723510433154],[-75.958908657808294,36.689788942815653],[-75.958830392987494,36.689766528620218],[-75.958637259692992,36.689917552743914],[-75.958416048655963,36.690115446222663],[-75.958392143587929,36.690239613996177],[-75.95832756190552,36.690322207273567],[-75.958280791120259,36.690445549927553],[-75.958130183172983,36.690497043188564],[-75.957915793043895,36.690631696264489],[-75.957806010831348,36.690659043781146],[-75.957655852940036,36.690658314802299],[-75.957216335119284,36.690807892906022],[-75.957118679264738,36.690915321198545],[-75.956885180172947,36.690992874309757],[-75.956627034004697,36.691031096541046],[-75.956557750540085,36.691067537374792],[-75.956426885766135,36.691202901137451],[-75.956184723321726,36.691387339904267],[-75.956217829833207,36.691683618886806],[-75.956149101527458,36.691760515727836],[-75.956088080766833,36.691820216200121],[-75.956141893445619,36.691892327076815],[-75.956110173034617,36.692028661101887],[-75.955896591389291,36.692151129430336],[-75.95568644220667,36.692267846531017],[-75.955686753023755,36.692343165289032],[-75.955477661158241,36.692624019335824],[-75.95546300244942,36.692736737248175],[-75.95578086053294,36.692731192260283],[-75.956207830685784,36.692727574115843],[-75.956404525800394,36.692773304769339],[-75.956870861027312,36.692713828334867],[-75.957210355034448,36.692696877866787],[-75.957385486988969,36.69276203183842],[-75.957486271675648,36.692750810048182],[-75.957608192822647,36.692731886644346],[-75.957761671785548,36.692733456931947],[-75.957874335793534,36.692699578330426],[-75.957990417891182,36.692738968785136],[-75.95799612848144,36.69278651606605],[-75.958042229123507,36.69280265544004],[-75.958123386519546,36.692764163250871],[-75.958335087092664,36.692743779050872],[-75.958341625929606,36.69281961740981],[-75.958453820118706,36.692877359246296],[-75.958470368882885,36.692804851679654],[-75.958540726732551,36.69280467376192],[-75.958684444601587,36.692889971223934],[-75.958766876707017,36.692972565976397],[-75.958798273724511,36.693224350307695],[-75.958609940128554,36.693323384334896],[-75.958732999441025,36.693516378877035],[-75.95891332186126,36.693572300693447],[-75.958915881161502,36.69363349079444],[-75.95925154834552,36.693778093722244],[-75.959324883212048,36.693934840706902],[-75.959418265780783,36.693992009064409],[-75.959807087178476,36.694031568128317],[-75.960033728531386,36.695260041964417],[-75.959988015961528,36.695402751070809],[-75.959814891741658,36.695663181703921],[-75.959457436818752,36.696004790470028],[-75.959183327587894,36.69609647041905],[-75.958896865623572,36.696069790378878],[-75.958857453837112,36.696105615863047],[-75.958899803114548,36.696158491878904],[-75.958809654480845,36.696260698571898],[-75.958837187844296,36.696445412598045],[-75.958905217260764,36.696499669157213],[-75.958891002319717,36.696683972770835],[-75.958830790941164,36.696779602632013],[-75.958712738838116,36.696893843598851],[-75.958399762199846,36.697019216250652],[-75.958261795345251,36.697044305594147],[-75.958177002467266,36.696989382444258],[-75.957908596640166,36.696990951924619],[-75.957737862837263,36.697101081971077],[-75.957663808420179,36.697573795216613],[-75.957699334094713,36.697632732010987],[-75.957706932943708,36.697752362919054],[-75.957488745635928,36.697904023919065],[-75.957353548287358,36.698038003539565],[-75.957207389695682,36.698060083281383],[-75.957107005657633,36.698086645227598],[-75.95706943721413,36.698257005775496],[-75.957113103421776,36.698628440519315],[-75.957423109331387,36.69875122461243],[-75.957768675051511,36.69907991627263],[-75.957444252978235,36.699684797072685],[-75.957206913588578,36.700053789763174],[-75.957136201802669,36.700134711610588],[-75.95706171529595,36.700136749906896],[-75.957009270751342,36.700326433668472],[-75.957031974771837,36.700459608156699],[-75.956912366786696,36.700553810842884],[-75.956764464565055,36.700641080371085],[-75.956696818729228,36.700735394472098],[-75.956532726171218,36.700803765424787],[-75.95646995010253,36.700858591498097],[-75.956633605180997,36.700941961309184],[-75.956737804364067,36.700935099596755],[-75.956861250850395,36.700955637916614],[-75.956933852691662,36.701046647902317],[-75.957093380011401,36.701140231185782],[-75.957326076907648,36.701140607869533],[-75.957586481440529,36.701232779376561],[-75.957611356689071,36.701286813605272],[-75.957709398819176,36.701443576250547],[-75.957758672310817,36.701482314015138],[-75.957889040316431,36.701470386948714],[-75.95804819753026,36.701675073446516],[-75.958240533120801,36.701780411570127],[-75.958340401525874,36.701759195733459],[-75.958325063690722,36.701857666349945],[-75.958355008132401,36.701958108106979],[-75.958333466531897,36.702039025068686],[-75.958406390868333,36.702070473106829],[-75.958419309540432,36.702178019624562],[-75.958337496374256,36.702391905111618],[-75.958298610102233,36.702438458274607],[-75.95821853517613,36.70243815073875],[-75.95815487875845,36.702485649527851],[-75.958208850439036,36.702727730845766],[-75.958258034099174,36.702820182055945],[-75.958358532223244,36.702807716471746],[-75.958601567830115,36.703005181372184],[-75.958582909821658,36.703089678157404],[-75.958634548577464,36.703093407447973],[-75.958721301579388,36.703151175418299],[-75.958803422867717,36.703134189800089],[-75.95887355703691,36.703196047134028],[-75.958992356538261,36.703194474179327],[-75.959238635961626,36.703090898207293],[-75.959294733954493,36.702898984263989],[-75.959373158675419,36.702943547152721],[-75.959475238732736,36.703021566356234],[-75.959559567181714,36.703019162985377],[-75.959587856028335,36.703066072996855],[-75.959535009936772,36.703177057160374],[-75.959611757503083,36.703216720250609],[-75.95968591522643,36.703185795559328],[-75.959784959876387,36.703234184074674],[-75.959882567221896,36.703206130896739],[-75.960069784211953,36.703246319730304],[-75.960275665498656,36.703270261176698],[-75.960309692783298,36.703211842219538],[-75.960497009486346,36.703155151020397],[-75.960510472537521,36.703081093154012],[-75.960626810655015,36.703070424557403],[-75.960740242722579,36.703001747367153],[-75.960881114728792,36.703015596460666],[-75.960925783456304,36.703073741883983],[-75.961076622270596,36.703048709245031],[-75.961101273838636,36.702997203504189],[-75.96105216384035,36.702788063798643],[-75.960962247870299,36.702739131955362],[-75.960870658338891,36.702613642593363],[-75.960877317550086,36.702484814788185],[-75.960967105959369,36.702389467150276],[-75.960967517387758,36.702315868050057],[-75.961022430502766,36.702274689859685],[-75.961137202856733,36.702236319089693],[-75.961303914003793,36.702251937196735],[-75.961366036098937,36.702195143017356],[-75.961430490220565,36.702182966142779],[-75.961456481176697,36.702222077332273],[-75.961566468205135,36.702199264154693],[-75.962237294126709,36.701471113664297],[-75.962375302303812,36.701306030920044],[-75.962378611697318,36.701226339748288],[-75.962432970551774,36.701173086933444],[-75.96254645831489,36.701138368653851],[-75.962752786962611,36.701025045815719],[-75.962826129015667,36.700956157208509],[-75.963047618530425,36.700974359790344],[-75.963124305011291,36.700987202356316],[-75.963436530657958,36.700917247041687],[-75.964204961230095,36.701145906650254],[-75.964679654382422,36.701331224738972],[-75.964815177819446,36.701440955319754],[-75.964880354186576,36.70150833532422],[-75.96489902207648,36.701599300001114],[-75.964998546426813,36.70176323118671],[-75.965384060227635,36.702073089694778],[-75.965504415611079,36.702125067083635],[-75.965536276159256,36.702215354737902],[-75.965384702523053,36.702427241497915],[-75.965427259311326,36.702496632223209],[-75.965401344712021,36.702593281891382],[-75.965424578738507,36.702644532944149],[-75.965468668052651,36.702664910917854],[-75.965375223500189,36.702772877213079],[-75.965457329517136,36.702789022413008],[-75.965414356808907,36.702833373620599],[-75.965363137566342,36.702953105188215],[-75.965291923622203,36.702963352472622],[-75.96513474988852,36.703113929346323],[-75.965166630199633,36.703179104738815],[-75.965384081787192,36.703287886317085],[-75.966008744184634,36.703755158485698],[-75.966123677337009,36.70380094523793],[-75.966180848816634,36.703793334040299],[-75.966255585953348,36.703565882183973],[-75.966343531019675,36.703658673766931],[-75.96644844256673,36.703605934709081],[-75.966509936739527,36.703529012264831],[-75.966569242616259,36.703401046651393],[-75.966650741372106,36.703313621089023],[-75.966663304311339,36.703212094295537],[-75.966710280810815,36.703144831739749],[-75.966761042810887,36.70306025939221],[-75.966767014810898,36.703004968907535],[-75.966847945831461,36.702989820536494],[-75.966932136838224,36.702903497163312],[-75.966952846598772,36.7026466043041],[-75.966897204950072,36.702587922711757],[-75.96693702008011,36.702536880486115],[-75.96693000603436,36.702393111488341],[-75.966960419396628,36.70226790172935],[-75.966986339385841,36.702225297464899],[-75.967090643671796,36.70199002144593],[-75.967202611485433,36.701906660694107],[-75.967454711991806,36.701654548283031],[-75.968179431440532,36.701804920294457],[-75.968201783321447,36.701873487638736],[-75.968218272796804,36.70213134962701],[-75.968176176844267,36.702188386569929],[-75.968137616660698,36.702238631016243],[-75.968096832248492,36.702389445543531],[-75.968030047896988,36.702513595655361],[-75.967946972597829,36.702854288828803],[-75.967844480213813,36.702966567532627],[-75.967843712154249,36.70307873515879],[-75.967812705903896,36.703264791851062],[-75.967868325993038,36.703394828310984],[-75.967729731216039,36.703697641603398],[-75.967653906219539,36.703705949976275],[-75.967639393936139,36.703772815204218],[-75.968409373203812,36.703811785863707],[-75.968525978120951,36.703801280856624],[-75.968576025062063,36.703748371206345],[-75.968605011001344,36.703799113739564],[-75.969837105210743,36.703845552977022],[-75.970078036963187,36.703812013450566],[-75.970654635899663,36.703845035865307],[-75.97105984616141,36.703848036985725],[-75.971122589890754,36.704000041742738],[-75.971118404639839,36.704217093954739],[-75.97109504844245,36.704256539725804],[-75.970917322153369,36.704283615199195],[-75.970600993900803,36.704314597065256],[-75.970194823340037,36.704280910100977],[-75.970028042124383,36.704330778671867],[-75.969986038698323,36.704400430553797],[-75.969932982401019,36.704405412219138],[-75.969949667709102,36.70435109570117],[-75.969783288040389,36.704311015476335],[-75.968804485503441,36.704361759798736],[-75.968915643036695,36.704467771953567],[-75.969475394070017,36.705143210786844],[-75.969864397825702,36.705756188539667],[-75.969852256196319,36.705801096904793],[-75.969835366970656,36.70586357001735],[-75.969788187451954,36.705883625211676],[-75.969762872028923,36.705939871480396],[-75.969704671079981,36.705949688412225],[-75.96964823262563,36.705990618328293],[-75.969645497255584,36.70615478357194],[-75.969722457722611,36.706223100730945],[-75.969764762084267,36.706297154849551],[-75.96975882422025,36.706392478914836],[-75.969866997550142,36.706409870718709],[-75.969858681845551,36.706456701600693],[-75.969834476740218,36.706520610951841],[-75.969555622608041,36.706536764726927],[-75.969491783832368,36.706550937267124],[-75.969491736221656,36.706717331724803],[-75.96954035484147,36.706829301588009],[-75.969603253979358,36.706854645555033],[-75.969802620683623,36.707240645433842],[-75.969802268544015,36.70752897018243],[-75.969820258205914,36.707607692664112],[-75.970372610714534,36.708400728407526],[-75.970364576182646,36.708476030639169],[-75.970335730380555,36.708515302824402],[-75.970710356600122,36.708853510751823],[-75.970853145611159,36.708834775673935],[-75.970917751548086,36.708854029270135],[-75.971026568970018,36.70894243155319],[-75.97118223712728,36.709116031093942],[-75.971393010639034,36.709178085258429],[-75.971531724891932,36.709267488911955],[-75.971710667499906,36.70929750591467],[-75.971807785263593,36.709366284782774],[-75.971885005343736,36.709382870055322],[-75.972026903226023,36.70961046313041],[-75.972049104189949,36.709753459582693],[-75.972104041559462,36.709997779290426],[-75.972109022717703,36.71004396344874],[-75.972200545773802,36.710172244230058],[-75.9722794798395,36.710730279340041],[-75.972256493748006,36.711193577160756],[-75.972243548126443,36.711453467478599],[-75.972266476725764,36.711678275408737],[-75.972273530297386,36.711942252295977],[-75.972343581821548,36.712142605945964],[-75.973022509648672,36.712174965859184],[-75.973543816381081,36.712000738790564],[-75.974320559064537,36.711399350380077],[-75.974912164357832,36.710758663919414],[-75.975247351841475,36.710571601318634],[-75.975984000018855,36.710516851308377],[-75.976587362462595,36.710512146576413],[-75.977162937319633,36.710683483469055],[-75.977777097513084,36.711014596356137],[-75.978542783732038,36.711737500245015],[-75.979071039831481,36.712013730022214],[-75.979453446359727,36.712057314004113],[-75.979955702519916,36.711794370188393],[-75.980413102204722,36.711230203595427],[-75.98103197046855,36.710757867437358],[-75.981643230001964,36.71051489898506],[-75.98208368296892,36.710462567195691],[-75.982573023151943,36.710587871626295],[-75.982829066364133,36.710805290510216],[-75.982845280056694,36.711308941729257],[-75.982879913704153,36.711918990478694],[-75.983032301213996,36.71228431224997],[-75.983328374253531,36.712617383470842],[-75.983672687722162,36.712819057513876],[-75.984031390405008,36.712915008640238],[-75.984724489155724,36.712850449291636],[-75.985240225435078,36.712843847168031],[-75.985631580980169,36.712949342093466],[-75.985952480759224,36.713194659812451],[-75.986089706503719,36.714018800199277],[-75.986311727821118,36.714270815880788],[-75.986646500283115,36.714428121650222],[-75.987006739983414,36.714479997788438],[-75.987457868529191,36.714436694584307],[-75.98768657241402,36.714485749319742],[-75.987857263996091,36.714630660833343],[-75.987915138856593,36.71487033617904],[-75.987823235813138,36.715327542882726],[-75.987861841810783,36.715487317879173],[-75.987977731668963,36.715631054459415],[-75.988183085644593,36.715723788987994],[-75.988443793808045,36.715800015851322],[-75.988632145370289,36.715742229305512],[-75.988779846369297,36.715586418996665],[-75.988813440665993,36.715233936549346],[-75.988872943273776,36.715093958178791],[-75.989041146522524,36.714982767272332],[-75.989732807070467,36.714962218298957],[-75.990127058784054,36.714979507348282],[-75.990333544636954,36.715036928653781],[-75.990581557808795,36.715165878718111],[-75.990831063082311,36.715250678978265],[-76.00092256450759,36.719349197179973],[-76.001228708559793,36.719697830731711],[-76.001270705697635,36.71975123200356],[-76.001469519937999,36.719983710215416],[-76.001618667224619,36.720132386625714],[-76.001741283667641,36.720226686166392],[-76.001854479478283,36.720313777821794],[-76.002122452317423,36.720476167769732],[-76.002164314707969,36.720501517316301],[-76.002473893917823,36.720636942293503],[-76.002799646396042,36.720720552026961],[-76.006486876701118,36.721483574846275],[-76.010885191825551,36.722378213787941],[-76.012579001226399,36.722731986156724],[-76.016953371756912,36.723625665882963],[-76.01701421824437,36.723636914126473],[-76.017293318514945,36.723688310989417],[-76.017472105714361,36.723713877643434],[-76.01759638853224,36.72372433312659],[-76.01765346029886,36.723722942758336],[-76.017620731079802,36.724008767659662],[-76.017578353954605,36.724264272905351],[-76.017513889053163,36.724652580094336],[-76.017447781133114,36.725102618456823],[-76.017361220370631,36.725558117601281],[-76.017222003959489,36.726290539849572],[-76.017142442869726,36.72683829874078],[-76.017089997426794,36.727163681417281],[-76.016909444139515,36.728118957488064],[-76.01680682149977,36.728713051226983],[-76.016750686675977,36.729094404726098],[-76.016739393954552,36.729318142270351],[-76.024454820012295,36.730944258569949],[-76.024627673839248,36.73098418954941],[-76.024800151272117,36.731034580035669],[-76.024959228535906,36.731105500029912],[-76.025089251588426,36.731176604267212],[-76.025169227699863,36.731224835483253],[-76.025252245506849,36.731279766562345],[-76.02541797838856,36.731404692899595],[-76.025600070489901,36.731546682608823],[-76.026013037704118,36.731897631581901],[-76.026457213289603,36.732266273037986],[-76.026670532626866,36.732442110011753],[-76.026833657699299,36.732576512494283],[-76.026965547451013,36.732665911235216],[-76.027195747030774,36.732809819411329],[-76.027302624990028,36.732869579428794],[-76.02756586011435,36.733016904048185],[-76.027790457800009,36.733157836068862],[-76.027964965425426,36.733300294093397],[-76.02808547082752,36.733398668852253],[-76.028181942702517,36.733484894609127],[-76.028219963896916,36.733521767431426],[-76.028302444511368,36.733605892287606],[-76.028335517785166,36.733648414357688],[-76.028379301672103,36.733707368119212],[-76.02843266519325,36.733793117655338],[-76.028489764807659,36.733903563561725],[-76.028601029240434,36.734255645004417],[-76.028675507662314,36.734608393640826],[-76.028697481352495,36.734700166478461],[-76.028733367251448,36.734775486845791],[-76.028750739770743,36.734825593354721],[-76.028773783354396,36.734924276444552],[-76.028815819119814,36.735107488652709],[-76.028903891746907,36.735529335817262],[-76.029113400430731,36.736867028545248],[-76.029187341660062,36.737367651612537],[-76.029224451064465,36.73760795142568],[-76.02926657576306,36.73788033824934],[-76.029326801514671,36.738280523853305],[-76.029458274448075,36.739167181604799],[-76.029510719890993,36.739521704485163],[-76.029576290618536,36.739969453609639],[-76.029584003553566,36.74002231095924],[-76.029626001589733,36.740310124657455],[-76.029683519819045,36.74072828055629],[-76.029688632131325,36.740770014748108],[-76.029704243952651,36.741042090888158],[-76.029700765675884,36.741085295587766],[-76.029691543571175,36.741213554762304],[-76.029676354856349,36.741307379943123],[-76.029636143569277,36.741482582169439],[-76.029610467023502,36.74157241613095],[-76.029583212137794,36.741667778486971],[-76.029559599022235,36.741750380559374],[-76.029509295162953,36.74190730467204],[-76.029387991158572,36.742264376846308],[-76.029142839120894,36.742842558357587],[-76.029028417109899,36.74302264050128],[-76.028856795771489,36.743224142566987],[-76.028613883233845,36.743463570315697],[-76.028320403630516,36.743752471740656],[-76.027960211540929,36.744090687919716],[-76.027535939028866,36.744534663676333],[-76.027411422649024,36.744737253751069],[-76.027334640048437,36.744921849798089],[-76.027290849873282,36.745107101161153],[-76.027270174248699,36.74530803413289],[-76.027243948832293,36.745533686656103],[-76.027254486070575,36.745644140864009],[-76.027319775625429,36.745812651121753],[-76.027433518510065,36.745944198436419],[-76.027655009821473,36.746100985127171],[-76.028075139303439,36.74638723419222],[-76.029986849449458,36.747707418587709],[-76.030201341986483,36.747870263099522],[-76.032100242156559,36.74895018434259],[-76.032817527147998,36.749390967093582],[-76.032906680448363,36.74949020656441],[-76.032934803106642,36.749524314209651],[-76.033019568136851,36.749636355550983],[-76.03308520264477,36.749743215025752],[-76.033246684698568,36.750073706778089],[-76.033396623400947,36.750337080960755],[-76.033542819721859,36.750609524817094],[-76.033595661321826,36.750733973438201],[-76.033641960491565,36.750841703026602],[-76.033685173948314,36.750946675746],[-76.033721635667376,36.751068900455358],[-76.033733730584359,36.751116938511018],[-76.033776201134373,36.751328329063135],[-76.033788066980946,36.75144082913959],[-76.033813574643432,36.751689427660729],[-76.033834596119405,36.751882171231962],[-76.033855485543029,36.752083236173021],[-76.033868133822224,36.752322511043467],[-76.033860362496696,36.752555532659976],[-76.033853705082123,36.752760551597028],[-76.033839007745755,36.752998674913641],[-76.033845304935895,36.753231662807544],[-76.033814119920805,36.753552718069258],[-76.033802345702384,36.753661876710495],[-76.033788672445453,36.753755940741208],[-76.03376632415781,36.754006734168186],[-76.034177992408132,36.754087622213099],[-76.034497310253954,36.754175593848032],[-76.034734814035289,36.754265718839726],[-76.035574097428835,36.754602841466408],[-76.036450593533019,36.754931932559039],[-76.037420783023023,36.755263411021062],[-76.037994576520873,36.755443001231505],[-76.038500910134118,36.755565398709351],[-76.039058862740248,36.755624927251382],[-76.039738959275539,36.755661105698486],[-76.040406359920937,36.755705010377],[-76.040933423057695,36.755722051304538],[-76.041357341633542,36.755712969095924],[-76.041826984457344,36.75566898741134],[-76.042416599982261,36.755591607539372],[-76.04313389665181,36.75546901073885],[-76.043649489200703,36.755384043292587],[-76.044202488496339,36.755287932909638],[-76.044854615985273,36.755116125502731],[-76.04500524279716,36.755073985267487],[-76.045318692847573,36.754986401158767],[-76.046009558386515,36.754793239303979],[-76.046278465473549,36.754751003166689],[-76.046807487835935,36.754708258154011],[-76.047395514241131,36.75467865547342],[-76.047916148135414,36.754665636911852],[-76.048316954855608,36.754679992020648],[-76.048791643516367,36.754707839988349],[-76.05049859257484,36.75477939666677],[-76.050699302260455,36.754777612446929],[-76.050845318918306,36.754751812147703],[-76.050985663613474,36.754671560328831],[-76.051217594246793,36.75453225410768],[-76.05149186697102,36.754360542892748],[-76.051780493875171,36.754172481694894],[-76.051956891555932,36.754043060205476],[-76.052133907277621,36.753897054924458],[-76.052346353452421,36.753718557264548],[-76.052566102032173,36.753529029091261],[-76.052680710892744,36.753392780438787],[-76.052873990612653,36.753169508924024],[-76.053002919517169,36.753016908348776],[-76.053111057812757,36.752869451535055],[-76.053197593422396,36.752749238524046],[-76.053407833334859,36.752426530219708],[-76.053554861495726,36.752141243688442],[-76.053621467082465,36.751998414686881],[-76.053730138977329,36.75183435894067],[-76.05381443868022,36.751709249922868],[-76.054029478291255,36.751807727046788],[-76.054378480965667,36.751966119777649],[-76.05462636298347,36.752100806927778],[-76.054831458244308,36.75223037060691],[-76.05524732432194,36.752480822098939],[-76.056045667894708,36.752971271851237],[-76.058615432613919,36.754605388609825],[-76.06099467274619,36.75615014749777]]]},"properties":{"OBJECTID":1,"PATROL_ZONE":"121","PRECINCT":1,"SHAPE.area":145740093.28537151,"SHAPE.len":67486.197837630505}},{"type":"Feature","id":25,"geometry":{"type":"Polygon","coordinates":[[[-76.192571703826943,36.91815557986174],[-76.192592992102561,36.918147535325488],[-76.192609021640479,36.918138014172953],[-76.192624532850502,36.918127548588529],[-76.192640825594793,36.918110504305346],[-76.192650107886635,36.91809335013393],[-76.192655868782552,36.918076099720054],[-76.19265479439747,36.918054044551383],[-76.192645746565915,36.91802529360524],[-76.191432770302399,36.915386034541754],[-76.190720381129267,36.913854826470327],[-76.190461438155353,36.913343991988036],[-76.190264654107537,36.91291218575774],[-76.190183293692243,36.912754972017645],[-76.190064186068739,36.912601358542446],[-76.189949789210559,36.912469430930024],[-76.189735787153666,36.912249083964618],[-76.189514969578738,36.9120761613353],[-76.189331043117576,36.911929927298509],[-76.188719880602235,36.91149428329684],[-76.188129476356465,36.911085009332488],[-76.187232733124119,36.910483813040095],[-76.186462743076632,36.909962938916806],[-76.185873020652181,36.90953204371786],[-76.185472925397676,36.909222991251326],[-76.185041935283934,36.908833379669318],[-76.184785905546491,36.908515705625732],[-76.184562838590082,36.908263685690223],[-76.184001767931591,36.907730123509388],[-76.183649322913041,36.907418459190311],[-76.183583010177074,36.907370610398416],[-76.183179739378048,36.907112370494922],[-76.182888292662213,36.906952082673669],[-76.182314915084348,36.906739993213975],[-76.183168619133141,36.906538239608793],[-76.185248440899755,36.903976024268481],[-76.187609714726335,36.901038793475614],[-76.188348729066192,36.900138436287413],[-76.191793875978632,36.895859688457641],[-76.192847466856236,36.894509438158138],[-76.193371924878662,36.893799934855011],[-76.194533964868967,36.8918060977254],[-76.198746701530411,36.886102592430674],[-76.199167636801192,36.884644094407648],[-76.197424623977327,36.884197286210281],[-76.192927638800398,36.877715990970962],[-76.192987977739719,36.877268245443489],[-76.192733150846436,36.877533340988442],[-76.192609981939512,36.877661507598035],[-76.19239849426711,36.87776043720465],[-76.192039893093906,36.877946647909283],[-76.191705580569362,36.878126933510835],[-76.191337870479146,36.87835164661211],[-76.190970121761396,36.878576357615039],[-76.190766202395281,36.878688319451769],[-76.19032515474359,36.878950299390816],[-76.190047905002515,36.879099418436979],[-76.189631111863505,36.879355417082635],[-76.189450464253142,36.879493604574193],[-76.189147610729833,36.879693843095119],[-76.188820368844858,36.879906459691753],[-76.188542291755411,36.880081412571187],[-76.188035340999534,36.88040005862328],[-76.186707899605878,36.881261901818569],[-76.18637442610779,36.88147881237537],[-76.183186981595867,36.883507160505665],[-76.182130423582862,36.884228816915403],[-76.181573411512872,36.884586698092129],[-76.18125566392213,36.884804406811853],[-76.181219271373337,36.884832826110603],[-76.18070630909159,36.885283026973795],[-76.180224040446475,36.885822816734915],[-76.180117545169551,36.88594205498736],[-76.179856260287693,36.886215115157626],[-76.17931052656607,36.88678527551459],[-76.178620862973006,36.886518017082182],[-76.178587489661879,36.886602611299352],[-76.178523891634711,36.886667320373213],[-76.178405709275935,36.886726872043262],[-76.178042086520264,36.886863995758908],[-76.177703508794735,36.886967298398282],[-76.177591080145362,36.886764109416582],[-76.177565751247599,36.886717390797408],[-76.177525206685573,36.886628449095468],[-76.177484263271552,36.886415826067946],[-76.175676008503544,36.887009673585212],[-76.171158071919237,36.8865628001967],[-76.166101549508042,36.88749347027089],[-76.164775594826168,36.888313926623503],[-76.163289316917243,36.889228787685603],[-76.163107286799644,36.88924854920964],[-76.161082747355621,36.889417563377499],[-76.16114363875883,36.890120261191434],[-76.161309503692891,36.892036064784435],[-76.160504301482916,36.89329581633708],[-76.160213073057704,36.893456981311964],[-76.159313227044322,36.893954854208211],[-76.159233814176588,36.894035088683893],[-76.159039182492194,36.894232314797911],[-76.158971058752599,36.894301268311175],[-76.158314734334681,36.894495895209559],[-76.157972423210836,36.894597323222172],[-76.1572552388307,36.894842416774843],[-76.155523074062188,36.895434083737598],[-76.155022332461584,36.895568951808663],[-76.154809508994362,36.895626265871314],[-76.154192888315336,36.895792332656114],[-76.153193541307843,36.896016972216287],[-76.152837856066057,36.896086579303343],[-76.151620649635845,36.89632487556846],[-76.151181398614753,36.896410872016531],[-76.147519737057607,36.897127563026622],[-76.147071906227211,36.89721889337261],[-76.147003620790898,36.897232822334544],[-76.146915447552487,36.897250741977324],[-76.146815204549924,36.897271161629277],[-76.146725492497453,36.897289558995382],[-76.146619485005715,36.897312026778977],[-76.146451306011485,36.897347656970503],[-76.146320849072652,36.897375322315284],[-76.146223714240989,36.897395920813892],[-76.145275971853323,36.897596812816275],[-76.14487280256391,36.897675773348453],[-76.144782076313476,36.897693503950457],[-76.14464571834155,36.897720662704657],[-76.144702239440917,36.898179495841966],[-76.144803998799674,36.898992958149016],[-76.144877250122875,36.899621919580028],[-76.144890361932752,36.899734609155793],[-76.144917390443041,36.899966705997691],[-76.144967731133235,36.900414046158261],[-76.144989398497898,36.900597539359993],[-76.145013268531613,36.900705318207123],[-76.145061022073804,36.9009207152504],[-76.145107031986043,36.901119236729997],[-76.145128879013754,36.901213577245635],[-76.145212478929039,36.901494124078383],[-76.145238910957943,36.90156394526791],[-76.145282057939369,36.901677661375878],[-76.145357636797485,36.90187561913551],[-76.145399172201266,36.901984508902039],[-76.145556769939759,36.902422054796517],[-76.145579512587801,36.902480062662761],[-76.145639210130028,36.902632664976899],[-76.14575196307122,36.902861932793549],[-76.145849705164025,36.903106395681014],[-76.146220595290316,36.904039747431035],[-76.14643709286706,36.904533048820937],[-76.146493900528995,36.904662547853782],[-76.146569069755358,36.904832005574789],[-76.146640274716347,36.904992537051399],[-76.146747877616022,36.905237513175983],[-76.146807152051736,36.905372418514027],[-76.146865348509095,36.905553426627947],[-76.146977539104924,36.905906410932602],[-76.146812481756314,36.90597213154728],[-76.144674333276612,36.905701097307585],[-76.144560629019523,36.905613592090141],[-76.144360478086014,36.905664585333248],[-76.140999442230267,36.905195738567357],[-76.140813244828067,36.9050764427556],[-76.140511030905245,36.905158459184953],[-76.138567522194762,36.904904958470631],[-76.138296186961526,36.904747447363349],[-76.138821007005021,36.905790268914259],[-76.138848611335391,36.905886149465381],[-76.139291752061681,36.906827185395301],[-76.138151438724847,36.910350764134755],[-76.138151511488388,36.91162706876122],[-76.138149198326531,36.912734996077695],[-76.1381483494186,36.914175728295049],[-76.138211215318805,36.914464678910051],[-76.138481701644125,36.915707998636947],[-76.138157797898756,36.918179212881583],[-76.13778585404863,36.921010822400625],[-76.136636894427198,36.921843317501072],[-76.138163800441475,36.922366323855563],[-76.139990205669818,36.922985880134362],[-76.141400855313279,36.923432107918188],[-76.142608802807857,36.923349131581254],[-76.142906965328748,36.923451299711132],[-76.145841417307224,36.924120449245819],[-76.146794178582383,36.924315499906484],[-76.147911161772967,36.924626530009355],[-76.148016650038471,36.924647900328921],[-76.148424502245447,36.924746780528487],[-76.149221171358548,36.924897421598217],[-76.149484848453994,36.924897198976552],[-76.150697829209093,36.925102613176371],[-76.150764583916171,36.925109523765769],[-76.151367142367732,36.925154781181156],[-76.151493272121826,36.925173785826175],[-76.151704254941038,36.925216491682214],[-76.152079668084781,36.925256987106771],[-76.15235767061408,36.925347765289366],[-76.152750984486502,36.925363889466496],[-76.153393463170957,36.925516917812892],[-76.153728382956658,36.925540087512822],[-76.156048831946848,36.926023524309279],[-76.157394318697939,36.926256539359599],[-76.15872510362108,36.926632224521484],[-76.159197910311306,36.926735107805378],[-76.159197035352221,36.926875320058961],[-76.159311518448661,36.926938043146201],[-76.159434811323095,36.926940497664184],[-76.159548325137337,36.926810825326797],[-76.159602147697598,36.926619383131381],[-76.159591216098903,36.926531246986954],[-76.159641930488263,36.926441535903571],[-76.159949488488721,36.926351414667636],[-76.160350326649947,36.926345655338523],[-76.161133915394203,36.926476723055416],[-76.162093587408862,36.926671758352505],[-76.162874983365484,36.926764278438426],[-76.163979844689621,36.927025431263154],[-76.165186215640858,36.927439808033334],[-76.166264952159892,36.927661927922649],[-76.166748154154604,36.927762239710141],[-76.166948976129618,36.927801941710321],[-76.167348336562227,36.927955618639139],[-76.167882454168918,36.928070700735397],[-76.16823393349857,36.928113389170406],[-76.169014358376359,36.928346078277755],[-76.169254317253362,36.928449743415015],[-76.169744491073004,36.928657468939299],[-76.17078758693313,36.928925601640437],[-76.172024172718963,36.92924975835647],[-76.172191265650014,36.929385026946839],[-76.173845324599498,36.929942856905633],[-76.174230223054352,36.930010996866692],[-76.174775753756705,36.930203256342146],[-76.175441521264915,36.930405253969809],[-76.175471037210215,36.930456060452734],[-76.175701035567343,36.931409271199605],[-76.177411437749782,36.931805981894549],[-76.176902831398849,36.921923063745417],[-76.177118753155497,36.920800028833241],[-76.180072043703788,36.920858349493727],[-76.182405936880514,36.921465248127213],[-76.183884694093891,36.921706164710528],[-76.187530759101094,36.922852932753067],[-76.189491179495079,36.91864101193827],[-76.190764007811026,36.918558790955316],[-76.192571703826943,36.91815557986174]]]},"properties":{"OBJECTID":25,"PATROL_ZONE":"331","PRECINCT":3,"SHAPE.area":27890157.217072122,"SHAPE.len":27009.6550519386}},{"type":"Feature","id":2,"geometry":{"type":"Polygon","coordinates":[[[-75.986785491217134,36.763377173973055],[-75.98693876266924,36.763440317743864],[-75.986987305830553,36.76345821261949],[-75.987538161745931,36.763657852537065],[-75.98767162534601,36.763729839852786],[-75.987806705015274,36.763800021501432],[-75.987912286705566,36.763854458616272],[-75.98839347377907,36.764224544910647],[-75.988427072567333,36.764255077286649],[-75.988720422813259,36.764524010955085],[-75.989181963731497,36.764929736280635],[-75.989351348264861,36.765092927083167],[-75.990106638281006,36.765820521191863],[-75.990374370371654,36.766111613177252],[-75.990514623438656,36.766264150281771],[-75.990565444727537,36.766355427582376],[-75.990710588222925,36.766452994289914],[-75.991412815653575,36.767218364030832],[-75.991469386160276,36.767281744990704],[-75.993286797455994,36.768638353819519],[-75.993287217867547,36.76872907419984],[-75.993287093001726,36.768836310055669],[-75.993271865659338,36.768987211125555],[-75.993254660226697,36.769094081783471],[-75.993234387047366,36.76918988199008],[-75.993207034245273,36.769293760998679],[-75.993176558000954,36.769389329965271],[-75.993138495484061,36.769506758688408],[-75.993104258891933,36.769613265226909],[-75.993074874998996,36.769777601728542],[-75.993071246703565,36.769887510121599],[-75.993068162787182,36.769980903743928],[-75.99307664288348,36.770137821208849],[-75.993128650846842,36.770323157040906],[-75.993169117255462,36.770442250177098],[-75.99320703873687,36.770536533251473],[-75.993254801262211,36.770642058284949],[-75.993310315350115,36.770720190769119],[-75.993369457733493,36.770792904710603],[-75.993458060366592,36.7709048113677],[-75.993559737978657,36.771033468274162],[-75.993681274646718,36.771181811231287],[-75.993813993543426,36.771302860287747],[-75.993956820283699,36.771429635550781],[-75.994142587392872,36.771598581360301],[-75.994296270273367,36.771706341370773],[-75.994570677744889,36.771882661476802],[-75.994748128251175,36.77199370233717],[-75.994952828253275,36.772108004852576],[-75.99512789912238,36.772188701830721],[-75.995363618849552,36.772295519095458],[-75.995535729769784,36.772362442612767],[-75.995735145881383,36.772429920858698],[-75.996238215915227,36.772616626960819],[-75.996808613781297,36.772730527749609],[-75.997941843003787,36.77298287383325],[-75.998647779578235,36.773132681643446],[-75.999968475522422,36.773400050796184],[-76.000653220839325,36.773571334422911],[-76.00091786811528,36.773629217754269],[-76.002764193485035,36.774023202884543],[-76.003693320983402,36.774246461185612],[-76.004112377876922,36.774346388769665],[-76.004169796393256,36.774358412450724],[-76.004487005893125,36.774431071134011],[-76.00466982203659,36.774484388279241],[-76.004862569953843,36.774546255059718],[-76.005075685373541,36.77461405086261],[-76.005214965565074,36.774639019879082],[-76.005628865230548,36.774733050268367],[-76.005821288855984,36.774805858262106],[-76.005908742543824,36.774848959042082],[-76.006015952879736,36.774914487291781],[-76.00630479897282,36.775173655363091],[-76.006559406677169,36.774967922106001],[-76.006886932429751,36.774749961766993],[-76.007145225921718,36.774585018551399],[-76.007422308576167,36.774401043616429],[-76.007763786063435,36.774199391740638],[-76.00802882230991,36.774034589092302],[-76.008385182186487,36.773792843362003],[-76.008584080868488,36.773667298850555],[-76.009010431183796,36.773376593170084],[-76.00929150954461,36.773148760962663],[-76.009705386752216,36.772808642275088],[-76.010263245035219,36.772369716012996],[-76.010601420315524,36.772092903212375],[-76.010777346380749,36.771918218459483],[-76.01081928153485,36.771876876107946],[-76.011224649001761,36.771504092353936],[-76.01135570511687,36.771352958776667],[-76.011467004583949,36.771226123661762],[-76.011630347048694,36.771034690123045],[-76.011884883786124,36.770674153921696],[-76.011953475547955,36.770551281162],[-76.012119920793694,36.770253031733446],[-76.012323442206153,36.769894188654085],[-76.012548329149325,36.769492441614702],[-76.012667794302331,36.769236949473544],[-76.012758059717015,36.769043978940161],[-76.012880484818879,36.768798194177677],[-76.013031673077833,36.768492682872186],[-76.013224659946943,36.768086095596537],[-76.01358942535964,36.767317557411886],[-76.013711357286411,36.766894735755564],[-76.013791905624686,36.766635423838217],[-76.014096315030059,36.766141240950276],[-76.014274029641044,36.765852872156628],[-76.014565524865901,36.765385272554703],[-76.014864652177422,36.765053219665617],[-76.014930787945261,36.76497630047357],[-76.014959254658308,36.764943174088593],[-76.015077033673521,36.764806133236647],[-76.01525441051794,36.764501694125251],[-76.015279002797158,36.764458562340778],[-76.015432528472473,36.764186426740267],[-76.015536463550845,36.763935893284312],[-76.015580746002783,36.763732136974625],[-76.015623853458308,36.763530838453548],[-76.015693110871766,36.763206654874899],[-76.015713936515013,36.763109214294779],[-76.01580521612766,36.762722984982446],[-76.015985384037677,36.762346180587429],[-76.016276852313069,36.762001832001737],[-76.016657160376809,36.761675092892297],[-76.017115282307103,36.761423236392723],[-76.018782114401617,36.76053722081928],[-76.019175109372114,36.760334794807527],[-76.019518847918945,36.760147948687703],[-76.019869035471203,36.759977916113648],[-76.020268273732924,36.759781223809973],[-76.020549314364516,36.75961525018495],[-76.020895724501003,36.759456179466],[-76.022232726664228,36.758732422853129],[-76.022436008226506,36.758622417865567],[-76.022611796849517,36.75853338689609],[-76.02277523004409,36.758447391514935],[-76.022929864240481,36.7583777512205],[-76.02310572652533,36.758285424457057],[-76.023261262630257,36.758186017876803],[-76.023394624720709,36.758121559921811],[-76.023551259465222,36.758033977853188],[-76.023701226015376,36.757928903996721],[-76.02387840702707,36.757799236947818],[-76.024046967805305,36.757638559675478],[-76.024213273812165,36.757475787715116],[-76.024410868140393,36.757276048219239],[-76.024602204804324,36.757091205523722],[-76.024989758679141,36.756695314670907],[-76.025297057964806,36.75642384173409],[-76.026238871471605,36.755567829225164],[-76.026398925204091,36.755384508236929],[-76.026511439193428,36.755211861841566],[-76.026584279986551,36.755128800676403],[-76.026707369841731,36.755038720602251],[-76.02693428697745,36.75487759491201],[-76.027099751262881,36.754742963018089],[-76.027263405443037,36.754635577902789],[-76.027411238494381,36.754554220448107],[-76.027508155035463,36.754499828553321],[-76.027688355284809,36.754421118147704],[-76.027990219762984,36.754294526368895],[-76.028282939391588,36.754220191045896],[-76.028552601063467,36.75416343600952],[-76.028680570567261,36.75415206484454],[-76.028793373814111,36.754158191267713],[-76.029391326603218,36.754152640636192],[-76.029667020462227,36.754152925653074],[-76.030086710668016,36.754172877551568],[-76.030589388138083,36.754183462038448],[-76.031024002055688,36.754165039589083],[-76.031383441357065,36.754133589846653],[-76.031732701847957,36.754091236748295],[-76.031879561125564,36.754079078896467],[-76.032235774576733,36.754036581819911],[-76.032372572723148,36.754021394570394],[-76.032594027203615,36.753992780548977],[-76.032737374966771,36.753975148329758],[-76.032870483732296,36.753965295791097],[-76.03307936629038,36.753946308292285],[-76.033426147431072,36.753994443150873],[-76.03360871474122,36.753998282249654],[-76.03376632415781,36.754006734168186],[-76.033788672445453,36.753755940741208],[-76.033802345702384,36.753661876710495],[-76.033814119920805,36.753552718069258],[-76.033845304935895,36.753231662807544],[-76.033839007745755,36.752998674913641],[-76.033853705082123,36.752760551597028],[-76.033860362496696,36.752555532659976],[-76.033868133822224,36.752322511043467],[-76.033855485543029,36.752083236173021],[-76.033834596119405,36.751882171231962],[-76.033813574643432,36.751689427660729],[-76.033788066980946,36.75144082913959],[-76.033776201134373,36.751328329063135],[-76.033733730584359,36.751116938511018],[-76.033721635667376,36.751068900455358],[-76.033685173948314,36.750946675746],[-76.033641960491565,36.750841703026602],[-76.033595661321826,36.750733973438201],[-76.033542819721859,36.750609524817094],[-76.033396623400947,36.750337080960755],[-76.033246684698568,36.750073706778089],[-76.03308520264477,36.749743215025752],[-76.033019568136851,36.749636355550983],[-76.032934803106642,36.749524314209651],[-76.032906680448363,36.74949020656441],[-76.032817527147998,36.749390967093582],[-76.032100242156559,36.74895018434259],[-76.030201341986483,36.747870263099522],[-76.029986849449458,36.747707418587709],[-76.028075139303439,36.74638723419222],[-76.027655009821473,36.746100985127171],[-76.027433518510065,36.745944198436419],[-76.027319775625429,36.745812651121753],[-76.027254486070575,36.745644140864009],[-76.027243948832293,36.745533686656103],[-76.027270174248699,36.74530803413289],[-76.027290849873282,36.745107101161153],[-76.027334640048437,36.744921849798089],[-76.027411422649024,36.744737253751069],[-76.027535939028866,36.744534663676333],[-76.027960211540929,36.744090687919716],[-76.028320403630516,36.743752471740656],[-76.028613883233845,36.743463570315697],[-76.028856795771489,36.743224142566987],[-76.029028417109899,36.74302264050128],[-76.029142839120894,36.742842558357587],[-76.029387991158572,36.742264376846308],[-76.029509295162953,36.74190730467204],[-76.029559599022235,36.741750380559374],[-76.029583212137794,36.741667778486971],[-76.029610467023502,36.74157241613095],[-76.029636143569277,36.741482582169439],[-76.029676354856349,36.741307379943123],[-76.029691543571175,36.741213554762304],[-76.029700765675884,36.741085295587766],[-76.029704243952651,36.741042090888158],[-76.029688632131325,36.740770014748108],[-76.029683519819045,36.74072828055629],[-76.029626001589733,36.740310124657455],[-76.029584003553566,36.74002231095924],[-76.029576290618536,36.739969453609639],[-76.029510719890993,36.739521704485163],[-76.029458274448075,36.739167181604799],[-76.029326801514671,36.738280523853305],[-76.02926657576306,36.73788033824934],[-76.029224451064465,36.73760795142568],[-76.029187341660062,36.737367651612537],[-76.029113400430731,36.736867028545248],[-76.028903891746907,36.735529335817262],[-76.028815819119814,36.735107488652709],[-76.028773783354396,36.734924276444552],[-76.028750739770743,36.734825593354721],[-76.028733367251448,36.734775486845791],[-76.028697481352495,36.734700166478461],[-76.028675507662314,36.734608393640826],[-76.028601029240434,36.734255645004417],[-76.028489764807659,36.733903563561725],[-76.02843266519325,36.733793117655338],[-76.028379301672103,36.733707368119212],[-76.028335517785166,36.733648414357688],[-76.028302444511368,36.733605892287606],[-76.028219963896916,36.733521767431426],[-76.028181942702517,36.733484894609127],[-76.02808547082752,36.733398668852253],[-76.027964965425426,36.733300294093397],[-76.027790457800009,36.733157836068862],[-76.02756586011435,36.733016904048185],[-76.027302624990028,36.732869579428794],[-76.027195747030774,36.732809819411329],[-76.026965547451013,36.732665911235216],[-76.026833657699299,36.732576512494283],[-76.026670532626866,36.732442110011753],[-76.026457213289603,36.732266273037986],[-76.026013037704118,36.731897631581901],[-76.025600070489901,36.731546682608823],[-76.02541797838856,36.731404692899595],[-76.025252245506849,36.731279766562345],[-76.025169227699863,36.731224835483253],[-76.025089251588426,36.731176604267212],[-76.024959228535906,36.731105500029912],[-76.024800151272117,36.731034580035669],[-76.024627673839248,36.73098418954941],[-76.024454820012295,36.730944258569949],[-76.016739393954552,36.729318142270351],[-76.016750686675977,36.729094404726098],[-76.01680682149977,36.728713051226983],[-76.016909444139515,36.728118957488064],[-76.017089997426794,36.727163681417281],[-76.017142442869726,36.72683829874078],[-76.017222003959489,36.726290539849572],[-76.017361220370631,36.725558117601281],[-76.017447781133114,36.725102618456823],[-76.017513889053163,36.724652580094336],[-76.017578353954605,36.724264272905351],[-76.017620731079802,36.724008767659662],[-76.01765346029886,36.723722942758336],[-76.01759638853224,36.72372433312659],[-76.017472105714361,36.723713877643434],[-76.017293318514945,36.723688310989417],[-76.01701421824437,36.723636914126473],[-76.016953371756912,36.723625665882963],[-76.012579001226399,36.722731986156724],[-76.010885191825551,36.722378213787941],[-76.006486876701118,36.721483574846275],[-76.002799646396042,36.720720552026961],[-76.002473893917823,36.720636942293503],[-76.002164314707969,36.720501517316301],[-76.002122452317423,36.720476167769732],[-76.001854479478283,36.720313777821794],[-76.001741283667641,36.720226686166392],[-76.001618667224619,36.720132386625714],[-76.001469519937999,36.719983710215416],[-76.001270705697635,36.71975123200356],[-76.001228708559793,36.719697830731711],[-76.00092256450759,36.719349197179973],[-75.990831063082311,36.715250678978265],[-75.990581557808795,36.715165878718111],[-75.990333544636954,36.715036928653781],[-75.990127058784054,36.714979507348282],[-75.989732807070467,36.714962218298957],[-75.989041146522524,36.714982767272332],[-75.988872943273776,36.715093958178791],[-75.988813440665993,36.715233936549346],[-75.988779846369297,36.715586418996665],[-75.988632145370289,36.715742229305512],[-75.988443793808045,36.715800015851322],[-75.988183085644593,36.715723788987994],[-75.987977731668963,36.715631054459415],[-75.987861841810783,36.715487317879173],[-75.987823235813138,36.715327542882726],[-75.987915138856593,36.71487033617904],[-75.987857263996091,36.714630660833343],[-75.98768657241402,36.714485749319742],[-75.987457868529191,36.714436694584307],[-75.987006739983414,36.714479997788438],[-75.986646500283115,36.714428121650222],[-75.986311727821118,36.714270815880788],[-75.986089706503719,36.714018800199277],[-75.985952480759224,36.713194659812451],[-75.985631580980169,36.712949342093466],[-75.985240225435078,36.712843847168031],[-75.984724489155724,36.712850449291636],[-75.984031390405008,36.712915008640238],[-75.983672687722162,36.712819057513876],[-75.983328374253531,36.712617383470842],[-75.983032301213996,36.71228431224997],[-75.982879913704153,36.711918990478694],[-75.982845280056694,36.711308941729257],[-75.982829066364133,36.710805290510216],[-75.982573023151943,36.710587871626295],[-75.98208368296892,36.710462567195691],[-75.981643230001964,36.71051489898506],[-75.98103197046855,36.710757867437358],[-75.980413102204722,36.711230203595427],[-75.979955702519916,36.711794370188393],[-75.979453446359727,36.712057314004113],[-75.979071039831481,36.712013730022214],[-75.978542783732038,36.711737500245015],[-75.977777097513084,36.711014596356137],[-75.977162937319633,36.710683483469055],[-75.976587362462595,36.710512146576413],[-75.975984000018855,36.710516851308377],[-75.975247351841475,36.710571601318634],[-75.974912164357832,36.710758663919414],[-75.974320559064537,36.711399350380077],[-75.973543816381081,36.712000738790564],[-75.973022509648672,36.712174965859184],[-75.972343581821548,36.712142605945964],[-75.972260157077727,36.712236533624285],[-75.971657418064808,36.712527720867563],[-75.971344029099853,36.712522692920309],[-75.97110295451526,36.712623301491298],[-75.970973109329151,36.712671303836494],[-75.970805173778359,36.712670208520912],[-75.970704796926825,36.712616195257816],[-75.970602599190201,36.71261786451705],[-75.970505965618472,36.712560058294606],[-75.969906552168723,36.712429222874917],[-75.969668178818196,36.712294941400422],[-75.969559350616464,36.712288745383624],[-75.969520152629045,36.712248389167115],[-75.969394957122844,36.712227442669239],[-75.969341218105924,36.712269172189195],[-75.969229695856669,36.712295669454008],[-75.969188005942627,36.712360875946786],[-75.968849937561856,36.712491314691071],[-75.968474529808006,36.712596216714033],[-75.968339747481096,36.71265100484969],[-75.968106192693753,36.712910857832242],[-75.968037146384376,36.713162034602917],[-75.968090959961458,36.713368030829166],[-75.968188630189047,36.713518647806588],[-75.968292876084519,36.713563074915712],[-75.968333238288537,36.713710888088208],[-75.968464603424124,36.713831459648922],[-75.968518301118536,36.714005141038903],[-75.968616186941787,36.714158564494376],[-75.968753815131535,36.714261219646616],[-75.968814862841597,36.714418161779058],[-75.968762592570172,36.714555044183932],[-75.968393296055183,36.714770202941935],[-75.968259288076041,36.714803687278199],[-75.968046328064887,36.714707482151582],[-75.967884685212667,36.714677174177602],[-75.967645620159374,36.714713060119429],[-75.967506597784322,36.714805810878367],[-75.967451196884099,36.714866077460421],[-75.966605983711389,36.714362094543148],[-75.96631153123262,36.714376420464291],[-75.965874460422697,36.714210634525308],[-75.965788277850962,36.714142417362318],[-75.965666709741882,36.713997298254441],[-75.965540329357822,36.713817428154357],[-75.965536448635802,36.713747527725353],[-75.965493501080388,36.713657962216828],[-75.965379513853961,36.713583372221287],[-75.965067163341473,36.713540927615462],[-75.96481530807516,36.713661540489653],[-75.964617421794486,36.713714191273191],[-75.964300788114713,36.713674344209501],[-75.964166349842557,36.713943613577406],[-75.963880084609272,36.714180996061764],[-75.963679376720307,36.714564532364712],[-75.963659330814721,36.714713183978262],[-75.963418317315586,36.71496681978315],[-75.963011791021955,36.715282515506971],[-75.962863529474205,36.715354371060428],[-75.962690230981167,36.715526960933857],[-75.962472296099989,36.715954964490024],[-75.962285317163477,36.716113053156278],[-75.962079009177017,36.716239811605057],[-75.96149693321226,36.716526313156457],[-75.960832037069878,36.716699026412925],[-75.96052868049,36.716722129083145],[-75.9602830388705,36.716655262160955],[-75.959281641009227,36.716134598434827],[-75.959233386207117,36.715959985731779],[-75.959186741185974,36.715861765056779],[-75.958886167586854,36.715805820571127],[-75.958791434850241,36.715759640596225],[-75.958749252659459,36.715589254035187],[-75.95857506842755,36.715576822926828],[-75.958263632400019,36.71569566403879],[-75.958094079881704,36.715691685484948],[-75.957775954998567,36.715665635853661],[-75.957708971221095,36.715670448285188],[-75.9575514498394,36.715778144994005],[-75.957474966377788,36.715798605176936],[-75.957332704677825,36.715755184619638],[-75.957170948637881,36.71579563764783],[-75.957094229817656,36.715775180344494],[-75.95703917926042,36.715672242055412],[-75.956992474052171,36.715654413086497],[-75.956879133612773,36.715724794247528],[-75.956785653127653,36.715848276887471],[-75.956674890853151,36.715825293490937],[-75.956609497992034,36.715893692064618],[-75.956139815642359,36.716095808287925],[-75.956074862057434,36.716244830667925],[-75.956164339649618,36.716295020558086],[-75.956249384954191,36.716239028141551],[-75.956447070012246,36.716253924027981],[-75.956577583544941,36.716292474303501],[-75.956748660504275,36.716450793425111],[-75.956782799180019,36.716576934917917],[-75.956603045393351,36.716660518826757],[-75.956603939217061,36.716708237094011],[-75.956691611195524,36.716802157030415],[-75.956790014448373,36.717100620731856],[-75.95689815184565,36.717131734246948],[-75.957081449486125,36.717233964176238],[-75.95718405505788,36.717369173848319],[-75.957180098877359,36.717563865737695],[-75.957036903827799,36.717529904469359],[-75.956980447407147,36.717591324646769],[-75.957128593970538,36.717846494801172],[-75.957115914250295,36.717916365577842],[-75.957081380315842,36.718014091092272],[-75.957090235009602,36.718073823740013],[-75.95705259559918,36.718117518776431],[-75.957070761330868,36.718242708471792],[-75.957033367160534,36.718319846611706],[-75.957086233014991,36.71838715637125],[-75.95714704895974,36.718471893309477],[-75.957199936373769,36.718518155902565],[-75.95718057857772,36.718718228857661],[-75.957123266960906,36.718783751771234],[-75.957092663155805,36.718975145757661],[-75.957058832602215,36.719075331839498],[-75.95709216818409,36.719196977242312],[-75.957008513471564,36.719303089181565],[-75.956610080998644,36.719521315797159],[-75.956294119258715,36.719629997194474],[-75.956219445004095,36.719703332010575],[-75.956420973054932,36.71982903900588],[-75.956613313137041,36.719887668549056],[-75.956445818659063,36.719940168893359],[-75.956394928199913,36.719996324225932],[-75.956335272878505,36.719965631666248],[-75.956200936115977,36.719991099471088],[-75.956209102700228,36.720085628884092],[-75.956219951653921,36.720226431986049],[-75.956320385099303,36.720320601080978],[-75.956279662670852,36.720355409342162],[-75.956267247055308,36.720439793442026],[-75.956245045193057,36.720616669893225],[-75.956188233039541,36.7206324995608],[-75.956125018592999,36.720821262910512],[-75.955905988665478,36.720956225771296],[-75.955645107127182,36.72101191808877],[-75.955673682536371,36.721061610190013],[-75.955603308517027,36.721084949164606],[-75.955539205636668,36.721149335982069],[-75.955279645520164,36.721233796254893],[-75.955133695337622,36.721309429371829],[-75.955078583694942,36.721412038246221],[-75.955020666613635,36.721481257018262],[-75.954831028663889,36.721612899313158],[-75.954847253136251,36.721663478840263],[-75.954711375762997,36.721718530525955],[-75.954280105374878,36.72181203679223],[-75.953849578791804,36.721858794922973],[-75.953767956966772,36.721974345088093],[-75.953646977254209,36.721985097465016],[-75.953542658595211,36.721961043762789],[-75.95347363204877,36.721926820183157],[-75.953242116437124,36.722005373824359],[-75.95313632543936,36.721987634890382],[-75.952990174932538,36.722079278804657],[-75.952888923121904,36.722155194064655],[-75.952826317733127,36.722157515472546],[-75.952601791912713,36.722214842847812],[-75.952513089566608,36.722278803175335],[-75.952454960482882,36.722242261212187],[-75.95239974104237,36.722292002200142],[-75.95225372528283,36.722304297574631],[-75.952115093674934,36.722317222260543],[-75.951883273534378,36.722209395751698],[-75.951625386979259,36.722138919006248],[-75.951116895612671,36.721925421141876],[-75.951056823472996,36.721777942033917],[-75.950974147924143,36.721650056493665],[-75.950757855163289,36.721493548202297],[-75.950685951312991,36.721404775135476],[-75.950034428390254,36.721189124444876],[-75.949810561933262,36.721286823474159],[-75.94967855270562,36.72126724609172],[-75.949435690473607,36.72109405707274],[-75.94928878987352,36.7210524216324],[-75.949232576896293,36.720990394339537],[-75.949034241457966,36.72093659358076],[-75.948969097430194,36.720877311751309],[-75.948813801175461,36.720695392646817],[-75.9488324349294,36.720581606851184],[-75.948904030657545,36.720404020343949],[-75.949026447674569,36.720350386227572],[-75.949052126016966,36.720233099720531],[-75.949096244975522,36.72019688369047],[-75.949243948669462,36.720046753605047],[-75.949227739468498,36.720000955651145],[-75.949261153203793,36.719890102354945],[-75.94935308948493,36.719842644566263],[-75.949306098612411,36.719751967907129],[-75.949229132755491,36.719619864462459],[-75.949141327826368,36.719595149001094],[-75.949064626074147,36.719491790992507],[-75.949148665265596,36.719386737810382],[-75.949250904324714,36.719141126634192],[-75.949411315586687,36.719044521540532],[-75.949486769578982,36.719050807021105],[-75.949582318884183,36.718984140145025],[-75.949790678622747,36.718950673472406],[-75.949703247392776,36.718814138052991],[-75.949519923701175,36.718698596815152],[-75.949241473810872,36.718681932905426],[-75.949057703656564,36.718546186208904],[-75.94900488631113,36.718553884514328],[-75.948966309957868,36.718641600929161],[-75.948912702094987,36.718671811569472],[-75.948849024117749,36.718630915771023],[-75.948741920681371,36.71847144830366],[-75.948807043149571,36.718358537705363],[-75.948738337301705,36.718339320334415],[-75.948785978554497,36.718301835358012],[-75.948761577616409,36.718262123887875],[-75.948789630206093,36.718041606006494],[-75.948751187701831,36.717946415925759],[-75.948781770845684,36.71782030692507],[-75.948816068523229,36.717736014998266],[-75.948788128222958,36.717575083905444],[-75.948722014014677,36.717506109321953],[-75.948521205514382,36.717558751710136],[-75.94848139218098,36.717611133392403],[-75.948459030418618,36.717728245322817],[-75.948461552887935,36.717782208186698],[-75.94840670894321,36.717843110424816],[-75.947968400254837,36.717846785713519],[-75.947792462511487,36.717896588594407],[-75.947689520071506,36.718012687659296],[-75.94778390785504,36.718137065998341],[-75.947775843678727,36.71821354969466],[-75.947827383619853,36.718327213705081],[-75.947794241175757,36.718358804133217],[-75.947826947936946,36.718396059377945],[-75.947888743045326,36.718535691856957],[-75.947883353153628,36.718644324963812],[-75.947943604956365,36.718762849539466],[-75.947930434755989,36.718816581253819],[-75.947980820361948,36.718878263228191],[-75.947891364329323,36.718979900376304],[-75.947805082942935,36.719107984780713],[-75.94767856870989,36.719168782278004],[-75.947642245331366,36.719249349166738],[-75.947612009835524,36.719375218199701],[-75.947660035567253,36.719419758572606],[-75.947624878201992,36.719496063855956],[-75.947654283654487,36.719552370726632],[-75.947595435020247,36.719786312706148],[-75.947395152034375,36.719903341393596],[-75.947393282640263,36.719958995591199],[-75.947391656689589,36.720007400186688],[-75.947451112584986,36.720067328580598],[-75.94755200147624,36.720251225010536],[-75.94737886917153,36.720387034219009],[-75.947209302280186,36.720483712509989],[-75.947109784218071,36.720540399565692],[-75.947018932203491,36.720481408332866],[-75.94693962084537,36.720560378203785],[-75.946797457960074,36.720600282900449],[-75.94655960383578,36.720581941676471],[-75.946488649504744,36.720654993322654],[-75.946339088993099,36.720609313100233],[-75.946222938623492,36.720673385652987],[-75.946181768834009,36.720698014361055],[-75.946065338190053,36.720666901570404],[-75.94597874508824,36.720680182238226],[-75.945829305849145,36.720844092161279],[-75.945732065914584,36.720823866619092],[-75.945697780813447,36.7208852985638],[-75.945712927307454,36.720931238560595],[-75.94561037653294,36.721196842646805],[-75.945625659570865,36.721294522944973],[-75.945536150537635,36.72139860289483],[-75.945447289189744,36.721480359120896],[-75.945424804358169,36.721555264749327],[-75.945319316092665,36.721610802542827],[-75.945324455354424,36.721657899216908],[-75.945237924236352,36.721721104682324],[-75.945149668352954,36.721748333851586],[-75.945102420562264,36.721906940546184],[-75.945131536757259,36.721947497621024],[-75.945041269545939,36.722045654351575],[-75.94463381619093,36.722239328493856],[-75.944293477767445,36.722473178045462],[-75.943653044546906,36.722394811372389],[-75.943609350491485,36.722428478874825],[-75.943279018401924,36.722400310297957],[-75.943017879945486,36.722403353175835],[-75.942675726026792,36.7222407052082],[-75.942358438373503,36.722179985746514],[-75.942299472958254,36.72222318306035],[-75.942220494875087,36.722226185623079],[-75.942186861052548,36.722298566069803],[-75.941815081594129,36.722222148364231],[-75.941773419527863,36.722066714098993],[-75.941740501662593,36.72194449576746],[-75.941730950774485,36.721852077646709],[-75.941717923406244,36.721660201198624],[-75.941705375738351,36.721475342560275],[-75.941670180643854,36.721282928015391],[-75.941599621571541,36.721183875289462],[-75.941546047844611,36.721108548069942],[-75.941136554415607,36.720783002928648],[-75.941080247115295,36.720761469034578],[-75.940961799753495,36.720716295792847],[-75.940591026408185,36.720369117777416],[-75.940492152438125,36.720087416790747],[-75.940471905309948,36.720042023534496],[-75.940333461449924,36.719730360277644],[-75.940276116595456,36.719650471472839],[-75.940149923959282,36.71947461672891],[-75.940756528422881,36.717274487714171],[-75.940223002805965,36.717080561984297],[-75.939883289609895,36.716795716546521],[-75.939818721402233,36.716823981510487],[-75.939054536268145,36.716210478524694],[-75.938492834094021,36.715375652273906],[-75.938288592232695,36.715172728358304],[-75.939386503291487,36.711730234059139],[-75.939404513614619,36.711677818841331],[-75.939382008121811,36.711551706031756],[-75.939223017994607,36.711468497518709],[-75.939113749618386,36.711290125153958],[-75.939108915783848,36.710955634535594],[-75.939060812797024,36.710852893590221],[-75.938793100469312,36.710791899393101],[-75.938731281106413,36.7108288515252],[-75.938519290377457,36.71095536304108],[-75.938396553560182,36.711090583763223],[-75.938258669350603,36.711341011056618],[-75.938021130534963,36.71145896862776],[-75.937792894672413,36.711453842671546],[-75.937612857018109,36.711482795893957],[-75.937441866297036,36.71143067288434],[-75.937354125148289,36.711410483031074],[-75.937253194934542,36.711437319057922],[-75.937007854250666,36.711315071572081],[-75.936956523617013,36.711191789767248],[-75.936999401103833,36.711124557960147],[-75.937368866502112,36.710946072454355],[-75.937458926202595,36.710924768409583],[-75.937571898332735,36.710910203476814],[-75.937603676235895,36.710839185617289],[-75.937687904971895,36.710720625051962],[-75.937734810504452,36.710580450499783],[-75.937834887318687,36.710482706887596],[-75.937825576280758,36.710413757623094],[-75.937641559089741,36.710313843264736],[-75.937479126618385,36.710325762477481],[-75.937231757538598,36.710215175358883],[-75.937079495792887,36.71022401809973],[-75.936612626068381,36.710127699215739],[-75.93642456017038,36.710360294408837],[-75.936301027445765,36.710291401926462],[-75.936284720328416,36.710173914262498],[-75.936331318637144,36.71007632136525],[-75.936388306860465,36.709957002740943],[-75.9363457913947,36.709919446700241],[-75.936245913108152,36.709831206135767],[-75.936246869813914,36.709713821470665],[-75.936068469788395,36.709582072365649],[-75.936069075252902,36.709474104113568],[-75.935831766405968,36.709313288223598],[-75.935740289163959,36.709301753419354],[-75.935612411288318,36.709204986879413],[-75.935563860940476,36.709140949411427],[-75.935544706163668,36.709075548622913],[-75.935518538239435,36.708986365116019],[-75.935527991211188,36.708603086873971],[-75.935631538217336,36.708485472759762],[-75.935641532873191,36.708429970127554],[-75.935480562859127,36.708374435767844],[-75.935415519442657,36.708409803251492],[-75.93514027384299,36.708395428686657],[-75.935068529892817,36.708429165699556],[-75.935051849974613,36.708512878020322],[-75.934967914089412,36.708564097759236],[-75.934769741246157,36.708453098329699],[-75.934756712081267,36.70834678271973],[-75.93488916687329,36.708151193185429],[-75.935007015957098,36.708092114660445],[-75.934983500757895,36.708024476124713],[-75.934840160181281,36.707965259949304],[-75.934826438415314,36.707914842804328],[-75.934957388529227,36.707830526326305],[-75.935036655869908,36.707823606174628],[-75.935113371096833,36.707861966233281],[-75.935285588018274,36.707776380749912],[-75.935300350033344,36.707716118689213],[-75.935191596391789,36.70763919675796],[-75.935103470764091,36.707529478627194],[-75.934876020029108,36.707412454135834],[-75.933923700725046,36.70534078347805],[-75.933993132411672,36.705166262916876],[-75.93404345513558,36.704980608378413],[-75.934020419636738,36.704897785259597],[-75.93407467608327,36.704668392122166],[-75.934091373967775,36.704383032533535],[-75.934064981464715,36.704317802706051],[-75.934186406741688,36.704096035570686],[-75.934248903434323,36.703967166317419],[-75.934230589480606,36.703907224644333],[-75.934206431087688,36.70382836081162],[-75.934130129085773,36.703774869968932],[-75.934090896064035,36.7037473319401],[-75.933300107322808,36.703084161284515],[-75.93322202216504,36.702980459845683],[-75.933070586869391,36.702980441119976],[-75.933044144060688,36.702921777067765],[-75.933018117171954,36.702863918897499],[-75.932915615804788,36.702775920868383],[-75.93297914196674,36.702707522140855],[-75.932990839828364,36.702640049558717],[-75.93300492181875,36.702558533283678],[-75.93298907284219,36.702507493199185],[-75.932966581722425,36.70243487443755],[-75.933019744020953,36.702264175999815],[-75.933098295404335,36.70214085158581],[-75.933124079747941,36.701984637016196],[-75.933112261512065,36.701941542118718],[-75.933096165498796,36.701882692894742],[-75.933096721555955,36.701704576288691],[-75.93309712849279,36.701600587776468],[-75.933139586466368,36.701428555053198],[-75.933131681291854,36.701388816135797],[-75.933091704465099,36.701187363456505],[-75.93310562026717,36.701111778952608],[-75.933143142896583,36.700908040229542],[-75.933147023618602,36.700749697005165],[-75.932948772621927,36.700615446978631],[-75.932928922549095,36.700466696067828],[-75.932885577039997,36.7003871927297],[-75.932738756389952,36.700331524354709],[-75.932706408056575,36.700292156516362],[-75.933017469486643,36.69936854101126],[-75.933045153767068,36.699276278677551],[-75.933048860215933,36.699056384067056],[-75.932963108835537,36.69902321122207],[-75.932844955222848,36.698977540466089],[-75.932583871563622,36.698829769538307],[-75.93240147313675,36.698565849165071],[-75.932348794131869,36.698546532489544],[-75.93182711370028,36.698623521142217],[-75.931609119530293,36.698521450838896],[-75.931426951970465,36.698280063572192],[-75.931325248307246,36.69793954747707],[-75.931306253430577,36.69772621789285],[-75.931370691382526,36.697553046394532],[-75.931342331569013,36.697465379372197],[-75.930882128242217,36.697222816184393],[-75.930802743222245,36.697212337647166],[-75.930646713043913,36.697040707820399],[-75.930536054973956,36.697026769056514],[-75.930431104799311,36.697043839576217],[-75.930277931263589,36.69722976538123],[-75.930144892566645,36.697400388566372],[-75.929875793240129,36.697536401667669],[-75.929629028726524,36.697594103948219],[-75.929354172995673,36.697611733271245],[-75.929170530402146,36.697545333740401],[-75.929122025868381,36.697527783631905],[-75.928922898115985,36.697334158837229],[-75.92887850606958,36.697199073810722],[-75.928884103472114,36.697033597264856],[-75.928827414387811,36.696903956279101],[-75.928797685541795,36.696420133625246],[-75.929219207412444,36.696018528459831],[-75.929352918947544,36.695920787935613],[-75.929473434231113,36.695769289409391],[-75.929674949705529,36.695597641234954],[-75.929976377602486,36.695417522784666],[-75.930101555142386,36.695403616859799],[-75.93011789010751,36.695355425096459],[-75.930129852073847,36.695313429248316],[-75.93027698623591,36.695143554137317],[-75.930314253743788,36.694974732441693],[-75.930647006793009,36.694117186204402],[-75.930634221071571,36.694047281541756],[-75.930565970669548,36.693943737903105],[-75.930631366225597,36.693876398087859],[-75.930577227458372,36.6937681909601],[-75.930545461233308,36.693600713939297],[-75.93050602609064,36.693574296665581],[-75.930472182062303,36.693337066619648],[-75.930412933677744,36.69327202262243],[-75.930684106315923,36.693009634723083],[-75.930577930839235,36.692608927984985],[-75.930517675443241,36.692445497347208],[-75.930305308320186,36.692279473931713],[-75.929902990633664,36.692191684203955],[-75.92968393824826,36.692244580199322],[-75.929464650504258,36.69223584127684],[-75.929332950297081,36.692214818733071],[-75.929328805470362,36.69216081918583],[-75.929125451144543,36.692099619268994],[-75.928907327617154,36.692092801427229],[-75.928413965676597,36.692131626020469],[-75.928193787702142,36.692186528149826],[-75.928036362440167,36.692310673130351],[-75.92791330312771,36.69255047787528],[-75.927840639302701,36.692624855623222],[-75.927719412553429,36.692689566661684],[-75.92747216294957,36.69269543147275],[-75.927293314664709,36.692783167322006],[-75.926922126297725,36.692528665229439],[-75.926919612811574,36.69242755278075],[-75.926863825635792,36.69240550095433],[-75.92687339359189,36.69229723485126],[-75.926920896504114,36.692191092100529],[-75.926934792543236,36.692118228048081],[-75.92699772941036,36.692070179730379],[-75.927093209545276,36.691921485757518],[-75.927127419187912,36.691793758696804],[-75.927205600465427,36.69166122541273],[-75.927176821138659,36.691623445774681],[-75.927194131674185,36.691569642461204],[-75.927233650360165,36.691492752632563],[-75.927146357470747,36.691379419897423],[-75.927157767871492,36.691312463212114],[-75.927225551149562,36.691233088710085],[-75.927248966635759,36.691090671521799],[-75.927217963080366,36.691015804625401],[-75.927151271255354,36.690941967731128],[-75.927160749379922,36.690860544219788],[-75.927170316437696,36.690799619155712],[-75.927155757441881,36.690749979516646],[-75.927154727972564,36.690652388607361],[-75.927104702591024,36.690481322566548],[-75.927121275609707,36.690379749290997],[-75.927064842545235,36.690375817689116],[-75.926988037486765,36.690312528811816],[-75.926994668850185,36.690173067632131],[-75.926955905647361,36.690120863899004],[-75.926930531833847,36.690070217506296],[-75.926950708893429,36.690013372547263],[-75.926927103862724,36.689964852531375],[-75.926786747489473,36.689929568764128],[-75.926751845245732,36.689896325709512],[-75.926654238798548,36.689700749012907],[-75.926679631476688,36.68965514691434],[-75.926617042257561,36.68954482827678],[-75.926537685085378,36.689368556706391],[-75.926419581778333,36.689293701099508],[-75.926396422311996,36.689230079251068],[-75.926354107170539,36.689163865534887],[-75.926330471597097,36.689114301196895],[-75.926225665152899,36.689007479804538],[-75.926181719569215,36.688939088275831],[-75.926101305079911,36.688887754609887],[-75.926023078886658,36.688983385523912],[-75.925942177510493,36.688885001426684],[-75.925926836980381,36.688796987395641],[-75.925784775604725,36.688650935833607],[-75.925790586806301,36.68859416042006],[-75.925671946306721,36.688443594724816],[-75.925458075403881,36.688333688554252],[-75.925393093072856,36.688346521706222],[-75.925318851806196,36.688304335457396],[-75.92531937372739,36.68821944567344],[-75.925238980797658,36.688137310446535],[-75.925157528754227,36.688058230175336],[-75.925026442994692,36.687997127843538],[-75.920112364641454,36.688057202222744],[-75.920324326624339,36.688527701956062],[-75.920387594969782,36.688667959949285],[-75.923726676898312,36.696076242683901],[-75.943432127258944,36.746696802582264],[-75.948916779548057,36.760778249803543],[-75.951582313659685,36.760625558571135],[-75.961297173045878,36.76006856325624],[-75.962461572910428,36.760581046420896],[-75.962644068355345,36.76071165874221],[-75.962765799957808,36.760798753410612],[-75.962567247127183,36.761047540388432],[-75.962351493355513,36.761311286391404],[-75.962064495096953,36.761775549984151],[-75.961971558092614,36.761885394281791],[-75.961908651768226,36.761981438825202],[-75.96188880169538,36.762031383638693],[-75.961876859491994,36.762071579114576],[-75.961594642965707,36.762530426254607],[-75.961361454690987,36.762726065843296],[-75.961305724109067,36.762812575300948],[-75.96126829220951,36.762850844562692],[-75.961063258034116,36.763018369961692],[-75.961020919536452,36.763065891737966],[-75.960933895243315,36.76316988555174],[-75.960909101741464,36.763207993432545],[-75.960729501566703,36.76334145182728],[-75.960640242265129,36.763483163679481],[-75.960609835191079,36.763560181522074],[-75.960547728367288,36.763723198205113],[-75.960453553484484,36.763800510862772],[-75.960368309652225,36.764329612301538],[-75.960422763728104,36.764705812528348],[-75.960499584956267,36.765072934127176],[-75.9604901355778,36.765243164099999],[-75.960394157776207,36.765437594980149],[-75.960298682132859,36.765978510062439],[-75.960274750115374,36.766241707304133],[-75.960154834008108,36.766284968337956],[-75.960080906253495,36.7663530744083],[-75.959722822509875,36.766441211882366],[-75.959512696683447,36.766520683549025],[-75.959460701296479,36.766596749878133],[-75.959428642220644,36.766636155694258],[-75.959340498626631,36.766741406882595],[-75.959356245195252,36.766828542198361],[-75.959528407319453,36.767215784203849],[-75.959485066301937,36.767426136604207],[-75.959394020251267,36.767705766985316],[-75.959339470055639,36.767903046316711],[-75.959372428345105,36.768110214722491],[-75.959539186204537,36.768251206070737],[-75.959554279697954,36.768453372998032],[-75.959477296773045,36.768506574846064],[-75.959260260207145,36.768656646862119],[-75.959146382575213,36.768823103922145],[-75.959129672114287,36.768859618674192],[-75.958892940884098,36.769161231170912],[-75.958823608012153,36.769353325659736],[-75.958822344980859,36.769405452525746],[-75.95877796461258,36.769513868291753],[-75.958751675415783,36.769628917845196],[-75.958711915981297,36.769760568960955],[-75.958680570167772,36.769801485735172],[-75.9587086838429,36.769905275405385],[-75.958664838870519,36.77001120787645],[-75.958689537150946,36.770087577288272],[-75.958644696845212,36.770299638027893],[-75.958647152839205,36.770345287962087],[-75.958628108555189,36.770399305948381],[-75.958552471306589,36.770572554991013],[-75.958343030894724,36.770769911857343],[-75.958253040364497,36.77081373736803],[-75.958251792604571,36.770896908193897],[-75.958116405711465,36.771014374904624],[-75.958030087494137,36.771324908174606],[-75.957884288228584,36.771653357615591],[-75.957885037423523,36.771789078764286],[-75.95787363151436,36.771982867018608],[-75.95778343347331,36.772088893041733],[-75.957725608020155,36.772205292962354],[-75.957771481388448,36.772279593585196],[-75.957915672669657,36.772275684164036],[-75.958034295202921,36.772169366973174],[-75.958248069986027,36.771858950816139],[-75.958277513167772,36.771819594456389],[-75.958397882924288,36.771828543075763],[-75.95871077152762,36.771967455937641],[-75.958837288455612,36.772058916415929],[-75.958929351399192,36.772108333696558],[-75.959064297219484,36.772215774940541],[-75.959282143167471,36.77230931755588],[-75.959541328686498,36.772443772542942],[-75.959688059505012,36.772457857364699],[-75.959891473119626,36.772555021265021],[-75.959965064006013,36.772726855808045],[-75.960096580058561,36.772646506227161],[-75.960376383709999,36.772695068285074],[-75.960613662912522,36.772618051702125],[-75.960861525167388,36.77267749433264],[-75.960922923220423,36.772702000579706],[-75.96112458332361,36.772650321366228],[-75.96115279042354,36.772567733852469],[-75.961298688503774,36.772496919093662],[-75.961359534092907,36.772509661912601],[-75.961374764130255,36.77257789413482],[-75.961392257023775,36.772624666674943],[-75.961535861705087,36.772540029806628],[-75.961606288725051,36.772321360265281],[-75.961819522722351,36.772265801595502],[-75.961866465984173,36.772117154918149],[-75.962092871080159,36.771956701927117],[-75.962579851388938,36.771687336676543],[-75.96261691408094,36.771410350152635],[-75.962609573048439,36.771357266891108],[-75.962640895505757,36.771163092799831],[-75.96266522188364,36.771117413849794],[-75.962706692608734,36.77087455652002],[-75.962706765372289,36.770834025295414],[-75.962777142086594,36.770495956514218],[-75.962811045403726,36.770380795286592],[-75.962823012759955,36.770254664479744],[-75.962990765952711,36.769975159967863],[-75.963053846550309,36.769907247806394],[-75.963147201271241,36.769818828638023],[-75.963282172244377,36.769748318606496],[-75.963511984650253,36.769650676217005],[-75.963641067166677,36.769571475483701],[-75.963978534574522,36.769333869914369],[-75.964018430552912,36.769308142873221],[-75.964218117955738,36.768989580050068],[-75.96446895363421,36.768423307878493],[-75.964613118864264,36.768287999583023],[-75.964745027480589,36.768100386307303],[-75.964867444497614,36.767965871891406],[-75.964963592080792,36.767860188458343],[-75.964970491142182,36.767775271438701],[-75.965106086444422,36.767547732739693],[-75.96530731535627,36.767307076203252],[-75.965664569954882,36.766692161730532],[-75.96580171844424,36.766305281211267],[-75.965844514184383,36.766276955304818],[-75.965927184343357,36.766266679766957],[-75.966329720320473,36.766137719814814],[-75.966455580579989,36.766122936513192],[-75.966896836640814,36.76615796292338],[-75.967006998840731,36.766196088749297],[-75.967131829630929,36.766184522909924],[-75.967222048333241,36.766079287508674],[-75.967361854039211,36.766046717152946],[-75.967417506467697,36.766029649014477],[-75.967523724165204,36.766033596174772],[-75.9678006684791,36.765878482337833],[-75.967885331999668,36.765816895695316],[-75.968027084354887,36.765816081073979],[-75.968131164960326,36.765900397933471],[-75.968338052360153,36.766012980985522],[-75.968536060811715,36.766264923879667],[-75.968586897371949,36.766356609206767],[-75.968582945683011,36.766437138089231],[-75.968445461223737,36.766694039224163],[-75.968424101082903,36.766872749201717],[-75.968334306385429,36.767233632142975],[-75.968304045736758,36.767616818521404],[-75.968298822033375,36.768064427451463],[-75.968349026179652,36.768236046821883],[-75.968360854297003,36.768282300295724],[-75.968374809624947,36.768493566547164],[-75.96826720223369,36.768573530454844],[-75.968228024907532,36.768603683307163],[-75.968333595818038,36.76862854634058],[-75.968338263464233,36.768842959895643],[-75.968157720956754,36.769227519860138],[-75.968245810651823,36.769349847847579],[-75.968379498830743,36.769189278246962],[-75.968494862276145,36.769106399165203],[-75.968760266831893,36.769048766437898],[-75.968924252490382,36.769077803004421],[-75.969050852961686,36.769027643302074],[-75.969147113732589,36.768830325846785],[-75.969216154652059,36.76873339613423],[-75.969342370644426,36.768679381291896],[-75.969508951535772,36.768462506948829],[-75.969577179479913,36.768296677322766],[-75.969594679559961,36.768254247131125],[-75.969654026759201,36.768109987326113],[-75.969757898057196,36.768016253928074],[-75.969734574199165,36.767956778179602],[-75.969829147035639,36.767867812736121],[-75.969884634174093,36.767857401405024],[-75.96999372827716,36.767814968811422],[-75.970088761051059,36.76782553486477],[-75.970218918850904,36.767889368677523],[-75.970332114661531,36.767844273540497],[-75.970368023916706,36.76766134313916],[-75.970396320848138,36.767628955517537],[-75.970457497915632,36.767558891791637],[-75.970676854829918,36.767410168344753],[-75.970814439002197,36.767138814648924],[-75.970868045068457,36.766915628480994],[-75.97096156687607,36.766463960641865],[-75.971010755926073,36.766136518757108],[-75.971387330591497,36.765550056374124],[-75.97147826614939,36.76520057102023],[-75.971582086243401,36.76497690065171],[-75.971586116984085,36.764830211655216],[-75.971587602797555,36.764775318261606],[-75.971589572802984,36.764702824580631],[-75.971591048734993,36.764649965521286],[-75.971641487341572,36.764553229145562],[-75.971696043825403,36.764461022799765],[-75.971748873747259,36.764371792789547],[-75.971806812388138,36.764293224208643],[-75.971859121287139,36.7642206696218],[-75.971961860707864,36.764000676671031],[-75.972010156832496,36.763950145187877],[-75.972177763599888,36.763774723673492],[-75.972257839424302,36.763447644525051],[-75.972192672040336,36.763268415611037],[-75.971957781458158,36.762972273076521],[-75.971961693621211,36.762759335678474],[-75.97196945057371,36.76261149026422],[-75.971945297570656,36.762568711489727],[-75.971773228871243,36.762287385560683],[-75.971770951642,36.762159536555728],[-75.971818841728123,36.762072298060197],[-75.972547890158182,36.761820832205167],[-75.972756090894961,36.761723463990137],[-75.973012295803883,36.761261068352979],[-75.986785491217134,36.763377173973055]]]},"properties":{"OBJECTID":2,"PATROL_ZONE":"122","PRECINCT":1,"SHAPE.area":66170928.876860157,"SHAPE.len":52795.982221450213}},{"type":"Feature","id":24,"geometry":{"type":"Polygon","coordinates":[[[-76.151737252756362,36.883807548289305],[-76.152417949366281,36.884022169597493],[-76.152969851818952,36.884194540035665],[-76.153458987186099,36.884347287407735],[-76.154596420524129,36.884819867032391],[-76.156068520322933,36.885431428799251],[-76.1583739387018,36.887593075449516],[-76.158495776305458,36.887707282981779],[-76.159673394879405,36.888486487109319],[-76.16068947839895,36.889157715848448],[-76.161082747355621,36.889417563377499],[-76.163107286799644,36.88924854920964],[-76.163289316917243,36.889228787685603],[-76.164775594826168,36.888313926623503],[-76.166101549508042,36.88749347027089],[-76.16733212915787,36.883721242329578],[-76.169191081247277,36.881407279204041],[-76.169296204796751,36.878989919730991],[-76.16930093442673,36.878836060077191],[-76.169354222489375,36.878661171171778],[-76.169988540877796,36.876617246815705],[-76.170538990754679,36.874852047006435],[-76.171702840850259,36.873393227740976],[-76.171735613188446,36.873217957719447],[-76.171814500541757,36.872543181844613],[-76.171881742135724,36.872024890239196],[-76.171874592444368,36.871276476394307],[-76.171874006742797,36.871196436467926],[-76.171877953940168,36.871067878848521],[-76.171887708745828,36.870954520298561],[-76.171870852757834,36.870816516421392],[-76.171862730191037,36.870710518575244],[-76.171853612290917,36.87061432865621],[-76.171848527826413,36.870560515026064],[-76.171817719205421,36.870444608837992],[-76.171804655904552,36.870332129707208],[-76.171747423339497,36.870105677593436],[-76.17172095537795,36.870001010421753],[-76.171671574088478,36.869852975306323],[-76.171643545753284,36.869769034475034],[-76.171601328528197,36.869667201215108],[-76.171537305597894,36.869512707611676],[-76.171399169860038,36.869266469130878],[-76.17134506972036,36.869161042624015],[-76.171142902069036,36.868796514114365],[-76.171075640712132,36.868686271912836],[-76.17092750672515,36.868443579540681],[-76.170817433458438,36.868276590867012],[-76.170783390004132,36.868224922969965],[-76.170718897254943,36.868111384127538],[-76.170632767683799,36.867923577712276],[-76.170558164396084,36.867775768546423],[-76.170545996715575,36.867737736404827],[-76.170504082222735,36.86760667701104],[-76.170454257165488,36.867424783335927],[-76.170410570296596,36.867282944691077],[-76.170362400834435,36.867126799774127],[-76.170344207254985,36.867067849445768],[-76.170307529041921,36.866925545870849],[-76.170253670549073,36.866675750915789],[-76.170246922404658,36.866620463367035],[-76.170235878516564,36.866529742513784],[-76.170222670586938,36.866438182847673],[-76.170214753734342,36.866383667713713],[-76.170209761796301,36.866323001308906],[-76.170203553539366,36.866247391926287],[-76.170211695869114,36.865982342017723],[-76.170216674332409,36.865820272432565],[-76.170227838594769,36.865678945392389],[-76.170230833577932,36.865581456928524],[-76.170240820148933,36.865505831719531],[-76.170246860420903,36.865453227646505],[-76.17027047982468,36.865295423115754],[-76.170286877671884,36.865192684803553],[-76.170296363881278,36.865147958870793],[-76.17031157864723,36.865081733078334],[-76.170380221613044,36.864903670527212],[-76.170468767652295,36.864674283676834],[-76.170747690056416,36.864173061859688],[-76.170845525574023,36.864043055007045],[-76.171023615680795,36.863806569035503],[-76.171202394795358,36.863586581795843],[-76.171317246201056,36.863444865393994],[-76.170143087039278,36.861897544171377],[-76.169796130727093,36.861052112580381],[-76.16949560563701,36.86092243247419],[-76.16924303800667,36.860790956740765],[-76.168851210846043,36.860513738316527],[-76.168686374482974,36.860422493437675],[-76.168487250323835,36.86033331411501],[-76.168290868721257,36.860266169908847],[-76.168022187111347,36.860214102004882],[-76.167801007515365,36.860173965930322],[-76.167580030938623,36.860128339348591],[-76.167160946197313,36.859960554099999],[-76.166250009583464,36.859541056304366],[-76.166047762880396,36.85945348739164],[-76.165075465942735,36.859017319614836],[-76.164812493126476,36.858891122021305],[-76.164623204621378,36.858815897007041],[-76.164471368677098,36.858746884136714],[-76.164366643979591,36.858703561758404],[-76.164268076335048,36.858682342595998],[-76.164162082318057,36.858680235198335],[-76.158431993225349,36.856215443640515],[-76.158119404659303,36.855813303347752],[-76.157919915784149,36.855830810065854],[-76.157734996684596,36.855683210394389],[-76.157667495477511,36.85560053918681],[-76.157499938117468,36.85531146275558],[-76.157043527477796,36.854657955311389],[-76.157122946633763,36.854490145114866],[-76.157909704634321,36.85459380637441],[-76.160849747727113,36.853541302559584],[-76.160988067619613,36.852253248025981],[-76.156125716057076,36.851958823127951],[-76.153819598788928,36.852968654218969],[-76.153486847536328,36.853494657063436],[-76.153364216720263,36.853704531022835],[-76.153320559495768,36.853784021417958],[-76.15325534450109,36.853896187790653],[-76.153208896211012,36.853970925267674],[-76.153153007525603,36.854066712046603],[-76.153090881837187,36.854171851733426],[-76.153029661650578,36.854251018901707],[-76.152959046882728,36.854346510622292],[-76.152900735441008,36.854423373862851],[-76.152836584051613,36.854500064514795],[-76.152793801786203,36.854551246441481],[-76.152711036405833,36.854616245749838],[-76.1525884082847,36.854728666792248],[-76.152461323621452,36.854856988825077],[-76.15238760786923,36.854928899787375],[-76.152281755786049,36.855012943895751],[-76.152208237663189,36.855078484780329],[-76.15213075527501,36.855143974574588],[-76.15206965366599,36.855193828464046],[-76.152008751482995,36.855237285089167],[-76.151959936132158,36.855274608256849],[-76.151898998914845,36.855318063398542],[-76.151834428910547,36.855351885305403],[-76.151721010317715,36.855423002259755],[-76.151615451983616,36.855497491699708],[-76.151474483857669,36.855561683005519],[-76.151373580593372,36.855613927306742],[-76.151329124766576,36.855638562275018],[-76.15109547475781,36.855745629738401],[-76.150922632608953,36.855812343051412],[-76.150753787064772,36.855879164123763],[-76.150593296751069,36.8559334021136],[-76.150404528370515,36.855999851469356],[-76.150124038406204,36.85608040111881],[-76.149931707307246,36.856137161889514],[-76.149730827840031,36.856196498729517],[-76.1489603751602,36.856403733101281],[-76.148794705160554,36.856450174126579],[-76.148671285623678,36.856484738749387],[-76.148571875359394,36.856510745584451],[-76.148437874566781,36.8565463897841],[-76.148191226834143,36.856556967317573],[-76.148058818754549,36.856569901002523],[-76.147825090592335,36.856607586501944],[-76.147671151691995,36.856632376405777],[-76.147164165003517,36.856712928982532],[-76.146806713673868,36.85676898703958],[-76.146743798366316,36.856775227450029],[-76.146587173503278,36.856790703407086],[-76.146250298085192,36.856845866532247],[-76.146056875533162,36.856877570252877],[-76.146002924513837,36.856886902104101],[-76.145935703581117,36.856898605191297],[-76.145689311868367,36.856937735983429],[-76.144800425301469,36.857070155625692],[-76.144842099944128,36.85725929400585],[-76.145266719205893,36.859147005828845],[-76.145382693505709,36.859832639540137],[-76.145799772308962,36.862677347288162],[-76.146090554271481,36.864711848750304],[-76.146272270877049,36.865769116019806],[-76.146383920687086,36.866659142160572],[-76.14646226366132,36.867164734479651],[-76.146548666320285,36.867634358882569],[-76.146590627525526,36.867909699459283],[-76.146615254839034,36.868072539337909],[-76.146659768158017,36.868266770993948],[-76.146697209939049,36.86840124004577],[-76.146732790410809,36.868499872620305],[-76.14677659136575,36.868620072903248],[-76.146834636906163,36.868751494920772],[-76.146855236173934,36.868798568052028],[-76.146932187657811,36.868966951943044],[-76.147088057936017,36.869203690721108],[-76.14719939064075,36.869376951245265],[-76.147377234609124,36.869680315938041],[-76.147567580431314,36.86998525039813],[-76.147610189321867,36.870062400461904],[-76.147278815186596,36.87021393571208],[-76.146971262576031,36.870331478611952],[-76.146838348744922,36.870379820620158],[-76.145932685241775,36.870732917286254],[-76.145184838666054,36.87102836506952],[-76.14497300514229,36.871111652709899],[-76.14451322761694,36.871292422279105],[-76.144388263876067,36.871341156774534],[-76.144205077626694,36.871412599483641],[-76.143391497728388,36.871741912470291],[-76.143228551420691,36.871807880249037],[-76.143074332245973,36.871869268837109],[-76.142776473355624,36.871987890731958],[-76.142505495651861,36.872097214788383],[-76.140470787278815,36.872953194291476],[-76.1390252353916,36.873542992176844],[-76.138816401342581,36.873628279142807],[-76.138115358789776,36.873943170053074],[-76.136225257617909,36.874793124197488],[-76.136435364579725,36.875091207204903],[-76.136535867195391,36.87524884562584],[-76.136625961930179,36.875363552365535],[-76.136733182147552,36.87549272434412],[-76.136789495736068,36.875564412524184],[-76.136874365869176,36.875660220383118],[-76.136919690366838,36.875708168820566],[-76.137016102054702,36.875808908227974],[-76.137083993130616,36.875885525679244],[-76.137157726849139,36.875962290365685],[-76.137237160378149,36.87604383937672],[-76.137282630402865,36.876087092280279],[-76.137400874745396,36.876190714901739],[-76.137493083216057,36.876214589432585],[-76.137566953478498,36.876231020773758],[-76.137700949779543,36.876256108276024],[-76.137802859156949,36.876269367023397],[-76.137858459483141,36.876274335370276],[-76.137864541975944,36.876375161699002],[-76.137858244785789,36.876430927955575],[-76.137866195774365,36.876472427998017],[-76.137864344346568,36.876531874082076],[-76.1378720096709,36.876584421662699],[-76.137879812437447,36.876633126194044],[-76.137887312471747,36.876689312636387],[-76.137913840620413,36.876734656983842],[-76.138003016378661,36.876855923626771],[-76.138610034067284,36.877514166386909],[-76.138709570994038,36.877602053051689],[-76.138833592402165,36.877724033303025],[-76.138935633831892,36.877804538495113],[-76.139022022117842,36.877866003463012],[-76.139104063456102,36.877919922607333],[-76.139225488733047,36.877976516254314],[-76.139489728173885,36.878073289008476],[-76.139719825345693,36.8781451558472],[-76.139991879231189,36.878217837481131],[-76.140408562775718,36.878345488443898],[-76.140896059615784,36.878486237314377],[-76.141028443440888,36.878525367829845],[-76.142037771629518,36.878866602091087],[-76.143418960124947,36.880094944424449],[-76.145302569172244,36.882179008741069],[-76.146560012042343,36.883570256243459],[-76.148631050082102,36.884174965455095],[-76.150668557605556,36.883720918994591],[-76.151131353470277,36.883617134863449],[-76.151737252756362,36.883807548289305]]]},"properties":{"OBJECTID":24,"PATROL_ZONE":"327","PRECINCT":3,"SHAPE.area":11997809.055705801,"SHAPE.len":15943.165379043046}},{"type":"Feature","id":31,"geometry":{"type":"Polygon","coordinates":[[[-76.191093470331381,36.828505060474278],[-76.191367839175342,36.828565789250874],[-76.191817238464211,36.828714908831287],[-76.193741505261272,36.829353352802627],[-76.195360844325052,36.82955869985279],[-76.195593251963786,36.829589810902434],[-76.195208163964423,36.826133876775373],[-76.195021158976772,36.824409103932801],[-76.194938065711298,36.821966103812166],[-76.194857816512041,36.819429637806238],[-76.194815264215336,36.815539894069801],[-76.194786141732123,36.81346865070411],[-76.194791820881377,36.813047154534679],[-76.194780437430083,36.812070906339301],[-76.194801817333854,36.811142062147319],[-76.194892931656483,36.810393306833376],[-76.194983356072981,36.809781965897784],[-76.195225638891642,36.808670496601778],[-76.195569186995641,36.807434860482189],[-76.19464427978248,36.806984712394403],[-76.192975557632593,36.806176627129595],[-76.191426650080373,36.805421042088625],[-76.189707117421392,36.804627680955875],[-76.188442758421928,36.804044672836419],[-76.186869273861831,36.803307478124083],[-76.185104151702191,36.802520985849881],[-76.184851979330588,36.802393270120113],[-76.184474142532196,36.802201930254526],[-76.184246676525831,36.802084192698736],[-76.184040602999659,36.801977537793142],[-76.182825221047793,36.801374319571892],[-76.181794600990315,36.800864551853053],[-76.179328329378365,36.799677615983072],[-76.177306737306793,36.798708329390664],[-76.176731990696425,36.798390709508325],[-76.174970005453744,36.797416812246908],[-76.174091199780989,36.79683758330939],[-76.173670708277939,36.796560548122805],[-76.172944605423694,36.795935808246078],[-76.172101643429073,36.795413614926076],[-76.171818885218656,36.795267671872793],[-76.171673625840583,36.795226539218831],[-76.17074122308469,36.794962209236715],[-76.170563347675298,36.794930888446522],[-76.170102382577127,36.7948497269687],[-76.169167787033629,36.794842378730507],[-76.169076306198349,36.794841660092196],[-76.168362804012588,36.794947797646451],[-76.166812044134247,36.795226175944997],[-76.166468133110868,36.795287927430827],[-76.164690133601624,36.795689406189013],[-76.163510980705169,36.795988217721479],[-76.163485683248453,36.796379454397766],[-76.163391574840972,36.797827441229835],[-76.163334710585175,36.798233027695446],[-76.163218634775745,36.798600833931161],[-76.163094423823082,36.798872164725672],[-76.162996743714032,36.799070412608415],[-76.162965989890282,36.799132759467206],[-76.16275953008855,36.799364901534169],[-76.162447696107336,36.799632914309861],[-76.162180828195986,36.799846590877536],[-76.161857569440997,36.800035296764115],[-76.161429182644923,36.800280420300048],[-76.161191108433385,36.800390767606693],[-76.1587921188396,36.80174228694915],[-76.158279974024751,36.802093992300328],[-76.157992786221683,36.802412723227867],[-76.157533504566373,36.803137170847272],[-76.156821310327672,36.804363212231813],[-76.156453611017255,36.805184285621692],[-76.156060831642421,36.806019582781275],[-76.155912689570584,36.806334684578765],[-76.155888240123502,36.806393939944869],[-76.155831083016921,36.806532671476781],[-76.15574214171896,36.806758975292375],[-76.155610475647762,36.807036710813804],[-76.155525892975575,36.807282845488736],[-76.155473661331683,36.807482143265489],[-76.155447720681224,36.807656569301237],[-76.155436951677601,36.807896249726127],[-76.155453735800364,36.808128827695654],[-76.155483937160213,36.808257228637387],[-76.155501183017051,36.808362004797075],[-76.155623159859573,36.808776902683078],[-76.155930878658467,36.809829204797829],[-76.154957319587837,36.809379734627946],[-76.154379346228978,36.809139707146706],[-76.153515811916037,36.808821875201772],[-76.152738225714515,36.808513709817845],[-76.151309220794843,36.808014322859037],[-76.151179701697174,36.808235349606811],[-76.151020627128361,36.808503252942884],[-76.150908790468748,36.808714217727371],[-76.150820975658135,36.808879918186058],[-76.150755612441444,36.809001284570371],[-76.150664805342615,36.809169795850949],[-76.150591730089218,36.80927825317891],[-76.150567074029595,36.809316217307028],[-76.150545671667956,36.809355610509073],[-76.150499320395937,36.80944375750817],[-76.150422616847095,36.809568908969453],[-76.150395130196017,36.809627106019455],[-76.150352040706792,36.809727383754556],[-76.150331083909521,36.809783342479768],[-76.15029801243233,36.809872604491176],[-76.150238797285439,36.810129777178773],[-76.150179275813016,36.810324328655675],[-76.150152322761244,36.810483567117352],[-76.15013985234846,36.810542917804447],[-76.150119867528346,36.810633143390042],[-76.150090137784005,36.810736957593583],[-76.149994498647303,36.810957670099704],[-76.149895986698269,36.811156318218963],[-76.149802533162656,36.811310791668944],[-76.149748273122853,36.811400715003892],[-76.149655441221384,36.811546684131351],[-76.149586343708052,36.811656119080645],[-76.149538523690538,36.811736270973135],[-76.149391278137372,36.811999280872378],[-76.149365991460442,36.812042330525429],[-76.149145929368657,36.812414062675785],[-76.149120540283775,36.81245211442873],[-76.149044519454563,36.812565875457274],[-76.148983667577212,36.812678951647861],[-76.148915122527768,36.812806352477892],[-76.148765075129219,36.813024600837259],[-76.14871742309667,36.813079415803671],[-76.148624937046591,36.81318118779933],[-76.148480160063826,36.813330345989812],[-76.148330556433052,36.813470738491482],[-76.148158634159017,36.81361140618214],[-76.148117095161965,36.81364216268657],[-76.148028528461467,36.813707034231193],[-76.147988227342864,36.813736800386025],[-76.147905075686921,36.813802323427211],[-76.14784452294856,36.813849272174899],[-76.14772763326549,36.813939946226881],[-76.147584949357324,36.814043716391502],[-76.147536432247136,36.814079279701282],[-76.147406811639854,36.814176193052646],[-76.147243476361652,36.814299612915498],[-76.147050862293369,36.814450942269026],[-76.146943653754107,36.814538577103882],[-76.146895673836454,36.814581078038941],[-76.146752107782689,36.814691649256112],[-76.146700292058796,36.81473120438239],[-76.146339604099154,36.815007072070877],[-76.145922833418041,36.815329907460537],[-76.145384567391375,36.815734111771093],[-76.145753182085073,36.81604227613839],[-76.146218595640505,36.816429660690147],[-76.146496510134895,36.816656212125622],[-76.146877063438708,36.816966459753473],[-76.147020136317366,36.81711319926341],[-76.147053139522612,36.817147036629869],[-76.147176925572126,36.817288195933536],[-76.147785627601905,36.817982342789783],[-76.148123192027782,36.818402682021294],[-76.148294366903514,36.818615622315242],[-76.149715936467572,36.820423676603447],[-76.150356279856609,36.821186304682371],[-76.150815601037806,36.821753424526968],[-76.151184698126784,36.822197807755828],[-76.151431485098271,36.822477328877291],[-76.151839418153614,36.822878332865628],[-76.152344337818619,36.823313311053759],[-76.152723418783694,36.823619952798801],[-76.153048672696926,36.82383174601712],[-76.15314380428552,36.823892909953749],[-76.153617070913157,36.824168846730764],[-76.153994520537665,36.824343984746839],[-76.154372563948598,36.824494433503638],[-76.154653228186064,36.824582327212568],[-76.154994723639632,36.824710118823212],[-76.155433003581919,36.824795883818638],[-76.155911934985767,36.824882266403733],[-76.157589369895589,36.825096995700605],[-76.157981338091716,36.825165369488417],[-76.158131540898793,36.825209605396793],[-76.158211730809256,36.825231316346581],[-76.158291281119233,36.825265982089945],[-76.158337547949628,36.825285010886383],[-76.158387056799896,36.825305340478423],[-76.158569341140719,36.825377607848644],[-76.158690250784687,36.825440847224549],[-76.158785188337177,36.825487441522561],[-76.159015716700338,36.825608521992379],[-76.159062134447694,36.825636354258343],[-76.159177429621153,36.825705471080305],[-76.159728866746519,36.826120643125755],[-76.16023339744099,36.826505534017834],[-76.160816802014068,36.826943851736736],[-76.161400951290489,36.827152179980992],[-76.161850795245442,36.827243797490262],[-76.162690915868836,36.827225632764204],[-76.163448518148513,36.827145896885639],[-76.1640914621603,36.827078177050275],[-76.164340097864638,36.827114156388625],[-76.16454792130898,36.827144239465724],[-76.164645881692422,36.82716499496275],[-76.164796812134881,36.827196941088054],[-76.165022259626781,36.827256800129611],[-76.166159696558069,36.826802567869009],[-76.167361166301106,36.826322727120576],[-76.168495267787748,36.825908257979847],[-76.170967524874428,36.82595732701634],[-76.172009321770688,36.825977989356943],[-76.172290876238606,36.825785921055314],[-76.175197660106321,36.823795701136689],[-76.17687212518581,36.823338981851023],[-76.177597356674241,36.823131722581813],[-76.17837591844615,36.823225573368155],[-76.18072493476069,36.82353236863058],[-76.183787061595552,36.825312246440753],[-76.184006231660263,36.825439201991813],[-76.184545926906537,36.825751791252557],[-76.186298078291813,36.827657008969702],[-76.187056005761633,36.828480864007467],[-76.187192635923083,36.828454521911958],[-76.189153670764739,36.828075634787176],[-76.191093470331381,36.828505060474278]]]},"properties":{"OBJECTID":31,"PATROL_ZONE":"422","PRECINCT":4,"SHAPE.area":17333007.094556399,"SHAPE.len":18117.654871508395}},{"type":"Feature","id":37,"geometry":{"type":"Polygon","coordinates":[[[-76.108554512108299,36.816157164504688],[-76.109231521133978,36.816239807158183],[-76.109903528340141,36.816268630233274],[-76.11083896650338,36.8162410340395],[-76.111610150411849,36.816217022832888],[-76.111617111456994,36.81590833490165],[-76.111714512189977,36.815577897523397],[-76.111922408397888,36.815212095160696],[-76.11212848192406,36.814901974187443],[-76.112334912979705,36.814591310421186],[-76.113227720692819,36.813106671523919],[-76.113482429906796,36.812655656356704],[-76.113606070429256,36.812202141488683],[-76.113640770552024,36.811749510706164],[-76.113718123582842,36.811348581461324],[-76.113779407549828,36.811218876033777],[-76.113882941081272,36.811001566843835],[-76.11462199225204,36.809756918430303],[-76.114798741174098,36.809459247359065],[-76.115351420669484,36.808528445385541],[-76.115536040630062,36.808210656934023],[-76.115972725164397,36.80745861048262],[-76.116249484425339,36.8070245779004],[-76.116603930890363,36.806718845684799],[-76.117150765048208,36.806332377225544],[-76.112204755179889,36.802056533129395],[-76.109272444785063,36.799614315759015],[-76.108714333177133,36.799077513714977],[-76.108556452469315,36.798917250240123],[-76.108377621252444,36.79869875234548],[-76.10820788637615,36.798430105453768],[-76.108082981924099,36.798186741941997],[-76.107983653406492,36.797969821608348],[-76.107934547001477,36.79784235293166],[-76.107863394142797,36.797630623757442],[-76.107824082967639,36.797372245208315],[-76.107817402196858,36.797207533391671],[-76.10781030460781,36.796986161182346],[-76.107816312540422,36.796795524989363],[-76.107823024752221,36.796675224744398],[-76.10782526964212,36.796582831162148],[-76.107865115314851,36.796445333980607],[-76.107978353346326,36.796137325960892],[-76.108253191110862,36.795549785318258],[-76.108450465638825,36.795101898078485],[-76.108605895742556,36.794784302806107],[-76.108500724582356,36.794742780000171],[-76.108427220832539,36.794714191964673],[-76.108100243052263,36.794623962728565],[-76.108050150297089,36.794609685594942],[-76.107562792695887,36.794470920954055],[-76.107413255540422,36.794434325604698],[-76.107060489823297,36.794347867655631],[-76.106545965371282,36.794224617053899],[-76.106267594532724,36.794165611242853],[-76.106212855690885,36.794154026603742],[-76.106140884466953,36.794147283284104],[-76.106012199904171,36.794135206597076],[-76.105877908955733,36.794137384832162],[-76.105619001914434,36.794163685505332],[-76.105302442794837,36.794209029884705],[-76.104982736876806,36.794290783357653],[-76.104705716206112,36.794370878613712],[-76.104590014095834,36.794404262762455],[-76.10422116134859,36.794509407485499],[-76.104093228675723,36.794553627299969],[-76.103923904329491,36.794611480397727],[-76.103627651626894,36.794699762343789],[-76.103471902621251,36.794748911812626],[-76.103117579225426,36.794860629551685],[-76.102939076791941,36.79492832178132],[-76.102814949382619,36.794975324544048],[-76.102678544698279,36.79502704769169],[-76.102343562030541,36.795106613451871],[-76.102284033371603,36.795120714970246],[-76.102123644567513,36.795158938610705],[-76.101586155583561,36.795288462629813],[-76.100874388942913,36.795412910680142],[-76.100604337402217,36.795450607609212],[-76.100528262674047,36.795461251139969],[-76.100148526837145,36.795481208115859],[-76.098633889114694,36.795441240926834],[-76.096877473426787,36.795348634366412],[-76.096351769441057,36.795324103708865],[-76.09600671037073,36.795317036063906],[-76.095638657124113,36.795282020819137],[-76.095349094175432,36.795248585259479],[-76.095012170248324,36.795200441049118],[-76.094740441552986,36.795145417618734],[-76.094605166050982,36.795110663421468],[-76.094414893890672,36.795061732149421],[-76.093784489461939,36.794889343420046],[-76.093464673051102,36.794841544994952],[-76.093253562671123,36.794815208586641],[-76.09312362136528,36.794817501899679],[-76.092959315906555,36.794822938087123],[-76.092716574048779,36.794823481921647],[-76.09246275506527,36.794851217477614],[-76.092219117587177,36.794895619092209],[-76.091997824803457,36.794957156476215],[-76.091798316165381,36.795036834528517],[-76.091578698739653,36.795130029178878],[-76.091477816136631,36.79517312716137],[-76.091363841486626,36.795221836801204],[-76.091193801183124,36.795300826876378],[-76.091039252326695,36.795369566813939],[-76.090892823342131,36.7954128739932],[-76.090679451004263,36.79546858205439],[-76.090572582926484,36.795486032807325],[-76.090424279157929,36.795527002748599],[-76.090252219441666,36.79556193515603],[-76.090138266351232,36.79559808756612],[-76.089890361875547,36.79567253671707],[-76.089779213325443,36.795708938689181],[-76.08968088283612,36.795740439717903],[-76.08958579436667,36.795770961699745],[-76.089391852588406,36.795849459174484],[-76.089300392414387,36.795886182611106],[-76.089229106605003,36.79591485868891],[-76.089083519341855,36.795977834667532],[-76.089007535343555,36.796017789347694],[-76.088892291374066,36.79607839427706],[-76.088838508339691,36.796104517324714],[-76.088767307870285,36.796139073970451],[-76.088680494681213,36.796196238177046],[-76.088620131487389,36.796237020708887],[-76.088536744472819,36.796293802151368],[-76.088383455054426,36.796384122215869],[-76.088187851392874,36.796514813093971],[-76.087940479618155,36.796718952718756],[-76.087684972700202,36.79695539942589],[-76.087434103784062,36.797211419961052],[-76.087202755259057,36.797498120626031],[-76.087099952956251,36.797675584839155],[-76.087032790414057,36.797791549550055],[-76.086764516639263,36.798379907413917],[-76.086657457220326,36.798683642277588],[-76.086565344869427,36.798944931803526],[-76.086440423349373,36.799275278405176],[-76.086326252866655,36.799583399686426],[-76.086131605012582,36.799858976686956],[-76.085929103187979,36.800130563413859],[-76.086220067508506,36.800484586573326],[-76.086404841979302,36.800765442885606],[-76.086584814954904,36.800991389709132],[-76.086729209255353,36.801200038190728],[-76.086955416721977,36.801482159996944],[-76.088510375325967,36.803509237541292],[-76.089754040734547,36.80513041370785],[-76.090771264216187,36.806437145230532],[-76.090978596282085,36.806703499128723],[-76.091788130168368,36.807767008111036],[-76.093096378157654,36.809485784428816],[-76.093490736770747,36.81001000276818],[-76.09383325091386,36.810437819545854],[-76.094166711835527,36.810783270283792],[-76.094253063290537,36.81086610573287],[-76.094583812198366,36.81118347537371],[-76.095207797266085,36.81166521839527],[-76.096433374198099,36.81251807439957],[-76.096651239010697,36.812654209345702],[-76.096964219242196,36.812800025772582],[-76.097250347931535,36.812927364551008],[-76.097568625528282,36.813077531535342],[-76.097854966220041,36.813189582131024],[-76.09811607593042,36.813268013566848],[-76.099040578003397,36.813567331858216],[-76.099990536534875,36.813822082164364],[-76.1018762206905,36.81434277993872],[-76.102372718649718,36.81447683394844],[-76.103630202842311,36.81481718264785],[-76.104342783356586,36.815050867967074],[-76.106078630319431,36.815556623962721],[-76.10711625184625,36.815854727273589],[-76.107801190300933,36.815979438916493],[-76.108554512108299,36.816157164504688]]]},"properties":{"OBJECTID":37,"PATROL_ZONE":"428","PRECINCT":4,"SHAPE.area":6743544.03903668,"SHAPE.len":10377.400742491909}},{"type":"Feature","id":5,"geometry":{"type":"Polygon","coordinates":[[[-76.079114434933615,36.767735910104292],[-76.083625756324167,36.770652263436695],[-76.089260019430569,36.77428097516249],[-76.089646084796968,36.774547928009312],[-76.089966486909347,36.774782210386455],[-76.090271103825572,36.775031814011712],[-76.090591474496904,36.775269349395941],[-76.090907250285596,36.775490331762612],[-76.091172645858194,36.775681292232484],[-76.096658465957148,36.779079368318698],[-76.106959248792478,36.785475850662486],[-76.109480822489942,36.787091414947362],[-76.111319343296501,36.788282691857077],[-76.111518667779947,36.788420414478942],[-76.112140187870523,36.788849720193156],[-76.112512026617779,36.789127447281899],[-76.113452161173299,36.788181363745473],[-76.11461627088201,36.786996563739777],[-76.115720516860165,36.786004810432978],[-76.116313587305697,36.785488188434343],[-76.116599897454734,36.785202137809186],[-76.117239466495988,36.784622233039656],[-76.11785861862748,36.784127686214241],[-76.118202556600295,36.783854203809227],[-76.118402551226964,36.783652078934011],[-76.119516320245438,36.782702069267089],[-76.120467256143954,36.781811911461809],[-76.121571095185317,36.780909501941231],[-76.121756706885947,36.780729310875095],[-76.121683813092204,36.78057902505892],[-76.121616213968764,36.780439593938112],[-76.121557171298392,36.780288742031331],[-76.121495025847054,36.780121369484476],[-76.121435364237456,36.779916131570225],[-76.121396827410081,36.779745280869058],[-76.121358984082107,36.779529385412708],[-76.121352224259581,36.779349425659845],[-76.121359780887758,36.779152885933172],[-76.121388566502731,36.778916581428334],[-76.121403428230778,36.778811791609755],[-76.121430349841546,36.778650181269015],[-76.121456289593667,36.778529762593209],[-76.121551584675657,36.778296316951113],[-76.121594127090873,36.778192115566455],[-76.121676031885215,36.777991451485413],[-76.121714545356383,36.777897004175678],[-76.121891319431271,36.777446976778108],[-76.121962731004771,36.777303219947619],[-76.122080766938154,36.776982645453913],[-76.122142083244498,36.776747852461519],[-76.122196859815602,36.776442727562369],[-76.122218204685069,36.776316254158083],[-76.122219500954003,36.776195253311379],[-76.122227567825263,36.775623582420181],[-76.122232924479306,36.775452523557931],[-76.122354649793564,36.774985637283599],[-76.122399847628785,36.774712601474739],[-76.122453039571681,36.774473220161596],[-76.122549483598902,36.77420501359601],[-76.122617681000335,36.774015446101465],[-76.122668109725424,36.773875219446104],[-76.12275078078271,36.773645473980281],[-76.122813983551154,36.77343539048794],[-76.122848616300303,36.773316384030906],[-76.122952762482768,36.772959178623658],[-76.122998964634462,36.772570988452948],[-76.123026074891413,36.77229192700522],[-76.12304679992333,36.772001881713607],[-76.123044840697716,36.771749211470834],[-76.123109980233906,36.77140404593257],[-76.123194873723193,36.771075903404125],[-76.123289387270873,36.770712072420622],[-76.123374430778838,36.770359424979624],[-76.123417510386588,36.77006870747573],[-76.123418136512342,36.769881726041348],[-76.123390451333606,36.769667521194961],[-76.123356544423217,36.769401152936773],[-76.123340503207174,36.769220785140938],[-76.123366426789644,36.76896865119005],[-76.1234145252849,36.768646302561223],[-76.12342214030356,36.76854265654692],[-76.123409244987656,36.768462581068199],[-76.123377163453924,36.768324467815489],[-76.123493572538322,36.768315686455551],[-76.123954430736958,36.768221117124895],[-76.12453340122579,36.76808832422509],[-76.12513128574291,36.767923422087172],[-76.125467247574321,36.767807355322489],[-76.125979394185791,36.767658833849147],[-76.126299531295189,36.767614675513073],[-76.126615944887703,36.767585799585902],[-76.126957391832264,36.76754486004095],[-76.127309624848422,36.767483338062846],[-76.127581800904778,36.767398532885878],[-76.127878019471396,36.767256351163098],[-76.127955872863822,36.767207399225917],[-76.128183170885208,36.767044041653968],[-76.12845165217081,36.766789378993423],[-76.128738917228986,36.766506178815597],[-76.129132947058707,36.766113079058194],[-76.129331800824943,36.765929224840932],[-76.129425606500163,36.765854356752875],[-76.129501172781858,36.765820633454183],[-76.129600958541943,36.765793745909768],[-76.129717981175688,36.765785244196209],[-76.12986087708623,36.765809850515879],[-76.129959001861351,36.765840049791663],[-76.130078213689444,36.765893739922348],[-76.130283617970747,36.765977016113425],[-76.130529728510822,36.766052047437242],[-76.130788097461263,36.766127162164423],[-76.131208825221208,36.766175606734684],[-76.131419442426093,36.76618976395099],[-76.131606475261506,36.766163591845114],[-76.131757637469306,36.766096747833124],[-76.132060021173729,36.765952991307508],[-76.132639381531391,36.76569497801853],[-76.1333457870264,36.765378901632907],[-76.133786379232248,36.765148649990174],[-76.1342557202221,36.764937067957021],[-76.134932107613594,36.76458882263065],[-76.136320443105419,36.763835875129296],[-76.137006846712325,36.763424642272703],[-76.13775171267794,36.763065782350289],[-76.138713121136021,36.76240758362475],[-76.138887805729553,36.762257572064847],[-76.139268308727722,36.762018163379231],[-76.139842699605211,36.761628178374934],[-76.140100804450952,36.761460994661661],[-76.140346122676945,36.761302042918231],[-76.140508073651318,36.761211625369889],[-76.140747685778635,36.761081846563464],[-76.14111267397351,36.760874870035281],[-76.141449812597955,36.760683859013469],[-76.141712089219894,36.760531166153818],[-76.141798080450471,36.760490707907081],[-76.142066322784203,36.760364647193839],[-76.142219200774178,36.760257862246824],[-76.142411338735371,36.760138660453954],[-76.142487145765557,36.760118799347879],[-76.141387311413752,36.75850189432316],[-76.141398551134586,36.758331282339888],[-76.142103974771004,36.757940597748984],[-76.143774436059289,36.756861131958665],[-76.143643099669788,36.756838934530819],[-76.143546913459048,36.756817470485636],[-76.138122246173069,36.752171740568038],[-76.120207845147789,36.736459419825621],[-76.099863235377654,36.718604388287879],[-76.099789739712676,36.718777816223493],[-76.099704574932161,36.719020270338568],[-76.099666925640307,36.719239245187183],[-76.099528000283286,36.719831398647266],[-76.099502224922844,36.719943613662394],[-76.099491666125004,36.719993196285635],[-76.099223782219056,36.721274296081276],[-76.099099039463766,36.721819965184018],[-76.099034897955846,36.72209661521498],[-76.098986494033397,36.722305285467122],[-76.098787574690135,36.723306768636867],[-76.0987237080667,36.7237065960297],[-76.098712859113022,36.724049852120693],[-76.098715952910851,36.724816412418654],[-76.098748396465638,36.725779677351703],[-76.098797283681733,36.729055890394605],[-76.098876348003131,36.734498602439317],[-76.098912003035082,36.738263984413926],[-76.098885579989329,36.738453047810829],[-76.098852265068686,36.738641916373126],[-76.098792682510833,36.738800023850779],[-76.098718634381981,36.738982672500008],[-76.09865988366407,36.739113322312342],[-76.098598431712105,36.739219298030811],[-76.098533646112145,36.73931734917808],[-76.098483203013998,36.739393603016268],[-76.098409896893557,36.739494445624324],[-76.098313165405443,36.739606294285338],[-76.09823565427115,36.73968784611872],[-76.098114131077836,36.739808582784448],[-76.098033668977834,36.739916505519652],[-76.097957900575196,36.739974271717038],[-76.097690834136159,36.740140684482206],[-76.09748747352215,36.740252984999735],[-76.097277256067557,36.740365117623575],[-76.096984233706735,36.740481102816254],[-76.096719617871798,36.740569946693086],[-76.096456053964076,36.740625539841652],[-76.096150999568323,36.740685832234796],[-76.095958797826754,36.740698390294575],[-76.090967145457171,36.740823903832208],[-76.089328719888556,36.740872165700551],[-76.088981398860369,36.740895743407926],[-76.08872222681606,36.740924621464409],[-76.088358760367257,36.740977180852745],[-76.088214161250917,36.741002643848873],[-76.086970633284579,36.741239202684291],[-76.091194171289033,36.747833086936346],[-76.068468822098396,36.752689418409716],[-76.061295439483104,36.756157170533484],[-76.06099467274619,36.75615014749777],[-76.061990333067769,36.756810251747993],[-76.063138476120599,36.757538301562235],[-76.064097327075089,36.75815157366312],[-76.065083448186655,36.758776421493437],[-76.065924035934003,36.75930795632361],[-76.069276488387203,36.761438694212572],[-76.072345644539155,36.763429912288444],[-76.079114434933615,36.767735910104292]]]},"properties":{"OBJECTID":5,"PATROL_ZONE":"125","PRECINCT":1,"SHAPE.area":37620175.34363392,"SHAPE.len":29894.067704326993}}]}