{
"type": "FeatureCollection",
"name": "miami",
"crs": { "type": "name", "properties": { "name": "urn:ogc:def:crs:OGC:1.3:CRS84" } },
"features": [
{ "type": "Feature", "properties": { "DISTRICT": 1, "FID": 1, "PDZONEID": "P111", "PDZNIDOLD": "11-1", "PDNETID": 11, "PDAGENCY": "M1", "Shape_Leng": 11097.3021328, "Shape_Area": 7680700.5669600004, "Shape__Area": 884501.345703125, "Shape__Length": 3765.5965893433317, "TOTAL": 70179.774317779797, "WHITE": 6082.8501031880805, "BLACK": 36884.463666022391, "AMERICAN_INDIAN": 45.249473081236005, "ASIAN": 437.82812932914817, "PACIFIC_ISLANDER": 10.999999999999996, "OTHER": 270.44289977400416, "TWO_OR_MORE": 1245.699822863432, "HISPANIC": 25202.240223521501, "WHITE_PCT": 0.087, "BLACK_PCT": 0.526, "AMERICAN_INDIAN_PCT": 0.001, "ASIAN_PCT": 0.006, "PACIFIC_ISLANDER_PCT": 0.0, "OTHER_PCT": 0.004, "TWO_OR_MORE_PCT": 0.018, "HISPANIC_PCT": 0.359 }, "geometry": { "type": "Polygon", "coordinates": [ [ [ -80.228141579631199, 25.813029757671 ], [ -80.228143722226093, 25.813144006633401 ], [ -80.228144790188907, 25.813200953274201 ], [ -80.228168209476195, 25.8139392684044 ], [ -80.228211227434102, 25.814688320739801 ], [ -80.228245686558907, 25.8154323945725 ], [ -80.228280884536602, 25.816186691149898 ], [ -80.228316182905601, 25.816931085213799 ], [ -80.228351148301897, 25.8176607353622 ], [ -80.228383234104896, 25.8184043431636 ], [ -80.2284058931251, 25.819145571106599 ], [ -80.228438923645896, 25.819875978016199 ], [ -80.228478522722, 25.8206522535408 ], [ -80.228507139032104, 25.821364141587502 ], [ -80.228535429347801, 25.8220997440357 ], [ -80.228564004332398, 25.8228203865166 ], [ -80.228593592185604, 25.823502346774902 ], [ -80.228622058195597, 25.824298820063301 ], [ -80.228622093742104, 25.824299490920001 ], [ -80.228663636171703, 25.825086748889699 ], [ -80.228693385772601, 25.825810510550301 ], [ -80.228726500335696, 25.826518941365801 ], [ -80.228751967835095, 25.827251611864298 ], [ -80.228787945745907, 25.827950290181501 ], [ -80.226766124336393, 25.828026527063901 ], [ -80.225158768755904, 25.8280808476228 ], [ -80.225193138019804, 25.8289958093564 ], [ -80.2252266291258, 25.8299133424517 ], [ -80.225226653624205, 25.829914022276 ], [ -80.225226693413106, 25.829915111081199 ], [ -80.225763473721202, 25.829899051994101 ], [ -80.225765145671502, 25.8298990031339 ], [ -80.225801840621003, 25.830833291835699 ], [ -80.225355593066894, 25.830850606367999 ], [ -80.225393986134804, 25.831638620112201 ], [ -80.225307837866595, 25.831633885852899 ], [ -80.225310419786396, 25.831700739757999 ], [ -80.225339121196299, 25.832359231431699 ], [ -80.225359199795406, 25.832965070788902 ], [ -80.225382531035905, 25.8335687773342 ], [ -80.225382533552093, 25.8335688504621 ], [ -80.225411518624895, 25.834174970091599 ], [ -80.2254403740192, 25.8347802043854 ], [ -80.2254656197874, 25.835386679479601 ], [ -80.225490818461296, 25.835991988053301 ], [ -80.225515665690494, 25.8365892548285 ], [ -80.225540153216699, 25.837192464469599 ], [ -80.225566792465202, 25.837848682628501 ], [ -80.225591666890594, 25.838461462284101 ], [ -80.225618228102704, 25.839115781649198 ], [ -80.225492512471504, 25.839114148279901 ], [ -80.225252395940203, 25.839124144573301 ], [ -80.224325479988806, 25.839154104121601 ], [ -80.223565583348304, 25.839183448581501 ], [ -80.2231873660525, 25.839197201106 ], [ -80.222764566461393, 25.8392099206796 ], [ -80.221107916069897, 25.8392667127302 ], [ -80.219051308534603, 25.839330127000402 ], [ -80.217324533073494, 25.839398626746199 ], [ -80.216986437147398, 25.8394108498021 ], [ -80.214955269120594, 25.8394732960422 ], [ -80.212938941115596, 25.839536324096802 ], [ -80.210895383534606, 25.839607775690901 ], [ -80.209488265938006, 25.839655089500599 ], [ -80.209530865133701, 25.840753045954099 ], [ -80.209564444988402, 25.8419477418798 ], [ -80.2095927391657, 25.8426337996871 ], [ -80.209620163488296, 25.843347512414098 ], [ -80.209659263691904, 25.844088271340201 ], [ -80.209693521105294, 25.844820954964401 ], [ -80.209716911021005, 25.845568015360499 ], [ -80.209734229113906, 25.8462832569538 ], [ -80.209740550773105, 25.8470226186557 ], [ -80.209744215818404, 25.847533096088501 ], [ -80.209569022791797, 25.847540321510799 ], [ -80.2095722916429, 25.8476173185331 ], [ -80.209147002345006, 25.8476230195391 ], [ -80.209031101446698, 25.847625523212901 ], [ -80.209031033426101, 25.847624801630399 ], [ -80.2090309644922, 25.847624067405999 ], [ -80.209027965211703, 25.847592076737499 ], [ -80.209026281137199, 25.847592110892101 ], [ -80.209010964847295, 25.847592420120801 ], [ -80.208153866030202, 25.847609736785301 ], [ -80.207701574599994, 25.847618847251201 ], [ -80.207165294820001, 25.847629668667199 ], [ -80.206159727806593, 25.847652070733801 ], [ -80.205142948985099, 25.847675104012399 ], [ -80.205067767902193, 25.847676817327599 ], [ -80.205067750868906, 25.847676082483201 ], [ -80.205067732958796, 25.847675329581101 ], [ -80.205065161975497, 25.8475643617599 ], [ -80.205063378000403, 25.847564417887799 ], [ -80.203467543470097, 25.847614842056402 ], [ -80.201828659541405, 25.847673828169999 ], [ -80.201689567908403, 25.847678836942599 ], [ -80.2016886518918, 25.847678877941998 ], [ -80.201685219525004, 25.8476790016915 ], [ -80.201688041316501, 25.847737877602601 ], [ -80.201689795663498, 25.847774477655701 ], [ -80.201690749432402, 25.847794369912901 ], [ -80.201483706664206, 25.847799011256502 ], [ -80.201176977355402, 25.847798056427699 ], [ -80.200476240992003, 25.847801785167398 ], [ -80.200476149215604, 25.847801785564801 ], [ -80.199550708903899, 25.847814115882102 ], [ -80.198954603143306, 25.847822054295399 ], [ -80.198955630891504, 25.8478680640102 ], [ -80.198836115289893, 25.847872394527901 ], [ -80.198836076635999, 25.847871617140001 ], [ -80.198836037982005, 25.847870839752201 ], [ -80.198834137776103, 25.847832773888499 ], [ -80.198833267795095, 25.8478327925577 ], [ -80.198832398811604, 25.8478328112325 ], [ -80.198417200777996, 25.847841805824402 ], [ -80.198418803711803, 25.847876745104301 ], [ -80.197929993657397, 25.8478908182278 ], [ -80.196915071206107, 25.847923847764299 ], [ -80.196937471803693, 25.848591779251102 ], [ -80.196980060163199, 25.849690535711702 ], [ -80.197011776697295, 25.850601542085499 ], [ -80.197028298994994, 25.851130225574799 ], [ -80.197059458157398, 25.8518322546375 ], [ -80.197074413925193, 25.852315970631999 ], [ -80.197082049083306, 25.852534471845001 ], [ -80.197096394562195, 25.852952586791101 ], [ -80.196538291758301, 25.852967490232999 ], [ -80.195049097770493, 25.853016409335002 ], [ -80.194835528927896, 25.8530506132659 ], [ -80.194835490966099, 25.8530506211792 ], [ -80.194614509973903, 25.853123402258401 ], [ -80.194432667332194, 25.8531931840269 ], [ -80.194161746527499, 25.853288215440301 ], [ -80.193987377697596, 25.853338662938899 ], [ -80.193987146817193, 25.853338727550099 ], [ -80.193769852969297, 25.853392224821899 ], [ -80.1936024789036, 25.853433113816401 ], [ -80.193602430947806, 25.853433124381802 ], [ -80.193438652383506, 25.8534611759429 ], [ -80.193236602363697, 25.853469670194301 ], [ -80.193235887879595, 25.8534697014275 ], [ -80.193035412881599, 25.8534792457964 ], [ -80.1930409649501, 25.8536187842335 ], [ -80.192603727484595, 25.8536586784221 ], [ -80.192575401364394, 25.8536612631321 ], [ -80.192551494741195, 25.853665436688502 ], [ -80.192526620324799, 25.8536697763607 ], [ -80.192383165525399, 25.8536929165471 ], [ -80.192295677543598, 25.853708547451198 ], [ -80.192243848544607, 25.8537132859379 ], [ -80.192191613556403, 25.8537152302811 ], [ -80.192169141723994, 25.853715105259901 ], [ -80.192140258525299, 25.853713492216102 ], [ -80.192109111931998, 25.853710391659 ], [ -80.192104554932101, 25.853709806666998 ], [ -80.192072375843097, 25.853705677665999 ], [ -80.192056052570194, 25.853703582977701 ], [ -80.192001550596899, 25.853692386639299 ], [ -80.191973801580303, 25.8536856492669 ], [ -80.191956181532404, 25.853681780884301 ], [ -80.191892563489702, 25.853667815021701 ], [ -80.191873702007896, 25.8536623971079 ], [ -80.191841089694606, 25.853653028526502 ], [ -80.191806452407306, 25.8536490708263 ], [ -80.191768654222201, 25.853644752520101 ], [ -80.191741188886994, 25.853638845306399 ], [ -80.1916127232912, 25.853618776641301 ], [ -80.191546585642897, 25.8536084450723 ], [ -80.191516744152693, 25.8536066334044 ], [ -80.191479365335695, 25.8536047562921 ], [ -80.191425090158404, 25.853602031376699 ], [ -80.191370539901001, 25.853598096274101 ], [ -80.191327696134195, 25.8535922847697 ], [ -80.191289553101996, 25.8535867521732 ], [ -80.191227022029906, 25.853576237452401 ], [ -80.191172530089204, 25.853563587610299 ], [ -80.191123276630407, 25.853550917284899 ], [ -80.191061260018003, 25.8535348802992 ], [ -80.191025910913595, 25.853525733683501 ], [ -80.190963734834, 25.853509092804501 ], [ -80.190934168334394, 25.8535011807028 ], [ -80.190843244777298, 25.853477512302899 ], [ -80.190756210175806, 25.853446761743399 ], [ -80.190654617225107, 25.853408922791399 ], [ -80.190596162730799, 25.853388988909 ], [ -80.190551891411999, 25.8533703029888 ], [ -80.190482876112796, 25.853335778586501 ], [ -80.190430079431906, 25.8533100667897 ], [ -80.190340537708707, 25.853265317404301 ], [ -80.190290517971206, 25.853241860491899 ], [ -80.190261287346701, 25.853228152471001 ], [ -80.190229728355902, 25.853214885487301 ], [ -80.190205265816999, 25.853204601582998 ], [ -80.190161248072002, 25.853186200388802 ], [ -80.190131196169304, 25.853173707228201 ], [ -80.190089209711104, 25.853157475554202 ], [ -80.190055039614293, 25.853154380261302 ], [ -80.190023759409598, 25.853151301080899 ], [ -80.1899876019055, 25.853146921061001 ], [ -80.189981482208495, 25.853146118775602 ], [ -80.189957199728696, 25.8531429414165 ], [ -80.189946034902704, 25.853141458375699 ], [ -80.189905879641302, 25.8531361190926 ], [ -80.189880575618005, 25.853131334738102 ], [ -80.1898425558242, 25.8531241461083 ], [ -80.189772022640994, 25.853109954798501 ], [ -80.189746256790301, 25.8531022369719 ], [ -80.189676684951607, 25.853084731070901 ], [ -80.189631834607496, 25.8530706830174 ], [ -80.189592481797902, 25.853057535777999 ], [ -80.1895680878402, 25.853054618594999 ], [ -80.189565734464395, 25.853054337375902 ], [ -80.189551148325805, 25.853052798200999 ], [ -80.189536994833006, 25.853051303863602 ], [ -80.189472105648505, 25.853048731100401 ], [ -80.189421524289202, 25.853051353441 ], [ -80.189382474455499, 25.853058296087799 ], [ -80.189366077260203, 25.853061211240899 ], [ -80.189325741525707, 25.853071081175699 ], [ -80.189278457902603, 25.853081055826699 ], [ -80.189224597087403, 25.853093827123601 ], [ -80.189165097277893, 25.853109471606601 ], [ -80.189153007946402, 25.8531132186537 ], [ -80.189141702130001, 25.853116466402099 ], [ -80.189043015366394, 25.853144813286999 ], [ -80.189015437798602, 25.853153202750299 ], [ -80.189006115982096, 25.853156039133498 ], [ -80.188976241185003, 25.853162350518701 ], [ -80.188953546867396, 25.853165463333301 ], [ -80.188927281723807, 25.853167475738701 ], [ -80.188906392735504, 25.8531684386131 ], [ -80.188868012194007, 25.853165880963999 ], [ -80.188819934154594, 25.8531603978325 ], [ -80.188786578615904, 25.8531521139052 ], [ -80.188755632314596, 25.853140603856499 ], [ -80.188751562807496, 25.853138610657499 ], [ -80.1887288727943, 25.853127497857699 ], [ -80.1886902506468, 25.853104067974201 ], [ -80.188649286599698, 25.853074146749002 ], [ -80.188613684981306, 25.853045335937299 ], [ -80.188613356119006, 25.853044993804499 ], [ -80.188587618832898, 25.853018196835801 ], [ -80.188559230898306, 25.852981327837298 ], [ -80.188532492655895, 25.852937345321902 ], [ -80.188530910303001, 25.852934742292199 ], [ -80.188529712762801, 25.852931884160601 ], [ -80.1885127106423, 25.852891451975498 ], [ -80.188500138436694, 25.852850925397401 ], [ -80.188498114972006, 25.852844403347898 ], [ -80.188493097257904, 25.852823341992298 ], [ -80.188484194234505, 25.852786020431999 ], [ -80.188475460567403, 25.852755309848899 ], [ -80.188463218806504, 25.852712266749101 ], [ -80.188455621845804, 25.852682074314501 ], [ -80.188450293676496, 25.852660899294801 ], [ -80.1884417264706, 25.8526268498725 ], [ -80.188429072890401, 25.852602780665201 ], [ -80.188421643274197, 25.852594838333399 ], [ -80.188382284737898, 25.8525527647421 ], [ -80.188381330298, 25.852552144709598 ], [ -80.188349483918401, 25.852531350408501 ], [ -80.188330543490906, 25.852519282753502 ], [ -80.188241553030295, 25.852461502861601 ], [ -80.1882151537759, 25.852444608600099 ], [ -80.188061251202996, 25.852401711275299 ], [ -80.188060390548102, 25.852400943732199 ], [ -80.188059529899505, 25.852400175286501 ], [ -80.187912906573004, 25.8522693905606 ], [ -80.187874287965101, 25.852173221256201 ], [ -80.187846072789497, 25.852100902812001 ], [ -80.187839548165698, 25.8520841810221 ], [ -80.187840022523503, 25.852071256067699 ], [ -80.187844373704095, 25.8519527168575 ], [ -80.187892151125894, 25.851761168589299 ], [ -80.187919284677093, 25.8516457075132 ], [ -80.187931387866499, 25.851594202869698 ], [ -80.187949048429601, 25.851518465439899 ], [ -80.187964722286793, 25.851454780679301 ], [ -80.1879636160064, 25.851454777200701 ], [ -80.187962510723494, 25.851454773727699 ], [ -80.187299405821406, 25.851452698700101 ], [ -80.186932394525201, 25.851463300083498 ], [ -80.186674910988003, 25.851470736501099 ], [ -80.185375842080902, 25.851508250749902 ], [ -80.185442803023406, 25.852712605738901 ], [ -80.185441853757197, 25.852711815117502 ], [ -80.185454013578095, 25.852914871585799 ], [ -80.185473710015998, 25.853268933147099 ], [ -80.185498892020306, 25.853722474649601 ], [ -80.185497889947399, 25.8537620037268 ], [ -80.1854621651771, 25.855170725626301 ], [ -80.185462143024793, 25.855171629043799 ], [ -80.185462136336199, 25.855171877232099 ], [ -80.184905966395405, 25.855187154565701 ], [ -80.1808295214108, 25.855300400392601 ], [ -80.179742420283702, 25.8553357031386 ], [ -80.178310723354301, 25.855377669081101 ], [ -80.178310151804297, 25.855458330098301 ], [ -80.178189018862696, 25.855457350263499 ], [ -80.177727146399107, 25.855453611497602 ], [ -80.177715877686396, 25.8554525746354 ], [ -80.177403489215493, 25.855423839723599 ], [ -80.176725541924199, 25.855431727001399 ], [ -80.176458187170695, 25.855432011908999 ], [ -80.1761908841668, 25.855436779381101 ], [ -80.175923724696702, 25.855446027780001 ], [ -80.175656800494806, 25.855459753929299 ], [ -80.175538912120302, 25.855463189760599 ], [ -80.171652402567304, 25.8555913785783 ], [ -80.170997678112798, 25.8557492571504 ], [ -80.165398323216706, 25.855781770353701 ], [ -80.161112958234597, 25.855805621055399 ], [ -80.161112068340302, 25.855805625842699 ], [ -80.161112029679998, 25.855804742841698 ], [ -80.160957764452206, 25.852306831961801 ], [ -80.160787428285602, 25.848444347404001 ], [ -80.160787348271896, 25.848442539863498 ], [ -80.160639288452103, 25.845102871965601 ], [ -80.160485516276495, 25.841634215193299 ], [ -80.160466351817604, 25.841201899149102 ], [ -80.160406466843, 25.840585267466 ], [ -80.160406381310096, 25.840584384192201 ], [ -80.1596539014255, 25.832835710029801 ], [ -80.159653815914794, 25.832834824949799 ], [ -80.159172936169199, 25.827882499934201 ], [ -80.1591728496863, 25.827881612139901 ], [ -80.159001182844705, 25.826113632836901 ], [ -80.158830291051999, 25.821983907389999 ], [ -80.158830254451203, 25.821983018078299 ], [ -80.158388780537607, 25.811313575890999 ], [ -80.160952066710095, 25.8112657356148 ], [ -80.160920808373604, 25.8105714612654 ], [ -80.166885684083397, 25.8106209826298 ], [ -80.173443548569296, 25.810679223057399 ], [ -80.179585866140499, 25.810743089544498 ], [ -80.181118951526898, 25.8107522245243 ], [ -80.182189358547603, 25.810795851620998 ], [ -80.182643576979203, 25.810869918158101 ], [ -80.184968756203602, 25.811397014476501 ], [ -80.185373046054707, 25.811480748780401 ], [ -80.185378576853296, 25.811481894539899 ], [ -80.185379380484903, 25.811482060616601 ], [ -80.185463695826897, 25.811499523554001 ], [ -80.186087640134005, 25.811544462330001 ], [ -80.186702617506498, 25.811539651365099 ], [ -80.188657801505897, 25.8114676030571 ], [ -80.189190467617905, 25.8114622508247 ], [ -80.189374131211693, 25.8114632751053 ], [ -80.189374164119201, 25.811463275288801 ], [ -80.190641009189605, 25.811420471966901 ], [ -80.1908158635474, 25.8114214462808 ], [ -80.190816860743595, 25.811421451831499 ], [ -80.190826340090894, 25.811421504596801 ], [ -80.190953124618304, 25.811422210263501 ], [ -80.191292726590902, 25.8114323554937 ], [ -80.192182147462702, 25.8114332839403 ], [ -80.193225306697698, 25.811450761762199 ], [ -80.193225848132897, 25.8114507710856 ], [ -80.193584379280907, 25.811457047085401 ], [ -80.194551756388904, 25.811472001749301 ], [ -80.195364940722797, 25.811489267583401 ], [ -80.195365701505494, 25.8114892835288 ], [ -80.195978301220507, 25.811501972992801 ], [ -80.197449737511405, 25.811542916869001 ], [ -80.197998962919002, 25.8115607369276 ], [ -80.199449090505198, 25.8115850092518 ], [ -80.199449875240703, 25.8115850225999 ], [ -80.1997731261973, 25.811592489960098 ], [ -80.201154408306493, 25.811673610327301 ], [ -80.201498335501597, 25.811706947206499 ], [ -80.201499116829297, 25.811707022807401 ], [ -80.201742623044893, 25.8117405521552 ], [ -80.202459264186999, 25.811834855932201 ], [ -80.203107746728094, 25.8119447269261 ], [ -80.203581452633202, 25.812035122518601 ], [ -80.204109725602805, 25.8121359295044 ], [ -80.205566150975898, 25.8124088835844 ], [ -80.205936146490401, 25.8124669369789 ], [ -80.205977207986905, 25.812473378705601 ], [ -80.206045030751895, 25.8124842794351 ], [ -80.206045842634694, 25.81248441024 ], [ -80.206113800803607, 25.8124948973621 ], [ -80.206130101954798, 25.812497413604799 ], [ -80.206313509611206, 25.812523707286001 ], [ -80.206597268792507, 25.812553804336702 ], [ -80.206823845721004, 25.812578558383201 ], [ -80.207296857219006, 25.8126202511746 ], [ -80.207734494503597, 25.812652835095701 ], [ -80.207735286919799, 25.812652894475999 ], [ -80.207969147134406, 25.812665513336501 ], [ -80.208278187388402, 25.812671604458298 ], [ -80.208490525429895, 25.812678175769701 ], [ -80.208815321703597, 25.812687655230501 ], [ -80.208820897221301, 25.8126878191683 ], [ -80.209104545528902, 25.812681022240501 ], [ -80.210090727788497, 25.8126514953242 ], [ -80.211734307709307, 25.812602269498701 ], [ -80.211735061780203, 25.812602246508298 ], [ -80.213772601062701, 25.812544570579298 ], [ -80.215207544165906, 25.812503934465401 ], [ -80.215812037268194, 25.812474397166099 ], [ -80.215812812380605, 25.812474358923001 ], [ -80.217871389795903, 25.812430629805402 ], [ -80.218430848320494, 25.812418740616 ], [ -80.219149710538701, 25.8124026083517 ], [ -80.219922448448898, 25.8123906520673 ], [ -80.219923229371801, 25.8123906400103 ], [ -80.220704892516395, 25.8123785397067 ], [ -80.221959993108001, 25.8123455687407 ], [ -80.224022080592306, 25.8122913744889 ], [ -80.224022867556798, 25.8122913534155 ], [ -80.225927070590203, 25.812248391047799 ], [ -80.226028777618595, 25.812246720201401 ], [ -80.226529523428297, 25.812238492251399 ], [ -80.226925755190095, 25.812230053417199 ], [ -80.228106035058303, 25.812205576657401 ], [ -80.228141568922396, 25.813029563544401 ], [ -80.228141579631199, 25.813029757671 ] ], [ [ -80.173779453544, 25.848144186527001 ], [ -80.173885652042202, 25.848147746349099 ], [ -80.173779453544, 25.848144186526898 ], [ -80.173673683608996, 25.848134856441501 ], [ -80.173779453544, 25.848144186527001 ] ] ] } },
{ "type": "Feature", "properties": { "DISTRICT": 2, "FID": 15, "PDZONEID": "P411", "PDZNIDOLD": "41-1", "PDNETID": 41, "PDAGENCY": "M1", "Shape_Leng": 25129.331003899999, "Shape_Area": 10447337.2511, "Shape__Area": 1202566.544921875, "Shape__Length": 8512.015094351922, "TOTAL": 107985.4777987757, "WHITE": 15731.638066718273, "BLACK": 12697.506508524459, "AMERICAN_INDIAN": 77.865439277471538, "ASIAN": 2422.8958987254996, "PACIFIC_ISLANDER": 25.227012343909013, "OTHER": 650.23439753376522, "TWO_OR_MORE": 2751.1565284893354, "HISPANIC": 73628.953947162983, "WHITE_PCT": 0.146, "BLACK_PCT": 0.118, "AMERICAN_INDIAN_PCT": 0.001, "ASIAN_PCT": 0.022, "PACIFIC_ISLANDER_PCT": 0.0, "OTHER_PCT": 0.006, "TWO_OR_MORE_PCT": 0.025, "HISPANIC_PCT": 0.682 }, "geometry": { "type": "Polygon", "coordinates": [ [ [ -80.207584003968407, 25.778702921884399 ], [ -80.207584326998102, 25.778703069873199 ], [ -80.207655300453993, 25.778735684652901 ], [ -80.207656520001706, 25.778736245522101 ], [ -80.207657347947404, 25.778736625533799 ], [ -80.207658459159902, 25.778737136167202 ], [ -80.2076586579457, 25.778737227514799 ], [ -80.207872648025599, 25.778835563094901 ], [ -80.208077194133196, 25.778929556661701 ], [ -80.208922331885702, 25.779384894057198 ], [ -80.209509900558103, 25.779755357477899 ], [ -80.209510522876897, 25.7797559277241 ], [ -80.209584564986798, 25.779823774300802 ], [ -80.209585108035995, 25.779824271001399 ], [ -80.210279640144506, 25.780460686581801 ], [ -80.210738042408494, 25.780847136737201 ], [ -80.211196780874303, 25.7811835054816 ], [ -80.211692617853004, 25.7814866865445 ], [ -80.211807414039399, 25.781529504756101 ], [ -80.214845449673604, 25.782662634016599 ], [ -80.214846230386698, 25.782662927078601 ], [ -80.214848013576699, 25.7826635992486 ], [ -80.217155982284595, 25.783452706469198 ], [ -80.218424829980094, 25.784018636891101 ], [ -80.218425978171794, 25.7840191485449 ], [ -80.2184475785713, 25.784025506429199 ], [ -80.218587809547103, 25.784066786094002 ], [ -80.219639252522498, 25.784367531321202 ], [ -80.221166591331396, 25.784843153808801 ], [ -80.222822357659993, 25.785419610363899 ], [ -80.222955819190503, 25.785508610861498 ], [ -80.222956545855894, 25.7855090949542 ], [ -80.222959458458106, 25.785511037675199 ], [ -80.222966228686204, 25.7855150996688 ], [ -80.223574562561495, 25.7858904022569 ], [ -80.224114271090599, 25.7862039180444 ], [ -80.224126393473796, 25.7862111930902 ], [ -80.226173096741903, 25.786222102005102 ], [ -80.226780276082806, 25.7864256609097 ], [ -80.227219810621094, 25.786620142472199 ], [ -80.227220549295893, 25.786620469546101 ], [ -80.227396431542203, 25.786700966335701 ], [ -80.227397360024696, 25.786701390098099 ], [ -80.227398364045101, 25.786701850367699 ], [ -80.227399275619604, 25.786702267721601 ], [ -80.2277914902552, 25.786881773982699 ], [ -80.228074874019697, 25.786966822188699 ], [ -80.228078058349993, 25.786967776942902 ], [ -80.229503107805897, 25.787526084966 ], [ -80.2303807217355, 25.788363471000601 ], [ -80.230381349004801, 25.788364069167901 ], [ -80.230381886093696, 25.7883645820087 ], [ -80.230712497110304, 25.788566660311101 ], [ -80.2313384033245, 25.788802041312199 ], [ -80.231339146321005, 25.788802320547799 ], [ -80.231926252863104, 25.789073898937001 ], [ -80.233508474971302, 25.789714155740899 ], [ -80.2337654535647, 25.789818141383499 ], [ -80.234187948918503, 25.7900707787493 ], [ -80.234832470021701, 25.7902077236885 ], [ -80.235524215193095, 25.7903038423486 ], [ -80.235938182425798, 25.790361360974199 ], [ -80.235956313845605, 25.790363880743801 ], [ -80.237926943005505, 25.791603870857902 ], [ -80.239354077904594, 25.7925018419492 ], [ -80.239642684911999, 25.792606042339202 ], [ -80.239643427030401, 25.792606309793801 ], [ -80.239774157764003, 25.792653509634398 ], [ -80.240597642976297, 25.793166330781801 ], [ -80.240640503290805, 25.793193022184699 ], [ -80.242146841884406, 25.794102361555598 ], [ -80.242338069892199, 25.794215797896701 ], [ -80.242345982937096, 25.794220491398999 ], [ -80.242346976289497, 25.794221080591001 ], [ -80.241984774182299, 25.7942319658465 ], [ -80.240966526720001, 25.794262568295299 ], [ -80.240714026198603, 25.794270155889802 ], [ -80.240255983070696, 25.794269897773098 ], [ -80.239842094930097, 25.794274411155801 ], [ -80.239818880880406, 25.7942746644243 ], [ -80.239843263053302, 25.795201910322401 ], [ -80.239867785956605, 25.7961168121508 ], [ -80.239883361185406, 25.797056054995501 ], [ -80.239900688490195, 25.797940880489101 ], [ -80.239916871261798, 25.7989069838303 ], [ -80.239933280889403, 25.799837684369201 ], [ -80.239949755091104, 25.800758270000401 ], [ -80.239973979239295, 25.801684020388102 ], [ -80.240004972639397, 25.8026050337177 ], [ -80.240047539532995, 25.803536522232001 ], [ -80.240073164630203, 25.804461307443901 ], [ -80.240100045687896, 25.805381825047 ], [ -80.240126878529594, 25.8063108741568 ], [ -80.240157637256203, 25.807233878748999 ], [ -80.240204362599499, 25.808158142828201 ], [ -80.240222085468304, 25.8086210153119 ], [ -80.240222104978002, 25.8086215524919 ], [ -80.240226445557994, 25.808621913670599 ], [ -80.242242163559496, 25.808533912113699 ], [ -80.244276694849901, 25.808469614502702 ], [ -80.244276858422495, 25.808469609937099 ], [ -80.246304295622295, 25.8084135523406 ], [ -80.246305494488993, 25.808413518839 ], [ -80.246305841728301, 25.808424045573201 ], [ -80.246739812012194, 25.808410743803499 ], [ -80.248341504987494, 25.808361641178099 ], [ -80.248342275987497, 25.808361617182001 ], [ -80.250380495083405, 25.8083130757059 ], [ -80.250380527996199, 25.808313074973 ], [ -80.252233656775999, 25.808242907515101 ], [ -80.252415913361304, 25.808239359530202 ], [ -80.252416706286994, 25.808239337430599 ], [ -80.254259312138998, 25.808196963953399 ], [ -80.254358557609706, 25.808195289473598 ], [ -80.254358562146706, 25.808194564665701 ], [ -80.254358677018899, 25.808176213394901 ], [ -80.254358680900495, 25.808175593291399 ], [ -80.254421725880803, 25.8081741627634 ], [ -80.256481203417096, 25.808127422889001 ], [ -80.256485406283801, 25.808127327038001 ], [ -80.256476308946802, 25.807660452039698 ], [ -80.256445810049598, 25.806803354735202 ], [ -80.256589102777099, 25.8068010599901 ], [ -80.257810121098103, 25.8067820771264 ], [ -80.257810382391199, 25.806782073044399 ], [ -80.257820759333995, 25.806781908476601 ], [ -80.258454295188898, 25.8073202384738 ], [ -80.258462196753101, 25.807552734021201 ], [ -80.258495851143195, 25.808543004953801 ], [ -80.258501757251395, 25.808858500201101 ], [ -80.258503195663806, 25.808935327047401 ], [ -80.258503003820294, 25.809014203630301 ], [ -80.257522588372794, 25.809038677828799 ], [ -80.256515409546594, 25.809065007919699 ], [ -80.256515351917997, 25.8090638558382 ], [ -80.256512628499195, 25.809008257364798 ], [ -80.256512511749193, 25.809005872857799 ], [ -80.2565123737823, 25.809003053163 ], [ -80.256510809859194, 25.809003097519 ], [ -80.256506626770204, 25.809003215135 ], [ -80.254711489304796, 25.809053899288202 ], [ -80.254562511703497, 25.809058103692301 ], [ -80.254555533307197, 25.809079746951401 ], [ -80.254445496958695, 25.809082724709 ], [ -80.254243809177396, 25.809088184850701 ], [ -80.254032726948196, 25.809093897994899 ], [ -80.253829126151899, 25.809099408222401 ], [ -80.253629600684206, 25.809104809104699 ], [ -80.253352653590994, 25.809112301629799 ], [ -80.252993941167901, 25.809122009265302 ], [ -80.252439375597405, 25.809137013183999 ], [ -80.252439218686405, 25.809136432873402 ], [ -80.252439062772496, 25.809135852568101 ], [ -80.2524326893558, 25.809112202763501 ], [ -80.252431908390506, 25.809112224924601 ], [ -80.252431388746103, 25.8091122394029 ], [ -80.2504048468966, 25.809169458371901 ], [ -80.248375753156196, 25.809230727585199 ], [ -80.248374905412405, 25.809230743963301 ], [ -80.248374160390696, 25.809230759067201 ], [ -80.247384558342105, 25.8092502953474 ], [ -80.247380941299895, 25.809281246648201 ], [ -80.246351468596501, 25.809300654321198 ], [ -80.246350725574501, 25.8093006685224 ], [ -80.246342843569096, 25.809300817218901 ], [ -80.246344749113703, 25.8093522214456 ], [ -80.246344792540299, 25.8093533960221 ], [ -80.244318938066996, 25.809369185769501 ], [ -80.244318894757697, 25.809367995848199 ], [ -80.244317880592504, 25.809339700540399 ], [ -80.244317098639698, 25.809339720847401 ], [ -80.244314961228696, 25.809339777436001 ], [ -80.2443142062058, 25.809339796980399 ], [ -80.244232997905101, 25.809341891430599 ], [ -80.243495983084301, 25.8093609169029 ], [ -80.243343826826205, 25.809365586102199 ], [ -80.243344011032804, 25.809372380423699 ], [ -80.243346598998599, 25.8094677997492 ], [ -80.242354402905804, 25.809512447860801 ], [ -80.242297977694193, 25.8095149863112 ], [ -80.242297641597901, 25.809513737094001 ], [ -80.242289963808602, 25.809483975443701 ], [ -80.242289331439395, 25.809483995616802 ], [ -80.242288672134507, 25.8094840174548 ], [ -80.240250375833796, 25.809550754043499 ], [ -80.240267887580998, 25.810020497227701 ], [ -80.240303247022993, 25.810958792859999 ], [ -80.239506457726307, 25.810979818884999 ], [ -80.238263722155295, 25.8110126039318 ], [ -80.238218149044499, 25.811012814647199 ], [ -80.237185989504894, 25.8110176058312 ], [ -80.236236647651097, 25.8110751090931 ], [ -80.236215528921093, 25.811076388220201 ], [ -80.235183950744698, 25.811108619658899 ], [ -80.234859679653994, 25.811117969852098 ], [ -80.234161480671801, 25.811138100751599 ], [ -80.233145541350297, 25.811173437510099 ], [ -80.232126678980805, 25.811202848380098 ], [ -80.230961372404195, 25.811227378522801 ], [ -80.229809816849496, 25.8112726681391 ], [ -80.229721683424103, 25.811276134021998 ], [ -80.229050206495401, 25.811292517678599 ], [ -80.228054940289297, 25.811320247786199 ], [ -80.2280811424435, 25.811775582602799 ], [ -80.228087723025098, 25.8118899390964 ], [ -80.228098972345407, 25.812111905447999 ], [ -80.228100957109106, 25.8121331011865 ], [ -80.228101070947304, 25.812134308634299 ], [ -80.228103392491903, 25.8121590878768 ], [ -80.228103479242094, 25.812160012651201 ], [ -80.228104905369705, 25.812175235295001 ], [ -80.228107681154697, 25.8122048623753 ], [ -80.228106932084899, 25.812204883671999 ], [ -80.228105996501398, 25.8122049093942 ], [ -80.228105223492605, 25.8122049314665 ], [ -80.228082112111593, 25.812205424351699 ], [ -80.228078543473501, 25.812205500180099 ], [ -80.227984040355395, 25.812207514011099 ], [ -80.226925755190095, 25.812230053417199 ], [ -80.226529523428297, 25.812238492251399 ], [ -80.226028777618595, 25.812246720201401 ], [ -80.225927070590203, 25.812248391047799 ], [ -80.224022867556798, 25.8122913534155 ], [ -80.224022080592306, 25.8122913744889 ], [ -80.221959993108001, 25.8123455687407 ], [ -80.220704892516395, 25.8123785397067 ], [ -80.219923229371801, 25.8123906400103 ], [ -80.219922448448898, 25.8123906520673 ], [ -80.219149710538701, 25.8124026083517 ], [ -80.218430848320494, 25.812418740616 ], [ -80.217871389795903, 25.812430629805402 ], [ -80.215812812380605, 25.812474358923001 ], [ -80.215812037268194, 25.812474397166099 ], [ -80.215207544165906, 25.812503934465401 ], [ -80.213772601062701, 25.812544570579298 ], [ -80.211735061780203, 25.812602246508298 ], [ -80.211734307709307, 25.812602269498701 ], [ -80.210090727788497, 25.8126514953242 ], [ -80.209104545528902, 25.812681022240501 ], [ -80.208820897221301, 25.8126878191683 ], [ -80.208815321703597, 25.812687655230501 ], [ -80.208490525429895, 25.812678175769701 ], [ -80.208278187388402, 25.812671604458298 ], [ -80.207969147134406, 25.812665513336501 ], [ -80.207735286919799, 25.812652894475999 ], [ -80.207734494503597, 25.812652835095701 ], [ -80.207296857219006, 25.8126202511746 ], [ -80.206823845721004, 25.812578558383201 ], [ -80.206597268792507, 25.812553804336702 ], [ -80.206313509611206, 25.812523707286001 ], [ -80.206130101954798, 25.812497413604799 ], [ -80.206113800803607, 25.8124948973621 ], [ -80.206045842634694, 25.81248441024 ], [ -80.206045030751895, 25.8124842794351 ], [ -80.205977207986905, 25.812473378705601 ], [ -80.205936146490401, 25.8124669369789 ], [ -80.205566150975898, 25.8124088835844 ], [ -80.204109725602805, 25.8121359295044 ], [ -80.203581452633202, 25.812035122518601 ], [ -80.203107746728094, 25.8119447269261 ], [ -80.202459264186999, 25.811834855932201 ], [ -80.201742623044893, 25.8117405521552 ], [ -80.201499116829297, 25.811707022807401 ], [ -80.201498335501597, 25.811706947206499 ], [ -80.201154408306493, 25.811673610327301 ], [ -80.1997731261973, 25.811592489960098 ], [ -80.199449875240703, 25.8115850225999 ], [ -80.199449090505198, 25.8115850092518 ], [ -80.197998962919002, 25.8115607369276 ], [ -80.197449737511405, 25.811542916869001 ], [ -80.195978301220507, 25.811501972992801 ], [ -80.195365701505494, 25.8114892835288 ], [ -80.195364940722797, 25.811489267583401 ], [ -80.194551756388904, 25.811472001749301 ], [ -80.193584379280907, 25.811457047085401 ], [ -80.193225848132897, 25.8114507710856 ], [ -80.193225306697698, 25.811450761762199 ], [ -80.192182147462702, 25.8114332839403 ], [ -80.191292726590902, 25.8114323554937 ], [ -80.190953124618304, 25.811422210263501 ], [ -80.190826340090894, 25.811421504596801 ], [ -80.190816860743595, 25.811421451831499 ], [ -80.1908158635474, 25.8114214462808 ], [ -80.190641009189605, 25.811420471966901 ], [ -80.189374164119201, 25.811463275288801 ], [ -80.189374131211693, 25.8114632751053 ], [ -80.189190467617905, 25.8114622508247 ], [ -80.188657801505897, 25.8114676030571 ], [ -80.186702617506498, 25.811539651365099 ], [ -80.186087640134005, 25.811544462330001 ], [ -80.185463695826897, 25.811499523554001 ], [ -80.185379380484903, 25.811482060616601 ], [ -80.185378576853296, 25.811481894539899 ], [ -80.185373046054707, 25.811480748780401 ], [ -80.184968756203602, 25.811397014476501 ], [ -80.182643576979203, 25.810869918158101 ], [ -80.182189358547603, 25.810795851620998 ], [ -80.181118951526898, 25.8107522245243 ], [ -80.179585866140499, 25.810743089544498 ], [ -80.173443548569296, 25.810679223057399 ], [ -80.166885684083397, 25.8106209826298 ], [ -80.160920808373604, 25.8105714612654 ], [ -80.160920774641596, 25.8105705873141 ], [ -80.160860861404103, 25.808863268547199 ], [ -80.161965402052701, 25.8046966759713 ], [ -80.162076993909906, 25.804271875984998 ], [ -80.162078298875301, 25.8042707886007 ], [ -80.1630093068473, 25.8007614910127 ], [ -80.164427019193198, 25.795417202103799 ], [ -80.164427026368799, 25.795417174162999 ], [ -80.165101257336957, 25.792875372245849 ], [ -80.165101241141201, 25.792875372703001 ], [ -80.165101478718498, 25.7928744795467 ], [ -80.165708177321903, 25.790587165037099 ], [ -80.165708438944193, 25.790586253964499 ], [ -80.165709746511695, 25.790586192863501 ], [ -80.165756995362798, 25.790584001453102 ], [ -80.165810488800901, 25.790581520889098 ], [ -80.165810485470161, 25.790581503185997 ], [ -80.165757016432806, 25.7905839826185 ], [ -80.165709767581703, 25.7905861740288 ], [ -80.165708460014201, 25.790586235129801 ], [ -80.166856779620502, 25.7865871143098 ], [ -80.168070178654503, 25.782361029827499 ], [ -80.168787421738401, 25.7796264949564 ], [ -80.168787674722196, 25.779625528765202 ], [ -80.169078289801703, 25.7785160368635 ], [ -80.169077439947799, 25.7785156718544 ], [ -80.169076601022297, 25.778515312323599 ], [ -80.155018522936999, 25.772486449202599 ], [ -80.148312780597706, 25.769609977166699 ], [ -80.139010086065795, 25.765618126726 ], [ -80.139008180024902, 25.765617308488 ], [ -80.139009403163101, 25.765617168592399 ], [ -80.140943062570798, 25.765396439460801 ], [ -80.140941207349499, 25.765395622450502 ], [ -80.140939356109001, 25.765394806366299 ], [ -80.1408660944887, 25.765362512441499 ], [ -80.139465479413602, 25.764745113074898 ], [ -80.138625065898097, 25.764393692208401 ], [ -80.138622859591393, 25.764392769287401 ], [ -80.138624386998998, 25.7643927331941 ], [ -80.147361078867206, 25.764188013932799 ], [ -80.1490035079932, 25.764149468528501 ], [ -80.148991215464093, 25.764072939924901 ], [ -80.150237525296404, 25.763984947834601 ], [ -80.184093753974906, 25.7646874911159 ], [ -80.184094677919404, 25.764687509834701 ], [ -80.1839816385896, 25.765046522567701 ], [ -80.183948708996397, 25.765163417958298 ], [ -80.183945438709898, 25.7651750275589 ], [ -80.183855424054798, 25.765480774797101 ], [ -80.183829130754404, 25.765553281645701 ], [ -80.183819423802603, 25.765580048550699 ], [ -80.183668338664603, 25.766068499711 ], [ -80.183564513938407, 25.766393943597102 ], [ -80.1835458025853, 25.766464082833298 ], [ -80.183530405609403, 25.766521859013299 ], [ -80.183377592963396, 25.7670127074413 ], [ -80.183263744248407, 25.7673873577974 ], [ -80.183221088417795, 25.767515526632799 ], [ -80.183205590300005, 25.767560362717301 ], [ -80.183125581138995, 25.7677908493235 ], [ -80.183109889718295, 25.767836243952502 ], [ -80.183083036124302, 25.767958266826099 ], [ -80.183001765071594, 25.7682342289548 ], [ -80.182974946753504, 25.768338110550001 ], [ -80.182972308858595, 25.768348327271902 ], [ -80.182912830541596, 25.768575575629001 ], [ -80.182878465610003, 25.768657490382701 ], [ -80.182868739775103, 25.768691311302501 ], [ -80.182800608203493, 25.768906474185201 ], [ -80.182770528804198, 25.769000450699501 ], [ -80.182753712803006, 25.7690712873517 ], [ -80.182738995532105, 25.769140330487701 ], [ -80.182740423469596, 25.769181607627299 ], [ -80.182752838983305, 25.769254328869899 ], [ -80.182768348796401, 25.7692909570059 ], [ -80.182803719594901, 25.76936715958 ], [ -80.182831556208896, 25.769405922184902 ], [ -80.182873069719093, 25.769455215154601 ], [ -80.182873756021095, 25.769456023268202 ], [ -80.1829000466319, 25.7694714761945 ], [ -80.182915154350098, 25.7694838541927 ], [ -80.182978157412805, 25.769518340669499 ], [ -80.183032078913996, 25.769547876561202 ], [ -80.183096552681306, 25.7695616518339 ], [ -80.183113439052704, 25.769563810072199 ], [ -80.183175295278303, 25.7695717232567 ], [ -80.183272521722401, 25.769572527061801 ], [ -80.183527202464205, 25.7695701748573 ], [ -80.183657694661306, 25.769566349389699 ], [ -80.184113212648597, 25.769548356737499 ], [ -80.184176469442505, 25.769545789466299 ], [ -80.184351419267102, 25.7695389467941 ], [ -80.184683071793501, 25.7695279080666 ], [ -80.184994779101402, 25.7695175331698 ], [ -80.185179775628399, 25.769513582787901 ], [ -80.185302860428806, 25.769509973431202 ], [ -80.185657295009094, 25.769499749632601 ], [ -80.1860310603534, 25.7694954795458 ], [ -80.186150562939702, 25.7694879806802 ], [ -80.186171461780603, 25.7694866361553 ], [ -80.186203745170701, 25.7694867309242 ], [ -80.1865563984083, 25.769487155264802 ], [ -80.1866740300934, 25.769475520402398 ], [ -80.186706906540294, 25.769472264127501 ], [ -80.186927604930005, 25.769468080461099 ], [ -80.187020101407199, 25.769466361314699 ], [ -80.187149312102505, 25.7694555634151 ], [ -80.1872329290848, 25.769447003002799 ], [ -80.187267167688503, 25.769438852819501 ], [ -80.187303590511505, 25.769416789646499 ], [ -80.187331449414998, 25.769397169957902 ], [ -80.187358929325299, 25.769377721456301 ], [ -80.187370987296006, 25.769363860896998 ], [ -80.187404197975695, 25.769325570879499 ], [ -80.187406021876399, 25.769322700707399 ], [ -80.187435606588494, 25.769272741740799 ], [ -80.187441619816298, 25.769254289947298 ], [ -80.187446268717295, 25.769240902525802 ], [ -80.187450451045393, 25.769212294725499 ], [ -80.187451037914997, 25.769182033957801 ], [ -80.187451567756, 25.769159855198399 ], [ -80.187451602292398, 25.769154783401699 ], [ -80.187449759923894, 25.7691466050372 ], [ -80.187438872738397, 25.769099944051799 ], [ -80.187333292904896, 25.768820271461799 ], [ -80.187306058089106, 25.768747984121099 ], [ -80.187266702210707, 25.768643215834199 ], [ -80.187149194220297, 25.7683303745216 ], [ -80.187112196613896, 25.768213839781399 ], [ -80.187086970425597, 25.768153600454099 ], [ -80.187076654112403, 25.7681349708112 ], [ -80.187001387695503, 25.7679770397895 ], [ -80.186727820068498, 25.767407543306199 ], [ -80.186705759859805, 25.767356433854999 ], [ -80.186576961729003, 25.767056511803901 ], [ -80.186531071576098, 25.7669910840015 ], [ -80.186515272773804, 25.766968642476701 ], [ -80.186304073754002, 25.766527256660702 ], [ -80.186285018594205, 25.7664812368388 ], [ -80.186269133449798, 25.7664434046224 ], [ -80.186181689310501, 25.766233903497799 ], [ -80.186119131841593, 25.7661343344163 ], [ -80.186101245069693, 25.766111709668699 ], [ -80.186032705737702, 25.765942551596901 ], [ -80.186019885301704, 25.765914623217899 ], [ -80.186188336143999, 25.765844204349399 ], [ -80.186270198843204, 25.7658140549762 ], [ -80.186436539679306, 25.765760216532399 ], [ -80.186606239420996, 25.765714910462201 ], [ -80.186792649441102, 25.765676012493401 ], [ -80.186952296279998, 25.765650814151599 ], [ -80.187040100130503, 25.765640385228998 ], [ -80.187216043305497, 25.7656263224433 ], [ -80.187369139410094, 25.7656216620714 ], [ -80.187481174225496, 25.765622129558601 ], [ -80.187569455726006, 25.765625286966198 ], [ -80.187786078702302, 25.7656429494305 ], [ -80.187833260416298, 25.765648254909699 ], [ -80.187923182463393, 25.765664495244799 ], [ -80.188012154885101, 25.7656861055099 ], [ -80.188135400816194, 25.7657114173028 ], [ -80.188196013190307, 25.7657255099592 ], [ -80.188420025039505, 25.765783643309099 ], [ -80.188420834049793, 25.765783853624299 ], [ -80.188407719124399, 25.765842245163199 ], [ -80.188387730794204, 25.765961041648399 ], [ -80.1883458741803, 25.766084271859999 ], [ -80.188329906693397, 25.766114446879101 ], [ -80.188327983785101, 25.766117961005602 ], [ -80.188288593762493, 25.766171648521802 ], [ -80.188255283364896, 25.766169228692998 ], [ -80.188228746389697, 25.766161856782499 ], [ -80.188220027649805, 25.766159401690199 ], [ -80.188218209750303, 25.7661754686563 ], [ -80.188183385466402, 25.766493047952299 ], [ -80.188168597445895, 25.766628982229001 ], [ -80.188163130985302, 25.766678905306598 ], [ -80.188126313576305, 25.7670451416361 ], [ -80.188126262271595, 25.767045649541998 ], [ -80.188144634790902, 25.767052632023599 ], [ -80.188164151204404, 25.767059102762101 ], [ -80.188192870708704, 25.767065858615801 ], [ -80.188193728632996, 25.767066060178699 ], [ -80.188185178072601, 25.767094557897199 ], [ -80.1881728438848, 25.767121228307801 ], [ -80.188160730746901, 25.7671709409992 ], [ -80.188148618996294, 25.767220741253801 ], [ -80.188147227235305, 25.767229846646998 ], [ -80.188139060264305, 25.767285771721699 ], [ -80.188127182228797, 25.767356895679399 ], [ -80.188120242699199, 25.767455559057101 ], [ -80.188111194974894, 25.767501592488099 ], [ -80.188098521524495, 25.7675498406544 ], [ -80.1881006788402, 25.7675679950537 ], [ -80.188110216979894, 25.767645341288599 ], [ -80.188116502233498, 25.767670396005499 ], [ -80.188116566867805, 25.767688881738 ], [ -80.188091668790193, 25.767775666250099 ], [ -80.188081390572805, 25.767834932884099 ], [ -80.188070668112303, 25.767959196871502 ], [ -80.188069819587298, 25.768028232232201 ], [ -80.188083762116904, 25.768100273788601 ], [ -80.187946456301404, 25.7688819022211 ], [ -80.187970244291407, 25.768958297132802 ], [ -80.188046089188703, 25.7693102834798 ], [ -80.1882714340028, 25.7696161433234 ], [ -80.188271891336399, 25.769616764189301 ], [ -80.188452003073095, 25.769744758849701 ], [ -80.188463340669799, 25.7697528168407 ], [ -80.1884909681567, 25.769767501751598 ], [ -80.188504605242997, 25.7697728230896 ], [ -80.188553329381406, 25.769784787688199 ], [ -80.188564721423006, 25.7697852808659 ], [ -80.188619395679595, 25.7697879073054 ], [ -80.188672979891706, 25.769783562800701 ], [ -80.188696182691501, 25.7697785344061 ], [ -80.189093303965095, 25.7696627866268 ], [ -80.189255899449606, 25.769657847827801 ], [ -80.189267679871406, 25.7696572256331 ], [ -80.189831187300499, 25.769627477369799 ], [ -80.189831903318193, 25.769627439833801 ], [ -80.189828525201705, 25.769736040528699 ], [ -80.189828502208499, 25.769736784184399 ], [ -80.189912030688902, 25.7697411188052 ], [ -80.189976530834002, 25.769738668763999 ], [ -80.189977185958796, 25.7697386435255 ], [ -80.189985362505396, 25.769922338618102 ], [ -80.189985395330496, 25.7699230834872 ], [ -80.190033875271297, 25.7699256758236 ], [ -80.190037555599204, 25.769925848853799 ], [ -80.1900382043641, 25.769925879544001 ], [ -80.190597866844399, 25.769952138945101 ], [ -80.191689334881403, 25.770265978139399 ], [ -80.191689654259605, 25.770266070178199 ], [ -80.191692555540897, 25.770266904093301 ], [ -80.191692872931398, 25.770266995218499 ], [ -80.191959537092004, 25.770343670421202 ], [ -80.192162221847795, 25.770361490148201 ], [ -80.192531623688296, 25.770263378463198 ], [ -80.192993769342706, 25.7700823093287 ], [ -80.193443511273003, 25.769726192940301 ], [ -80.193506104300099, 25.7696684379966 ], [ -80.193506757347706, 25.769667835034198 ], [ -80.193902443131805, 25.769302733189701 ], [ -80.194392349012404, 25.768942871733199 ], [ -80.194403130893093, 25.7689349519801 ], [ -80.194410049651907, 25.7689298695384 ], [ -80.194421244294801, 25.768921646069899 ], [ -80.195565849489597, 25.768694266258802 ], [ -80.195672537988301, 25.768674196029 ], [ -80.195673209737706, 25.768674069759602 ], [ -80.196064070481498, 25.7686302437424 ], [ -80.1967642973881, 25.768684195342601 ], [ -80.196912579138896, 25.768707415623901 ], [ -80.197206310688998, 25.7687534122588 ], [ -80.197434337001894, 25.768756458909401 ], [ -80.1974347247548, 25.768756463755501 ], [ -80.197446060230305, 25.7687566156253 ], [ -80.197454859875705, 25.768756733652801 ], [ -80.197505486762594, 25.768757409977798 ], [ -80.197513913646702, 25.768761816248102 ], [ -80.197514579211401, 25.768762164730699 ], [ -80.197855865989894, 25.768940628188599 ], [ -80.198276303076995, 25.769351901843901 ], [ -80.199209695694094, 25.770319813092399 ], [ -80.199210393557607, 25.770320549885199 ], [ -80.199256468491598, 25.770370222658698 ], [ -80.1992571613048, 25.770370969352701 ], [ -80.199445658526002, 25.770549575029101 ], [ -80.199554434756294, 25.770659210921298 ], [ -80.199603586262995, 25.7707087524741 ], [ -80.199604042744696, 25.770709212628901 ], [ -80.1998881490033, 25.7710552618287 ], [ -80.200086916400096, 25.771657338844999 ], [ -80.200121327366801, 25.772024795128601 ], [ -80.200188562616603, 25.772382453888099 ], [ -80.200188901317006, 25.772384275494499 ], [ -80.200225211111999, 25.772577400499198 ], [ -80.200228139294495, 25.772592977395899 ], [ -80.200239052397194, 25.7726096452507 ], [ -80.200504176796201, 25.773014588042699 ], [ -80.200524976867996, 25.773046356487001 ], [ -80.200995316984802, 25.773665607511798 ], [ -80.201185145325894, 25.7740817636003 ], [ -80.201186338079395, 25.774084378809601 ], [ -80.201187655612401, 25.774087267304498 ], [ -80.201233810588803, 25.774188452403799 ], [ -80.201233993338704, 25.774188852378799 ], [ -80.201234943416694, 25.774190935496701 ], [ -80.201236762027804, 25.774194922560199 ], [ -80.201236820004098, 25.7741950483469 ], [ -80.201241961173096, 25.774199957201699 ], [ -80.201248670455897, 25.7742063622328 ], [ -80.201355379071302, 25.774308244330001 ], [ -80.201524126895094, 25.774469358449501 ], [ -80.201524615256503, 25.774469825091899 ], [ -80.201834978270597, 25.7748651513702 ], [ -80.201835324230103, 25.774865594664199 ], [ -80.201835952939803, 25.774866392445698 ], [ -80.201853386223206, 25.774888598506799 ], [ -80.201853684748698, 25.7748889792577 ], [ -80.202403555408793, 25.775376120350799 ], [ -80.202504244403599, 25.775463411575601 ], [ -80.202620372344597, 25.775564087899799 ], [ -80.202628593289404, 25.775571215149402 ], [ -80.202640996074805, 25.775581967794299 ], [ -80.203067992121206, 25.775952140918498 ], [ -80.203081408980296, 25.775963772846801 ], [ -80.203081818337395, 25.775964128927999 ], [ -80.203110167764507, 25.7759998757213 ], [ -80.203123903543499, 25.776017195192299 ], [ -80.203520628369205, 25.776517433950001 ], [ -80.203959429433397, 25.777020250545799 ], [ -80.203959777647697, 25.777020656838499 ], [ -80.204234665439401, 25.777272570310998 ], [ -80.2044182096448, 25.777356921183799 ], [ -80.204418480977694, 25.7773570463306 ], [ -80.205401116386298, 25.777543882040799 ], [ -80.205412872517698, 25.777546117116199 ], [ -80.206056288651894, 25.777833429208499 ], [ -80.206080366529605, 25.777847297135398 ], [ -80.206920104477305, 25.778330942595399 ], [ -80.206921051010397, 25.778331479416298 ], [ -80.207378675450599, 25.778608565923001 ], [ -80.207583568627797, 25.778702721832801 ], [ -80.207584003968407, 25.778702921884399 ] ], [ [ -80.223258650605203, 25.797521883698298 ], [ -80.223316459542204, 25.797516169920701 ], [ -80.223373033474303, 25.797503987527399 ], [ -80.223316459523502, 25.7975161698227 ], [ -80.223258650605203, 25.797521883698298 ] ], [ [ -80.194674322466298, 25.790519965002201 ], [ -80.194654138413597, 25.789388450363699 ], [ -80.194653279094794, 25.7893876918946 ], [ -80.193890899784805, 25.7894145227047 ], [ -80.193091775083204, 25.789438384475499 ], [ -80.193090613282195, 25.7894384195524 ], [ -80.192835839613906, 25.789448935403801 ], [ -80.192304151468406, 25.789470879966402 ], [ -80.191508651445901, 25.7894887279766 ], [ -80.1906722440431, 25.789508228756201 ], [ -80.190671517079807, 25.789508245472199 ], [ -80.190105626048506, 25.789518386332599 ], [ -80.189914766359806, 25.789521805164899 ], [ -80.189077643517393, 25.7895368012048 ], [ -80.189076838805406, 25.789536814771498 ], [ -80.188887168573004, 25.789541258876898 ], [ -80.187276625237004, 25.7895789784037 ], [ -80.187200626884206, 25.789580758018101 ], [ -80.187199318539101, 25.789580789521001 ], [ -80.186539615091803, 25.789607236548399 ], [ -80.186538905994098, 25.7896072650781 ], [ -80.185392420004007, 25.789672555187401 ], [ -80.185431130396907, 25.7895682364145 ], [ -80.184178660994903, 25.789626663541998 ], [ -80.182506085986901, 25.789706505940298 ], [ -80.180817794539294, 25.789778673662401 ], [ -80.1806695523033, 25.7897868940641 ], [ -80.179375242794293, 25.7898586640767 ], [ -80.179373900255598, 25.789858737740602 ], [ -80.179372633091702, 25.789821934218999 ], [ -80.179365802669807, 25.789710639121601 ], [ -80.179343168404202, 25.7896876419777 ], [ -80.179339291715294, 25.789616258700502 ], [ -80.179337788414401, 25.789586675015201 ], [ -80.179335843465097, 25.789565340829999 ], [ -80.179332670732904, 25.789529727977801 ], [ -80.179331427125106, 25.789517168762799 ], [ -80.179325350348606, 25.789517134477599 ], [ -80.179022196940394, 25.789518687730599 ], [ -80.179011749082207, 25.7895188011668 ], [ -80.178997497511205, 25.789519923955002 ], [ -80.178922620119593, 25.7895258631569 ], [ -80.178808825253299, 25.789529002850902 ], [ -80.178772732358595, 25.7895298317083 ], [ -80.178699954347195, 25.789534235512399 ], [ -80.1786933059213, 25.789534540076001 ], [ -80.178473092135405, 25.789545333285499 ], [ -80.178368764338401, 25.7895526520985 ], [ -80.178079409536593, 25.789564255565399 ], [ -80.177983650224803, 25.789568699750301 ], [ -80.177934048237105, 25.7895727187312 ], [ -80.177700550709105, 25.789582058255299 ], [ -80.177630635135102, 25.7895845875642 ], [ -80.177619229639504, 25.789586069313099 ], [ -80.177607443279499, 25.789587549810499 ], [ -80.177593142430297, 25.789595379744402 ], [ -80.177457259012897, 25.7895791328299 ], [ -80.177357388823907, 25.789573754230702 ], [ -80.1771708052337, 25.789555673167499 ], [ -80.177101688575505, 25.789552530001298 ], [ -80.177002787580804, 25.789544404474899 ], [ -80.176930655593395, 25.789537978394002 ], [ -80.176923238520303, 25.789539137845999 ], [ -80.176871604390001, 25.7895352350792 ], [ -80.176698697492498, 25.789516716298898 ], [ -80.176663170335402, 25.789518063245399 ], [ -80.176570333538194, 25.789539373634401 ], [ -80.176474978017296, 25.789540209430299 ], [ -80.176185857944603, 25.789545104699901 ], [ -80.176027900100607, 25.789534924484201 ], [ -80.175947176676104, 25.7895349807931 ], [ -80.175850846051304, 25.7895394221411 ], [ -80.1757547950439, 25.789558652151999 ], [ -80.175658480051993, 25.789588370248602 ], [ -80.175549449700796, 25.789616638772898 ], [ -80.1755138545346, 25.7896279583845 ], [ -80.175467639105307, 25.789636638024501 ], [ -80.175391405347597, 25.789646349800101 ], [ -80.175369259077598, 25.789649061264399 ], [ -80.175317496732006, 25.789649714676901 ], [ -80.175269209015596, 25.789656145748499 ], [ -80.175212524097205, 25.7896682041224 ], [ -80.175089262371799, 25.789694500557999 ], [ -80.174995145522502, 25.789708238503501 ], [ -80.174874342580694, 25.789708584100801 ], [ -80.174862002350096, 25.789707827185001 ], [ -80.174786824394204, 25.7897024126807 ], [ -80.174773223469003, 25.789527286363398 ], [ -80.174783873680894, 25.7894154033857 ], [ -80.174781687350603, 25.789401979473698 ], [ -80.174763081997298, 25.789291135550599 ], [ -80.174753604200902, 25.789206135604999 ], [ -80.1747200730386, 25.789193392272299 ], [ -80.174694627222294, 25.789192560083698 ], [ -80.174667828589804, 25.7891951592946 ], [ -80.1743777092275, 25.789207267380998 ], [ -80.174147988266995, 25.7892198902221 ], [ -80.173993343001797, 25.789224857661502 ], [ -80.173919631228301, 25.789227188518201 ], [ -80.173865837143495, 25.789233589659698 ], [ -80.173679417093197, 25.789246456777899 ], [ -80.173585923995404, 25.789252803790198 ], [ -80.173461895815507, 25.789252614488099 ], [ -80.173317734903705, 25.7892524812614 ], [ -80.173198787626305, 25.789259199671701 ], [ -80.172966212479594, 25.789272319828498 ], [ -80.172960522953204, 25.789271081545198 ], [ -80.172949735814996, 25.789265347085699 ], [ -80.172941788392606, 25.789261175003201 ], [ -80.172781288946595, 25.7892614655605 ], [ -80.172740817908107, 25.7892634712492 ], [ -80.172733917681597, 25.789245032483201 ], [ -80.172594684223, 25.789246475503099 ], [ -80.172534867814306, 25.789244415700001 ], [ -80.172480696789293, 25.7892499530595 ], [ -80.172480679131965, 25.789249971546489 ], [ -80.172534846745606, 25.7892444345357 ], [ -80.172594663154399, 25.789246494338801 ], [ -80.172733896612897, 25.7892450513189 ], [ -80.172740796839506, 25.789263490084998 ], [ -80.172781267877994, 25.789261484396199 ], [ -80.172941767324005, 25.789261193839 ], [ -80.172949714746395, 25.789265365921398 ], [ -80.172960501884603, 25.789271100381001 ], [ -80.172966191410893, 25.789272338664301 ], [ -80.173198766557704, 25.7892592185075 ], [ -80.173317713835203, 25.789252500097199 ], [ -80.173461874746906, 25.789252633323901 ], [ -80.173585902926803, 25.789252822626 ], [ -80.173679396024696, 25.789246475613801 ], [ -80.173865816074994, 25.789233608495501 ], [ -80.1739196101598, 25.789227207354099 ], [ -80.173993321933295, 25.789224876497499 ], [ -80.174147967198607, 25.789219909058001 ], [ -80.174377688159097, 25.789207286217 ], [ -80.174667807521502, 25.789195178130601 ], [ -80.174694606153906, 25.7891925789197 ], [ -80.174720051970297, 25.7891934111084 ], [ -80.1747535831325, 25.789206154441001 ], [ -80.174763060928896, 25.789291154386699 ], [ -80.1747816662822, 25.7894019983097 ], [ -80.174783852612507, 25.789415422221801 ], [ -80.174773202400601, 25.789527305199499 ], [ -80.174786803325802, 25.789702431516702 ], [ -80.174861981281694, 25.789707846020999 ], [ -80.174874321512306, 25.789708602936798 ], [ -80.174995124454099, 25.789708257339498 ], [ -80.175089241303397, 25.7896945193941 ], [ -80.175212503028902, 25.7896682229585 ], [ -80.175269187947194, 25.7896561645845 ], [ -80.175317475663704, 25.789649733512999 ], [ -80.175369238009296, 25.789649080100499 ], [ -80.175391384279195, 25.789646368636198 ], [ -80.175467618037004, 25.789636656860701 ], [ -80.175513833466297, 25.789627977220601 ], [ -80.175549428632493, 25.789616657608999 ], [ -80.175658458983705, 25.789588389084798 ], [ -80.175754773975598, 25.7895586709882 ], [ -80.175850824983002, 25.7895394409773 ], [ -80.175947155607901, 25.7895349996293 ], [ -80.176027879032404, 25.789534943320401 ], [ -80.1761858368764, 25.789545123536101 ], [ -80.176474956949093, 25.789540228266599 ], [ -80.176570312470105, 25.789539392470701 ], [ -80.176663149267299, 25.789518082081699 ], [ -80.176698676424394, 25.789516735135201 ], [ -80.176871583321997, 25.789535253915499 ], [ -80.176923217452199, 25.789539156682402 ], [ -80.176930634525306, 25.789537997230401 ], [ -80.1770027665128, 25.789544423311298 ], [ -80.1771016675075, 25.789552548837701 ], [ -80.177170784165696, 25.789555692003901 ], [ -80.177357367755903, 25.789573773067101 ], [ -80.177457237944907, 25.789579151666299 ], [ -80.177593121362307, 25.789595398580801 ], [ -80.177607422211494, 25.789587568647001 ], [ -80.1776192085715, 25.789586088149601 ], [ -80.177630614067198, 25.789584606400599 ], [ -80.177700529641101, 25.789582077091701 ], [ -80.177934027169201, 25.7895727375676 ], [ -80.177983629156898, 25.7895687185868 ], [ -80.178079388468703, 25.789564274401901 ], [ -80.178368743270596, 25.789552670934999 ], [ -80.1784730710676, 25.789545352122101 ], [ -80.178693284853495, 25.789534558912599 ], [ -80.178699933279404, 25.789534254349 ], [ -80.178772711290804, 25.789529850544898 ], [ -80.178808804185493, 25.7895290216875 ], [ -80.178922599051802, 25.789525881993601 ], [ -80.178997476443399, 25.789519942791699 ], [ -80.179011728014402, 25.789518820003501 ], [ -80.179022175872603, 25.7895187065673 ], [ -80.1793253292809, 25.7895171533143 ], [ -80.1793314060574, 25.7895171875995 ], [ -80.179332649665199, 25.789529746814502 ], [ -80.179335822397405, 25.7895653596666 ], [ -80.179337767346695, 25.789586693851899 ], [ -80.179339270647603, 25.789616277537199 ], [ -80.179343147336496, 25.789687660814401 ], [ -80.179365781602101, 25.789710657958299 ], [ -80.179372612023997, 25.7898219530557 ], [ -80.179373879187906, 25.789858756577299 ], [ -80.179375221726502, 25.789858682913401 ], [ -80.180669531235793, 25.789786912901 ], [ -80.180817773471802, 25.7897786924994 ], [ -80.182506064919707, 25.7897065247775 ], [ -80.184178639927893, 25.789626682379399 ], [ -80.185431109330096, 25.7895682552521 ], [ -80.185392398937196, 25.789672574025001 ], [ -80.186538884927501, 25.789607283915899 ], [ -80.186539594025206, 25.789607255386201 ], [ -80.187199297472603, 25.789580808358899 ], [ -80.187200605817793, 25.789580776855999 ], [ -80.187276604170506, 25.789578997241598 ], [ -80.188887147506804, 25.789541277715099 ], [ -80.189076817739206, 25.789536833609699 ], [ -80.189077622451194, 25.789536820043001 ], [ -80.189914745293706, 25.789521824003199 ], [ -80.190105604982406, 25.789518405170998 ], [ -80.190671496013806, 25.789508264310602 ], [ -80.190672222977099, 25.789508247594501 ], [ -80.191508630380099, 25.789488746815099 ], [ -80.192304130402704, 25.789470898805099 ], [ -80.192835818548303, 25.789448954242602 ], [ -80.193090592216706, 25.789438438391201 ], [ -80.193091754017701, 25.7894384033142 ], [ -80.193890878719401, 25.789414541543501 ], [ -80.194653258029504, 25.7893877107335 ], [ -80.194654117348307, 25.789388469202599 ], [ -80.194674301400795, 25.7905199838412 ], [ -80.194721444719207, 25.7916219134414 ], [ -80.194743308437111, 25.792466827805711 ], [ -80.194743329981605, 25.792466827465802 ], [ -80.194721465784895, 25.7916218946024 ], [ -80.194674322466298, 25.790519965002201 ] ], [ [ -80.172234674725502, 25.789285004743899 ], [ -80.172234665428746, 25.78928502305904 ], [ -80.172338010230106, 25.789280454003599 ], [ -80.172464710163595, 25.789279111428101 ], [ -80.172464713336737, 25.789279092782028 ], [ -80.172338031298807, 25.7892804351679 ], [ -80.172234674725502, 25.789285004743899 ] ], [ [ -80.172162160165598, 25.789306603068301 ], [ -80.172134580861496, 25.78931177442 ], [ -80.172080947823005, 25.789321959704001 ], [ -80.171957327289704, 25.789345327769698 ], [ -80.1718798384113, 25.789385294446198 ], [ -80.171785067836893, 25.7894525056094 ], [ -80.171769796982403, 25.7894634246111 ], [ -80.171754906399102, 25.789473999160599 ], [ -80.17175489782754, 25.789474009121214 ], [ -80.171769775913504, 25.7894634434466 ], [ -80.171785046767994, 25.789452524445 ], [ -80.1718798173425, 25.789385313281802 ], [ -80.171957306220904, 25.789345346605401 ], [ -80.172080926754305, 25.789321978539601 ], [ -80.172134559792696, 25.7893117932556 ], [ -80.172162139096898, 25.789306621904 ], [ -80.172216520089705, 25.789297989785599 ], [ -80.172223210966905, 25.789306074042202 ], [ -80.172223228307359, 25.789306050701715 ], [ -80.172216541158505, 25.7892979709499 ], [ -80.172162160165598, 25.789306603068301 ] ], [ [ -80.171000189032299, 25.790251915708801 ], [ -80.170984696498905, 25.790117186177898 ], [ -80.170953605165096, 25.790040660550002 ], [ -80.170900908550806, 25.789943378204601 ], [ -80.170858966088304, 25.789883815491802 ], [ -80.170747271477794, 25.789749224435401 ], [ -80.170712174274101, 25.7897158376948 ], [ -80.170588980913195, 25.7896229671064 ], [ -80.170552681799293, 25.789598687481298 ], [ -80.170505766385602, 25.789571505779801 ], [ -80.170365531857797, 25.789498399625099 ], [ -80.170349066089699, 25.789489879518801 ], [ -80.170329251296195, 25.789483214199201 ], [ -80.1703043465333, 25.789474836410701 ], [ -80.170286898317201, 25.789470952996499 ], [ -80.170259020810903, 25.7894649466419 ], [ -80.1701535707912, 25.7894425073899 ], [ -80.170058554097395, 25.789422189233299 ], [ -80.169966833263999, 25.789419257613599 ], [ -80.169856078340601, 25.789422408548798 ], [ -80.169645381017901, 25.7894304905263 ], [ -80.169494357575303, 25.7894337543094 ], [ -80.169149926881104, 25.7894443368073 ], [ -80.1690338325282, 25.789450379380501 ], [ -80.168547482740493, 25.789466166657601 ], [ -80.168417699209201, 25.789474022431399 ], [ -80.167803570227605, 25.7895098835052 ], [ -80.1677809500748, 25.789512332943499 ], [ -80.167577952724699, 25.789532836646998 ], [ -80.167185608924697, 25.789550363239702 ], [ -80.167079801858407, 25.7895519932529 ], [ -80.166996200285396, 25.789556155002298 ], [ -80.166838342416497, 25.7895592044779 ], [ -80.166798215254701, 25.7895661948812 ], [ -80.166559144921706, 25.789611596672302 ], [ -80.166517656047603, 25.789623394803101 ], [ -80.166341310957705, 25.7896894470863 ], [ -80.166252653465904, 25.789737771993401 ], [ -80.166075431875896, 25.789874490556802 ], [ -80.166075426754048, 25.789874497088466 ], [ -80.166252632396194, 25.789737790828202 ], [ -80.166341289887995, 25.789689465921001 ], [ -80.166517634977893, 25.789623413637901 ], [ -80.166559123851997, 25.789611615507201 ], [ -80.166798194185105, 25.7895662137161 ], [ -80.166838321346901, 25.7895592233127 ], [ -80.166996179215801, 25.789556173837202 ], [ -80.167079780788896, 25.7895520120878 ], [ -80.167185587855201, 25.789550382074601 ], [ -80.167577931655202, 25.789532855482001 ], [ -80.167780929005303, 25.789512351778502 ], [ -80.167803549158194, 25.7895099023402 ], [ -80.168417678139804, 25.789474041266399 ], [ -80.168547461671096, 25.7894661854926 ], [ -80.169033811459002, 25.7894503982156 ], [ -80.169149905811906, 25.789444355642502 ], [ -80.169494336506105, 25.789433773144602 ], [ -80.169645359948802, 25.789430509361502 ], [ -80.169856057271502, 25.7894224273841 ], [ -80.1699668121949, 25.7894192764489 ], [ -80.170058533028296, 25.7894222080687 ], [ -80.170153549722102, 25.789442526225301 ], [ -80.170258999741804, 25.789464965477201 ], [ -80.170286877248202, 25.7894709718319 ], [ -80.170304325464201, 25.789474855245999 ], [ -80.170329230227196, 25.789483233034499 ], [ -80.1703490450206, 25.789489898354201 ], [ -80.170365510788699, 25.7894984184605 ], [ -80.170505745316504, 25.789571524615202 ], [ -80.170552660730294, 25.7895987063166 ], [ -80.170588959844096, 25.789622985941801 ], [ -80.170712153205102, 25.789715856530201 ], [ -80.170747250408695, 25.789749243270901 ], [ -80.170858945019205, 25.789883834327199 ], [ -80.170900887481693, 25.789943397039998 ], [ -80.170953584095997, 25.790040679385498 ], [ -80.170984675429807, 25.790117205013399 ], [ -80.1710001679632, 25.790251934544301 ], [ -80.171001197349497, 25.790267931669401 ], [ -80.171613222012695, 25.790234625828099 ], [ -80.17161322053532, 25.790234608219553 ], [ -80.171001218418596, 25.790267912833901 ], [ -80.171000189032299, 25.790251915708801 ] ], [ [ -80.192486331123305, 25.804043846953501 ], [ -80.192603590954704, 25.804040560795801 ], [ -80.192603747920501, 25.804039764630701 ], [ -80.192747575859698, 25.803310855759001 ], [ -80.192746640491805, 25.8033108595925 ], [ -80.192602806411102, 25.804039790995201 ], [ -80.192485546586397, 25.804043076249702 ], [ -80.192486331123305, 25.804043846953501 ] ], [ [ -80.1907401689962, 25.792608601097601 ], [ -80.19074085105872, 25.792608078139949 ], [ -80.19074085105872, 25.792608078139946 ], [ -80.1907401689962, 25.792608601097601 ] ], [ [ -80.185437904029698, 25.792300161445102 ], [ -80.185439100030209, 25.792295605612424 ], [ -80.185439083786605, 25.792295606075498 ], [ -80.185437887783792, 25.79230016191697 ], [ -80.185437904029698, 25.792300161445102 ] ] ] } },
{ "type": "Feature", "properties": { "DISTRICT": 3, "FID": 37, "PDZONEID": "P711", "PDZNIDOLD": "71-1", "PDNETID": 71, "PDAGENCY": "M1", "Shape_Leng": 33602.655971, "Shape_Area": 41292265.703199998, "Shape__Area": 4750074.03515625, "Shape__Length": 11393.036822615233, "TOTAL": 267104.1661391689, "WHITE": 33739.961641218077, "BLACK": 7183.6571776909796, "AMERICAN_INDIAN": 340.60765117468799, "ASIAN": 3806.1221161529425, "PACIFIC_ISLANDER": 0.0, "OTHER": 1061.461547795315, "TWO_OR_MORE": 4290.6152199484941, "HISPANIC": 216681.74078518842, "WHITE_PCT": 0.126, "BLACK_PCT": 0.027, "AMERICAN_INDIAN_PCT": 0.001, "ASIAN_PCT": 0.014, "PACIFIC_ISLANDER_PCT": 0.0, "OTHER_PCT": 0.004, "TWO_OR_MORE_PCT": 0.016, "HISPANIC_PCT": 0.811 }, "geometry": { "type": "Polygon", "coordinates": [ [ [ -80.237617974971201, 25.709569692218601 ], [ -80.247623347987002, 25.709424897757302 ], [ -80.247623884186595, 25.709424875250001 ], [ -80.247657625116602, 25.7094234236821 ], [ -80.248444166107205, 25.7093895904151 ], [ -80.248445037184894, 25.709389553383101 ], [ -80.248448942628798, 25.709476226682199 ], [ -80.248448995113193, 25.709477388682998 ], [ -80.251786477554603, 25.709360245923499 ], [ -80.252795989108506, 25.709325543873099 ], [ -80.252796884058199, 25.7093255132561 ], [ -80.252798330274899, 25.709310123896 ], [ -80.252807937211301, 25.709309686598701 ], [ -80.256691163286803, 25.709117976397199 ], [ -80.257021165272505, 25.709101630558202 ], [ -80.2570222905413, 25.709101574911799 ], [ -80.2595709826183, 25.709030080287601 ], [ -80.260838068020902, 25.708994195933101 ], [ -80.260969900363307, 25.708990461990702 ], [ -80.260970342835293, 25.708990449791099 ], [ -80.260970410361097, 25.7089919386313 ], [ -80.2609704349195, 25.7089924794533 ], [ -80.260972219508503, 25.709032315071099 ], [ -80.260984372084593, 25.7094995483608 ], [ -80.260998332221604, 25.7097512555907 ], [ -80.261009236503099, 25.710420924506 ], [ -80.261047268904505, 25.7111807800134 ], [ -80.261059175444103, 25.7119055102315 ], [ -80.261095203965795, 25.712669982498301 ], [ -80.261130673860706, 25.713419122771199 ], [ -80.261153051110298, 25.7141587204116 ], [ -80.261184665022597, 25.714917430915602 ], [ -80.261203822177094, 25.7153976065695 ], [ -80.261211088097099, 25.715633168880299 ], [ -80.261237585318099, 25.7164408310616 ], [ -80.261266723689999, 25.717210366194401 ], [ -80.261266264218705, 25.717343480929099 ], [ -80.261305228570293, 25.718199395838599 ], [ -80.261329052487497, 25.719046344459599 ], [ -80.261364286603794, 25.719939059099499 ], [ -80.2614089340248, 25.7208173922293 ], [ -80.261435871955896, 25.7214853785221 ], [ -80.261444884325797, 25.721754002395901 ], [ -80.2614647951157, 25.722192571258201 ], [ -80.261499385064994, 25.722680097426601 ], [ -80.261512744802005, 25.722912989614699 ], [ -80.261537080590998, 25.723613407029799 ], [ -80.261590817085505, 25.7243510494345 ], [ -80.261611973835798, 25.724773708660699 ], [ -80.261615944435306, 25.724853024304501 ], [ -80.259292270574207, 25.724969889093899 ], [ -80.258556472363694, 25.7249995447815 ], [ -80.258577378286304, 25.7256397848634 ], [ -80.258582606804495, 25.725889871242298 ], [ -80.258587442086807, 25.7260124632603 ], [ -80.258633444108398, 25.726650269181999 ], [ -80.258685236013704, 25.727368336929601 ], [ -80.258694227210597, 25.727492984671901 ], [ -80.258696718599793, 25.727527532386802 ], [ -80.258696977395601, 25.727531117281298 ], [ -80.258696917599295, 25.727531117879799 ], [ -80.258684415697999, 25.727532125737699 ], [ -80.258634376414903, 25.727535801347798 ], [ -80.258584289805896, 25.727538912534602 ], [ -80.258534164845798, 25.727541458440999 ], [ -80.258484008510905, 25.727543439102501 ], [ -80.258433828779502, 25.727544853657001 ], [ -80.258266495022397, 25.727545512600901 ], [ -80.258099276422598, 25.727539852101199 ], [ -80.257932463742307, 25.727527882000999 ], [ -80.257882540858404, 25.727523078316299 ], [ -80.257832688236206, 25.727517712612599 ], [ -80.257782912851994, 25.727511784925401 ], [ -80.257733223669604, 25.727505296203098 ], [ -80.257683627659503, 25.727498247384201 ], [ -80.257646494722295, 25.727492593475301 ], [ -80.2575358645649, 25.727480076717399 ], [ -80.257424890078894, 25.727470375336399 ], [ -80.257276539705302, 25.7274618443018 ], [ -80.257127941594803, 25.727458320385999 ], [ -80.257016454267898, 25.7274589904004 ], [ -80.256905031055396, 25.7274624923141 ], [ -80.255672865823797, 25.7275108035874 ], [ -80.255705974825901, 25.728199416524799 ], [ -80.255723741382198, 25.728518409436401 ], [ -80.255739685718495, 25.728804684095699 ], [ -80.255771000214096, 25.729425627672398 ], [ -80.255780448872301, 25.729641515497601 ], [ -80.255800986673094, 25.730110736585999 ], [ -80.255813382616694, 25.730293750891299 ], [ -80.255837280150999, 25.730646577072999 ], [ -80.255853529168306, 25.730910391320101 ], [ -80.255864882378503, 25.7312889334736 ], [ -80.255864885845995, 25.731289817198999 ], [ -80.255910673505994, 25.7322205392501 ], [ -80.256851752063, 25.732210363829001 ], [ -80.2568883699347, 25.7322099674874 ], [ -80.257904376720703, 25.7321777587964 ], [ -80.257905434267599, 25.732177730784699 ], [ -80.257952918463403, 25.733097822205298 ], [ -80.258041046615304, 25.734834493028199 ], [ -80.258040203975597, 25.734875922027999 ], [ -80.258035144630298, 25.734917103889 ], [ -80.258025911737604, 25.734957687279401 ], [ -80.258091717520301, 25.736788876485601 ], [ -80.258168487352904, 25.738628606113799 ], [ -80.258163802485399, 25.738694533524399 ], [ -80.257189837982395, 25.738703847482999 ], [ -80.256246890023704, 25.7387340953033 ], [ -80.256176851396702, 25.738736341853699 ], [ -80.256187891019195, 25.7390500022243 ], [ -80.256220169908104, 25.7398115097768 ], [ -80.256243230001601, 25.7405166684057 ], [ -80.256325644066905, 25.742065976788801 ], [ -80.256340384381701, 25.742404838388399 ], [ -80.254291349465305, 25.742500997008801 ], [ -80.254292994337007, 25.7425367048127 ], [ -80.254306021490905, 25.7429843239888 ], [ -80.254334651800306, 25.743790713800401 ], [ -80.254356709473996, 25.744253275765001 ], [ -80.254370351877796, 25.744572026765599 ], [ -80.2543763817322, 25.7447029788047 ], [ -80.254391400237395, 25.7450291386576 ], [ -80.254403530291498, 25.745376232681998 ], [ -80.254422276015106, 25.7458088263737 ], [ -80.254427160749003, 25.746031277146901 ], [ -80.254430068024405, 25.746163669167501 ], [ -80.254443231406, 25.746574220124 ], [ -80.254465590320194, 25.7470365280031 ], [ -80.254467301124706, 25.7470719048459 ], [ -80.254478467080503, 25.747342277541499 ], [ -80.254480601781793, 25.747429186790001 ], [ -80.254495580988802, 25.748038928245698 ], [ -80.254522538233999, 25.748930454282199 ], [ -80.254569206287698, 25.749746879506201 ], [ -80.254575970115397, 25.749865206980601 ], [ -80.254621099480204, 25.751589387125101 ], [ -80.254649269927697, 25.752456937958598 ], [ -80.254694877463294, 25.7533307855464 ], [ -80.254710250540398, 25.754037124071299 ], [ -80.254758360085404, 25.755224087453001 ], [ -80.254800397473502, 25.756034051403699 ], [ -80.254796984071803, 25.756580943265899 ], [ -80.254801003919596, 25.7567358838375 ], [ -80.254829617654494, 25.7572760107556 ], [ -80.254868214785802, 25.7580468689771 ], [ -80.254886883449103, 25.758350057071699 ], [ -80.254907818002806, 25.7588394565879 ], [ -80.254920854790996, 25.759130201540401 ], [ -80.254938836313599, 25.7596364782721 ], [ -80.254953115945995, 25.759897722500099 ], [ -80.254968907373794, 25.760344146127501 ], [ -80.2549799901618, 25.760661795632601 ], [ -80.254992200925898, 25.7610247192912 ], [ -80.255007146738194, 25.761426180647 ], [ -80.255032669591998, 25.762197933758401 ], [ -80.2550625568947, 25.7629763797806 ], [ -80.255140422386702, 25.7646872071216 ], [ -80.255165652323399, 25.765397916958499 ], [ -80.255172053991899, 25.765578277592802 ], [ -80.255182350514303, 25.7660932559148 ], [ -80.2552185567462, 25.766860601367799 ], [ -80.255245934202804, 25.767472967343501 ], [ -80.255255110593197, 25.7676713357327 ], [ -80.255286389944104, 25.7682263819943 ], [ -80.255311261491698, 25.768868013680802 ], [ -80.255319161622197, 25.769165324977401 ], [ -80.255337682503196, 25.769557229683201 ], [ -80.255367488205493, 25.770025035309299 ], [ -80.2553662002327, 25.770025351871301 ], [ -80.255182921554706, 25.770070410807801 ], [ -80.255179759528602, 25.770071188062499 ], [ -80.254406628214497, 25.770086895559899 ], [ -80.2544353444504, 25.770767253763601 ], [ -80.254435645128595, 25.770870379540401 ], [ -80.254438140406094, 25.770922066822202 ], [ -80.254442794548794, 25.770982279039501 ], [ -80.254448272753805, 25.771033777601001 ], [ -80.254464496631599, 25.771402130075099 ], [ -80.254170627895505, 25.7714152149113 ], [ -80.254194885027403, 25.771860920349098 ], [ -80.254194945536796, 25.771862085088699 ], [ -80.254565233961202, 25.771849753645899 ], [ -80.254837484701497, 25.771842415595401 ], [ -80.254817955841702, 25.771358665708899 ], [ -80.255439020419104, 25.771342418361701 ], [ -80.255439692443204, 25.771342401038801 ], [ -80.255427840654605, 25.7710026951993 ], [ -80.255408620804701, 25.770626885013399 ], [ -80.255408593326393, 25.770626336056299 ], [ -80.257436601564905, 25.770575897282299 ], [ -80.258456471503607, 25.770550521605401 ], [ -80.258456196483806, 25.770510720155102 ], [ -80.258455997746296, 25.770481903553002 ], [ -80.258455959445996, 25.770476356517101 ], [ -80.258457184767295, 25.770476335680598 ], [ -80.258458118963304, 25.7704763196794 ], [ -80.258458601515599, 25.770476311306201 ], [ -80.258463628557493, 25.770228208539599 ], [ -80.258463605192901, 25.770227637037301 ], [ -80.258380061134204, 25.768144669718101 ], [ -80.2585087616485, 25.768140646965801 ], [ -80.258873980333604, 25.7681308483922 ], [ -80.259363738793994, 25.768128217955301 ], [ -80.259359885960293, 25.768057527323698 ], [ -80.259346980321297, 25.767820780686801 ], [ -80.259346954986995, 25.767820204661 ], [ -80.259338785668007, 25.767630499854899 ], [ -80.259264381665602, 25.765903033417899 ], [ -80.259207672971996, 25.7645727873319 ], [ -80.259207445486595, 25.7645675200556 ], [ -80.259552790351606, 25.764555404218399 ], [ -80.259590551353696, 25.764554078928398 ], [ -80.259590530565802, 25.764553734006501 ], [ -80.259590514269405, 25.7645534685415 ], [ -80.260595156129597, 25.764518976526599 ], [ -80.260820569352404, 25.7645112365065 ], [ -80.260821221429495, 25.764511214543401 ], [ -80.261005462536204, 25.764504620946902 ], [ -80.261309131005206, 25.764493751651901 ], [ -80.261309790065496, 25.764493728819399 ], [ -80.261320777241707, 25.764493587796998 ], [ -80.2615735830109, 25.764490338244499 ], [ -80.263283065645894, 25.7644250535682 ], [ -80.263284362854606, 25.7644250041688 ], [ -80.265333274571006, 25.764364461197601 ], [ -80.265333928624003, 25.764364441932099 ], [ -80.267005709340097, 25.764322863545399 ], [ -80.267006369357105, 25.764322847010501 ], [ -80.267377225413398, 25.764310259729601 ], [ -80.267578616914903, 25.7643034913736 ], [ -80.269272001996299, 25.7642497456137 ], [ -80.269441466379902, 25.764243925572298 ], [ -80.2698484716217, 25.764231539587598 ], [ -80.2698491535958, 25.764231518636599 ], [ -80.270659507549794, 25.764195800011102 ], [ -80.270828145058303, 25.764189551763799 ], [ -80.271471293554299, 25.7641674353086 ], [ -80.271472619644399, 25.764167389591201 ], [ -80.272575362993607, 25.764129547034901 ], [ -80.273315857864304, 25.7641021164786 ], [ -80.273522728022499, 25.764094284944498 ], [ -80.273523394074004, 25.764094259383501 ], [ -80.274060028973395, 25.764075813464899 ], [ -80.274806688794001, 25.764043960446401 ], [ -80.275601767089, 25.764019036892901 ], [ -80.275602416161107, 25.764019016653801 ], [ -80.276281666436901, 25.763995214428601 ], [ -80.277047964449693, 25.7639653151384 ], [ -80.277048622525598, 25.7639652895216 ], [ -80.2777506474836, 25.763940478753199 ], [ -80.278288492532596, 25.763924668928201 ], [ -80.278289167521294, 25.763924648805599 ], [ -80.279255589498007, 25.7638851345137 ], [ -80.279665635112195, 25.7638693330519 ], [ -80.279666977185101, 25.763869281020199 ], [ -80.280698019587106, 25.763830524621699 ], [ -80.280855829800601, 25.7638253865005 ], [ -80.2817236467545, 25.763790414493101 ], [ -80.281724319792104, 25.763790387123699 ], [ -80.282280177071996, 25.763773236933201 ], [ -80.283057172507597, 25.763744408494698 ], [ -80.283773543797395, 25.763716995389 ], [ -80.283774226797107, 25.763716968961699 ], [ -80.285582861802297, 25.7636533648746 ], [ -80.285818167751401, 25.763646209629901 ], [ -80.285818835760395, 25.763646189438202 ], [ -80.287872531877397, 25.763562085138901 ], [ -80.287873884910198, 25.763562033085101 ], [ -80.287873977768896, 25.763565015037599 ], [ -80.289947862133801, 25.763500620331602 ], [ -80.290539503010095, 25.763485703668501 ], [ -80.290540181966904, 25.763485686216299 ], [ -80.291250840662499, 25.763465677954201 ], [ -80.291251512652195, 25.763465658659499 ], [ -80.291922597277207, 25.763443812477099 ], [ -80.292683160408103, 25.763419157445401 ], [ -80.293219351017299, 25.763400726179501 ], [ -80.293220032004598, 25.763400702405999 ], [ -80.293328292898195, 25.7633987971432 ], [ -80.293871418779801, 25.763381991245701 ], [ -80.294101581497102, 25.7633766444931 ], [ -80.294102258448802, 25.763376628820001 ], [ -80.294259733644495, 25.763372533345699 ], [ -80.294985610117095, 25.763349342746501 ], [ -80.294986292090101, 25.7633493207749 ], [ -80.295872535340294, 25.7633228746705 ], [ -80.295873898267899, 25.7633228343247 ], [ -80.296883157317396, 25.7632985494993 ], [ -80.297881285898299, 25.763265351546799 ], [ -80.297881967875895, 25.763265328658999 ], [ -80.298044083927905, 25.763262464651699 ], [ -80.299635514174796, 25.763220588371901 ], [ -80.299890587085201, 25.763212965657001 ], [ -80.299891269046498, 25.7632129454677 ], [ -80.300895788758197, 25.763189192212501 ], [ -80.301901833544704, 25.7631591044251 ], [ -80.301902515505603, 25.763159084226402 ], [ -80.3028704060862, 25.763131308941901 ], [ -80.303899037296503, 25.763103680483599 ], [ -80.303900409171007, 25.763103643715901 ], [ -80.305876953101702, 25.763030026043001 ], [ -80.305877636090003, 25.763030000414499 ], [ -80.306672991510993, 25.76300491544 ], [ -80.307432369258294, 25.762980393326998 ], [ -80.307434594632497, 25.762980321772101 ], [ -80.308009501490005, 25.762963785758 ], [ -80.308546615531199, 25.762948334397699 ], [ -80.3093827766793, 25.7629164101896 ], [ -80.309840036806406, 25.762898950376002 ], [ -80.309840727773405, 25.762898923864 ], [ -80.310191534153702, 25.762886909470399 ], [ -80.311035657609096, 25.762859613472301 ], [ -80.311036290723806, 25.762859592999501 ], [ -80.311860283921902, 25.762830166838199 ], [ -80.313799273094901, 25.7627621411505 ], [ -80.313799961054599, 25.7627621173135 ], [ -80.314135574001597, 25.762754250773501 ], [ -80.315139277836295, 25.762730260760399 ], [ -80.315247728582804, 25.762727990738099 ], [ -80.315776064598893, 25.762710160545801 ], [ -80.315777746602393, 25.762710103459799 ], [ -80.3163698486225, 25.762676783167802 ], [ -80.316608534323194, 25.7626620945925 ], [ -80.316905425211203, 25.7626459212768 ], [ -80.317501143590206, 25.762613584612499 ], [ -80.318244319022696, 25.762576665502898 ], [ -80.319067214498304, 25.762506740290299 ], [ -80.319775460494995, 25.762471406540801 ], [ -80.319809975136394, 25.762699699020001 ], [ -80.319814541983703, 25.7627299091764 ], [ -80.319573146303696, 25.762737028699501 ], [ -80.319226377329102, 25.762747255805198 ], [ -80.318827847347194, 25.762772292766101 ], [ -80.318793637751497, 25.762781002292598 ], [ -80.318606047935006, 25.762828760043501 ], [ -80.318483395507101, 25.7629182449983 ], [ -80.318454316983505, 25.762939459649498 ], [ -80.318291956241893, 25.763172706893499 ], [ -80.318047170728605, 25.7640048378233 ], [ -80.318026669111603, 25.764035419823699 ], [ -80.317800793712706, 25.764715402158402 ], [ -80.317547417711694, 25.765422818043501 ], [ -80.317391332066407, 25.765786770842698 ], [ -80.317184989523795, 25.766267906602 ], [ -80.317091592608605, 25.766433716205999 ], [ -80.317015513461001, 25.7665717795905 ], [ -80.316957520486397, 25.766641044396199 ], [ -80.316906888879302, 25.766727813938701 ], [ -80.316781386801097, 25.766907885524802 ], [ -80.316439289393202, 25.767398727340002 ], [ -80.316125447614695, 25.7677815940777 ], [ -80.315862022229595, 25.768102952881399 ], [ -80.315595477731705, 25.768355376114702 ], [ -80.315433225469704, 25.768509031305001 ], [ -80.314724627825598, 25.769085778969298 ], [ -80.314081652594098, 25.769492532615601 ], [ -80.313397654396198, 25.769877801328398 ], [ -80.313338514039302, 25.769941385031501 ], [ -80.313233181635994, 25.770140659747099 ], [ -80.3131364813906, 25.770323604365799 ], [ -80.312807025604599, 25.7706515898759 ], [ -80.312705493253105, 25.7707526702618 ], [ -80.312560342895793, 25.7708971730953 ], [ -80.312547265777496, 25.770904375076299 ], [ -80.312517225621804, 25.770896969423301 ], [ -80.312501248862105, 25.770897876954098 ], [ -80.312477027011994, 25.7709122151117 ], [ -80.312441930671596, 25.770912049308698 ], [ -80.312413906719499, 25.7709028369961 ], [ -80.312157289961505, 25.770936313820101 ], [ -80.312045926697195, 25.770882568976901 ], [ -80.311717870619304, 25.770694753698098 ], [ -80.311600446944396, 25.770672910754499 ], [ -80.311488716689894, 25.770683025548301 ], [ -80.309601892208505, 25.7715614513526 ], [ -80.309640123820103, 25.774115155277698 ], [ -80.309625901987005, 25.774260471944601 ], [ -80.309597949973195, 25.7744663013161 ], [ -80.309542685538105, 25.774638206212298 ], [ -80.309475282744899, 25.7748534102852 ], [ -80.308456294800706, 25.777515161957599 ], [ -80.308375518545603, 25.777599586075201 ], [ -80.308375279063696, 25.777597386948901 ], [ -80.308341353565496, 25.777285610559701 ], [ -80.308341308135795, 25.777285192410101 ], [ -80.308340209121397, 25.777288005304701 ], [ -80.308333316478198, 25.7773056503232 ], [ -80.3083332582693, 25.7773010744401 ], [ -80.308275064346404, 25.772710741921099 ], [ -80.308270915219794, 25.772515392696299 ], [ -80.308263772155598, 25.7722170766673 ], [ -80.308262951174697, 25.772140475309499 ], [ -80.308261511023005, 25.772141094011101 ], [ -80.307986179836107, 25.772260252916801 ], [ -80.301546427356797, 25.775205434994099 ], [ -80.301492452610702, 25.775208167345301 ], [ -80.301371109945805, 25.7752444758035 ], [ -80.299347021048206, 25.776194081457898 ], [ -80.299059624262597, 25.7763183896359 ], [ -80.298462497666094, 25.7765819909222 ], [ -80.298040967694405, 25.7767778796259 ], [ -80.296627073088004, 25.777494225992498 ], [ -80.296259914621302, 25.777692629789598 ], [ -80.295973733144507, 25.777910047299802 ], [ -80.295938658033606, 25.777925714807999 ], [ -80.295901273720602, 25.777928413407 ], [ -80.295821748479497, 25.777931627484001 ], [ -80.295766035783103, 25.7779414360838 ], [ -80.295700715348104, 25.777962716136599 ], [ -80.295288829681994, 25.778210923786801 ], [ -80.294507293833405, 25.778620741130201 ], [ -80.293551217935999, 25.779161654432301 ], [ -80.292471385665195, 25.779775544558699 ], [ -80.290892240020696, 25.780463117987299 ], [ -80.290440111867795, 25.7806156986038 ], [ -80.289659517356498, 25.780736193430499 ], [ -80.289222634433997, 25.780807676395501 ], [ -80.288872225849005, 25.780821189339498 ], [ -80.288779530742303, 25.780856260501 ], [ -80.288698284204798, 25.7808628869324 ], [ -80.288583232223601, 25.7808755998606 ], [ -80.2884284503033, 25.780846998545101 ], [ -80.288394997222198, 25.780840816886698 ], [ -80.288272223409194, 25.7808343373211 ], [ -80.287897117965201, 25.78084120898 ], [ -80.284963923036301, 25.7802501915478 ], [ -80.283245706527893, 25.780261939794499 ], [ -80.280094880194795, 25.7802867888226 ], [ -80.279344061012495, 25.780343178265301 ], [ -80.278463466966599, 25.7805812423817 ], [ -80.277800053017998, 25.780968456212801 ], [ -80.276771711684106, 25.7815026577995 ], [ -80.276267092055093, 25.781924399637902 ], [ -80.275851343440905, 25.782265400388098 ], [ -80.274546808082206, 25.783593560517101 ], [ -80.274473258550799, 25.7836879287728 ], [ -80.274441035752403, 25.783729272361999 ], [ -80.2743204295856, 25.783882350417201 ], [ -80.273654385508095, 25.7846247848709 ], [ -80.273539880642403, 25.784752421449301 ], [ -80.273473726555906, 25.7848261624118 ], [ -80.273296068860006, 25.7851752974641 ], [ -80.273010826473893, 25.785346376806299 ], [ -80.272601591234704, 25.7857005908667 ], [ -80.272299928777301, 25.786091679310701 ], [ -80.271572034579094, 25.786933268994201 ], [ -80.271545346716394, 25.786964124535299 ], [ -80.271146966049997, 25.787424724524602 ], [ -80.270683498742997, 25.787916813946701 ], [ -80.270154195027004, 25.788478800120899 ], [ -80.269939210933103, 25.7887392259696 ], [ -80.268699209499403, 25.7901101765287 ], [ -80.267545893942497, 25.791173659371299 ], [ -80.266934870172705, 25.791737077413401 ], [ -80.266918095245501, 25.791790589972202 ], [ -80.266901217164602, 25.7918440117427 ], [ -80.266877233884003, 25.791899537899099 ], [ -80.266804630381799, 25.791973784709501 ], [ -80.266759752078499, 25.792003064548499 ], [ -80.266721510907303, 25.792021715642399 ], [ -80.266586959655697, 25.792087339250202 ], [ -80.266533618044903, 25.7921300638512 ], [ -80.266509700843699, 25.792129117308502 ], [ -80.266461706101694, 25.792173372673499 ], [ -80.266002924123299, 25.7925951609725 ], [ -80.265453280374999, 25.7931403425045 ], [ -80.265113191302603, 25.7933661149318 ], [ -80.265014497065195, 25.7934249614244 ], [ -80.264879685260397, 25.793532748809699 ], [ -80.264688090506993, 25.7935729875005 ], [ -80.264677621112298, 25.793579597082999 ], [ -80.264663711291703, 25.793588380019401 ], [ -80.264652618621597, 25.7935853063533 ], [ -80.264630218284793, 25.7935790983563 ], [ -80.264572617637896, 25.793603572414 ], [ -80.264559576335799, 25.7936091137767 ], [ -80.264537356526603, 25.793611623638402 ], [ -80.264482356287999, 25.7936178356127 ], [ -80.264481311197599, 25.793618826861 ], [ -80.264453670567406, 25.793645025709701 ], [ -80.2644015468166, 25.793664505012099 ], [ -80.264349573009497, 25.793659686426999 ], [ -80.264348660968693, 25.79365866813 ], [ -80.264347292417398, 25.793657139327902 ], [ -80.264346724034695, 25.7936571454796 ], [ -80.264167187230697, 25.793659196177099 ], [ -80.263859091756999, 25.793662714561499 ], [ -80.262432167693007, 25.793708972290801 ], [ -80.258438064308507, 25.7938383789478 ], [ -80.256190603989793, 25.7938878669876 ], [ -80.253871573341996, 25.7939068603763 ], [ -80.251639940956096, 25.793971950792098 ], [ -80.2500567426777, 25.794008414162501 ], [ -80.247984830856396, 25.794061282695299 ], [ -80.245020662226906, 25.794144248532799 ], [ -80.243629873719101, 25.794180759532701 ], [ -80.242942258538605, 25.794203185590501 ], [ -80.242346976289497, 25.794221080591001 ], [ -80.242345982937096, 25.794220491398999 ], [ -80.242338069892199, 25.794215797896701 ], [ -80.242146841884406, 25.794102361555598 ], [ -80.240640503290805, 25.793193022184699 ], [ -80.240597642976297, 25.793166330781801 ], [ -80.239774157764003, 25.792653509634398 ], [ -80.2396441710451, 25.792606592603398 ], [ -80.239354077904594, 25.7925018419492 ], [ -80.237926943005505, 25.791603870857902 ], [ -80.235956313845605, 25.790363880743801 ], [ -80.235938182425798, 25.790361360974199 ], [ -80.235524215193095, 25.7903038423486 ], [ -80.234832470021701, 25.7902077236885 ], [ -80.234187948918503, 25.7900707787493 ], [ -80.2337654535647, 25.789818141383499 ], [ -80.233508474971302, 25.789714155740899 ], [ -80.231926252863104, 25.789073898937001 ], [ -80.231339146321005, 25.788802320547799 ], [ -80.2313384033245, 25.788802041312199 ], [ -80.230712497110304, 25.788566660311101 ], [ -80.230381886093696, 25.7883645820087 ], [ -80.230381349004801, 25.788364069167901 ], [ -80.2303807217355, 25.788363471000601 ], [ -80.229503107805897, 25.787526084966 ], [ -80.228078058349993, 25.786967776942902 ], [ -80.228074874019697, 25.786966822188699 ], [ -80.2277914902552, 25.786881773982699 ], [ -80.227399275619604, 25.786702267721601 ], [ -80.227398364045101, 25.786701850367699 ], [ -80.227397360024696, 25.786701390098099 ], [ -80.227396431542203, 25.786700966335701 ], [ -80.227220549295893, 25.786620469546101 ], [ -80.227219810621094, 25.786620142472199 ], [ -80.226780276082806, 25.7864256609097 ], [ -80.226173096741903, 25.786222102005102 ], [ -80.224126393473796, 25.7862111930902 ], [ -80.224114271090599, 25.7862039180444 ], [ -80.223574562561495, 25.7858904022569 ], [ -80.222966228686204, 25.7855150996688 ], [ -80.222959458458106, 25.785511037675199 ], [ -80.222956545855894, 25.7855090949542 ], [ -80.222955819190503, 25.785508610861498 ], [ -80.222822357659993, 25.785419610363899 ], [ -80.221166591331396, 25.784843153808801 ], [ -80.219639252522498, 25.784367531321202 ], [ -80.218587809547103, 25.784066786094002 ], [ -80.2184475785713, 25.784025506429199 ], [ -80.218425978171794, 25.7840191485449 ], [ -80.218424829980094, 25.784018636891101 ], [ -80.217155982284595, 25.783452706469198 ], [ -80.214848013576699, 25.7826635992486 ], [ -80.214846230386698, 25.782662927078601 ], [ -80.214845449673604, 25.782662634016599 ], [ -80.211807414039399, 25.781529504756101 ], [ -80.211692617853004, 25.7814866865445 ], [ -80.211196780874303, 25.7811835054816 ], [ -80.210738042408494, 25.780847136737201 ], [ -80.210279640144506, 25.780460686581801 ], [ -80.209585108035995, 25.779824271001399 ], [ -80.209584564986798, 25.779823774300802 ], [ -80.209510522876897, 25.7797559277241 ], [ -80.209509900558103, 25.779755357477899 ], [ -80.208922331885702, 25.779384894057198 ], [ -80.208077194133196, 25.778929556661701 ], [ -80.207872648025599, 25.778835563094901 ], [ -80.2076586579457, 25.778737227514799 ], [ -80.207658459159902, 25.778737136167202 ], [ -80.207657347947404, 25.778736625533799 ], [ -80.207656520001706, 25.778736245522101 ], [ -80.207655300453993, 25.778735684652901 ], [ -80.207584326998102, 25.778703069873199 ], [ -80.207584003968407, 25.778702921884399 ], [ -80.207583568627797, 25.778702721832801 ], [ -80.207378675450599, 25.778608565923001 ], [ -80.206921051010397, 25.778331479416298 ], [ -80.206920104477305, 25.778330942595399 ], [ -80.206080366529605, 25.777847297135398 ], [ -80.206056288651894, 25.777833429208499 ], [ -80.205412872517698, 25.777546117116199 ], [ -80.205401116386298, 25.777543882040799 ], [ -80.204418480977694, 25.7773570463306 ], [ -80.2044182096448, 25.777356921183799 ], [ -80.204234665439401, 25.777272570310998 ], [ -80.203959777647697, 25.777020656838499 ], [ -80.203959429433397, 25.777020250545799 ], [ -80.203520628369205, 25.776517433950001 ], [ -80.203123903543499, 25.776017195192299 ], [ -80.203110167764507, 25.7759998757213 ], [ -80.203081818337395, 25.775964128927999 ], [ -80.203081408980296, 25.775963772846801 ], [ -80.203067992121206, 25.775952140918498 ], [ -80.202640996074805, 25.775581967794299 ], [ -80.202628593289404, 25.775571215149402 ], [ -80.202620372344597, 25.775564087899799 ], [ -80.202504244403599, 25.775463411575601 ], [ -80.202403555408793, 25.775376120350799 ], [ -80.201853684748698, 25.7748889792577 ], [ -80.201853386223206, 25.774888598506799 ], [ -80.201835952939803, 25.774866392445698 ], [ -80.201835324230103, 25.774865594664199 ], [ -80.201834978270597, 25.7748651513702 ], [ -80.201524615256503, 25.774469825091899 ], [ -80.201524126895094, 25.774469358449501 ], [ -80.201355379071302, 25.774308244330001 ], [ -80.201248670455897, 25.7742063622328 ], [ -80.201241961173096, 25.774199957201699 ], [ -80.201236820004098, 25.7741950483469 ], [ -80.201236762027804, 25.774194922560199 ], [ -80.201234943416694, 25.774190935496701 ], [ -80.201233993338704, 25.774188852378799 ], [ -80.201233810588803, 25.774188452403799 ], [ -80.201187655612401, 25.774087267304498 ], [ -80.201186338079395, 25.774084378809601 ], [ -80.201185145325894, 25.7740817636003 ], [ -80.200995316984802, 25.773665607511798 ], [ -80.200524976867996, 25.773046356487001 ], [ -80.200504176796201, 25.773014588042699 ], [ -80.200239052397194, 25.7726096452507 ], [ -80.200228139294495, 25.772592977395899 ], [ -80.200225211111999, 25.772577400499198 ], [ -80.200188901317006, 25.772384275494499 ], [ -80.200188562616603, 25.772382453888099 ], [ -80.200121327366801, 25.772024795128601 ], [ -80.200086916400096, 25.771657338844999 ], [ -80.1998881490033, 25.7710552618287 ], [ -80.199604042744696, 25.770709212628901 ], [ -80.199603586262995, 25.7707087524741 ], [ -80.199554434756294, 25.770659210921298 ], [ -80.199445658526002, 25.770549575029101 ], [ -80.1992571613048, 25.770370969352701 ], [ -80.199256468491598, 25.770370222658698 ], [ -80.199210393557607, 25.770320549885199 ], [ -80.199209695694094, 25.770319813092399 ], [ -80.198276303076995, 25.769351901843901 ], [ -80.197855865989894, 25.768940628188599 ], [ -80.197514579211401, 25.768762164730699 ], [ -80.197513913646702, 25.768761816248102 ], [ -80.197505486762594, 25.768757409977798 ], [ -80.197454859875705, 25.768756733652801 ], [ -80.197446060230305, 25.7687566156253 ], [ -80.1974347247548, 25.768756463755501 ], [ -80.197434337001894, 25.768756458909401 ], [ -80.197206310688998, 25.7687534122588 ], [ -80.196912579138896, 25.768707415623901 ], [ -80.1967642973881, 25.768684195342601 ], [ -80.196064070481498, 25.7686302437424 ], [ -80.195673209737706, 25.768674069759602 ], [ -80.195672537988301, 25.768674196029 ], [ -80.195565849489597, 25.768694266258802 ], [ -80.194421244294801, 25.768921646069899 ], [ -80.194410049651907, 25.7689298695384 ], [ -80.194403130893093, 25.7689349519801 ], [ -80.194392349012404, 25.768942871733199 ], [ -80.193902443131805, 25.769302733189701 ], [ -80.193506757347706, 25.769667835034198 ], [ -80.193506104300099, 25.7696684379966 ], [ -80.193443511273003, 25.769726192940301 ], [ -80.192993769342706, 25.7700823093287 ], [ -80.192531623688296, 25.770263378463198 ], [ -80.192162221847795, 25.770361490148201 ], [ -80.191959537092004, 25.770343670421202 ], [ -80.191692872931398, 25.770266995218499 ], [ -80.191692555540897, 25.770266904093301 ], [ -80.191689654259605, 25.770266070178199 ], [ -80.191689334881403, 25.770265978139399 ], [ -80.190597866844399, 25.769952138945101 ], [ -80.1900382043641, 25.769925879544001 ], [ -80.190037555599204, 25.769925848853799 ], [ -80.190033875271297, 25.7699256758236 ], [ -80.189985395330496, 25.7699230834872 ], [ -80.189985362505396, 25.769922338618102 ], [ -80.189977185958796, 25.7697386435255 ], [ -80.189976530834002, 25.769738668763999 ], [ -80.189912030688902, 25.7697411188052 ], [ -80.189828502208499, 25.769736784184399 ], [ -80.189828525201705, 25.769736040528699 ], [ -80.189831903318193, 25.769627439833801 ], [ -80.189831187300499, 25.769627477369799 ], [ -80.189267679871406, 25.7696572256331 ], [ -80.189255899449606, 25.769657847827801 ], [ -80.189093303965095, 25.7696627866268 ], [ -80.188696182691501, 25.7697785344061 ], [ -80.188672979891706, 25.769783562800701 ], [ -80.188619395679595, 25.7697879073054 ], [ -80.188564721423006, 25.7697852808659 ], [ -80.188553329381406, 25.769784787688199 ], [ -80.188504605242997, 25.7697728230896 ], [ -80.1884909681567, 25.769767501751598 ], [ -80.188463340669799, 25.7697528168407 ], [ -80.188452003073095, 25.769744758849701 ], [ -80.188271891336399, 25.769616764189301 ], [ -80.1882714340028, 25.7696161433234 ], [ -80.188046089188703, 25.7693102834798 ], [ -80.187970244291407, 25.768958297132802 ], [ -80.187946456301404, 25.7688819022211 ], [ -80.188083762116904, 25.768100273788601 ], [ -80.188069819587298, 25.768028232232201 ], [ -80.188070668112303, 25.767959196871502 ], [ -80.188081390572805, 25.767834932884099 ], [ -80.188091668790193, 25.767775666250099 ], [ -80.188116566867805, 25.767688881738 ], [ -80.188116502233498, 25.767670396005499 ], [ -80.188110216979894, 25.767645341288599 ], [ -80.1881006788402, 25.7675679950537 ], [ -80.188098521524495, 25.7675498406544 ], [ -80.188111194974894, 25.767501592488099 ], [ -80.188120242699199, 25.767455559057101 ], [ -80.188127182228797, 25.767356895679399 ], [ -80.188139060264305, 25.767285771721699 ], [ -80.188147227235305, 25.767229846646998 ], [ -80.188148618996294, 25.767220741253801 ], [ -80.188160730746901, 25.7671709409992 ], [ -80.1881728438848, 25.767121228307801 ], [ -80.188185178072601, 25.767094557897199 ], [ -80.188193728632996, 25.767066060178699 ], [ -80.188192870708704, 25.767065858615801 ], [ -80.188164151204404, 25.767059102762101 ], [ -80.188144634790902, 25.767052632023599 ], [ -80.188126262271595, 25.767045649541998 ], [ -80.188126313576305, 25.7670451416361 ], [ -80.188163130985302, 25.766678905306598 ], [ -80.188168597445895, 25.766628982229001 ], [ -80.188183385466402, 25.766493047952299 ], [ -80.188218209750303, 25.7661754686563 ], [ -80.188220027649805, 25.766159401690199 ], [ -80.188228746389697, 25.766161856782499 ], [ -80.188255283364896, 25.766169228692998 ], [ -80.188288593762493, 25.766171648521802 ], [ -80.188327983785101, 25.766117961005602 ], [ -80.188329906693397, 25.766114446879101 ], [ -80.1883458741803, 25.766084271859999 ], [ -80.188387730794204, 25.765961041648399 ], [ -80.188407719124399, 25.765842245163199 ], [ -80.188420834049793, 25.765783853624299 ], [ -80.188420025039505, 25.765783643309099 ], [ -80.188196013190307, 25.7657255099592 ], [ -80.188135400816194, 25.7657114173028 ], [ -80.188012154885101, 25.7656861055099 ], [ -80.187923182463393, 25.765664495244799 ], [ -80.187833260416298, 25.765648254909699 ], [ -80.187786078702302, 25.7656429494305 ], [ -80.187569455726006, 25.765625286966198 ], [ -80.187481174225496, 25.765622129558601 ], [ -80.187369139410094, 25.7656216620714 ], [ -80.187216043305497, 25.7656263224433 ], [ -80.187040100130503, 25.765640385228998 ], [ -80.186952296279998, 25.765650814151599 ], [ -80.186792649441102, 25.765676012493401 ], [ -80.186606239420996, 25.765714910462201 ], [ -80.186436539679306, 25.765760216532399 ], [ -80.186270198843204, 25.7658140549762 ], [ -80.186188336143999, 25.765844204349399 ], [ -80.186019885301704, 25.765914623217899 ], [ -80.186032705737702, 25.765942551596901 ], [ -80.186101245069693, 25.766111709668699 ], [ -80.186119131841593, 25.7661343344163 ], [ -80.186181689310501, 25.766233903497799 ], [ -80.186269133449798, 25.7664434046224 ], [ -80.186285018594205, 25.7664812368388 ], [ -80.186304073754002, 25.766527256660702 ], [ -80.186515272773804, 25.766968642476701 ], [ -80.186531071576098, 25.7669910840015 ], [ -80.186576961729003, 25.767056511803901 ], [ -80.186705759859805, 25.767356433854999 ], [ -80.186727820068498, 25.767407543306199 ], [ -80.187001387695503, 25.7679770397895 ], [ -80.187076654112403, 25.7681349708112 ], [ -80.187086970425597, 25.768153600454099 ], [ -80.187112196613896, 25.768213839781399 ], [ -80.187149194220297, 25.7683303745216 ], [ -80.187266702210707, 25.768643215834199 ], [ -80.187306058089106, 25.768747984121099 ], [ -80.187333292904896, 25.768820271461799 ], [ -80.187438872738397, 25.769099944051799 ], [ -80.187449759923894, 25.7691466050372 ], [ -80.187451602292398, 25.769154783401699 ], [ -80.187451567756, 25.769159855198399 ], [ -80.187451037914997, 25.769182033957801 ], [ -80.187450451045393, 25.769212294725499 ], [ -80.187446268717295, 25.769240902525802 ], [ -80.187441619816298, 25.769254289947298 ], [ -80.187435606588494, 25.769272741740799 ], [ -80.187406021876399, 25.769322700707399 ], [ -80.187404197975695, 25.769325570879499 ], [ -80.187370987296006, 25.769363860896998 ], [ -80.187358929325299, 25.769377721456301 ], [ -80.187331449414998, 25.769397169957902 ], [ -80.187303590511505, 25.769416789646499 ], [ -80.187267167688503, 25.769438852819501 ], [ -80.1872329290848, 25.769447003002799 ], [ -80.187149312102505, 25.7694555634151 ], [ -80.187020101407199, 25.769466361314699 ], [ -80.186927604930005, 25.769468080461099 ], [ -80.186706906540294, 25.769472264127501 ], [ -80.1866740300934, 25.769475520402398 ], [ -80.1865563984083, 25.769487155264802 ], [ -80.186203745170701, 25.7694867309242 ], [ -80.186171461780603, 25.7694866361553 ], [ -80.186150562939702, 25.7694879806802 ], [ -80.1860310603534, 25.7694954795458 ], [ -80.185657295009094, 25.769499749632601 ], [ -80.185302860428806, 25.769509973431202 ], [ -80.185179775628399, 25.769513582787901 ], [ -80.184994779101402, 25.7695175331698 ], [ -80.184683071793501, 25.7695279080666 ], [ -80.184351419267102, 25.7695389467941 ], [ -80.184176469442505, 25.769545789466299 ], [ -80.184113212648597, 25.769548356737499 ], [ -80.183657694661306, 25.769566349389699 ], [ -80.183527202464205, 25.7695701748573 ], [ -80.183272521722401, 25.769572527061801 ], [ -80.183175295278303, 25.7695717232567 ], [ -80.183113439052704, 25.769563810072199 ], [ -80.183096552681306, 25.7695616518339 ], [ -80.183032078913996, 25.769547876561202 ], [ -80.182978157412805, 25.769518340669499 ], [ -80.182915154350098, 25.7694838541927 ], [ -80.1829000466319, 25.7694714761945 ], [ -80.182873756021095, 25.769456023268202 ], [ -80.182873069719093, 25.769455215154601 ], [ -80.182831556208896, 25.769405922184902 ], [ -80.182803719594901, 25.76936715958 ], [ -80.182768348796401, 25.7692909570059 ], [ -80.182752838983305, 25.769254328869899 ], [ -80.182740423469596, 25.769181607627299 ], [ -80.182738995532105, 25.769140330487701 ], [ -80.182753712803006, 25.7690712873517 ], [ -80.182770528804198, 25.769000450699501 ], [ -80.182800608203493, 25.768906474185201 ], [ -80.182868739775103, 25.768691311302501 ], [ -80.182878465610003, 25.768657490382701 ], [ -80.182912830541596, 25.768575575629001 ], [ -80.182972308858595, 25.768348327271902 ], [ -80.182974946753504, 25.768338110550001 ], [ -80.183001765071594, 25.7682342289548 ], [ -80.183083036124302, 25.767958266826099 ], [ -80.183109889718295, 25.767836243952502 ], [ -80.183125581138995, 25.7677908493235 ], [ -80.183205590300005, 25.767560362717301 ], [ -80.183221088417795, 25.767515526632799 ], [ -80.183263744248407, 25.7673873577974 ], [ -80.183377592963396, 25.7670127074413 ], [ -80.183530405609403, 25.766521859013299 ], [ -80.1835458025853, 25.766464082833298 ], [ -80.183564513938407, 25.766393943597102 ], [ -80.183668338664603, 25.766068499711 ], [ -80.183819423802603, 25.765580048550699 ], [ -80.183829130754404, 25.765553281645701 ], [ -80.183855424054798, 25.765480774797101 ], [ -80.183945438709898, 25.7651750275589 ], [ -80.183948708996397, 25.765163417958298 ], [ -80.1839816385896, 25.765046522567701 ], [ -80.184094677919404, 25.764687509834701 ], [ -80.184093753974906, 25.7646874911159 ], [ -80.150237525296404, 25.763984947834601 ], [ -80.148991215464093, 25.764072939924901 ], [ -80.148991061815707, 25.7640719804177 ], [ -80.148731051063507, 25.762449772631602 ], [ -80.148729853266602, 25.7624488810347 ], [ -80.141582778183505, 25.7571262717222 ], [ -80.141582679603999, 25.757125287258301 ], [ -80.141522882279304, 25.756530174824601 ], [ -80.141521659593593, 25.756529294757399 ], [ -80.1357823981633, 25.752395826712799 ], [ -80.135782702826901, 25.752395046831001 ], [ -80.135945316732901, 25.751978468431499 ], [ -80.136343840463596, 25.7509189318612 ], [ -80.141147240148896, 25.736810945576899 ], [ -80.142097647991605, 25.736449202882099 ], [ -80.145744478839404, 25.735084194588602 ], [ -80.147364255688203, 25.734365372410501 ], [ -80.147498947156706, 25.734326353885798 ], [ -80.148414577782503, 25.733662116410802 ], [ -80.149094684947102, 25.733356562248101 ], [ -80.149998461539994, 25.732950517396802 ], [ -80.151324704941104, 25.732520810282001 ], [ -80.152305743094104, 25.732185362878202 ], [ -80.155120689361098, 25.7305065807214 ], [ -80.155485767539204, 25.7303440503775 ], [ -80.1585899712627, 25.733344776062999 ], [ -80.158592136051993, 25.7333468673691 ], [ -80.158592936829095, 25.733347641954602 ], [ -80.159082458628603, 25.733821209485001 ], [ -80.159552662667707, 25.734275765182801 ], [ -80.159702155434303, 25.7344729025052 ], [ -80.159703146814394, 25.7344742098451 ], [ -80.159761803274193, 25.734637304112098 ], [ -80.159760526642003, 25.734818881964699 ], [ -80.159760087199402, 25.7348813843372 ], [ -80.159643165571495, 25.7351745820676 ], [ -80.159461571328606, 25.735458291577 ], [ -80.159099333476803, 25.735863046987799 ], [ -80.158732189663297, 25.736263302271901 ], [ -80.158304957182295, 25.736676707597798 ], [ -80.158043208316997, 25.7369916783355 ], [ -80.157865424553293, 25.737380300971701 ], [ -80.157863863998401, 25.737814135071101 ], [ -80.157857569285696, 25.739396767932899 ], [ -80.157857121125005, 25.739688574687602 ], [ -80.157857113712495, 25.739690898966501 ], [ -80.160583199067602, 25.738465045561298 ], [ -80.160782007721807, 25.7383756436029 ], [ -80.162773984335104, 25.737479848343199 ], [ -80.163383119707703, 25.737205911319698 ], [ -80.163493905748197, 25.7371560885022 ], [ -80.163551315995704, 25.737206405143301 ], [ -80.1637517604523, 25.737382080731201 ], [ -80.164684553056503, 25.738199600594399 ], [ -80.164688122998299, 25.738202728891601 ], [ -80.166924273665799, 25.740162469261801 ], [ -80.166925817979802, 25.740163823043599 ], [ -80.167835661074605, 25.739199720746399 ], [ -80.1709075225492, 25.741892019573999 ], [ -80.170932042514806, 25.741913505938999 ], [ -80.172040604257404, 25.742884927195099 ], [ -80.173808308624501, 25.744433896118501 ], [ -80.173798282566594, 25.743909139971699 ], [ -80.173798383301502, 25.743363965499899 ], [ -80.173798385667496, 25.743363623408602 ], [ -80.173908159179803, 25.729143427861299 ], [ -80.185663949002702, 25.729281914614099 ], [ -80.185664269629598, 25.729280782672099 ], [ -80.187341681702904, 25.723362760139199 ], [ -80.187341819537707, 25.723362273473999 ], [ -80.191164293417501, 25.709882598719599 ], [ -80.191165207160694, 25.709882590249599 ], [ -80.191169192969596, 25.7098825509836 ], [ -80.198758474727299, 25.709808385839001 ], [ -80.198758901207299, 25.709808381864502 ], [ -80.206004183952999, 25.7097379444903 ], [ -80.206004581538906, 25.709737940337099 ], [ -80.216681826013499, 25.709633480801301 ], [ -80.216682176765104, 25.70963347727 ], [ -80.220032940169801, 25.709600534135401 ], [ -80.220033278965204, 25.7096005305321 ], [ -80.222227203885794, 25.709578919548001 ], [ -80.224304452647402, 25.709629390353001 ], [ -80.230271612012302, 25.709779206854101 ], [ -80.230926600619298, 25.709779196639499 ], [ -80.231006220240204, 25.709779195113398 ], [ -80.231712574930398, 25.709778555067999 ], [ -80.231712868861607, 25.709778555714401 ], [ -80.232171829584402, 25.709779168472 ], [ -80.232252699708695, 25.7097760586635 ], [ -80.237617974971201, 25.709569692218601 ] ], [ [ -80.240459438310793, 25.7722798534252 ], [ -80.241301438436096, 25.7722504356461 ], [ -80.240104774096196, 25.772292243142299 ], [ -80.240459438310793, 25.7722798534252 ] ], [ [ -80.257994335335397, 25.723754686417202 ], [ -80.2579835186624, 25.7237889673099 ], [ -80.257967337436796, 25.723821468735299 ], [ -80.2579835186624, 25.72378896731 ], [ -80.257994335335397, 25.723754686417202 ] ], [ [ -80.239473564302301, 25.783097071811401 ], [ -80.239402142545302, 25.7813817995956 ], [ -80.239338775682896, 25.7794651884312 ], [ -80.2394021365578, 25.781381800466999 ], [ -80.239473564302301, 25.783097071811401 ] ], [ [ -80.203966955419702, 25.750402243865199 ], [ -80.204058047368093, 25.750373186690101 ], [ -80.204150526215699, 25.750347977330701 ], [ -80.204244193903705, 25.750326669777198 ], [ -80.204150526210498, 25.750347977314298 ], [ -80.204058047362295, 25.750373186673801 ], [ -80.203966955419702, 25.750402243865199 ] ], [ [ -80.203948873096707, 25.750254369987001 ], [ -80.203930919736493, 25.750207773377301 ], [ -80.203907330414495, 25.750163284955502 ], [ -80.203930919714693, 25.750207773384201 ], [ -80.203948873063197, 25.750254369995101 ], [ -80.203960965662404, 25.750302491360198 ], [ -80.203967046095698, 25.750351534959599 ], [ -80.203967038223396, 25.7504008867256 ], [ -80.203967046118706, 25.7503515349573 ], [ -80.203960965696496, 25.750302491354301 ], [ -80.203948873096707, 25.750254369987001 ] ] ] } }
]
}
