{"type":"FeatureCollection","features":[{"type":"Feature","id":152,"geometry":{"type":"Polygon","coordinates":[[[-77.621754406268749,43.165007996468731],[-77.621920518373599,43.164941175761513],[-77.621918946476399,43.164938685281747],[-77.621917360983403,43.164936199188581],[-77.621915759435467,43.164933717461324],[-77.621914147966365,43.164931241051697],[-77.621912527833928,43.164928768169915],[-77.621910899080476,43.164926296115851],[-77.621909267825657,43.164923826741244],[-77.621907632868115,43.164921358235674],[-77.621905996681122,43.164918889719743],[-77.621904364211233,43.164916419434654],[-77.62190273544428,43.164913948280535],[-77.621901111609915,43.164911476267676],[-77.621899497682847,43.164908999837152],[-77.621897893648978,43.164906519889101],[-77.621896303211116,43.164904035554414],[-77.621894727598857,43.164901546843431],[-77.621893169313694,43.164899051076674],[-77.621891630786578,43.164896550074907],[-77.621890114533059,43.164894040258581],[-77.621888622984073,43.164891523448517],[-77.621887158627018,43.164888997865219],[-77.621885722691445,43.164886463519039],[-77.62188431886608,43.164883920440992],[-77.621882949652417,43.164881365951551],[-77.621881611319381,43.164878802719919],[-77.621880291486519,43.164876236043057],[-77.621878986493357,43.164873664089839],[-77.621877697569474,43.164871086870654],[-77.62187642591617,43.164868506195901],[-77.621875170303937,43.16486592205527],[-77.621873933234227,43.164863331769226],[-77.621872713435067,43.164860738027649],[-77.621871512164347,43.164858139040724],[-77.621870329407912,43.16485553570854],[-77.621869166409454,43.164852927141368],[-77.621868023154846,43.164850314239246],[-77.62186689964409,43.164847697002187],[-77.62186579710675,43.16484507544051],[-77.621864715556953,43.164842448654184],[-77.621863654994698,43.164839816643209],[-77.621862616649537,43.164837179417873],[-77.621861600493261,43.164834538778372],[-77.6218606089991,43.164831893845246],[-77.621859639722061,43.164829243697788],[-77.621858696336702,43.164826589267037],[-77.621857776412128,43.164823928732297],[-77.621856881149682,43.164821263903917],[-77.621856012994357,43.164818595702677],[-77.621855170758991,43.164815921418061],[-77.621854346995505,43.164813245488325],[-77.621853538029285,43.164810566982453],[-77.621852741401241,43.164807885879711],[-77.621851957111332,43.164805202180162],[-77.621851188820017,43.164802517714904],[-77.621850431637313,43.16479983064248],[-77.621849690481483,43.1647971410042],[-77.621848962879184,43.164794449679519],[-77.621848251289649,43.164791756689034],[-77.621847552038247,43.164789061101715],[-77.621846868813705,43.164786362948611],[-77.621846202831435,43.164783663140014],[-77.621845550402782,43.164780961645],[-77.62184491400096,43.164778257584189],[-77.621844294827326,43.164775552767964],[-77.621843690465042,43.164772844475515],[-77.621843103345071,43.164770134527643],[-77.621842532237821,43.164767422913997],[-77.621841979602408,43.164764709655252],[-77.621841444223421,43.164761993840997],[-77.621840924843028,43.164759277261062],[-77.621840425178149,43.164756558146266],[-77.62183994274146,43.164753838276091],[-77.62183948003441,43.164751114971061],[-77.621839037028749,43.164748390031221],[-77.621838611265417,43.164745663435994],[-77.621838205175209,43.164742937006068],[-77.621837820030109,43.164740208051654],[-77.621837453356861,43.164737477452164],[-77.62183710760047,43.164734746128275],[-77.621836787721534,43.164732011421151],[-77.621836507203056,43.164729276144705],[-77.621836264843651,43.164726538488395],[-77.621836059413738,43.164723798441926],[-77.621835888411823,43.16472105868484],[-77.621835748191515,43.164718316485931],[-77.621835638710508,43.16471557454534],[-77.621835556308298,43.16471283103197],[-77.621835498497518,43.16471008772529],[-77.621835464048559,43.164707344614939],[-77.621835449286877,43.164704600769909],[-77.621835452954627,43.164701857979907],[-77.621835473850453,43.164699114434505],[-77.621835508271559,43.164696371002805],[-77.621835555002519,43.164693626774373],[-77.621835611541727,43.164690884428701],[-77.621835674242959,43.164688141234627],[-77.621835743092021,43.164685398092253],[-77.621835814400214,43.164682654970541],[-77.621835886937944,43.164679911859132],[-77.621835958246123,43.164677168737441],[-77.621836025865576,43.164674425584693],[-77.621836087323032,43.164671683280353],[-77.621836142660896,43.164668939124248],[-77.62183618568892,43.164666195764831],[-77.621836217664949,43.164663451412387],[-77.621836236087461,43.164660708746361],[-77.62183623608054,43.164657965025299],[-77.62183624591016,43.164655221386873],[-77.621836276642469,43.164652477924143],[-77.621836325818308,43.164649734616404],[-77.621836386060281,43.164646991401668],[-77.621836454909214,43.164644248259265],[-77.621836526217308,43.164641505137524],[-77.621836596295779,43.164638762005445],[-77.621836660212324,43.164636019721769],[-77.621836713090943,43.164633275544951],[-77.621836751200618,43.164630532144216],[-77.621836769637184,43.164627788578123],[-77.621836759954604,43.164624564084427],[-77.621903546188776,43.164623887616244],[-77.622113280600857,43.164621763918248],[-77.622250129006787,43.164807097585481],[-77.622320565746662,43.164901230536366],[-77.622663532323642,43.164759719023337],[-77.62321023666442,43.1645698417584],[-77.623385655904656,43.164536262922077],[-77.623402509155923,43.164549154352869],[-77.623712281201335,43.164549187598652],[-77.623834623096698,43.164549201023256],[-77.623839262735629,43.164466398098035],[-77.623924648145703,43.164404999668982],[-77.624014733401097,43.164340221734925],[-77.624019945842377,43.1643364730215],[-77.62414456885935,43.164246863509412],[-77.624176022430532,43.164224246665462],[-77.624252673902234,43.164342048328663],[-77.624318066113389,43.164295098074433],[-77.624452667338943,43.16445631360893],[-77.624550600441168,43.164421400289704],[-77.624698577283638,43.164336856714193],[-77.624981148609862,43.164549315902299],[-77.625093875530723,43.16464025562631],[-77.625131051981768,43.16464046348122],[-77.625202898175289,43.164639732047647],[-77.625094131976027,43.164549898608776],[-77.624770206145541,43.164306432489305],[-77.625038269255413,43.164110843965972],[-77.625122124243489,43.164172975797946],[-77.625388954585773,43.16397999111831],[-77.62548250365289,43.164050385512404],[-77.625213818931272,43.164239746992486],[-77.625285020615749,43.164293524468462],[-77.625401356830338,43.164381391228204],[-77.625471993691008,43.164434741677418],[-77.625624070129163,43.164549602908323],[-77.625728844457868,43.16463437947727],[-77.626146455056187,43.164630127326021],[-77.626277732533353,43.164628789726891],[-77.626571364406516,43.164628846741714],[-77.62646079797095,43.16454471022989],[-77.626533857611648,43.164544777559186],[-77.626764454984084,43.164383552545878],[-77.626769153379016,43.164380267497961],[-77.626894305260961,43.164292765808213],[-77.627043036900659,43.164188776407023],[-77.627194391078092,43.164302001111032],[-77.627272313472034,43.164360293866515],[-77.627520132132858,43.164545680781202],[-77.627604122898902,43.164629039760577],[-77.627747982604333,43.164629065822247],[-77.627893077083172,43.164629084011487],[-77.627783139172962,43.164542771109929],[-77.62770149638159,43.164481780420289],[-77.627929523924422,43.164315668862649],[-77.627943216189877,43.164305694087616],[-77.628221523772709,43.164296856627345],[-77.628287690572023,43.164246480914358],[-77.628684042673854,43.164540089581457],[-77.628808478830209,43.164629266303791],[-77.628968740565497,43.164629300751407],[-77.629107222773044,43.164630899652771],[-77.62900899880502,43.164541188464192],[-77.628549435190749,43.164202949521098],[-77.628957437064287,43.163913240954528],[-77.629212767609857,43.164130950817956],[-77.629271532089035,43.164130885477142],[-77.629355920728599,43.164130790729295],[-77.629415279171141,43.164130724866354],[-77.629526412271503,43.164130599135575],[-77.62977379839144,43.164130321778281],[-77.62989512483324,43.164130184330212],[-77.630255023425661,43.164028954954539],[-77.630430522686666,43.164182125384997],[-77.630490383072939,43.164234661945969],[-77.630838256197464,43.164542517777015],[-77.630920881387468,43.164633248860952],[-77.631086669802102,43.164633900658743],[-77.631135553915186,43.164634307528196],[-77.631136577255361,43.164544277330265],[-77.630943277361411,43.164379630253514],[-77.631152033644469,43.164329725958254],[-77.631317122071977,43.164330105144586],[-77.631317611853675,43.164544280637458],[-77.631316078553937,43.164635808079154],[-77.631417879802939,43.164636654257571],[-77.631507073658483,43.164638225414386],[-77.631508342272085,43.164547252973648],[-77.631506836109054,43.164233280550661],[-77.631658311917661,43.164233061698759],[-77.631810728485419,43.164232841468895],[-77.631833032759815,43.164232632696837],[-77.631832012012367,43.16406681087404],[-77.632162704908382,43.164065843005631],[-77.632161680906407,43.164640508263872],[-77.632252275349344,43.1646405007818],[-77.632417433206768,43.164640501786494],[-77.632349775203068,43.164548745775306],[-77.632349417079553,43.164260609712713],[-77.632619946107994,43.164260081085921],[-77.632756389337729,43.164259815074139],[-77.632889989380942,43.164259553184891],[-77.633023955878159,43.164259291483006],[-77.633182827489321,43.164258981716081],[-77.633226758267682,43.164258894667881],[-77.633288171314447,43.164258774544805],[-77.633467486975249,43.164492520227519],[-77.633492432091046,43.164551723650312],[-77.633492148619112,43.164645258981103],[-77.634164708250964,43.164648139400171],[-77.633906483042651,43.164288685510783],[-77.633219744425503,43.163388125061971],[-77.632883829743989,43.163010534156953],[-77.63260961189917,43.162798173731687],[-77.632294680944682,43.162554577628192],[-77.631663353087319,43.162285647787655],[-77.630755898423672,43.161977261123759],[-77.6302922449389,43.161800203112648],[-77.629385831751961,43.161154632476084],[-77.629303703092759,43.161218297311443],[-77.628974004418126,43.161458460616622],[-77.628657206922639,43.16122633228796],[-77.628727254399664,43.161175963467556],[-77.628619933344552,43.161098486740293],[-77.628515914010421,43.161023390515645],[-77.628396979642346,43.160937527874907],[-77.628663628992896,43.160747245227341],[-77.628745651983351,43.160691790430612],[-77.628663611078665,43.160631518108289],[-77.628587685676735,43.160575333131355],[-77.628509304776173,43.16062779723606],[-77.628292774369825,43.160780779825387],[-77.628204443477316,43.160716128442878],[-77.628117235198175,43.160651255920683],[-77.628029500778609,43.160585990964258],[-77.627943289764033,43.160523429274775],[-77.627855069421599,43.160457254552995],[-77.627771666075972,43.160394690976702],[-77.627690837166696,43.160334059907861],[-77.627683731071699,43.160328851568501],[-77.627598245307283,43.16026619305552],[-77.62749983144198,43.160194057482059],[-77.627413450071742,43.160130740523343],[-77.627338320581188,43.160075672176433],[-77.627281650630351,43.160116806363639],[-77.627200315353562,43.160057002473486],[-77.627122131374762,43.159999512199889],[-77.62704383080434,43.15994193808212],[-77.626961478488681,43.159881383778355],[-77.627232785875719,43.159691075856976],[-77.627316241993853,43.159628633415579],[-77.627102446549401,43.159469494858342],[-77.627007921964747,43.159399134993819],[-77.62693162474261,43.159349796109097],[-77.626700321083035,43.159178858607689],[-77.626615758398387,43.159237433214422],[-77.626524214746311,43.159300119871354],[-77.626415996863813,43.159222505733879],[-77.626241433423289,43.159349412740703],[-77.626140809382818,43.159275853232714],[-77.626033812609862,43.159197636833511],[-77.625922751883479,43.159116449063973],[-77.625816870528581,43.1590390456481],[-77.625709680076042,43.158960685995552],[-77.62560458461617,43.158883856968366],[-77.625874328849932,43.158692292412937],[-77.625944254239769,43.158641038483395],[-77.625913737968943,43.158619683982899],[-77.625859431804372,43.15857931498639],[-77.625791216882831,43.158630642591788],[-77.62552740945236,43.158823925574183],[-77.625422212745903,43.158748490796988],[-77.625313018133653,43.158670188703923],[-77.625289020774417,43.158687754447215],[-77.6251148775075,43.158304538530665],[-77.625107230941325,43.158283901956722],[-77.62520858302527,43.158094603857855],[-77.624970692544835,43.158258537368148],[-77.624686725272866,43.157632986318518],[-77.624183305384065,43.157620539390997],[-77.623611686826706,43.157565333415384],[-77.62308663008838,43.157468672696666],[-77.622542808147443,43.157359829282804],[-77.622263892144147,43.157271137622232],[-77.622116750969738,43.157224348280991],[-77.621884321014605,43.157081200558316],[-77.621652348234491,43.156948877173043],[-77.621475983817689,43.156839373016027],[-77.621244538726202,43.15667353082587],[-77.621053376228872,43.156524568549088],[-77.620986278949758,43.156460462825471],[-77.620778434647036,43.156222618088151],[-77.620741870545061,43.156176834656371],[-77.620611406584985,43.15601347095803],[-77.620534703987104,43.155891245531819],[-77.620447450570836,43.155752205153398],[-77.620221045107428,43.155149115766186],[-77.620124547741469,43.15488010333128],[-77.61978033854254,43.154052709942121],[-77.619563399125795,43.153787141115508],[-77.619372852113088,43.153601020232358],[-77.619211076845616,43.153462126899548],[-77.619445793479485,43.153265696660817],[-77.619757325839331,43.153011948095184],[-77.620121881243733,43.152706685309546],[-77.620212337210546,43.152614160120073],[-77.620294893977388,43.152517450975836],[-77.620345133922584,43.152450308690192],[-77.62039674330353,43.152370487271433],[-77.620433425919003,43.1523015169087],[-77.620461280636817,43.152228012781684],[-77.620483484623762,43.152141428389065],[-77.62049964158102,43.152052049374227],[-77.620568359563606,43.151239790425009],[-77.620553026419657,43.150514968093603],[-77.620545477008179,43.149816619554365],[-77.620537821904307,43.149408764961116],[-77.620530290096951,43.148828740624438],[-77.620522879445943,43.148450041034835],[-77.620503305455614,43.148279420371864],[-77.620435308347538,43.148030538871289],[-77.620385285288251,43.14787509628232],[-77.619927002494606,43.146603284278022],[-77.619595263461818,43.145939247945599],[-77.619362234435457,43.145468976571557],[-77.619014413896039,43.144777042480911],[-77.618982152986035,43.144715858493655],[-77.618857348366006,43.14450593910496],[-77.618733066544451,43.144346870310066],[-77.618536557679946,43.144156153429357],[-77.61823851313153,43.14386097603353],[-77.617978450177162,43.14366865445983],[-77.616791649870066,43.143072401591624],[-77.616150176980227,43.142703436323544],[-77.615906018189634,43.142578590994177],[-77.615311295656539,43.142215847628094],[-77.615147216317681,43.142112230965644],[-77.614807593517412,43.142471510974772],[-77.613655551387652,43.143670651542458],[-77.612796156593561,43.144903483809536],[-77.611429434755223,43.146915664843242],[-77.610458510188678,43.148327588423214],[-77.609686460419411,43.149628580754737],[-77.609474750476764,43.150512504054895],[-77.609368953839308,43.151148452341907],[-77.609252808609895,43.152094289511417],[-77.609266076469908,43.152814713379357],[-77.609485976304498,43.153799196533356],[-77.610084894762707,43.155007057288003],[-77.610660889408493,43.156155674810805],[-77.611498907810088,43.157689459196867],[-77.612465935593988,43.159174216691149],[-77.612909183805201,43.160008821205473],[-77.613048783059227,43.160536276067837],[-77.613475802796472,43.161318306501109],[-77.61414775216349,43.162189413753467],[-77.615401699724075,43.162812802182913],[-77.616789771395275,43.163212081833208],[-77.618207755651099,43.163866456996423],[-77.619024084456413,43.164487619946456],[-77.6199435354537,43.1649823711846],[-77.620485373222792,43.165696933323112],[-77.621381296138097,43.16528878637871],[-77.621302291415077,43.165191450015584],[-77.621170860520309,43.165082525885929],[-77.621168249929156,43.165080557761286],[-77.621165621940406,43.165078601192512],[-77.621162980285249,43.165076653510418],[-77.62116032739452,43.165074716535827],[-77.621157665812134,43.165072784889098],[-77.621154999240986,43.16507085770121],[-77.621152327709311,43.165068933172037],[-77.621149656163681,43.165067009542888],[-77.621146984646458,43.165065084113543],[-77.621144318075977,43.165063156925434],[-77.621141656508726,43.165061224378263],[-77.621139004877165,43.165059285613452],[-77.621136364439124,43.165057338841144],[-77.621133736452407,43.165055382271618],[-77.621131125877724,43.165053413246106],[-77.62112853394467,43.165051431774899],[-77.621125965628025,43.165049434299206],[-77.621123420956067,43.165047419018862],[-77.621120903603398,43.16504538686501],[-77.621118417329384,43.165043333368402],[-77.621115964564908,43.16504126034976],[-77.621113549097643,43.165039161539866],[-77.621111169641438,43.16503704052851],[-77.621108811243616,43.165034909792304],[-77.621106470257828,43.16503276660012],[-77.621104149129081,43.16503061187268],[-77.621101847843249,43.165028446510028],[-77.621099565170795,43.165026270501841],[-77.621097302327115,43.1650240847585],[-77.621095056867219,43.165021888359256],[-77.621092830048894,43.165019679514373],[-77.621090623017011,43.165017463634506],[-77.621088433383008,43.165015236198691],[-77.621086262334089,43.165012999917458],[-77.621084111113973,43.165010753901065],[-77.621081976033892,43.165008498118489],[-77.621079862012181,43.165006232611148],[-77.621077765331833,43.165003959148073],[-77.621075687250723,43.165001675939493],[-77.621073627768794,43.164999382985471],[-77.621071585628258,43.164997082075679],[-77.621069563288245,43.16499477323088],[-77.621067559547441,43.164992454640611],[-77.621065573162113,43.164990127194564],[-77.621063605333603,43.16498779270318],[-77.621061654860597,43.164985449356053],[-77.621059725417695,43.164983098084221],[-77.621057815817679,43.164980736177228],[-77.621055927233627,43.164978367245581],[-77.621054059707916,43.164975988589163],[-77.621052213226406,43.164973601107995],[-77.62105038778914,43.1649712048021],[-77.621048583396075,43.164968799671485],[-77.621046801262651,43.164966386626496],[-77.621045040173456,43.164963964756801],[-77.621043300128463,43.164961534062364],[-77.621041583558565,43.164959096364015],[-77.621039888032854,43.164956649840889],[-77.621038214780938,43.164954194503416],[-77.621036562559084,43.164951731241253],[-77.621034935056031,43.16494926008545],[-77.621033329812605,43.164946781015324],[-77.621031746828834,43.164944294030846],[-77.62103018733427,43.164941799142383],[-77.621028651328913,43.164939296349957],[-77.62102714004233,43.164936785663883],[-77.621025651001261,43.164934267963517],[-77.621024187922671,43.164931741479812],[-77.621022747061303,43.164929209781945],[-77.621021340825976,43.164926665772896],[-77.621019974106673,43.164924111294191],[-77.621018645673857,43.164921546335428],[-77.621017353068353,43.164918970875988],[-77.621016095032346,43.164916386705585],[-77.621014867862968,43.164913794693248],[-77.621013670330626,43.164911194828676],[-77.621012501191629,43.164908588001545],[-77.621011356743125,43.164905975080885],[-77.621010236970974,43.164903356966747],[-77.621009138186437,43.16490073362813],[-77.621008059131711,43.16489810685475],[-77.621006996132181,43.164895475715547],[-77.621005950417413,43.164892840220872],[-77.621004917012627,43.164890203929552],[-77.621003893500998,43.164887564120818],[-77.621002881083911,43.164884922605005],[-77.62100187359934,43.164882280230515],[-77.621000872290935,43.164879636107599],[-77.620999872198098,43.164876992895067],[-77.620998870904032,43.164874347872107],[-77.620997939893542,43.16487169083792],[-77.620997198774361,43.164869001194518],[-77.620996610447364,43.164866292132423],[-77.620996119440363,43.164863572186682],[-77.620995675227832,43.164860848133721],[-77.620995224867499,43.164858124029045],[-77.620994716618355,43.164855405738614],[-77.620994136912699,43.164852695848822],[-77.62099355599166,43.164849985048662],[-77.620992975070678,43.164847274248444],[-77.620992389217307,43.164844564306954],[-77.620991798431561,43.164841855224125],[-77.620991197781024,43.16483914785865],[-77.620990584820703,43.164836441289779],[-77.62098995709141,43.16483373549687],[-77.620989320712766,43.164831032331733],[-77.62098867571305,43.164828329994215],[-77.620988019633117,43.164825628463653],[-77.620987354917929,43.164822928660804],[-77.620986681595824,43.164820228785558],[-77.620985998394829,43.16481753152771],[-77.620985306572706,43.164814835097516],[-77.620984604899959,43.164812139484617],[-77.620983894577876,43.16480944649949],[-77.620983174405154,43.164806754331643],[-77.620982444381767,43.164804062981119],[-77.620981705737321,43.164801372458243],[-77.620980958443525,43.164798684563124],[-77.620980201299105,43.164795997485285],[-77.620979434289922,43.164793312124807],[-77.620978658659652,43.164790627591991],[-77.6209778743942,43.164787944786845],[-77.62097707903439,43.164785263688749],[-77.620976276268976,43.164782584328677],[-77.6209754636388,43.164779906685951],[-77.620974641172097,43.164777228960496],[-77.620973810056086,43.164774553862763],[-77.620972970304891,43.164771880492722],[-77.620972120703044,43.164769207940026],[-77.620971261236463,43.164766537104661],[-77.620970393120587,43.164763868897019],[-77.620969517613176,43.164761201527412],[-77.62096862979601,43.164758534954395],[-77.620967735788696,43.164755871029818],[-77.620966829457444,43.164753208801912],[-77.620965916950198,43.164750548322388],[-77.620964993362733,43.164747888649792],[-77.620964061125989,43.164745231604975],[-77.620963120254032,43.164742576287857],[-77.620962169531481,43.164739921788048],[-77.620961210159635,43.16473726991596],[-77.620960242152577,43.164734619771565],[-77.620959264294939,43.164731970444478],[-77.620958276558397,43.16472932373479],[-77.620957280172576,43.164726679652865],[-77.620956275151585,43.164724037298605],[-77.62095526029411,43.164721394861616],[-77.620954238016907,43.16471875506268],[-77.620953205846718,43.164716118781236],[-77.620952163825905,43.164713483317072],[-77.620951113184077,43.164710848680549],[-77.620950053878815,43.164708217571842],[-77.620948984722943,43.164705587280416],[-77.620947908147343,43.164702959627064],[-77.620946822936602,43.164700333701418],[-77.620945727832861,43.164697711293243],[-77.620944624136371,43.164695087912548],[-77.620943509303174,43.164692468939073],[-77.620942384605257,43.164689851682915],[-77.620941247569348,43.164687237023479],[-77.620940098167182,43.164684626760881],[-77.620938936441149,43.164682018194917],[-77.620937766094102,43.164679410456571],[-77.620936590772374,43.164676806277058],[-77.620935411776117,43.164674201166484],[-77.620934235225008,43.164671596976611],[-77.620932545473394,43.1646678434522],[-77.62092049925559,43.164640412927994],[-77.620911366635852,43.164619617767841],[-77.62077970428895,43.164319811782129],[-77.62076995911525,43.164297857436758],[-77.620759691780506,43.164276030122224],[-77.620748904617173,43.164254337959456],[-77.620737602459158,43.164232786390087],[-77.620725787638889,43.164211383535068],[-77.620713464976134,43.164190135736035],[-77.620703452831791,43.164173673782038],[-77.620687309339033,43.164148125220223],[-77.620673484746291,43.164127376976353],[-77.620659166671743,43.164106809113363],[-77.620644361178648,43.164086427083191],[-77.620626802282644,43.16406330876633],[-77.620589367434548,43.164018735945831],[-77.620622464312376,43.163998910035652],[-77.620612583904347,43.163987061658048],[-77.620549011889565,43.163910828605367],[-77.620496078371801,43.163847353156896],[-77.620387319799818,43.163739321046897],[-77.620312062152749,43.163711323287728],[-77.620064117641746,43.163229541964462],[-77.620049564609161,43.163197422848661],[-77.62007364935539,43.16319219220243],[-77.619699442754964,43.162188820184049],[-77.619879455902677,43.162344614822665],[-77.619943110556747,43.162399705738522],[-77.620075258448807,43.162514072590085],[-77.620040112707827,43.162537082105409],[-77.620369760150822,43.162815802912711],[-77.620445809050295,43.162880103999115],[-77.620500965106217,43.162926737978651],[-77.620336449775664,43.163054519781795],[-77.621254589047808,43.163864822521568],[-77.621487692301301,43.163708487436928],[-77.621491358111072,43.163714990486348],[-77.621492775461562,43.163717530982872],[-77.621494187893973,43.163720071438043],[-77.621495594122251,43.163722615441714],[-77.621496994188774,43.163725160293744],[-77.621498388079431,43.163727706894186],[-77.621499775794177,43.163730255242989],[-77.621501158548483,43.163732806250607],[-77.62150253268193,43.163735358085916],[-77.621503901869048,43.163737911679945],[-77.621505266095696,43.16374046793279],[-77.621506622931022,43.163743025023628],[-77.621507731165124,43.163745124537883],[-77.621509318059907,43.163748145350603],[-77.621510656367576,43.163750707686638],[-77.621511988499392,43.163753271771093],[-77.621513315684837,43.163755837614318],[-77.621514394410156,43.163757936880415],[-77.621515949054839,43.163760975425305],[-77.621517256497185,43.163763545603338],[-77.621518558964937,43.163766119340217],[-77.621519854041381,43.16376869391511],[-77.621521142941916,43.163771270238428],[-77.621522425680681,43.163773847410077],[-77.621523702215327,43.163776428130227],[-77.621524972616427,43.163779007898633],[-77.621526238028807,43.163781592125936],[-77.62152749607813,43.163784175391186],[-77.621528747937404,43.163786761304891],[-77.621529993620811,43.163789348966958],[-77.621531233142434,43.16379193747742],[-77.621532466474022,43.163794528636309],[-77.621533693643826,43.163797120643579],[-77.621534914623609,43.163799715299334],[-77.621536129441637,43.163802310803405],[-77.621537338111978,43.163804906255798],[-77.621538539348649,43.163807505246346],[-77.621539735624822,43.163810106895696],[-77.621540924523771,43.163812708483022],[-77.62154210847639,43.163815311829111],[-77.62154328503766,43.163817916013208],[-77.62154445663846,43.163820522856085],[-77.621545620862051,43.163823129636945],[-77.621546778895606,43.163825739066269],[-77.621547930753238,43.163828350244003],[-77.621549076449099,43.16383096227009],[-77.621550215969037,43.163833576044588],[-77.62155134931308,43.163836191567519],[-77.62155247649531,43.163838807938788],[-77.621553596272079,43.163841426048123],[-77.621554711102505,43.163844045916221],[-77.62155581854158,43.16384666662232],[-77.621556921034284,43.163849289087203],[-77.621558016135651,43.163851912390072],[-77.621559105061081,43.163854537441402],[-77.621560187796504,43.163857165141152],[-77.621561264384226,43.163859792789204],[-77.62156233481015,43.163862421285657],[-77.621563397816487,43.163865052420192],[-77.621564455890592,43.163867684413475],[-77.621565507802885,43.163870317255068],[-77.621566552295576,43.163872952734813],[-77.621567590626483,43.163875589062918],[-77.621568622781439,43.163878227139449],[-77.621569648802875,43.163880864264222],[-77.621570668620109,43.163883504937523],[-77.621571681045992,43.163886146448853],[-77.621572687310078,43.163888788808521],[-77.621573688613665,43.163891433826997],[-77.621574682540015,43.163894078783457],[-77.621575670290426,43.163896725488335],[-77.621576651879053,43.163899373041559],[-77.621577626062191,43.163902022332877],[-77.621578595313039,43.163904672482886],[-77.621579557158441,43.163907324371003],[-77.621580512841987,43.163909977107402],[-77.621581462349667,43.163912631592297],[-77.621582405695492,43.163915286925544],[-77.621583342907741,43.16391794130702],[-77.621584272658026,43.16392060102681],[-77.621585196288862,43.163923258894791],[-77.621586113715523,43.163925920311314],[-77.621587025008608,43.163928580776066],[-77.621587930125727,43.163931242989236],[-77.621588827837385,43.163933906940485],[-77.621589546761655,43.163936052690644],[-77.621590605990662,43.163939238298504],[-77.62159148521684,43.163941904794868],[-77.621592358281205,43.163944572139592],[-77.621593223925956,43.163947242122433],[-77.621594084638431,43.163949912963986],[-77.621594937973654,43.163952583743537],[-77.621595783889248,43.163955257161177],[-77.621596624900818,43.163957929637469],[-77.621597459722324,43.163960604762188],[-77.621598287152452,43.163963280724978],[-77.621599108420739,43.163965957536085],[-77.621599923513088,43.163968636095646],[-77.621600732457708,43.163971314603486],[-77.621601533996838,43.163973994849449],[-77.621602329388253,43.163976675043706],[-77.621603118603716,43.163979356986374],[-77.621603901643226,43.163982040677453],[-77.621604677305498,43.163984724306516],[-77.621605448021313,43.163987409694364],[-77.621606210116212,43.163990095909909],[-77.621606967278836,43.16399278298411],[-77.621607718279606,43.163995470906734],[-77.621608461889011,43.163998159667329],[-77.621609199322435,43.164000850176357],[-77.621609930608159,43.164003540633729],[-77.621610655717902,43.164006232839512],[-77.621611373450378,43.164008924983293],[-77.621612083777322,43.164011618865132],[-77.621612789172005,43.164014313605669],[-77.621613489648496,43.164017008304882],[-77.62161418024624,43.164019705621534],[-77.621614867155373,43.164022402907186],[-77.621615545443561,43.164025101020535],[-77.621616218799417,43.164027799992581],[-77.621616884778035,43.164030498902626],[-77.621617544580673,43.164033199561068],[-77.621618198207329,43.164035901967978],[-77.621618844456705,43.164038604312815],[-77.62161948454424,43.164041307506032],[-77.621620118469906,43.164044011547631],[-77.621620746233731,43.164046716437603],[-77.621621366606135,43.16404942216559],[-77.621621980830838,43.16405212784192],[-77.621622588865421,43.164054836166692],[-77.621623189522694,43.164057544429483],[-77.621623784032252,43.164060252640553],[-77.621624372365858,43.16406296260007],[-77.621624954551692,43.164065672507881],[-77.621625529331979,43.164068384153822],[-77.621626097978663,43.164071094847969],[-77.621626660449365,43.164073807290606],[-77.621627216758213,43.164076520581553],[-77.621627764431949,43.164079235600276],[-77.621628307201632,43.164081949677595],[-77.621628843795321,43.164084665503339],[-77.621629372997603,43.164087382167132],[-77.621629896066239,43.164090097879189],[-77.621630412958893,43.164092815339657],[-77.621630922460128,43.164095533638125],[-77.621631425813618,43.164098251884987],[-77.621631922991114,43.164100971880231],[-77.621632412805411,43.164103690913407],[-77.62163289767328,43.164106411705333],[-77.621633386360642,43.164108418693758],[-77.621633856445627,43.164111141161783],[-77.621634320397007,43.164113862678036],[-77.621634778172393,43.16411658594275],[-77.621635229785909,43.164119310055824],[-77.621635674022102,43.164122034106882],[-77.621636110866859,43.164124758995946],[-77.621636544022977,43.164127483854031],[-77.621636968558093,43.164130209539813],[-77.621637385701774,43.164132936063638],[-77.621637797927249,43.164135662546094],[-77.621638203976758,43.164138390776984],[-77.621638601419349,43.164141118935532],[-77.621638993943719,43.164143847052742],[-77.621639380306277,43.164146576018311],[-77.621639758047777,43.16414930581157],[-77.621640130871086,43.164152035563504],[-77.62164049753251,43.164154766163833],[-77.621640856802458,43.16415749760214],[-77.621641208709249,43.164160228078416],[-77.621641554425892,43.164162961203168],[-77.621641895252552,43.164165692486442],[-77.621642228673664,43.164168425507825],[-77.621642554717425,43.164171158467205],[-77.621642874585163,43.164173893174997],[-77.621643187103842,43.164176626020691],[-77.621643494676064,43.164179360625106],[-77.62164379487092,43.164182095167547],[-77.621644087674355,43.164184830548002],[-77.621644375559541,43.164187565887111],[-77.62164465482374,43.16419030205391],[-77.621644929169676,43.164193038179377],[-77.621645197382009,43.164195773353114],[-77.621645456945046,43.164198511154687],[-77.621645711604003,43.16420124801482],[-77.621645958857357,43.164203986613067],[-77.62164619999119,43.164206723359513],[-77.621646434949,43.164209461854391],[-77.621646662515332,43.164212201187325],[-77.621646883948003,43.164214939568502],[-77.621647097989211,43.164217678787743],[-77.621647307112184,43.164220417965623],[-77.621647507628253,43.164223157071142],[-77.6216477019683,43.164225897925107],[-77.621647891418348,43.164228636937594],[-77.621648073462822,43.164231377688203],[-77.621648248129929,43.16423411837679],[-77.621648416649251,43.164236859013691],[-77.62164857900666,43.164239600498973],[-77.621648734000814,43.164242341022181],[-77.621648882804834,43.164245084193865],[-77.621649024273836,43.164247824603393],[-77.62164915958094,43.164250565861273],[-77.621649289955684,43.164253307977873],[-77.621649411723524,43.164256050022118],[-77.621649528573116,43.164258792025031],[-77.621649636801649,43.164261534855626],[-77.621649740111963,43.164264277644918],[-77.621649836059021,43.164267019472121],[-77.621649925830042,43.164269763047713],[-77.621650008237822,43.164272505661287],[-77.621650084497801,43.164275248223156],[-77.621650154595841,43.164277991633412],[-77.621650217316514,43.164280734981645],[-77.621650273875275,43.164283479178259],[-77.621650324314459,43.164286221523092],[-77.621650367362136,43.164288964705953],[-77.621650404247902,43.164291708737217],[-77.621650433770427,43.164294451806384],[-77.621650458374688,43.164297194834205],[-77.621650474357907,43.16429993868973],[-77.621650485422848,43.16430268250393],[-77.621650487894996,43.164305425345709],[-77.621650485420602,43.164308169946274],[-77.621650475583024,43.164310913584728],[-77.621650459625826,43.164313655371444],[-77.621650436248899,43.16431639979627],[-77.621650396901785,43.164319143186695],[-77.621650342785756,43.164321887353161],[-77.621650280076935,43.164324630547185],[-77.62165021000483,43.164327372779177],[-77.621650139918614,43.164330115911213],[-77.62165006983237,43.164332859043235],[-77.621650004664374,43.164335602216617],[-77.621649950562428,43.164338345482989],[-77.62164990875614,43.164341088852737],[-77.62164988170457,43.164343832346518],[-77.621649858341698,43.164346575871285],[-77.62164983497884,43.164349319396059],[-77.621649810386401,43.164352062910474],[-77.621649785793949,43.164354806424925],[-77.621649761201496,43.164357549939339],[-77.621649737838609,43.164360293464114],[-77.621649713246143,43.164363036978543],[-77.62164968865369,43.164365780492965],[-77.621649664061209,43.164368524007401],[-77.621649639468743,43.16437126752183],[-77.621649616105827,43.16437401104659],[-77.621649590283766,43.164376754550659],[-77.621649566920851,43.164379498075427],[-77.62164954232837,43.164382241589841],[-77.621649518965441,43.164384985114609],[-77.62164949314338,43.164387728618706],[-77.621649469780422,43.164390472143438],[-77.621649445187927,43.16439321565786],[-77.621649421824969,43.164395959182599],[-77.621649396002894,43.164398702686675],[-77.621649372639936,43.164401446211414],[-77.621649348047413,43.164404189725836],[-77.621649324684441,43.164406933250589],[-77.621649300091917,43.164409676764983],[-77.621649275513491,43.164412419379339],[-77.621649252136393,43.164415163804136],[-77.62164922752973,43.164417908218581],[-77.621649204180869,43.164420650843276],[-77.621649179588331,43.164423394357669],[-77.621649154995751,43.164426137872063],[-77.621649131632751,43.164428881396795],[-77.62164910826975,43.164431624921519],[-77.62164908367717,43.164434368435927],[-77.621649060314155,43.164437111960666],[-77.621649036951155,43.164439855485369],[-77.621649013588126,43.164442599010123],[-77.621648990239223,43.164445341634774],[-77.621648965632502,43.164448086049234],[-77.621648943499039,43.164450829584283],[-77.62164891890643,43.164453573098655],[-77.621648896772953,43.164456316633725],[-77.62164887219447,43.164459059248053],[-77.621648850046867,43.164461803683167],[-77.621648826683796,43.164464547207849],[-77.621648803320738,43.164467290732574],[-77.621648779971792,43.164470033357254],[-77.621648757838287,43.164472776892296],[-77.621648734446978,43.16447552221711],[-77.621648712327612,43.164478264852107],[-77.621648690194093,43.164481008387149],[-77.621648666845104,43.164483751011808],[-77.621648644711584,43.164486494546829],[-77.621648622563939,43.164489238981929],[-77.621648600430419,43.164491982516964],[-77.621648578296885,43.164494726052006],[-77.621648556177448,43.164497468687003],[-77.621648534043899,43.164500212222023],[-77.62164851312582,43.164502956667441],[-77.621648490992243,43.164505700202469],[-77.62164846887282,43.164508442837459],[-77.621648457361857,43.164509882114075],[-77.621648446739258,43.164511186372479],[-77.621648425835261,43.164513929917852],[-77.62164840493125,43.164516673463183],[-77.621648384013113,43.164519417908622],[-77.621648361893676,43.164522160543598],[-77.621648340989651,43.164524904088942],[-77.621648321315206,43.16452764764464],[-77.621648300411152,43.164530391189999],[-77.621648279507156,43.16453313473535],[-77.621648259846822,43.164535877390996],[-77.621648240158208,43.164538621846717],[-77.62164819957971,43.164544108947752],[-77.621648160230734,43.164549596059132],[-77.621648120881758,43.164555083170484],[-77.621647834383552,43.164598979398832],[-77.621647817168125,43.164601722975149],[-77.621647801182277,43.164604466561819],[-77.621647785196416,43.164607210148489],[-77.621647769210554,43.16460995373513],[-77.621647753238804,43.164612696421756],[-77.621647738468383,43.16461544091878],[-77.621647722482507,43.164618184505429],[-77.621647707726197,43.164620928102444],[-77.621647692969887,43.164623671699403],[-77.621647676998109,43.164626414386014],[-77.621647663457253,43.164629158893405],[-77.62164764871504,43.164631901590333],[-77.621647635188268,43.164634645197644],[-77.621647614270003,43.164637389643005],[-77.621647592136227,43.16464013317794],[-77.621647563868777,43.164642875761203],[-77.621647534357592,43.164645619234165],[-77.621647503616842,43.164648362696767],[-77.6216474716324,43.164651107049117],[-77.62164743843249,43.164653850491035],[-77.621647406476285,43.164656593043247],[-77.621647376965086,43.164659336516216],[-77.621647348669342,43.164662080899539],[-77.621647322846826,43.164664824403474],[-77.621647301942602,43.164667567948769],[-77.621647285970766,43.164670310635344],[-77.621647276132677,43.164673054273642],[-77.621647271212851,43.164675797953301],[-77.621647273670433,43.164678541694961],[-77.621647284735019,43.164681285508962],[-77.621647305636159,43.164684029405663],[-77.621647333928834,43.1646867724643],[-77.62164737451721,43.164689515626335],[-77.621647424942154,43.164692258871021],[-77.621647490121944,43.164695002239732],[-77.621647566367869,43.164697745701481],[-77.621647657396892,43.16470048748711],[-77.621647761922944,43.164703231186579],[-77.621647883719476,43.164705971430514],[-77.62164802022852,43.16470871449863],[-77.621648175209344,43.164711455921683],[-77.621648349891558,43.16471419570999],[-77.621648543003218,43.164716936553397],[-77.621648753371247,43.164719674841358],[-77.62164898095331,43.164722413273992],[-77.621649225749366,43.164725151851314],[-77.621649485342672,43.164727887852536],[-77.62164976090628,43.164730624888158],[-77.621650050051656,43.164733358437253],[-77.621650352680007,43.16473609480019],[-77.621650667646435,43.164738828566342],[-77.621650996152297,43.164741561546116],[-77.621651334508897,43.164744293708537],[-77.621651685175337,43.164747025074227],[-77.621652045678374,43.164749756522617],[-77.621652416046288,43.164752486253633],[-77.621652793791611,43.164755216046593],[-77.621653181387686,43.16475794502221],[-77.621653575145757,43.164760673149438],[-77.62165397506584,43.164763400428306],[-77.621654382349263,43.164766128669243],[-77.621654794579271,43.16476885515138],[-77.621655214186731,43.164771581695554],[-77.621655646118185,43.164774306542988],[-77.621656091589102,43.164777030604043],[-77.62165655059944,43.164779753878719],[-77.621657023163351,43.164782475467],[-77.621657511725871,43.164785196289586],[-77.621658013856063,43.164787914525704],[-77.621658531984906,43.164790631996127],[-77.621659064910958,43.164793346890399],[-77.621659615051115,43.164796061929387],[-77.621660181232215,43.164798773502511],[-77.62166076464149,43.164801484320272],[-77.62166136532133,43.164804191682521],[-77.621661985688476,43.164806898310076],[-77.621662622096608,43.164809601471795],[-77.621663278220325,43.164812302098717],[-77.621663955275054,43.164815001101218],[-77.621664649586222,43.164817697548301],[-77.621665352532716,43.164820392267579],[-77.621666050560961,43.164823086945518],[-77.621666747317335,43.164825784313273],[-77.621667440427416,43.164828478949865],[-77.621668133495177,43.164831176286604],[-77.621668826591261,43.164833871823241],[-77.621669519673247,43.164836568259922],[-77.621670213999053,43.16483926380689],[-77.621670910769893,43.164841960274558],[-77.621671608798607,43.164844654952454],[-77.621672311745698,43.164847349671703],[-77.621673017137852,43.164850045311638],[-77.621673728706185,43.164852739203198],[-77.621674445235229,43.164855430435871],[-77.621675169113544,43.164858123530706],[-77.621675899182108,43.164860813977029],[-77.621676637857789,43.164863504495685],[-77.621677385168766,43.164866193286606],[-77.621678142358775,43.164868879460045],[-77.621678908169969,43.16487156480575],[-77.621679686305228,43.164874248454701],[-77.62168047552079,43.164876931296639],[-77.621681277074572,43.16487961154175],[-77.621682092196068,43.164882289200378],[-77.62168292210076,43.164884965182949],[-77.621683765587321,43.164887637678945],[-77.621684625086644,43.164890308509236],[-77.621685500626995,43.164892975873649],[-77.621686394653409,43.164895640692905],[-77.621687304734934,43.16489830114628],[-77.62168823328841,43.164900959954579],[-77.621689182815317,43.164903614438273],[-77.621690150870606,43.164906263676684],[-77.621691139857035,43.164908911290688],[-77.621692153547954,43.164911551910976],[-77.62169320794203,43.164914184771838],[-77.62169430922944,43.164916807224792],[-77.621695452477795,43.164919420128562],[-77.621696637701262,43.164922022583092],[-77.621697861196907,43.164924615457423],[-77.621699122964799,43.164927198751549],[-77.621700419287961,43.164929774234558],[-77.621701748979206,43.164932339196007],[-77.621703108307429,43.164934896304999],[-77.621704498530448,43.16493744377177],[-77.621705914715847,43.164939982455039],[-77.62170735680715,43.164942515955012],[-77.621708822387561,43.164945041550887],[-77.621710308997976,43.16494755922195],[-77.62171181659599,43.164950071668358],[-77.621713342736584,43.164952577969402],[-77.62171488496061,43.164955078104441],[-77.621716440780688,43.164957573852888],[-77.62171801142641,43.164960065225053],[-77.621719593209008,43.164962552189927],[-77.621721184884834,43.16496503563728],[-77.621722806211793,43.164967510332147],[-77.621724480749492,43.164969963870092],[-77.621726201035742,43.164972401589495],[-77.621727964625549,43.16497482256959],[-77.621729765342792,43.164977228558804],[-77.621731596997236,43.164979622205621],[-77.621733457129722,43.164982003489399],[-77.621735338292225,43.164984376848331],[-77.621737239255154,43.164986742272141],[-77.62173915262693,43.164989100598845],[-77.621741074676493,43.164991454497603],[-77.621743001630364,43.164993809337737],[-77.621744928626754,43.164996161477688],[-77.621746850634409,43.164998518076494],[-77.621748763992798,43.165000877303108],[-77.621750664970861,43.165003241826625],[-77.621752547378364,43.165005614295588],[-77.621754406268749,43.165007996468731]]]},"properties":{"OBJECTID":152,"Beat":"263","Section":"Genesee","Section_Num":3,"Supervisor_Name":"Capt. Michael Jones","Note":"In case of emergency call 911.","Color_Code":1,"Shape.STArea()":23291389.871695243,"Shape.STLength()":31183.688423527463,"ID":263,"Office_Address":"1099 Jay St, Rochester, NY 14611","Office_Phone":"(585) 428-9803","Email_Contact":"","Office_Hours":"9:30am - 5:00pm"}},{"type":"Feature","id":153,"geometry":{"type":"Polygon","coordinates":[[[-77.613048783059227,43.160536276067837],[-77.612909183805201,43.160008821205473],[-77.612465935593988,43.159174216691149],[-77.611498907810088,43.157689459196867],[-77.610660889408493,43.156155674810805],[-77.610084894762707,43.155007057288003],[-77.609485976304498,43.153799196533356],[-77.609266076469908,43.152814713379357],[-77.609252808609895,43.152094289511417],[-77.609364781236607,43.151182428049104],[-77.608997598926763,43.15116563790864],[-77.608916405379034,43.151195969972036],[-77.608804856745152,43.151213122339691],[-77.608685261030871,43.151218140130212],[-77.608549278793276,43.151216984323192],[-77.608244543927754,43.151202320716166],[-77.608071523178594,43.151197827683333],[-77.607960310121442,43.151193864034688],[-77.607828401834041,43.151195757681066],[-77.607479667098161,43.151195092624498],[-77.607349723019666,43.151195083304209],[-77.607143068211428,43.151192507365593],[-77.607005047555234,43.151187030404614],[-77.606851827653429,43.151172020348348],[-77.606676278323732,43.151148597295638],[-77.606511911312467,43.151128014975122],[-77.606317651190253,43.151104431618734],[-77.606119563124849,43.151086299089059],[-77.605887660379196,43.151076097706174],[-77.605581491783312,43.151077185783144],[-77.605132849904578,43.151091525257996],[-77.60455369790057,43.151117287729889],[-77.604324414434316,43.151128243441548],[-77.602659872450559,43.151225715346428],[-77.601960622659959,43.151275014402572],[-77.601258666123215,43.151313768331072],[-77.60100573686104,43.151332825707037],[-77.600756802037083,43.151361011272733],[-77.600552774602889,43.151394172942304],[-77.600358865349591,43.151441839245187],[-77.600173782633135,43.151499445159736],[-77.600002067216224,43.151563745026145],[-77.599843716667934,43.151634736182899],[-77.599658000000247,43.151731801174314],[-77.599521844267016,43.151819426160131],[-77.599390074545312,43.151913664462995],[-77.599269621077354,43.152011699655802],[-77.599104546579241,43.152168595716127],[-77.599005330499821,43.152282394407507],[-77.598928246495149,43.152396928947311],[-77.598854459119266,43.152519004638663],[-77.598320857786618,43.153480845792522],[-77.5982232994714,43.153652948700298],[-77.598081915993504,43.153611216284929],[-77.597942106769977,43.153569159689042],[-77.595517418566828,43.152914461586683],[-77.595425937435692,43.152843893037833],[-77.594665804348153,43.152630397931688],[-77.593965205392706,43.152433617521645],[-77.593824559874619,43.152699392283594],[-77.594710542987571,43.152950505023853],[-77.594506100072465,43.153347546917807],[-77.595087356120573,43.153500565619723],[-77.595022939108858,43.153625498576645],[-77.594444828998235,43.153469237316045],[-77.594359285283218,43.153634273592154],[-77.594266300980593,43.153813662631627],[-77.594188678641771,43.153963417515349],[-77.594213542626093,43.153971301946427],[-77.594135189812278,43.154121425845808],[-77.5941591650856,43.154128460943703],[-77.594008713784689,43.154422485785048],[-77.59398292410701,43.154472884843841],[-77.594036087910879,43.154487499772884],[-77.593863706250531,43.154822605851734],[-77.594343218131101,43.154943757202318],[-77.594458131992084,43.154972033818247],[-77.594413894811481,43.155058093160392],[-77.594371463868441,43.155145895527362],[-77.594294137027958,43.155126673632004],[-77.593694423661248,43.154974930644315],[-77.593105678925355,43.156119242444738],[-77.592900699731103,43.156517639447799],[-77.592828980896115,43.156496972628908],[-77.59263209950889,43.156852341712657],[-77.592702066254503,43.156873331047592],[-77.592561553856996,43.157115417174118],[-77.59255680924521,43.157123538841439],[-77.592497159747154,43.157225663420327],[-77.592399491992424,43.157392875045261],[-77.592612038014636,43.157450945918505],[-77.592576021567552,43.157521985220782],[-77.592522794336432,43.157626971256285],[-77.592481851058906,43.15770772841767],[-77.592532362146912,43.157721762959781],[-77.592474556910787,43.157823703649463],[-77.592414555491899,43.157929520328004],[-77.592344663909799,43.158052777643107],[-77.592719549753738,43.158166045918911],[-77.592798951459031,43.158186277925722],[-77.592750722358446,43.158274138359545],[-77.592844429116582,43.158302381494316],[-77.592803502273313,43.158382727525492],[-77.592738046345715,43.158506732810331],[-77.592697646805959,43.158583268439948],[-77.59267386622713,43.158628318639487],[-77.592648482274711,43.158676408330855],[-77.592626923907844,43.158717249657862],[-77.592599743787261,43.158768740834049],[-77.592795807535964,43.15882760660368],[-77.592946416807649,43.158872825338534],[-77.593000055645177,43.158888929237243],[-77.593054088516936,43.158905152643577],[-77.593112345588523,43.158922643120086],[-77.593171275719698,43.158940335629424],[-77.593230040680552,43.15895797896988],[-77.593296509988761,43.158977935778566],[-77.593373138404047,43.159000941118855],[-77.593486949787405,43.159035112483394],[-77.593600850671265,43.15906930791337],[-77.593718788617167,43.159104716474509],[-77.593804842204875,43.159130552175419],[-77.593854157026769,43.159246693016208],[-77.594463483567708,43.159428336371825],[-77.594296162053396,43.159721061474393],[-77.594211846934598,43.159869494515206],[-77.595314873943025,43.159618435910879],[-77.595669286010192,43.159531292602786],[-77.595862941604977,43.159491806617147],[-77.595987660843832,43.15973527844212],[-77.596100457179944,43.159927131340467],[-77.5962635197167,43.160145928757139],[-77.596427350211258,43.160317011785843],[-77.59660600857984,43.160467014431404],[-77.596799320461102,43.160606539138058],[-77.597028674596174,43.16075697825864],[-77.597305776936963,43.160909356940813],[-77.597779599184349,43.161129042326273],[-77.600459347165184,43.16192962370657],[-77.600774336074949,43.162009502821803],[-77.601017398118586,43.162055001701972],[-77.601295980812282,43.1620893845027],[-77.601543594027248,43.162112574586665],[-77.601767433181479,43.162124142395797],[-77.601984839103338,43.162126007452244],[-77.602248594331627,43.162113799321368],[-77.602550965234528,43.162097201135765],[-77.602822887718801,43.162056316535477],[-77.603043354895348,43.162016757441684],[-77.603307118769465,43.16195634908582],[-77.603579147181932,43.161877063196172],[-77.60390344431201,43.161766161846685],[-77.604175843489671,43.161663559675709],[-77.604426136007987,43.161567656711831],[-77.604748461663277,43.161461506995131],[-77.60503252240143,43.161376491947834],[-77.605300378984182,43.161308826194464],[-77.605504072475028,43.161269759874465],[-77.605679616683247,43.161247941173002],[-77.605889373127908,43.161230321244958],[-77.606106070653908,43.16122243706112],[-77.606340914328513,43.161227357535381],[-77.606551685688558,43.16124373102295],[-77.606769465797228,43.161268856001413],[-77.606989719301339,43.161304768620894],[-77.607222884791042,43.161351478713705],[-77.607534075844882,43.161423424926653],[-77.607857394989153,43.161501221295282],[-77.608021120293287,43.161538715826921],[-77.608183906082289,43.161572515015152],[-77.608381398248028,43.161605232475921],[-77.608574627720898,43.161630502167981],[-77.608763339776843,43.161649336435971],[-77.608949924344572,43.161657742693826],[-77.609124390714186,43.161658168059887],[-77.609295841145368,43.161653612040389],[-77.609451486202474,43.16164513240205],[-77.609601491263064,43.161633753707058],[-77.609748725856747,43.161616023035521],[-77.609890260989744,43.161594023677424],[-77.610052060313166,43.161565869233726],[-77.610222606985531,43.161531462560305],[-77.61052452573432,43.161465548766955],[-77.61100337675596,43.161354589281629],[-77.611318704853488,43.16127500302882],[-77.611590681577425,43.161203488603924],[-77.61192068024144,43.161107151583515],[-77.612565221546618,43.16085148276526],[-77.613048783059227,43.160536276067837]]]},"properties":{"OBJECTID":153,"Beat":"273","Section":"Genesee","Section_Num":3,"Supervisor_Name":"Capt. Michael Jones","Note":"In case of emergency call 911.","Color_Code":2,"Shape.STArea()":15925728.014000164,"Shape.STLength()":18122.328228261078,"ID":273,"Office_Address":"1099 Jay St, Rochester, NY 14611","Office_Phone":"(585) 428-9803","Email_Contact":"","Office_Hours":"9:30am - 5:00pm"}},{"type":"Feature","id":154,"geometry":{"type":"Polygon","coordinates":[[[-77.598081915993504,43.153611216284929],[-77.5982232994714,43.153652948700298],[-77.598320857786618,43.153480845792522],[-77.598854459119266,43.152519004638663],[-77.598928246495149,43.152396928947311],[-77.599005330499821,43.152282394407507],[-77.599104546579241,43.152168595716127],[-77.599269621077354,43.152011699655802],[-77.599390074545312,43.151913664462995],[-77.599521844267016,43.151819426160131],[-77.599658000000247,43.151731801174314],[-77.599843716667934,43.151634736182899],[-77.600002067216224,43.151563745026145],[-77.600173782633135,43.151499445159736],[-77.600358865349591,43.151441839245187],[-77.600552774602889,43.151394172942304],[-77.600756802037083,43.151361011272733],[-77.60100573686104,43.151332825707037],[-77.601258666123215,43.151313768331072],[-77.601960622659959,43.151275014402572],[-77.602659872450559,43.151225715346428],[-77.604324414434316,43.151128243441548],[-77.60455369790057,43.151117287729889],[-77.604830196743848,43.151104989050033],[-77.605132849904578,43.151091525257996],[-77.605581491783312,43.151077185783144],[-77.605887660379196,43.151076097706174],[-77.606119563124849,43.151086299089059],[-77.606317651190253,43.151104431618734],[-77.606511911312467,43.151128014975122],[-77.606676278323732,43.151148597295638],[-77.606851827653429,43.151172020348348],[-77.607005047555234,43.151187030404614],[-77.607143068211428,43.151192507365593],[-77.607245040408571,43.151193777968437],[-77.607349723019666,43.151195083304209],[-77.607479667098161,43.151195092624498],[-77.607828401834041,43.151195757681066],[-77.607960310121442,43.151193864034688],[-77.608071523178594,43.151197827683333],[-77.608244543927754,43.151202320716166],[-77.608549278793276,43.151216984323192],[-77.608685261030871,43.151218140130212],[-77.608804856745152,43.151213122339691],[-77.608916405379034,43.151195969972036],[-77.608997598926763,43.15116563790864],[-77.609364781236607,43.151182428049104],[-77.609474750476764,43.150512504054895],[-77.609686460419411,43.149628580754737],[-77.610458510188678,43.148327588423214],[-77.611429434755223,43.146915664843242],[-77.612796156593561,43.144903483809536],[-77.613655551387652,43.143670651542458],[-77.614807593517412,43.142471510974772],[-77.615147216317681,43.142112230965644],[-77.614670583155274,43.141814641620783],[-77.613873024075431,43.141356220262175],[-77.613349163507849,43.141025601078908],[-77.613299033363589,43.141111033799646],[-77.613163480208314,43.141100478518048],[-77.612738900333738,43.141068770407749],[-77.612590489154712,43.141073842216493],[-77.612580288802974,43.140937569184103],[-77.612656311552513,43.140935119390747],[-77.612637393914454,43.140653742595703],[-77.613206413760011,43.140635709835628],[-77.613548654152083,43.140637418530396],[-77.613579408113651,43.140577574554051],[-77.613607020009169,43.140518122518678],[-77.613462740439175,43.140518688199101],[-77.613150161205212,43.140527786216552],[-77.613142396829986,43.140361145785377],[-77.613134251353372,43.140186347436163],[-77.613127790684374,43.140048506532438],[-77.613122310895022,43.139907638554256],[-77.6132718796229,43.139903887419884],[-77.613464730857714,43.139897807879763],[-77.613450632103422,43.139620235644898],[-77.613898921173316,43.139607078361301],[-77.61402840582393,43.139610806643425],[-77.614075384473821,43.139509651434892],[-77.614116757113223,43.13942300724036],[-77.61398587857903,43.139426925034996],[-77.613709400142824,43.13943554549158],[-77.613702853567489,43.139234689844372],[-77.613563424303081,43.139239036987043],[-77.613559644146875,43.139123019235853],[-77.613612686924853,43.139121339907462],[-77.613617927430511,43.139110584928034],[-77.613679709306112,43.138983794138611],[-77.613743035724141,43.138853834284255],[-77.613768564646506,43.138801443513422],[-77.614288995075839,43.138786107274633],[-77.614422823814593,43.138782017877006],[-77.614464555228992,43.138694619536061],[-77.61449245175217,43.138618121265431],[-77.614329721953254,43.138620669722897],[-77.613588401062145,43.138642954937914],[-77.613573252509326,43.138326708550977],[-77.613388629834432,43.138332617693777],[-77.613201718407808,43.138338600749861],[-77.613014248610654,43.138344601269395],[-77.612822605990544,43.138350734418211],[-77.612639974785523,43.138355536727204],[-77.612449952545646,43.138361336431821],[-77.612261830280701,43.138367079932713],[-77.612075231748832,43.138372773947218],[-77.611888693410762,43.138378468168348],[-77.611659571490989,43.138386581982857],[-77.611511955587304,43.138389964127256],[-77.611324588275394,43.138395682793302],[-77.611138303173405,43.138401367139885],[-77.61095259236042,43.138407033559467],[-77.610764319845529,43.138412777821095],[-77.610577000391771,43.138418492968732],[-77.610403077129902,43.138423798726073],[-77.610387349544752,43.138423327416717],[-77.610405872452702,43.138741706603291],[-77.610409619332302,43.138820065367462],[-77.610314017097053,43.138823021390557],[-77.610220725961881,43.138825888069228],[-77.610216649186398,43.138745481296468],[-77.610200773040177,43.138434896701455],[-77.610188075195708,43.138435293697611],[-77.609998608450297,43.138441225479696],[-77.609809515530557,43.138447145725948],[-77.609620629201572,43.138453058416026],[-77.60943702734113,43.138458806935937],[-77.609245420600161,43.138464803870718],[-77.609059605021841,43.138470620254431],[-77.608875950209608,43.138476368322891],[-77.608807847810297,43.138478500497094],[-77.608685509906721,43.13848236345212],[-77.608310781413479,43.138494196347253],[-77.608125045689519,43.138499849861667],[-77.607937251264033,43.138505564738878],[-77.607748670951395,43.138511304112654],[-77.607563306962462,43.138517769141622],[-77.607434974148944,43.138522244860155],[-77.607374191774881,43.138524364803409],[-77.60718428819311,43.138530987632663],[-77.606997510638621,43.138537289355092],[-77.60682016557999,43.138540218209428],[-77.606838439243631,43.138855486614418],[-77.606839710987373,43.138929742971733],[-77.606280400226495,43.138946912419073],[-77.606220032687148,43.138941479225267],[-77.606159802250048,43.138927437900591],[-77.605949702847994,43.138860962142203],[-77.605913637521823,43.138927566722636],[-77.605815265890783,43.138894311007753],[-77.605463996592533,43.138790667964756],[-77.605417670774727,43.138872296824545],[-77.60521388101607,43.138811198178296],[-77.605143801732893,43.138790187584398],[-77.605095845884961,43.138876729932832],[-77.605103860917936,43.138879162320457],[-77.605049135779453,43.138977492167292],[-77.605006254015507,43.139054542311825],[-77.60496544501801,43.139127866337915],[-77.604957827233108,43.139125573263996],[-77.604909918660354,43.139209348796641],[-77.604864620379786,43.139292766757812],[-77.604940006518206,43.139315407210319],[-77.604892409362407,43.139404001329424],[-77.604847943714333,43.139486763873201],[-77.604802507474133,43.139571337349821],[-77.604715625136691,43.139543931071096],[-77.604683181654238,43.139603147894988],[-77.604669771282332,43.139627622351576],[-77.604623621071752,43.139711852082051],[-77.604620357100814,43.139717808521006],[-77.604577140269626,43.139796685682036],[-77.604690615518408,43.139830527138173],[-77.604644974172999,43.139916292423578],[-77.60460097879222,43.139998966168001],[-77.604317578815198,43.139913881167807],[-77.60427170976871,43.139996161579148],[-77.604130910353376,43.140248728388087],[-77.604929320448491,43.140488288130975],[-77.605043792168161,43.140520399519296],[-77.605003701247881,43.140593111259811],[-77.604971320060542,43.140654955395895],[-77.604859300184827,43.140618623282798],[-77.604483462581257,43.140504948031534],[-77.6044296128876,43.140603339052106],[-77.604374043616843,43.140704868642558],[-77.604303068647368,43.140834548053128],[-77.604299779125952,43.140840559173668],[-77.604249411312907,43.140931401330661],[-77.604200020459444,43.141020481181904],[-77.604134422250965,43.14113879318495],[-77.604507687125974,43.141252046086613],[-77.604617548818297,43.141280166693711],[-77.604591828694694,43.141325261442411],[-77.604568622313863,43.141369512622056],[-77.604457868164701,43.14133984323437],[-77.603975660758664,43.141194710591506],[-77.603897545925307,43.141342260991095],[-77.603886498114875,43.141338283062858],[-77.60388537564944,43.141340294344808],[-77.603758273111978,43.14129989647568],[-77.603619822245463,43.141257032030907],[-77.603482359924172,43.141214473842318],[-77.603342948011047,43.141171310975515],[-77.603205577814975,43.141128781148623],[-77.60306920596085,43.141086559468391],[-77.603011364497334,43.141068552786614],[-77.603071638190116,43.141144138347165],[-77.603137024165193,43.141226132805407],[-77.603198689983145,43.141303392845828],[-77.603267013208196,43.141388991483126],[-77.603344117285317,43.141485594305657],[-77.603427435431684,43.141589978292131],[-77.603038400114471,43.141758005491106],[-77.603330342649841,43.142124302885428],[-77.603408074623673,43.142202975964366],[-77.603309907824922,43.142237227516318],[-77.603229844886528,43.142271150678113],[-77.603167961215803,43.142195461403716],[-77.602977236987485,43.141956064328312],[-77.602855296825524,43.142006579567372],[-77.602686223645975,43.142076618750885],[-77.602626425247351,43.142101390278299],[-77.602538331303563,43.14199090120519],[-77.602433130942885,43.142034501229681],[-77.602323760962832,43.142079623606286],[-77.60232474301371,43.142080862564718],[-77.602216819319409,43.142128931806958],[-77.602208494507764,43.142118485912626],[-77.602100585037078,43.142162427868683],[-77.602107906162374,43.142171526604045],[-77.602001333342841,43.142216968817216],[-77.601893692183353,43.142262868056278],[-77.601914848830589,43.142289489450903],[-77.601807354651413,43.142334257449811],[-77.601697963653265,43.142377788436761],[-77.601435031669311,43.142549243284705],[-77.601747913983786,43.1427937805068],[-77.601833171891769,43.142861378661181],[-77.601730698931064,43.142904494630379],[-77.601626712241696,43.142949474381304],[-77.601541306751415,43.142881963924964],[-77.601143553532992,43.142571232428537],[-77.601068031514572,43.142512232990811],[-77.600666717181255,43.14278284480433],[-77.600542112492548,43.14286686615872],[-77.600538512325869,43.142869294508394],[-77.600466086660916,43.142918130601899],[-77.600318008864619,43.143017978553814],[-77.600010734297854,43.143225173079259],[-77.599931161027982,43.143283263297711],[-77.598007223681549,43.141764036403643],[-77.597549532025468,43.142428053479193],[-77.597496373850845,43.142527439137801],[-77.597457865025973,43.142599433587804],[-77.597380913302189,43.142751694711791],[-77.597701783000943,43.142927531323643],[-77.597844654748471,43.143017184325402],[-77.59817100944143,43.143252373012743],[-77.598473142741469,43.143530161829226],[-77.598808888938166,43.143897525518511],[-77.59928931550705,43.144499480201993],[-77.599577885109255,43.144870748542871],[-77.599887141772314,43.145237880327862],[-77.600811617779783,43.146439154310691],[-77.600143733845186,43.146715673322021],[-77.600041096684237,43.146756589906033],[-77.599984883318584,43.146683986684749],[-77.599840427290943,43.146494444947542],[-77.599677444329174,43.146559587311422],[-77.59956093773323,43.146606154331629],[-77.599451693936714,43.146649817618865],[-77.599516115511889,43.146733282962224],[-77.599598604896741,43.146840157798813],[-77.599651842564029,43.146915385733166],[-77.599212836119406,43.147093173523182],[-77.599096279227496,43.147142023371039],[-77.599045431883894,43.147063429294242],[-77.598208831040623,43.145970929483042],[-77.596841106730096,43.146522563070704],[-77.596792475636278,43.146544181785082],[-77.596746678451794,43.14656983608829],[-77.596697058650477,43.146603162891203],[-77.596665201572591,43.146629558495043],[-77.596631298544764,43.14666376525193],[-77.596606902550008,43.1466941292366],[-77.596585327953079,43.14672747281827],[-77.595959063683736,43.14773326580243],[-77.597079495421951,43.1483780631036],[-77.597205633262362,43.148450651129288],[-77.597620837700063,43.148689590159528],[-77.59772346487344,43.148743474695507],[-77.597671685358264,43.148836604294956],[-77.597629246097924,43.148914399780097],[-77.597508803502905,43.148858512698389],[-77.596723286242394,43.148407123570884],[-77.5959295337924,43.147950994159139],[-77.595865351026788,43.147966171641592],[-77.595164116148538,43.149192840975367],[-77.595133598676028,43.149183961833835],[-77.594742643577248,43.149860115765037],[-77.594619393053904,43.15007326571321],[-77.594531024001654,43.150041127383155],[-77.594450611680116,43.150013200352838],[-77.594600076629419,43.149750859451665],[-77.594081635192893,43.149588103198127],[-77.59401985914667,43.149696166769736],[-77.593979849437787,43.149766155790047],[-77.593945641544963,43.149825995111307],[-77.593834537516713,43.149784927057581],[-77.59378110377439,43.149878512254524],[-77.59372704234741,43.14997319560721],[-77.59367464070499,43.150064970429369],[-77.59362101668961,43.150158887864606],[-77.593688332947252,43.150178730267328],[-77.59361558852811,43.150309296664716],[-77.593654791949447,43.150321172406933],[-77.593583978004276,43.150447899140552],[-77.593710037523053,43.150486028109725],[-77.593837069857514,43.150524451608412],[-77.593712053031453,43.150743695644422],[-77.594009175152124,43.15083688209193],[-77.59402141550018,43.150819890959042],[-77.594719845617462,43.151035380405425],[-77.596145351131256,43.151447646839493],[-77.596264763644015,43.151480075155717],[-77.596237374143527,43.151533360404898],[-77.596217750008307,43.151570063956193],[-77.596098874207073,43.151538501687575],[-77.595140641584877,43.151262510585319],[-77.594550633204022,43.151089581177935],[-77.594434312088922,43.151302903287146],[-77.594562905181533,43.151342263044512],[-77.594342141749507,43.151748389576767],[-77.594862503360133,43.151912255812555],[-77.595001574372162,43.151617143011563],[-77.595176309359886,43.151672140589874],[-77.595323779221161,43.151718556049879],[-77.595278578007239,43.151809657420664],[-77.595407221964223,43.151847103800243],[-77.595379791378662,43.151893876637502],[-77.59542227177316,43.151906649636508],[-77.595344199010725,43.152067828258524],[-77.59575260089413,43.152198016684224],[-77.595863058573556,43.152233227065935],[-77.595825405167304,43.152303889664452],[-77.59579835212655,43.15235722991423],[-77.595682029008444,43.152322821299634],[-77.595261760720803,43.152188741316806],[-77.595189226946474,43.152303770815195],[-77.595102155179802,43.152441860429782],[-77.59491442254614,43.152388762337289],[-77.594737469124453,43.152338715045701],[-77.594613168298423,43.152303557679893],[-77.594489980141404,43.152268714954268],[-77.594365997787222,43.152233649189419],[-77.594245316451676,43.152199515601268],[-77.594115684904651,43.152162849729471],[-77.594029073394267,43.152312970610161],[-77.593965205392706,43.152433617521645],[-77.594665804348153,43.152630397931688],[-77.595425937435692,43.152843893037833],[-77.595517418566828,43.152914461586683],[-77.597942106769977,43.153569159689042],[-77.598081915993504,43.153611216284929]]]},"properties":{"OBJECTID":154,"Beat":"275","Section":"Goodman","Section_Num":5,"Supervisor_Name":"Capt. Jason Elwood","Note":"In case of emergency call 911.","Color_Code":3,"Shape.STArea()":16820394.279922612,"Shape.STLength()":29216.096453270602,"ID":275,"Office_Address":"630 N Clinton Ave, Rochester, NY 14605","Office_Phone":"(585) 428-9805","Email_Contact":"","Office_Hours":"9:30am - 5:00pm"}},{"type":"Feature","id":155,"geometry":{"type":"Polygon","coordinates":[[[-77.605191864788324,43.125205653400272],[-77.605101815506984,43.125207960335949],[-77.605102357581245,43.12533458472334],[-77.605099231514188,43.125409136732991],[-77.605079512240181,43.1255386718884],[-77.605052068667305,43.125637068696278],[-77.605002085335499,43.125759337188967],[-77.604494068147801,43.1257729362856],[-77.604419731475147,43.125753042823767],[-77.60462049781556,43.125349679074041],[-77.604656435751679,43.125279149779438],[-77.604680551121803,43.125218877682165],[-77.604354556893355,43.125227307732189],[-77.60398708328853,43.125236512437716],[-77.60290439523969,43.125269956074654],[-77.600668408839468,43.129700641470414],[-77.596978647528388,43.130114509559924],[-77.596718215107899,43.130688879776578],[-77.59563968311501,43.133067397842581],[-77.59456772339982,43.133099113127457],[-77.593396108912813,43.133137811996981],[-77.591821108480758,43.133638444799487],[-77.591740585899259,43.133666739799139],[-77.591647162394196,43.133591825861856],[-77.591331447419805,43.132981932465924],[-77.59082291096415,43.133743242677838],[-77.589543775983643,43.135805281814349],[-77.589669844099419,43.135793586190069],[-77.589834142131622,43.135786087752066],[-77.590397479080167,43.135760376642089],[-77.591280750470119,43.134377401696838],[-77.591353911340192,43.134265262106354],[-77.591440515060015,43.13434755439836],[-77.591519704873818,43.134413955477719],[-77.591455087362533,43.134521254281012],[-77.591175712489331,43.134963820861799],[-77.591404748351309,43.135042373849544],[-77.591548804903908,43.135091780248572],[-77.591690352177054,43.135140325754563],[-77.591571057413404,43.135236270281823],[-77.591455666410127,43.135329073608624],[-77.591608135461158,43.135375010673279],[-77.591731645717161,43.135412223209798],[-77.591899962849936,43.135462934938609],[-77.59217992976771,43.135547284638669],[-77.592082681779047,43.135693857478216],[-77.592030590069612,43.135782215603435],[-77.592004896900178,43.135823010354514],[-77.591921295184562,43.135955747676505],[-77.59185330309748,43.136063704267329],[-77.591946223908451,43.136091995402055],[-77.591975422749357,43.136100885583744],[-77.592107091675103,43.136140971549246],[-77.592245547969512,43.13618312624849],[-77.592379236648114,43.13622382801271],[-77.592484218207147,43.136255789662982],[-77.592595286269685,43.136289604271674],[-77.592674683394335,43.136313777330699],[-77.593096597906623,43.13621882551638],[-77.593208853014119,43.136174594747189],[-77.593246280561701,43.136221392862538],[-77.593284816599279,43.136271102720976],[-77.593169073499638,43.136311951126821],[-77.593102213323107,43.136335784317232],[-77.593030872201041,43.136454402192598],[-77.593134754528506,43.136486888434824],[-77.593154736706254,43.136501537081564],[-77.593184714241431,43.136523513232625],[-77.593190445227307,43.136595309456858],[-77.593170433567195,43.136632303585806],[-77.593221640825405,43.136647915582685],[-77.593168181051794,43.136737465907167],[-77.593090077445964,43.136868298267615],[-77.593063231800571,43.136913266386244],[-77.593045085365063,43.136943663951833],[-77.593077047301762,43.136928906774081],[-77.593111862252798,43.136975611201613],[-77.59311896866555,43.136972606711311],[-77.593225883831934,43.13692741964001],[-77.593326349905055,43.137055217243393],[-77.593388626487396,43.137134436770005],[-77.593450020529531,43.137212522507731],[-77.593512995414642,43.137291829922439],[-77.593617652044202,43.137246768776649],[-77.593667564140105,43.137309798670834],[-77.593743676246618,43.137405916032634],[-77.593963830504606,43.137312305176494],[-77.59407900439642,43.13727017550606],[-77.59411610522541,43.137316125240815],[-77.594151484854379,43.137359507186886],[-77.594039556294149,43.137408092237962],[-77.593714456641464,43.137546954705726],[-77.593825534542432,43.137685000316878],[-77.59390336340644,43.137781721128889],[-77.593935760701456,43.137767879355359],[-77.593991089179298,43.137838010610587],[-77.594047848839992,43.137909954562424],[-77.59406633273916,43.137901918295917],[-77.594121038143925,43.137973735527567],[-77.594395443642739,43.137854848804487],[-77.594508968589878,43.137799529497954],[-77.594562005539629,43.137865298230501],[-77.594596708143996,43.137910686074775],[-77.594484483222402,43.137965034612712],[-77.594275452674538,43.138055759441706],[-77.594333761010731,43.138130946463662],[-77.59426971402479,43.138158600680832],[-77.594329261668008,43.138231183410426],[-77.594386430949214,43.138300867692571],[-77.594337328820885,43.138321864709319],[-77.594418007359266,43.138423694881283],[-77.59450267135577,43.138530552707884],[-77.594824804972845,43.138392590481125],[-77.594930468592295,43.138345967839903],[-77.594963145695374,43.138388017327991],[-77.595004053916469,43.138439662656111],[-77.594897961634189,43.138487860567139],[-77.59457532428074,43.138626854744757],[-77.594468001810952,43.138673089144902],[-77.594630108882214,43.138876685503213],[-77.594739982919378,43.138829643939388],[-77.594773375099606,43.138870424110003],[-77.594839642496694,43.138951348932551],[-77.59490533743481,43.139031575635975],[-77.595223764036774,43.138894466945665],[-77.595326988146539,43.138847468205491],[-77.595360636303496,43.138890468445261],[-77.59539439950764,43.138932128408449],[-77.595291159790946,43.138979479942272],[-77.595142145483877,43.139043522240705],[-77.595209755288394,43.139137229215791],[-77.595045432049048,43.139207666333064],[-77.595119088847554,43.139300278770683],[-77.595060416563655,43.139325174003545],[-77.595121077494852,43.139398823630316],[-77.595191128188901,43.1394838731132],[-77.595564667251381,43.139322424356884],[-77.59567290022062,43.139275773711226],[-77.595695410094194,43.139303548467751],[-77.595720886364191,43.139333903520786],[-77.595612146931146,43.139383987604838],[-77.595287924610616,43.139523046599109],[-77.595352465661719,43.139596072482171],[-77.595395350827332,43.139578065741716],[-77.595512427808231,43.139726010284697],[-77.595506626435096,43.139727805553356],[-77.595562592937725,43.139800824796332],[-77.595900873652539,43.13979076881904],[-77.596015124473269,43.139792843115487],[-77.595970208168012,43.139864273206094],[-77.59474950766608,43.139891123602503],[-77.594345146581404,43.139902379230165],[-77.59340662258785,43.139929252446152],[-77.593322728506379,43.139932986000325],[-77.59241198787754,43.139964892090731],[-77.592359034218433,43.13996683421076],[-77.591331284089904,43.139993947330737],[-77.591266069776935,43.140088041489371],[-77.587752915035722,43.140181018845226],[-77.587173153564464,43.141058436423968],[-77.586750790542197,43.141745502127506],[-77.586708022480934,43.141812350967093],[-77.586664135858641,43.141846953921451],[-77.586601314988329,43.141865269795105],[-77.58652532434354,43.141872495974127],[-77.586137995930144,43.141901019274094],[-77.586057894656207,43.141916100237943],[-77.585994371619634,43.141949917851214],[-77.585824612202558,43.142087983744304],[-77.585959347397321,43.142170471067992],[-77.586187695201431,43.142291077348112],[-77.586372454379685,43.142388706293332],[-77.587213939907329,43.142846004711281],[-77.587279865514589,43.14288190418938],[-77.587372114198971,43.142934910134052],[-77.587320650022633,43.143021817671787],[-77.587147587739736,43.143340798845784],[-77.587272384832502,43.143379295712506],[-77.587422596118557,43.143425630037356],[-77.587423120211056,43.143433025924701],[-77.587429864470465,43.143433083731033],[-77.587551018218079,43.14350520967028],[-77.587494160291854,43.143557617089392],[-77.587536869674295,43.143624593568887],[-77.588023451864103,43.143767449825766],[-77.588164503437767,43.14350287806046],[-77.588207974358866,43.143415184087317],[-77.588290786716797,43.143462766482429],[-77.589174620679302,43.143953345277794],[-77.589364225517826,43.144059939401778],[-77.58942379141817,43.14409443032774],[-77.589376376206289,43.144192103117781],[-77.589219864117894,43.144488182212307],[-77.589351744821485,43.144560196003368],[-77.589500162755328,43.14464124070696],[-77.589638169780443,43.144716599317405],[-77.58965316670708,43.144688499231108],[-77.589804127865747,43.144731347864983],[-77.589767598820899,43.144799171072023],[-77.589840984218327,43.144840972373515],[-77.58995594831292,43.144906456338035],[-77.590072542468164,43.144972868914209],[-77.590082181312894,43.144978359035406],[-77.59023288268628,43.145064198928516],[-77.590426848085599,43.145174680969589],[-77.590676795415447,43.144940061945185],[-77.590751092990928,43.144863691310313],[-77.590827780636175,43.144907422694622],[-77.59091205780156,43.144955972776323],[-77.590835236305907,43.145026351669962],[-77.59053643960965,43.145307411982351],[-77.590650470873371,43.145373816129862],[-77.590766561838549,43.145441417259313],[-77.590900695750761,43.145518771530135],[-77.591020091465495,43.145589050277749],[-77.591269876006095,43.145732987452952],[-77.591571087521629,43.145451217936014],[-77.591642751180274,43.145374478229385],[-77.591720454796004,43.145418635499688],[-77.591794672722074,43.145460472467285],[-77.591719882111789,43.145535132771073],[-77.591420645801335,43.145814660365829],[-77.591654398384634,43.145951787419285],[-77.591784457880323,43.146028082736898],[-77.591674999796226,43.146129667388152],[-77.591645437634384,43.146157104081887],[-77.592112324056188,43.146299366220724],[-77.59234604123013,43.145893808598693],[-77.592399272149024,43.145801277253533],[-77.592520671869366,43.145869707532491],[-77.592600696622696,43.14591629496816],[-77.592546084444521,43.146008120410286],[-77.59239924083694,43.146263858924669],[-77.592527759289311,43.14630284587065],[-77.592421487587927,43.146496416021137],[-77.592693888375166,43.146580598917687],[-77.5928307410759,43.14662289020734],[-77.592777930019679,43.146722380113388],[-77.592930798139406,43.146769086664939],[-77.592976107433927,43.146687943894634],[-77.593112612291137,43.146727363884025],[-77.593342012871204,43.146797070047612],[-77.593482676201845,43.146543241950802],[-77.593531445100425,43.1464560140112],[-77.593604930533189,43.146498144120699],[-77.593685856717599,43.146544356918795],[-77.593637496269466,43.146632108756442],[-77.593467163562323,43.14693309876872],[-77.593633410866602,43.146984373292284],[-77.593755266458032,43.147021955461227],[-77.593868307135125,43.147056820157559],[-77.59381223919786,43.147157396782838],[-77.593928444224005,43.147193045833035],[-77.594059976964232,43.147234204935138],[-77.594436027410865,43.147351879633263],[-77.594547503789556,43.147153771633633],[-77.59459750753642,43.147064158558706],[-77.594688447393779,43.147115932036058],[-77.594781070850217,43.147169357402809],[-77.594729597745172,43.147268150428062],[-77.594519919457355,43.147638468186479],[-77.594609017189811,43.147687651306924],[-77.594777975253933,43.147780917258679],[-77.594893330830089,43.147844592976597],[-77.59490379820457,43.147850371602104],[-77.594879729317796,43.147892243148213],[-77.594806581339952,43.148019498737916],[-77.594947176098799,43.148059499176924],[-77.595090612389654,43.148104294004312],[-77.595159299041455,43.148040184645922],[-77.595515245403618,43.148150643692063],[-77.595599658695292,43.148002748521868],[-77.59570243803168,43.147822674912824],[-77.595751569043301,43.147729165960897],[-77.597671685358264,43.148836604294956],[-77.59772346487344,43.148743474695507],[-77.597620837700063,43.148689590159528],[-77.597205633262362,43.148450651129288],[-77.597079495421951,43.1483780631036],[-77.595959063683736,43.14773326580243],[-77.596585327953079,43.14672747281827],[-77.596606902550008,43.1466941292366],[-77.596626130502557,43.146669712234484],[-77.596665201572591,43.146629558495043],[-77.596690438574441,43.14660827909735],[-77.596717640691679,43.146588338094531],[-77.596746678451794,43.14656983608829],[-77.596792475636278,43.146544181785082],[-77.596841106730096,43.146522563070704],[-77.598208831040623,43.145970929483042],[-77.599045431883894,43.147063429294242],[-77.599096279227496,43.147142023371039],[-77.599651842564029,43.146915385733166],[-77.599598604896741,43.146840157798813],[-77.599516115511889,43.146733282962224],[-77.599451693936714,43.146649817618865],[-77.59956093773323,43.146606154331629],[-77.599677444329174,43.146559587311422],[-77.599840427290943,43.146494444947542],[-77.599984883318584,43.146683986684749],[-77.600041096684237,43.146756589906033],[-77.600143732615976,43.146715673311455],[-77.600811617779783,43.146439154310691],[-77.599887141772314,43.145237880327862],[-77.599577885109255,43.144870748542871],[-77.59928931550705,43.144499480201993],[-77.598808888938166,43.143897525518511],[-77.598473142741469,43.143530161829226],[-77.59817100944143,43.143252373012743],[-77.597844654748471,43.143017184325402],[-77.597701783000943,43.142927531323643],[-77.597380913302189,43.142751694711791],[-77.597457865025973,43.142599433587804],[-77.597549532025468,43.142428053479193],[-77.598007223681549,43.141764036403643],[-77.599931161027982,43.143283263297711],[-77.600010734297854,43.143225173079259],[-77.600318008864619,43.143017978553814],[-77.600466086660916,43.142918130601899],[-77.600538512325869,43.142869294508394],[-77.600666717181255,43.14278284480433],[-77.601068031514572,43.142512232990811],[-77.601143553532992,43.142571232428537],[-77.601541306751415,43.142881963924964],[-77.601626712241696,43.142949474381304],[-77.601730698931064,43.142904494630379],[-77.601833171891769,43.142861378661181],[-77.601747913983786,43.1427937805068],[-77.601435031669311,43.142549243284705],[-77.601697963653265,43.142377788436761],[-77.601807354651413,43.142334257449811],[-77.601914848830589,43.142289489450903],[-77.601893692183353,43.142262868056278],[-77.602001333342841,43.142216968817216],[-77.602107906162374,43.142171526604045],[-77.602100585037078,43.142162427868683],[-77.602208494507764,43.142118485912626],[-77.602216819319409,43.142128931806958],[-77.60232474301371,43.142080862564718],[-77.602323760962832,43.142079623606286],[-77.602433130942885,43.142034501229681],[-77.602538331303563,43.14199090120519],[-77.602626425247351,43.142101390278299],[-77.602686223645975,43.142076618750885],[-77.602855296825524,43.142006579567372],[-77.602977236987485,43.141956064328312],[-77.603167961215803,43.142195461403716],[-77.603229844886528,43.142271150678113],[-77.603309907824922,43.142237227516318],[-77.603408074623673,43.142202975964366],[-77.603330342649841,43.142124302885428],[-77.603038400114471,43.141758005491106],[-77.603427435431684,43.141589978292131],[-77.603344117285317,43.141485594305657],[-77.603267013208196,43.141388991483126],[-77.603198689983145,43.141303392845828],[-77.603137024165193,43.141226132805407],[-77.603071638190116,43.141144138347165],[-77.603011364497334,43.141068552786614],[-77.60306920596085,43.141086559468391],[-77.603205577814975,43.141128781148623],[-77.603342948011047,43.141171310975515],[-77.603482359924172,43.141214473842318],[-77.603619822245463,43.141257032030907],[-77.603758273111978,43.14129989647568],[-77.60388537564944,43.141340294344808],[-77.603886498114875,43.141338283062858],[-77.603897545925307,43.141342260991095],[-77.603975660758664,43.141194710591506],[-77.604457868164701,43.14133984323437],[-77.604568622313863,43.141369512622056],[-77.604591828694694,43.141325261442411],[-77.604617548818297,43.141280166693711],[-77.604507687125974,43.141252046086613],[-77.604134422250965,43.14113879318495],[-77.604200020459444,43.141020481181904],[-77.604249411312907,43.140931401330661],[-77.604299779125952,43.140840559173668],[-77.604303068647368,43.140834548053128],[-77.604374043616843,43.140704868642558],[-77.6044296128876,43.140603339052106],[-77.604483462581257,43.140504948031534],[-77.604859300184827,43.140618623282798],[-77.604971320060542,43.140654955395895],[-77.605003701247881,43.140593111259811],[-77.605043792168161,43.140520399519296],[-77.604929320448491,43.140488288130975],[-77.604130910353376,43.140248728388087],[-77.60427170976871,43.139996161579148],[-77.604317578815198,43.139913881167807],[-77.60460097879222,43.139998966168001],[-77.604644974172999,43.139916292423578],[-77.604690615518408,43.139830527138173],[-77.604577140269626,43.139796685682036],[-77.604620357100814,43.139717808521006],[-77.604623621071752,43.139711852082051],[-77.604669771282332,43.139627622351576],[-77.604683181654238,43.139603147894988],[-77.604715625136691,43.139543931071096],[-77.604802507474133,43.139571337349821],[-77.604847943714333,43.139486763873201],[-77.604892409362407,43.139404001329424],[-77.604940006518206,43.139315407210319],[-77.604864620379786,43.139292766757812],[-77.604909918660354,43.139209348796641],[-77.604957827233108,43.139125573263996],[-77.60496544501801,43.139127866337915],[-77.605006254015507,43.139054542311825],[-77.605049135779453,43.138977492167292],[-77.605103860917936,43.138879162320457],[-77.605095845884961,43.138876729932832],[-77.605143801732893,43.138790187584398],[-77.60521388101607,43.138811198178296],[-77.605417670774727,43.138872296824545],[-77.605463996592533,43.138790667964756],[-77.605815265890783,43.138894311007753],[-77.605913637521823,43.138927566722636],[-77.605949702847994,43.138860962142203],[-77.606159802250048,43.138927437900591],[-77.606220032687148,43.138941479225267],[-77.606280400226495,43.138946912419073],[-77.606839710987373,43.138929742971733],[-77.606838439243631,43.138855486614418],[-77.60682016557999,43.138540218209428],[-77.606997510638621,43.138537289355092],[-77.60718428819311,43.138530987632663],[-77.607374191774881,43.138524364803409],[-77.607434974148944,43.138522244860155],[-77.607563306962462,43.138517769141622],[-77.607748670951395,43.138511304112654],[-77.607937251264033,43.138505564738878],[-77.608125045689519,43.138499849861667],[-77.608310781413479,43.138494196347253],[-77.608685509906721,43.13848236345212],[-77.608807847810297,43.138478500497094],[-77.608875950209608,43.138476368322891],[-77.609059605021841,43.138470620254431],[-77.609245420600161,43.138464803870718],[-77.60943702734113,43.138458806935937],[-77.609620629201572,43.138453058416026],[-77.609809515530557,43.138447145725948],[-77.609998608450297,43.138441225479696],[-77.610188075195708,43.138435293697611],[-77.610200773040177,43.138434896701455],[-77.610216649186398,43.138745481296468],[-77.610220725961881,43.138825888069228],[-77.610314017097053,43.138823021390557],[-77.610409619332302,43.138820065367462],[-77.610405872452702,43.138741706603291],[-77.610387349544752,43.138423327416717],[-77.610403077129902,43.138423798726073],[-77.610577000391771,43.138418492968732],[-77.610764319845529,43.138412777821095],[-77.61095259236042,43.138407033559467],[-77.611138303173405,43.138401367139885],[-77.611324588275394,43.138395682793302],[-77.611511955587304,43.138389964127256],[-77.611659571490989,43.138386581982857],[-77.611888693410762,43.138378468168348],[-77.612075231748832,43.138372773947218],[-77.612261830280701,43.138367079932713],[-77.612449952545646,43.138361336431821],[-77.612639974785523,43.138355536727204],[-77.612822605990544,43.138350734418211],[-77.61271164202175,43.136798384814952],[-77.611827121684755,43.136833563872749],[-77.610692463150798,43.136862398882805],[-77.610663777423881,43.13631279258756],[-77.610650536335228,43.13631329213824],[-77.610564139767604,43.135751527053898],[-77.610897728160012,43.135740496520206],[-77.611052591451681,43.13573537549707],[-77.61119222616334,43.135730757694859],[-77.611280401291665,43.135727841350118],[-77.61139150223822,43.135724168209684],[-77.611498162411536,43.135720639976647],[-77.611584379672422,43.135717788683202],[-77.611664131872089,43.135715152472102],[-77.61174864833508,43.135712355924035],[-77.611856502588026,43.135708788887378],[-77.612046724807115,43.135702496757425],[-77.612345306638062,43.135692620398693],[-77.612497272325186,43.135687593451784],[-77.612643985548019,43.135682739583217],[-77.612791072604665,43.135677873394641],[-77.612943187835214,43.135673489848884],[-77.61309538150384,43.135668264201939],[-77.613245390978051,43.135663114351573],[-77.613391506845218,43.135658096928545],[-77.613544028800703,43.135652859965028],[-77.613536242198933,43.135540547510992],[-77.613525894153909,43.135391287252475],[-77.613736182671744,43.135384656500008],[-77.613863112125145,43.135382361838388],[-77.613838943231329,43.135307298465385],[-77.613642117854283,43.13457441983337],[-77.613271312565274,43.132982299300949],[-77.61325600352113,43.13285458490504],[-77.613249430668816,43.132722143039352],[-77.613258563455034,43.132558966408432],[-77.613278276307241,43.132393135739726],[-77.613322539843324,43.132214480463063],[-77.613361003600033,43.132076932031936],[-77.613403536017699,43.131948678184585],[-77.613455977073343,43.131830455256221],[-77.61353365097321,43.131700784404885],[-77.613661099121188,43.131507727283093],[-77.613550731742237,43.13146282276459],[-77.613196712693139,43.131334688979358],[-77.613194845356034,43.131302367633111],[-77.613187453069841,43.131179637980509],[-77.613182100128782,43.131090789335786],[-77.613177945873517,43.131021824037973],[-77.613169956536154,43.130889206283932],[-77.613169342283456,43.130865707382789],[-77.613319515593531,43.130918892009234],[-77.613427417598302,43.13095710645063],[-77.613509964996041,43.130834037390514],[-77.613713369751522,43.130530777217871],[-77.614141770124021,43.130577247224657],[-77.614262572469642,43.130596603447884],[-77.614304121118892,43.130533663072576],[-77.614565292741858,43.13012469232703],[-77.61417148766823,43.130083284287402],[-77.614021917911501,43.130066907786698],[-77.613920914482691,43.13005584855334],[-77.613916451784036,43.129971968338268],[-77.614104061012753,43.129963450589152],[-77.614290867031301,43.129954970738254],[-77.614477536485339,43.129946496627205],[-77.614555555032538,43.129942955234078],[-77.614682919463647,43.129940496797452],[-77.614953730020062,43.129516421649122],[-77.615190169373108,43.12909330443599],[-77.615069742818292,43.12909633885473],[-77.614704647075058,43.129112523136641],[-77.614518006728986,43.129120795329435],[-77.614332661402358,43.129129009772008],[-77.614142365739752,43.129137444832232],[-77.61395673744515,43.129145671571557],[-77.613770114109201,43.129153943588086],[-77.613581370432613,43.12916230805029],[-77.613395124606512,43.129170561050358],[-77.613021193821353,43.129187132251083],[-77.612992996622296,43.128871408346484],[-77.613230103110126,43.128861755390488],[-77.61372627687328,43.128838574316937],[-77.61375787477202,43.128837098446773],[-77.61392365705494,43.128829352907125],[-77.61408515303863,43.128821806662707],[-77.614252307836267,43.12881399665882],[-77.614459894080269,43.128805989588265],[-77.615040123673225,43.128786881233239],[-77.615321728831489,43.128860973054827],[-77.615364657059715,43.128786625208186],[-77.615403240524742,43.128712128066489],[-77.615282412399168,43.128683396590795],[-77.614724307608569,43.12852849675636],[-77.61488043388583,43.128227087257159],[-77.615019450492198,43.128265691396344],[-77.615021254262544,43.128262211276947],[-77.615071675272475,43.128164903132593],[-77.61512488615152,43.128062205811837],[-77.615176361456136,43.127962862238583],[-77.615595652935454,43.128078554307272],[-77.615714215691185,43.128111684361379],[-77.615753911233639,43.128035037873566],[-77.615792009740176,43.127961072093889],[-77.615675084544222,43.127930886043828],[-77.615254551142129,43.127814665254732],[-77.615361254091624,43.127611378294368],[-77.615415225519286,43.127508553135783],[-77.615276063203197,43.127469539561389],[-77.615135810900142,43.127430217735437],[-77.615295234238417,43.127125631779428],[-77.615992585400647,43.127322852384836],[-77.616105241592336,43.127352944412358],[-77.616142980478585,43.127279674003084],[-77.616185272316869,43.127199170439795],[-77.616074355882134,43.127169202119738],[-77.615655793392122,43.127052350430645],[-77.615708356899987,43.126951925688481],[-77.615762097478637,43.126849246930078],[-77.615815684450851,43.126746867504494],[-77.615841189231801,43.126698137869234],[-77.615869493049189,43.126644060541537],[-77.616009976357546,43.126683301508542],[-77.616061961539785,43.126584346196459],[-77.616115285772196,43.126482839375562],[-77.616392976226393,43.126561289247022],[-77.616501452849917,43.126597303834181],[-77.616539765492533,43.126524373897652],[-77.616581268623307,43.126444174973038],[-77.616469196124342,43.126410588456814],[-77.616051133953775,43.126292291347561],[-77.616103725172962,43.126191818033867],[-77.616157473063467,43.126089135535928],[-77.616211441260333,43.125986030889614],[-77.616370605284146,43.125681952457441],[-77.616788286269411,43.125799102862601],[-77.616900508210989,43.125827274867177],[-77.616936484039044,43.125757754722407],[-77.616978467396819,43.125679459071222],[-77.616865717203794,43.125652226065931],[-77.616447562187474,43.125532844898181],[-77.616609307318157,43.125225706613939],[-77.616468370979746,43.125186077272751],[-77.616328594700775,43.125146775324794],[-77.616188075927411,43.12510726438996],[-77.616049253157598,43.12506822851126],[-77.616009024823512,43.125145378338374],[-77.615869077761573,43.125105006775414],[-77.615732179556645,43.125065513292583],[-77.61590636342406,43.124722603719775],[-77.615843701630681,43.124724931937408],[-77.615766710335478,43.124878300257166],[-77.615664232796732,43.125077831889051],[-77.615524618505177,43.125039684355706],[-77.615514692861652,43.125058907391626],[-77.615370135279917,43.125029529687225],[-77.615281400811014,43.125200607421554],[-77.615188850970554,43.12517478591699],[-77.615249293161455,43.125050538224045],[-77.615221460683813,43.125045129410786],[-77.615293714577689,43.12489302123813],[-77.615360498553812,43.124800587178576],[-77.614529253415483,43.124853696147589],[-77.614284363843709,43.124869341393449],[-77.614133643791632,43.12487493941773],[-77.614063198396281,43.125016157432526],[-77.613441925143903,43.126160511127665],[-77.613023520197714,43.126783159759533],[-77.609645900648417,43.125583907528018],[-77.609825253439439,43.125168145058637],[-77.608803741732245,43.125209308843665],[-77.608574885771148,43.125634449094584],[-77.608495828299155,43.125637569785702],[-77.608309611739813,43.125644921797004],[-77.608277914087424,43.125226071299174],[-77.608268710635443,43.125092601073668],[-77.608046086306516,43.125100858520341],[-77.60795931759732,43.125104076042419],[-77.607855152313519,43.125107816713324],[-77.607859283550923,43.125239784540121],[-77.607858326683768,43.125326141138309],[-77.607845990220767,43.125427782935063],[-77.60782160656666,43.125528250804294],[-77.607793547576193,43.125607264024779],[-77.607768128349065,43.125664389445028],[-77.607637787384306,43.125668319007289],[-77.607411195594594,43.125675151509],[-77.607188675983537,43.125681861673179],[-77.607178576545095,43.125682166185328],[-77.606965643741731,43.125664239755736],[-77.606927752025982,43.125275106683567],[-77.606912771673038,43.125141644665632],[-77.606657046828175,43.125150823161675],[-77.606584979972169,43.125153410790134],[-77.606482106736877,43.125157268361498],[-77.606477928541921,43.125291479643693],[-77.606467956628009,43.125413208216415],[-77.606452037305814,43.125502764102443],[-77.606424275511202,43.125605697216564],[-77.606385089726672,43.125710842631044],[-77.606253833588596,43.125715430732903],[-77.606028392300558,43.125723310924172],[-77.605805594696974,43.125731097135031],[-77.605797391803947,43.125731383521938],[-77.605587012047195,43.125712976741006],[-77.605546843573094,43.125320657847716],[-77.605536155352951,43.125192742315981],[-77.605288013086039,43.125202048264299],[-77.605191864788324,43.125205653400272]]]},"properties":{"OBJECTID":155,"Beat":"265","Section":"Goodman","Section_Num":5,"Supervisor_Name":"Capt. Jason Elwood","Note":"In case of emergency call 911.","Color_Code":4,"Shape.STArea()":31543104.167411316,"Shape.STLength()":50157.820677246564,"ID":265,"Office_Address":"630 N Clinton Ave, Rochester, NY 14605","Office_Phone":"(585) 428-9805","Email_Contact":"","Office_Hours":"8:00am - 4:00pm"}},{"type":"Feature","id":156,"geometry":{"type":"Polygon","coordinates":[[[-77.586372454379685,43.142388706293332],[-77.586187695201431,43.142291077348112],[-77.582275415843327,43.142650285370983],[-77.581544091159444,43.142734119377963],[-77.580512591236896,43.142830038573521],[-77.578761830404716,43.142977516479917],[-77.575212309426959,43.143310668279931],[-77.574806713528744,43.14401461100077],[-77.574637653145714,43.144312536230956],[-77.574271495661435,43.144960951774927],[-77.573210404304774,43.146823182033295],[-77.571699650533574,43.14951998495961],[-77.57115037057406,43.150546438833906],[-77.570616365413244,43.151568564725999],[-77.569724647373334,43.153274830173643],[-77.569865351894535,43.153254426642391],[-77.570819635752059,43.153770572922156],[-77.572005227065191,43.154413248969995],[-77.573305915358802,43.155119018193417],[-77.573579714573953,43.155267580603372],[-77.57429277182095,43.155654478692846],[-77.574327010040534,43.155566218188106],[-77.575351328986272,43.156126425176431],[-77.575924068263646,43.156080955821963],[-77.577337298440739,43.156043996120879],[-77.577506415312072,43.156039135948596],[-77.577971970661423,43.156025754759554],[-77.578778491891171,43.15460656416478],[-77.578844033501639,43.15448779486524],[-77.578978428176313,43.154244256765388],[-77.579049100009783,43.154112710329713],[-77.579148887069977,43.154143614157668],[-77.579263326443396,43.154177896111662],[-77.57919593948624,43.154305436039458],[-77.578944951211781,43.154747573854081],[-77.579321546331244,43.154843588954037],[-77.579363820865012,43.15475627871222],[-77.579368197922179,43.154757409930845],[-77.579653412250067,43.154831194319335],[-77.579651224724898,43.154835036865116],[-77.580007963774378,43.154923054818006],[-77.580161427058428,43.154604294984196],[-77.580224576936672,43.154473729671999],[-77.580322329135683,43.154503727965249],[-77.580403880313781,43.154527764543282],[-77.580336990389,43.154659691531336],[-77.580048423265936,43.155259334790728],[-77.580368843829177,43.155355519937025],[-77.58061077897527,43.155428143868384],[-77.58063353100745,43.155427961602896],[-77.580631896720931,43.155396317949176],[-77.58064112988896,43.155376735521891],[-77.58081854350975,43.155404702209481],[-77.580890617124439,43.155251406192541],[-77.58101248926846,43.155287291713364],[-77.581114142435027,43.155097739228857],[-77.581147129241828,43.155036227803663],[-77.581288832724155,43.155079237873132],[-77.58125871617986,43.155143809857854],[-77.581113346418022,43.155455495577627],[-77.581256758958673,43.155480204864382],[-77.581405313865844,43.155505799766189],[-77.581556284308036,43.155531810801364],[-77.581699172426013,43.155556430325447],[-77.581756292620568,43.155435588160294],[-77.581807229494473,43.155327828040249],[-77.581948505320753,43.155365171468304],[-77.582087823701599,43.155401998896075],[-77.582174301814618,43.155219337602709],[-77.582230595718187,43.155089608667858],[-77.58235136472527,43.155126818065504],[-77.582459685555676,43.15515953549987],[-77.582404766795008,43.155291141733002],[-77.582119863131709,43.155901661191997],[-77.582438450975886,43.155891624957675],[-77.582537497217842,43.155680110334288],[-77.5826122617799,43.155699141326302],[-77.582628244478897,43.155666380753019],[-77.582832605720412,43.155723345004837],[-77.583504035361258,43.155700129276241],[-77.583415437216573,43.155860838553586],[-77.583711541827498,43.155851506940401],[-77.583890247289219,43.155845873144997],[-77.583975970314228,43.155843172515176],[-77.584123919838177,43.155838509231849],[-77.584146882685943,43.155789403780986],[-77.584194546667817,43.155691581616026],[-77.58432842501108,43.155734681612103],[-77.584749524897049,43.155867311058955],[-77.584817540564913,43.155886767796162],[-77.584753129874457,43.156006320020452],[-77.584619835613765,43.156253287912534],[-77.584961855402369,43.156359402997424],[-77.58498387379862,43.15631866073614],[-77.585049533359737,43.156338924032262],[-77.585188440254967,43.156381792344582],[-77.585328182963494,43.156424917126664],[-77.585466946284626,43.156167296675115],[-77.585508559559017,43.156085839422047],[-77.585591599718114,43.156111642421386],[-77.585685874555836,43.156139251854377],[-77.585642795681295,43.156222457126319],[-77.585504574938525,43.156478734064756],[-77.5856333020607,43.156517042799273],[-77.58577028039133,43.156557806088685],[-77.585849201802404,43.156581292852294],[-77.585905992426888,43.156598192704529],[-77.58595754885998,43.156502376926845],[-77.586042998279467,43.156343573612389],[-77.586086251509755,43.156260052850243],[-77.586615802913187,43.156420660957004],[-77.58673371153975,43.156455421144834],[-77.586668152891406,43.156576120260269],[-77.585826289510436,43.158144325371339],[-77.586727273102667,43.15841446214224],[-77.587262068738653,43.158574802346649],[-77.588020785406698,43.158802272426307],[-77.588470075789942,43.158936970638756],[-77.588725104791166,43.159013426063545],[-77.589063751103538,43.158426150720032],[-77.589911991658497,43.158678609860203],[-77.590135684511552,43.158289368162585],[-77.589414394452731,43.158068623057375],[-77.589527367582136,43.157866743636902],[-77.590251769753351,43.158087368320849],[-77.590483834082875,43.157683553674531],[-77.590529088802583,43.157600724643217],[-77.590636722708098,43.157634031484704],[-77.592018411728318,43.158052115214154],[-77.591974186550601,43.158136317511271],[-77.591879778433977,43.158302210251918],[-77.592064661217762,43.158358137640775],[-77.592165974592746,43.158388785882394],[-77.592211784691031,43.15830678736198],[-77.592287535417185,43.15832878753708],[-77.592329178984315,43.158243620279684],[-77.592370541420081,43.158158874551397],[-77.592750228039449,43.158274824511018],[-77.592798951459031,43.158186277925722],[-77.592719549753738,43.158166045918911],[-77.592344663909799,43.158052777643107],[-77.592414555491899,43.157929520328004],[-77.592474556910787,43.157823703649463],[-77.592532362146912,43.157721762959781],[-77.592481851058906,43.15770772841767],[-77.592522794336432,43.157626971256285],[-77.592576021567552,43.157521985220782],[-77.592612038014636,43.157450945918505],[-77.592399491992424,43.157392875045261],[-77.592497159747154,43.157225663420327],[-77.59255680924521,43.157123538841439],[-77.592561553856996,43.157115417174118],[-77.592702066254503,43.156873331047592],[-77.59263209950889,43.156852341712657],[-77.592828980896115,43.156496972628908],[-77.592900699731103,43.156517639447799],[-77.593105678925355,43.156119242444738],[-77.593694423661248,43.154974930644315],[-77.594294137027958,43.155126673632004],[-77.594371463868441,43.155145895527362],[-77.594413894811481,43.155058093160392],[-77.594458131992084,43.154972033818247],[-77.594343218131101,43.154943757202318],[-77.593863706250531,43.154822605851734],[-77.594036087910879,43.154487499772884],[-77.59398292410701,43.154472884843841],[-77.594008713784689,43.154422485785048],[-77.5941591650856,43.154128460943703],[-77.594135189812278,43.154121425845808],[-77.594213542626093,43.153971301946427],[-77.594188678641771,43.153963417515349],[-77.594266300980593,43.153813662631627],[-77.594359285283218,43.153634273592154],[-77.594444828998235,43.153469237316045],[-77.595022939108858,43.153625498576645],[-77.595087356120573,43.153500565619723],[-77.594506100072465,43.153347546917807],[-77.594710542987571,43.152950505023853],[-77.593824559874619,43.152699392283594],[-77.593965205392706,43.152433617521645],[-77.594029073394267,43.152312970610161],[-77.594038647772479,43.15229488252151],[-77.594115684904651,43.152162849729471],[-77.595102155179802,43.152441860429782],[-77.595189226946474,43.152303770815195],[-77.595261760720803,43.152188741316806],[-77.595682029008444,43.152322821299634],[-77.59579835212655,43.15235722991423],[-77.595824910917329,43.152304576730764],[-77.595863058573556,43.152233227065935],[-77.59575260089413,43.152198016684224],[-77.595344199010725,43.152067828258524],[-77.59542227177316,43.151906649636508],[-77.595379791378662,43.151893876637502],[-77.595407221964223,43.151847103800243],[-77.595278578007239,43.151809657420664],[-77.595323779221161,43.151718556049879],[-77.595176309359886,43.151672140589874],[-77.595001574372162,43.151617143011563],[-77.594859614859814,43.151913352471269],[-77.594342141749507,43.151748389576767],[-77.594562905181533,43.151342263044512],[-77.594434312088922,43.151302903287146],[-77.594550633204022,43.151089581177935],[-77.595140641584877,43.151262510585319],[-77.596098874207073,43.151538501687575],[-77.596217750008307,43.151570063956193],[-77.596236879904538,43.15153404747317],[-77.596264763644015,43.151480075155717],[-77.596145351131256,43.151447646839493],[-77.594719845617462,43.151035380405425],[-77.59402141550018,43.150819890959042],[-77.594009175152124,43.15083688209193],[-77.593712053031453,43.150743695644422],[-77.593837069857514,43.150524451608412],[-77.593710037523053,43.150486028109725],[-77.593583978004276,43.150447899140552],[-77.593654791949447,43.150321172406933],[-77.59361558852811,43.150309296664716],[-77.593688332947252,43.150178730267328],[-77.59362101668961,43.150158887864606],[-77.59367464070499,43.150064970429369],[-77.59372704234741,43.14997319560721],[-77.59378110377439,43.149878512254524],[-77.593834537516713,43.149784927057581],[-77.593945641544963,43.149825995111307],[-77.593979849437787,43.149766155790047],[-77.59401985914667,43.149696166769736],[-77.594078182649142,43.149594144110395],[-77.594081635192893,43.149588103198127],[-77.594600076629419,43.149750859451665],[-77.594450611680116,43.150013200352838],[-77.594531024001654,43.150041127383155],[-77.594619393053904,43.15007326571321],[-77.594742643577248,43.149860115765037],[-77.595133598676028,43.149183961833835],[-77.595164116148538,43.149192840975367],[-77.595865351026788,43.147966171641592],[-77.5959295337924,43.147950994159139],[-77.596723286242394,43.148407123570884],[-77.597508803502905,43.148858512698389],[-77.597629246097924,43.148914399780097],[-77.597671685358264,43.148836604294956],[-77.595832897810453,43.147776078343455],[-77.595751569043301,43.147729165960897],[-77.59570243803168,43.147822674912824],[-77.595599658695292,43.148002748521868],[-77.595515245403618,43.148150643692063],[-77.595159299041455,43.148040184645922],[-77.595090612389654,43.148104294004312],[-77.594947176098799,43.148059499176924],[-77.594806581339952,43.148019498737916],[-77.594879729317796,43.147892243148213],[-77.59490379820457,43.147850371602104],[-77.594893330830089,43.147844592976597],[-77.594777975253933,43.147780917258679],[-77.594609017189811,43.147687651306924],[-77.594519919457355,43.147638468186479],[-77.594729597745172,43.147268150428062],[-77.594781070850217,43.147169357402809],[-77.594688447393779,43.147115932036058],[-77.59459750753642,43.147064158558706],[-77.594547503789556,43.147153771633633],[-77.594436027410865,43.147351879633263],[-77.594059976964232,43.147234204935138],[-77.593928444224005,43.147193045833035],[-77.59381223919786,43.147157396782838],[-77.593868307135125,43.147056820157559],[-77.593755266458032,43.147021955461227],[-77.593633410866602,43.146984373292284],[-77.593467163562323,43.14693309876872],[-77.593637496269466,43.146632108756442],[-77.593685856717599,43.146544356918795],[-77.593604930533189,43.146498144120699],[-77.593531445100425,43.1464560140112],[-77.593482676201845,43.146543241950802],[-77.593342012871204,43.146797070047612],[-77.593112612291137,43.146727363884025],[-77.592976107433927,43.146687943894634],[-77.592930798139406,43.146769086664939],[-77.592777930034202,43.146722379213358],[-77.5928307410759,43.14662289020734],[-77.592693888375166,43.146580598917687],[-77.592421487587927,43.146496416021137],[-77.592527759289311,43.14630284587065],[-77.59239924083694,43.146263858924669],[-77.592546084444521,43.146008120410286],[-77.592600696622696,43.14591629496816],[-77.592520671869366,43.145869707532491],[-77.592399272149024,43.145801277253533],[-77.59234604123013,43.145893808598693],[-77.592112324056188,43.146299366220724],[-77.591645437634384,43.146157104081887],[-77.591674999796226,43.146129667388152],[-77.591784457880323,43.146028082736898],[-77.591654398384634,43.145951787419285],[-77.591420645801335,43.145814660365829],[-77.591719882111789,43.145535132771073],[-77.591794672722074,43.145460472467285],[-77.591720454796004,43.145418635499688],[-77.591642751180274,43.145374478229385],[-77.591571087521629,43.145451217936014],[-77.591269876006095,43.145732987452952],[-77.591020091465495,43.145589050277749],[-77.590900695750761,43.145518771530135],[-77.590766561838549,43.145441417259313],[-77.590650470873371,43.145373816129862],[-77.59053643960965,43.145307411982351],[-77.590835236305907,43.145026351669962],[-77.59091205780156,43.144955972776323],[-77.590827780636175,43.144907422694622],[-77.590751092990928,43.144863691310313],[-77.590676795415447,43.144940061945185],[-77.590426848085599,43.145174680969589],[-77.590225503957896,43.145059809546652],[-77.590082057604036,43.144978103212374],[-77.590072542468164,43.144972868914209],[-77.58995594831292,43.144906456338035],[-77.589840984218327,43.144840972373515],[-77.589767598820899,43.144799171072023],[-77.589804127865747,43.144731347864983],[-77.58965316670708,43.144688499231108],[-77.589638169780443,43.144716599317405],[-77.589500162755328,43.14464124070696],[-77.589351744821485,43.144560196003368],[-77.589219864117894,43.144488182212307],[-77.589376376206289,43.144192103117781],[-77.58942379141817,43.14409443032774],[-77.589364226761546,43.14405993851242],[-77.589174619435553,43.143953346167166],[-77.588290787916748,43.143462768293226],[-77.588207974358866,43.143415184087317],[-77.588164503437767,43.14350287806046],[-77.588023451864103,43.143767449825766],[-77.587536869674295,43.143624593568887],[-77.587521408824401,43.143600348752678],[-77.587494160291854,43.143557617089392],[-77.587551018218079,43.14350520967028],[-77.587429864470465,43.143433083731033],[-77.587423120211056,43.143433025924701],[-77.587422596118557,43.143425630037356],[-77.587272384832502,43.143379295712506],[-77.587147587739736,43.143340798845784],[-77.587320650022633,43.143021817671787],[-77.587372114198971,43.142934910134052],[-77.587279865499966,43.142881905089418],[-77.587213941121803,43.142846005622019],[-77.586372454379685,43.142388706293332]]]},"properties":{"OBJECTID":156,"Beat":"245","Section":"Goodman","Section_Num":5,"Supervisor_Name":"Capt. Jason Elwood","Note":"In case of emergency call 911.","Color_Code":1,"Shape.STArea()":27551602.89807146,"Shape.STLength()":33437.003798894075,"ID":245,"Office_Address":"630 N Clinton Ave, Rochester, NY 14605","Office_Phone":"(585) 428-9805","Email_Contact":"","Office_Hours":"8:00am - 4:00pm"}},{"type":"Feature","id":157,"geometry":{"type":"Polygon","coordinates":[[[-77.589551441801987,43.135796426767108],[-77.584287967590569,43.135985015433292],[-77.582435917363981,43.136081092791436],[-77.582993697401079,43.135550467868313],[-77.584439252373315,43.135057056256272],[-77.584983977668159,43.134159120770654],[-77.583056685613357,43.134439923822491],[-77.582790950639037,43.13391873315188],[-77.582721485016762,43.133779335777199],[-77.579698209620815,43.134792574480066],[-77.579740970681385,43.134854606144721],[-77.579252283485189,43.135013401345461],[-77.579247219649673,43.1350048250493],[-77.578893013502778,43.134404888414785],[-77.575899892810796,43.135393751568884],[-77.575481290861674,43.136103731373893],[-77.575165249583989,43.135816003907962],[-77.569861973397821,43.136001947759276],[-77.567302916913931,43.136088549092221],[-77.56624816619626,43.1361290877363],[-77.565684264770638,43.136152684589398],[-77.561728973163724,43.136277021060472],[-77.560647237923504,43.136311000082522],[-77.560511487048046,43.136315264134062],[-77.560158326822332,43.136327493975962],[-77.555429966990445,43.136488668210575],[-77.551854240575409,43.136609830836726],[-77.549173007514796,43.136690680617001],[-77.549165729515906,43.138118899888106],[-77.549149630837775,43.14182597360081],[-77.548027173578049,43.141477429730116],[-77.546359092024787,43.144373735094476],[-77.552061642312125,43.146216530918942],[-77.556654889211927,43.147700625539535],[-77.559955032445231,43.148763283510718],[-77.561326907326901,43.149233400317023],[-77.562134618986676,43.149533159673048],[-77.563177042814658,43.149930007005636],[-77.563673308660029,43.150128890709077],[-77.564161437954965,43.1503383317078],[-77.564641215604851,43.150557300193363],[-77.565112631598112,43.150786481211739],[-77.565574758301878,43.151025179782039],[-77.566027594544522,43.151273398705854],[-77.566635459872927,43.151602487799529],[-77.569724648662159,43.153274826584386],[-77.570616859937473,43.151567877771285],[-77.571150865083908,43.150545751876621],[-77.571700145028842,43.14951929799971],[-77.572517626035122,43.148060069560017],[-77.573210898760919,43.146822495066154],[-77.574271498149372,43.144960949996509],[-77.574637653160508,43.144312535330926],[-77.574806712284811,43.144014611889979],[-77.575212309426959,43.143310668279931],[-77.578761830404716,43.142977516479917],[-77.580512591236896,43.142830038573521],[-77.581544091159444,43.142734119377963],[-77.582275415843327,43.142650285370983],[-77.586187695201431,43.142291077348112],[-77.585959347397321,43.142170471067992],[-77.585824612202558,43.142087983744304],[-77.585994371619634,43.141949917851214],[-77.586057894656207,43.141916100237943],[-77.586137995930144,43.141901019274094],[-77.58652532434354,43.141872495974127],[-77.586601314988329,43.141865269795105],[-77.586664135858641,43.141846953921451],[-77.586708022480934,43.141812350967093],[-77.586750790542197,43.141745502127506],[-77.587173153564464,43.141058436423968],[-77.587752915035722,43.140181018845226],[-77.591266069776935,43.140088041489371],[-77.591331284089904,43.139993947330737],[-77.592359034218433,43.13996683421076],[-77.59241198787754,43.139964892090731],[-77.593322728506379,43.139932986000325],[-77.59340662258785,43.139929252446152],[-77.594345146581404,43.139902379230165],[-77.59474950766608,43.139891123602503],[-77.595970208168012,43.139864273206094],[-77.596015124473269,43.139792843115487],[-77.595900873652539,43.13979076881904],[-77.595562592937725,43.139800824796332],[-77.595506626435096,43.139727805553356],[-77.595512427808231,43.139726010284697],[-77.595395350827332,43.139578065741716],[-77.595352465661719,43.139596072482171],[-77.595287924610616,43.139523046599109],[-77.595612146931146,43.139383987604838],[-77.595720886364191,43.139333903520786],[-77.595695410094194,43.139303548467751],[-77.59567290022062,43.139275773711226],[-77.595564667251381,43.139322424356884],[-77.595191128188901,43.1394838731132],[-77.595121077494852,43.139398823630316],[-77.595060416563655,43.139325174003545],[-77.595119088847554,43.139300278770683],[-77.595045432049048,43.139207666333064],[-77.595209755288394,43.139137229215791],[-77.595142145483877,43.139043522240705],[-77.595291159790946,43.138979479942272],[-77.59539439950764,43.138932128408449],[-77.595360636303496,43.138890468445261],[-77.595326988146539,43.138847468205491],[-77.595223764036774,43.138894466945665],[-77.59490533743481,43.139031575635975],[-77.594839642496694,43.138951348932551],[-77.594773375099606,43.138870424110003],[-77.594739982919378,43.138829643939388],[-77.594630108882214,43.138876685503213],[-77.594468001810952,43.138673089144902],[-77.59457532428074,43.138626854744757],[-77.594897961634189,43.138487860567139],[-77.595004053916469,43.138439662656111],[-77.594963145695374,43.138388017327991],[-77.594930468592295,43.138345967839903],[-77.594824804972845,43.138392590481125],[-77.59450267135577,43.138530552707884],[-77.594418007359266,43.138423694881283],[-77.594337328820885,43.138321864709319],[-77.594386430949214,43.138300867692571],[-77.594329261668008,43.138231183410426],[-77.59426971402479,43.138158600680832],[-77.594333761010731,43.138130946463662],[-77.594275452674538,43.138055759441706],[-77.594484483222402,43.137965034612712],[-77.594596708143996,43.137910686074775],[-77.594562005539629,43.137865298230501],[-77.594508968589878,43.137799529497954],[-77.594395443642739,43.137854848804487],[-77.594121038143925,43.137973735527567],[-77.59406633273916,43.137901918295917],[-77.594047848839992,43.137909954562424],[-77.593991089179298,43.137838010610587],[-77.593935760701456,43.137767879355359],[-77.59390336340644,43.137781721128889],[-77.593825534542432,43.137685000316878],[-77.593714456641464,43.137546954705726],[-77.594039556294149,43.137408092237962],[-77.594151484854379,43.137359507186886],[-77.59411610522541,43.137316125240815],[-77.59407900439642,43.13727017550606],[-77.593963830504606,43.137312305176494],[-77.593743676246618,43.137405916032634],[-77.593667564140105,43.137309798670834],[-77.593617652044202,43.137246768776649],[-77.593512995414642,43.137291829922439],[-77.593450020529531,43.137212522507731],[-77.593388626487396,43.137134436770005],[-77.593326349905055,43.137055217243393],[-77.593225883831934,43.13692741964001],[-77.59311896866555,43.136972606711311],[-77.593111862252798,43.136975611201613],[-77.593077047301762,43.136928906774081],[-77.593045085365063,43.136943663951833],[-77.593090077445964,43.136868298267615],[-77.593115285792436,43.136826072306746],[-77.593168181051794,43.136737465907167],[-77.593221640825405,43.136647915582685],[-77.593170433567195,43.136632303585806],[-77.593190445227307,43.136595309456858],[-77.593184714241431,43.136523513232625],[-77.593154736706254,43.136501537081564],[-77.593134754528506,43.136486888434824],[-77.593030872201041,43.136454402192598],[-77.593102213323107,43.136335784317232],[-77.593169073499638,43.136311951126821],[-77.593284816599279,43.136271102720976],[-77.593246280561701,43.136221392862538],[-77.593208853014119,43.136174594747189],[-77.593096597906623,43.13621882551638],[-77.592674683394335,43.136313777330699],[-77.592595286269685,43.136289604271674],[-77.591975422749357,43.136100885583744],[-77.591946223908451,43.136091995402055],[-77.59185330309748,43.136063704267329],[-77.591921295184562,43.135955747676505],[-77.592004896900178,43.135823010354514],[-77.592030590069612,43.135782215603435],[-77.592082681779047,43.135693857478216],[-77.59217992976771,43.135547284638669],[-77.591899962849936,43.135462934938609],[-77.591731645717161,43.135412223209798],[-77.591608135461158,43.135375010673279],[-77.591455666410127,43.135329073608624],[-77.591571057413404,43.135236270281823],[-77.591690352177054,43.135140325754563],[-77.591548804903908,43.135091780248572],[-77.591404748351309,43.135042373849544],[-77.591175712489331,43.134963820861799],[-77.591455087362533,43.134521254281012],[-77.591519704873818,43.134413955477719],[-77.591440515060015,43.13434755439836],[-77.591353911340192,43.134265262106354],[-77.591280750470119,43.134377401696838],[-77.590397479080167,43.135760376642089],[-77.589834142131622,43.135786087752066],[-77.589669844099419,43.135793586190069],[-77.589551441801987,43.135796426767108]]]},"properties":{"OBJECTID":157,"Beat":"255","Section":"Goodman","Section_Num":5,"Supervisor_Name":"Capt. Jason Elwood","Note":"In case of emergency call 911.","Color_Code":2,"Shape.STArea()":44055973.902100347,"Shape.STLength()":39199.260661359389,"ID":255,"Office_Address":"630 N Clinton Ave, Rochester, NY 14605","Office_Phone":"(585) 428-9805","Email_Contact":"","Office_Hours":"8:00am - 4:00pm"}},{"type":"Feature","id":158,"geometry":{"type":"MultiPolygon","coordinates":[[[[-77.569724648632416,43.153274828384468],[-77.568507725890825,43.155549589543682],[-77.568026085198611,43.156486596564008],[-77.567184569206844,43.158024376231928],[-77.566722872975888,43.158887302972815],[-77.566275661135094,43.15972360249922],[-77.564909968464292,43.16223776667016],[-77.564535176522,43.162941976113373],[-77.564001898404115,43.163935267031441],[-77.563498456413626,43.164866057801326],[-77.563556837008633,43.164877209212058],[-77.563622782642483,43.16488431334529],[-77.563691806902412,43.164889386190517],[-77.563781244002016,43.164892583122402],[-77.566466316490263,43.164827631820849],[-77.569701496895718,43.164759259814687],[-77.572928666578576,43.164679062939918],[-77.575385480441284,43.164618062135659],[-77.577865189894965,43.164560638525103],[-77.579686037382174,43.164517269591762],[-77.58122211709167,43.164480661113309],[-77.582124162832983,43.163970672863968],[-77.582214823075688,43.163927564024114],[-77.582317155330813,43.163886959793984],[-77.582521095938773,43.163821520210789],[-77.582756459009161,43.163888681029022],[-77.583097433672904,43.163986784543468],[-77.58352002783711,43.164108369268007],[-77.58370158667627,43.16376527696562],[-77.583697847639186,43.16376418929562],[-77.583741491532408,43.163680391196117],[-77.583746786874428,43.163681962351433],[-77.583809204063414,43.163582057668854],[-77.583666655461897,43.163533837687432],[-77.583464728694068,43.163465532493291],[-77.583512089371766,43.163379666862923],[-77.5835886239812,43.163240905588395],[-77.583640880625268,43.163146162895252],[-77.583239485020755,43.163007718288398],[-77.583100671873041,43.162970558241931],[-77.583123647248811,43.162928894879585],[-77.583190639307887,43.162810888481438],[-77.583321664739501,43.162851652143516],[-77.583531366951007,43.162923740548891],[-77.583627649383629,43.162768640884487],[-77.583855857772974,43.162848245699394],[-77.583886853690458,43.162798598425361],[-77.583944188712778,43.162706760691968],[-77.583962936696324,43.162676730941513],[-77.583907810822382,43.162636529360597],[-77.583696951997041,43.16256753352431],[-77.58366035908486,43.162474086634909],[-77.583670180938128,43.162478213323084],[-77.583698570609272,43.162475203667],[-77.583726975354196,43.162546159352935],[-77.583833817978174,43.162581011253316],[-77.583936596058194,43.162614538503639],[-77.583979742599197,43.162652005131768],[-77.584017494021865,43.162595203763694],[-77.584138443812236,43.162638888652765],[-77.584209134533637,43.162664421848575],[-77.584240591772314,43.162675783965945],[-77.584264642581232,43.162652586860489],[-77.58441343586027,43.162509074781319],[-77.584522951329461,43.162342450684086],[-77.584693762387417,43.162172714044601],[-77.584750886288447,43.162135702547573],[-77.585330326998616,43.162003997538442],[-77.58529805047462,43.161986469604557],[-77.58570624766061,43.161897167320006],[-77.586437629879228,43.162293992610934],[-77.586690380240185,43.162432947739703],[-77.586784595489306,43.162484744216471],[-77.587768248567329,43.163020086274415],[-77.587874906373116,43.16279728686245],[-77.588146614284938,43.162745184973545],[-77.588966224190401,43.162591270166594],[-77.589347085454406,43.16270674287604],[-77.589381859532253,43.162648591513296],[-77.589419383928018,43.162585839856227],[-77.589477827950176,43.162488103850023],[-77.589539172503493,43.162385519483493],[-77.589598045872648,43.16228706520468],[-77.589620669198681,43.16224923219616],[-77.589596492973783,43.162190478698562],[-77.589533548506978,43.162037517730774],[-77.589498970835336,43.161953489779201],[-77.589462579617972,43.161865054128121],[-77.589418292724332,43.161757431142334],[-77.589373525718102,43.161648637344996],[-77.589832394597664,43.161548238356467],[-77.589621655241373,43.161042583364484],[-77.5895543721075,43.16089024632042],[-77.589633978947717,43.160873240427406],[-77.589678887178422,43.160862997658135],[-77.589776889385504,43.160841906226935],[-77.589839874530014,43.161006664184526],[-77.589937061581281,43.161239054569187],[-77.590365444382059,43.161143364859178],[-77.590401770868809,43.161230082147036],[-77.590438615173397,43.161318088460014],[-77.590474178983285,43.161403165293379],[-77.590617958956457,43.161371567540719],[-77.590689552717606,43.16135583353914],[-77.590840583759331,43.161322643005242],[-77.590978302893006,43.16165202375602],[-77.59118450699745,43.161606392973276],[-77.591045982372137,43.161277257528553],[-77.591191905124376,43.161244819775199],[-77.591336000036222,43.161212787266464],[-77.591551781140595,43.161164819196571],[-77.5915356579643,43.161124067312549],[-77.591746709046774,43.161075052377683],[-77.59154733454794,43.160595094839714],[-77.591491950372117,43.160472611822406],[-77.591621503899873,43.160444612571283],[-77.591708425551943,43.160425352498436],[-77.591779252296121,43.160565915963026],[-77.592122572266774,43.161397117590056],[-77.59269760570686,43.161267438029142],[-77.592562468527007,43.160939915324988],[-77.592629714568972,43.160925011119936],[-77.592844383128082,43.160877432448885],[-77.593056937392817,43.160830322065877],[-77.593127604340324,43.160782283077104],[-77.593227930126488,43.160714082143791],[-77.593399291129529,43.160766453487923],[-77.593580574460475,43.160821798164214],[-77.593484435462869,43.160540811573135],[-77.593462303390666,43.160545129940971],[-77.593604665648243,43.160453283011051],[-77.593600294407651,43.160442913931931],[-77.593629693398313,43.160434573425377],[-77.593846474149018,43.160500387687662],[-77.593896420076021,43.160415117962856],[-77.594059072492612,43.160137426476531],[-77.59409299433328,43.160082416878573],[-77.594211846934598,43.159869494515206],[-77.594296162053396,43.159721061474393],[-77.594463483567708,43.159428336371825],[-77.593854157026769,43.159246693016208],[-77.593804842204875,43.159130552175419],[-77.593718788617167,43.159104716474509],[-77.593600850671265,43.15906930791337],[-77.59353560607029,43.15904971924521],[-77.593486949787405,43.159035112483394],[-77.593373138404047,43.159000941118855],[-77.593296509988761,43.158977935778566],[-77.593230040680552,43.15895797896988],[-77.593171275719698,43.158940335629424],[-77.593112345588523,43.158922643120086],[-77.593054088516936,43.158905152643577],[-77.593000055645177,43.158888929237243],[-77.592946416807649,43.158872825338534],[-77.592795807535964,43.15882760660368],[-77.592599743787261,43.158768740834049],[-77.592626923907844,43.158717249657862],[-77.592648482274711,43.158676408330855],[-77.59267386622713,43.158628318639487],[-77.592697646805959,43.158583268439948],[-77.592738046345715,43.158506732810331],[-77.592803502273313,43.158382727525492],[-77.592844429116582,43.158302381494316],[-77.592750722358446,43.158274138359545],[-77.592370541420081,43.158158874551397],[-77.592329178984315,43.158243620279684],[-77.592287535417185,43.15832878753708],[-77.592211784691031,43.15830678736198],[-77.592165974592746,43.158388785882394],[-77.592064661217762,43.158358137640775],[-77.591879778433977,43.158302210251918],[-77.591974186550601,43.158136317511271],[-77.592018411728318,43.158052115214154],[-77.590637217045284,43.157633345342482],[-77.590529088802583,43.157600724643217],[-77.590483834082875,43.157683553674531],[-77.590251769753351,43.158087368320849],[-77.589527367582136,43.157866743636902],[-77.589414394452731,43.158068623057375],[-77.590135684511552,43.158289368162585],[-77.589911991658497,43.158678609860203],[-77.589063751103538,43.158426150720032],[-77.588725104791166,43.159013426063545],[-77.588470075789942,43.158936970638756],[-77.588020785406698,43.158802272426307],[-77.587262068738653,43.158574802346649],[-77.586727273102667,43.15841446214224],[-77.585826289510436,43.158144325371339],[-77.58673371153975,43.156455421144834],[-77.586616297299599,43.156419973932316],[-77.586086251509755,43.156260052850243],[-77.586042998279467,43.156343573612389],[-77.58595754885998,43.156502376926845],[-77.585905992426888,43.156598192704529],[-77.585849201802404,43.156581292852294],[-77.58577028039133,43.156557806088685],[-77.5856333020607,43.156517042799273],[-77.585504574938525,43.156478734064756],[-77.585642795681295,43.156222457126319],[-77.585685874555836,43.156139251854377],[-77.585592094098743,43.156110956301227],[-77.585508559559017,43.156085839422047],[-77.585466946284626,43.156167296675115],[-77.585328182963494,43.156424917126664],[-77.585188440254967,43.156381792344582],[-77.585049533359737,43.156338924032262],[-77.58498387379862,43.15631866073614],[-77.584961855402369,43.156359402997424],[-77.584619835613765,43.156253287912534],[-77.584753129874457,43.156006320020452],[-77.584817540564913,43.155886767796162],[-77.584750019299662,43.155866624042453],[-77.584328919417302,43.155733994597412],[-77.584194546667817,43.155691581616026],[-77.584146882685943,43.155789403780986],[-77.584123919838177,43.155838509231849],[-77.583975970314228,43.155843172515176],[-77.583890247289219,43.155845873144997],[-77.583711541827498,43.155851506940401],[-77.583415437216573,43.155860838553586],[-77.583504035361258,43.155700129276241],[-77.582832605720412,43.155723345004837],[-77.582628244478897,43.155666380753019],[-77.5826122617799,43.155699141326302],[-77.582537497217842,43.155680110334288],[-77.582438450975886,43.155891624957675],[-77.582119863131709,43.155901661191997],[-77.582404766795008,43.155291141733002],[-77.582459685555676,43.15515953549987],[-77.58235136472527,43.155126818065504],[-77.582230595718187,43.155089608667858],[-77.582174301814618,43.155219337602709],[-77.582087823701599,43.155401998896075],[-77.581948505320753,43.155365171468304],[-77.581807229494473,43.155327828040249],[-77.581756292620568,43.155435588160294],[-77.581699172426013,43.155556430325447],[-77.581556284308036,43.155531810801364],[-77.581405313865844,43.155505799766189],[-77.581256758958673,43.155480204864382],[-77.581113346418022,43.155455495577627],[-77.58125871617986,43.155143809857854],[-77.581288832724155,43.155079237873132],[-77.581147129241828,43.155036227803663],[-77.581114142435027,43.155097739228857],[-77.58101248926846,43.155287291713364],[-77.580890617124439,43.155251406192541],[-77.58081854350975,43.155404702209481],[-77.58080570510117,43.155402490509985],[-77.580726194473613,43.155390060012088],[-77.58064112988896,43.155376735521891],[-77.580631896720931,43.155396317949176],[-77.58063353100745,43.155427961602896],[-77.58061077897527,43.155428143868384],[-77.580368843829177,43.155355519937025],[-77.580048423265936,43.155259334790728],[-77.580336990389,43.154659691531336],[-77.580403880313781,43.154527764543282],[-77.580322823576253,43.154503040968102],[-77.580224576936672,43.154473729671999],[-77.580161427058428,43.154604294984196],[-77.580007963774378,43.154923054818006],[-77.579651224724898,43.154835036865116],[-77.579653412250067,43.154831194319335],[-77.579368197922179,43.154757409930845],[-77.579363820865012,43.15475627871222],[-77.579321546331244,43.154843588954037],[-77.578944951211781,43.154747573854081],[-77.57919593948624,43.154305436039458],[-77.579263326443396,43.154177896111662],[-77.579149381520637,43.154142927165616],[-77.579049100009783,43.154112710329713],[-77.578978428176313,43.154244256765388],[-77.578844033501639,43.15448779486524],[-77.578778491891171,43.15460656416478],[-77.577971970661423,43.156025754759554],[-77.577506415312072,43.156039135948596],[-77.577337298440739,43.156043996120879],[-77.575924068263646,43.156080955821963],[-77.575351328986272,43.156126425176431],[-77.574327010040534,43.155566218188106],[-77.57429277182095,43.155654478692846],[-77.573579714573953,43.155267580603372],[-77.573305915358802,43.155119018193417],[-77.572005227065191,43.154413248969995],[-77.570819635752059,43.153770572922156],[-77.569865351894535,43.153254426642391],[-77.569724648632416,43.153274828384468]]],[[[-77.570214167340367,43.152339238157353],[-77.570616859937473,43.151567877771285],[-77.569724648632416,43.153274828384468],[-77.570214167340367,43.152339238157353]]]]},"properties":{"OBJECTID":158,"Beat":"225","Section":"Goodman","Section_Num":5,"Supervisor_Name":"Capt. Jason Elwood","Note":"In case of emergency call 911.","Color_Code":3,"Shape.STArea()":20150113.650463074,"Shape.STLength()":30403.77819864573,"ID":225,"Office_Address":"630 N Clinton Ave, Rochester, NY 14605","Office_Phone":"(585) 428-9805","Email_Contact":"","Office_Hours":"8:00am - 4:00pm"}},{"type":"Feature","id":159,"geometry":{"type":"Polygon","coordinates":[[[-77.534210268468428,43.168524746673626],[-77.534185022133087,43.168712893465319],[-77.53371392989024,43.169169040980073],[-77.533386926485164,43.169281347442876],[-77.533245683975409,43.169794510037846],[-77.533403863958142,43.170017416799936],[-77.533577417970648,43.170169316891574],[-77.535634690595515,43.171012952487331],[-77.53566195187824,43.172090599207579],[-77.537874570322487,43.167490638518537],[-77.537994628848836,43.167484112058979],[-77.538699854656542,43.167446738905582],[-77.538919948401343,43.167432722686208],[-77.539272372209766,43.16741464148835],[-77.543466100548784,43.167177798457239],[-77.543717615253158,43.167164382657916],[-77.544639454212529,43.167134149459777],[-77.548110352140043,43.166993605365001],[-77.550131553090807,43.166917868733186],[-77.551270374133651,43.166874999240036],[-77.553417151640915,43.166797955469626],[-77.554122705236239,43.166773001600312],[-77.554721870902625,43.166755070493522],[-77.556728895110268,43.16668330888379],[-77.556783618660191,43.166772970717382],[-77.557469849396412,43.16675648514363],[-77.557073933383762,43.166097869227485],[-77.556664566091783,43.165445646594705],[-77.55629599046631,43.164862039508165],[-77.556370833105575,43.164830487986848],[-77.556440947618171,43.164926947622547],[-77.556505986312587,43.165033225716286],[-77.556899225910371,43.165071621693627],[-77.556926634993019,43.165074298961798],[-77.557077423776249,43.165089021017025],[-77.557224786736285,43.165107333529711],[-77.557244178447604,43.164993902435015],[-77.557263136452704,43.164883014925323],[-77.557281399209103,43.164776190842403],[-77.55742687012112,43.164790757622626],[-77.557575145117653,43.164805605007679],[-77.557727589368412,43.164820870348606],[-77.557797560558754,43.164384934149339],[-77.557808329530971,43.164273110766096],[-77.557898287691245,43.16427860790003],[-77.558006383214405,43.164288506416248],[-77.557988293052617,43.164400830409754],[-77.557933561418466,43.164726529001044],[-77.558085380979279,43.164739654863752],[-77.558232011267449,43.164752331651755],[-77.558377619960012,43.164764919884426],[-77.558530932912049,43.164778174657094],[-77.558679440938164,43.164791013519363],[-77.558822505493737,43.164803381262303],[-77.55887717504811,43.164470964620804],[-77.558889761592965,43.164369397742909],[-77.558981745650158,43.164377820614654],[-77.559074193447046,43.164386016220647],[-77.559060508591685,43.164490039751037],[-77.559006819338776,43.164817203765082],[-77.559311302726314,43.1648447256362],[-77.559456707067056,43.164857868771641],[-77.559607061073919,43.16487145838925],[-77.559757334090989,43.16488504168364],[-77.559898495074137,43.164897800627152],[-77.559952588918989,43.164566525135967],[-77.559966716567629,43.164465132154774],[-77.5600575388914,43.164473182801629],[-77.560155522567825,43.164482153485501],[-77.560140186316204,43.164587309192818],[-77.560086063993353,43.164915487934024],[-77.560241359856235,43.164928458393369],[-77.560385314990015,43.16494048108008],[-77.560534095059481,43.16495290858974],[-77.560688978474047,43.164965845948721],[-77.560835554403127,43.164978086832505],[-77.560980641991492,43.164990205307745],[-77.561035293995786,43.164662869832917],[-77.561049460280245,43.164563994837778],[-77.561141002937731,43.164572375122347],[-77.561236138197373,43.164580133006595],[-77.561221787380035,43.164676227551958],[-77.561168971850279,43.165001897107281],[-77.561317717850059,43.165015501615784],[-77.561466594072243,43.165029117896033],[-77.561609726292374,43.165042141682314],[-77.561616591313253,43.165042768298662],[-77.561765935302475,43.165058209410425],[-77.561914786563221,43.165071712363357],[-77.562062099358812,43.16508507536529],[-77.562210026160713,43.165098494067379],[-77.562358187546494,43.165111934475412],[-77.562398964340687,43.165115634398887],[-77.562505143224612,43.165125264914408],[-77.562555077619322,43.165129794535787],[-77.562650700392709,43.165138469266239],[-77.56273146522949,43.164808055120382],[-77.56275393247077,43.16470390515601],[-77.562822155116308,43.164709468268605],[-77.562894647489244,43.164717316248606],[-77.56296360421365,43.164726505407572],[-77.563023619070094,43.164738015531185],[-77.563498456413626,43.164866057801326],[-77.564001898404115,43.163935267031441],[-77.564535176522,43.162941976113373],[-77.564909968464292,43.16223776667016],[-77.566275661135094,43.15972360249922],[-77.566722872975888,43.158887302972815],[-77.567184569206844,43.158024376231928],[-77.568026085198611,43.156486596564008],[-77.568507725890825,43.155549589543682],[-77.569724648662159,43.153274826584386],[-77.566027594544522,43.151273398705854],[-77.565574758301878,43.151025179782039],[-77.565112631598112,43.150786481211739],[-77.564641215604851,43.150557300193363],[-77.564161437954965,43.1503383317078],[-77.563673308660029,43.150128890709077],[-77.563177042814658,43.149930007005636],[-77.562134618986676,43.149533159673048],[-77.561326907326901,43.149233400317023],[-77.559955032445231,43.148763283510718],[-77.554472639714533,43.146995533276311],[-77.546359092024787,43.144373735094476],[-77.543206295334045,43.150002704140391],[-77.54298789123041,43.150027042960353],[-77.541801328613275,43.150009332831473],[-77.539278502449818,43.154378545926917],[-77.540724022774057,43.154325735886466],[-77.54005179441765,43.155497627298445],[-77.539602524796265,43.156280811670278],[-77.537701231894943,43.159763105954625],[-77.533466705301194,43.167763800076429],[-77.534494031763856,43.167666191227873],[-77.534210268468428,43.168524746673626]]]},"properties":{"OBJECTID":159,"Beat":"235","Section":"Goodman","Section_Num":5,"Supervisor_Name":"Capt. Jason Elwood","Note":"In case of emergency call 911.","Color_Code":4,"Shape.STArea()":52114658.398949027,"Shape.STLength()":35255.188398180086,"ID":235,"Office_Address":"630 N Clinton Ave, Rochester, NY 14605","Office_Phone":"(585) 428-9805","Email_Contact":"","Office_Hours":"8:00am - 4:00pm"}},{"type":"Feature","id":160,"geometry":{"type":"Polygon","coordinates":[[[-77.559291153564615,43.171307330546476],[-77.559265533331072,43.171355523992901],[-77.559291046263965,43.171358651809868],[-77.55923914491801,43.171454176719145],[-77.559886292055083,43.171536444442275],[-77.560041903656199,43.171532757679657],[-77.560080305006238,43.171454457911807],[-77.56016281975343,43.171300532511999],[-77.560622840297441,43.171289112485759],[-77.560615280215814,43.171141053544019],[-77.560765287250319,43.171136867408947],[-77.560918094186704,43.171132488258841],[-77.561063718558998,43.171128266165319],[-77.56121669859057,43.171123829651954],[-77.561366176722757,43.171119494876457],[-77.561514498206108,43.171115193683001],[-77.561664864685227,43.171110833145313],[-77.561814000689964,43.171106508231652],[-77.561828138647982,43.171403464250268],[-77.561831541255145,43.171490339319831],[-77.561946300019727,43.171487618335547],[-77.562069470957894,43.171484387221078],[-77.562062206642253,43.171399037677531],[-77.562046875626152,43.171098402847498],[-77.562196184772745,43.171094533566354],[-77.562341987271964,43.171090756118481],[-77.562492562460321,43.171086853640865],[-77.562645344946944,43.171082894143844],[-77.562794136039258,43.171079037463429],[-77.562943014468473,43.171075178667884],[-77.563093536674245,43.171071277626957],[-77.563242213286372,43.171067423843468],[-77.563392981546571,43.171063515600707],[-77.563539749777178,43.171059711929267],[-77.563695055688569,43.171055685307117],[-77.563843603063958,43.171051833190624],[-77.563857895529381,43.171352364920892],[-77.563863730155916,43.171437308240137],[-77.563956230662868,43.171434880181849],[-77.564054057039257,43.17143278845402],[-77.564051631860124,43.171349736169823],[-77.564035369804785,43.171041196114459],[-77.564184738527331,43.171038314053526],[-77.564335867684292,43.171035400669012],[-77.564487304429264,43.171032479022074],[-77.564486169708843,43.171015806789448],[-77.564631139171752,43.171012701332266],[-77.564636557198696,43.171109379111563],[-77.564786999268705,43.171106524725396],[-77.56497336822386,43.171102989861701],[-77.564982869019559,43.171320593050829],[-77.564989594128718,43.171410733715256],[-77.565100724333703,43.171408023175083],[-77.565216693627633,43.171406374583029],[-77.565207863643977,43.171314101602711],[-77.565193828119916,43.171029464800469],[-77.565570465897537,43.171018734743861],[-77.565943817069538,43.171008096642062],[-77.565959695670628,43.171296973340439],[-77.565965437683445,43.171387745227214],[-77.566054434590541,43.171385290616058],[-77.566152083892646,43.171382225136945],[-77.566147686299701,43.171290907107924],[-77.566132695372431,43.171019185645591],[-77.566507745370771,43.171008963183269],[-77.566506818537874,43.170992181196738],[-77.566696716061216,43.170986463171225],[-77.566882616984898,43.170980865050765],[-77.566897767469172,43.171267860104663],[-77.566904465576584,43.171364173779459],[-77.566992918345647,43.171362414835137],[-77.567091248707456,43.171359955017195],[-77.56708372889733,43.171267044793829],[-77.56706841111486,43.170983040439033],[-77.567406513706302,43.170973020613594],[-77.567758236184929,43.170962595896299],[-77.567772612787579,43.171251414914138],[-77.567769799036753,43.171341953234865],[-77.56785502189463,43.171339540234428],[-77.568640980159927,43.171316670624869],[-77.569472628346901,43.171293513704548],[-77.569669926272283,43.17128885821505],[-77.569662841565076,43.171196546122054],[-77.570137994442788,43.170921539885605],[-77.570142653727601,43.171035700081063],[-77.570292448971415,43.17103125292774],[-77.570292004115132,43.171020740415123],[-77.570448577116849,43.17101532238037],[-77.570446555145423,43.170965616947136],[-77.570602961374561,43.170961499768907],[-77.57060151854553,43.170925637763624],[-77.570773274752113,43.170921058521174],[-77.570942188705587,43.170916555587965],[-77.570939117537264,43.170827299150034],[-77.571093889868251,43.170823942786761],[-77.571251737947932,43.170820518006053],[-77.571253271196767,43.170907604025814],[-77.571418527305923,43.170903410093878],[-77.571587317003122,43.170899127450518],[-77.571603547024594,43.171177713978693],[-77.571609508751536,43.171245698858058],[-77.571685153703214,43.1712441470793],[-77.571763049888304,43.171242336103823],[-77.571758156066608,43.17117267825882],[-77.57174169272335,43.170897157464637],[-77.571890182267609,43.170894223359568],[-77.572111844966713,43.170889845674616],[-77.572113464666486,43.170916979385659],[-77.572271905010183,43.170913075941726],[-77.572430527419073,43.17090916848607],[-77.572445005452806,43.171153803044341],[-77.57245077647228,43.171223191360035],[-77.572516794500913,43.171221311820808],[-77.572592620573872,43.171219289353537],[-77.572586402686355,43.171153496872776],[-77.57256621080839,43.170822766484399],[-77.572711500759169,43.170819342157408],[-77.572865430075254,43.170815714900698],[-77.572867656867388,43.170853190605939],[-77.573033098368228,43.17084907519321],[-77.57316280530091,43.170845848441253],[-77.573158838058191,43.17080621047009],[-77.573235757732789,43.17080496057546],[-77.573311863019256,43.17080372414312],[-77.57336313333397,43.170802818419979],[-77.573488991451896,43.170800591614416],[-77.573603141586545,43.170798574594897],[-77.573598006702795,43.170713862064623],[-77.573906875532501,43.170707061254433],[-77.573917352303752,43.17089981329606],[-77.574064442084989,43.170895391340935],[-77.574077525851635,43.171113436808469],[-77.574079712030283,43.171180385467324],[-77.574107379083657,43.171179782479861],[-77.57427363709624,43.171175797600419],[-77.574269841278607,43.171112182476534],[-77.574249642967573,43.17078256132347],[-77.574383529400748,43.170779518579444],[-77.574519968717411,43.17077641807505],[-77.574654818453894,43.170773353802268],[-77.574791613332536,43.170770243506361],[-77.574785129339787,43.170660466525199],[-77.574778782746066,43.17055302849235],[-77.574777678421185,43.170534339345814],[-77.575026501439794,43.170528504027565],[-77.575035295986197,43.17067084607897],[-77.575041100271662,43.170774495905363],[-77.575046977640483,43.170879460620739],[-77.575052904562313,43.170985301635291],[-77.575058865582591,43.17109176226451],[-77.575065427714847,43.171156825811224],[-77.57524812178319,43.171152447868124],[-77.575362753091596,43.171148654599087],[-77.575440275550065,43.171146746008908],[-77.575437656668967,43.17107991868523],[-77.575419663069184,43.170788754376609],[-77.575546794876288,43.170785650761452],[-77.575737503649663,43.170780994271034],[-77.575801190123869,43.170779438865445],[-77.575796642138783,43.170699762644233],[-77.575833154284126,43.170698921176609],[-77.575834771354465,43.170725043024532],[-77.575923737745853,43.170722717289109],[-77.575930096753837,43.170818075096712],[-77.576058775452978,43.170813942138111],[-77.576182222034362,43.170809977214233],[-77.576197282945799,43.171061065263274],[-77.576199499160808,43.171128048355918],[-77.576316935640605,43.171125155589991],[-77.576395195040931,43.171123078206456],[-77.57638977305507,43.171057475665926],[-77.576373870836875,43.170794068622044],[-77.576491120315225,43.170790466497401],[-77.576708180962953,43.170783797080659],[-77.576770465122877,43.170781883131596],[-77.576761956039974,43.170649845259518],[-77.576885806236504,43.170646068561702],[-77.57697631077653,43.170643308154823],[-77.57701851455603,43.170642021282141],[-77.577134424533227,43.170638485929921],[-77.577269257829897,43.170634374233252],[-77.577427035640483,43.170629561251857],[-77.577577641028938,43.170624967651442],[-77.577597698505073,43.171029987880921],[-77.577708441893051,43.171027466927264],[-77.577689279120548,43.170697318955725],[-77.577823201422461,43.170692668398637],[-77.577968625711748,43.170687616468619],[-77.578089948351703,43.170683403077497],[-77.578221554716123,43.170678831622936],[-77.578227161965131,43.170784550852467],[-77.57823940398184,43.171015379875222],[-77.578242960828391,43.171064570263354],[-77.578712221484523,43.171045707953247],[-77.579089913441038,43.170358335811734],[-77.579206026778252,43.170401876298541],[-77.579664757719584,43.170530697545942],[-77.579778692039042,43.170071704209249],[-77.579785961005797,43.170042823926721],[-77.579825963654585,43.169883375852315],[-77.579825783623221,43.169879348715618],[-77.579812435327355,43.16957985058356],[-77.579521336397534,43.169585003126912],[-77.579566592064836,43.169504701812848],[-77.579613183624943,43.169420094087187],[-77.579748066665303,43.169414648549832],[-77.580030677773493,43.169407390209706],[-77.580027759901782,43.16933906606188],[-77.580024561150282,43.169264160111105],[-77.580017842151435,43.169106867678749],[-77.580165108955541,43.169103288283324],[-77.580318227096711,43.169099566462258],[-77.580466886580311,43.169095952979582],[-77.580452107517047,43.168766384774273],[-77.580129924013946,43.168776048077881],[-77.579966238621765,43.168778959534841],[-77.580017873653631,43.168685191631454],[-77.580119503171645,43.168501908167705],[-77.580160917535039,43.168427332202555],[-77.580287982002673,43.168426226497076],[-77.580731993307879,43.168414674309851],[-77.580729869888756,43.168374949218183],[-77.580727439187356,43.168329499954986],[-77.580725010712655,43.168284065113617],[-77.580719843889369,43.16818740462309],[-77.58071453848946,43.168088164830301],[-77.5808106554462,43.168087442644797],[-77.580836637514082,43.168003597172792],[-77.580869340928189,43.167898059788357],[-77.580901866363206,43.167793096041564],[-77.580938099651533,43.167676166408533],[-77.581148052752937,43.167675072137648],[-77.581140114306251,43.16753788693741],[-77.581001491693002,43.16754357951239],[-77.580964599101421,43.167545093526577],[-77.58079930606884,43.167492962016119],[-77.580700763832326,43.167455180680363],[-77.580810345810121,43.167257841689207],[-77.580848665820412,43.167175504982545],[-77.580975590287309,43.167176032891554],[-77.581344834161087,43.167164772891368],[-77.581343769107747,43.167146645844987],[-77.581337877331791,43.167046355829555],[-77.581332894693929,43.166961544094129],[-77.581326985655593,43.166860957767959],[-77.581484206309156,43.166856965151489],[-77.581467483802669,43.166552613490623],[-77.581312547867654,43.166556816031928],[-77.581176866709725,43.166560322868477],[-77.581222328610536,43.166475708144617],[-77.581267932349718,43.166392414292822],[-77.581403628363887,43.166390608799041],[-77.581760655200739,43.166381722223313],[-77.581758347720452,43.166335762747984],[-77.581744117314031,43.166052369970885],[-77.581898402593197,43.166048696748739],[-77.582047550385468,43.166045145786292],[-77.582088000590446,43.166044181954803],[-77.582096614441809,43.165972618209253],[-77.582109441295216,43.165866051313316],[-77.582125157915172,43.165735472462217],[-77.581770438011901,43.165706738866],[-77.581651784854174,43.165694807094496],[-77.581680091778864,43.165643900969286],[-77.581709442562328,43.165588413108189],[-77.581827502362387,43.165600897731068],[-77.582296317394849,43.165638021727659],[-77.582310635533815,43.165521211313006],[-77.582322585675982,43.165423721230233],[-77.582468529118771,43.165440841091495],[-77.582481559156989,43.165442369250187],[-77.582615534359562,43.165458084375835],[-77.582627652450157,43.1654595055223],[-77.582876714012201,43.165015938439154],[-77.582242033780261,43.164832663198744],[-77.58212728231446,43.164798482348331],[-77.582168379846578,43.164720785541007],[-77.582208185327389,43.164642079122665],[-77.582324779332978,43.164681567214799],[-77.582674810780844,43.164782244695388],[-77.582751331351815,43.164640878803212],[-77.58281321924531,43.164526549326794],[-77.582950636528182,43.164565578866572],[-77.582984629399476,43.164502761563156],[-77.583019010133171,43.164439231104659],[-77.583089159886484,43.164309598803293],[-77.582915293700083,43.164260646790567],[-77.582984053507886,43.164130660330649],[-77.582667347709673,43.164039351699465],[-77.582506665697309,43.163994888309006],[-77.582510675762038,43.163971992449817],[-77.582515489843615,43.163902483801245],[-77.582521095938773,43.163821520210789],[-77.582317155330813,43.163886959793984],[-77.582214823075688,43.163927564024114],[-77.582124162832983,43.163970672863968],[-77.58122211709167,43.164480661113309],[-77.577865189894965,43.164560638525103],[-77.575385480441284,43.164618062135659],[-77.572928666578576,43.164679062939918],[-77.569701496895718,43.164759259814687],[-77.566466316490263,43.164827631820849],[-77.563781244002016,43.164892583122402],[-77.563691806902412,43.164889386190517],[-77.563622782642483,43.16488431334529],[-77.563556837008633,43.164877209212058],[-77.563498456413626,43.164866057801326],[-77.563023619070094,43.164738015531185],[-77.56296360421365,43.164726505407572],[-77.562894647489244,43.164717316248606],[-77.562822155116308,43.164709468268605],[-77.56275393247077,43.16470390515601],[-77.56273146522949,43.164808055120382],[-77.562650700392709,43.165138469266239],[-77.562555077619322,43.165129794535787],[-77.562505143224612,43.165125264914408],[-77.562398964340687,43.165115634398887],[-77.562358187546494,43.165111934475412],[-77.562210026160713,43.165098494067379],[-77.562062099358812,43.16508507536529],[-77.561914786563221,43.165071712363357],[-77.561765935302475,43.165058209410425],[-77.561616591313253,43.165042768298662],[-77.561609726292374,43.165042141682314],[-77.561466594072243,43.165029117896033],[-77.561317717850059,43.165015501615784],[-77.561168971850279,43.165001897107281],[-77.561221787380035,43.164676227551958],[-77.561236138197373,43.164580133006595],[-77.561141002937731,43.164572375122347],[-77.561049460280245,43.164563994837778],[-77.561035293995786,43.164662869832917],[-77.560980641991492,43.164990205307745],[-77.560835554403127,43.164978086832505],[-77.560688978474047,43.164965845948721],[-77.560534095059481,43.16495290858974],[-77.560385314990015,43.16494048108008],[-77.560241359856235,43.164928458393369],[-77.560086063993353,43.164915487934024],[-77.560140186316204,43.164587309192818],[-77.560155522567825,43.164482153485501],[-77.5600575388914,43.164473182801629],[-77.559966716567629,43.164465132154774],[-77.559952588918989,43.164566525135967],[-77.559898495074137,43.164897800627152],[-77.559757334090989,43.16488504168364],[-77.559607061073919,43.16487145838925],[-77.559456707067056,43.164857868771641],[-77.559311302726314,43.1648447256362],[-77.559006819338776,43.164817203765082],[-77.559060508591685,43.164490039751037],[-77.559074193447046,43.164386016220647],[-77.558981745650158,43.164377820614654],[-77.558889761592965,43.164369397742909],[-77.55887717504811,43.164470964620804],[-77.558822505493737,43.164803381262303],[-77.558679440938164,43.164791013519363],[-77.558530932912049,43.164778174657094],[-77.558377619960012,43.164764919884426],[-77.558232011267449,43.164752331651755],[-77.558085380979279,43.164739654863752],[-77.557933561418466,43.164726529001044],[-77.557988293052617,43.164400830409754],[-77.558006383214405,43.164288506416248],[-77.557898287691245,43.16427860790003],[-77.557808329530971,43.164273110766096],[-77.557797560558754,43.164384934149339],[-77.557727589368412,43.164820870348606],[-77.557575145117653,43.164805605007679],[-77.55742687012112,43.164790757622626],[-77.557281399209103,43.164776190842403],[-77.557263136452704,43.164883014925323],[-77.557244178447604,43.164993902435015],[-77.557224786736285,43.165107333529711],[-77.557077423776249,43.165089021017025],[-77.556926634993019,43.165074298961798],[-77.556899225910371,43.165071621693627],[-77.556505986312587,43.165033225716286],[-77.556440947618171,43.164926947622547],[-77.556370833105575,43.164830487986848],[-77.55629599046631,43.164862039508165],[-77.556664566091783,43.165445646594705],[-77.557073933383762,43.166097869227485],[-77.557469849396412,43.16675648514363],[-77.556783619889757,43.16677297072841],[-77.556807885509826,43.166857654960701],[-77.556992721490403,43.167157336895002],[-77.557213579231458,43.167506265815668],[-77.557682760147657,43.168280103399319],[-77.558118819067559,43.168962396513912],[-77.558554921071632,43.169788912467119],[-77.559291153564615,43.171307330546476]]]},"properties":{"OBJECTID":160,"Beat":"215","Section":"Goodman","Section_Num":5,"Supervisor_Name":"Capt. Jason Elwood","Note":"In case of emergency call 911.","Color_Code":1,"Shape.STArea()":14284515.960497458,"Shape.STLength()":25724.560787658273,"ID":215,"Office_Address":"630 N Clinton Ave, Rochester, NY 14605","Office_Phone":"(585) 428-9805","Email_Contact":"","Office_Hours":"8:00am - 4:00pm"}},{"type":"Feature","id":161,"geometry":{"type":"MultiPolygon","coordinates":[[[[-77.549486699595917,43.189912160812185],[-77.549482909127107,43.189854444833628],[-77.549412746687352,43.189915639522241],[-77.549486699595917,43.189912160812185]]],[[[-77.544066322229384,43.195641182647613],[-77.544077274658434,43.195640757350937],[-77.544059648991876,43.195549249402085],[-77.544066322229384,43.195641182647613]]],[[[-77.533441890337286,43.201261757185016],[-77.533443514151301,43.201262354493892],[-77.533667836599932,43.201344665341402],[-77.533672985876933,43.201346544423039],[-77.533702546250126,43.201357330469492],[-77.533858870934125,43.201358762913074],[-77.533859693986855,43.201358770463848],[-77.534065818898426,43.201360660385454],[-77.534418840782308,43.201278153658826],[-77.534623098661143,43.201112824535386],[-77.534727822712284,43.201015871018136],[-77.534825109340076,43.200878191534876],[-77.535148844922745,43.200676530371396],[-77.535374403564944,43.200653634453396],[-77.535763968970073,43.2006644668541],[-77.536148264708331,43.200636511136238],[-77.536353387539023,43.200563748868802],[-77.536410254453116,43.200543577248006],[-77.536856261888857,43.20029126173997],[-77.537006700075111,43.200199664393672],[-77.53719177129004,43.200050947705229],[-77.537212313759511,43.200034441121154],[-77.537521859400243,43.199785698076546],[-77.537771525793076,43.199570116253753],[-77.538069142776095,43.199400073845112],[-77.538371853627837,43.199265481541595],[-77.5383898919427,43.199257462020427],[-77.538780657799705,43.199224342787829],[-77.538884523925262,43.19923314867706],[-77.539387982097452,43.199275831943531],[-77.539557770358229,43.199212997913733],[-77.540092922547558,43.19907035700092],[-77.540606143519852,43.198874842365186],[-77.54072719960692,43.198828724917178],[-77.540742090010042,43.198806691381925],[-77.540885586145535,43.198594356806822],[-77.540926780679001,43.198572653859102],[-77.541017573695441,43.198524819168945],[-77.541110058858209,43.198313304039601],[-77.541180450305433,43.198152318118538],[-77.541530184477082,43.19804487796592],[-77.541791042461341,43.197792315926897],[-77.541962050357938,43.19774405046806],[-77.542208864762998,43.197817148039086],[-77.542789545676555,43.197767806672381],[-77.543131128069149,43.197634457242764],[-77.54328509149552,43.19755415099042],[-77.543721398814668,43.196997609632525],[-77.543665228538671,43.196756434747414],[-77.543655406333826,43.19671426818487],[-77.543742696408984,43.196585489075048],[-77.543755843474358,43.196514072463991],[-77.543770729447473,43.196433209121516],[-77.543845619302573,43.196026401285721],[-77.544050530819362,43.19550191421316],[-77.5440553220201,43.19548964978685],[-77.544136141732821,43.195295319170512],[-77.544674199262758,43.195098201482317],[-77.544811811605342,43.19504778587379],[-77.544809512645372,43.19501612330663],[-77.544799266633504,43.194875005953065],[-77.544794464257848,43.194808865944616],[-77.544694964272296,43.194634717758433],[-77.544849485141256,43.194573931785442],[-77.544827973791882,43.194535858463972],[-77.545014551430569,43.194362981274665],[-77.54495773101678,43.194292324676319],[-77.544888730201151,43.194206523825628],[-77.544808420360354,43.193996454199521],[-77.544784567173195,43.193678758426699],[-77.544585374658269,43.193308403388578],[-77.544453354851512,43.192829709220334],[-77.544189558656683,43.192390531512473],[-77.544140622604132,43.191800430976762],[-77.544095036360616,43.191807152472727],[-77.543873221013328,43.191888436699578],[-77.543860688965779,43.191893029793022],[-77.54383160990659,43.192031848312993],[-77.543919676195031,43.192205433448891],[-77.543929491386649,43.192507132914919],[-77.544044164840074,43.192614098113509],[-77.54376467428996,43.193230100860781],[-77.543761709093687,43.193236633418593],[-77.543788529063676,43.19330255408817],[-77.543932215079892,43.193655718036204],[-77.544303135030859,43.194024487075858],[-77.544348965285153,43.194070049303882],[-77.544512836453663,43.194269071518413],[-77.544505715518,43.194309893249589],[-77.544468451067331,43.194523497064722],[-77.544414471990649,43.194661696174244],[-77.544125236637228,43.194814683281727],[-77.544006657445792,43.194819291464363],[-77.543801314421017,43.195012008936416],[-77.543648904203835,43.195328580111287],[-77.543571989841752,43.19558410487349],[-77.54338865349294,43.195689112400721],[-77.543170780209906,43.195912993721677],[-77.543060473915645,43.196465138308291],[-77.542962731431714,43.196729791707241],[-77.542746705257855,43.196974843740243],[-77.542716064653646,43.197284952558846],[-77.542367879954554,43.197390214058025],[-77.541941746011645,43.197368320615865],[-77.541396864365296,43.197470489448293],[-77.541306481921765,43.19752424047055],[-77.541161666275798,43.19760722886997],[-77.541156099191852,43.197617395919401],[-77.541126628712846,43.197627307392835],[-77.541112885284136,43.19763518374458],[-77.540934087049322,43.197738036731998],[-77.540490061786997,43.197927206528483],[-77.540319325896192,43.198040303901124],[-77.540230044259957,43.198134996375387],[-77.540159536559912,43.198345775038483],[-77.540045323795979,43.198490792341168],[-77.539857015680226,43.19852047435689],[-77.539663488471803,43.198508621675707],[-77.539199989314668,43.198516282371394],[-77.538933591285428,43.198387643023651],[-77.538571641052414,43.198212860269088],[-77.538222034874323,43.198327796302614],[-77.538133768226686,43.198393448103005],[-77.538111861988043,43.198409741661038],[-77.537919247871585,43.198553003474991],[-77.537463386100413,43.198613202900241],[-77.537223076704507,43.198751411426763],[-77.537034223661891,43.199106336525645],[-77.53670670351022,43.199209867687209],[-77.536319798059395,43.199336145242768],[-77.536004854964801,43.199390355188015],[-77.535813025794553,43.199526030423925],[-77.535466530769469,43.199837319454872],[-77.535075755269872,43.199831143208122],[-77.534660387519665,43.199755764224086],[-77.534487540760679,43.199882983162667],[-77.534179402631992,43.19993258851283],[-77.534016950401835,43.199884556427762],[-77.533914276441394,43.199854199027889],[-77.53373016241585,43.199840785259418],[-77.533657872990872,43.199813373595049],[-77.533485975438694,43.19974819147852],[-77.533215354619088,43.200156119330543],[-77.53271703604446,43.200950197998047],[-77.532512266721184,43.201260190633988],[-77.532861395342067,43.201212771940661],[-77.533248544791789,43.201190601525987],[-77.533441890337286,43.201261757185016]]],[[[-77.587843177033264,43.231332530997655],[-77.587845943341122,43.231332449753033],[-77.587836126368416,43.23118673281212],[-77.587843177033264,43.231332530997655]]],[[[-77.549486699595917,43.189912160812185],[-77.549297062888954,43.190032720880296],[-77.548957722524435,43.190431382672891],[-77.548906558737713,43.190491491293812],[-77.548587715792465,43.190513302015113],[-77.548309942770942,43.19053230315081],[-77.547642850539432,43.19101132980748],[-77.547531552983287,43.191046884159654],[-77.547395521086699,43.191110212272356],[-77.547162925094582,43.191169717584266],[-77.547012508817346,43.191211348784911],[-77.546682686270159,43.191270591625837],[-77.545822942740728,43.191431115035314],[-77.545837081172166,43.191628711657515],[-77.545897579739332,43.191775783842637],[-77.546606250271836,43.191748281096949],[-77.546792828668757,43.191675082537962],[-77.547104856752682,43.191728219590502],[-77.547305421626078,43.191792026944277],[-77.548338452583067,43.191113100401402],[-77.549075967099,43.190958651696008],[-77.549220293113891,43.190743882476845],[-77.549427224721597,43.19043594914595],[-77.549818496043272,43.190376986189506],[-77.550074285379523,43.190326146506834],[-77.550543519876229,43.18997045604069],[-77.550556187966137,43.190002683821845],[-77.550666078534874,43.189954703228921],[-77.550600128635381,43.189786925491411],[-77.550596221669579,43.189776987497019],[-77.55076050025464,43.189743318933608],[-77.551016635159556,43.189544915164745],[-77.551283177796833,43.189710655189288],[-77.551691833893983,43.189644934771714],[-77.552328555821489,43.189623183859624],[-77.552314539169046,43.189403534979824],[-77.552313839379224,43.189392560151383],[-77.552309331565581,43.189321905109281],[-77.552310698953704,43.189321795910523],[-77.552333317416554,43.189319995988591],[-77.552658515279163,43.18929410750593],[-77.552947907234397,43.189271068686345],[-77.55299450992797,43.189271034741786],[-77.553015802837649,43.189273290596006],[-77.553235355649207,43.189302719218873],[-77.553298024853518,43.189308065769687],[-77.55336091631149,43.189307241579549],[-77.554076300411552,43.189238151770546],[-77.554134424926303,43.189233298133757],[-77.554191732583021,43.189222442283452],[-77.554247605266909,43.189205701309767],[-77.554301440340637,43.189183255779213],[-77.554352657144335,43.189155347787107],[-77.554400703258551,43.189122278346325],[-77.554445060462569,43.189084404140637],[-77.554485250323921,43.189042133677539],[-77.554520839358645,43.188995922882135],[-77.554551443706899,43.188946270179564],[-77.554552064868375,43.188944811195533],[-77.554761503710097,43.188452274663334],[-77.554772053587669,43.188270688991452],[-77.554873761043382,43.188056951578915],[-77.554889032334842,43.188036754114719],[-77.554900547045875,43.188022244333474],[-77.554912406151942,43.18800788437413],[-77.554924604672408,43.187993677792484],[-77.554937140056396,43.187979629966527],[-77.554950008583546,43.187965742662954],[-77.555118714729943,43.187844062366281],[-77.555513387177925,43.187559397361312],[-77.555714401753377,43.187414410386623],[-77.555763732505156,43.187378829746898],[-77.55577213002698,43.187373240429302],[-77.555779744988726,43.187368540647597],[-77.55578758054817,43.187364037282741],[-77.555795625529655,43.18735973653542],[-77.555803871217492,43.187355644628553],[-77.555812306481357,43.187351765062751],[-77.555820921390719,43.187348103149738],[-77.555829707229918,43.18734466511242],[-77.555838650438872,43.187341452629241],[-77.555847742347254,43.187338469223036],[-77.555856970549428,43.187335721083407],[-77.555866323945324,43.187333209911031],[-77.555875791404631,43.187330939206561],[-77.555885361812159,43.187328911570638],[-77.555895022822739,43.187327129592873],[-77.555904762091188,43.187325595862866],[-77.555914569762521,43.187324311192242],[-77.555924432261548,43.187323278159568],[-77.555934338518412,43.187322496665416],[-77.555944274942817,43.187321970188385],[-77.555954231725167,43.187321696840101],[-77.556403794029364,43.187325379547559],[-77.556495935804264,43.187326132826584],[-77.556510899529542,43.187322331611462],[-77.556597858762032,43.187321896880064],[-77.556652463289382,43.187320411078211],[-77.55670659960829,43.187324767628695],[-77.556760795774835,43.187329076981797],[-77.556814878075386,43.187326674547705],[-77.556868868043267,43.187320385241605],[-77.556920841758895,43.187308147524135],[-77.556971121011216,43.187292707991986],[-77.557018502334728,43.187272985552873],[-77.557033916069912,43.187266552619434],[-77.557065946439849,43.187253185342797],[-77.557108176209155,43.187228512545893],[-77.557122858217113,43.187222505116253],[-77.557134006808099,43.187217031293315],[-77.55714393781831,43.187213448598776],[-77.557154698168219,43.187208238640615],[-77.557179310368582,43.187195979506797],[-77.557188571752349,43.187190731795312],[-77.557199318870758,43.187185797165135],[-77.557206907210045,43.187184073899374],[-77.557213412503543,43.187181498362918],[-77.557220705019333,43.187178120637569],[-77.557227585340215,43.187175555665476],[-77.557237126871314,43.187172236818768],[-77.557251206059988,43.18716821243305],[-77.557259584092932,43.187165686097067],[-77.55726757387329,43.187163424527746],[-77.557275550444757,43.187161437390124],[-77.557282751757128,43.187159978897618],[-77.557289963817382,43.187158245950343],[-77.557300844603787,43.187158256222986],[-77.557311029350558,43.187157150346863],[-77.557318176629352,43.187156787770114],[-77.557334369085439,43.18715556474158],[-77.557344927629671,43.187154469416207],[-77.557355113620119,43.187153362647159],[-77.557364240488923,43.187150856521832],[-77.557379777755216,43.187147694053607],[-77.557394446093269,43.187146980344622],[-77.557404214955042,43.187146687181418],[-77.557419686195175,43.187144895969155],[-77.557426805826822,43.187145082239141],[-77.557446104225932,43.187141744652166],[-77.557454428202604,43.187140315119912],[-77.557464653781096,43.187138386844232],[-77.557473352800415,43.187136966974954],[-77.557489559670785,43.187135470403085],[-77.557498619295316,43.187134334617383],[-77.557506194412909,43.187132885763916],[-77.557515629080228,43.187131759641076],[-77.557523566033396,43.187130594882909],[-77.557530726500161,43.187129958760558],[-77.557539371458418,43.187129636604425],[-77.557554788647579,43.187128942191961],[-77.55756382185605,43.18712835526572],[-77.557572814243642,43.18712858982461],[-77.557584109659388,43.187127788237362],[-77.557596449764233,43.187128660423561],[-77.55760956512492,43.187129003960493],[-77.557620150073603,43.187127359744991],[-77.557688296448106,43.187122555328962],[-77.55770193453651,43.187119892485377],[-77.557714767281823,43.187118306220349],[-77.557722289582543,43.187117954181829],[-77.557731296390614,43.187117915206969],[-77.557875926517156,43.187091229167166],[-77.557891920449379,43.187086431519802],[-77.557903068948065,43.187080957620843],[-77.557908878152233,43.187077265900129],[-77.557918915953593,43.187071488589567],[-77.557943661667196,43.187064175101355],[-77.557954046880909,43.187058955404126],[-77.557964820310971,43.187053472736316],[-77.557974430254745,43.187048782587588],[-77.557981737148637,43.187045130391731],[-77.557988268790581,43.1870420068459],[-77.557994840046945,43.187038060002536],[-77.558001786315344,43.187034124621427],[-77.558009494658762,43.187029933221517],[-77.558016065897448,43.187025987276925],[-77.558023801863584,43.187021247922274],[-77.558031926061204,43.187016244697233],[-77.558043222202457,43.187007754750056],[-77.558047919467683,43.187003759602362],[-77.558056083260198,43.186997933978361],[-77.558064019690107,43.186989081757076],[-77.558073041646722,43.186981080919367],[-77.558082878434149,43.186971729932615],[-77.558091297965788,43.186960693734427],[-77.558099583019143,43.186952400037619],[-77.55810436071846,43.186946759204083],[-77.55810996891347,43.186939493811394],[-77.558116633782092,43.186933627744956],[-77.558124209586921,43.186924491435633],[-77.558129403137059,43.186918038776966],[-77.558134596701208,43.186911585218013],[-77.558143390012276,43.186900559566865],[-77.558147244286417,43.186890775991962],[-77.55815296053521,43.186881316959713],[-77.558161780247019,43.186869742442191],[-77.558167508465758,43.186860008965702],[-77.558171324350852,43.186851048698109],[-77.558176290523519,43.186841569440546],[-77.558183880215182,43.186824472179808],[-77.558187145770773,43.186819066238073],[-77.558192393336483,43.186811516757608],[-77.558195364273246,43.186804456370162],[-77.558198282408199,43.186798492812322],[-77.558200625756783,43.186788945042068],[-77.55820442719839,43.186780259194613],[-77.558207506194066,43.186771005169369],[-77.558210945796176,43.186762035227332],[-77.558214601520376,43.18674867801036],[-77.558219995504629,43.186738112482701],[-77.558225068491481,43.186726439574208],[-77.558227277379174,43.186719633405509],[-77.558251305664399,43.186631095004749],[-77.558276979087779,43.186575241079503],[-77.558289326937285,43.186536976723438],[-77.558303384509188,43.186498724084409],[-77.55831909299728,43.18646098312739],[-77.558326004196758,43.186421351310472],[-77.558332989271122,43.186381788567438],[-77.558333024079175,43.186341847592331],[-77.558322632469824,43.186302614345799],[-77.558310875194493,43.186263539893382],[-77.558297932997348,43.186224703268401],[-77.558275578537391,43.186188310872922],[-77.558248860825856,43.18615374992185],[-77.558218107237707,43.186120791102717],[-77.558181644474715,43.186091068522764],[-77.558141062391471,43.186064332675201],[-77.558099551916214,43.186038311326811],[-77.558056146977634,43.186014057114711],[-77.558008625967759,43.185994285731404],[-77.558003090884341,43.185992043316567],[-77.557913895347369,43.185955914112881],[-77.557870044403344,43.185932296750799],[-77.557828417254385,43.185906496598932],[-77.557790136039074,43.185878352687538],[-77.55776852423331,43.185842741892323],[-77.557757256245225,43.185803712274307],[-77.557752213859473,43.185764034536675],[-77.55775964051189,43.185725226522223],[-77.557778851754122,43.18568797702126],[-77.55779425042472,43.185649643744746],[-77.557796298087155,43.185644826406154],[-77.557822507882065,43.1855831650062],[-77.557845606745872,43.185546991835366],[-77.557867588867964,43.185510362166681],[-77.557889575039553,43.185473782939141],[-77.55790476294888,43.185435613387654],[-77.557926954086838,43.185399206121104],[-77.557960283320085,43.185367846897933],[-77.557999375068377,43.185340423531798],[-77.558190243959572,43.185274882627205],[-77.558380777140528,43.18520945721707],[-77.5589350579735,43.184981893530143],[-77.55929381498666,43.184834601193479],[-77.559789888457658,43.184630928412986],[-77.559813782768259,43.184620498642595],[-77.559838470615361,43.184612118404239],[-77.560153250076226,43.184540085316911],[-77.560160188655658,43.184673131714007],[-77.560167337942246,43.184810209138575],[-77.560168482230722,43.184832141133711],[-77.560174487270018,43.184947285659767],[-77.560176774611037,43.184991150537911],[-77.560185068271551,43.185150159048526],[-77.560185533287708,43.185159069456766],[-77.560202662646105,43.185487505338642],[-77.560218389199321,43.185789019073688],[-77.560338463889991,43.188091139714963],[-77.560347902630809,43.188272080118907],[-77.560365678341086,43.188612872764757],[-77.560369352645793,43.188683311217453],[-77.560874222464903,43.188669210143743],[-77.56093491868333,43.188667514795902],[-77.560937638597906,43.188794210487153],[-77.560881988278979,43.188842721767486],[-77.560832492944883,43.18896778145141],[-77.560853769822756,43.188967176775861],[-77.560891708549889,43.189003212847467],[-77.560908570762535,43.189281592292716],[-77.560964125668534,43.1892811247154],[-77.560985836063949,43.189735242769665],[-77.560992620282818,43.189844280195189],[-77.561004008241113,43.190027305594505],[-77.561015591293909,43.190213460807172],[-77.561026964883709,43.190396248420697],[-77.5610348054052,43.190522274200255],[-77.560991733522613,43.190582096885429],[-77.56095652061633,43.190708899118455],[-77.560976024481818,43.190721978199996],[-77.560987493768025,43.190924825052107],[-77.560999119027699,43.191130418795765],[-77.561056241236528,43.191128506913699],[-77.56106817636028,43.191339580021094],[-77.561011053954715,43.191341491907046],[-77.561022971002089,43.191552239889972],[-77.561080111597576,43.191550650420247],[-77.561088049852188,43.191691029287377],[-77.561095767774177,43.191827510264602],[-77.561108477068245,43.192052287181596],[-77.561073592025622,43.192111130741687],[-77.561081382722392,43.192248190266838],[-77.561090729898737,43.192412660237046],[-77.561091508716956,43.192426366816804],[-77.561105345937492,43.192669810621943],[-77.561119585146784,43.192920354912516],[-77.561127376030129,43.193057413517465],[-77.561136801402313,43.193223255112358],[-77.56114622804715,43.193389096713254],[-77.5611556535044,43.193554938298149],[-77.561165080249367,43.193720778989032],[-77.561172870057206,43.193857838463032],[-77.561182295634694,43.194023680033787],[-77.561191722499871,43.194189520710466],[-77.561221669007637,43.194188462334267],[-77.561238299315391,43.194716105084211],[-77.561248574280114,43.195007912533924],[-77.561244181901444,43.195122025040043],[-77.561229684221814,43.195366488390945],[-77.56129231766019,43.196505755898421],[-77.561293832328147,43.196533025526172],[-77.561367523182412,43.196912962067522],[-77.561390406008428,43.196913536456449],[-77.561424990781532,43.197528681422824],[-77.56142617981061,43.197549811711639],[-77.561470463548659,43.198233427853353],[-77.56143155068392,43.198369377793036],[-77.561481762388169,43.198407861880163],[-77.56148239630059,43.198417652332836],[-77.561503027107818,43.198781463534715],[-77.561515371378448,43.198999137285774],[-77.561527691155959,43.199216366127494],[-77.56154011534656,43.199435452931993],[-77.561552603142587,43.1996556727022],[-77.561554187954329,43.199683615361565],[-77.56157121809072,43.19993792981424],[-77.561576810545432,43.200021460116318],[-77.561590319488332,43.200223193303039],[-77.561602057427748,43.200398484537565],[-77.561603720174801,43.200426256857625],[-77.561612117666812,43.20056651535851],[-77.561574390487991,43.200624264201245],[-77.561589547930083,43.200755018830897],[-77.561625566522537,43.200797520430086],[-77.561633417782062,43.200951050565571],[-77.56164292408728,43.201136947382459],[-77.561652837610808,43.201330814283324],[-77.561660759623848,43.201485715085028],[-77.561628324198594,43.201527240728176],[-77.561635460197934,43.201656243083377],[-77.561671942490591,43.201704392833079],[-77.561687416926262,43.201980019077595],[-77.561684114682379,43.202459940890705],[-77.561632938887598,43.202682077307067],[-77.561669162822611,43.203327351228481],[-77.561738954736313,43.203713955803899],[-77.561744810683408,43.203754884541638],[-77.561753540037756,43.203754216261345],[-77.561783704616374,43.203965056467339],[-77.561789158183004,43.204050011321954],[-77.561804133811506,43.204049336705189],[-77.561822294298366,43.204332260132489],[-77.56183285102081,43.20449670540355],[-77.561843407776578,43.204661151569574],[-77.561853963350359,43.204825597719527],[-77.561864520202846,43.204990043875412],[-77.561875075873346,43.205154490015239],[-77.56188563159219,43.205318936149965],[-77.561896188604749,43.205483381390621],[-77.56190674565066,43.205647827526242],[-77.561917301514555,43.205812273645805],[-77.561927858657185,43.205976719771257],[-77.56193841463282,43.20614116498065],[-77.561948971872184,43.206305611095978],[-77.561959527929503,43.20647005719524],[-77.561970084035181,43.206634503289457],[-77.56198064143463,43.206798948489556],[-77.561989966250863,43.206944193896213],[-77.56195690232019,43.207129861642635],[-77.561919279887334,43.207343121885508],[-77.561889559189623,43.207407767287762],[-77.561825036638183,43.207548109906945],[-77.561749137429217,43.20771319719595],[-77.561715903529461,43.207714477486775],[-77.561639390858971,43.207880898661983],[-77.561560964914761,43.208051477648411],[-77.561484848562216,43.208217032691941],[-77.56141982871695,43.208358453515167],[-77.561349583134827,43.208511239880245],[-77.561279282303218,43.20866414452567],[-77.561208677208626,43.208817708924904],[-77.561136034892542,43.208975705478295],[-77.561066305061189,43.209127366555592],[-77.560996488050819,43.20927921584115],[-77.560933698182637,43.209415779205798],[-77.560862685199325,43.209570228185036],[-77.56079237803354,43.209723142345865],[-77.560720743675972,43.209878941319097],[-77.560646849883781,43.21003965113588],[-77.560577744615799,43.210189948320789],[-77.560506958403863,43.210343899493758],[-77.560409438868774,43.21055599162905],[-77.560227532629554,43.210951608495499],[-77.560155441986907,43.2111083922766],[-77.560088548769031,43.211253872346767],[-77.56001205773137,43.211420225903808],[-77.559918545718176,43.211460531278874],[-77.559871584898431,43.211562141875227],[-77.559830357814292,43.211640708278473],[-77.559874294103238,43.211683980624251],[-77.559822838808955,43.211789331668115],[-77.559727219284696,43.211985107613799],[-77.559638428262431,43.212166901143888],[-77.559564016242206,43.212319256546643],[-77.559443860763679,43.212489900650162],[-77.559451046211151,43.212550547700701],[-77.559392544804368,43.212670323582095],[-77.559303751774962,43.212852115910621],[-77.55921495820904,43.213033908159154],[-77.559126164106573,43.213215700327716],[-77.559038931840618,43.213394294626674],[-77.558964970490493,43.213545719271089],[-77.558873594201515,43.213732796360048],[-77.558785885881989,43.213902245037232],[-77.558684228482647,43.214098643777021],[-77.558561845779579,43.214268389286964],[-77.558570609727383,43.214318148649902],[-77.558495439173242,43.214463372616542],[-77.558408299829694,43.214631716178019],[-77.558321163766166,43.214800055196292],[-77.558219504597375,43.214996451673237],[-77.558059013048634,43.215208178022372],[-77.557776067386612,43.215536198302651],[-77.557628787723075,43.215706939275663],[-77.557461515136524,43.215900857260628],[-77.557262366922274,43.216061319915291],[-77.557225393508787,43.21617332577371],[-77.557007236136869,43.216389829868291],[-77.556833481869432,43.21656226580226],[-77.556659725372725,43.216734702346159],[-77.556485967907491,43.216907137710976],[-77.556312209443533,43.217079573696751],[-77.556302683645342,43.21707998596257],[-77.556078761052902,43.217315026623183],[-77.555817642379026,43.217572189063077],[-77.555953105100443,43.217676989165135],[-77.556555416791539,43.217884567973869],[-77.55679612210065,43.217967523186793],[-77.557068150658111,43.218061271900069],[-77.557237385282306,43.218119594756885],[-77.557405975332813,43.218177694643273],[-77.557576056215197,43.218236308139112],[-77.557746582854634,43.218295075705321],[-77.557917645837193,43.218354026957009],[-77.558087588204145,43.218412591641517],[-77.558171838098346,43.218441626181644],[-77.558428422325008,43.218530047415733],[-77.558592688703285,43.218586654852437],[-77.558602176563625,43.218589476336867],[-77.55860969844781,43.218592099276847],[-77.558617023591353,43.218595004904969],[-77.55862412993342,43.218598187622732],[-77.558630999180423,43.218601637364493],[-77.558637613008614,43.218605345864702],[-77.558643951908849,43.218609302146717],[-77.558649998833189,43.218613495255973],[-77.558655737949294,43.21861791514884],[-77.55866115346997,43.218622549081744],[-77.558666227191964,43.218627381588909],[-77.558670950651546,43.218632403592949],[-77.558675306891217,43.218637598739114],[-77.558679286291905,43.218642953438867],[-77.55868287678841,43.218648453181586],[-77.558686068791843,43.218654082578638],[-77.558688853928842,43.218659827152514],[-77.558691225086832,43.218665670636597],[-77.558693172707024,43.218671595842224],[-77.55869469458429,43.218677587446912],[-77.558695784821509,43.218683630095121],[-77.558696441258832,43.218689705764312],[-77.558696662951789,43.218695797342939],[-77.558696448910837,43.21870189041951],[-77.558695798206628,43.218707966982564],[-77.558694713586647,43.218714009953544],[-77.55869319778337,43.218720003154047],[-77.558691256005545,43.21872592952765],[-77.558688892201204,43.21873177380693],[-77.558621078354975,43.21894230104224],[-77.558580001875711,43.219069821719572],[-77.558525850958745,43.219237931450813],[-77.5584703662728,43.219410184346884],[-77.558415457797224,43.219580643850797],[-77.558371711052331,43.219716449003144],[-77.558325763297759,43.219859090942315],[-77.55828625266858,43.219981747549312],[-77.558246287516127,43.2201058106196],[-77.558227003953263,43.220165677673549],[-77.558190987514706,43.220205679437079],[-77.557927827820293,43.220497961567339],[-77.557883509397527,43.220547185677368],[-77.557548274567139,43.22091951393071],[-77.557408820485037,43.221074394470023],[-77.557253587452465,43.221246800762223],[-77.556743796124266,43.221812981176207],[-77.556618948758327,43.221951636783814],[-77.556375366900824,43.222222155833165],[-77.556140833783715,43.222482621591993],[-77.556141077713008,43.222608041401656],[-77.556141465372292,43.222807080356183],[-77.556141867125035,43.223013489947519],[-77.556142319189647,43.223245419542202],[-77.556142644322946,43.223413065706858],[-77.55596890461436,43.223418436688924],[-77.555204339476262,43.223442070282367],[-77.555123807443508,43.223444613126176],[-77.55504106967804,43.223447225201198],[-77.554416115485665,43.223466956822989],[-77.553767643628618,43.223483365107398],[-77.553817092739578,43.224609988532769],[-77.554280710972236,43.224602734427897],[-77.554295749508398,43.224679116912839],[-77.554349305885282,43.224951147411446],[-77.554403658873426,43.225227218657466],[-77.554426849281526,43.225345008910331],[-77.554480659644042,43.225618325231352],[-77.554534814204828,43.225893380119793],[-77.554557010545025,43.226006115994359],[-77.554685915606001,43.22666083032707],[-77.547295978904387,43.226886262324875],[-77.546716908534066,43.228019671751227],[-77.547582652449748,43.227988108588328],[-77.54774816646642,43.227982609287665],[-77.548066588026614,43.227972028769749],[-77.55046886291224,43.227898644897735],[-77.551222514869565,43.227873407111318],[-77.551361708633593,43.229593859386959],[-77.551616070314381,43.229582457917815],[-77.551659000751386,43.230094531902779],[-77.551701917584097,43.230606428373832],[-77.551723492138706,43.230863752628068],[-77.551745065623336,43.231121076857562],[-77.551809868374178,43.231893993564718],[-77.552037364478608,43.234607245126149],[-77.551860242873801,43.234749165849159],[-77.551649234446529,43.234918235515337],[-77.55160967614411,43.234949932485165],[-77.551483383150114,43.235051123380721],[-77.55102575953596,43.235417787863135],[-77.550997869728931,43.235440133752419],[-77.550776974504373,43.23561712126898],[-77.550703448579966,43.235676030951424],[-77.550690498862764,43.235686407198955],[-77.550636377391214,43.235729769837121],[-77.550627275936066,43.235726459699045],[-77.550612041745069,43.235726158333115],[-77.550545372241942,43.235802685610501],[-77.551259859957881,43.235902695072816],[-77.552045219544638,43.23599700913887],[-77.552586496731848,43.236049985146565],[-77.553625002275609,43.236183237149916],[-77.554759469501235,43.236328729660734],[-77.554874273388066,43.236345292358372],[-77.554826536903505,43.236487896577678],[-77.555635008148101,43.236669938740761],[-77.555680281353489,43.236534612343902],[-77.558752992683225,43.237122488966691],[-77.561168150276742,43.237716263234937],[-77.564740858177686,43.238573875637549],[-77.568174942087651,43.239707934272069],[-77.570107143726034,43.240445201535941],[-77.570190278679192,43.240249301894366],[-77.572909316166985,43.241237479737421],[-77.575524948756566,43.242121627249126],[-77.577590609067244,43.242883486469701],[-77.577646802889063,43.242844215150861],[-77.577696068484769,43.242809786056036],[-77.577874655362976,43.242684979161567],[-77.577892485117133,43.242672518365794],[-77.577947239852136,43.242634253227202],[-77.578185734486809,43.242467577623493],[-77.578293572700161,43.242391920807471],[-77.578314380203764,43.242377323028208],[-77.578626765679402,43.242158159341486],[-77.578639177347384,43.242149451306851],[-77.579161398300954,43.241783065477449],[-77.57936362305567,43.241641184296107],[-77.579939559925933,43.241237100501415],[-77.580245664620122,43.241022331226013],[-77.580437793752736,43.24088752755214],[-77.580588722749269,43.240781631044662],[-77.580802362929617,43.240631733327376],[-77.58087118756643,43.240546441577379],[-77.580883887200642,43.240552721659888],[-77.582185351241264,43.238914944388767],[-77.583927671360357,43.238312813491106],[-77.583924001378989,43.237796513220012],[-77.583918261524104,43.237046261455632],[-77.583914620556513,43.236476659295995],[-77.583782736844299,43.236448659693437],[-77.583684881733433,43.236427884947979],[-77.584580826990745,43.235691778079705],[-77.58486921293003,43.235454834368539],[-77.585478319235946,43.234954374138709],[-77.585847236536793,43.234651255743785],[-77.586210048202403,43.234353149014886],[-77.586420448255424,43.234024960932878],[-77.586373319705231,43.233999577962628],[-77.586862408836524,43.23333642243837],[-77.587192117714196,43.232889363640318],[-77.587288235061791,43.232759033824827],[-77.587468592151225,43.232514477016032],[-77.587644180379812,43.232276385657549],[-77.587657809019575,43.232257906080257],[-77.587643437315762,43.232042096348295],[-77.587628255157682,43.231814142694212],[-77.587612421640713,43.231576372514823],[-77.587597133180012,43.231346794024624],[-77.586830862030979,43.231370636668998],[-77.584985146572734,43.231435218820536],[-77.584975845438692,43.231435543615632],[-77.584784311438057,43.231442026354991],[-77.584478105544903,43.231451363796317],[-77.584318356974364,43.231456236567134],[-77.584177977921328,43.23146051676742],[-77.583874588730964,43.231469767376012],[-77.583579093349996,43.231478776516042],[-77.583250761093893,43.231488785940606],[-77.583205773680874,43.231490157830535],[-77.582812197558056,43.231502154693736],[-77.580114540611476,43.231584349418483],[-77.579538468634354,43.231601893314284],[-77.579539082269505,43.231591208399628],[-77.57895501855073,43.231619658477086],[-77.577615810503929,43.230827377628337],[-77.576712611955031,43.230630076343047],[-77.575382118536353,43.230354634164598],[-77.575375532464292,43.230650284102957],[-77.571477053926031,43.231472475878554],[-77.571289987067345,43.231511924980673],[-77.571176245209386,43.228125710956895],[-77.571141157668592,43.227599644723142],[-77.571101641161533,43.227037599433181],[-77.57113965240984,43.227036204777086],[-77.571139642510346,43.227035910337001],[-77.571095178210342,43.227037542242812],[-77.5707537191185,43.227051453985403],[-77.570540898319464,43.226408038098683],[-77.569542669104749,43.227099668999536],[-77.569497898152875,43.227101452394052],[-77.567773146297284,43.227170098353405],[-77.567021333782989,43.227200011883994],[-77.567021134228014,43.227200020012795],[-77.566275361991856,43.227231899645368],[-77.566268426598185,43.227232196245474],[-77.565814695434511,43.227247446169393],[-77.565812127969664,43.22724520353588],[-77.565809716958341,43.227243101818885],[-77.565807296010888,43.227241005414399],[-77.565804871326264,43.227238911677077],[-77.565802441643712,43.227236822396087],[-77.565800005777376,43.227234734860311],[-77.565797566158878,43.227232650891786],[-77.565795121572435,43.227230569579476],[-77.565792674494574,43.227228490045299],[-77.565790223694535,43.227226412278242],[-77.565787770388141,43.227224337189369],[-77.565785313374505,43.227222262967587],[-77.565782855100295,43.227220190534872],[-77.565780394334681,43.227218119880256],[-77.565779605241005,43.22721745574384],[-77.565697864302294,43.227220543470359],[-77.565700179323983,43.227222717248807],[-77.565702482172526,43.22722488281741],[-77.565704783775487,43.227227049275108],[-77.56570708164125,43.22722921839997],[-77.565709375799756,43.227231388391978],[-77.565711667436972,43.227233561962123],[-77.565713954136115,43.227235736388479],[-77.565716235852335,43.227237914371088],[-77.565718513846335,43.22724009412088],[-77.565720785626567,43.227242277415947],[-77.56572305120801,43.227244463356328],[-77.565725313037319,43.227246652863947],[-77.565729079106688,43.227250323914632],[-77.565721148346114,43.227250590022983],[-77.565138415946194,43.227270174275297],[-77.565136797198363,43.227241703097548],[-77.56507134631498,43.22724417203829],[-77.565072894388123,43.227272376140341],[-77.564676308884458,43.227285701590638],[-77.563618789506464,43.227321228874011],[-77.563618786519257,43.227321186539854],[-77.56361701666269,43.227299016017021],[-77.563561551755171,43.22635686828766],[-77.563541930597481,43.226358314555334],[-77.562610670131477,43.226426961475575],[-77.560105967370347,43.226611553554093],[-77.560051301015434,43.225384523918066],[-77.56000642217117,43.224377146962716],[-77.560194885776909,43.224367164000036],[-77.560142537404658,43.224293091430418],[-77.559831482421529,43.223852944912068],[-77.559356282862453,43.223636407198967],[-77.559341628427347,43.22363701865055],[-77.558656354185061,43.223665621236556],[-77.558045363716602,43.223723685290807],[-77.55740577056136,43.223747687619529],[-77.556686990972779,43.223771675131751],[-77.556547747397687,43.223776128766893],[-77.556336850504195,43.223782874377655],[-77.556337118206571,43.223574751516509],[-77.556337333893921,43.22340704720056],[-77.556338237788097,43.222705103595054],[-77.556346787770764,43.222706999581142],[-77.556338305478462,43.22265267793221],[-77.556338465130665,43.222528636292459],[-77.556472371560318,43.222379107369626],[-77.556504642997226,43.222313254131791],[-77.556667560757319,43.222161143581431],[-77.556674663133322,43.222153212095556],[-77.557223543291386,43.221540276337677],[-77.557249186264812,43.221511642691574],[-77.557383232475772,43.221361950995615],[-77.557689055428327,43.221022381964936],[-77.557776160106158,43.220925663762898],[-77.55828051883762,43.220365640172801],[-77.558401343918902,43.220231478078404],[-77.558413004355799,43.22019514402389],[-77.558435818845226,43.220124046655947],[-77.558449154550829,43.220082487767598],[-77.558527096837679,43.219839604199343],[-77.558539751931093,43.219800166282162],[-77.558626502010043,43.21952982920206],[-77.558713203204817,43.21925964463238],[-77.558782040319713,43.219045124400743],[-77.558817511159191,43.218934586300861],[-77.558920583000116,43.218613378478267],[-77.558810126901307,43.218497775287346],[-77.558631934189876,43.218436448988889],[-77.556411339537647,43.217672180446108],[-77.556104630178879,43.217566614677075],[-77.556094361847499,43.217533466731226],[-77.556093855143075,43.217531831088088],[-77.557469202918753,43.216160272758138],[-77.557634138418123,43.215973584620365],[-77.558018353318232,43.215538694254626],[-77.558256353416823,43.215269297851052],[-77.558400452612858,43.215106190637385],[-77.558445150159315,43.215020323173697],[-77.558532410983375,43.214852690912032],[-77.558652890420305,43.214621241190535],[-77.558657135136457,43.214613087737007],[-77.558753470446064,43.214428018521566],[-77.558849806409441,43.214242948324156],[-77.558925706900951,43.214097135647251],[-77.559022041806202,43.213912065283594],[-77.559103747661368,43.213755094740989],[-77.559118373643528,43.213726995704953],[-77.559150194805682,43.213725759335887],[-77.559157108002722,43.21371316854934],[-77.559157742633261,43.21371186989608],[-77.559267853778096,43.213486437849468],[-77.559349878462513,43.213318504194341],[-77.559431902689084,43.213150570470937],[-77.559513925242399,43.212982635768206],[-77.559595948553294,43.212814701908286],[-77.559690591119249,43.212620931923453],[-77.559766303016488,43.212465915494725],[-77.559872301235131,43.212248892236616],[-77.559955585359603,43.212078374206996],[-77.560069152856926,43.211845849253223],[-77.560144749377727,43.21169106556146],[-77.560160781507932,43.211665975759416],[-77.560180661970676,43.211643810593799],[-77.560203866844773,43.211625154195865],[-77.560229784598945,43.211610498228325],[-77.560322406382141,43.211409573113194],[-77.56028394366551,43.211396946418809],[-77.560330574253982,43.211295532532212],[-77.560401216513966,43.211141895264916],[-77.560471859628151,43.210988258857356],[-77.560542501105559,43.210834625087543],[-77.560613143512441,43.210680987677321],[-77.560683788139357,43.210527343037583],[-77.56075442980881,43.210373706424782],[-77.560825071132101,43.21022006886065],[-77.560895712094236,43.210066431245181],[-77.560966352710238,43.209912792678423],[-77.561036991689519,43.209759156749413],[-77.561107631568149,43.209605518980062],[-77.561178673376347,43.209451004394602],[-77.561249233327359,43.209297540446308],[-77.561323964929926,43.209134999569159],[-77.561290794117539,43.209136139873415],[-77.561350547507857,43.209006176178015],[-77.561410300639764,43.208876212445929],[-77.561470053513247,43.20874624867713],[-77.561544704599655,43.208583883351693],[-77.561591330876965,43.208482468858904],[-77.561651082982564,43.208352504078874],[-77.561710825856267,43.20822256078592],[-77.561806433067105,43.208014610024328],[-77.561824293835571,43.207975760943128],[-77.561867860863316,43.20788099911929],[-77.561947648229378,43.207707456131935],[-77.562115276518611,43.207342844575571],[-77.562255459480525,43.207338236759796],[-77.562233148290048,43.207201656560279],[-77.5622233486922,43.207201978661885],[-77.562216971630292,43.20710262471713],[-77.562212601801576,43.207034539660036],[-77.562201605231735,43.206863260126909],[-77.562190608714388,43.206691980588282],[-77.562179612249508,43.206520701044148],[-77.562168615837095,43.206349421494529],[-77.562157619477162,43.206178141939418],[-77.562146623169681,43.206006862378814],[-77.562135626914682,43.205835582812689],[-77.562122432225166,43.20563004679267],[-77.562109237611182,43.205424510764729],[-77.562096043072771,43.205218974728886],[-77.562082848609904,43.205013438685093],[-77.562072293343064,43.204849009666582],[-77.562061731972818,43.204684580588051],[-77.562051176802683,43.204520151559393],[-77.562042727366858,43.20438852979089],[-77.562040621680893,43.204355722525669],[-77.562030066607434,43.204191293486858],[-77.562008956635637,43.203862433594004],[-77.561993597038963,43.203623186828231],[-77.561964529184436,43.203161379942671],[-77.561963935791823,43.203157119569511],[-77.561961646931479,43.20313691835733],[-77.561954152195597,43.203137050377279],[-77.561947631801416,43.203021181561617],[-77.561940457784374,43.202893305920682],[-77.561933260641567,43.202765416567651],[-77.561920114817369,43.202531280842074],[-77.561920830181677,43.20253125392334],[-77.561918858759057,43.202508917652878],[-77.561906967936537,43.202297139695411],[-77.56189382214437,43.202063012050232],[-77.561888744175548,43.201972580326292],[-77.561884982481203,43.201828700503519],[-77.561882165851571,43.201720955405555],[-77.561875019764145,43.201594443730812],[-77.561861874359295,43.201360306155998],[-77.561848252728723,43.201117694672284],[-77.561835107479041,43.200883557977185],[-77.561811097472031,43.200455905933822],[-77.561804325690659,43.200335293647136],[-77.561838467655917,43.200291662395834],[-77.561834516040847,43.200154454653841],[-77.561791705163245,43.200110506209072],[-77.561764156413957,43.199619833488228],[-77.561760769982257,43.199559527330585],[-77.561794522371784,43.199508910931073],[-77.561786826711867,43.199371848868473],[-77.561747204258509,43.199317882137393],[-77.561740279084603,43.199194529253255],[-77.561730274814749,43.199016347747801],[-77.561706113205574,43.198585981998498],[-77.561729418022864,43.198549872077088],[-77.561722036127222,43.198413044132472],[-77.56169395421,43.198378478167179],[-77.561684927222814,43.198209802099065],[-77.561673844781765,43.198002750748003],[-77.561654245231153,43.197648095312751],[-77.56162412149591,43.197400707622336],[-77.561680417260675,43.197399122917908],[-77.561660240492245,43.197245794972986],[-77.561597269185668,43.196767259396381],[-77.561641975718516,43.196765807043683],[-77.56167636857073,43.196764690143056],[-77.561669714345797,43.196655057235404],[-77.561635321555102,43.196656174134702],[-77.561582876769648,43.196657878729098],[-77.561571128842843,43.19656860525879],[-77.561568558471961,43.196522086079071],[-77.561498023243743,43.195385415328026],[-77.561485525584573,43.19516612787644],[-77.561473022916999,43.194946702645396],[-77.561462993948609,43.194622541868313],[-77.561486246647746,43.194584088374668],[-77.561476868649294,43.194419619120552],[-77.561473043917047,43.194419745185556],[-77.561449280369942,43.194382055432264],[-77.561428025261378,43.194009285329379],[-77.561419618788577,43.194009562199525],[-77.561409373046288,43.193829867876602],[-77.561397486342386,43.193621406704537],[-77.561386085091669,43.193421459124721],[-77.561372442867409,43.193182181290609],[-77.561349028022377,43.192771521839546],[-77.561336625664651,43.192554022855859],[-77.561325625645537,43.192361089308534],[-77.561302924070347,43.191962937664684],[-77.561291779355045,43.191767479637832],[-77.56128055762187,43.191570668866461],[-77.561269377951405,43.191374584897062],[-77.561260386290655,43.191216876533083],[-77.561293865833875,43.191176969739765],[-77.561295068484299,43.191040836706577],[-77.561280944036625,43.190765032928425],[-77.561274050647569,43.190630433450615],[-77.561267060627046,43.190493958960566],[-77.561259879630256,43.190353743471469],[-77.561252899273271,43.190217430190316],[-77.561245863851099,43.190080068620389],[-77.561234936385205,43.189866677559756],[-77.56123185402447,43.189805674575567],[-77.561225006028053,43.189670134805183],[-77.561218643484665,43.189531308361538],[-77.561212331342219,43.189393591369253],[-77.561206061789093,43.18925678842254],[-77.561199628754323,43.189116440057653],[-77.56118795247599,43.188861685934178],[-77.561180605337469,43.188701367306358],[-77.561743651509275,43.188682273166762],[-77.56191594057195,43.188676430223367],[-77.562091980192037,43.188670459371941],[-77.562268011172733,43.188664488172407],[-77.563388588148399,43.188584847596154],[-77.563589637858712,43.188572872768205],[-77.563960459939167,43.188560691179241],[-77.564065338569051,43.188557245460103],[-77.564170217188988,43.188553799644723],[-77.564541037829045,43.188541617060416],[-77.564728321513911,43.18853546323313],[-77.565679719270832,43.188504198031978],[-77.565867002762062,43.18849804233804],[-77.566342701243855,43.188482406436634],[-77.566818400750122,43.188466768565448],[-77.567005684047601,43.188460611004928],[-77.567166747108672,43.188455315738565],[-77.567958201671104,43.18844758946895],[-77.568144899630894,43.188431906488546],[-77.568657480355938,43.188406291244817],[-77.569163068260693,43.188389660183248],[-77.56935035114401,43.188383499679219],[-77.570474068098292,43.188346640208088],[-77.570661361739468,43.188340483053203],[-77.571148290517399,43.188324493591736],[-77.571560308146331,43.188310962228833],[-77.571723208352324,43.188302911481628],[-77.572493574956781,43.188281604375042],[-77.572679560183857,43.18827568980101],[-77.573055550255191,43.18825971937116],[-77.573427148929511,43.18824393488012],[-77.573618782489689,43.188245143949707],[-77.574387977175192,43.188203113509125],[-77.57454957164822,43.188196248041635],[-77.574929929172683,43.188184015946476],[-77.575303217250209,43.18817189222591],[-77.575492647069353,43.18816392134336],[-77.576340059952457,43.188138244133434],[-77.576843096083721,43.188116585034543],[-77.576841191849539,43.188078620859869],[-77.576839101492865,43.188036935559182],[-77.57683636331636,43.187982343371381],[-77.576911316917332,43.187980394111449],[-77.576909156771393,43.18793733814379],[-77.576897393098221,43.187702800665967],[-77.576475246674164,43.187716986751738],[-77.576305724064383,43.187722118044995],[-77.576298429534361,43.187633716883404],[-77.576294252370801,43.18754987730096],[-77.576454113019153,43.187542250339263],[-77.576822953670415,43.187529289461658],[-77.576805472216407,43.187255613714754],[-77.576794705351404,43.187087038384604],[-77.576784430494058,43.186926180906319],[-77.576777524682868,43.186816257495352],[-77.576770849202333,43.186707365899302],[-77.576767448098124,43.186651873099002],[-77.576764084482903,43.186597018846179],[-77.576757287876092,43.186486143112162],[-77.576753557899906,43.186425286922407],[-77.57636169825021,43.186437759618428],[-77.576232192192705,43.186441658741124],[-77.576217312585285,43.186209006561079],[-77.576208155221863,43.186030558784459],[-77.576339575329968,43.186027285048674],[-77.576730045633255,43.186015281788826],[-77.576723152650061,43.185904064030694],[-77.576716326630958,43.185793937861568],[-77.576709504100776,43.185683825223222],[-77.576706084288432,43.185627006301054],[-77.576703064171141,43.18557461071493],[-77.576696852030523,43.185466881683766],[-77.576693540722772,43.185409449800098],[-77.576690593572138,43.185358304285515],[-77.576684139475844,43.185246362139573],[-77.576677774450118,43.185135962761009],[-77.576674564500166,43.18508029969346],[-77.576671412349569,43.185025611114618],[-77.576664458111779,43.184911095483642],[-77.576658933175622,43.184809164160342],[-77.576656111750566,43.184756583979599],[-77.576648709620173,43.184649564593272],[-77.576644535154486,43.184596904091848],[-77.576637001220305,43.184486678947216],[-77.57662372257623,43.184292394250484],[-77.576622150805932,43.184269393751237],[-77.57661449721148,43.184157396917307],[-77.57661257122669,43.184129228141181],[-77.576599641850194,43.183940046850864],[-77.576213303797303,43.183952986231176],[-77.576091359706297,43.183956729432296],[-77.576086982633143,43.183885972860573],[-77.576080431906135,43.183809533297733],[-77.57620804262622,43.183808048104211],[-77.576597914725127,43.183797153514206],[-77.576591542070204,43.183689554457111],[-77.576585119262774,43.183581116000475],[-77.576578593699423,43.183470922211264],[-77.576572037896909,43.183360249264538],[-77.576562255830993,43.183195067098019],[-77.576559015469257,43.18314036692049],[-77.576554173794136,43.183058628727125],[-77.576552535975523,43.18303096747465],[-77.57654597646777,43.182921572723288],[-77.576539157171808,43.182811220605693],[-77.57653251302925,43.182703684850509],[-77.576525821523944,43.182595364630352],[-77.5765190724576,43.182486132031656],[-77.576512286422641,43.182376305894905],[-77.576505444101841,43.182265564690233],[-77.57611923707357,43.182278508523204],[-77.576006795817776,43.182281829410037],[-77.576003593183941,43.182214991683438],[-77.57599734464111,43.182140238068392],[-77.57610777837121,43.182139896172984],[-77.576498385178027,43.182126912784945],[-77.57648271328425,43.181871946445177],[-77.576542251540303,43.181869769026413],[-77.57653562975905,43.181756684818502],[-77.57652915905642,43.181646160213781],[-77.576522853338702,43.18153847168626],[-77.576074498304038,43.181554535695277],[-77.575948663241874,43.181557836717126],[-77.575942687284183,43.181486336896398],[-77.575938669930537,43.181419904261581],[-77.576090270661624,43.181415571672161],[-77.576537555766905,43.181400404652436],[-77.576518236371882,43.181072927390026],[-77.576511795425915,43.180963740682607],[-77.576505216757042,43.180852232128508],[-77.576498867277891,43.18074459270936],[-77.576492304466214,43.180633319233735],[-77.576485921076099,43.180525125908318],[-77.576476080454597,43.180358300334163],[-77.576463225579801,43.180140395211012],[-77.57646004422115,43.180086457964009],[-77.576455138656186,43.180003311299693],[-77.576453512780446,43.179975752755844],[-77.576447103961215,43.179867092905596],[-77.576440573434709,43.179756409304751],[-77.576434296447403,43.179649983926495],[-77.576427803688645,43.17953992356945],[-77.576421284042425,43.179429404787861],[-77.57641481268503,43.179319691178996],[-77.576411025786911,43.17921406185279],[-77.576257580689472,43.179219060967071],[-77.576108713656822,43.179223913847316],[-77.576089103282371,43.178875920805787],[-77.575923313830145,43.178899816933097],[-77.575787773790026,43.178924327597656],[-77.575782382679293,43.178835162591007],[-77.575782194811296,43.178832076060857],[-77.57573776287127,43.178837916597438],[-77.575782128127244,43.178830970067331],[-77.575776897470135,43.178744839138034],[-77.575919889658536,43.178722279960255],[-77.576333388550779,43.178659605074174],[-77.576371276264737,43.178653862432981],[-77.576359311650734,43.178461532544219],[-77.576352514449468,43.178352272431127],[-77.576349749232151,43.178307825698795],[-77.576345515723034,43.178239783439281],[-77.576342928682621,43.178198191807034],[-77.576338815022282,43.178132063458143],[-77.576336051675028,43.178087653647168],[-77.576331771615003,43.178018853033386],[-77.576329302114132,43.177979166289397],[-77.57632499203369,43.177909873017917],[-77.576322316400649,43.177866862838314],[-77.5763182640151,43.17780172340894],[-77.576315583572267,43.177758632170921],[-77.576308846880295,43.177650338455408],[-77.576301964151469,43.177539705715304],[-77.57629771119521,43.177471355416593],[-77.576294914115053,43.177426381797524],[-77.57629082574303,43.177360665937968],[-77.576288204745623,43.177318524896826],[-77.576284038577128,43.177251556217065],[-77.576281418344109,43.177209443987117],[-77.576277238802106,43.177142242044582],[-77.576274516221503,43.177098499608277],[-77.576270367599719,43.177031811932508],[-77.576267872091648,43.176991691070612],[-77.576261482009343,43.176888958928529],[-77.576260880803062,43.176879289429742],[-77.576255788271766,43.176797442709706],[-77.576262503914506,43.17677020242369],[-77.576290361346921,43.176657207376024],[-77.576317540970763,43.176540619182234],[-77.576349228378277,43.176397606608894],[-77.576368729140881,43.176315670300248],[-77.576391465630934,43.176220126716849],[-77.576369233900181,43.176213624457077],[-77.576126855582686,43.17614272693929],[-77.576020787117599,43.176109375293592],[-77.576221380149661,43.175730624848953],[-77.576400261962391,43.175726512181704],[-77.576874138149634,43.175715354929366],[-77.576868881771532,43.175604572663175],[-77.57686386040659,43.175498728086012],[-77.576858576342502,43.175387311853143],[-77.577010440392002,43.175384006529896],[-77.577004666198732,43.175275008343412],[-77.576998840791674,43.175165010517091],[-77.576651533034223,43.175173280846337],[-77.576516462899235,43.175173455078337],[-77.576552915195577,43.175104624929361],[-77.576590702451028,43.175035236708823],[-77.576624314382002,43.175035002289007],[-77.576724025906728,43.175034305281187],[-77.577143065136838,43.175024325204205],[-77.577136732490771,43.174914568664683],[-77.577130006305865,43.174797994385287],[-77.577158261540177,43.174797023165596],[-77.577158255776467,43.174792505168689],[-77.5772778486742,43.174789567380458],[-77.577431095053655,43.174785802864506],[-77.577581043868847,43.174782118973887],[-77.577587951517501,43.174781948357698],[-77.577581200556835,43.174685716793967],[-77.577428941563781,43.174689662125381],[-77.577422964180329,43.174578913132095],[-77.57741275980284,43.174423492106826],[-77.577300388800623,43.174426188387933],[-77.577077370084695,43.174382732821698],[-77.576962706113349,43.174352128467433],[-77.576995499628026,43.174291910300973],[-77.577027102181972,43.17423208672448],[-77.577138445074567,43.17426516877488],[-77.577322433584783,43.17431375764037],[-77.577509574149929,43.174309025426261],[-77.577538226084272,43.174256442828174],[-77.577595510721991,43.174151316147103],[-77.577655534278151,43.174041162665461],[-77.577712360625213,43.174056577987805],[-77.577705171668057,43.173954950558645],[-77.57770215935966,43.173955040201527],[-77.577714077044902,43.173933392382793],[-77.57777213771277,43.173827931264206],[-77.577830858702754,43.173721266990981],[-77.577822295253625,43.173606403102973],[-77.577486735553407,43.173619192764328],[-77.577364301866609,43.173622176908154],[-77.577344823354935,43.173622651949358],[-77.577369256116697,43.173574963411056],[-77.577398669179942,43.1735201299105],[-77.577538029369919,43.173515678740117],[-77.578007852314371,43.173499310560743],[-77.577998833232812,43.173374566024989],[-77.577991124542066,43.173267933596364],[-77.578125494582778,43.173261446683703],[-77.578118752522329,43.173158779897008],[-77.578111811189629,43.173053041781365],[-77.578245753280271,43.173048021842298],[-77.578354382002402,43.173043950502894],[-77.578349025355678,43.172953902761144],[-77.578343801790197,43.17286609040611],[-77.5783363301354,43.172771819392501],[-77.577929758803634,43.172785645536024],[-77.577790966575151,43.172788790632303],[-77.577819518692323,43.17273556075039],[-77.577849645729714,43.172679139201101],[-77.577987521808154,43.172673122545021],[-77.578465244418126,43.172657248576307],[-77.578459353145988,43.17255426791116],[-77.578454210442047,43.17246436607293],[-77.57844684414296,43.172335608710988],[-77.578602055157702,43.172331359379726],[-77.578739182446455,43.172327603665885],[-77.578902851438372,43.172323123039554],[-77.578905486642583,43.172396690883183],[-77.579015370558253,43.172392277968228],[-77.579152658362631,43.17238676423775],[-77.579285557494174,43.172381426066103],[-77.579422711114489,43.17237591713495],[-77.579420519029881,43.172322561084883],[-77.579416158768481,43.172216417199607],[-77.579411902790369,43.172112842409661],[-77.579837230822847,43.172102191083276],[-77.579833179479053,43.171995689851116],[-77.579409772353785,43.17200391856192],[-77.579406126741262,43.171898146410435],[-77.579402518354598,43.171793480891452],[-77.579399077663808,43.171693669653791],[-77.579395474564578,43.171589132901538],[-77.579391801500392,43.171482561151123],[-77.57938829068442,43.171380725712261],[-77.579378751138876,43.171104028111131],[-77.578822399481936,43.171118052528705],[-77.578672561983623,43.171121124222161],[-77.578712221484523,43.171045707953247],[-77.578242960828391,43.171064570263354],[-77.57823940398184,43.171015379875222],[-77.578227161965131,43.170784550852467],[-77.578221554716123,43.170678831622936],[-77.578089948351703,43.170683403077497],[-77.577968625711748,43.170687616468619],[-77.577823201422461,43.170692668398637],[-77.577689279120548,43.170697318955725],[-77.577708441893051,43.171027466927264],[-77.577597698505073,43.171029987880921],[-77.577577641028938,43.170624967651442],[-77.577427035640483,43.170629561251857],[-77.577269257829897,43.170634374233252],[-77.577134424533227,43.170638485929921],[-77.57701851455603,43.170642021282141],[-77.57697631077653,43.170643308154823],[-77.576885806236504,43.170646068561702],[-77.576761956039974,43.170649845259518],[-77.576770465122877,43.170781883131596],[-77.576708180962953,43.170783797080659],[-77.576491120315225,43.170790466497401],[-77.576373870836875,43.170794068622044],[-77.57638977305507,43.171057475665926],[-77.576395195040931,43.171123078206456],[-77.576316935640605,43.171125155589991],[-77.576199499160808,43.171128048355918],[-77.576197282945799,43.171061065263274],[-77.576182222034362,43.170809977214233],[-77.576058775452978,43.170813942138111],[-77.575930096753837,43.170818075096712],[-77.575923737745853,43.170722717289109],[-77.575834771354465,43.170725043024532],[-77.575833154284126,43.170698921176609],[-77.575796642138783,43.170699762644233],[-77.575801190123869,43.170779438865445],[-77.575737503649663,43.170780994271034],[-77.575546794876288,43.170785650761452],[-77.575419663069184,43.170788754376609],[-77.575437656668967,43.17107991868523],[-77.575440275550065,43.171146746008908],[-77.575362753091596,43.171148654599087],[-77.57524812178319,43.171152447868124],[-77.575065427714847,43.171156825811224],[-77.575058865582591,43.17109176226451],[-77.575052904562313,43.170985301635291],[-77.575046977640483,43.170879460620739],[-77.575041100271662,43.170774495905363],[-77.575035295986197,43.17067084607897],[-77.575026501439794,43.170528504027565],[-77.574777678421185,43.170534339345814],[-77.574778782746066,43.17055302849235],[-77.574785129339787,43.170660466525199],[-77.574791613332536,43.170770243506361],[-77.574654818453894,43.170773353802268],[-77.574519968717411,43.17077641807505],[-77.574383529400748,43.170779518579444],[-77.574249642967573,43.17078256132347],[-77.574269841278607,43.171112182476534],[-77.57427363709624,43.171175797600419],[-77.574107379083657,43.171179782479861],[-77.574079712030283,43.171180385467324],[-77.574077525851635,43.171113436808469],[-77.574064442084989,43.170895391340935],[-77.573917352303752,43.17089981329606],[-77.573906875532501,43.170707061254433],[-77.573598006702795,43.170713862064623],[-77.573603141586545,43.170798574594897],[-77.573488991451896,43.170800591614416],[-77.57336313333397,43.170802818419979],[-77.573311863019256,43.17080372414312],[-77.573235757732789,43.17080496057546],[-77.573158838058191,43.17080621047009],[-77.57316280530091,43.170845848441253],[-77.573033098368228,43.17084907519321],[-77.572867656867388,43.170853190605939],[-77.572865430075254,43.170815714900698],[-77.572711500759169,43.170819342157408],[-77.57256621080839,43.170822766484399],[-77.572586402686355,43.171153496872776],[-77.572592620573872,43.171219289353537],[-77.572516794500913,43.171221311820808],[-77.57245077647228,43.171223191360035],[-77.572445005452806,43.171153803044341],[-77.572430527419073,43.17090916848607],[-77.572271905010183,43.170913075941726],[-77.572113464666486,43.170916979385659],[-77.572111844966713,43.170889845674616],[-77.571890182267609,43.170894223359568],[-77.57174169272335,43.170897157464637],[-77.571758156066608,43.17117267825882],[-77.571763049888304,43.171242336103823],[-77.571685153703214,43.1712441470793],[-77.571609508751536,43.171245698858058],[-77.571603547024594,43.171177713978693],[-77.571587317003122,43.170899127450518],[-77.571418527305923,43.170903410093878],[-77.571253271196767,43.170907604025814],[-77.571251737947932,43.170820518006053],[-77.571093889868251,43.170823942786761],[-77.570939117537264,43.170827299150034],[-77.570942188705587,43.170916555587965],[-77.570773274752113,43.170921058521174],[-77.57060151854553,43.170925637763624],[-77.570602961374561,43.170961499768907],[-77.570446555145423,43.170965616947136],[-77.570448577116849,43.17101532238037],[-77.570292004115132,43.171020740415123],[-77.570292448971415,43.17103125292774],[-77.570142653727601,43.171035700081063],[-77.570137994442788,43.170921539885605],[-77.569662841565076,43.171196546122054],[-77.569669926272283,43.17128885821505],[-77.569472628346901,43.171293513704548],[-77.568640980159927,43.171316670624869],[-77.56785502189463,43.171339540234428],[-77.567769799036753,43.171341953234865],[-77.567772612787579,43.171251414914138],[-77.567758236184929,43.170962595896299],[-77.567406513706302,43.170973020613594],[-77.56706841111486,43.170983040439033],[-77.56708372889733,43.171267044793829],[-77.567091248707456,43.171359955017195],[-77.566992918345647,43.171362414835137],[-77.566904465576584,43.171364173779459],[-77.566897767469172,43.171267860104663],[-77.566882616984898,43.170980865050765],[-77.566696716061216,43.170986463171225],[-77.566506818537874,43.170992181196738],[-77.566507745370771,43.171008963183269],[-77.566132695372431,43.171019185645591],[-77.566147686299701,43.171290907107924],[-77.566152083892646,43.171382225136945],[-77.566054434590541,43.171385290616058],[-77.565965437683445,43.171387745227214],[-77.565959695670628,43.171296973340439],[-77.565943817069538,43.171008096642062],[-77.565570465897537,43.171018734743861],[-77.565193828119916,43.171029464800469],[-77.565207863643977,43.171314101602711],[-77.565216693627633,43.171406374583029],[-77.565100724333703,43.171408023175083],[-77.564989594128718,43.171410733715256],[-77.564982869019559,43.171320593050829],[-77.56497336822386,43.171102989861701],[-77.564786999268705,43.171106524725396],[-77.564636557198696,43.171109379111563],[-77.564631139171752,43.171012701332266],[-77.564486169708843,43.171015806789448],[-77.564487304429264,43.171032479022074],[-77.564335867684292,43.171035400669012],[-77.564184738527331,43.171038314053526],[-77.564035369804785,43.171041196114459],[-77.564051631860124,43.171349736169823],[-77.564054057039257,43.17143278845402],[-77.563956230662868,43.171434880181849],[-77.563863730155916,43.171437308240137],[-77.563857895529381,43.171352364920892],[-77.563843603063958,43.171051833190624],[-77.563695055688569,43.171055685307117],[-77.563539749777178,43.171059711929267],[-77.563392981546571,43.171063515600707],[-77.563242213286372,43.171067423843468],[-77.563093536674245,43.171071277626957],[-77.562943014468473,43.171075178667884],[-77.562794136039258,43.171079037463429],[-77.562645344946944,43.171082894143844],[-77.562492562460321,43.171086853640865],[-77.562341987271964,43.171090756118481],[-77.562196184772745,43.171094533566354],[-77.562046875626152,43.171098402847498],[-77.562062206642253,43.171399037677531],[-77.562069470957894,43.171484387221078],[-77.561946300019727,43.171487618335547],[-77.561831541255145,43.171490339319831],[-77.561828138647982,43.171403464250268],[-77.561814000689964,43.171106508231652],[-77.561664864685227,43.171110833145313],[-77.561514498206108,43.171115193683001],[-77.561366176722757,43.171119494876457],[-77.56121669859057,43.171123829651954],[-77.561063718558998,43.171128266165319],[-77.560918094186704,43.171132488258841],[-77.560765287250319,43.171136867408947],[-77.560615280215814,43.171141053544019],[-77.560622840297441,43.171289112485759],[-77.56016281975343,43.171300532511999],[-77.560080305006238,43.171454457911807],[-77.560041903656199,43.171532757679657],[-77.559886292055083,43.171536444442275],[-77.55923914491801,43.171454176719145],[-77.559220714320674,43.171449234538294],[-77.558778676894249,43.172274377951169],[-77.55702757862143,43.175539698774777],[-77.556588376406225,43.176351778169213],[-77.556697520748145,43.176477697389231],[-77.557182423736236,43.177103351852125],[-77.557720762444006,43.177797935628583],[-77.558561631083933,43.178882818659844],[-77.558805539800375,43.179091344178929],[-77.559894430006906,43.180022251868913],[-77.559942156478002,43.180632596269326],[-77.559972222265543,43.181123805694362],[-77.560040784473316,43.18224395967259],[-77.560047049664149,43.182372226518211],[-77.560056691660492,43.182569634794405],[-77.56006472691071,43.182734141087799],[-77.560072762180624,43.182898648276385],[-77.560080797500362,43.183063154560145],[-77.560088832839838,43.183227661739153],[-77.560096866984139,43.183392168902373],[-77.560104902408156,43.183556675171729],[-77.560128338621325,43.184036486516227],[-77.560128505525057,43.184039897841146],[-77.560136888413169,43.184211522116883],[-77.560146527292218,43.184240340752133],[-77.560138388993337,43.184242243829708],[-77.559685151611831,43.18434823097121],[-77.559563686593208,43.184386578549947],[-77.559553555120615,43.18439070966501],[-77.558670646566455,43.184750711265991],[-77.558624344677384,43.184769590711788],[-77.558310867978676,43.18490650537202],[-77.557843800787438,43.185100518201772],[-77.557816134841815,43.185114264189778],[-77.55778879881565,43.185128362393272],[-77.557761805098679,43.185142807522588],[-77.55773025336552,43.185160431678767],[-77.557710575274143,43.185171423629313],[-77.557673237663664,43.185199877112147],[-77.557623658626767,43.185245829886462],[-77.557605373024231,43.185266371569242],[-77.557590583519342,43.185284927322662],[-77.557560682682919,43.185328620656783],[-77.557531891653241,43.185380305711554],[-77.557526068600708,43.185391958363731],[-77.557481750555979,43.185463625599745],[-77.557468730212562,43.185502437447184],[-77.557456402358468,43.185541179888759],[-77.557440501426754,43.185579303378184],[-77.557422624413803,43.185616865443507],[-77.557408282866547,43.185655453895563],[-77.557399830349368,43.185694905308232],[-77.557391096978108,43.185734231778646],[-77.557390156426933,43.18577415743276],[-77.557393852472657,43.185813927531306],[-77.557408587156957,43.18585227534188],[-77.557417441273714,43.185891677619495],[-77.557426304686558,43.185930892744892],[-77.55744598596057,43.185968060683123],[-77.557463600072822,43.186005626857771],[-77.557494100566416,43.186037143343874],[-77.557528534880106,43.186068161297008],[-77.557570532824954,43.186093488693935],[-77.557609695983558,43.186121198603715],[-77.557652477666451,43.186145861473307],[-77.557696085511822,43.186169528048055],[-77.557740572232362,43.186192135787941],[-77.557786147324364,43.186213736079161],[-77.557833512538124,43.186232899445478],[-77.557877783250831,43.18625555650501],[-77.557912934076512,43.186285751711026],[-77.557945592549459,43.18631771499777],[-77.557958379372337,43.186355679808131],[-77.557950774184434,43.18639516135601],[-77.557937927741733,43.186434025218887],[-77.557924782644207,43.186472577645944],[-77.557911316733879,43.186511260420268],[-77.557896741295266,43.186549790120864],[-77.557879556013859,43.18658754928714],[-77.557867263704665,43.186626521626934],[-77.557859201031576,43.186665989164098],[-77.557843085860469,43.186704120683579],[-77.557828273748925,43.186742306189274],[-77.557803762435043,43.186777581823222],[-77.557773005147595,43.186810380010805],[-77.557737405414542,43.186826232352786],[-77.557735563779332,43.186831379196938],[-77.557730270093302,43.186829409883366],[-77.557727728048192,43.186830542007137],[-77.557676179686069,43.186843418523807],[-77.557622422923401,43.186848006288102],[-77.557568635837541,43.18685447780345],[-77.557514047674971,43.186855526709252],[-77.557459905397423,43.186859333196459],[-77.557406261002782,43.186866978831787],[-77.557352151302396,43.186871703729828],[-77.557297549800751,43.186871711820281],[-77.557244665246756,43.186881583104835],[-77.557192750055052,43.186893951119778],[-77.557140202005314,43.186903633638856],[-77.55709271015354,43.18692358468094],[-77.557043322125494,43.186940551744044],[-77.556996040812464,43.18696034170442],[-77.556951297188334,43.186982782898902],[-77.556906371918132,43.187005490695526],[-77.556864239815752,43.187030799812696],[-77.556814637560251,43.187045492834486],[-77.556760600352746,43.187045219479003],[-77.556706119573263,43.187047116919238],[-77.556651540868273,43.187046049206913],[-77.556597420226723,43.187044588606284],[-77.556543249351549,43.187041134560886],[-77.556482137642931,43.187046936711049],[-77.555961270550853,43.187043075763711],[-77.555947284787322,43.187044020460476],[-77.555933324309137,43.187045144515707],[-77.555919391606352,43.187046446151449],[-77.555905491598836,43.187047925411939],[-77.555891630436435,43.187049582352337],[-77.55587781059414,43.187051416094782],[-77.55586403577685,43.187053425772383],[-77.555850312149587,43.187055610540348],[-77.555836640942204,43.187057970409747],[-77.555823028304573,43.187060505435838],[-77.555809480431833,43.18706321297379],[-77.555795997308778,43.187066093923669],[-77.555782585130615,43.187069145640606],[-77.555769248802051,43.187072369068879],[-77.555755990828331,43.187075761530501],[-77.55574281612931,43.18707932306971],[-77.55572972717998,43.187083052808589],[-77.555710803010058,43.18708879061041],[-77.555699422154447,43.18709204419838],[-77.555688120061362,43.187095442519336],[-77.55567690042075,43.187098985606454],[-77.555665766952657,43.18710267169287],[-77.555654724622428,43.187106498122681],[-77.555643773414758,43.187110465795939],[-77.55563291952501,43.187114572067877],[-77.555622165413013,43.187118816960549],[-77.555611513568948,43.187123198696071],[-77.555600967712962,43.187127715507543],[-77.555590531550081,43.187132366528125],[-77.555580207585535,43.187137149079824],[-77.555570000724217,43.187142064106915],[-77.55555991102645,43.187147108009334],[-77.555549942197302,43.18715227992022],[-77.555540100416906,43.187157578094755],[-77.555530386915322,43.187163002544054],[-77.555520801767912,43.187168548768057],[-77.555511352354713,43.187174216832972],[-77.555502038705868,43.18718000493886],[-77.555492864541577,43.187185911318807],[-77.555483832367131,43.187191933294905],[-77.555474945887568,43.187198070000242],[-77.555461463344386,43.187207804781991],[-77.55477157159649,43.187711486131427],[-77.554737327618113,43.187736486412156],[-77.554730232530261,43.187582460888542],[-77.554062269846867,43.188293471411342],[-77.554498771745969,43.188460707807394],[-77.554315795063076,43.188891011263671],[-77.554289990901665,43.188931152553053],[-77.554258513963703,43.188967018696353],[-77.554222061709098,43.188997814978499],[-77.554181441839901,43.189022859021406],[-77.554137554403312,43.189041595904001],[-77.554091371848713,43.189053610458046],[-77.554043917480215,43.189058636467387],[-77.553970203609992,43.189065756047597],[-77.55378781773517,43.189083370241406],[-77.553351398111658,43.189125517696638],[-77.553349329204977,43.189125717809681],[-77.553314605961063,43.189127150858887],[-77.553279946121933,43.189124610612765],[-77.55306039392417,43.189095182080912],[-77.553021739007789,43.189091058743443],[-77.552982907665651,43.189089233547442],[-77.552921139582523,43.189091058146204],[-77.552646950999431,43.189112886328523],[-77.552299740541201,43.189140527050753],[-77.552297768300889,43.189140684808052],[-77.552297389659898,43.1891347493019],[-77.552297068304028,43.189129722579466],[-77.551824906112969,43.189203255813048],[-77.551766285684934,43.189192829006124],[-77.551767579917566,43.189212183442052],[-77.55146484167912,43.189175966994],[-77.551162105043716,43.189139749759292],[-77.550884579306469,43.189106547068391],[-77.550860188992985,43.189115812891785],[-77.550567309086333,43.189227073507887],[-77.550404391356437,43.189288962584357],[-77.550365871148045,43.189190962974493],[-77.550263809855835,43.189243015226012],[-77.550222814541343,43.189260991294503],[-77.550288023770889,43.189404828964093],[-77.549486699595917,43.189912160812185]]]]},"properties":{"OBJECTID":161,"Beat":"205","Section":"Goodman","Section_Num":5,"Supervisor_Name":"Capt. Jason Elwood","Note":"In case of emergency call 911.","Color_Code":3,"Shape.STArea()":69683548.460485801,"Shape.STLength()":115641.40837044426,"ID":205,"Office_Address":"630 N Clinton Ave, Rochester, NY 14605","Office_Phone":"(585) 428-9805","Email_Contact":"","Office_Hours":"8:00am - 4:00pm"}},{"type":"Feature","id":162,"geometry":{"type":"Polygon","coordinates":[[[-77.61791454916505,43.166854409835295],[-77.619805461594524,43.166013946435989],[-77.620485373222792,43.165696933323112],[-77.6199435354537,43.1649823711846],[-77.619024084456413,43.164487619946456],[-77.618207755651099,43.163866456996423],[-77.616789771395275,43.163212081833208],[-77.615401699724075,43.162812802182913],[-77.61414775216349,43.162189413753467],[-77.613475802796472,43.161318306501109],[-77.613048783059227,43.160536276067837],[-77.612565221546618,43.16085148276526],[-77.61192068024144,43.161107151583515],[-77.611590681577425,43.161203488603924],[-77.611318704853488,43.16127500302882],[-77.61100337675596,43.161354589281629],[-77.61052452573432,43.161465548766955],[-77.610222606985531,43.161531462560305],[-77.610052060313166,43.161565869233726],[-77.609890260989744,43.161594023677424],[-77.609748725856747,43.161616023035521],[-77.609601491263064,43.161633753707058],[-77.609451486202474,43.16164513240205],[-77.609295841145368,43.161653612040389],[-77.609124390714186,43.161658168059887],[-77.608949924344572,43.161657742693826],[-77.608763339776843,43.161649336435971],[-77.608574627720898,43.161630502167981],[-77.608381398248028,43.161605232475921],[-77.608183906082289,43.161572515015152],[-77.608021120293287,43.161538715826921],[-77.607857394989153,43.161501221295282],[-77.607534075844882,43.161423424926653],[-77.607222884791042,43.161351478713705],[-77.606989719301339,43.161304768620894],[-77.606769465797228,43.161268856001413],[-77.606551685688558,43.16124373102295],[-77.606340914328513,43.161227357535381],[-77.606106070653908,43.16122243706112],[-77.605889373127908,43.161230321244958],[-77.605679616683247,43.161247941173002],[-77.605504072475028,43.161269759874465],[-77.605300378984182,43.161308826194464],[-77.60503252240143,43.161376491947834],[-77.604748461663277,43.161461506995131],[-77.604426136007987,43.161567656711831],[-77.604175843489671,43.161663559675709],[-77.60390344431201,43.161766161846685],[-77.603579147181932,43.161877063196172],[-77.603307118769465,43.16195634908582],[-77.603043354895348,43.162016757441684],[-77.602822887718801,43.162056316535477],[-77.602550965234528,43.162097201135765],[-77.602248594331627,43.162113799321368],[-77.601984839103338,43.162126007452244],[-77.601767433181479,43.162124142395797],[-77.601543594027248,43.162112574586665],[-77.601295980812282,43.1620893845027],[-77.601017398118586,43.162055001701972],[-77.600774336074949,43.162009502821803],[-77.600459347165184,43.16192962370657],[-77.597779599184349,43.161129042326273],[-77.597649762099621,43.16134448332155],[-77.59745052241351,43.16167304651384],[-77.59696232010684,43.162504656132711],[-77.596718098640778,43.162920288040581],[-77.596466252877647,43.163343740022086],[-77.595970354144058,43.164171506133584],[-77.595566017164899,43.164869731158028],[-77.595161625167904,43.165556294277465],[-77.595069209093879,43.16570880310794],[-77.594568610488622,43.166535149404332],[-77.59451847277559,43.166622517768261],[-77.59430439740602,43.166997246265581],[-77.593948585516301,43.16758956470126],[-77.593605204386648,43.168180617643522],[-77.593277062157526,43.168741619572096],[-77.592849796602039,43.169477705928159],[-77.593918978502401,43.169454367876028],[-77.594072658423954,43.169455010026105],[-77.594191008477253,43.169467350276115],[-77.594320233663154,43.169488015570245],[-77.594466791593121,43.16952357891752],[-77.594627651950219,43.169572982468154],[-77.595146454063467,43.169756148563486],[-77.595940030426547,43.170000327487415],[-77.596550324279065,43.170191135207013],[-77.597152950490312,43.170378100061782],[-77.597778696024065,43.170599213504708],[-77.597975750648828,43.170656471161792],[-77.59808841224087,43.170687620539582],[-77.598185934937845,43.1707131547115],[-77.59829614607473,43.170736395497499],[-77.598923031025492,43.170755505429582],[-77.599815772489677,43.170778611687595],[-77.600823028855757,43.170805093447171],[-77.600964715315499,43.170808710021738],[-77.601091306280509,43.170818713144328],[-77.601223867034037,43.170836312596748],[-77.602966947060153,43.171190444979523],[-77.603844297929228,43.171370809575201],[-77.604193226139273,43.171439986812565],[-77.604454904057718,43.171482167533405],[-77.604500992073312,43.171503810370496],[-77.604547884766561,43.171517347745073],[-77.604619476436824,43.171529453590097],[-77.604720279244802,43.171538525447211],[-77.604828865312768,43.171543090924786],[-77.604998330834107,43.171545828387195],[-77.605115016756869,43.171543542355444],[-77.605240729420899,43.171538050460036],[-77.605380029683118,43.17152446413013],[-77.60554380564578,43.17150362261539],[-77.607481509893077,43.171110890808663],[-77.609267001046561,43.170742078206644],[-77.609504987717926,43.170692916075545],[-77.611792250246893,43.17022988696305],[-77.612354564963965,43.170117346189002],[-77.612517101741162,43.170084518200888],[-77.612882237070437,43.170006959954421],[-77.613185032845891,43.169933560005816],[-77.613301917694812,43.169900153829019],[-77.613391172967283,43.169872573232425],[-77.613475899836814,43.169843287062058],[-77.61356065423,43.169812333947164],[-77.613643157576661,43.169779693674435],[-77.613728016032979,43.16974207375771],[-77.613815204464984,43.169701139293139],[-77.61390193563544,43.169658005372305],[-77.613988051067764,43.169612893895568],[-77.614345315622089,43.169418189058995],[-77.615045296248667,43.16901587316233],[-77.615115997032561,43.168969957036467],[-77.615196742801203,43.168915635466028],[-77.615275279752453,43.168861542694465],[-77.615351322590669,43.168806509691862],[-77.615427258250222,43.168742367809209],[-77.615508603512239,43.168666788167172],[-77.615581887426458,43.168594073930329],[-77.61566341750418,43.168506762920245],[-77.616063660125079,43.1680694827187],[-77.616221980656775,43.167882586552437],[-77.616309670206633,43.167791061229693],[-77.616397282865876,43.167704393407647],[-77.616511659182279,43.167603381537191],[-77.616875845544726,43.167311055108101],[-77.617588401995178,43.166990904537705],[-77.61791454916505,43.166854409835295]]]},"properties":{"OBJECTID":162,"Beat":"287","Section":"Clinton","Section_Num":7,"Supervisor_Name":"Capt. Samuel Lucyshyn","Note":"In case of emergency call 911.","Color_Code":3,"Shape.STArea()":19278371.233100139,"Shape.STLength()":18632.288009869048,"ID":287,"Office_Address":"630 N Clinton Ave, Rochester, NY 14605","Office_Phone":"(585) 428-9807","Email_Contact":"","Office_Hours":"8:00am - 4:00pm"}},{"type":"Feature","id":163,"geometry":{"type":"Polygon","coordinates":[[[-77.578756453131774,43.170965211655016],[-77.578712221484523,43.171045707953247],[-77.579879849828401,43.17102164991045],[-77.580296354351148,43.171011238132593],[-77.580911877205935,43.170994335887379],[-77.58141790147792,43.170982645686394],[-77.582095757907695,43.170964911093392],[-77.582543189017201,43.170954417026273],[-77.583093046935758,43.170941388033313],[-77.583658397812556,43.170926432189546],[-77.584095097472641,43.170913097262172],[-77.584793077429822,43.170896892502341],[-77.585914479955278,43.170862424299706],[-77.586364609398217,43.170858799897822],[-77.587034533616915,43.170838908219089],[-77.58709358241201,43.17083839264221],[-77.588180888691184,43.170811493482297],[-77.589279254822713,43.170781593403198],[-77.58946818168522,43.170776031671423],[-77.589594507684097,43.170773355525661],[-77.590694066808084,43.170742079462606],[-77.591430772804699,43.170721369592094],[-77.593315371431871,43.170679376355956],[-77.593475451890242,43.170675615260265],[-77.594532121029815,43.170644960985364],[-77.595146454063467,43.169756148563486],[-77.594627651950219,43.169572982468154],[-77.594466791593121,43.16952357891752],[-77.594320233663154,43.169488015570245],[-77.594191008477253,43.169467350276115],[-77.594072658423954,43.169455010026105],[-77.593918978502401,43.169454367876028],[-77.592849796602039,43.169477705928159],[-77.593277062157526,43.168741619572096],[-77.593605204386648,43.168180617643522],[-77.593948585516301,43.16758956470126],[-77.59430439740602,43.166997246265581],[-77.59451847277559,43.166622517768261],[-77.594568610488622,43.166535149404332],[-77.595069209093879,43.16570880310794],[-77.595161625167904,43.165556294277465],[-77.595566017164899,43.164869731158028],[-77.595970354144058,43.164171506133584],[-77.596466252877647,43.163343740022086],[-77.596718098640778,43.162920288040581],[-77.59696232010684,43.162504656132711],[-77.59745052241351,43.16167304651384],[-77.597649762099621,43.16134448332155],[-77.597779599184349,43.161129042326273],[-77.597305776936963,43.160909356940813],[-77.597028674596174,43.16075697825864],[-77.596799320461102,43.160606539138058],[-77.59660600857984,43.160467014431404],[-77.596427350211258,43.160317011785843],[-77.5962635197167,43.160145928757139],[-77.596100457179944,43.159927131340467],[-77.595987660843832,43.15973527844212],[-77.595862941604977,43.159491806617147],[-77.595669286010192,43.159531292602786],[-77.595314873943025,43.159618435910879],[-77.594211846934598,43.159869494515206],[-77.59409299433328,43.160082416878573],[-77.594059072492612,43.160137426476531],[-77.593896420076021,43.160415117962856],[-77.593846474149018,43.160500387687662],[-77.593629693398313,43.160434573425377],[-77.593600294407651,43.160442913931931],[-77.593604665648243,43.160453283011051],[-77.593462303390666,43.160545129940971],[-77.593484435462869,43.160540811573135],[-77.59348935433664,43.160555189355513],[-77.593580574460475,43.160821798164214],[-77.593399291129529,43.160766453487923],[-77.593227930126488,43.160714082143791],[-77.593127604340324,43.160782283077104],[-77.593056937392817,43.160830322065877],[-77.592844383128082,43.160877432448885],[-77.592629714568972,43.160925011119936],[-77.592562468527007,43.160939915324988],[-77.59269760570686,43.161267438029142],[-77.592122572266774,43.161397117590056],[-77.591779252296121,43.160565915963026],[-77.591708425551943,43.160425352498436],[-77.591621503899873,43.160444612571283],[-77.591491950372117,43.160472611822406],[-77.59154733454794,43.160595094839714],[-77.591746709046774,43.161075052377683],[-77.5915356579643,43.161124067312549],[-77.591551781140595,43.161164819196571],[-77.591336000036222,43.161212787266464],[-77.591191905124376,43.161244819775199],[-77.591045982372137,43.161277257528553],[-77.59118450699745,43.161606392973276],[-77.590978302893006,43.16165202375602],[-77.590840583759331,43.161322643005242],[-77.590689552717606,43.16135583353914],[-77.590617958956457,43.161371567540719],[-77.590474178983285,43.161403165293379],[-77.590438615173397,43.161318088460014],[-77.590401770868809,43.161230082147036],[-77.590365444382059,43.161143364859178],[-77.589937061581281,43.161239054569187],[-77.589839874530014,43.161006664184526],[-77.589776889385504,43.160841906226935],[-77.589678887178422,43.160862997658135],[-77.589633978947717,43.160873240427406],[-77.5895543721075,43.16089024632042],[-77.589621655241373,43.161042583364484],[-77.589832394597664,43.161548238356467],[-77.589373525718102,43.161648637344996],[-77.589418292724332,43.161757431142334],[-77.589462579617972,43.161865054128121],[-77.589498970835336,43.161953489779201],[-77.589533548506978,43.162037517730774],[-77.589596492973783,43.162190478698562],[-77.589620669198681,43.16224923219616],[-77.589598045872648,43.16228706520468],[-77.589539172503493,43.162385519483493],[-77.589477827950176,43.162488103850023],[-77.589419383928018,43.162585839856227],[-77.589381859532253,43.162648591513296],[-77.589347085454406,43.16270674287604],[-77.588966224190401,43.162591270166594],[-77.588146614284938,43.162745184973545],[-77.587874906373116,43.16279728686245],[-77.587768248567329,43.163020086274415],[-77.586784595489306,43.162484744216471],[-77.586690380240185,43.162432947739703],[-77.586437629879228,43.162293992610934],[-77.58570624766061,43.161897167320006],[-77.58529805047462,43.161986469604557],[-77.585330326998616,43.162003997538442],[-77.584750886288447,43.162135702547573],[-77.584693762387417,43.162172714044601],[-77.584522951329461,43.162342450684086],[-77.58441343586027,43.162509074781319],[-77.584240591772314,43.162675783965945],[-77.584209134533637,43.162664421848575],[-77.584138443812236,43.162638888652765],[-77.584017494021865,43.162595203763694],[-77.583979742599197,43.162652005131768],[-77.583936596058194,43.162614538503639],[-77.583833817978174,43.162581011253316],[-77.583726975354196,43.162546159352935],[-77.583698570609272,43.162475203667],[-77.58366035908486,43.162474086634909],[-77.583696951997041,43.16256753352431],[-77.583907810822382,43.162636529360597],[-77.583962936696324,43.162676730941513],[-77.583944188712778,43.162706760691968],[-77.583886853690458,43.162798598425361],[-77.583855857772974,43.162848245699394],[-77.583627649383629,43.162768640884487],[-77.583531366951007,43.162923740548891],[-77.583321664739501,43.162851652143516],[-77.583190639307887,43.162810888481438],[-77.583123647248811,43.162928894879585],[-77.583100671873041,43.162970558241931],[-77.583239485020755,43.163007718288398],[-77.583640880625268,43.163146162895252],[-77.5835886239812,43.163240905588395],[-77.583512089371766,43.163379666862923],[-77.583464728694068,43.163465532493291],[-77.583666655461897,43.163533837687432],[-77.583809204063414,43.163582057668854],[-77.583746786874428,43.163681962351433],[-77.583741491532408,43.163680391196117],[-77.583697847639186,43.16376418929562],[-77.58370158667627,43.16376527696562],[-77.58352002783711,43.164108369268007],[-77.583097433672904,43.163986784543468],[-77.582756459009161,43.163888681029022],[-77.582521095938773,43.163821520210789],[-77.582515489843615,43.163902483801245],[-77.582510675762038,43.163971992449817],[-77.582506665697309,43.163994888309006],[-77.582667347709673,43.164039351699465],[-77.582984053507886,43.164130660330649],[-77.582915293700083,43.164260646790567],[-77.583089159886484,43.164309598803293],[-77.583019010133171,43.164439231104659],[-77.582984629399476,43.164502761563156],[-77.582950636528182,43.164565578866572],[-77.58281321924531,43.164526549326794],[-77.582751331351815,43.164640878803212],[-77.582674810780844,43.164782244695388],[-77.582324779332978,43.164681567214799],[-77.582208185327389,43.164642079122665],[-77.582168379846578,43.164720785541007],[-77.58212728231446,43.164798482348331],[-77.582242033780261,43.164832663198744],[-77.582876714012201,43.165015938439154],[-77.582627652450157,43.1654595055223],[-77.582615534359562,43.165458084375835],[-77.582481559156989,43.165442369250187],[-77.582468529118771,43.165440841091495],[-77.582322585675982,43.165423721230233],[-77.582310635533815,43.165521211313006],[-77.582296317394849,43.165638021727659],[-77.581827502362387,43.165600897731068],[-77.581709442562328,43.165588413108189],[-77.581680091778864,43.165643900969286],[-77.581651784854174,43.165694807094496],[-77.581770438011901,43.165706738866],[-77.582125157915172,43.165735472462217],[-77.582109441295216,43.165866051313316],[-77.582096614441809,43.165972618209253],[-77.582088000590446,43.166044181954803],[-77.582047550385468,43.166045145786292],[-77.581898402593197,43.166048696748739],[-77.581744117314031,43.166052369970885],[-77.581758347720452,43.166335762747984],[-77.581760655200739,43.166381722223313],[-77.581403628363887,43.166390608799041],[-77.581267932349718,43.166392414292822],[-77.581222328610536,43.166475708144617],[-77.581176866709725,43.166560322868477],[-77.581312547867654,43.166556816031928],[-77.581467483802669,43.166552613490623],[-77.581484206309156,43.166856965151489],[-77.581326985655593,43.166860957767959],[-77.581332894693929,43.166961544094129],[-77.581337877331791,43.167046355829555],[-77.581343769107747,43.167146645844987],[-77.581344834161087,43.167164772891368],[-77.580975590287309,43.167176032891554],[-77.580848665820412,43.167175504982545],[-77.580810345810121,43.167257841689207],[-77.580700763832326,43.167455180680363],[-77.58079930606884,43.167492962016119],[-77.580964599101421,43.167545093526577],[-77.581001491693002,43.16754357951239],[-77.581140114306251,43.16753788693741],[-77.581148052752937,43.167675072137648],[-77.580938099651533,43.167676166408533],[-77.580901866363206,43.167793096041564],[-77.580869340928189,43.167898059788357],[-77.580836637514082,43.168003597172792],[-77.5808106554462,43.168087442644797],[-77.58071453848946,43.168088164830301],[-77.580719843889369,43.16818740462309],[-77.580725010712655,43.168284065113617],[-77.580727439187356,43.168329499954986],[-77.580729869888756,43.168374949218183],[-77.580731993307879,43.168414674309851],[-77.580287982002673,43.168426226497076],[-77.580160917535039,43.168427332202555],[-77.580119503171645,43.168501908167705],[-77.580017873653631,43.168685191631454],[-77.579966238621765,43.168778959534841],[-77.580129924013946,43.168776048077881],[-77.580452107517047,43.168766384774273],[-77.580466886580311,43.169095952979582],[-77.580318227096711,43.169099566462258],[-77.580165108955541,43.169103288283324],[-77.580017842151435,43.169106867678749],[-77.580024561150282,43.169264160111105],[-77.580027759901782,43.16933906606188],[-77.580030677773493,43.169407390209706],[-77.579748066665303,43.169414648549832],[-77.579613183624943,43.169420094087187],[-77.579566592064836,43.169504701812848],[-77.579521336397534,43.169585003126912],[-77.579812435327355,43.16957985058356],[-77.579825783623221,43.169879348715618],[-77.579825963654585,43.169883375852315],[-77.579785961005797,43.170042823926721],[-77.579778692039042,43.170071704209249],[-77.579664757719584,43.170530697545942],[-77.579206026778252,43.170401876298541],[-77.579089913441038,43.170358335811734],[-77.578756453131774,43.170965211655016]]]},"properties":{"OBJECTID":163,"Beat":"297","Section":"Clinton","Section_Num":7,"Supervisor_Name":"Capt. Samuel Lucyshyn","Note":"In case of emergency call 911.","Color_Code":4,"Shape.STArea()":12302076.955975117,"Shape.STLength()":21721.103465796848,"ID":297,"Office_Address":"630 N Clinton Ave, Rochester, NY 14605","Office_Phone":"(585) 428-9807","Email_Contact":"","Office_Hours":"8:00am - 4:00pm"}},{"type":"Feature","id":164,"geometry":{"type":"Polygon","coordinates":[[[-77.591713078546221,43.174780092571105],[-77.591228770794771,43.175460804211689],[-77.592491272100304,43.175428522267623],[-77.593681623096089,43.175409665605088],[-77.595131121043437,43.175390631880049],[-77.597650235379646,43.175342036488821],[-77.598816462447289,43.175336980070099],[-77.599980162684872,43.175328803361452],[-77.601265819017158,43.175298681367423],[-77.602715206136025,43.175256914923509],[-77.604538728008279,43.175203580615793],[-77.605210084988997,43.175184624597861],[-77.605881447109951,43.175165320818131],[-77.606527903725549,43.175150260788151],[-77.607608809132742,43.175117634060854],[-77.610421757785375,43.175022561182388],[-77.613266951232205,43.17493249313376],[-77.616448566321978,43.174829761962705],[-77.617684540612544,43.17479903639331],[-77.619607210092184,43.17474184011008],[-77.621537415082571,43.174681930237853],[-77.622538941937947,43.174645067186702],[-77.622617999492448,43.174638870914272],[-77.622681174971717,43.174629454545283],[-77.622747088029953,43.174609773991122],[-77.622807464582777,43.174584556781589],[-77.622881824906955,43.174549168901827],[-77.623101610998404,43.174428915768438],[-77.624001957130261,43.173894917252333],[-77.624368076771049,43.174215572862053],[-77.624999678836105,43.173860743541617],[-77.625750095772958,43.173395831531366],[-77.626046756679472,43.173164665303482],[-77.625152236581556,43.172933296539647],[-77.624458843771393,43.172638347986144],[-77.624213428065275,43.172517205527058],[-77.623888761795925,43.172338403688563],[-77.623701861850535,43.172160283109875],[-77.623533908820988,43.171856538644754],[-77.623435184112068,43.17143674967727],[-77.623224445237511,43.171025824356498],[-77.623054127932164,43.170733679587926],[-77.622894091218697,43.170409204835529],[-77.622697882123404,43.170060923575306],[-77.622722678031295,43.169406338991784],[-77.622799790535993,43.168914297155261],[-77.622896626622477,43.168610855268426],[-77.622957728990841,43.16831892085721],[-77.622884944083907,43.167964646385705],[-77.622707885426436,43.167651135530441],[-77.622376065222539,43.16723155101262],[-77.621958504197252,43.166885077035623],[-77.621420051082112,43.166570929255514],[-77.620485373222792,43.165696933323112],[-77.619805461594524,43.166013946435989],[-77.61791454916505,43.166854409835295],[-77.617588401995178,43.166990904537705],[-77.616875845544726,43.167311055108101],[-77.616511659182279,43.167603381537191],[-77.616397282865876,43.167704393407647],[-77.616309670206633,43.167791061229693],[-77.616221980656775,43.167882586552437],[-77.616063660125079,43.1680694827187],[-77.61566341750418,43.168506762920245],[-77.615581887426458,43.168594073930329],[-77.615508603512239,43.168666788167172],[-77.615427258250222,43.168742367809209],[-77.615351322590669,43.168806509691862],[-77.615275279752453,43.168861542694465],[-77.615196742801203,43.168915635466028],[-77.615115997032561,43.168969957036467],[-77.615045296248667,43.16901587316233],[-77.614345315622089,43.169418189058995],[-77.613988051067764,43.169612893895568],[-77.61390193563544,43.169658005372305],[-77.613815204464984,43.169701139293139],[-77.613728016032979,43.16974207375771],[-77.613643157576661,43.169779693674435],[-77.61356065423,43.169812333947164],[-77.613475899836814,43.169843287062058],[-77.613391172967283,43.169872573232425],[-77.613301917694812,43.169900153829019],[-77.613185032845891,43.169933560005816],[-77.612882237070437,43.170006959954421],[-77.612559165579398,43.170075535875178],[-77.612517101741162,43.170084518200888],[-77.612354564963965,43.170117346189002],[-77.611792250246893,43.17022988696305],[-77.609504987717926,43.170692916075545],[-77.609267001046561,43.170742078206644],[-77.607481509893077,43.171110890808663],[-77.60554380564578,43.17150362261539],[-77.605380029683118,43.17152446413013],[-77.605240729420899,43.171538050460036],[-77.605115016756869,43.171543542355444],[-77.604998330834107,43.171545828387195],[-77.604828865312768,43.171543090924786],[-77.604720279244802,43.171538525447211],[-77.604671421559317,43.171534128759106],[-77.604619476436824,43.171529453590097],[-77.604547884766561,43.171517347745073],[-77.604500992073312,43.171503810370496],[-77.604454904057718,43.171482167533405],[-77.604193226139273,43.171439986812565],[-77.603844297929228,43.171370809575201],[-77.602966947060153,43.171190444979523],[-77.601223867034037,43.170836312596748],[-77.601091306280509,43.170818713144328],[-77.600964715315499,43.170808710021738],[-77.600823028855757,43.170805093447171],[-77.599815772489677,43.170778611687595],[-77.598923031025492,43.170755505429582],[-77.59829614607473,43.170736395497499],[-77.598185934937845,43.1707131547115],[-77.59808841224087,43.170687620539582],[-77.597975750648828,43.170656471161792],[-77.597778696024065,43.170599213504708],[-77.597152950490312,43.170378100061782],[-77.596550324279065,43.170191135207013],[-77.595940030426547,43.170000327487415],[-77.595146454063467,43.169756148563486],[-77.594532121029815,43.170644960985364],[-77.594269000477667,43.171038130984265],[-77.593719666799572,43.171846560216139],[-77.593559768573215,43.17207119417165],[-77.593391576280766,43.172315991029897],[-77.592865142141306,43.173097862876446],[-77.592613386954184,43.173467804793368],[-77.591713078546221,43.174780092571105]]]},"properties":{"OBJECTID":164,"Beat":"277","Section":"Clinton","Section_Num":7,"Supervisor_Name":"Capt. Samuel Lucyshyn","Note":"In case of emergency call 911.","Color_Code":1,"Shape.STArea()":16192752.449704206,"Shape.STLength()":22813.74734797877,"ID":277,"Office_Address":"630 N Clinton Ave, Rochester, NY 14605","Office_Phone":"(585) 428-9807","Email_Contact":"","Office_Hours":"8:00am - 4:00pm"}},{"type":"Feature","id":165,"geometry":{"type":"Polygon","coordinates":[[[-77.57653562975905,43.181756684818502],[-77.576542251540303,43.181869769026413],[-77.57663315470063,43.181866442618748],[-77.576673659619601,43.181864960902217],[-77.576782936395048,43.181860961595206],[-77.576806329273069,43.181860106115899],[-77.57693433903971,43.181855421721629],[-77.576941376845639,43.181855164074257],[-77.577071396511073,43.181850406290785],[-77.577082977254932,43.181849982455525],[-77.577205330146512,43.181845505448884],[-77.577304562171605,43.181841873686992],[-77.577335497482537,43.181840741462501],[-77.577494448634624,43.181834924261828],[-77.577602404647223,43.1818309728705],[-77.577680075207667,43.181828130610469],[-77.577865450668739,43.181821345252814],[-77.578066288788889,43.181813995138953],[-77.578071189904009,43.181813814964428],[-77.578253288836947,43.181807150514594],[-77.57826394645663,43.181807135227132],[-77.578454523890031,43.181800418020579],[-77.578472661984677,43.181799778892163],[-77.578656676827521,43.181793292658838],[-77.578771391003542,43.181789249186259],[-77.578853419214525,43.181786356177454],[-77.579017496495254,43.181780571966833],[-77.579050656321343,43.18177940299676],[-77.57916537414242,43.181775359160945],[-77.579181344811445,43.181774796313086],[-77.579318342310629,43.181769965797812],[-77.579369293138427,43.18176816882643],[-77.579468811950363,43.181764661026193],[-77.579615256928591,43.181759496278339],[-77.579665356018566,43.181757730409394],[-77.579768117939253,43.181754106774385],[-77.579851621747963,43.181751162982259],[-77.579918405354661,43.181748807914175],[-77.579919088030621,43.181761726805838],[-77.580052139188439,43.181756982320657],[-77.580037875960585,43.181559690824656],[-77.580027443243537,43.181415353769538],[-77.580021215603693,43.181347214973414],[-77.580482349928729,43.181330011584151],[-77.581413139073064,43.181299404144085],[-77.582344051886679,43.181261246804752],[-77.582356514717617,43.181445186295242],[-77.582451866566913,43.181441605232337],[-77.582455119097929,43.181509959114578],[-77.582466045227889,43.181676322870914],[-77.582639151070836,43.181670510733177],[-77.582788876388477,43.181665483135916],[-77.582838047195537,43.181663831981488],[-77.582935347590379,43.18166056461228],[-77.583076473629134,43.181655826008523],[-77.583210677951755,43.181651318373916],[-77.583201050931635,43.18148512267193],[-77.583196292489575,43.181413647365389],[-77.583289955564325,43.181410129154365],[-77.583750722341748,43.181392734741962],[-77.583756638736034,43.181459170203325],[-77.58376736482586,43.181633713717154],[-77.583775801809963,43.181771011691666],[-77.583931096972236,43.181766818911306],[-77.583947749669633,43.18176636937612],[-77.584082482452899,43.181762731296644],[-77.584096990201559,43.181762338618483],[-77.584231341466833,43.181758711433943],[-77.584248474100079,43.181758248943176],[-77.584379355025362,43.181754714600665],[-77.584398206852768,43.181754204087746],[-77.584532384555814,43.181750582235374],[-77.584546783980628,43.181750193955402],[-77.584680324244331,43.181746587068126],[-77.58469219108342,43.181746265778514],[-77.584829165975663,43.181742566276377],[-77.584838494036063,43.18174231463],[-77.584982832910839,43.181738416367466],[-77.584987757840395,43.181738282913045],[-77.585132801842263,43.181734365409923],[-77.585281328465769,43.181730353882578],[-77.585283557102613,43.181730294110736],[-77.585418250370296,43.181726655913124],[-77.58543074358802,43.181726317506545],[-77.585556452132863,43.181722921233394],[-77.585584294787537,43.181722169380542],[-77.585694233007175,43.181719198019159],[-77.585731600599843,43.181718189829191],[-77.585833054933573,43.181715448609623],[-77.585882804986653,43.181714104553315],[-77.585973315447362,43.18171165936355],[-77.586034981548281,43.18170999244591],[-77.586108436901924,43.181708008783183],[-77.58618479652624,43.181705945067925],[-77.586237272374035,43.181704527397905],[-77.586380525717814,43.181700655717073],[-77.586369842605279,43.181609110980212],[-77.586509894212014,43.181599697707796],[-77.586663731898895,43.181484532942008],[-77.586649298883572,43.181375386984051],[-77.586634506672738,43.181263522986875],[-77.586622015698822,43.181179121550194],[-77.58733375233578,43.181124017037739],[-77.587791490121958,43.18048322002533],[-77.587913500621468,43.180300107356267],[-77.588264996998831,43.179779794944885],[-77.588743948756829,43.179086704065583],[-77.58995832887625,43.177328564917936],[-77.590110875561777,43.177111073754105],[-77.590164425188433,43.177030941164702],[-77.590400833247628,43.176698941625297],[-77.590887784529784,43.175986360913619],[-77.591098616552671,43.175670601173927],[-77.591228770794771,43.175460804211689],[-77.591713078546221,43.174780092571105],[-77.592613386954184,43.173467804793368],[-77.592865142141306,43.173097862876446],[-77.593391576280766,43.172315991029897],[-77.593559768573215,43.17207119417165],[-77.593719666799572,43.171846560216139],[-77.594269000477667,43.171038130984265],[-77.594532121029815,43.170644960985364],[-77.593475451890242,43.170675615260265],[-77.593315371431871,43.170679376355956],[-77.591430772804699,43.170721369592094],[-77.590694066808084,43.170742079462606],[-77.589594507684097,43.170773355525661],[-77.58946818168522,43.170776031671423],[-77.589279254822713,43.170781593403198],[-77.588180888691184,43.170811493482297],[-77.58709358241201,43.17083839264221],[-77.587034533616915,43.170838908219089],[-77.586364609398217,43.170858799897822],[-77.585914479955278,43.170862424299706],[-77.584793077429822,43.170896892502341],[-77.584095097472641,43.170913097262172],[-77.583658397812556,43.170926432189546],[-77.583093046935758,43.170941388033313],[-77.582543189017201,43.170954417026273],[-77.582095757907695,43.170964911093392],[-77.58141790147792,43.170982645686394],[-77.580911877205935,43.170994335887379],[-77.580296354351148,43.171011238132593],[-77.579879849828401,43.17102164991045],[-77.578712221484523,43.171045707953247],[-77.578672561983623,43.171121124222161],[-77.578822399481936,43.171118052528705],[-77.578859464344333,43.17111711773012],[-77.579378751138876,43.171104028111131],[-77.57938829068442,43.171380725712261],[-77.579391801500392,43.171482561151123],[-77.579395474564578,43.171589132901538],[-77.579399077663808,43.171693669653791],[-77.579402518354598,43.171793480891452],[-77.579406126741262,43.171898146410435],[-77.579409772353785,43.17200391856192],[-77.579833179479053,43.171995689851116],[-77.579837230822847,43.172102191083276],[-77.579411902790369,43.172112842409661],[-77.579416158768481,43.172216417199607],[-77.579420519029881,43.172322561084883],[-77.579422711114489,43.17237591713495],[-77.579285557494174,43.172381426066103],[-77.579152658362631,43.17238676423775],[-77.579015370558253,43.172392277968228],[-77.578905486642583,43.172396690883183],[-77.578902851438372,43.172323123039554],[-77.578739182446455,43.172327603665885],[-77.578602055157702,43.172331359379726],[-77.57844684414296,43.172335608710988],[-77.578454210442047,43.17246436607293],[-77.578459353145988,43.17255426791116],[-77.578465244418126,43.172657248576307],[-77.577987521808154,43.172673122545021],[-77.577849645729714,43.172679139201101],[-77.577819518692323,43.17273556075039],[-77.577790966575151,43.172788790632303],[-77.577929758803634,43.172785645536024],[-77.5783363301354,43.172771819392501],[-77.578343801790197,43.17286609040611],[-77.578349025355678,43.172953902761144],[-77.578354382002402,43.173043950502894],[-77.578245753280271,43.173048021842298],[-77.578111811189629,43.173053041781365],[-77.578118752522329,43.173158779897008],[-77.578125494582778,43.173261446683703],[-77.577991124542066,43.173267933596364],[-77.577998833232812,43.173374566024989],[-77.578007852314371,43.173499310560743],[-77.577538029369919,43.173515678740117],[-77.577398669179942,43.1735201299105],[-77.577369256116697,43.173574963411056],[-77.577344823354935,43.173622651949358],[-77.577486735553407,43.173619192764328],[-77.577822295253625,43.173606403102973],[-77.577830858702754,43.173721266990981],[-77.57777213771277,43.173827931264206],[-77.577714077044902,43.173933392382793],[-77.57770215935966,43.173955040201527],[-77.577705171668057,43.173954950558645],[-77.577712360625213,43.174056577987805],[-77.577655534278151,43.174041162665461],[-77.577595510721991,43.174151316147103],[-77.577538226084272,43.174256442828174],[-77.577509574149929,43.174309025426261],[-77.577322433584783,43.17431375764037],[-77.577138445074567,43.17426516877488],[-77.577027102181972,43.17423208672448],[-77.576995499628026,43.174291910300973],[-77.576962706113349,43.174352128467433],[-77.577077370084695,43.174382732821698],[-77.577300388800623,43.174426188387933],[-77.57741275980284,43.174423492106826],[-77.577422964180329,43.174578913132095],[-77.577428941563781,43.174689662125381],[-77.577581200556835,43.174685716793967],[-77.577587951517501,43.174781948357698],[-77.577581043868847,43.174782118973887],[-77.577431095053655,43.174785802864506],[-77.5772778486742,43.174789567380458],[-77.577158255776467,43.174792505168689],[-77.577158261540177,43.174797023165596],[-77.577130006305865,43.174797994385287],[-77.577136732490771,43.174914568664683],[-77.577143065136838,43.175024325204205],[-77.576724025906728,43.175034305281187],[-77.576590702451028,43.175035236708823],[-77.576552915195577,43.175104624929361],[-77.576516462899235,43.175173455078337],[-77.576651533034223,43.175173280846337],[-77.576998840791674,43.175165010517091],[-77.577004666198732,43.175275008343412],[-77.577010440392002,43.175384006529896],[-77.576858576342502,43.175387311853143],[-77.57686386040659,43.175498728086012],[-77.576868881771532,43.175604572663175],[-77.576874138149634,43.175715354929366],[-77.576400261962391,43.175726512181704],[-77.576221380149661,43.175730624848953],[-77.576020787117599,43.176109375293592],[-77.576126855582686,43.17614272693929],[-77.576369233900181,43.176213624457077],[-77.576391465630934,43.176220126716849],[-77.576368729140881,43.176315670300248],[-77.576349228378277,43.176397606608894],[-77.576317540970763,43.176540619182234],[-77.576290361346921,43.176657207376024],[-77.576262503914506,43.17677020242369],[-77.576255788271766,43.176797442709706],[-77.576260880803062,43.176879289429742],[-77.576261482009343,43.176888958928529],[-77.576267872091648,43.176991691070612],[-77.576270367599719,43.177031811932508],[-77.576274516221503,43.177098499608277],[-77.576277238802106,43.177142242044582],[-77.576281418344109,43.177209443987117],[-77.576284038577128,43.177251556217065],[-77.576288204745623,43.177318524896826],[-77.57629082574303,43.177360665937968],[-77.576294914115053,43.177426381797524],[-77.57629771119521,43.177471355416593],[-77.576301964151469,43.177539705715304],[-77.576308846880295,43.177650338455408],[-77.576315583572267,43.177758632170921],[-77.5763182640151,43.17780172340894],[-77.576322316400649,43.177866862838314],[-77.57632499203369,43.177909873017917],[-77.576329302114132,43.177979166289397],[-77.576331771615003,43.178018853033386],[-77.576336051675028,43.178087653647168],[-77.576338815022282,43.178132063458143],[-77.576342928682621,43.178198191807034],[-77.576345515723034,43.178239783439281],[-77.576349749232151,43.178307825698795],[-77.576352514449468,43.178352272431127],[-77.576359311650734,43.178461532544219],[-77.576371276264737,43.178653862432981],[-77.576333388550779,43.178659605074174],[-77.575919889658536,43.178722279960255],[-77.575776897470135,43.178744839138034],[-77.575782382679293,43.178835162591007],[-77.575787773790026,43.178924327597656],[-77.575923313830145,43.178899816933097],[-77.576089103282371,43.178875920805787],[-77.576108713656822,43.179223913847316],[-77.576257580689472,43.179219060967071],[-77.576411025786911,43.17921406185279],[-77.57641481268503,43.179319691178996],[-77.576421284042425,43.179429404787861],[-77.576427803688645,43.17953992356945],[-77.576434296447403,43.179649983926495],[-77.576440573434709,43.179756409304751],[-77.576447103961215,43.179867092905596],[-77.576453512780446,43.179975752755844],[-77.576455138656186,43.180003311299693],[-77.57646004422115,43.180086457964009],[-77.576463225579801,43.180140395211012],[-77.576476080454597,43.180358300334163],[-77.576485921076099,43.180525125908318],[-77.576492304466214,43.180633319233735],[-77.576498867277891,43.18074459270936],[-77.576505216757042,43.180852232128508],[-77.576511795425915,43.180963740682607],[-77.576518236371882,43.181072927390026],[-77.576537555766905,43.181400404652436],[-77.576090270661624,43.181415571672161],[-77.575938669930537,43.181419904261581],[-77.575942687284183,43.181486336896398],[-77.575948663241874,43.181557836717126],[-77.576074498304038,43.181554535695277],[-77.576522853338702,43.18153847168626],[-77.57652915905642,43.181646160213781],[-77.57653562975905,43.181756684818502]]]},"properties":{"OBJECTID":165,"Beat":"267","Section":"Clinton","Section_Num":7,"Supervisor_Name":"Capt. Samuel Lucyshyn","Note":"In case of emergency call 911.","Color_Code":2,"Shape.STArea()":14194943.981272683,"Shape.STLength()":19110.584624015977,"ID":267,"Office_Address":"630 N Clinton Ave, Rochester, NY 14605","Office_Phone":"(585) 428-9807","Email_Contact":"","Office_Hours":"8:00am - 4:00pm"}},{"type":"Feature","id":166,"geometry":{"type":"Polygon","coordinates":[[[-77.587741243609656,43.181175476331951],[-77.587749038797938,43.181285748113019],[-77.587756713187105,43.181394295919141],[-77.587820266772312,43.18139226909426],[-77.587907545861412,43.181389486396498],[-77.587969565982732,43.181387508257281],[-77.588072274403061,43.181384233160657],[-77.588122450219814,43.181382632585425],[-77.588242196503757,43.181378813323036],[-77.5882761934716,43.181377729074271],[-77.588411126627761,43.181373425113485],[-77.588427781728072,43.181372894831732],[-77.588584637383036,43.181367891949748],[-77.588739047612435,43.181362966610834],[-77.588748467420501,43.181362665933918],[-77.588891157632261,43.181358114686212],[-77.588917609156866,43.181357269814221],[-77.589042310944762,43.181353471184742],[-77.589086305100878,43.18135213061872],[-77.58919299474347,43.181348879213843],[-77.589257978044216,43.181346899120591],[-77.589348681204953,43.181344135174008],[-77.589422465065283,43.181341885786658],[-77.589499505260534,43.181339538616825],[-77.589600659306555,43.181336454782745],[-77.589646698351828,43.181335004840072],[-77.589768268816158,43.181331174619743],[-77.589798089780345,43.181330234584074],[-77.589935282654096,43.181325912442965],[-77.589949344568808,43.181325469242317],[-77.590101323010174,43.181320679377563],[-77.590104332052078,43.181320584879465],[-77.590269418575389,43.181315382896294],[-77.590430755157541,43.181310298456765],[-77.590434567843332,43.181310178518814],[-77.590589627868724,43.181305291427364],[-77.590602726142762,43.181304878491396],[-77.590755145061834,43.181300075376996],[-77.590766734523854,43.1812997087425],[-77.590916490199817,43.181294989426263],[-77.590935078590604,43.18129440353691],[-77.590927521789112,43.181184248355464],[-77.590920041663693,43.181075208244501],[-77.590915093843606,43.181007655432218],[-77.591198699191366,43.18099843653799],[-77.591306709063304,43.180999371388957],[-77.591394699104455,43.181006650670192],[-77.591458400887333,43.181023322295701],[-77.591522076179203,43.181041708475867],[-77.591551913476408,43.181045068226318],[-77.591557759318519,43.181139179248333],[-77.591573377201897,43.18138030218136],[-77.591734019821104,43.181376754575602],[-77.591835599349466,43.181374511409253],[-77.59189852498578,43.181373121395929],[-77.591972223701532,43.181371493442121],[-77.592064615025151,43.181369453103223],[-77.59210237433804,43.181368619057835],[-77.59222717965558,43.1813658620475],[-77.592231703002753,43.181365761708918],[-77.59236517845352,43.181362813210391],[-77.592390871407275,43.181362246317406],[-77.592498020178652,43.181359878871056],[-77.592626407450965,43.181357043528102],[-77.592641287981365,43.181356713305398],[-77.592758087583789,43.18135413303375],[-77.592887611841405,43.181351271235677],[-77.592891496551815,43.181351185145623],[-77.593019187341199,43.181348364035692],[-77.593049904459349,43.181347684757014],[-77.59315315984297,43.181345404517529],[-77.593215669539589,43.181344021881564],[-77.593279562303849,43.181342609773068],[-77.593381214337072,43.181340364061022],[-77.593413990079469,43.181339639486687],[-77.593545376691779,43.181336847968858],[-77.593676203097047,43.181334088360799],[-77.593709915926098,43.181333377209114],[-77.593805246519381,43.181331366290891],[-77.593875216799304,43.181329891196022],[-77.593936606927741,43.181328595700997],[-77.594037527606218,43.181326466403519],[-77.594067235205884,43.181325839333148],[-77.594200969194787,43.181323018751542],[-77.594204775087448,43.181322938236576],[-77.594332068721982,43.181320252653116],[-77.594369651400712,43.181319460440371],[-77.594462999657495,43.18131749034815],[-77.594532529422281,43.181316022745563],[-77.594595193065075,43.181314700997412],[-77.594700280133267,43.181312482900644],[-77.594722395617623,43.181312016892832],[-77.594848869715975,43.181309347956606],[-77.594863873014219,43.181309031107872],[-77.594975868001981,43.181306667206137],[-77.595023986086062,43.181305651638425],[-77.59510668076507,43.181303906743992],[-77.595189156417746,43.181302166199103],[-77.595359101016243,43.181298579525411],[-77.59534849332799,43.181052938305442],[-77.595345890324936,43.180964238478879],[-77.595453296660224,43.180961486115493],[-77.595569432075834,43.180958162699262],[-77.595570920755918,43.180987212271155],[-77.595584023841184,43.181297556586465],[-77.595708066610399,43.181294775691036],[-77.59575435469813,43.181293737716572],[-77.595832481001864,43.18129198526654],[-77.595890708737485,43.181290678528391],[-77.595954065207152,43.181289258496413],[-77.596025269868107,43.181287662215404],[-77.596085375343506,43.18128631397262],[-77.596154162039511,43.181284772359248],[-77.596217126004021,43.18128335869644],[-77.596349633430776,43.181280385492833],[-77.596357744936157,43.181280204326477],[-77.596428121569716,43.181278695168693],[-77.596482454639613,43.181277557069009],[-77.59656307812952,43.181275868869093],[-77.596611565172452,43.181274854015541],[-77.596699890214794,43.181273005302941],[-77.596743113275707,43.181272099824284],[-77.596833679021003,43.181270203719542],[-77.596875568236371,43.181269326296309],[-77.596969851252325,43.181267352316269],[-77.597005810781098,43.181266599252616],[-77.597104602265702,43.181264530806786],[-77.597137937182524,43.181263832489904],[-77.59723965350851,43.181261702724711],[-77.597267447574879,43.181261120440773],[-77.597373130738447,43.181258844714691],[-77.597399127334228,43.181258283814287],[-77.597506183819235,43.181255972091847],[-77.597528835939926,43.181255483160626],[-77.597642964048617,43.18125301890656],[-77.59766371751482,43.18125257120046],[-77.59778012941274,43.181250057173365],[-77.59779450400994,43.181249747126358],[-77.597915247224591,43.18124713975034],[-77.597925702712814,43.181246913850906],[-77.598051665661018,43.181244193761891],[-77.598057827964965,43.18124406049958],[-77.598182989852546,43.181241357671375],[-77.598188610742326,43.181241235942778],[-77.598317343508967,43.181238455697134],[-77.59832089593408,43.181238379163972],[-77.598453229111101,43.181235520844908],[-77.59845608748526,43.181235462637027],[-77.598442322965298,43.180930467135205],[-77.598441032143,43.180875940045738],[-77.59918247391623,43.180854697298891],[-77.599720349015129,43.18083977059328],[-77.599726031677235,43.18092957971033],[-77.599732836978987,43.181027153425667],[-77.599739380105618,43.181120984686707],[-77.599745599063183,43.181210184494901],[-77.599895304148703,43.181205266651602],[-77.599928593688489,43.181204172857619],[-77.600045158132005,43.18120034359093],[-77.600173088183823,43.181196141093231],[-77.60017754952321,43.181195993998912],[-77.600308194509793,43.181191702160831],[-77.600456411580922,43.181186832908459],[-77.600461514447559,43.181263012960798],[-77.600719588580517,43.181254931964986],[-77.600714677634514,43.181176889324121],[-77.60084464222389,43.181172680145778],[-77.600860912108544,43.181172152846635],[-77.600989270616651,43.181167995423309],[-77.600993699917666,43.181167851622725],[-77.601125552386065,43.181163580021234],[-77.601126580010671,43.181163547436249],[-77.601263181751875,43.18115912111481],[-77.601269644162656,43.181158911941047],[-77.601277552650075,43.181158655769352],[-77.60141227876062,43.18115429148348],[-77.601417473558371,43.181154122730895],[-77.601557737805564,43.181149578965233],[-77.601565371837253,43.181149332120491],[-77.601699334888977,43.181144991553779],[-77.601723855371958,43.181144197363395],[-77.601845519994683,43.181140256094103],[-77.601859973374729,43.18113978598209],[-77.601987445653606,43.181135656742185],[-77.60199291119811,43.181135479483927],[-77.602122171692642,43.1811312907192],[-77.602129330679105,43.181131058665898],[-77.602251892454788,43.181127086851987],[-77.60227203534285,43.181126433236109],[-77.602421742646797,43.181121582317601],[-77.602510894559373,43.18111869381223],[-77.602640689112974,43.181114487436112],[-77.602640405971513,43.181109814036766],[-77.602892857917652,43.181101341477316],[-77.603019584150942,43.181097088571455],[-77.603001498782817,43.180817559221822],[-77.602994890844656,43.180748838671754],[-77.603089052767089,43.180746222189612],[-77.603181863025497,43.180743056649021],[-77.603188721170113,43.180811374256628],[-77.603213535976366,43.181168553920251],[-77.60336693924107,43.18116380544258],[-77.603627289067546,43.181155747280293],[-77.603643702540708,43.181155238818285],[-77.603757239366786,43.181151724605201],[-77.603751207373605,43.181063698627057],[-77.603745089555844,43.180974425179585],[-77.60373898694958,43.180885355298663],[-77.603732842474756,43.180795673843427],[-77.603725126051401,43.180724760934787],[-77.604119002951137,43.180711821920141],[-77.604221369010745,43.180708295344985],[-77.604225467330977,43.180781123419166],[-77.604247344787424,43.181159999684709],[-77.604602930318904,43.181147122865553],[-77.604596233073622,43.181043992719182],[-77.604669445241939,43.181041823121539],[-77.604810051027741,43.181037659959784],[-77.604954650269349,43.181033375948786],[-77.604936871597786,43.180760355029911],[-77.604930177392959,43.180683883402551],[-77.604996574063023,43.1806815949951],[-77.605081449931404,43.180679530278397],[-77.6050858615789,43.180755679022496],[-77.605106718611779,43.181095256767975],[-77.605404255713793,43.18108654575385],[-77.605393602948439,43.180925281385754],[-77.605541616118856,43.18092056042844],[-77.605546940070326,43.180920389891639],[-77.605685309584331,43.180915976097069],[-77.605695519343485,43.180915650169183],[-77.605843260496457,43.180910937298925],[-77.605973341324912,43.180906787196776],[-77.605993774352356,43.180906136304216],[-77.606114435514286,43.180902286339901],[-77.60614419096953,43.180901337881508],[-77.606264411527846,43.180897501998807],[-77.606292692652573,43.180896598520803],[-77.606403712597853,43.180893056583891],[-77.606442532038628,43.18089181818025],[-77.606551323773459,43.180888928598606],[-77.606591456522722,43.180887868788901],[-77.606695068856979,43.180885109482311],[-77.606739901190636,43.180883924109345],[-77.60701709751207,43.180876559241675],[-77.607128266769138,43.180873600284436],[-77.607273081155796,43.180869752659255],[-77.607306843233275,43.180868858786006],[-77.6074163031616,43.180865947077152],[-77.607455449027469,43.180864909151303],[-77.607449633901311,43.18077181636032],[-77.607443921635834,43.18068037535356],[-77.607440406937641,43.180622098185999],[-77.607979781020958,43.180608959259693],[-77.60793396300889,43.179983339627917],[-77.607903461046689,43.179632224537244],[-77.607865281770174,43.179071490138149],[-77.607857683104626,43.17893046526185],[-77.607819516576782,43.178354297499638],[-77.607765933601186,43.177568789099766],[-77.607758264556892,43.177461717945633],[-77.607712609536662,43.17675241598991],[-77.607666764568577,43.176084610099771],[-77.607608809132742,43.175117634060854],[-77.606527903725549,43.175150260788151],[-77.605881447109951,43.175165320818131],[-77.605210084988997,43.175184624597861],[-77.604538728008279,43.175203580615793],[-77.602715206136025,43.175256914923509],[-77.601265819017158,43.175298681367423],[-77.599980162684872,43.175328803361452],[-77.598816462447289,43.175336980070099],[-77.597650235379646,43.175342036488821],[-77.595131121043437,43.175390631880049],[-77.593681623096089,43.175409665605088],[-77.592491272100304,43.175428522267623],[-77.591228770794771,43.175460804211689],[-77.591098616552671,43.175670601173927],[-77.590887784529784,43.175986360913619],[-77.590400833247628,43.176698941625297],[-77.590164425188433,43.177030941164702],[-77.590110875561777,43.177111073754105],[-77.58995832887625,43.177328564917936],[-77.588743948756829,43.179086704065583],[-77.588264996998831,43.179779794944885],[-77.587913500621468,43.180300107356267],[-77.587791490121958,43.18048322002533],[-77.58733375233578,43.181124017037739],[-77.58773456412068,43.18111099949369],[-77.587741243609656,43.181175476331951]]]},"properties":{"OBJECTID":166,"Beat":"257","Section":"Clinton","Section_Num":7,"Supervisor_Name":"Capt. Samuel Lucyshyn","Note":"In case of emergency call 911.","Color_Code":3,"Shape.STArea()":10488788.09998386,"Shape.STLength()":16167.112170401788,"ID":257,"Office_Address":"630 N Clinton Ave, Rochester, NY 14605","Office_Phone":"(585) 428-9807","Email_Contact":"","Office_Hours":"8:00am - 4:00pm"}},{"type":"Feature","id":167,"geometry":{"type":"Polygon","coordinates":[[[-77.619607210092184,43.17474184011008],[-77.617684540612544,43.17479903639331],[-77.616448566321978,43.174829761962705],[-77.613266951232205,43.17493249313376],[-77.610421757785375,43.175022561182388],[-77.607608809132742,43.175117634060854],[-77.607666764568577,43.176084610099771],[-77.607712609536662,43.17675241598991],[-77.607758264556892,43.177461717945633],[-77.607765933601186,43.177568789099766],[-77.607819516576782,43.178354297499638],[-77.607857683104626,43.17893046526185],[-77.607865281770174,43.179071490138149],[-77.607903461046689,43.179632224537244],[-77.60793396300889,43.179983339627917],[-77.607979781020958,43.180608959259693],[-77.608618440288637,43.180589211256446],[-77.608622774067314,43.180650350701775],[-77.608639608019331,43.180933683451947],[-77.608763692752191,43.180929806751159],[-77.608782593378024,43.180929216119956],[-77.609034579097354,43.180921343546188],[-77.609088364257829,43.180919663692038],[-77.609174791687877,43.180916963730546],[-77.609239277543338,43.180914947343716],[-77.609307808565987,43.180912806931723],[-77.609390632597695,43.180910218354086],[-77.609538310400026,43.180905603690597],[-77.609573283548201,43.180904510617985],[-77.609686464451812,43.18090097398612],[-77.609712255571026,43.180900168193048],[-77.609838026212515,43.180896237161932],[-77.60984574004641,43.180895995844502],[-77.609980976957956,43.180891769837359],[-77.609987138911691,43.18089157741835],[-77.610114317405063,43.180887602251076],[-77.610137268153579,43.180886883819987],[-77.610252884471649,43.18088327192725],[-77.610287060128613,43.180882203358934],[-77.610387154041149,43.180879075018844],[-77.610439368826235,43.180877442385295],[-77.610588245166113,43.180872788849577],[-77.610752700504918,43.180867648248949],[-77.61073798553619,43.180582640593066],[-77.610733175333522,43.180523795304055],[-77.610814890787609,43.180521266482693],[-77.610924596807251,43.180517447937973],[-77.610929168281132,43.18057708603866],[-77.610946329382969,43.180903564510594],[-77.611073418481055,43.180899096925287],[-77.611213893117565,43.180894159632587],[-77.611346530359569,43.180889497643257],[-77.611481664789963,43.180884745993161],[-77.611616934561724,43.180879990832082],[-77.611754974713349,43.180875138416361],[-77.611887427286433,43.18087048143272],[-77.612022272505882,43.180865733889284],[-77.612155735149656,43.180860906937347],[-77.612292067921331,43.180855975467153],[-77.612423983442625,43.180851205283346],[-77.612559306953131,43.180846309937571],[-77.612695941997146,43.180841472368009],[-77.612832108106147,43.180836651360991],[-77.612962852763772,43.180832021851138],[-77.61295745277674,43.180723217712526],[-77.612979025751358,43.180722500527132],[-77.612971903957856,43.180616474104994],[-77.612964631939434,43.180508206787486],[-77.612959574212852,43.18044660407395],[-77.613436811954955,43.180429984098033],[-77.61346305816771,43.180429863644726],[-77.613489523003608,43.180430773931249],[-77.613516445584054,43.180432373120169],[-77.61354263209131,43.180436024748168],[-77.613625357102549,43.180450443645427],[-77.613710172649704,43.180465909993934],[-77.613735890597837,43.180469557606365],[-77.61376092676214,43.180471827578231],[-77.613788552834009,43.180473434465632],[-77.613829325240772,43.18047343613479],[-77.6142450098653,43.180459863905917],[-77.614251590100238,43.180544119595602],[-77.614254892486159,43.180648347458281],[-77.61425945793512,43.180792405864551],[-77.614264044691026,43.180937217888506],[-77.614416512620394,43.180937545219571],[-77.614414039807599,43.180842989499681],[-77.614565668208684,43.180841863851015],[-77.614724858616384,43.18084068410468],[-77.614877927558169,43.180839548634609],[-77.6150289519057,43.180838428060255],[-77.615184349611923,43.180837274983887],[-77.615336932626718,43.1808361419886],[-77.615492028920031,43.180834991344874],[-77.615644587318769,43.180833858631097],[-77.615796979637466,43.180832727009729],[-77.615796321549212,43.180804686600894],[-77.615954522527062,43.180803139408198],[-77.615949579512289,43.180653994621601],[-77.616100865331816,43.180652877542812],[-77.6160974612297,43.180482821354651],[-77.616094913893221,43.18039944512249],[-77.616189976724456,43.180396338479284],[-77.616278068720703,43.180387552180449],[-77.616280492246972,43.180477463485275],[-77.61628456743,43.180660132199662],[-77.616589028971177,43.180656383540139],[-77.61669261091869,43.180655108298488],[-77.616693333537299,43.180732022090851],[-77.616731155878469,43.18073104632127],[-77.616878048464429,43.180727256302696],[-77.617017498642241,43.180723657979982],[-77.617032580324945,43.180723268671919],[-77.61716350152038,43.180719889785316],[-77.617179499966568,43.180719476694357],[-77.617323190601851,43.180715768883353],[-77.617464015118699,43.180711441682604],[-77.617621854577536,43.180706591814342],[-77.617763693112323,43.180702233196897],[-77.617768947991138,43.180702071409982],[-77.617773331470048,43.180860776588688],[-77.617926061328617,43.180861800882802],[-77.618087916016208,43.18086288665927],[-77.61803889296533,43.181085884014294],[-77.61801509278061,43.181194149877207],[-77.617965798962231,43.181418370932199],[-77.617905975848842,43.181690489271489],[-77.618432726660757,43.181685014297464],[-77.618439653091528,43.182059370771498],[-77.619372992571726,43.182049547059222],[-77.619285484131595,43.180767392159638],[-77.619281547441389,43.18076750301276],[-77.619258146650708,43.180355787505981],[-77.619251126845143,43.180268700059827],[-77.619340210566861,43.180265483700524],[-77.619422958501517,43.18026358484579],[-77.619427544281677,43.180350829106963],[-77.619454370513751,43.180760287913678],[-77.619900849838359,43.18074236462401],[-77.619869808195887,43.180337881654481],[-77.619863702404771,43.180253470941821],[-77.619996324493229,43.180250426295984],[-77.620112466071632,43.180247169825009],[-77.620120457878286,43.180326259305154],[-77.620142844867573,43.180604640359185],[-77.620328407752083,43.180598631204255],[-77.620517010425331,43.180592520407522],[-77.620528372689492,43.180738641359667],[-77.620647724077926,43.180735090900086],[-77.620637345360961,43.180592662625465],[-77.620771538767499,43.180587279064341],[-77.620776344556489,43.18073126453821],[-77.62092389456879,43.180726874442477],[-77.621226116163143,43.180717883520884],[-77.621372241058992,43.180713534871771],[-77.621525065465676,43.180708987612803],[-77.621673786936881,43.180704562290025],[-77.62189895502587,43.180697861808028],[-77.622047516481103,43.180693440055464],[-77.622201017653396,43.18068887147497],[-77.622349960550096,43.180684439031602],[-77.62249650124113,43.180680078035977],[-77.622647814312074,43.180675573293939],[-77.622796845763133,43.180671137411515],[-77.622945649539218,43.180666707525113],[-77.623097954425361,43.180662173606692],[-77.623251057068387,43.180656495765007],[-77.623398657991274,43.180651581705959],[-77.623544491614155,43.180646726443399],[-77.623736910702334,43.180640319194644],[-77.623912178777246,43.180634484322958],[-77.624107195761923,43.180627992018152],[-77.624299217226834,43.180621597592534],[-77.624297303953171,43.180564738611132],[-77.62435719686215,43.180563606871424],[-77.624511715288236,43.180559006809389],[-77.624652563898891,43.180554814985783],[-77.624649652014554,43.180446275265162],[-77.624766413986606,43.180441583498741],[-77.62475793562146,43.180182348522258],[-77.624755283139692,43.180112565930344],[-77.62514649763645,43.180105352675398],[-77.625182098166988,43.181143712608154],[-77.626549202519087,43.181094539658716],[-77.626754618567361,43.181085279878623],[-77.627943594984899,43.181041018902164],[-77.628454445445769,43.181011179251406],[-77.628473048907509,43.180869742514062],[-77.628408111993977,43.180651036543452],[-77.62842128952073,43.180432030192911],[-77.628546218175046,43.180142504755807],[-77.628285075752288,43.179566335123297],[-77.628135477646239,43.179350733474138],[-77.627919896281909,43.17898381851947],[-77.627861040849041,43.178792790943675],[-77.627793128824422,43.178556435296919],[-77.627750766650053,43.178351255226495],[-77.627768042125922,43.177257456516216],[-77.627844586091413,43.176717475844193],[-77.628502521090823,43.175999338205543],[-77.628587986894374,43.175575756662575],[-77.628632920969807,43.175204530012479],[-77.628594183089675,43.174975564597503],[-77.628503237043148,43.174755689030754],[-77.628267987001777,43.17439885153113],[-77.628081743044675,43.174239530164961],[-77.627886484116388,43.17403031241745],[-77.627561272345261,43.173808479361782],[-77.627187443571771,43.173574331620237],[-77.626658954211564,43.173346032296173],[-77.626046756679472,43.173164665303482],[-77.625750095772958,43.173395831531366],[-77.624999678836105,43.173860743541617],[-77.624368076771049,43.174215572862053],[-77.624001957130261,43.173894917252333],[-77.623101610998404,43.174428915768438],[-77.622881824906955,43.174549168901827],[-77.622807464582777,43.174584556781589],[-77.622747088029953,43.174609773991122],[-77.622681174971717,43.174629454545283],[-77.622617999492448,43.174638870914272],[-77.622538941937947,43.174645067186702],[-77.621537415082571,43.174681930237853],[-77.619607210092184,43.17474184011008]]]},"properties":{"OBJECTID":167,"Beat":"247","Section":"Clinton","Section_Num":7,"Supervisor_Name":"Capt. Samuel Lucyshyn","Note":"In case of emergency call 911.","Color_Code":2,"Shape.STArea()":12375649.469691699,"Shape.STLength()":19416.47862793272,"ID":247,"Office_Address":"630 N Clinton Ave, Rochester, NY 14605","Office_Phone":"(585) 428-9807","Email_Contact":"","Office_Hours":"8:00am - 4:00pm"}},{"type":"Feature","id":168,"geometry":{"type":"Polygon","coordinates":[[[-77.628454445445769,43.181011179251406],[-77.627943714567508,43.181040765153149],[-77.626754618567361,43.181085279878623],[-77.626549202519087,43.181094539658716],[-77.625184652454053,43.181142804126942],[-77.62514649763645,43.180105352675398],[-77.624755283139692,43.180112565930344],[-77.62475793562146,43.180182348522258],[-77.624766413986606,43.180441583498741],[-77.624649652014554,43.180446275265162],[-77.624652563898891,43.180554814985783],[-77.624511715288236,43.180559006809389],[-77.62435719686215,43.180563606871424],[-77.624297303953171,43.180564738611132],[-77.624299217226834,43.180621597592534],[-77.624107195761923,43.180627992018152],[-77.623912178777246,43.180634484322958],[-77.623736910702334,43.180640319194644],[-77.623544491614155,43.180646726443399],[-77.623398657991274,43.180651581705959],[-77.623251057068387,43.180656495765007],[-77.623097954425361,43.180662173606692],[-77.622945649539218,43.180666707525113],[-77.622796845763133,43.180671137411515],[-77.622647814312074,43.180675573293939],[-77.62249650124113,43.180680078035977],[-77.622349960550096,43.180684439031602],[-77.622201017653396,43.18068887147497],[-77.622047516481103,43.180693440055464],[-77.62189895502587,43.180697861808028],[-77.621673786936881,43.180704562290025],[-77.621525065465676,43.180708987612803],[-77.621372241058992,43.180713534871771],[-77.621226116163143,43.180717883520884],[-77.62092389456879,43.180726874442477],[-77.620776344556489,43.18073126453821],[-77.620771538767499,43.180587279064341],[-77.620637345360961,43.180592662625465],[-77.620647724077926,43.180735090900086],[-77.620528372689492,43.180738641359667],[-77.620517010425331,43.180592520407522],[-77.620328407752083,43.180598631204255],[-77.620142844867573,43.180604640359185],[-77.620120457878286,43.180326259305154],[-77.620112466071632,43.180247169825009],[-77.619996326938846,43.180250427216741],[-77.619863702404771,43.180253470941821],[-77.619869808195887,43.180337881654481],[-77.619900849838359,43.18074236462401],[-77.619454370513751,43.180760287913678],[-77.619427544281677,43.180350829106963],[-77.619422958501517,43.18026358484579],[-77.619340210566861,43.180265483700524],[-77.619251126845143,43.180268700059827],[-77.619258146650708,43.180355787505981],[-77.619281547441389,43.18076750301276],[-77.619285484131595,43.180767392159638],[-77.619372992571726,43.182049547059222],[-77.618439653091528,43.182059370771498],[-77.618432726660757,43.181685014297464],[-77.617905975848842,43.181690489271489],[-77.617965798962231,43.181418370932199],[-77.61801509278061,43.181194149877207],[-77.61803889296533,43.181085884014294],[-77.618087916016208,43.18086288665927],[-77.617926061328617,43.180861800882802],[-77.617773331470048,43.180860776588688],[-77.617768947991138,43.180702071409982],[-77.617763693112323,43.180702233196897],[-77.617621854577536,43.180706591814342],[-77.617468668199493,43.18071129913325],[-77.617464015118699,43.180711441682604],[-77.617323190601851,43.180715768883353],[-77.617316317947157,43.180715946694768],[-77.617179499966568,43.180719476694357],[-77.61716350152038,43.180719889785316],[-77.617032580324945,43.180723268671919],[-77.617017498642241,43.180723657979982],[-77.616878048464429,43.180727256302696],[-77.616731155878469,43.18073104632127],[-77.616693333537299,43.180732022090851],[-77.61669261091869,43.180655108298488],[-77.616589028971177,43.180656383540139],[-77.61628456743,43.180660132199662],[-77.616280492232789,43.180477464385334],[-77.616278068720703,43.180387552180449],[-77.616189977911702,43.18039634118982],[-77.616094913893221,43.18039944512249],[-77.6160974612297,43.180482821354651],[-77.616100865317591,43.180652878442849],[-77.615949579512289,43.180653994621601],[-77.615954522541273,43.180803138508125],[-77.615796321549212,43.180804686600894],[-77.615796979637466,43.180832727009729],[-77.615644587318769,43.180833858631097],[-77.615492028920031,43.180834991344874],[-77.615336932626718,43.1808361419886],[-77.615184349611923,43.180837274983887],[-77.6150289519057,43.180838428060255],[-77.614877927558169,43.180839548634609],[-77.614724858616384,43.18084068410468],[-77.614565668208684,43.180841863851015],[-77.614414039821838,43.180842988599629],[-77.614416512620394,43.180937545219571],[-77.614264044691026,43.180937217888506],[-77.61425945793512,43.180792405864551],[-77.614254892500398,43.180648346558236],[-77.614251590085999,43.180544120495647],[-77.6142450098653,43.180459863905917],[-77.613829325240772,43.18047343613479],[-77.613788552834009,43.180473434465632],[-77.61376092676214,43.180471827578231],[-77.613735890597837,43.180469557606365],[-77.613710172649704,43.180465909993934],[-77.613625357102549,43.180450443645427],[-77.61354263209131,43.180436024748168],[-77.613516445584054,43.180432373120169],[-77.613489523003608,43.180430773931249],[-77.61346305816771,43.180429863644726],[-77.613436811954955,43.180429984098033],[-77.612959574212852,43.18044660407395],[-77.612964631939434,43.180508206787486],[-77.612971903957856,43.180616474104994],[-77.612979025765625,43.180722499627059],[-77.61295745277674,43.180723217712526],[-77.612962852763772,43.180832021851138],[-77.612832108106147,43.180836651360991],[-77.612695941997146,43.180841472368009],[-77.612559306953131,43.180846309937571],[-77.612423983442625,43.180851205283346],[-77.612292067921331,43.180855975467153],[-77.612155735149656,43.180860906937347],[-77.612022272505882,43.180865733889284],[-77.611887427286433,43.18087048143272],[-77.611754974713349,43.180875138416361],[-77.611616934561724,43.180879990832082],[-77.611481664789963,43.180884745993161],[-77.611346530373837,43.18088949674322],[-77.611213893131833,43.180894158732542],[-77.611073418481055,43.180899096925287],[-77.610946329382969,43.180903564510594],[-77.610929168281132,43.18057708603866],[-77.610924596807251,43.180517447937973],[-77.610814890787609,43.180521266482693],[-77.610733175333522,43.180523795304055],[-77.610737985550472,43.18058263969305],[-77.610752700504918,43.180867648248949],[-77.610588245166113,43.180872788849577],[-77.610439368826235,43.180877442385295],[-77.610387154041149,43.180879075018844],[-77.610287060128613,43.180882203358934],[-77.610252884471649,43.18088327192725],[-77.610137268153579,43.180886883819987],[-77.610114317405063,43.180887602251076],[-77.609987138911691,43.18089157741835],[-77.609980976957956,43.180891769837359],[-77.60984574004641,43.180895995844502],[-77.609838026212515,43.180896237161932],[-77.609712255571026,43.180900168193048],[-77.609686464451812,43.18090097398612],[-77.609573283548201,43.180904510617985],[-77.609538310400026,43.180905603690597],[-77.609390632597695,43.180910218354086],[-77.609307808565987,43.180912806931723],[-77.609239277543338,43.180914947343716],[-77.609174791702188,43.180916962830487],[-77.609088364257829,43.180919663692038],[-77.609034579097354,43.180921343546188],[-77.608782593378024,43.180929216119956],[-77.608763692752191,43.180929806751159],[-77.608639608019331,43.180933683451947],[-77.608622774067314,43.180650350701775],[-77.608618440288637,43.180589211256446],[-77.607979781020958,43.180608959259693],[-77.608002565229199,43.181047462515714],[-77.608025566578561,43.181295626134528],[-77.608040677081348,43.181627403895156],[-77.60806354449322,43.182016523654781],[-77.60808550924429,43.182329839745009],[-77.608100916563572,43.182650806252759],[-77.608121822850066,43.183045397539452],[-77.608131547143913,43.18320015897848],[-77.608167420662454,43.183773562010572],[-77.608171975320317,43.183840822662752],[-77.608216161272395,43.184473125130566],[-77.608223963809294,43.184557217786228],[-77.608382558725722,43.186550177462557],[-77.608482102165794,43.186548138015461],[-77.608491675076309,43.186642383394371],[-77.608513442592667,43.186965756848736],[-77.608877702880733,43.18695659898944],[-77.60887792435507,43.186959844178709],[-77.608885077550894,43.186959012142836],[-77.608901858940186,43.187216647031093],[-77.609386134981278,43.187197043420667],[-77.60934715845498,43.186624335705105],[-77.609339575644043,43.186530569125281],[-77.609596592529684,43.186525472891113],[-77.609606066197827,43.186618872077297],[-77.609632325242714,43.186974335813943],[-77.609711393758744,43.186970623149023],[-77.609685179271267,43.186617203188881],[-77.609678242423882,43.186523628463121],[-77.61085434702612,43.186499517594605],[-77.611222406100779,43.186491325230548],[-77.612035619321333,43.186480330916616],[-77.612033821706859,43.186570889599224],[-77.612039416731704,43.18683457632627],[-77.612042432203623,43.186976686144014],[-77.612170810999402,43.186973988135762],[-77.612175702659073,43.187204484199953],[-77.613003119194232,43.18719402487001],[-77.613005855297146,43.187173356830989],[-77.613018754489204,43.18707592680677],[-77.613030840478075,43.186984632624224],[-77.613044044282802,43.186884897148389],[-77.613178838638618,43.186899105355359],[-77.613193935325157,43.186785627754254],[-77.613217233006964,43.186610507816034],[-77.613225510387281,43.186548006469778],[-77.613235746965842,43.186464094150132],[-77.613663059093057,43.186458310126582],[-77.613778303887614,43.186456750219726],[-77.613919707469918,43.18645376095769],[-77.613895126887115,43.186567905435105],[-77.613830882590506,43.186907785419585],[-77.614219152550717,43.186947292532551],[-77.614523858329093,43.186942063503523],[-77.614671487887691,43.186939529313406],[-77.614706921722018,43.186938921966785],[-77.614820263021812,43.186936976725967],[-77.61495416004125,43.186934677876422],[-77.614967251469281,43.186934452929478],[-77.61507477980858,43.186932607659173],[-77.615114190664755,43.186931931227711],[-77.615196911869148,43.186930511405585],[-77.615263690549412,43.186929365293743],[-77.615413090765472,43.186926800121405],[-77.615621484200815,43.186923221509005],[-77.615912599620472,43.18650284891487],[-77.616134040678844,43.18649899352998],[-77.616253802370025,43.186496907612231],[-77.616268642552654,43.186401179625747],[-77.616341817826438,43.186399545955055],[-77.616461980399762,43.186396911404898],[-77.616443672454679,43.186491873771217],[-77.616401751977293,43.186690910158795],[-77.616617315324916,43.186685533286152],[-77.616626835840179,43.186804861620182],[-77.616780184800064,43.186800956173933],[-77.616870220658697,43.186798663467698],[-77.616929406068266,43.186797156079521],[-77.617079688173959,43.186793327843567],[-77.617223320946138,43.186789669199086],[-77.617373724486001,43.186785549047841],[-77.617351403663235,43.186471051795131],[-77.617345643798146,43.186377533365075],[-77.617459817008651,43.186375029026742],[-77.617545598073121,43.186373062632669],[-77.617551915390081,43.186469553611431],[-77.617570139888187,43.186790348023493],[-77.617720181904559,43.186787231652062],[-77.617867494479583,43.186784172164124],[-77.618022674142281,43.186780948425984],[-77.618029316575104,43.186896592278501],[-77.618031406309129,43.186932991079381],[-77.618040309433979,43.187088004823082],[-77.618048818727729,43.18723616226454],[-77.618058962458718,43.187412767979787],[-77.61806930970782,43.187592933767618],[-77.618078210027875,43.18774790155895],[-77.618084860605776,43.187863664280229],[-77.618096449593224,43.188020466785268],[-77.618099075232749,43.188077664863997],[-77.618413663749109,43.18806914763821],[-77.618543442778829,43.188064921305539],[-77.618772826674501,43.188059420186967],[-77.618771366597571,43.188033785514499],[-77.618764685841128,43.18791649679693],[-77.618758588237583,43.187809440694757],[-77.618722971732296,43.187810369115418],[-77.618709711480378,43.187580703830221],[-77.618701840557819,43.187444400730826],[-77.618693850111057,43.18730600283051],[-77.618685604309647,43.187163199154163],[-77.618677707552834,43.187026433139629],[-77.618669513877251,43.186884541764563],[-77.618661451951908,43.186744910016763],[-77.618813686421191,43.186742390406096],[-77.619074408728494,43.186738076458731],[-77.619043628158522,43.186433332646679],[-77.619033250957898,43.186337026266507],[-77.619119173383694,43.186334825840092],[-77.619219987210627,43.186332532106469],[-77.6192293455574,43.186430515897648],[-77.619264013313881,43.186752290281738],[-77.619411990073942,43.186751573036688],[-77.619416027926292,43.186839806370514],[-77.619570898977159,43.186837280062299],[-77.619711417544309,43.186834988217626],[-77.619887808671592,43.186832109846939],[-77.619878770839122,43.18664516345769],[-77.620028392266917,43.186641305078723],[-77.620035439250231,43.186830497714261],[-77.620157972358129,43.18682916018124],[-77.620174167551767,43.186837693294684],[-77.620209926311446,43.186800296232427],[-77.620348604608466,43.186655262950019],[-77.620418611137154,43.186660830143687],[-77.620478477760869,43.186665589118057],[-77.620573597378993,43.186706984507047],[-77.62063965772856,43.18673571207232],[-77.620705492652689,43.186764384592657],[-77.620768298491427,43.186791676836336],[-77.620839494591308,43.186822701517315],[-77.62090076621574,43.186849308355129],[-77.620980505166131,43.186884068498948],[-77.621032488886854,43.18690661479382],[-77.621110287460183,43.186940547474272],[-77.621181148820796,43.18697128917465],[-77.621238459362061,43.186921152042608],[-77.621342812098462,43.186827678527152],[-77.621388387650185,43.186787729753704],[-77.621454469260442,43.186728488154721],[-77.621542047861254,43.186650688460091],[-77.621669354891992,43.18672700368942],[-77.621774080533228,43.186637218196907],[-77.621887032834096,43.186706249896474],[-77.621914763759733,43.186681617620238],[-77.621968487055398,43.186714593048549],[-77.621996558385604,43.186501934809904],[-77.622005253221204,43.186414064200584],[-77.622111389595403,43.186422458926693],[-77.622210778122238,43.186433701704409],[-77.622292307763445,43.186449998240278],[-77.622377191789809,43.186479333016827],[-77.622560158161932,43.18656736327047],[-77.622753483926232,43.186555008009847],[-77.623455437275254,43.186773148590262],[-77.624010760797944,43.18694571852096],[-77.624963181063677,43.187001967266625],[-77.625166746159223,43.187014014433544],[-77.625677198098941,43.187087377348703],[-77.626214141348143,43.187300451388616],[-77.626592497454155,43.186871754527743],[-77.627012203721776,43.186418808564866],[-77.627388580490944,43.185969218457096],[-77.627749922542364,43.18503048798992],[-77.627936164005547,43.184566897906492],[-77.627988989950538,43.184310116048856],[-77.628049650855388,43.183811655839008],[-77.628093360341921,43.183396234953264],[-77.628131926231802,43.183033351700907],[-77.628263219397155,43.182377750795979],[-77.628319413880106,43.181950658844976],[-77.628454445445769,43.181011179251406]]]},"properties":{"OBJECTID":168,"Beat":"217","Section":"Clinton","Section_Num":7,"Supervisor_Name":"Capt. Samuel Lucyshyn","Note":"In case of emergency call 911.","Color_Code":1,"Shape.STArea()":11485941.079949377,"Shape.STLength()":22130.805075619395,"ID":217,"Office_Address":"630 N Clinton Ave, Rochester, NY 14605","Office_Phone":"(585) 428-9807","Email_Contact":"","Office_Hours":"8:00am - 4:00pm"}},{"type":"Feature","id":169,"geometry":{"type":"Polygon","coordinates":[[[-77.584608585420966,43.193104089877792],[-77.584705316076054,43.195115772324876],[-77.587980868233316,43.194330872578711],[-77.59221839429604,43.19330931254067],[-77.595173094807876,43.192575010331979],[-77.595750466113074,43.192447043365732],[-77.595714177375584,43.192231224888879],[-77.595700482383123,43.192106610063021],[-77.595665566381129,43.191713612871389],[-77.59562734850266,43.191190945170355],[-77.595619677666733,43.191026940632256],[-77.595566577414985,43.190264412005639],[-77.595528165092787,43.189623074397623],[-77.595489915234822,43.188986198436737],[-77.595462091298373,43.188589488718428],[-77.595444111218129,43.188352686797742],[-77.595398304958195,43.187719518017445],[-77.595345031368737,43.18696796130498],[-77.595726506373978,43.18695650413855],[-77.59568060008435,43.186140190042771],[-77.595652728984078,43.185411831143441],[-77.595648967692142,43.185267067069852],[-77.595627259460983,43.184694467723368],[-77.5956196650354,43.184511258592316],[-77.595588741176002,43.183972533018142],[-77.595584371866934,43.183865489678993],[-77.595559127077109,43.183323384333271],[-77.595528021989907,43.182737671016767],[-77.595505222036763,43.182131108547374],[-77.595474544888191,43.181562547892305],[-77.595453296660224,43.180961486115493],[-77.595345890324936,43.180964238478879],[-77.59534849332799,43.181052938305442],[-77.595359101016243,43.181298579525411],[-77.595189156417746,43.181302166199103],[-77.59510668076507,43.181303906743992],[-77.595023986086062,43.181305651638425],[-77.594975868001981,43.181306667206137],[-77.594863873014219,43.181309031107872],[-77.594848869715975,43.181309347956606],[-77.594722395617623,43.181312016892832],[-77.594700280133267,43.181312482900644],[-77.594595193065075,43.181314700997412],[-77.594532529422281,43.181316022745563],[-77.594462999657495,43.18131749034815],[-77.594369651400712,43.181319460440371],[-77.594332068721982,43.181320252653116],[-77.594200969194787,43.181323018751542],[-77.594067235205884,43.181325839333148],[-77.594037527606218,43.181326466403519],[-77.593936606927741,43.181328595700997],[-77.593875216799304,43.181329891196022],[-77.593805246519381,43.181331366290891],[-77.593709915926098,43.181333377209114],[-77.593676203097047,43.181334088360799],[-77.593545376691779,43.181336847968858],[-77.593413990079469,43.181339639486687],[-77.593381214337072,43.181340364061022],[-77.593279562303849,43.181342609773068],[-77.593215669539589,43.181344021881564],[-77.59315315984297,43.181345404517529],[-77.593049904459349,43.181347684757014],[-77.593019187341199,43.181348364035692],[-77.592891496551815,43.181351185145623],[-77.592887611841405,43.181351271235677],[-77.592758087583789,43.18135413303375],[-77.592641287981365,43.181356713305398],[-77.592626407450965,43.181357043528102],[-77.592498020178652,43.181359878871056],[-77.592390871407275,43.181362246317406],[-77.59236517845352,43.181362813210391],[-77.592231703002753,43.181365761708918],[-77.59222717965558,43.1813658620475],[-77.59210237433804,43.181368619057835],[-77.592064615025151,43.181369453103223],[-77.591972223701532,43.181371493442121],[-77.59189852498578,43.181373121395929],[-77.591835599349466,43.181374511409253],[-77.591734019821104,43.181376754575602],[-77.591573377201897,43.18138030218136],[-77.591557759318519,43.181139179248333],[-77.591551913476408,43.181045068226318],[-77.591522076179203,43.181041708475867],[-77.591458400887333,43.181023322295701],[-77.591394699104455,43.181006650670192],[-77.591306709063304,43.180999371388957],[-77.591198699191366,43.18099843653799],[-77.590915093843606,43.181007655432218],[-77.590920041663693,43.181075208244501],[-77.590927521789112,43.181184248355464],[-77.590935078590604,43.18129440353691],[-77.590916490199817,43.181294989426263],[-77.590766734523854,43.1812997087425],[-77.590755145061834,43.181300075376996],[-77.590602726142762,43.181304878491396],[-77.590589627868724,43.181305291427364],[-77.590434567843332,43.181310178518814],[-77.590430755157541,43.181310298456765],[-77.590269418575389,43.181315382896294],[-77.590104332052078,43.181320584879465],[-77.590101323010174,43.181320679377563],[-77.589949344568808,43.181325469242317],[-77.589935282654096,43.181325912442965],[-77.589798089780345,43.181330234584074],[-77.589768268816158,43.181331174619743],[-77.589646698351828,43.181335004840072],[-77.589600659306555,43.181336454782745],[-77.589499505260534,43.181339538616825],[-77.589422465065283,43.181341885786658],[-77.589348681204953,43.181344135174008],[-77.589257978044216,43.181346899120591],[-77.58919299474347,43.181348879213843],[-77.589086305100878,43.18135213061872],[-77.589042310944762,43.181353471184742],[-77.588917609156866,43.181357269814221],[-77.588891157632261,43.181358114686212],[-77.588748467420501,43.181362665933918],[-77.588739047612435,43.181362966610834],[-77.588584637383036,43.181367891949748],[-77.588427781728072,43.181372894831732],[-77.588411126627761,43.181373425113485],[-77.5882761934716,43.181377729074271],[-77.588242196503757,43.181378813323036],[-77.588122450219814,43.181382632585425],[-77.588072274403061,43.181384233160657],[-77.587969565982732,43.181387508257281],[-77.587907545861412,43.181389486396498],[-77.587820266772312,43.18139226909426],[-77.587756713187105,43.181394295919141],[-77.587749038797938,43.181285748113019],[-77.587741243609656,43.181175476331951],[-77.58773456412068,43.18111099949369],[-77.58733375233578,43.181124017037739],[-77.586622015698822,43.181179121550194],[-77.586634506672738,43.181263522986875],[-77.586649298883572,43.181375386984051],[-77.586663731898895,43.181484532942008],[-77.586509894212014,43.181599697707796],[-77.586369842605279,43.181609110980212],[-77.586380525717814,43.181700655717073],[-77.586237272374035,43.181704527397905],[-77.58618479652624,43.181705945067925],[-77.586108436901924,43.181708008783183],[-77.586034981548281,43.18170999244591],[-77.585973315447362,43.18171165936355],[-77.585882804986653,43.181714104553315],[-77.585833054933573,43.181715448609623],[-77.585731600599843,43.181718189829191],[-77.585694233007175,43.181719198019159],[-77.585584294787537,43.181722169380542],[-77.585556452132863,43.181722921233394],[-77.58543074358802,43.181726317506545],[-77.585418250370296,43.181726655913124],[-77.585283557102613,43.181730294110736],[-77.585281328465769,43.181730353882578],[-77.585132801842263,43.181734365409923],[-77.584987757840395,43.181738282913045],[-77.584982832910839,43.181738416367466],[-77.584838494036063,43.18174231463],[-77.584829165975663,43.181742566276377],[-77.58469219108342,43.181746265778514],[-77.584680324244331,43.181746587068126],[-77.584546783980628,43.181750193955402],[-77.584532384555814,43.181750582235374],[-77.584398206852768,43.181754204087746],[-77.584379355025362,43.181754714600665],[-77.584248474100079,43.181758248943176],[-77.584231341466833,43.181758711433943],[-77.584096990201559,43.181762338618483],[-77.584082482452899,43.181762731296644],[-77.583947749669633,43.18176636937612],[-77.583931096972236,43.181766818911306],[-77.583775801809963,43.181771011691666],[-77.58376736482586,43.181633713717154],[-77.583756638736034,43.181459170203325],[-77.583750722341748,43.181392734741962],[-77.583289955564325,43.181410129154365],[-77.583196292489575,43.181413647365389],[-77.583201050931635,43.18148512267193],[-77.583210677951755,43.181651318373916],[-77.583076473629134,43.181655826008523],[-77.582935347590379,43.18166056461228],[-77.582838047195537,43.181663831981488],[-77.582788876388477,43.181665483135916],[-77.582639151070836,43.181670510733177],[-77.582466045227889,43.181676322870914],[-77.582455119097929,43.181509959114578],[-77.582451866566913,43.181441605232337],[-77.582356514717617,43.181445186295242],[-77.582344051886679,43.181261246804752],[-77.581413139073064,43.181299404144085],[-77.580482349928729,43.181330011584151],[-77.580021215603693,43.181347214973414],[-77.580027443243537,43.181415353769538],[-77.580037875960585,43.181559690824656],[-77.580052139188439,43.181756982320657],[-77.579919088030621,43.181761726805838],[-77.579918405354661,43.181748807914175],[-77.579851621747963,43.181751162982259],[-77.579768117939253,43.181754106774385],[-77.579665356018566,43.181757730409394],[-77.579615256928591,43.181759496278339],[-77.579468811950363,43.181764661026193],[-77.579369293138427,43.18176816882643],[-77.579318342310629,43.181769965797812],[-77.579181344811445,43.181774796313086],[-77.57916537414242,43.181775359160945],[-77.579050656321343,43.18177940299676],[-77.579017496495254,43.181780571966833],[-77.578853419214525,43.181786356177454],[-77.578771391003542,43.181789249186259],[-77.578656676827521,43.181793292658838],[-77.578472661984677,43.181799778892163],[-77.578454523890031,43.181800418020579],[-77.57826394645663,43.181807135227132],[-77.578253288836947,43.181807150514594],[-77.578071189904009,43.181813814964428],[-77.578066288788889,43.181813995138953],[-77.577865450668739,43.181821345252814],[-77.577680075207667,43.181828130610469],[-77.577602404647223,43.1818309728705],[-77.577494448634624,43.181834924261828],[-77.577335497482537,43.181840741462501],[-77.577304562171605,43.181841873686992],[-77.577205330146512,43.181845505448884],[-77.577082977254932,43.181849982455525],[-77.577071396511073,43.181850406290785],[-77.576941376845639,43.181855164074257],[-77.57693433903971,43.181855421721629],[-77.576806329273069,43.181860106115899],[-77.576782936395048,43.181860961595206],[-77.576673659619601,43.181864960902217],[-77.57663315470063,43.181866442618748],[-77.576542251540303,43.181869769026413],[-77.57648271328425,43.181871946445177],[-77.576498385178027,43.182126912784945],[-77.57610777837121,43.182139896172984],[-77.57599734464111,43.182140238068392],[-77.576003593183941,43.182214991683438],[-77.576006795817776,43.182281829410037],[-77.57611923707357,43.182278508523204],[-77.576505444101841,43.182265564690233],[-77.576512286422641,43.182376305894905],[-77.5765190724576,43.182486132031656],[-77.576525821523944,43.182595364630352],[-77.57653251302925,43.182703684850509],[-77.576539157171808,43.182811220605693],[-77.57654597646777,43.182921572723288],[-77.576552535975523,43.18303096747465],[-77.576554173794136,43.183058628727125],[-77.576559015469257,43.18314036692049],[-77.576562255830993,43.183195067098019],[-77.576572037896909,43.183360249264538],[-77.576578593699423,43.183470922211264],[-77.576585119262774,43.183581116000475],[-77.576591542070204,43.183689554457111],[-77.576597914725127,43.183797153514206],[-77.57620804262622,43.183808048104211],[-77.576080431906135,43.183809533297733],[-77.576086982633143,43.183885972860573],[-77.576091359706297,43.183956729432296],[-77.576213303797303,43.183952986231176],[-77.576599641850194,43.183940046850864],[-77.57661257122669,43.184129228141181],[-77.57661449721148,43.184157396917307],[-77.576622150805932,43.184269393751237],[-77.57662372257623,43.184292394250484],[-77.576637001220305,43.184486678947216],[-77.576644535154486,43.184596904091848],[-77.576648709620173,43.184649564593272],[-77.576656111750566,43.184756583979599],[-77.576658933175622,43.184809164160342],[-77.576664458111779,43.184911095483642],[-77.576671412349569,43.185025611114618],[-77.576674564500166,43.18508029969346],[-77.576677774450118,43.185135962761009],[-77.576684139475844,43.185246362139573],[-77.576690593572138,43.185358304285515],[-77.576693540722772,43.185409449800098],[-77.576696852030523,43.185466881683766],[-77.576703064171141,43.18557461071493],[-77.576706084288432,43.185627006301054],[-77.576709504100776,43.185683825223222],[-77.576716326630958,43.185793937861568],[-77.576723152650061,43.185904064030694],[-77.576730045633255,43.186015281788826],[-77.576339575329968,43.186027285048674],[-77.576208155221863,43.186030558784459],[-77.576217312585285,43.186209006561079],[-77.576232192192705,43.186441658741124],[-77.57636169825021,43.186437759618428],[-77.576753557899906,43.186425286922407],[-77.576757287876092,43.186486143112162],[-77.576764084482903,43.186597018846179],[-77.576767448098124,43.186651873099002],[-77.576770849202333,43.186707365899302],[-77.576777524682868,43.186816257495352],[-77.576784430494058,43.186926180906319],[-77.576794705351404,43.187087038384604],[-77.576805472216407,43.187255613714754],[-77.576822953670415,43.187529289461658],[-77.576454113019153,43.187542250339263],[-77.576294252370801,43.18754987730096],[-77.576298429534361,43.187633716883404],[-77.576305724064383,43.187722118044995],[-77.576475246674164,43.187716986751738],[-77.576897393098221,43.187702800665967],[-77.576911316917332,43.187980394111449],[-77.57683636331636,43.187982343371381],[-77.576841191849539,43.188078620859869],[-77.576845863242283,43.188125168163552],[-77.577220424095543,43.188112580395746],[-77.577400916051715,43.188095397356264],[-77.578354766515446,43.188074451492795],[-77.578579650672538,43.188066891369552],[-77.579716329087063,43.188028670458763],[-77.579905393184461,43.18802231205818],[-77.583466716049529,43.187893806971033],[-77.583636559229703,43.190566261728847],[-77.584303220857933,43.190540863251613],[-77.584608585420966,43.193104089877792]]]},"properties":{"OBJECTID":169,"Beat":"237","Section":"Clinton","Section_Num":7,"Supervisor_Name":"Capt. Samuel Lucyshyn","Note":"In case of emergency call 911.","Color_Code":4,"Shape.STArea()":18539702.572359275,"Shape.STLength()":21630.063297011824,"ID":237,"Office_Address":"630 N Clinton Ave, Rochester, NY 14605","Office_Phone":"(585) 428-9807","Email_Contact":"","Office_Hours":"8:00am - 4:00pm"}},{"type":"Feature","id":170,"geometry":{"type":"Polygon","coordinates":[[[-77.604947657641191,43.253230196424468],[-77.604568103393362,43.253551048136785],[-77.60460150722335,43.253911448960501],[-77.604237556530279,43.254145058412433],[-77.603866565228046,43.254347062208602],[-77.603491329656222,43.254933507008694],[-77.603745470450434,43.255052893161661],[-77.603987195533648,43.255172829561914],[-77.602516125725288,43.256865525740366],[-77.602987788024691,43.257076123562442],[-77.603984191619304,43.257640109558714],[-77.608502296076466,43.253630919712563],[-77.611208072493127,43.249122843687836],[-77.612407346929871,43.247285915368813],[-77.613450682212473,43.243695916215991],[-77.613758310613306,43.241329114330597],[-77.614053638148974,43.239056759146692],[-77.614554403074607,43.238129463195172],[-77.615486140008528,43.237030755402337],[-77.617149033172211,43.234911574513745],[-77.617551303584321,43.234190941255299],[-77.617641220705394,43.233145044424326],[-77.617132668659593,43.231878924037531],[-77.616641339344739,43.231228147100843],[-77.61593278190503,43.230102767572177],[-77.615796863931678,43.229429269898183],[-77.615983627041302,43.22832956096947],[-77.616207846730646,43.226920309295515],[-77.616011476343445,43.225538703299101],[-77.615971594876299,43.224353478850773],[-77.615867358337255,43.223324901551663],[-77.615621166059384,43.222211763682061],[-77.615187978007668,43.220803291798333],[-77.6151542022684,43.220125171154613],[-77.615249649834084,43.219346073767312],[-77.61565696152752,43.218383747372869],[-77.616507383909905,43.2173441875319],[-77.617642114705674,43.216387582561602],[-77.619344782792396,43.215233497648796],[-77.620452144888333,43.214496571516698],[-77.622243160320465,43.213546005992029],[-77.623809875964255,43.212992407023314],[-77.625078675848812,43.212253764251436],[-77.625917573551533,43.211456419148192],[-77.626546947355507,43.210417626161501],[-77.627007167662612,43.208679506520099],[-77.62719555927508,43.207458082867056],[-77.62720885283602,43.20619018347422],[-77.626630265600639,43.204462191359532],[-77.625997286848616,43.203487072657026],[-77.624960452954298,43.202377335313756],[-77.623903630700525,43.201532586070876],[-77.62279866210784,43.20061485228986],[-77.62191407195013,43.199705713079702],[-77.621215574429058,43.19878527058836],[-77.620598555541548,43.19806723749155],[-77.620154192807874,43.196928621014131],[-77.61990300392857,43.195927385472281],[-77.619780261235832,43.19483196296175],[-77.620040960201862,43.193772132293439],[-77.620591814778692,43.192736491056955],[-77.620925836794669,43.192470354280701],[-77.621985961008761,43.191398524948667],[-77.622924444693155,43.190478464171953],[-77.624206151523623,43.189156419804696],[-77.625132634462545,43.188191736489721],[-77.626214141348143,43.187300451388616],[-77.625677198098941,43.187087377348703],[-77.625166746159223,43.187014014433544],[-77.624963181063677,43.187001967266625],[-77.624010760797944,43.18694571852096],[-77.623455437275254,43.186773148590262],[-77.622753483926232,43.186555008009847],[-77.622560158161932,43.18656736327047],[-77.622377191789809,43.186479333016827],[-77.622292307763445,43.186449998240278],[-77.622210778122238,43.186433701704409],[-77.622111389595403,43.186422458926693],[-77.622005253221204,43.186414064200584],[-77.621996558385604,43.186501934809904],[-77.621968487055398,43.186714593048549],[-77.621914763759733,43.186681617620238],[-77.621887032834096,43.186706249896474],[-77.621774080533228,43.186637218196907],[-77.621669354891992,43.18672700368942],[-77.621542047861254,43.186650688460091],[-77.621388387650185,43.186787729753704],[-77.621342812098462,43.186827678527152],[-77.621238459362061,43.186921152042608],[-77.621181148820796,43.18697128917465],[-77.621110287460183,43.186940547474272],[-77.621032488886854,43.18690661479382],[-77.620980505166131,43.186884068498948],[-77.620900766229866,43.186849307455098],[-77.620839494591308,43.186822701517315],[-77.620768298491427,43.186791676836336],[-77.620705492652689,43.186764384592657],[-77.62063965772856,43.18673571207232],[-77.620573597378993,43.186706984507047],[-77.620509056205705,43.186678892605229],[-77.620478477760869,43.186665589118057],[-77.620418611137154,43.186660830143687],[-77.620348604608466,43.186655262950019],[-77.620209926311446,43.186800296232427],[-77.620174167551767,43.186837693294684],[-77.620157972358129,43.18682916018124],[-77.620035439250231,43.186830497714261],[-77.620028392266917,43.186641305078723],[-77.619878770839122,43.18664516345769],[-77.619887808671592,43.186832109846939],[-77.619711417544309,43.186834988217626],[-77.619570898977159,43.186837280062299],[-77.619416027926292,43.186839806370514],[-77.619411990073942,43.186751573036688],[-77.619264013313881,43.186752290281738],[-77.6192293455574,43.186430515897648],[-77.619219987210627,43.186332532106469],[-77.619119173383694,43.186334825840092],[-77.619033250957898,43.186337026266507],[-77.619043628158522,43.186433332646679],[-77.619074408742662,43.186738075558715],[-77.61881368643536,43.186742389506037],[-77.618661451951908,43.186744910016763],[-77.618669513877251,43.186884541764563],[-77.618677707552834,43.187026433139629],[-77.618685604309647,43.187163199154163],[-77.618693850111057,43.18730600283051],[-77.618701840557819,43.187444400730826],[-77.618709711480378,43.187580703830221],[-77.618722971732296,43.187810369115418],[-77.618758588237583,43.187809440694757],[-77.618764685841128,43.18791649679693],[-77.618771366597571,43.188033785514499],[-77.618772826674501,43.188059420186967],[-77.618543442778829,43.188064921305539],[-77.618413663749109,43.18806914763821],[-77.618099075232749,43.188077664863997],[-77.618096449593224,43.188020466785268],[-77.618084860605776,43.187863664280229],[-77.618078210027875,43.18774790155895],[-77.61806930970782,43.187592933767618],[-77.618058962458718,43.187412767979787],[-77.618048818727729,43.18723616226454],[-77.618040309433979,43.187088004823082],[-77.618031406309129,43.186932991079381],[-77.618029316575104,43.186896592278501],[-77.618022674142281,43.186780948425984],[-77.617867494479583,43.186784172164124],[-77.617720181904559,43.186787231652062],[-77.617570139888187,43.186790348023493],[-77.617551915390081,43.186469553611431],[-77.617545598073121,43.186373062632669],[-77.617459817008651,43.186375029026742],[-77.617345643798146,43.186377533365075],[-77.617351403663235,43.186471051795131],[-77.617373724486001,43.186785549047841],[-77.617223320946138,43.186789669199086],[-77.617079688173959,43.186793327843567],[-77.616929406068266,43.186797156079521],[-77.616870220658697,43.186798663467698],[-77.616780184800064,43.186800956173933],[-77.616626835840179,43.186804861620182],[-77.616617315324916,43.186685533286152],[-77.616401751977293,43.186690910158795],[-77.616443672454679,43.186491873771217],[-77.616461980399762,43.186396911404898],[-77.616341817826438,43.186399545955055],[-77.616268642552654,43.186401179625747],[-77.616253802370025,43.186496907612231],[-77.616134040664633,43.186498994429996],[-77.615912599620472,43.18650284891487],[-77.615621484200815,43.186923221509005],[-77.615413090765472,43.186926800121405],[-77.615263690549412,43.186929365293743],[-77.615196911869148,43.186930511405585],[-77.615114190664755,43.186931931227711],[-77.615074779794355,43.186932608559239],[-77.614967251469281,43.186934452929478],[-77.61495416004125,43.186934677876422],[-77.614820263021812,43.186936976725967],[-77.614706921722018,43.186938921966785],[-77.614671487887691,43.186939529313406],[-77.614523858329093,43.186942063503523],[-77.614219152550717,43.186947292532551],[-77.613830882590506,43.186907785419585],[-77.613895126887115,43.186567905435105],[-77.613919707469918,43.18645376095769],[-77.613778303887614,43.186456750219726],[-77.613663059093057,43.186458310126582],[-77.613235746965842,43.186464094150132],[-77.613225510387281,43.186548006469778],[-77.613217233006964,43.186610507816034],[-77.613193935325157,43.186785627754254],[-77.613178838638618,43.186899105355359],[-77.613044044282802,43.186884897148389],[-77.613030840478075,43.186984632624224],[-77.613018754489204,43.18707592680677],[-77.613005855297146,43.187173356830989],[-77.613003119194232,43.18719402487001],[-77.612175702659073,43.187204484199953],[-77.612170810999402,43.186973988135762],[-77.612042432203623,43.186976686144014],[-77.612039416731704,43.18683457632627],[-77.612033821706859,43.186570889599224],[-77.612035619321333,43.186480330916616],[-77.611222406100779,43.186491325230548],[-77.61085434702612,43.186499517594605],[-77.609678242423882,43.186523628463121],[-77.609685179271267,43.186617203188881],[-77.609711393758744,43.186970623149023],[-77.609632325242714,43.186974335813943],[-77.609606066197827,43.186618872077297],[-77.609596592529684,43.186525472891113],[-77.609339575644043,43.186530569125281],[-77.60934715845498,43.186624335705105],[-77.609386134981278,43.187197043420667],[-77.608901858940186,43.187216647031093],[-77.608885077550894,43.186959012142836],[-77.60887792435507,43.186959844178709],[-77.608877702880733,43.18695659898944],[-77.608513442592667,43.186965756848736],[-77.608491675076309,43.186642383394371],[-77.608482102165794,43.186548138015461],[-77.608382558725722,43.186550177462557],[-77.608506137016917,43.188726668186391],[-77.608517223537973,43.188928427069023],[-77.608643577189611,43.190695094532046],[-77.608684754470232,43.191377606056129],[-77.608333270190229,43.191387989257223],[-77.607798614511196,43.191418938338366],[-77.606639825218437,43.191486007111195],[-77.605468430126209,43.191553793543612],[-77.604830798805096,43.191590687049754],[-77.603191740022524,43.19168550753956],[-77.601365836087368,43.191791107860404],[-77.599887118616323,43.191898111389577],[-77.598161388231972,43.192033152335178],[-77.597521707790477,43.192124006412975],[-77.596667843619016,43.192245278086318],[-77.595750466113074,43.192447043365732],[-77.595173094807876,43.192575010331979],[-77.592622344389085,43.193208928761869],[-77.59221839429604,43.19330931254067],[-77.587980868233316,43.194330872578711],[-77.584705396345157,43.195115754122106],[-77.584712875657161,43.195245819528495],[-77.591641736692793,43.194849750528135],[-77.591729073031672,43.196198335564539],[-77.592378950071648,43.196167098780407],[-77.592505536145893,43.196146942331339],[-77.59478642029859,43.195906127293689],[-77.595036543133162,43.195879701839942],[-77.598609609548689,43.19550214937572],[-77.599012808612756,43.195459536251548],[-77.599955116259849,43.195220722092465],[-77.600199129301274,43.195158879704394],[-77.601933650134669,43.194716248278482],[-77.601981119854557,43.194713732661448],[-77.607763662350862,43.194412559383359],[-77.607855541782484,43.195813803170488],[-77.609042126637021,43.195626571658352],[-77.609270359551772,43.199079898142763],[-77.612534122996479,43.199006669981593],[-77.617873173905579,43.19887655878194],[-77.619032285500793,43.20020520734257],[-77.620413278986192,43.201428234748008],[-77.621797182200837,43.202656968689865],[-77.621832157212395,43.202646506585019],[-77.622133270679967,43.202970085406498],[-77.622461779407004,43.203410492803002],[-77.622721142936186,43.203853621329529],[-77.622989559907936,43.204506392621759],[-77.623101611131972,43.205011826083314],[-77.623188140478177,43.205460350115239],[-77.623196663555476,43.205733671138738],[-77.623151867657711,43.206032802432738],[-77.623045885652346,43.206336203564454],[-77.62293394824664,43.206545066114103],[-77.622647280734441,43.206936756491181],[-77.621755885278006,43.207928608065181],[-77.620996352605772,43.208804920374028],[-77.620844479093975,43.208741870695818],[-77.620348208138452,43.209268199571085],[-77.620388012590524,43.209515938426094],[-77.619007725341703,43.210798999925224],[-77.61893423589521,43.210756399462838],[-77.618459210170585,43.211126601797417],[-77.617224164334061,43.211764303096174],[-77.616557264034924,43.212196431978228],[-77.616125912103854,43.212823298034344],[-77.616224070192644,43.212827192975638],[-77.615306803298509,43.215149533282855],[-77.614880263222915,43.21620338138797],[-77.615077073649957,43.216198967706077],[-77.614179592088334,43.218522293145519],[-77.613309109520216,43.220788112991798],[-77.612655323903127,43.222333579687117],[-77.612541634039914,43.222755008681844],[-77.612442485657141,43.223309225895512],[-77.612474389417386,43.22379020464367],[-77.612661743925059,43.225156795141572],[-77.612905382044559,43.226880742248824],[-77.613317606198606,43.2297575165463],[-77.613449293403704,43.23065428408794],[-77.613511580802211,43.230915088238255],[-77.613615033503322,43.231148541578953],[-77.613765400930362,43.231351306330012],[-77.613900639543047,43.231527113380203],[-77.614910492410203,43.232175954975631],[-77.615261300859544,43.232434012736348],[-77.615520537152022,43.232715862767989],[-77.615708813940174,43.233138684693358],[-77.615693923442336,43.233500267444477],[-77.615592307333927,43.23372633911336],[-77.615432226309224,43.233967766921126],[-77.615156606874137,43.234238390020316],[-77.614134998313887,43.235140530566504],[-77.613628591905737,43.235610668965691],[-77.613349828240757,43.235914066388659],[-77.613095173230718,43.236302958644444],[-77.613193515626406,43.236303107711848],[-77.613087165172118,43.236744572109664],[-77.612965673578444,43.237560422044716],[-77.612920910010388,43.238689539953995],[-77.612968041438521,43.240347225766172],[-77.61302419599663,43.24066665820763],[-77.612873991614904,43.242254678607303],[-77.6124391414332,43.243657141839584],[-77.611982062600617,43.244271628895611],[-77.611762881755467,43.24426256618176],[-77.611339249420283,43.245074537781036],[-77.611181721693967,43.245277406328327],[-77.610994484488714,43.245458257182008],[-77.610706596912323,43.245675272752081],[-77.610289349782406,43.245906609660913],[-77.611209270506507,43.246153769047787],[-77.611062917930411,43.246300896448474],[-77.610874221274514,43.246437267749776],[-77.610784518706254,43.246558037265473],[-77.610720326491631,43.246704874363601],[-77.610657431345629,43.246880838966064],[-77.610586217457907,43.247073616151035],[-77.610518128727222,43.247427151185427],[-77.61060627833001,43.24763467253171],[-77.610540260413828,43.247820375398554],[-77.610053363889932,43.248683934491517],[-77.609623063404015,43.249041758648474],[-77.609670552033123,43.249256514753043],[-77.609004568687979,43.250065385791075],[-77.608920252847767,43.250321889397135],[-77.608744673792515,43.250814260493719],[-77.608297508172029,43.25130157378306],[-77.607654708892582,43.251581098708847],[-77.607091125152763,43.252129834629855],[-77.606856183987063,43.252547958723611],[-77.606798712029615,43.253092709476498],[-77.606311059056154,43.252970907286794],[-77.6056234870494,43.253013047592525],[-77.604947657641191,43.253230196424468]]]},"properties":{"OBJECTID":170,"Beat":"207","Section":"Clinton","Section_Num":7,"Supervisor_Name":"Capt. Samuel Lucyshyn","Note":"In case of emergency call 911.","Color_Code":3,"Shape.STArea()":38434342.311664402,"Shape.STLength()":82351.569332590312,"ID":207,"Office_Address":"630 N Clinton Ave, Rochester, NY 14605","Office_Phone":"(585) 428-9807","Email_Contact":"","Office_Hours":"8:00am - 4:00pm"}},{"type":"Feature","id":171,"geometry":{"type":"Polygon","coordinates":[[[-77.595474544888191,43.181562547892305],[-77.595505222036763,43.182131108547374],[-77.595528021989907,43.182737671016767],[-77.595559127077109,43.183323384333271],[-77.595584371866934,43.183865489678993],[-77.595588741176002,43.183972533018142],[-77.5956196650354,43.184511258592316],[-77.595627259460983,43.184694467723368],[-77.595648967692142,43.185267067069852],[-77.595652728984078,43.185411831143441],[-77.59568060008435,43.186140190042771],[-77.595726506373978,43.18695650413855],[-77.595345031368737,43.18696796130498],[-77.595398304958195,43.187719518017445],[-77.595444111218129,43.188352686797742],[-77.595462091298373,43.188589488718428],[-77.595489915234822,43.188986198436737],[-77.595528165092787,43.189623074397623],[-77.595566577414985,43.190264412005639],[-77.595619677666733,43.191026940632256],[-77.59562734850266,43.191190945170355],[-77.595665566381129,43.191713612871389],[-77.595700482383123,43.192106610063021],[-77.595714177375584,43.192231224888879],[-77.595750466113074,43.192447043365732],[-77.596667843619016,43.192245278086318],[-77.597521707790477,43.192124006412975],[-77.598161388231972,43.192033152335178],[-77.599887118616323,43.191898111389577],[-77.601365836087368,43.191791107860404],[-77.603191740022524,43.19168550753956],[-77.605468430126209,43.191553793543612],[-77.606639825218437,43.191486007111195],[-77.607798614511196,43.191418938338366],[-77.608333270190229,43.191387989257223],[-77.608684754470232,43.191377606056129],[-77.608643577189611,43.190695094532046],[-77.608517223537973,43.188928427069023],[-77.608506137016917,43.188726668186391],[-77.608382558725722,43.186550177462557],[-77.608223963809294,43.184557217786228],[-77.608216161272395,43.184473125130566],[-77.608172807271586,43.183839638832367],[-77.608168252612842,43.183772378180223],[-77.608132379087024,43.18319897514818],[-77.608122654791202,43.183044213709188],[-77.608101748485296,43.182649623322575],[-77.60808550924429,43.182329839745009],[-77.60806354449322,43.182016523654781],[-77.608040677081348,43.181627403895156],[-77.608025566578561,43.181295626134528],[-77.608002565186212,43.181047465215826],[-77.607979781020958,43.180608959259693],[-77.607440406937641,43.180622098185999],[-77.607443921635834,43.18068037535356],[-77.607449633901311,43.18077181636032],[-77.607455449027469,43.180864909151303],[-77.6074163031616,43.180865947077152],[-77.607306843233275,43.180868858786006],[-77.607273081155796,43.180869752659255],[-77.607128266769138,43.180873600284436],[-77.60701709751207,43.180876559241675],[-77.606739901190636,43.180883924109345],[-77.606695068856979,43.180885109482311],[-77.606591456522722,43.180887868788901],[-77.606551323773459,43.180888928598606],[-77.606442532038628,43.18089181818025],[-77.606403712597853,43.180893056583891],[-77.606292692652573,43.180896598520803],[-77.606264411527846,43.180897501998807],[-77.60614419096953,43.180901337881508],[-77.606114435514286,43.180902286339901],[-77.605993774352356,43.180906136304216],[-77.605973341324912,43.180906787196776],[-77.605843260496457,43.180910937298925],[-77.605695519343485,43.180915650169183],[-77.605685309584331,43.180915976097069],[-77.605546940070326,43.180920389891639],[-77.605541616118856,43.18092056042844],[-77.605393602948439,43.180925281385754],[-77.605404255713793,43.18108654575385],[-77.605106718611779,43.181095256767975],[-77.6050858615789,43.180755679022496],[-77.605081449931404,43.180679530278397],[-77.604996575264181,43.180681596805712],[-77.604930177392959,43.180683883402551],[-77.604936871597786,43.180760355029911],[-77.604954650269349,43.181033375948786],[-77.604810051027741,43.181037659959784],[-77.604669445241939,43.181041823121539],[-77.604596233073622,43.181043992719182],[-77.604602930318904,43.181147122865553],[-77.604247344787424,43.181159999684709],[-77.604225467330977,43.180781123419166],[-77.604221369010745,43.180708295344985],[-77.603725126051401,43.180724760934787],[-77.603732842474756,43.180795673843427],[-77.60373898694958,43.180885355298663],[-77.603745089555844,43.180974425179585],[-77.603751207373605,43.181063698627057],[-77.603757239366786,43.181151724605201],[-77.603643702540708,43.181155238818285],[-77.603627289067546,43.181155747280293],[-77.60336693924107,43.18116380544258],[-77.603213535976366,43.181168553920251],[-77.603188721170113,43.180811374256628],[-77.603181863025497,43.180743056649021],[-77.602994890844656,43.180748838671754],[-77.603001498782817,43.180817559221822],[-77.603019584150942,43.181097088571455],[-77.602892857917652,43.181101341477316],[-77.602640405971513,43.181109814036766],[-77.602640689112974,43.181114487436112],[-77.602510894559373,43.18111869381223],[-77.602421742646797,43.181121582317601],[-77.60227203534285,43.181126433236109],[-77.602251892454788,43.181127086851987],[-77.602129330679105,43.181131058665898],[-77.602122171692642,43.1811312907192],[-77.60199291119811,43.181135479483927],[-77.601987445653606,43.181135656742185],[-77.601859973374729,43.18113978598209],[-77.601845519994683,43.181140256094103],[-77.601723855371958,43.181144197363395],[-77.601699334888977,43.181144991553779],[-77.601565371837253,43.181149332120491],[-77.601557737805564,43.181149578965233],[-77.601417473558371,43.181154122730895],[-77.601416624369506,43.181154150548849],[-77.60141227876062,43.18115429148348],[-77.601277552650075,43.181158655769352],[-77.601269644162656,43.181158911941047],[-77.601263181751875,43.18115912111481],[-77.601126580010671,43.181163547436249],[-77.601125552386065,43.181163580021234],[-77.600993699917666,43.181167851622725],[-77.600989270616651,43.181167995423309],[-77.600860912108544,43.181172152846635],[-77.60084464222389,43.181172680145778],[-77.600714677634514,43.181176889324121],[-77.600719588580517,43.181254931964986],[-77.600594258346959,43.181258855850608],[-77.600461514447559,43.181263012960798],[-77.600456411580922,43.181186832908459],[-77.600308194509793,43.181191702160831],[-77.60017754952321,43.181195993998912],[-77.600173088183823,43.181196141093231],[-77.600045158132005,43.18120034359093],[-77.599928593688489,43.181204172857619],[-77.599895304148703,43.181205266651602],[-77.599745599063183,43.181210184494901],[-77.599739380105618,43.181120984686707],[-77.599732836978987,43.181027153425667],[-77.599726031677235,43.18092957971033],[-77.599720349015129,43.18083977059328],[-77.59918247391623,43.180854697298891],[-77.598441032143,43.180875940045738],[-77.598442322965298,43.180930467135205],[-77.59845608748526,43.181235462637027],[-77.598453229111101,43.181235520844908],[-77.59832089593408,43.181238379163972],[-77.598317343508967,43.181238455697134],[-77.598188610742326,43.181241235942778],[-77.598182989852546,43.181241357671375],[-77.598057827964965,43.18124406049958],[-77.598051665661018,43.181244193761891],[-77.597925702712814,43.181246913850906],[-77.597915247224591,43.18124713975034],[-77.59779450400994,43.181249747126358],[-77.59778012941274,43.181250057173365],[-77.59766371751482,43.18125257120046],[-77.597642964048617,43.18125301890656],[-77.597528835939926,43.181255483160626],[-77.597506183819235,43.181255972091847],[-77.597399127334228,43.181258283814287],[-77.597373130738447,43.181258844714691],[-77.597267447574879,43.181261120440773],[-77.59723965350851,43.181261702724711],[-77.597137937182524,43.181263832489904],[-77.597104602265702,43.181264530806786],[-77.597005810781098,43.181266599252616],[-77.596969851252325,43.181267352316269],[-77.596875568236371,43.181269326296309],[-77.596833679021003,43.181270203719542],[-77.596743113275707,43.181272099824284],[-77.596699890214794,43.181273005302941],[-77.596611565172452,43.181274854015541],[-77.59656307812952,43.181275868869093],[-77.596482454639613,43.181277557069009],[-77.596428121569716,43.181278695168693],[-77.596357744936157,43.181280204326477],[-77.596349633430776,43.181280385492833],[-77.596217126004021,43.18128335869644],[-77.596154162039511,43.181284772359248],[-77.596085375343506,43.18128631397262],[-77.596025269868107,43.181287662215404],[-77.595954065207152,43.181289258496413],[-77.595890708737485,43.181290678528391],[-77.595832481001864,43.18129198526654],[-77.59575435469813,43.181293737716572],[-77.595708066610399,43.181294775691036],[-77.595584023841184,43.181297556586465],[-77.595570920755918,43.180987212271155],[-77.595569432075834,43.180958162699262],[-77.595453296660224,43.180961486115493],[-77.595474544888191,43.181562547892305]]]},"properties":{"OBJECTID":171,"Beat":"227","Section":"Clinton","Section_Num":7,"Supervisor_Name":"Capt. Samuel Lucyshyn","Note":"In case of emergency call 911.","Color_Code":2,"Shape.STArea()":13357917.067135617,"Shape.STLength()":16557.381458200038,"ID":227,"Office_Address":"630 N Clinton Ave, Rochester, NY 14605","Office_Phone":"(585) 428-9807","Email_Contact":"","Office_Hours":"8:00am - 4:00pm"}},{"type":"Feature","id":172,"geometry":{"type":"Polygon","coordinates":[[[-77.67622128707491,43.164701965452039],[-77.673803230465609,43.157753842260334],[-77.665126689166399,43.157698337887666],[-77.664668818921243,43.157696648946398],[-77.663851111150805,43.157678944978031],[-77.663359844404241,43.157668304726464],[-77.662551599111396,43.157608759116734],[-77.66140294807505,43.157524122959416],[-77.660125346628192,43.15742997047046],[-77.65955064471558,43.157387614310039],[-77.659475065898363,43.157381072794301],[-77.659415195475134,43.157375891320569],[-77.657610222847168,43.157260151185866],[-77.656153539338419,43.157166724113765],[-77.654122398286503,43.157139970971244],[-77.651994987167413,43.157159728299675],[-77.649330752716153,43.157221295900513],[-77.649235609649295,43.157221724469537],[-77.646767610380337,43.157202059007396],[-77.644287347665696,43.157181835464392],[-77.64398375767901,43.157179345949714],[-77.643999077971543,43.157923026749536],[-77.643999103758489,43.158457029881255],[-77.643999264313237,43.159349434916628],[-77.642870022992497,43.159345653395931],[-77.642160548778364,43.159341882335099],[-77.642130285969699,43.161284550120051],[-77.642177680966839,43.161661518778523],[-77.642194914345922,43.162645637300507],[-77.642181170695963,43.163541700808629],[-77.642175795465292,43.164640527293358],[-77.64226739224749,43.164640593938792],[-77.642313135812344,43.16464075415729],[-77.64231387611855,43.164740171562499],[-77.642312338198451,43.16495756107431],[-77.642464778509805,43.164957272834982],[-77.642552337196705,43.164957106205804],[-77.642551562812187,43.165157650787236],[-77.642310921074326,43.165157626876443],[-77.642310777234229,43.16517797226323],[-77.642701904262907,43.165180055392895],[-77.642704536770651,43.164741371376707],[-77.642705618119749,43.164642125580357],[-77.643284522754001,43.164644147220869],[-77.643354793080832,43.164644724590794],[-77.64340627428254,43.164645064738359],[-77.643408075137188,43.164742719314454],[-77.643409903882215,43.165380573179888],[-77.643859211128316,43.165378512448036],[-77.643859006901152,43.165293381579438],[-77.643858677476388,43.16515591732658],[-77.644046284180803,43.1651569005382],[-77.644234024935457,43.165157883642294],[-77.644233776849276,43.165045237775772],[-77.644233516825892,43.16492767147291],[-77.64441645547933,43.164929972317282],[-77.644415919715769,43.164743431723416],[-77.644417245374996,43.164651739450029],[-77.644426453888116,43.164651801519653],[-77.644541005705292,43.164652054728023],[-77.644644220502514,43.164652235507852],[-77.644644659443088,43.16474636372336],[-77.644646990691982,43.165155885170954],[-77.644647216098306,43.165195454047669],[-77.645141287043984,43.165194680023049],[-77.645139813825054,43.165293672376457],[-77.645271183920684,43.16529390524223],[-77.64527175894537,43.165156758064576],[-77.64578659071681,43.165157390111418],[-77.64607581767045,43.16555712431186],[-77.646088163415456,43.165557749351265],[-77.64608931057731,43.165163480142589],[-77.646501090121276,43.165164506938368],[-77.646976151057245,43.165165691024569],[-77.646973921429591,43.164752845205932],[-77.646974197621986,43.1646583591791],[-77.647119697686946,43.164659447306825],[-77.64726057694763,43.164659454143731],[-77.647258682411717,43.164753486746719],[-77.647259431297542,43.165026257391958],[-77.647634321251459,43.165027458062767],[-77.64800753639372,43.165028653714501],[-77.648007550528234,43.165162648831767],[-77.648197956509463,43.165163371766816],[-77.64857029973021,43.165164786199753],[-77.648568629130608,43.164753849729976],[-77.648569471358556,43.164659501546645],[-77.648612262336442,43.164659502796674],[-77.648722078615947,43.164659506088363],[-77.648870743405297,43.164659103753614],[-77.648870995102769,43.164754808431319],[-77.648871093481148,43.165163901108741],[-77.649250136898559,43.165164715430727],[-77.649628856910937,43.165165529457937],[-77.649628217489365,43.165301892993867],[-77.650002881784431,43.165303006647349],[-77.650003714697263,43.164754952209336],[-77.650004956425363,43.164656027199861],[-77.650110632916125,43.164655740637571],[-77.650229844093175,43.164656083766268],[-77.650229310384645,43.164753598583623],[-77.650229331010507,43.165055046345266],[-77.650377030766464,43.165054928539142],[-77.651041163842066,43.165054394998599],[-77.651191714194965,43.165054273264751],[-77.651359616405486,43.165054136954943],[-77.651359993146741,43.164752474582578],[-77.651361073496091,43.164659329142211],[-77.65147634603602,43.16465966049131],[-77.651584186387126,43.164659647641543],[-77.65158388997429,43.16475083439466],[-77.651584626826974,43.165161992782885],[-77.652037235461165,43.165161948596982],[-77.652135753976253,43.165161938561248],[-77.652177843218212,43.165161933666276],[-77.652316643234045,43.165161920054864],[-77.652321568359355,43.165161919626563],[-77.652456114691162,43.165161906337183],[-77.652498492916251,43.165161901875258],[-77.652594654025805,43.165161891167564],[-77.652688810644321,43.165161881176729],[-77.65273729331058,43.165161876773382],[-77.652875130459051,43.165161861853576],[-77.65287797571267,43.164749654191155],[-77.6528786273674,43.164659484814798],[-77.652971671567954,43.164659472744518],[-77.653063514648238,43.164659763191445],[-77.653062388364944,43.16475124386033],[-77.653061906142469,43.165189905176156],[-77.6532537994932,43.165192300707247],[-77.653253895354993,43.165162314977067],[-77.653409866221224,43.165162385619155],[-77.653422027066128,43.165162390846589],[-77.653512329996857,43.165164953950665],[-77.653576794922458,43.165164996267436],[-77.653737215707395,43.165165101726295],[-77.653900775984198,43.165165209960904],[-77.654042233123221,43.165165301358066],[-77.654040047866957,43.16475198609352],[-77.654042326235626,43.164662854317079],[-77.65414669602589,43.164663183532099],[-77.654455680395145,43.164662417787291],[-77.654609089309915,43.164753182574309],[-77.654644356556446,43.164770898878821],[-77.655207305198218,43.165054325896307],[-77.65521579198888,43.165058607547387],[-77.655350674973079,43.165128381175528],[-77.655501633214385,43.164989360622897],[-77.655192483901956,43.164752046000629],[-77.655083049587333,43.16466086014627],[-77.65526207847256,43.164660568037633],[-77.655332857631379,43.164720475181163],[-77.655433746225754,43.164803262199555],[-77.655536049659744,43.16488537467125],[-77.655640009206081,43.164966471583547],[-77.655745630055208,43.165046210008789],[-77.655852672152946,43.165124931861783],[-77.655961135540437,43.165202634438415],[-77.656071253799908,43.165279322328338],[-77.656182799752287,43.165354648920172],[-77.65629600453272,43.165428617882974],[-77.656410398179801,43.165501567469406],[-77.656526211857141,43.16557349954855],[-77.656643451991187,43.165644070302754],[-77.656762114584737,43.165713625361086],[-77.656877551468696,43.165778971078041],[-77.656881972742923,43.165781473350521],[-77.657003248186996,43.165848647659004],[-77.65712072365659,43.165911445947636],[-77.657125721620346,43.165914116710624],[-77.657249380229786,43.165978565428254],[-77.657374466480533,43.166041654605564],[-77.657500744310639,43.16610338052724],[-77.657627980048261,43.166163743999199],[-77.657756642238681,43.166222744308016],[-77.657886262326329,43.166280382159599],[-77.658017071255998,43.166336999683345],[-77.658149075659978,43.166391912798652],[-77.658282037971347,43.166445461645637],[-77.658415958197452,43.166497645320874],[-77.658550831144851,43.166548807644467],[-77.658686902012448,43.166598264664323],[-77.658823702292153,43.166646013490336],[-77.658961454057973,43.166692740044404],[-77.659100167618973,43.166737760276241],[-77.659105174847824,43.166739337319314],[-77.659239836342508,43.166781758258956],[-77.659312834726478,43.16680361170846],[-77.659380231986916,43.166824048015613],[-77.659499431135657,43.166858276439179],[-77.659521357041967,43.166864626863159],[-77.659663435953902,43.166904187042348],[-77.659806008184191,43.166942033500511],[-77.659949543386119,43.166978173627122],[-77.66009380153875,43.167012947546702],[-77.660238550233487,43.16704635338133],[-77.660384021848358,43.167078393904006],[-77.664199007191243,43.167810792980134],[-77.674970698299703,43.169914416318321],[-77.67885828090148,43.170623935035842],[-77.678112810365448,43.169656669876908],[-77.677612225067364,43.168771476412658],[-77.677192010739645,43.1674820255367],[-77.67681691821214,43.166443011563757],[-77.67646377184569,43.165428606214469],[-77.67622128707491,43.164701965452039]]]},"properties":{"OBJECTID":172,"Beat":"281","Section":"Lake","Section_Num":1,"Supervisor_Name":"Capt. Nathan Cornell","Note":"In case of emergency call 911.","Color_Code":1,"Shape.STArea()":30594653.858551838,"Shape.STLength()":30298.720168404863,"ID":281,"Office_Address":"1099 Jay St, Rochester, NY 14611","Office_Phone":"(585) 428-9801","Email_Contact":"","Office_Hours":"8:00am - 4:00pm"}},{"type":"Feature","id":173,"geometry":{"type":"Polygon","coordinates":[[[-77.64398375767901,43.157179345949714],[-77.64328464742546,43.157127649981895],[-77.641162575191245,43.156814570274257],[-77.640095905802653,43.156720388977256],[-77.638876297339635,43.156670895413505],[-77.636710345452329,43.156681700320348],[-77.633930964500976,43.156695505765256],[-77.632304425527309,43.156680637350725],[-77.63080744335619,43.156694601143947],[-77.630138492303686,43.156722988731154],[-77.629927573393715,43.156744687054157],[-77.6296110863981,43.156777244155535],[-77.629071809304676,43.156856779388761],[-77.62793840492759,43.157107040627452],[-77.626655018747599,43.157394581039838],[-77.626027631433672,43.157535140303715],[-77.625614743939877,43.157590335452518],[-77.62522496429132,43.15762068614201],[-77.6249270222837,43.157634997758286],[-77.624686725272866,43.157632986318518],[-77.624970692544835,43.158258537368148],[-77.62520858302527,43.158094603857855],[-77.625107230941325,43.158283901956722],[-77.6251148775075,43.158304538530665],[-77.625289020774417,43.158687754447215],[-77.625313018133653,43.158670188703923],[-77.625422212745903,43.158748490796988],[-77.62552740945236,43.158823925574183],[-77.625791216882831,43.158630642591788],[-77.625859431804372,43.15857931498639],[-77.625913737968943,43.158619683982899],[-77.625944254239769,43.158641038483395],[-77.625874328849932,43.158692292412937],[-77.62560458461617,43.158883856968366],[-77.625709680076042,43.158960685995552],[-77.625816870528581,43.1590390456481],[-77.625922751883479,43.159116449063973],[-77.626033812609862,43.159197636833511],[-77.626140809382818,43.159275853232714],[-77.626241433423289,43.159349412740703],[-77.626415996863813,43.159222505733879],[-77.626524214746311,43.159300119871354],[-77.626615758398387,43.159237433214422],[-77.626700321083035,43.159178858607689],[-77.62693162474261,43.159349796109097],[-77.627007921964747,43.159399134993819],[-77.627316241993853,43.159628633415579],[-77.627232785875719,43.159691075856976],[-77.626961478488681,43.159881383778355],[-77.62704383080434,43.15994193808212],[-77.627122131374762,43.159999512199889],[-77.627200315353562,43.160057002473486],[-77.627281650630351,43.160116806363639],[-77.627338320581188,43.160075672176433],[-77.627413450071742,43.160130740523343],[-77.62749983144198,43.160194057482059],[-77.627598245307283,43.16026619305552],[-77.627683731071699,43.160328851568501],[-77.627690837166696,43.160334059907861],[-77.627771666075972,43.160394690976702],[-77.627855069421599,43.160457254552995],[-77.627943289764033,43.160523429274775],[-77.628029500778609,43.160585990964258],[-77.628117235198175,43.160651255920683],[-77.628204443477316,43.160716128442878],[-77.628292774369825,43.160780779825387],[-77.628509304776173,43.16062779723606],[-77.628587685676735,43.160575333131355],[-77.628663611078665,43.160631518108289],[-77.628745651983351,43.160691790430612],[-77.628663628992896,43.160747245227341],[-77.628396979642346,43.160937527874907],[-77.628515914010421,43.161023390515645],[-77.628619933344552,43.161098486740293],[-77.628727254399664,43.161175963467556],[-77.628657206922639,43.16122633228796],[-77.628974004418126,43.161458460616622],[-77.629303703092759,43.161218297311443],[-77.629385831751961,43.161154632476084],[-77.6302922449389,43.161800203112648],[-77.630755898423672,43.161977261123759],[-77.631663353087319,43.162285647787655],[-77.632294680944682,43.162554577628192],[-77.632883829743989,43.163010534156953],[-77.633219744425503,43.163388125061971],[-77.633906483042651,43.164288685510783],[-77.634164708250964,43.164648139400171],[-77.633492148619112,43.164645258981103],[-77.633492432091046,43.164551723650312],[-77.633467486975249,43.164492520227519],[-77.633288171314447,43.164258774544805],[-77.633226758267682,43.164258894667881],[-77.633182827489321,43.164258981716081],[-77.633023955878159,43.164259291483006],[-77.632889989380942,43.164259553184891],[-77.632756389337729,43.164259815074139],[-77.632619946107994,43.164260081085921],[-77.632349417079553,43.164260609712713],[-77.632349775203068,43.164548745775306],[-77.632417433206768,43.164640501786494],[-77.632534515710262,43.164641151722428],[-77.632641432165059,43.164766366456696],[-77.633133038990877,43.165427336870842],[-77.633432535580695,43.165326137741879],[-77.633448451231132,43.165349055015412],[-77.6335875204595,43.165304226146752],[-77.633560680993824,43.165262415433411],[-77.633636889500991,43.165233201999733],[-77.63364723349828,43.165249355018645],[-77.633677138721112,43.165239094660585],[-77.633665578813094,43.165221254532604],[-77.633870633514803,43.165150674534992],[-77.633976361029042,43.16531461970942],[-77.63428612892757,43.165771512390201],[-77.634472814350417,43.165681571090175],[-77.634638603808312,43.165937809599832],[-77.634793780626936,43.165873525117512],[-77.634828389782371,43.165921441902171],[-77.634862241920274,43.165905824634478],[-77.63490307220323,43.165972836088393],[-77.635230679194933,43.165835165321425],[-77.635410055360879,43.16610091939063],[-77.635694029254495,43.165983905657541],[-77.635634240335577,43.165900894431147],[-77.635639869631291,43.165858531306149],[-77.634764079285475,43.164734463448234],[-77.634687992580595,43.164645024386466],[-77.63472911585005,43.16464424195437],[-77.634758109039396,43.164644254604795],[-77.634832666584089,43.164734931280087],[-77.635129563205155,43.16511744999918],[-77.635539696146608,43.164978212740301],[-77.635350482706556,43.164735095834359],[-77.635279345710032,43.164644485648004],[-77.635385291292067,43.164644532680477],[-77.635497777799742,43.164643865059027],[-77.635582468509355,43.164759260181818],[-77.635719156650538,43.164934547644123],[-77.635803138338559,43.165042242963416],[-77.636061115373323,43.164949226682481],[-77.636081891672603,43.165025316438594],[-77.636085048126461,43.165036874665311],[-77.63622160031268,43.165035478409912],[-77.636219053407586,43.16507798951087],[-77.636249431923915,43.165077496553707],[-77.636375752962735,43.165075450110685],[-77.636374752858714,43.165134460652034],[-77.636373354248491,43.165217118989872],[-77.636509921727864,43.165215156309721],[-77.636500691367175,43.16552820893088],[-77.637530814528844,43.165530035061266],[-77.637533836096665,43.165235759002222],[-77.637857750739911,43.165235030999668],[-77.637860105937236,43.164735088197503],[-77.637860728618932,43.16464416344887],[-77.637910682669443,43.164644489848534],[-77.637979694315064,43.164644468706669],[-77.637979490422936,43.16473456335811],[-77.637976645053413,43.165077443853754],[-77.638186535753547,43.165077136427016],[-77.638185592881939,43.165190693329393],[-77.638349107486093,43.165190732507114],[-77.638348410336164,43.165281268661893],[-77.638347720370803,43.165371099140486],[-77.638347008288974,43.165463560635104],[-77.638346327306266,43.165552169652891],[-77.638345775462042,43.16562386552156],[-77.638345638486641,43.165641605861829],[-77.638532502810861,43.165640897864471],[-77.638551566291355,43.165640826650979],[-77.638714848756692,43.165640207165531],[-77.638841178705334,43.165639727973122],[-77.638841110739989,43.165647012496578],[-77.638957307104661,43.16564728037477],[-77.638957307023489,43.165521481464168],[-77.639089055656584,43.165521837976875],[-77.639089460747698,43.165410992449274],[-77.639089861650859,43.165301376518812],[-77.639090269960306,43.165189842382702],[-77.639090615334112,43.165095886267601],[-77.639090968721192,43.164999014562717],[-77.639255371635841,43.165000349721169],[-77.639556781093475,43.165002797832152],[-77.639558638105157,43.164732247790141],[-77.639557670116034,43.164644235463932],[-77.63966557443274,43.164644218175482],[-77.63977150833999,43.16464374615105],[-77.639771344424943,43.164732852750433],[-77.639767373794442,43.165094044305725],[-77.63995232070927,43.16509372234988],[-77.640141788789307,43.165094797527146],[-77.64032518987365,43.165095837685868],[-77.640516533150262,43.165096924098208],[-77.640706764425047,43.165097471727762],[-77.640895718058999,43.165098015717597],[-77.640896395837501,43.164984657339723],[-77.641084121118226,43.164985408740684],[-77.64127051468742,43.164986154268838],[-77.641269689027098,43.164738919039415],[-77.641270888035621,43.164637049328697],[-77.641366932985974,43.164636620421383],[-77.641462359239142,43.164637081110122],[-77.641464170091766,43.164739566114719],[-77.641464017845408,43.164984788611534],[-77.641717305146273,43.164986679117234],[-77.641716767798826,43.165095076913779],[-77.641716249204947,43.165199851673584],[-77.64183639727257,43.165201952193193],[-77.64184030310588,43.165202021242777],[-77.641840314784673,43.165198298230813],[-77.641964324637755,43.165199492417599],[-77.642092886335092,43.165200730219922],[-77.642208007733629,43.165201836612837],[-77.642209889842846,43.164740010238759],[-77.642210258327594,43.164640551544508],[-77.642175795465292,43.164640527293358],[-77.642181170695963,43.163541700808629],[-77.642194914345922,43.162645637300507],[-77.642177680966839,43.161661518778523],[-77.642130285969699,43.161284550120051],[-77.642160548778364,43.159341882335099],[-77.642870022992497,43.159345653395931],[-77.643999264313237,43.159349434916628],[-77.643999103758489,43.158457029881255],[-77.643999077971543,43.157923026749536],[-77.64398375767901,43.157179345949714]]]},"properties":{"OBJECTID":173,"Beat":"291","Section":"Lake","Section_Num":1,"Supervisor_Name":"Capt. Nathan Cornell","Note":"In case of emergency call 911.","Color_Code":2,"Shape.STArea()":11036618.731034309,"Shape.STLength()":20372.452464074791,"ID":291,"Office_Address":"1099 Jay St, Rochester, NY 14611","Office_Phone":"(585) 428-9801","Email_Contact":"","Office_Hours":"8:00am - 4:00pm"}},{"type":"Feature","id":174,"geometry":{"type":"Polygon","coordinates":[[[-77.650110632916125,43.164655740637571],[-77.650004956425363,43.164656027199861],[-77.650003714697263,43.164754952209336],[-77.650002881784431,43.165303006647349],[-77.649628217489365,43.165301892993867],[-77.649628856910937,43.165165529457937],[-77.649250136898559,43.165164715430727],[-77.648871093481148,43.165163901108741],[-77.648870995102769,43.164754808431319],[-77.648870743405297,43.164659103753614],[-77.648722078615947,43.164659506088363],[-77.648569471358556,43.164659501546645],[-77.648568629130608,43.164753849729976],[-77.64857029973021,43.165164786199753],[-77.648197956509463,43.165163371766816],[-77.648007550528234,43.165162648831767],[-77.64800753639372,43.165028653714501],[-77.647634321251459,43.165027458062767],[-77.647259431297542,43.165026257391958],[-77.647258682411717,43.164753486746719],[-77.64726057694763,43.164659454143731],[-77.647119697686946,43.164659447306825],[-77.646974197621986,43.1646583591791],[-77.646973921429591,43.164752845205932],[-77.646976151057245,43.165165691024569],[-77.646501090121276,43.165164506938368],[-77.64608931057731,43.165163480142589],[-77.646088163415456,43.165557749351265],[-77.64607581767045,43.16555712431186],[-77.64578659071681,43.165157390111418],[-77.645613947195287,43.165156345163183],[-77.64527175894537,43.165156758064576],[-77.645271183920684,43.16529390524223],[-77.645139813825054,43.165293672376457],[-77.645141287043984,43.165194680023049],[-77.644647216098306,43.165195454047669],[-77.644646990691982,43.165155885170954],[-77.644644659443088,43.16474636372336],[-77.644644220502514,43.164652235507852],[-77.644426453888116,43.164651801519653],[-77.644417245374996,43.164651739450029],[-77.644415919715769,43.164743431723416],[-77.64441645547933,43.164929972317282],[-77.644233516825892,43.16492767147291],[-77.644234024935457,43.165157883642294],[-77.644046284180803,43.1651569005382],[-77.643858677476388,43.16515591732658],[-77.643859006901152,43.165293381579438],[-77.643859211128316,43.165378512448036],[-77.643409903882215,43.165380573179888],[-77.643408075137188,43.164742719314454],[-77.64340627428254,43.164645064738359],[-77.643284522754001,43.164644147220869],[-77.642705618119749,43.164642125580357],[-77.642704536770651,43.164741371376707],[-77.642701904262907,43.165180055392895],[-77.642310777234229,43.16517797226323],[-77.642310921074326,43.165157626876443],[-77.642551562812187,43.165157650787236],[-77.642552337196705,43.164957106205804],[-77.642464778509805,43.164957272834982],[-77.642312338198451,43.16495756107431],[-77.64231387611855,43.164740171562499],[-77.642313135812344,43.16464075415729],[-77.64226739224749,43.164640593938792],[-77.642210258327594,43.164640551544508],[-77.642209889842846,43.164740010238759],[-77.642208007733629,43.165201836612837],[-77.641840314784673,43.165198298230813],[-77.64184030310588,43.165202021242777],[-77.64183639727257,43.165201952193193],[-77.641716249204947,43.165199851673584],[-77.641716767798826,43.165095076913779],[-77.641717305146273,43.164986679117234],[-77.641464017845408,43.164984788611534],[-77.641464170091766,43.164739566114719],[-77.641462359239142,43.164637081110122],[-77.641366932985974,43.164636620421383],[-77.641270888035621,43.164637049328697],[-77.641269689027098,43.164738919039415],[-77.64127051468742,43.164986154268838],[-77.641084121118226,43.164985408740684],[-77.640896395837501,43.164984657339723],[-77.640895718058999,43.165098015717597],[-77.640706764425047,43.165097471727762],[-77.640516533150262,43.165096924098208],[-77.64032518987365,43.165095837685868],[-77.640141788789307,43.165094797527146],[-77.63995232070927,43.16509372234988],[-77.639767373794442,43.165094044305725],[-77.639771344424943,43.164732852750433],[-77.63977150833999,43.16464374615105],[-77.63966557443274,43.164644218175482],[-77.639557670116034,43.164644235463932],[-77.639558638105157,43.164732247790141],[-77.639556781093475,43.165002797832152],[-77.639255371635841,43.165000349721169],[-77.639090968721192,43.164999014562717],[-77.639090615334112,43.165095886267601],[-77.639090269960306,43.165189842382702],[-77.639089861650859,43.165301376518812],[-77.639089460747698,43.165410992449274],[-77.639089055656584,43.165521837976875],[-77.638957307023489,43.165521481464168],[-77.638957307104661,43.16564728037477],[-77.638841110739989,43.165647012496578],[-77.638841178705334,43.165639727973122],[-77.638714848756692,43.165640207165531],[-77.638551566291355,43.165640826650979],[-77.638532502810861,43.165640897864471],[-77.638345638486641,43.165641605861829],[-77.638345775462042,43.16562386552156],[-77.638346327306266,43.165552169652891],[-77.638347008288974,43.165463560635104],[-77.638347720370803,43.165371099140486],[-77.638348410336164,43.165281268661893],[-77.638349107486093,43.165190732507114],[-77.638185592881939,43.165190693329393],[-77.638186535753547,43.165077136427016],[-77.637976645053413,43.165077443853754],[-77.637979490422936,43.16473456335811],[-77.637979694315064,43.164644468706669],[-77.637910682669443,43.164644489848534],[-77.637860728618932,43.16464416344887],[-77.637860105937236,43.164735088197503],[-77.637857750739911,43.165235030999668],[-77.637533836096665,43.165235759002222],[-77.637532914060756,43.165325489438018],[-77.637532011513159,43.165413478202446],[-77.637530814528844,43.165530035061266],[-77.636500691367175,43.16552820893088],[-77.636509921727864,43.165215156309721],[-77.636373354248491,43.165217118989872],[-77.636374752858714,43.165134460652034],[-77.636375752962735,43.165075450110685],[-77.636249431923915,43.165077496553707],[-77.636219053407586,43.16507798951087],[-77.63622160031268,43.165035478409912],[-77.636085048126461,43.165036874665311],[-77.636081891672603,43.165025316438594],[-77.636061115373323,43.164949226682481],[-77.635803138338559,43.165042242963416],[-77.635719156650538,43.164934547644123],[-77.635582468509355,43.164759260181818],[-77.635497777799742,43.164643865059027],[-77.635385291292067,43.164644532680477],[-77.635279345710032,43.164644485648004],[-77.635350482706556,43.164735095834359],[-77.635539696146608,43.164978212740301],[-77.635129563205155,43.16511744999918],[-77.634832666584089,43.164734931280087],[-77.634758109039396,43.164644254604795],[-77.63472911585005,43.16464424195437],[-77.634687992580595,43.164645024386466],[-77.634764079285475,43.164734463448234],[-77.635639869631291,43.165858531306149],[-77.635634240335577,43.165900894431147],[-77.635694029254495,43.165983905657541],[-77.635410055360879,43.16610091939063],[-77.635230679194933,43.165835165321425],[-77.63490307220323,43.165972836088393],[-77.634862241920274,43.165905824634478],[-77.634828389782371,43.165921441902171],[-77.634793780626936,43.165873525117512],[-77.634638603808312,43.165937809599832],[-77.634472814350417,43.165681571090175],[-77.63428612892757,43.165771512390201],[-77.633976361029042,43.16531461970942],[-77.633870633514803,43.165150674534992],[-77.633665578813094,43.165221254532604],[-77.633677138721112,43.165239094660585],[-77.63364723349828,43.165249355018645],[-77.633636889500991,43.165233201999733],[-77.633560680993824,43.165262415433411],[-77.6335875204595,43.165304226146752],[-77.633448451231132,43.165349055015412],[-77.633432535580695,43.165326137741879],[-77.633133038990877,43.165427336870842],[-77.632641432165059,43.164766366456696],[-77.632534515710262,43.164641151722428],[-77.632417433206768,43.164640501786494],[-77.632867549595872,43.165239630602144],[-77.633798323227467,43.166479295662789],[-77.634896972116465,43.167940184439374],[-77.63643705166217,43.170009024589049],[-77.636670834339242,43.170323143771078],[-77.637564637947449,43.171471155406053],[-77.63922319585609,43.17360129637774],[-77.639451980521855,43.173898821547937],[-77.640272329484588,43.173895139430293],[-77.640270956362656,43.173977895126477],[-77.640271197179416,43.174094199951739],[-77.640271436778235,43.174210104189129],[-77.640271669141342,43.174322801959853],[-77.640271776943621,43.174374220545516],[-77.640595697413829,43.17437153602696],[-77.640719644137619,43.174515812145543],[-77.640737386361621,43.17453729055056],[-77.640788694007441,43.174580401120444],[-77.640865900282932,43.174645272386726],[-77.640866199610215,43.174590221371794],[-77.64086685160882,43.174465454214108],[-77.640867413283601,43.1743581559045],[-77.641320268958282,43.174357095838303],[-77.641320636903842,43.174253067145443],[-77.641615600234488,43.174251205300124],[-77.641615748171816,43.174227651774558],[-77.641617346240835,43.173973186018713],[-77.641619038547887,43.173888029478029],[-77.641733318266859,43.173887422715566],[-77.641843760351406,43.173887075012132],[-77.641845478112586,43.173975246383158],[-77.641844427934771,43.174134308553178],[-77.641998258004151,43.174135029787479],[-77.642040409964608,43.174161610260725],[-77.642039775013089,43.174248750476593],[-77.642153928464353,43.174248320489411],[-77.642309590597748,43.17424773312765],[-77.642309925884206,43.174354773277059],[-77.642382415456851,43.174354603465886],[-77.642461518589144,43.174354417786191],[-77.642614246568442,43.17435405882707],[-77.642770243821175,43.174353691435407],[-77.642920438073901,43.174353337341628],[-77.64292482106336,43.173969294303795],[-77.64292578822932,43.173883665492923],[-77.643030474038767,43.173883334139042],[-77.643149810423623,43.173883336429846],[-77.64314905976471,43.173969383800866],[-77.643146102071114,43.174245625222525],[-77.643301210648062,43.174246005045653],[-77.643450992656341,43.174246369703958],[-77.643450773396779,43.174352086547714],[-77.643606354941298,43.174351718201187],[-77.643679945332536,43.174351545807838],[-77.643760925421972,43.174351353941837],[-77.643912840412895,43.174350994673432],[-77.643912163072187,43.174247471380781],[-77.64406773208087,43.174246218336691],[-77.644215883739719,43.174245023916647],[-77.644217791355629,43.173968369665722],[-77.644218614631953,43.173883344574854],[-77.644327333173095,43.173883344894094],[-77.64444629214475,43.173883015072683],[-77.644445657580079,43.173965617556711],[-77.644438697444457,43.174349750234825],[-77.644596522449689,43.174349376448788],[-77.644751978529541,43.174349008215017],[-77.644908908126453,43.174348635653693],[-77.64506490293293,43.174348266012572],[-77.645214421956425,43.174347910570106],[-77.645213801796203,43.174239142461673],[-77.645368919153512,43.17423927020581],[-77.645526757069987,43.174239400237084],[-77.645529017004719,43.173964492474397],[-77.645530182075234,43.173879999473634],[-77.6456397133378,43.17387969464891],[-77.645759610755547,43.173878639315248],[-77.645757794626434,43.173962859632631],[-77.645754718944985,43.174182143719769],[-77.64594679006666,43.174180928910474],[-77.646069347817502,43.174180152499119],[-77.646068229303637,43.174262372954374],[-77.646067114914558,43.174344323391253],[-77.646221490184743,43.174344095534146],[-77.646295134937674,43.174343986715755],[-77.646375250474748,43.174343868733281],[-77.646450250617235,43.174343759213279],[-77.646451621004644,43.174233525730315],[-77.646682928999866,43.174233539268251],[-77.646838800884723,43.174233547873165],[-77.646838814372828,43.173957087799003],[-77.646839055154643,43.173869136865264],[-77.646951979223061,43.173868141121247],[-77.647524562821118,43.173869793507059],[-77.647522711562772,43.173956231586772],[-77.647519031365846,43.174338665678668],[-77.647635121197595,43.174338697045833],[-77.647672493588132,43.174338707447276],[-77.647828191816501,43.174338749290762],[-77.647981132553923,43.174338790881848],[-77.648133332889245,43.174338831617028],[-77.648135336645282,43.173955908507253],[-77.648136994061403,43.173871558126557],[-77.64824901492193,43.173871880569308],[-77.648362573905729,43.173870220695996],[-77.648360760203374,43.173955564490875],[-77.648358398810416,43.174237874492739],[-77.648600070840715,43.174239134573703],[-77.648746941689382,43.174239899693013],[-77.648893421450225,43.174240663229725],[-77.648896368320351,43.173952139622052],[-77.648896426505203,43.173946549141576],[-77.648895319413072,43.173862430016491],[-77.648986527025698,43.173861096455553],[-77.649050499055576,43.173860589104635],[-77.650133618523853,43.173864277566054],[-77.65013333339364,43.173421649928976],[-77.650243156059602,43.173422426876826],[-77.650807274956307,43.173424006388863],[-77.650807122447858,43.173260815108982],[-77.650807065810142,43.173201814797459],[-77.650806966064621,43.17309415993828],[-77.650806859450228,43.172982025774466],[-77.650806757914197,43.172873437420165],[-77.6508066569465,43.17276570062954],[-77.650806604162355,43.172709598892425],[-77.650806552665117,43.172655352416115],[-77.650806448839205,43.172544004115203],[-77.650806346508176,43.172435143894937],[-77.650806241524762,43.172324679547586],[-77.650806138591662,43.17221488854225],[-77.650806033992325,43.172105772648969],[-77.650805932609174,43.171995636886962],[-77.650805829926341,43.171886637127173],[-77.650805728299432,43.171778618559678],[-77.650805623112831,43.171666792240551],[-77.650805517513319,43.171553780391548],[-77.65080541584399,43.171446329825066],[-77.650805309358944,43.17133345659083],[-77.650242418297253,43.171334324766143],[-77.650133504186371,43.171333168159407],[-77.650133540684109,43.171266637762933],[-77.650132949817291,43.171197531361614],[-77.650246719322766,43.171198436814144],[-77.65080804549288,43.171196307324315],[-77.650808160707527,43.171086726015346],[-77.650808280748407,43.170974968131425],[-77.650808398412522,43.170864659500531],[-77.650808512420113,43.17075725838842],[-77.650808631013632,43.17064632234213],[-77.650808746798475,43.170535893967021],[-77.650808863638574,43.170426850960894],[-77.650808969539924,43.17032669074667],[-77.650809090091215,43.170213604200661],[-77.650809097247915,43.170207313866989],[-77.650809211583734,43.170099647195187],[-77.650809271351648,43.170043662471961],[-77.650809329483423,43.169987946885911],[-77.650809434471711,43.169889704920358],[-77.650809445548433,43.169879438564614],[-77.650809563552059,43.169769266741746],[-77.650809678933243,43.169660156196656],[-77.65080979567476,43.169550309320982],[-77.650809909177227,43.169443585108993],[-77.650810027362979,43.169332430293011],[-77.650810145128602,43.169221060330663],[-77.650810263117421,43.16911064544918],[-77.650810379689048,43.169001212640367],[-77.650810495369626,43.168891353141291],[-77.65081060895929,43.168784217539972],[-77.650241506193311,43.168783548024031],[-77.650111318693249,43.168782369122418],[-77.650110626996579,43.168706880558446],[-77.65011062940674,43.168646383699063],[-77.650238485902563,43.168647334749913],[-77.650801815133207,43.168647973422146],[-77.650801266378451,43.168533690462134],[-77.650800732632163,43.168422785963457],[-77.650800183841326,43.168308262653142],[-77.65079964529113,43.168196299510072],[-77.650799096516153,43.168082017441264],[-77.650798557631404,43.167969752733846],[-77.65079801185469,43.167856000885749],[-77.650797471361884,43.167743518319554],[-77.650796927468846,43.167630127450956],[-77.65079637052726,43.167514279907145],[-77.650795808158705,43.167397253092815],[-77.650795252793912,43.167281544183616],[-77.650794708724476,43.16716832613745],[-77.650794162372094,43.167054692191499],[-77.650793606199883,43.166938874348212],[-77.650793052441472,43.166823544415081],[-77.650792494962246,43.166707488911406],[-77.650791939184728,43.166591563944131],[-77.650791405052473,43.16648035964851],[-77.650227237577965,43.166479787924828],[-77.650110705802732,43.166478986854329],[-77.650110708426581,43.166422027646263],[-77.650110706342929,43.166366750819158],[-77.650229420133982,43.166367753320962],[-77.650796271954178,43.166369727775624],[-77.65079617420821,43.166243498674831],[-77.650796077205982,43.166117786275656],[-77.650795975013324,43.165987402842966],[-77.650795890377765,43.165876559567735],[-77.650795800221772,43.165762360406958],[-77.650795714640182,43.165651013023869],[-77.65079562797861,43.165538766358715],[-77.650924750049967,43.165538391997309],[-77.650924909842743,43.165427147428751],[-77.650925063889503,43.165319110121722],[-77.650925113389277,43.165285132657871],[-77.650795525813848,43.165285342995453],[-77.650793671823322,43.165201563339266],[-77.650793095979594,43.165175554495463],[-77.650788448878615,43.165175548122463],[-77.650789976462136,43.16505459734654],[-77.650377030766464,43.165054928539142],[-77.650229331010507,43.165055046345266],[-77.650229310384645,43.164753598583623],[-77.650229844093175,43.164656083766268],[-77.650110632916125,43.164655740637571]]]},"properties":{"OBJECTID":174,"Beat":"261","Section":"Lake","Section_Num":1,"Supervisor_Name":"Capt. Nathan Cornell","Note":"In case of emergency call 911.","Color_Code":3,"Shape.STArea()":12696462.922795085,"Shape.STLength()":25193.981506542375,"ID":261,"Office_Address":"1099 Jay St, Rochester, NY 14611","Office_Phone":"(585) 428-9801","Email_Contact":"","Office_Hours":"8:00am - 4:00pm"}},{"type":"Feature","id":175,"geometry":{"type":"Polygon","coordinates":[[[-77.627561272345261,43.173808479361782],[-77.627886484116388,43.17403031241745],[-77.628081743044675,43.174239530164961],[-77.62919014170464,43.173952328638642],[-77.630001372331378,43.173733021096439],[-77.630038432095077,43.173794297502027],[-77.630131596779535,43.173974121122768],[-77.630210437922386,43.174126292743431],[-77.630319579225045,43.174095732937438],[-77.630311202782806,43.174079484410562],[-77.6303469202456,43.174069483101398],[-77.630298120547536,43.1739715027011],[-77.630437476675993,43.1739321792803],[-77.630583714702297,43.173890912824291],[-77.630787745191881,43.173833338318332],[-77.630678103813636,43.17361785102598],[-77.630652568371744,43.173565634682461],[-77.630783604934209,43.173576670864449],[-77.630887370540805,43.173593654126023],[-77.630949564443682,43.173602059176439],[-77.631008094110655,43.173604946256596],[-77.631472758239624,43.17360392444877],[-77.631476023909116,43.173675570923258],[-77.631476703555734,43.173961936761998],[-77.631625668874094,43.173962093168804],[-77.631724349805651,43.173962195698607],[-77.631774566559855,43.173962248819109],[-77.63187610576361,43.173962355187889],[-77.631925700204846,43.173962406667165],[-77.632025967686005,43.173962512228911],[-77.632073896838079,43.173962562398891],[-77.632173373516522,43.173962665756854],[-77.632224645534819,43.173962719351685],[-77.632326051919122,43.173962825117016],[-77.632374926871137,43.173962875821672],[-77.632475724457223,43.173962980894665],[-77.632522948877025,43.173963030420225],[-77.632623590272431,43.173963134964978],[-77.632675075071504,43.1739631883258],[-77.632775361027228,43.173963292483954],[-77.632826442410561,43.173963346025452],[-77.63292598182089,43.173963449250039],[-77.632974817412148,43.173963500271519],[-77.633073679157548,43.173963602239063],[-77.633123327719431,43.173963653648599],[-77.633223531275704,43.173963757629608],[-77.6332725722676,43.17396380842942],[-77.633375862874203,43.17396391540882],[-77.63342191152546,43.173963962901752],[-77.633525144336232,43.173964069266461],[-77.633573473215861,43.173964119426195],[-77.633677261951078,43.173964225767925],[-77.633722955148357,43.17396427378975],[-77.633828347675632,43.173964381604414],[-77.633870010502378,43.173964424922552],[-77.633975701892297,43.173964533281421],[-77.634022289239695,43.173964581402217],[-77.63412629566524,43.17396468824267],[-77.634171460027432,43.173964734398112],[-77.634277680276242,43.173964843264976],[-77.634325331494821,43.17396489198623],[-77.634424346985384,43.17396499406172],[-77.634470169341853,43.173965041055979],[-77.634580930389419,43.173965153995958],[-77.634608065470744,43.173964796613411],[-77.634883944778167,43.17396480214434],[-77.634913210688438,43.173964802618791],[-77.635033162171808,43.17396480497468],[-77.6350634993439,43.173964805288691],[-77.635185616731832,43.173964806533768],[-77.635217475286225,43.173964808613604],[-77.635350992781326,43.1739648105412],[-77.635369750263692,43.173964811139477],[-77.635489001937884,43.173964812619673],[-77.635523212131361,43.173964812493658],[-77.635621653561387,43.173964815159074],[-77.635705856250979,43.173964815921138],[-77.635746882659561,43.173964815476978],[-77.635871532431239,43.173964818061307],[-77.635889032945926,43.17396481806648],[-77.635996810724691,43.173964818512985],[-77.636002939404904,43.173964818852447],[-77.63610670763461,43.17396482020056],[-77.636130604959988,43.17396482002183],[-77.636259668923344,43.173964821823105],[-77.636263709218412,43.173964821063322],[-77.636406986144607,43.173964821533701],[-77.636413541608079,43.173964821782938],[-77.636557867649358,43.173964822646262],[-77.636564632186378,43.173964823716894],[-77.63670961625084,43.173964823533112],[-77.63671414480325,43.173964824096927],[-77.636858446242073,43.173964825277579],[-77.636865419894505,43.173964824459766],[-77.637007293495117,43.173964824270676],[-77.637012935121135,43.173964825028037],[-77.637159556230898,43.173964823412334],[-77.637166003448314,43.173964824523587],[-77.637310365169412,43.173964824732472],[-77.637455384913579,43.17396482389838],[-77.637461932999557,43.173964824026555],[-77.637607632888802,43.173964823221731],[-77.637612318879192,43.173964823251147],[-77.637755424870392,43.173964822419713],[-77.637761501888377,43.173964823138114],[-77.63790673194579,43.1739648225699],[-77.637912560538084,43.173964822127466],[-77.638058478133104,43.173964820747102],[-77.638060031517043,43.173964820979677],[-77.638208930433663,43.173964819736064],[-77.638213412256178,43.173964819854511],[-77.638357726025887,43.173964819245533],[-77.638364074891285,43.173964817676506],[-77.638507904082488,43.173964816476179],[-77.638512945516453,43.173964816703659],[-77.63865618927467,43.173964814982874],[-77.63866246309712,43.173964814577957],[-77.638809514688532,43.173964812601511],[-77.638809338427293,43.173681866167129],[-77.638809978918289,43.173601366564796],[-77.63922319585609,43.17360129637774],[-77.637564637947449,43.171471155406053],[-77.636670834339242,43.170323143771078],[-77.63643705166217,43.170009024589049],[-77.634896972116465,43.167940184439374],[-77.633798323227467,43.166479295662789],[-77.632867549595872,43.165239630602144],[-77.632417433206768,43.164640501786494],[-77.632292867289877,43.164639884040774],[-77.632252275349344,43.1646405007818],[-77.632161680906407,43.164640508263872],[-77.632162942807724,43.164548003667718],[-77.632162878152542,43.164415929119762],[-77.632162704908382,43.164065843005631],[-77.631832012012367,43.16406681087404],[-77.631833032759815,43.164232632696837],[-77.631810728485419,43.164232841468895],[-77.631658311917661,43.164233061698759],[-77.631506836109054,43.164233280550661],[-77.631508342272085,43.164547252973648],[-77.631507073658483,43.164638225414386],[-77.631417879802939,43.164636654257571],[-77.631316078553937,43.164635808079154],[-77.631317611853675,43.164544280637458],[-77.631317122071977,43.164330105144586],[-77.631152033644469,43.164329725958254],[-77.630943277361411,43.164379630253514],[-77.631136577255361,43.164544277330265],[-77.631135553915186,43.164634307528196],[-77.631086669802102,43.164633900658743],[-77.630920881387468,43.164633248860952],[-77.630838256197464,43.164542517777015],[-77.630490383072939,43.164234661945969],[-77.630430522686666,43.164182125384997],[-77.630255023425661,43.164028954954539],[-77.62989512483324,43.164130184330212],[-77.62977379839144,43.164130321778281],[-77.629526412271503,43.164130599135575],[-77.629415279171141,43.164130724866354],[-77.629355920728599,43.164130790729295],[-77.629271532089035,43.164130885477142],[-77.629212767609857,43.164130950817956],[-77.628957419881516,43.163910316155061],[-77.628549435190749,43.164202949521098],[-77.62900899880502,43.164541188464192],[-77.629107222773044,43.164630899652771],[-77.628968740565497,43.164629300751407],[-77.628808478830209,43.164629266303791],[-77.628684042673854,43.164540089581457],[-77.628287690572023,43.164246480914358],[-77.628221523772709,43.164296856627345],[-77.627943216189877,43.164305694087616],[-77.627929523924422,43.164315668862649],[-77.62770149638159,43.164481780420289],[-77.627783139172962,43.164542771109929],[-77.627893077083172,43.164629084011487],[-77.627747982604333,43.164629065822247],[-77.627604122898902,43.164629039760577],[-77.627520132132858,43.164545680781202],[-77.627272313472034,43.164360293866515],[-77.627194391078092,43.164302001111032],[-77.627043036900659,43.164188776407023],[-77.626894305260961,43.164292765808213],[-77.626769153379016,43.164380267497961],[-77.626764454984084,43.164383552545878],[-77.626533857611648,43.164544777559186],[-77.62646079797095,43.16454471022989],[-77.626571364406516,43.164628846741714],[-77.626277732533353,43.164628789726891],[-77.626146455056187,43.164630127326021],[-77.625728844457868,43.16463437947727],[-77.625624070129163,43.164549602908323],[-77.625471993691008,43.164434741677418],[-77.625401356830338,43.164381391228204],[-77.625285020615749,43.164293524468462],[-77.625213818931272,43.164239746992486],[-77.62548250365289,43.164050385512404],[-77.625388954585773,43.16397999111831],[-77.625122124243489,43.164172975797946],[-77.625038269255413,43.164110843965972],[-77.624770206145541,43.164306432489305],[-77.625094131976027,43.164549898608776],[-77.625202898175289,43.164639732047647],[-77.625131051981768,43.16464046348122],[-77.625093875530723,43.16464025562631],[-77.624981148609862,43.164549315902299],[-77.624698577283638,43.164336856714193],[-77.624550600441168,43.164421400289704],[-77.624452667338943,43.16445631360893],[-77.624318066113389,43.164295098074433],[-77.624252673902234,43.164342048328663],[-77.624176022430532,43.164224246665462],[-77.62414456885935,43.164246863509412],[-77.624019945842377,43.1643364730215],[-77.624014733401097,43.164340221734925],[-77.623924648145703,43.164404999668982],[-77.623839262735629,43.164466398098035],[-77.623834623096698,43.164549201023256],[-77.623712281201335,43.164549187598652],[-77.623402509155923,43.164549154352869],[-77.623385655904656,43.164536262922077],[-77.62321023666442,43.1645698417584],[-77.622663532323642,43.164759719023337],[-77.622320565746662,43.164901230536366],[-77.622250129006787,43.164807097585481],[-77.622113280600857,43.164621763918248],[-77.621903546188776,43.164623887616244],[-77.621836759954604,43.164624564084427],[-77.621836769637184,43.164627788578123],[-77.621836751200618,43.164630532144216],[-77.621836713090943,43.164633275544951],[-77.621836660212324,43.164636019721769],[-77.621836596295779,43.164638762005445],[-77.621836526217308,43.164641505137524],[-77.621836454909214,43.164644248259265],[-77.621836386060281,43.164646991401668],[-77.621836325818308,43.164649734616404],[-77.621836276642469,43.164652477924143],[-77.62183624591016,43.164655221386873],[-77.62183623608054,43.164657965025299],[-77.621836236087461,43.164660708746361],[-77.621836217664949,43.164663451412387],[-77.62183618568892,43.164666195764831],[-77.621836142660896,43.164668939124248],[-77.621836087323032,43.164671683280353],[-77.621836025865576,43.164674425584693],[-77.621835958246123,43.164677168737441],[-77.621835886937944,43.164679911859132],[-77.621835814400214,43.164682654970541],[-77.621835743092021,43.164685398092253],[-77.621835674242959,43.164688141234627],[-77.621835611541727,43.164690884428701],[-77.621835555002519,43.164693626774373],[-77.621835508271559,43.164696371002805],[-77.621835473850453,43.164699114434505],[-77.621835452954627,43.164701857979907],[-77.621835449286877,43.164704600769909],[-77.621835464048559,43.164707344614939],[-77.621835498497518,43.16471008772529],[-77.621835556308298,43.16471283103197],[-77.621835638710508,43.16471557454534],[-77.621835748191515,43.164718316485931],[-77.621835888411823,43.16472105868484],[-77.621836059413738,43.164723798441926],[-77.621836264843651,43.164726538488395],[-77.621836507203056,43.164729276144705],[-77.621836787721534,43.164732011421151],[-77.62183710760047,43.164734746128275],[-77.621837453356861,43.164737477452164],[-77.621837820030109,43.164740208051654],[-77.621838205175209,43.164742937006068],[-77.621838611265417,43.164745663435994],[-77.621839037028749,43.164748390031221],[-77.62183948003441,43.164751114971061],[-77.62183994274146,43.164753838276091],[-77.621840425178149,43.164756558146266],[-77.621840924843028,43.164759277261062],[-77.621841444223421,43.164761993840997],[-77.621841979602408,43.164764709655252],[-77.621842532237821,43.164767422913997],[-77.621843103345071,43.164770134527643],[-77.621843690465042,43.164772844475515],[-77.621844294827326,43.164775552767964],[-77.62184491400096,43.164778257584189],[-77.621845550402782,43.164780961645],[-77.621846202831435,43.164783663140014],[-77.621846868813705,43.164786362948611],[-77.621847552038247,43.164789061101715],[-77.621848251289649,43.164791756689034],[-77.621848962879184,43.164794449679519],[-77.621849690481483,43.1647971410042],[-77.621850431637313,43.16479983064248],[-77.621851188820017,43.164802517714904],[-77.621851957111332,43.164805202180162],[-77.621852741401241,43.164807885879711],[-77.621853538029285,43.164810566982453],[-77.621854346995505,43.164813245488325],[-77.621855170758991,43.164815921418061],[-77.621856012994357,43.164818595702677],[-77.621856881149682,43.164821263903917],[-77.621857776412128,43.164823928732297],[-77.621858696336702,43.164826589267037],[-77.621859639722061,43.164829243697788],[-77.6218606089991,43.164831893845246],[-77.621861600493261,43.164834538778372],[-77.621862616649537,43.164837179417873],[-77.621863654994698,43.164839816643209],[-77.621864715556953,43.164842448654184],[-77.62186579710675,43.16484507544051],[-77.62186689964409,43.164847697002187],[-77.621868023154846,43.164850314239246],[-77.621869166409454,43.164852927141368],[-77.621870329407912,43.16485553570854],[-77.621871512164347,43.164858139040724],[-77.621872713435067,43.164860738027649],[-77.621873933234227,43.164863331769226],[-77.621875170303937,43.16486592205527],[-77.62187642591617,43.164868506195901],[-77.621877697569474,43.164871086870654],[-77.621878986493357,43.164873664089839],[-77.621880291486519,43.164876236043057],[-77.621881611319381,43.164878802719919],[-77.621882949652417,43.164881365951551],[-77.62188431886608,43.164883920440992],[-77.621885722691445,43.164886463519039],[-77.621887158627018,43.164888997865219],[-77.621888622984073,43.164891523448517],[-77.621890114533059,43.164894040258581],[-77.621891630786578,43.164896550074907],[-77.621893169313694,43.164899051076674],[-77.621894727598857,43.164901546843431],[-77.621896303211116,43.164904035554414],[-77.621897893648978,43.164906519889101],[-77.621899497682847,43.164908999837152],[-77.621901111609915,43.164911476267676],[-77.62190273544428,43.164913948280535],[-77.621904364211233,43.164916419434654],[-77.621905996681122,43.164918889719743],[-77.621907632868115,43.164921358235674],[-77.621909267825657,43.164923826741244],[-77.621910899080476,43.164926296115851],[-77.621912527833928,43.164928768169915],[-77.621914147966365,43.164931241051697],[-77.621915759435467,43.164933717461324],[-77.621917360983403,43.164936199188581],[-77.621918946476399,43.164938685281747],[-77.621920518373599,43.164941175761513],[-77.621754406268749,43.165007996468731],[-77.621752547378364,43.165005614295588],[-77.621750664970861,43.165003241826625],[-77.621748763992798,43.165000877303108],[-77.621746850634409,43.164998518076494],[-77.621744928626754,43.164996161477688],[-77.621743001630364,43.164993809337737],[-77.621741074676493,43.164991454497603],[-77.62173915262693,43.164989100598845],[-77.621737239255154,43.164986742272141],[-77.621735338292225,43.164984376848331],[-77.621733457129722,43.164982003489399],[-77.621731596997236,43.164979622205621],[-77.621729765342792,43.164977228558804],[-77.621727964625549,43.16497482256959],[-77.621726201035742,43.164972401589495],[-77.621724480749492,43.164969963870092],[-77.621722806211793,43.164967510332147],[-77.621721184884834,43.16496503563728],[-77.621719593209008,43.164962552189927],[-77.62171801142641,43.164960065225053],[-77.621716440780688,43.164957573852888],[-77.62171488496061,43.164955078104441],[-77.621713342736584,43.164952577969402],[-77.62171181659599,43.164950071668358],[-77.621710308997976,43.16494755922195],[-77.621708822387561,43.164945041550887],[-77.62170735680715,43.164942515955012],[-77.621705914715847,43.164939982455039],[-77.621704498530448,43.16493744377177],[-77.621703108307429,43.164934896304999],[-77.621701748979206,43.164932339196007],[-77.621700419287961,43.164929774234558],[-77.621699122964799,43.164927198751549],[-77.621697861196907,43.164924615457423],[-77.621696637701262,43.164922022583092],[-77.621695452477795,43.164919420128562],[-77.62169430922944,43.164916807224792],[-77.62169320794203,43.164914184771838],[-77.621692153547954,43.164911551910976],[-77.621691139857035,43.164908911290688],[-77.621690150870606,43.164906263676684],[-77.621689182815317,43.164903614438273],[-77.62168823328841,43.164900959954579],[-77.621687304734934,43.16489830114628],[-77.621686394653409,43.164895640692905],[-77.621685500626995,43.164892975873649],[-77.621684625086644,43.164890308509236],[-77.621683765587321,43.164887637678945],[-77.62168292210076,43.164884965182949],[-77.621682092196068,43.164882289200378],[-77.621681277074572,43.16487961154175],[-77.62168047552079,43.164876931296639],[-77.621679686305228,43.164874248454701],[-77.621678908169969,43.16487156480575],[-77.621678142358775,43.164868879460045],[-77.621677385168766,43.164866193286606],[-77.621676637857789,43.164863504495685],[-77.621675899182108,43.164860813977029],[-77.621675169113544,43.164858123530706],[-77.621674445235229,43.164855430435871],[-77.621673728706185,43.164852739203198],[-77.621673017137852,43.164850045311638],[-77.621672311745698,43.164847349671703],[-77.621671608798607,43.164844654952454],[-77.621670910769893,43.164841960274558],[-77.621670213999053,43.16483926380689],[-77.621669519673247,43.164836568259922],[-77.621668826591261,43.164833871823241],[-77.621668133495177,43.164831176286604],[-77.621667440427416,43.164828478949865],[-77.621666747317335,43.164825784313273],[-77.621666050560961,43.164823086945518],[-77.621665352532716,43.164820392267579],[-77.621664649586222,43.164817697548301],[-77.621663955275054,43.164815001101218],[-77.621663278220325,43.164812302098717],[-77.621662622096608,43.164809601471795],[-77.621661985688476,43.164806898310076],[-77.62166136532133,43.164804191682521],[-77.62166076464149,43.164801484320272],[-77.621660181232215,43.164798773502511],[-77.621659615051115,43.164796061929387],[-77.621659064910958,43.164793346890399],[-77.621658531984906,43.164790631996127],[-77.621658013856063,43.164787914525704],[-77.621657511725871,43.164785196289586],[-77.621657023163351,43.164782475467],[-77.62165655059944,43.164779753878719],[-77.621656091589102,43.164777030604043],[-77.621655646118185,43.164774306542988],[-77.621655214186731,43.164771581695554],[-77.621654794579271,43.16476885515138],[-77.621654382349263,43.164766128669243],[-77.62165397506584,43.164763400428306],[-77.621653575145757,43.164760673149438],[-77.621653181387686,43.16475794502221],[-77.621652793791611,43.164755216046593],[-77.621652416046288,43.164752486253633],[-77.621652045678374,43.164749756522617],[-77.621651685175337,43.164747025074227],[-77.621651334508897,43.164744293708537],[-77.621650996152297,43.164741561546116],[-77.621650667646435,43.164738828566342],[-77.621650352680007,43.16473609480019],[-77.621650050051656,43.164733358437253],[-77.62164976090628,43.164730624888158],[-77.621649485342672,43.164727887852536],[-77.621649225749366,43.164725151851314],[-77.62164898095331,43.164722413273992],[-77.621648753371247,43.164719674841358],[-77.621648543003218,43.164716936553397],[-77.621648349891558,43.16471419570999],[-77.621648175209344,43.164711455921683],[-77.62164802022852,43.16470871449863],[-77.621647883719476,43.164705971430514],[-77.621647761922944,43.164703231186579],[-77.621647657396892,43.16470048748711],[-77.621647566367869,43.164697745701481],[-77.621647490121944,43.164695002239732],[-77.621647424942154,43.164692258871021],[-77.62164737451721,43.164689515626335],[-77.621647333928834,43.1646867724643],[-77.621647305636159,43.164684029405663],[-77.621647284735019,43.164681285508962],[-77.621647273670433,43.164678541694961],[-77.621647271212851,43.164675797953301],[-77.621647276132677,43.164673054273642],[-77.621647285970766,43.164670310635344],[-77.621647301942602,43.164667567948769],[-77.621647322846826,43.164664824403474],[-77.621647348669342,43.164662080899539],[-77.621647376965086,43.164659336516216],[-77.621647406476285,43.164656593043247],[-77.62164743843249,43.164653850491035],[-77.6216474716324,43.164651107049117],[-77.621647503616842,43.164648362696767],[-77.621647534357592,43.164645619234165],[-77.621647563868777,43.164642875761203],[-77.621647592136227,43.16464013317794],[-77.621647614270003,43.164637389643005],[-77.621647635188268,43.164634645197644],[-77.62164764871504,43.164631901590333],[-77.621647663457253,43.164629158893405],[-77.621647676998109,43.164626414386014],[-77.621647692969887,43.164623671699403],[-77.621647707726197,43.164620928102444],[-77.621647722482507,43.164618184505429],[-77.621647738468383,43.16461544091878],[-77.621647753238804,43.164612696421756],[-77.621647769210554,43.16460995373513],[-77.621647785196416,43.164607210148489],[-77.621647801182277,43.164604466561819],[-77.621647817168125,43.164601722975149],[-77.621647834383552,43.164598979398832],[-77.621648120881758,43.164555083170484],[-77.621648160230734,43.164549596059132],[-77.62164819957971,43.164544108947752],[-77.621648240158208,43.164538621846717],[-77.621648259846822,43.164535877390996],[-77.621648279507156,43.16453313473535],[-77.621648300411152,43.164530391189999],[-77.621648321315206,43.16452764764464],[-77.621648340989651,43.164524904088942],[-77.621648361893676,43.164522160543598],[-77.621648384013113,43.164519417908622],[-77.62164840493125,43.164516673463183],[-77.621648425835261,43.164513929917852],[-77.621648446739258,43.164511186372479],[-77.621648457361857,43.164509882114075],[-77.62164846887282,43.164508442837459],[-77.621648490992243,43.164505700202469],[-77.62164851312582,43.164502956667441],[-77.621648534043899,43.164500212222023],[-77.621648556177448,43.164497468687003],[-77.621648578296885,43.164494726052006],[-77.621648600430419,43.164491982516964],[-77.621648622563939,43.164489238981929],[-77.621648644711584,43.164486494546829],[-77.621648666845104,43.164483751011808],[-77.621648690194093,43.164481008387149],[-77.621648712327612,43.164478264852107],[-77.621648734446978,43.16447552221711],[-77.621648757838287,43.164472776892296],[-77.621648779971792,43.164470033357254],[-77.621648803320738,43.164467290732574],[-77.621648826683796,43.164464547207849],[-77.621648850046867,43.164461803683167],[-77.62164887219447,43.164459059248053],[-77.621648896772953,43.164456316633725],[-77.62164891890643,43.164453573098655],[-77.621648943499039,43.164450829584283],[-77.621648965632502,43.164448086049234],[-77.621648990239223,43.164445341634774],[-77.621649013588126,43.164442599010123],[-77.621649036951155,43.164439855485369],[-77.621649060314155,43.164437111960666],[-77.62164908367717,43.164434368435927],[-77.62164910826975,43.164431624921519],[-77.621649131632751,43.164428881396795],[-77.621649154995751,43.164426137872063],[-77.621649179588331,43.164423394357669],[-77.621649204180869,43.164420650843276],[-77.62164922752973,43.164417908218581],[-77.621649252136393,43.164415163804136],[-77.621649275513491,43.164412419379339],[-77.621649300091917,43.164409676764983],[-77.621649324684441,43.164406933250589],[-77.621649348047413,43.164404189725836],[-77.621649372639936,43.164401446211414],[-77.621649396002894,43.164398702686675],[-77.621649421824969,43.164395959182599],[-77.621649445187927,43.16439321565786],[-77.621649469780422,43.164390472143438],[-77.62164949314338,43.164387728618706],[-77.621649518965441,43.164384985114609],[-77.62164954232837,43.164382241589841],[-77.621649566920851,43.164379498075427],[-77.621649590283766,43.164376754550659],[-77.621649616105827,43.16437401104659],[-77.621649639468743,43.16437126752183],[-77.621649664061209,43.164368524007401],[-77.62164968865369,43.164365780492965],[-77.621649713246143,43.164363036978543],[-77.621649737838609,43.164360293464114],[-77.621649761201496,43.164357549939339],[-77.621649785793949,43.164354806424925],[-77.621649810386401,43.164352062910474],[-77.62164983497884,43.164349319396059],[-77.621649858341698,43.164346575871285],[-77.62164988170457,43.164343832346518],[-77.62164990875614,43.164341088852737],[-77.621649950562428,43.164338345482989],[-77.621650004664374,43.164335602216617],[-77.62165006983237,43.164332859043235],[-77.621650139918614,43.164330115911213],[-77.62165021000483,43.164327372779177],[-77.621650280076935,43.164324630547185],[-77.621650342785756,43.164321887353161],[-77.621650396901785,43.164319143186695],[-77.621650436248899,43.16431639979627],[-77.621650459625826,43.164313655371444],[-77.621650475583024,43.164310913584728],[-77.621650485420602,43.164308169946274],[-77.621650487894996,43.164305425345709],[-77.621650485422848,43.16430268250393],[-77.621650474357907,43.16429993868973],[-77.621650458374688,43.164297194834205],[-77.621650433770427,43.164294451806384],[-77.621650404247902,43.164291708737217],[-77.621650367362136,43.164288964705953],[-77.621650324314459,43.164286221523092],[-77.621650273875275,43.164283479178259],[-77.621650217316514,43.164280734981645],[-77.621650154595841,43.164277991633412],[-77.621650084497801,43.164275248223156],[-77.621650008237822,43.164272505661287],[-77.621649925830042,43.164269763047713],[-77.621649836059021,43.164267019472121],[-77.621649740111963,43.164264277644918],[-77.621649636801649,43.164261534855626],[-77.621649528573116,43.164258792025031],[-77.621649411723524,43.164256050022118],[-77.621649289955684,43.164253307977873],[-77.62164915958094,43.164250565861273],[-77.621649024273836,43.164247824603393],[-77.621648882804834,43.164245084193865],[-77.621648734000814,43.164242341022181],[-77.62164857900666,43.164239600498973],[-77.621648416649251,43.164236859013691],[-77.621648248129929,43.16423411837679],[-77.621648073462822,43.164231377688203],[-77.621647891418348,43.164228636937594],[-77.6216477019683,43.164225897925107],[-77.621647507628253,43.164223157071142],[-77.621647307112184,43.164220417965623],[-77.621647097989211,43.164217678787743],[-77.621646883948003,43.164214939568502],[-77.621646662515332,43.164212201187325],[-77.621646434949,43.164209461854391],[-77.62164619999119,43.164206723359513],[-77.621645958857357,43.164203986613067],[-77.621645711604003,43.16420124801482],[-77.621645456945046,43.164198511154687],[-77.621645197382009,43.164195773353114],[-77.621644929169676,43.164193038179377],[-77.62164465482374,43.16419030205391],[-77.621644375559541,43.164187565887111],[-77.621644087674355,43.164184830548002],[-77.62164379487092,43.164182095167547],[-77.621643494676064,43.164179360625106],[-77.621643187103842,43.164176626020691],[-77.621642874585163,43.164173893174997],[-77.621642554717425,43.164171158467205],[-77.621642228673664,43.164168425507825],[-77.621641895252552,43.164165692486442],[-77.621641554425892,43.164162961203168],[-77.621641208709249,43.164160228078416],[-77.621640856802458,43.16415749760214],[-77.62164049753251,43.164154766163833],[-77.621640130871086,43.164152035563504],[-77.621639758047777,43.16414930581157],[-77.621639380306277,43.164146576018311],[-77.621638993943719,43.164143847052742],[-77.621638601419349,43.164141118935532],[-77.621638203976758,43.164138390776984],[-77.621637797927249,43.164135662546094],[-77.621637385701774,43.164132936063638],[-77.621636968558093,43.164130209539813],[-77.621636544022977,43.164127483854031],[-77.621636110866859,43.164124758995946],[-77.621635674022102,43.164122034106882],[-77.621635229785909,43.164119310055824],[-77.621634778172393,43.16411658594275],[-77.621634320397007,43.164113862678036],[-77.621633856445627,43.164111141161783],[-77.621633386360642,43.164108418693758],[-77.62163289767328,43.164106411705333],[-77.621632412805411,43.164103690913407],[-77.621631922991114,43.164100971880231],[-77.621631425813618,43.164098251884987],[-77.621630922460128,43.164095533638125],[-77.621630412958893,43.164092815339657],[-77.621629896066239,43.164090097879189],[-77.621629372997603,43.164087382167132],[-77.621628843795321,43.164084665503339],[-77.621628307201632,43.164081949677595],[-77.621627764431949,43.164079235600276],[-77.621627216758213,43.164076520581553],[-77.621626660449365,43.164073807290606],[-77.621626097978663,43.164071094847969],[-77.621625529331979,43.164068384153822],[-77.621624954551692,43.164065672507881],[-77.621624372365858,43.16406296260007],[-77.621623784032252,43.164060252640553],[-77.621623189522694,43.164057544429483],[-77.621622588865421,43.164054836166692],[-77.621621980830838,43.16405212784192],[-77.621621366606135,43.16404942216559],[-77.621620746233731,43.164046716437603],[-77.621620118469906,43.164044011547631],[-77.62161948454424,43.164041307506032],[-77.621618844456705,43.164038604312815],[-77.621618198207329,43.164035901967978],[-77.621617544580673,43.164033199561068],[-77.621616884778035,43.164030498902626],[-77.621616218799417,43.164027799992581],[-77.621615545443561,43.164025101020535],[-77.621614867155373,43.164022402907186],[-77.62161418024624,43.164019705621534],[-77.621613489648496,43.164017008304882],[-77.621612789172005,43.164014313605669],[-77.621612083777322,43.164011618865132],[-77.621611373450378,43.164008924983293],[-77.621610655717902,43.164006232839512],[-77.621609930608159,43.164003540633729],[-77.621609199322435,43.164000850176357],[-77.621608461889011,43.163998159667329],[-77.621607718279606,43.163995470906734],[-77.621606967278836,43.16399278298411],[-77.621606210116212,43.163990095909909],[-77.621605448021313,43.163987409694364],[-77.621604677305498,43.163984724306516],[-77.621603901643226,43.163982040677453],[-77.621603118603716,43.163979356986374],[-77.621602329388253,43.163976675043706],[-77.621601533996838,43.163973994849449],[-77.621600732457708,43.163971314603486],[-77.621599923513088,43.163968636095646],[-77.621599108420739,43.163965957536085],[-77.621598287152452,43.163963280724978],[-77.621597459722324,43.163960604762188],[-77.621596624900818,43.163957929637469],[-77.621595783889248,43.163955257161177],[-77.621594937973654,43.163952583743537],[-77.621594084638431,43.163949912963986],[-77.621593223925956,43.163947242122433],[-77.621592358281205,43.163944572139592],[-77.62159148521684,43.163941904794868],[-77.621590605990662,43.163939238298504],[-77.621589546761655,43.163936052690644],[-77.621588827837385,43.163933906940485],[-77.621587930125727,43.163931242989236],[-77.621587025008608,43.163928580776066],[-77.621586113715523,43.163925920311314],[-77.621585196288862,43.163923258894791],[-77.621584272658026,43.16392060102681],[-77.621583342907741,43.16391794130702],[-77.621582405695492,43.163915286925544],[-77.621581462349667,43.163912631592297],[-77.621580512841987,43.163909977107402],[-77.621579557158441,43.163907324371003],[-77.621578595313039,43.163904672482886],[-77.621577626062191,43.163902022332877],[-77.621576651879053,43.163899373041559],[-77.621575670290426,43.163896725488335],[-77.621574682540015,43.163894078783457],[-77.621573688613665,43.163891433826997],[-77.621572687310078,43.163888788808521],[-77.621571681045992,43.163886146448853],[-77.621570668620109,43.163883504937523],[-77.621569648802875,43.163880864264222],[-77.621568622781439,43.163878227139449],[-77.621567590626483,43.163875589062918],[-77.621566552295576,43.163872952734813],[-77.621565507802885,43.163870317255068],[-77.621564455890592,43.163867684413475],[-77.621563397816487,43.163865052420192],[-77.62156233481015,43.163862421285657],[-77.621561264384226,43.163859792789204],[-77.621560187796504,43.163857165141152],[-77.621559105061081,43.163854537441402],[-77.621558016135651,43.163851912390072],[-77.621556921034284,43.163849289087203],[-77.62155581854158,43.16384666662232],[-77.621554711102505,43.163844045916221],[-77.621553596272079,43.163841426048123],[-77.62155247649531,43.163838807938788],[-77.62155134931308,43.163836191567519],[-77.621550215969037,43.163833576044588],[-77.621549076449099,43.16383096227009],[-77.621547930753238,43.163828350244003],[-77.621546778895606,43.163825739066269],[-77.621545620862051,43.163823129636945],[-77.62154445663846,43.163820522856085],[-77.62154328503766,43.163817916013208],[-77.62154210847639,43.163815311829111],[-77.621540924523771,43.163812708483022],[-77.621539735624822,43.163810106895696],[-77.621538539348649,43.163807505246346],[-77.621537338111978,43.163804906255798],[-77.621536129441637,43.163802310803405],[-77.621534914623609,43.163799715299334],[-77.621533693643826,43.163797120643579],[-77.621532466474022,43.163794528636309],[-77.621531233142434,43.16379193747742],[-77.621529993620811,43.163789348966958],[-77.621528747937404,43.163786761304891],[-77.62152749607813,43.163784175391186],[-77.621526238028807,43.163781592125936],[-77.621524972616427,43.163779007898633],[-77.621523702215327,43.163776428130227],[-77.621522425680681,43.163773847410077],[-77.621521142941916,43.163771270238428],[-77.621519854041381,43.16376869391511],[-77.621518558964937,43.163766119340217],[-77.621517256497185,43.163763545603338],[-77.621515949054839,43.163760975425305],[-77.621514394410156,43.163757936880415],[-77.621513315684837,43.163755837614318],[-77.621511988499392,43.163753271771093],[-77.621510656367576,43.163750707686638],[-77.621509318059907,43.163748145350603],[-77.621507731165124,43.163745124537883],[-77.621506622931022,43.163743025023628],[-77.621505266095696,43.16374046793279],[-77.621503901869048,43.163737911679945],[-77.62150253268193,43.163735358085916],[-77.621501158548483,43.163732806250607],[-77.621499775794177,43.163730255242989],[-77.621498388079431,43.163727706894186],[-77.621496994188774,43.163725160293744],[-77.621495594122251,43.163722615441714],[-77.621494187893973,43.163720071438043],[-77.621492775461562,43.163717530982872],[-77.621491358111072,43.163714990486348],[-77.621487692301301,43.163708487436928],[-77.621254589047808,43.163864822521568],[-77.620336449775664,43.163054519781795],[-77.620500965106217,43.162926737978651],[-77.620445809050295,43.162880103999115],[-77.620369760150822,43.162815802912711],[-77.620040112707827,43.162537082105409],[-77.620075258448807,43.162514072590085],[-77.619943110556747,43.162399705738522],[-77.619879455902677,43.162344614822665],[-77.619699442754964,43.162188820184049],[-77.62007364935539,43.16319219220243],[-77.620049564609161,43.163197422848661],[-77.620064117641746,43.163229541964462],[-77.620312062152749,43.163711323287728],[-77.620387319799818,43.163739321046897],[-77.620496078371801,43.163847353156896],[-77.620549011889565,43.163910828605367],[-77.620612583904347,43.163987061658048],[-77.620622464312376,43.163998910035652],[-77.620589367434548,43.164018735945831],[-77.620626802282644,43.16406330876633],[-77.620644361178648,43.164086427083191],[-77.620659166671743,43.164106809113363],[-77.620673484746291,43.164127376976353],[-77.620687309339033,43.164148125220223],[-77.620703452831791,43.164173673782038],[-77.620713464976134,43.164190135736035],[-77.620725787638889,43.164211383535068],[-77.620737602459158,43.164232786390087],[-77.620748904617173,43.164254337959456],[-77.620759691780506,43.164276030122224],[-77.62076995911525,43.164297857436758],[-77.62077970428895,43.164319811782129],[-77.620911366635852,43.164619617767841],[-77.62092049925559,43.164640412927994],[-77.620932545473394,43.1646678434522],[-77.620934235225008,43.164671596976611],[-77.620935411776117,43.164674201166484],[-77.620936590772374,43.164676806277058],[-77.620937766094102,43.164679410456571],[-77.620938936441149,43.164682018194917],[-77.620940098167182,43.164684626760881],[-77.620941247569348,43.164687237023479],[-77.620942384605257,43.164689851682915],[-77.620943509303174,43.164692468939073],[-77.620944624136371,43.164695087912548],[-77.620945727832861,43.164697711293243],[-77.620946822936602,43.164700333701418],[-77.620947908147343,43.164702959627064],[-77.620948984722943,43.164705587280416],[-77.620950053878815,43.164708217571842],[-77.620951113184077,43.164710848680549],[-77.620952163825905,43.164713483317072],[-77.620953205846718,43.164716118781236],[-77.620954238016907,43.16471875506268],[-77.62095526029411,43.164721394861616],[-77.620956275151585,43.164724037298605],[-77.620957280172576,43.164726679652865],[-77.620958276558397,43.16472932373479],[-77.620959264294939,43.164731970444478],[-77.620960242152577,43.164734619771565],[-77.620961210159635,43.16473726991596],[-77.620962169531481,43.164739921788048],[-77.620963120254032,43.164742576287857],[-77.620964061125989,43.164745231604975],[-77.620964993362733,43.164747888649792],[-77.620965916950198,43.164750548322388],[-77.620966829457444,43.164753208801912],[-77.620967735788696,43.164755871029818],[-77.62096862979601,43.164758534954395],[-77.620969517613176,43.164761201527412],[-77.620970393120587,43.164763868897019],[-77.620971261236463,43.164766537104661],[-77.620972120703044,43.164769207940026],[-77.620972970304891,43.164771880492722],[-77.620973810056086,43.164774553862763],[-77.620974641172097,43.164777228960496],[-77.6209754636388,43.164779906685951],[-77.620976276268976,43.164782584328677],[-77.62097707903439,43.164785263688749],[-77.6209778743942,43.164787944786845],[-77.620978658659652,43.164790627591991],[-77.620979434289922,43.164793312124807],[-77.620980201299105,43.164795997485285],[-77.620980958443525,43.164798684563124],[-77.620981705737321,43.164801372458243],[-77.620982444381767,43.164804062981119],[-77.620983174405154,43.164806754331643],[-77.620983894577876,43.16480944649949],[-77.620984604899959,43.164812139484617],[-77.620985306572706,43.164814835097516],[-77.620985998394829,43.16481753152771],[-77.620986681595824,43.164820228785558],[-77.620987354917929,43.164822928660804],[-77.620988019633117,43.164825628463653],[-77.62098867571305,43.164828329994215],[-77.620989320712766,43.164831032331733],[-77.62098995709141,43.16483373549687],[-77.620990584820703,43.164836441289779],[-77.620991197781024,43.16483914785865],[-77.620991798431561,43.164841855224125],[-77.620992389217307,43.164844564306954],[-77.620992975070678,43.164847274248444],[-77.62099355599166,43.164849985048662],[-77.620994136912699,43.164852695848822],[-77.620994716618355,43.164855405738614],[-77.620995224867499,43.164858124029045],[-77.620995675227832,43.164860848133721],[-77.620996119440363,43.164863572186682],[-77.620996610447364,43.164866292132423],[-77.620997198774361,43.164869001194518],[-77.620997939893542,43.16487169083792],[-77.620998870904032,43.164874347872107],[-77.620999872198098,43.164876992895067],[-77.621000872290935,43.164879636107599],[-77.62100187359934,43.164882280230515],[-77.621002881083911,43.164884922605005],[-77.621003893500998,43.164887564120818],[-77.621004917012627,43.164890203929552],[-77.621005950417413,43.164892840220872],[-77.621006996132181,43.164895475715547],[-77.621008059131711,43.16489810685475],[-77.621009138186437,43.16490073362813],[-77.621010236970974,43.164903356966747],[-77.621011356743125,43.164905975080885],[-77.621012501191629,43.164908588001545],[-77.621013670330626,43.164911194828676],[-77.621014867862968,43.164913794693248],[-77.621016095032346,43.164916386705585],[-77.621017353068353,43.164918970875988],[-77.621018645673857,43.164921546335428],[-77.621019974106673,43.164924111294191],[-77.621021340825976,43.164926665772896],[-77.621022747061303,43.164929209781945],[-77.621024187922671,43.164931741479812],[-77.621025651001261,43.164934267963517],[-77.62102714004233,43.164936785663883],[-77.621028651328913,43.164939296349957],[-77.62103018733427,43.164941799142383],[-77.621031746828834,43.164944294030846],[-77.621033329812605,43.164946781015324],[-77.621034935056031,43.16494926008545],[-77.621036562559084,43.164951731241253],[-77.621038214780938,43.164954194503416],[-77.621039888032854,43.164956649840889],[-77.621041583558565,43.164959096364015],[-77.621043300128463,43.164961534062364],[-77.621045040173456,43.164963964756801],[-77.621046801262651,43.164966386626496],[-77.621048583396075,43.164968799671485],[-77.62105038778914,43.1649712048021],[-77.621052213226406,43.164973601107995],[-77.621054059707916,43.164975988589163],[-77.621055927233627,43.164978367245581],[-77.621057815817679,43.164980736177228],[-77.621059725417695,43.164983098084221],[-77.621061654860597,43.164985449356053],[-77.621063605333603,43.16498779270318],[-77.621065573162113,43.164990127194564],[-77.621067559547441,43.164992454640611],[-77.621069563288245,43.16499477323088],[-77.621071585628258,43.164997082075679],[-77.621073627768794,43.164999382985471],[-77.621075687250723,43.165001675939493],[-77.621077765331833,43.165003959148073],[-77.621079862012181,43.165006232611148],[-77.621081976033892,43.165008498118489],[-77.621084111113973,43.165010753901065],[-77.621086262334089,43.165012999917458],[-77.621088433383008,43.165015236198691],[-77.621090623017011,43.165017463634506],[-77.621092830048894,43.165019679514373],[-77.621095056867219,43.165021888359256],[-77.621097302327115,43.1650240847585],[-77.621099565170795,43.165026270501841],[-77.621101847843249,43.165028446510028],[-77.621104149129081,43.16503061187268],[-77.621106470257828,43.16503276660012],[-77.621108811243616,43.165034909792304],[-77.621111169641438,43.16503704052851],[-77.621113549097643,43.165039161539866],[-77.621115964564908,43.16504126034976],[-77.621118417329384,43.165043333368402],[-77.621120903603398,43.16504538686501],[-77.621123420956067,43.165047419018862],[-77.621125965628025,43.165049434299206],[-77.62112853394467,43.165051431774899],[-77.621131125877724,43.165053413246106],[-77.621133736452407,43.165055382271618],[-77.621136364439124,43.165057338841144],[-77.621139004877165,43.165059285613452],[-77.621141656508726,43.165061224378263],[-77.621144318075977,43.165063156925434],[-77.621146984646458,43.165065084113543],[-77.621149656163681,43.165067009542888],[-77.621152327709311,43.165068933172037],[-77.621154999240986,43.16507085770121],[-77.621157665812134,43.165072784889098],[-77.62116032739452,43.165074716535827],[-77.621162980285249,43.165076653510418],[-77.621165621940406,43.165078601192512],[-77.621168249929156,43.165080557761286],[-77.621170860520309,43.165082525885929],[-77.621302291415077,43.165191450015584],[-77.621381296138097,43.16528878637871],[-77.620485373222792,43.165696933323112],[-77.621420051082112,43.166570929255514],[-77.621958504197252,43.166885077035623],[-77.622376065222539,43.16723155101262],[-77.622707885426436,43.167651135530441],[-77.622884944083907,43.167964646385705],[-77.622957728990841,43.16831892085721],[-77.622896626622477,43.168610855268426],[-77.622799790535993,43.168914297155261],[-77.622722678031295,43.169406338991784],[-77.622697882123404,43.170060923575306],[-77.622894091218697,43.170409204835529],[-77.62297350204183,43.170570211560339],[-77.623054127932164,43.170733679587926],[-77.623224445237511,43.171025824356498],[-77.623435184112068,43.17143674967727],[-77.623533908820988,43.171856538644754],[-77.623701861850535,43.172160283109875],[-77.623888761795925,43.172338403688563],[-77.623999078553553,43.172399158583282],[-77.624213428065275,43.172517205527058],[-77.624458843771393,43.172638347986144],[-77.625152236581556,43.172933296539647],[-77.626046756679472,43.173164665303482],[-77.626658954211564,43.173346032296173],[-77.627187443571771,43.173574331620237],[-77.627561272345261,43.173808479361782]]]},"properties":{"OBJECTID":175,"Beat":"271","Section":"Lake","Section_Num":1,"Supervisor_Name":"Capt. Nathan Cornell","Note":"In case of emergency call 911.","Color_Code":4,"Shape.STArea()":12048906.393434072,"Shape.STLength()":19816.626524079416,"ID":271,"Office_Address":"1099 Jay St, Rochester, NY 14611","Office_Phone":"(585) 428-9801","Email_Contact":"","Office_Hours":"8:00am - 4:00pm"}},{"type":"Feature","id":176,"geometry":{"type":"Polygon","coordinates":[[[-77.63922319585609,43.17360129637774],[-77.638809978918289,43.173601366564796],[-77.638809338427293,43.173681866167129],[-77.638809514688532,43.173964812601511],[-77.63866246309712,43.173964814577957],[-77.63865618927467,43.173964814982874],[-77.638512945516453,43.173964816703659],[-77.638507904082488,43.173964816476179],[-77.638364074891285,43.173964817676506],[-77.638357726025887,43.173964819245533],[-77.638213412256178,43.173964819854511],[-77.638208930433663,43.173964819736064],[-77.638060031517043,43.173964820979677],[-77.638058478133104,43.173964820747102],[-77.637912560538084,43.173964822127466],[-77.63790673194579,43.1739648225699],[-77.637761501888377,43.173964823138114],[-77.637755424870392,43.173964822419713],[-77.637612318879192,43.173964823251147],[-77.637607632888802,43.173964823221731],[-77.637461932999557,43.173964824026555],[-77.637455384913579,43.17396482389838],[-77.637310365169412,43.173964824732472],[-77.637166003448314,43.173964824523587],[-77.637159556230898,43.173964823412334],[-77.637012935121135,43.173964825028037],[-77.637007293495117,43.173964824270676],[-77.636865419894505,43.173964824459766],[-77.636858446242073,43.173964825277579],[-77.63671414480325,43.173964824096927],[-77.63670961625084,43.173964823533112],[-77.636564632186378,43.173964823716894],[-77.636557867649358,43.173964822646262],[-77.636413541608079,43.173964821782938],[-77.636406986144607,43.173964821533701],[-77.636263709218412,43.173964821063322],[-77.636259668923344,43.173964821823105],[-77.636130604959988,43.17396482002183],[-77.63610670763461,43.17396482020056],[-77.636002939404904,43.173964818852447],[-77.635996810724691,43.173964818512985],[-77.635889032945926,43.17396481806648],[-77.635871254477337,43.173964817559728],[-77.635746882659561,43.173964815476978],[-77.635705856250979,43.173964815921138],[-77.635621653561387,43.173964815159074],[-77.635523212131361,43.173964812493658],[-77.635489001937884,43.173964812619673],[-77.635369750263692,43.173964811139477],[-77.635350992781326,43.1739648105412],[-77.635217475286225,43.173964808613604],[-77.635185616731832,43.173964806533768],[-77.6350634993439,43.173964805288691],[-77.635033162171808,43.17396480497468],[-77.634913210688438,43.173964802618791],[-77.634883944778167,43.17396480214434],[-77.634608065470744,43.173964796613411],[-77.634580930389419,43.173965153995958],[-77.634470169341853,43.173965041055979],[-77.634424346985384,43.17396499406172],[-77.634325331494821,43.17396489198623],[-77.634277680276242,43.173964843264976],[-77.634171460027432,43.173964734398112],[-77.63412629566524,43.17396468824267],[-77.634022289239695,43.173964581402217],[-77.633975701892297,43.173964533281421],[-77.633870010502378,43.173964424922552],[-77.633828347675632,43.173964381604414],[-77.633722955148357,43.17396427378975],[-77.633677261951078,43.173964225767925],[-77.633573473215861,43.173964119426195],[-77.633525144336232,43.173964069266461],[-77.63342191152546,43.173963962901752],[-77.633375862874203,43.17396391540882],[-77.6332725722676,43.17396380842942],[-77.633223531275704,43.173963757629608],[-77.633123327719431,43.173963653648599],[-77.633073679157548,43.173963602239063],[-77.632974817412148,43.173963500271519],[-77.63292598182089,43.173963449250039],[-77.632826442410561,43.173963346025452],[-77.632775361027228,43.173963292483954],[-77.632675075071504,43.1739631883258],[-77.632623590272431,43.173963134964978],[-77.632522948877025,43.173963030420225],[-77.632475724457223,43.173962980894665],[-77.632374926871137,43.173962875821672],[-77.632326051919122,43.173962825117016],[-77.632224645534819,43.173962719351685],[-77.632173373516522,43.173962665756854],[-77.632073896838079,43.173962562398891],[-77.632025967686005,43.173962512228911],[-77.631925700204846,43.173962406667165],[-77.63187610576361,43.173962355187889],[-77.631774566559855,43.173962248819109],[-77.631724349805651,43.173962195698607],[-77.631625668874094,43.173962093168804],[-77.631476703555734,43.173961936761998],[-77.631476586305226,43.173912472362716],[-77.631476279715699,43.173783422384751],[-77.631476023909116,43.173675570923258],[-77.631472758239624,43.17360392444877],[-77.631008094110655,43.173604946256596],[-77.630949564443682,43.173602059176439],[-77.630887370540805,43.173593654126023],[-77.630783604934209,43.173576670864449],[-77.630652568371744,43.173565634682461],[-77.630678103813636,43.17361785102598],[-77.630787745191881,43.173833338318332],[-77.630298120547536,43.1739715027011],[-77.6303469202456,43.174069483101398],[-77.630311202782806,43.174079484410562],[-77.630319579225045,43.174095732937438],[-77.630210437922386,43.174126292743431],[-77.630131596779535,43.173974121122768],[-77.630038432095077,43.173794297502027],[-77.630001372331378,43.173733021096439],[-77.62919014170464,43.173952328638642],[-77.628081743044675,43.174239530164961],[-77.628267987001777,43.17439885153113],[-77.628503237043148,43.174755689030754],[-77.628594183089675,43.174975564597503],[-77.628632920969807,43.175204530012479],[-77.628587986894374,43.175575756662575],[-77.628502521090823,43.175999338205543],[-77.627844586091413,43.176717475844193],[-77.627768042125922,43.177257456516216],[-77.627750766650053,43.178351255226495],[-77.627793128824422,43.178556435296919],[-77.627861040849041,43.178792790943675],[-77.627919896281909,43.17898381851947],[-77.628135477646239,43.179350733474138],[-77.628285075752288,43.179566335123297],[-77.628546218175046,43.180142504755807],[-77.62842128952073,43.180432030192911],[-77.628408111993977,43.180651036543452],[-77.628473048907509,43.180869742514062],[-77.628454445445769,43.181011179251406],[-77.628835539792234,43.180989809183515],[-77.629701444587894,43.180955869323029],[-77.631746018065343,43.180952300954047],[-77.632404509825136,43.180952184465774],[-77.632403826335931,43.181050587917561],[-77.632406746854983,43.181186006551272],[-77.632622834414832,43.181185067777761],[-77.632623974018102,43.181277063674841],[-77.632721253790663,43.181276823352306],[-77.632875646495535,43.18127643994039],[-77.633187054449408,43.181275669967754],[-77.633278549009646,43.18127544323486],[-77.63333557580782,43.181275301983753],[-77.633492403666168,43.181274942461613],[-77.633644624856288,43.181274666906141],[-77.633801879596561,43.181274383416969],[-77.633835866034389,43.181274321631918],[-77.633955296442423,43.181274105669715],[-77.634018560480627,43.181273991533516],[-77.634109356615781,43.181273827653484],[-77.634196221381913,43.181273668892068],[-77.634264867106239,43.181273624473214],[-77.634370928141394,43.18127355371378],[-77.634419174251164,43.18127352272122],[-77.634534486719474,43.181273444830218],[-77.63456909373356,43.181273422180467],[-77.634722692991062,43.181273359156812],[-77.634876106521887,43.181273295287241],[-77.634906331881893,43.181273283017958],[-77.635029416715909,43.181273232155704],[-77.635337545189756,43.181273104270353],[-77.635338762087997,43.181180546413657],[-77.635349724286939,43.181180475220749],[-77.635490559852371,43.181179558260197],[-77.635489438066898,43.181272582293978],[-77.635578131737731,43.181272277405782],[-77.635637845975452,43.181272072654693],[-77.635746715028276,43.181271698019685],[-77.63578931200685,43.181271551245004],[-77.635914036211688,43.181271122335758],[-77.635946339455373,43.181271010877722],[-77.63608174118329,43.181270545984141],[-77.63609943908493,43.181270484582051],[-77.636254622569325,43.181269950127877],[-77.636271998165597,43.181269890531745],[-77.636405479674877,43.181269430962772],[-77.636562337372297,43.18126889014507],[-77.636633903933699,43.1812686434344],[-77.63671357951057,43.1812683692592],[-77.636764664401241,43.18126819243507],[-77.636866242458012,43.181267842824667],[-77.636865844635409,43.18103815699822],[-77.636866019905028,43.180944717337809],[-77.636957140376708,43.180944388248797],[-77.637182403319187,43.180945756381199],[-77.637180691410464,43.181038768356345],[-77.637179923615761,43.181267224814427],[-77.6373592764905,43.181267417147922],[-77.637512968171791,43.181267581584599],[-77.637601219011103,43.181267674742081],[-77.637672853141723,43.181267752000629],[-77.637749662082129,43.181267834179224],[-77.637899728831201,43.181267994239519],[-77.637984314132453,43.181268083814125],[-77.638049873082608,43.181268153843163],[-77.638142986273849,43.181268253452814],[-77.638200126800157,43.181268314154075],[-77.63830341493798,43.181268423878748],[-77.638352128416713,43.181268476103128],[-77.638462662769541,43.181268592428481],[-77.63846278986378,43.181147331755085],[-77.638648608114934,43.18114206643245],[-77.6386477196898,43.181037820460631],[-77.638646455523286,43.180944142065563],[-77.638826411559734,43.180942330602022],[-77.639497788651383,43.180940664754587],[-77.639459707110149,43.179319487611323],[-77.63945205651072,43.176923796170108],[-77.639459757755802,43.176042775676216],[-77.639459788719719,43.175188100943338],[-77.639459579005376,43.174364290920906],[-77.639451980521855,43.173898821547937],[-77.63922319585609,43.17360129637774]]]},"properties":{"OBJECTID":176,"Beat":"251","Section":"Lake","Section_Num":1,"Supervisor_Name":"Capt. Nathan Cornell","Note":"In case of emergency call 911.","Color_Code":1,"Shape.STArea()":7894075.0558800474,"Shape.STLength()":12359.27752928587,"ID":251,"Office_Address":"1099 Jay St, Rochester, NY 14611","Office_Phone":"(585) 428-9801","Email_Contact":"","Office_Hours":"8:00am - 4:00pm"}},{"type":"Feature","id":177,"geometry":{"type":"Polygon","coordinates":[[[-77.638826411559734,43.180942330602022],[-77.638833394317274,43.181721268193598],[-77.638849502757552,43.182607627013148],[-77.638872365674573,43.183511878295022],[-77.638880001835247,43.184431093248428],[-77.638877515700756,43.185292262670927],[-77.638879978568454,43.186197373113373],[-77.638872260932843,43.187093824371075],[-77.638872278573459,43.18799034025141],[-77.638875635602545,43.188913291777631],[-77.638881701879072,43.189204177870685],[-77.638887708475664,43.190061645003162],[-77.638879997656886,43.190881613920233],[-77.638887692246016,43.191690393903798],[-77.63887990821209,43.19274323697433],[-77.638864798541263,43.193860840383159],[-77.639517119283227,43.193863013100092],[-77.639515981456185,43.193959992178975],[-77.639510979326872,43.194316326011609],[-77.63966274260369,43.194317450168164],[-77.639807460601119,43.194318522317865],[-77.639958587883228,43.194319641736598],[-77.640113602964831,43.19432004497191],[-77.640261114584305,43.194320428449196],[-77.640411908584028,43.194320820787482],[-77.64056241347113,43.194321212344676],[-77.640709063916887,43.19432159264813],[-77.64086100701013,43.194321987561388],[-77.641013016551994,43.194322381919946],[-77.641160793947876,43.194322764625838],[-77.641313740974724,43.194323160904688],[-77.64146105701127,43.194323543024225],[-77.641610289825579,43.194324010045541],[-77.641618597842225,43.194324035227758],[-77.641763294657892,43.194324488114262],[-77.641768448264301,43.194324503526069],[-77.641908388879884,43.194324940487434],[-77.642059998597773,43.194325413879817],[-77.642065199385769,43.193967597178883],[-77.64206657899976,43.193882320427541],[-77.642160737427474,43.193883863854737],[-77.642254290855888,43.193884025872578],[-77.642254540306212,43.193969792215739],[-77.642250052173239,43.19424583914185],[-77.642403564379094,43.194246353833833],[-77.64255164740446,43.194246852477598],[-77.642702508382868,43.194247359368255],[-77.642851194272808,43.194247858080331],[-77.643001623445372,43.19424836282689],[-77.643149533039903,43.19424885927107],[-77.643298260786906,43.19424935684583],[-77.643452685863508,43.194249874930385],[-77.643600118127594,43.194250369570725],[-77.643750997613878,43.194250874330329],[-77.643902085032664,43.194251378798064],[-77.644051630900677,43.194251880311128],[-77.644198897114762,43.194252372816287],[-77.644352288800803,43.194252886603941],[-77.644501471785787,43.194253384550315],[-77.644652129849135,43.194253888104441],[-77.644802427464271,43.194254389403163],[-77.64495105315757,43.194254884891684],[-77.645101199445719,43.194255386356843],[-77.645248993471611,43.194255880038412],[-77.64524883345824,43.193980877765512],[-77.645250699599231,43.193889171468037],[-77.645279291466309,43.19388922048438],[-77.645439517755236,43.193889262257365],[-77.645438768428491,43.193982212743251],[-77.645437074793108,43.194340707392428],[-77.645585956949915,43.194341180754435],[-77.6457348280546,43.194341652931904],[-77.645885828747709,43.194342132464662],[-77.646034526395511,43.194342603730803],[-77.646184615472322,43.194343079900911],[-77.646335370134182,43.19434355772492],[-77.646485643762446,43.194344034111388],[-77.646634701901661,43.194344505749129],[-77.646787421320752,43.194344989162772],[-77.646936662781229,43.194345461007579],[-77.647084509105653,43.19434592934136],[-77.647237228542295,43.194346412154566],[-77.647386179671187,43.194346882837486],[-77.647534959797696,43.194347352827798],[-77.647684946827539,43.194347826194402],[-77.647835330006885,43.194348300803469],[-77.647982510799423,43.194348765234643],[-77.648136266147063,43.194349250816344],[-77.648285313277498,43.194349720213026],[-77.648433932271459,43.194350188617108],[-77.648584728845847,43.194350663818888],[-77.648805493319799,43.194351358443242],[-77.648807315655702,43.193991683754881],[-77.648808562963112,43.193892854718555],[-77.649323575044221,43.193898959107905],[-77.649513585980046,43.193993656851461],[-77.649502439951931,43.195146002629706],[-77.649501068762888,43.195287637169962],[-77.649499667179725,43.195432474251682],[-77.64949844733458,43.195558696466634],[-77.64949687538325,43.19572115831383],[-77.649495468449004,43.195866585850396],[-77.649494042487063,43.19601398639314],[-77.649493100861122,43.196218293114732],[-77.649492518064449,43.196344449399732],[-77.649491896537995,43.196479437799717],[-77.649490602883304,43.196759588758987],[-77.649486317658443,43.197391765864751],[-77.649483154012103,43.197858418677491],[-77.649544570087627,43.198076292162284],[-77.649544184114333,43.198743333786695],[-77.649396166688419,43.199815196375546],[-77.649172283805314,43.200746390386115],[-77.648817293054378,43.201487725603471],[-77.648379626534577,43.202156895498014],[-77.648421968249508,43.202185534647121],[-77.648257624199587,43.202358124134832],[-77.647176365813664,43.203938554555464],[-77.648757663749635,43.204144940303898],[-77.649182360824071,43.204200441354949],[-77.649403462802795,43.204229334398633],[-77.65157355741492,43.204511671661649],[-77.651825041157338,43.204545248894227],[-77.652571002125157,43.204647760736854],[-77.652756779935245,43.204652607226848],[-77.652767614341727,43.203962934644373],[-77.658602987854849,43.204681676164554],[-77.660252892965403,43.204989373329859],[-77.660259425580165,43.204466291303305],[-77.660251538052734,43.202655710172294],[-77.660279477049045,43.19470014561594],[-77.66205749158523,43.194709821416645],[-77.664886346834848,43.194724500218683],[-77.665298252396795,43.195002391559768],[-77.666357691275337,43.195500641368852],[-77.66755699997573,43.195642748247081],[-77.668998803680623,43.195337368971551],[-77.670195624394296,43.195013342511338],[-77.671136162393836,43.19461537200327],[-77.67293907952849,43.194052193683291],[-77.673280558287459,43.194170577642545],[-77.673581734568202,43.194059103737096],[-77.67488682349223,43.193784151471597],[-77.675742550454203,43.193649971026957],[-77.676680548728839,43.193395099054527],[-77.67800106225134,43.193141867160996],[-77.680103908756564,43.192606599974873],[-77.680668392002204,43.192476740433555],[-77.681694645900777,43.192110714652138],[-77.682197788693557,43.192082648338832],[-77.683077681582262,43.192051421347273],[-77.684365661854258,43.192036631143864],[-77.684737612413869,43.192041049416922],[-77.685552364305977,43.191924090817146],[-77.687112341856633,43.191711960909132],[-77.688462483214735,43.191485940635616],[-77.690468759978046,43.190966698021271],[-77.692487974780576,43.190478815227877],[-77.695097998541442,43.189977939299844],[-77.696554639131477,43.189702039131639],[-77.69747603223189,43.189628355019572],[-77.70072617128173,43.188896676358901],[-77.701505999343453,43.188717732403028],[-77.701507849494931,43.188259889414176],[-77.700108964596936,43.188590501447251],[-77.698073913581041,43.189020296952847],[-77.696721370175069,43.189194855110003],[-77.691966501462076,43.190133520284085],[-77.686960039392133,43.191172072088541],[-77.685175620108566,43.191556914032837],[-77.684595257346515,43.191682073052228],[-77.682119609513009,43.191716167413333],[-77.680957585084641,43.191844098523426],[-77.680883278656253,43.191674276344173],[-77.68045844991093,43.191782590116397],[-77.680148311342165,43.192017037364138],[-77.680154121972478,43.192180633806338],[-77.679853729163526,43.192230846949627],[-77.676527194301755,43.192854265584565],[-77.674342302006764,43.193267755152391],[-77.672635049554032,43.193759311438249],[-77.669193699058042,43.194763427187311],[-77.66805010282647,43.1950942737123],[-77.667534251987888,43.195157268123566],[-77.666905959757742,43.195121947951705],[-77.666651387624228,43.195028107527861],[-77.666180083421224,43.194806013408929],[-77.665968277778447,43.194519162028861],[-77.665404596116218,43.19393983250486],[-77.664485099619853,43.192307713790562],[-77.66373419648302,43.191024474839026],[-77.662890807850445,43.18970908248113],[-77.661780785260149,43.188685499454948],[-77.660216890620717,43.187413539699186],[-77.660215768265374,43.18719855339576],[-77.658675973696333,43.187217391039255],[-77.658403079841335,43.187009761273522],[-77.658307049764488,43.187084684474506],[-77.657575818468317,43.187660299735853],[-77.657516540730484,43.188485416266197],[-77.655642756631821,43.188479695900931],[-77.655639218866099,43.188038779385664],[-77.655632180698575,43.187363881687759],[-77.655630190956771,43.187031292166246],[-77.655627391806632,43.186654917285431],[-77.65461307108059,43.186654211974073],[-77.654489836008054,43.186654126049049],[-77.654490209865486,43.186436466630511],[-77.654491019328589,43.186130448431072],[-77.654492218786601,43.185732911476059],[-77.654498252675907,43.184967038753896],[-77.654499415566363,43.184636968146279],[-77.653371172541426,43.18463341850839],[-77.653376413203148,43.183344538633747],[-77.653384559214615,43.183081882536641],[-77.653272126947286,43.182993542369573],[-77.653149932301432,43.182907836724141],[-77.653133977743792,43.18289901767178],[-77.653131429989983,43.18303724395831],[-77.653126804218431,43.183968213795964],[-77.652377165123212,43.183963696715537],[-77.652382774777848,43.182675366167615],[-77.652380432647618,43.182517434113905],[-77.652254847488038,43.182455046693391],[-77.652132672467218,43.182391440158355],[-77.652133962132055,43.18250098318569],[-77.652130664779918,43.18364583581068],[-77.650372331738467,43.183641886218687],[-77.650378495727892,43.181661334091885],[-77.650376370645489,43.181477047702302],[-77.650245877693251,43.181409106312579],[-77.650123624692867,43.181346854443575],[-77.650128767235458,43.181434742069989],[-77.650127103137393,43.182564018104891],[-77.649600066631265,43.182557479925499],[-77.649338192554481,43.182660023770403],[-77.649211225365264,43.182659821582675],[-77.64919593973768,43.18265961125519],[-77.648840550863426,43.182675178488708],[-77.648841429766151,43.18296569618267],[-77.648837656492873,43.18384416772281],[-77.648833632733826,43.185186667531795],[-77.648750722650462,43.185186962427451],[-77.648749932868512,43.184817830273794],[-77.648598905303899,43.184818230192192],[-77.648450499248,43.184818624328877],[-77.648297122019244,43.18481903075245],[-77.648148111989386,43.184819423161017],[-77.64800044282164,43.184819814635972],[-77.647916608067078,43.184820035655306],[-77.64791527803753,43.18472136543518],[-77.647914044402469,43.184629675006477],[-77.647912790677978,43.184536561245956],[-77.647911522518925,43.184442378866088],[-77.648045733079613,43.184441992697231],[-77.64804088008529,43.184302531346148],[-77.648035516407091,43.183931841358337],[-77.648034180905015,43.183839559575112],[-77.648032794723932,43.183743748715706],[-77.648030112849511,43.183558366799765],[-77.648028642427718,43.183419569500693],[-77.647522646881413,43.183426097677071],[-77.647488824398636,43.180989692706497],[-77.647486556637773,43.180898099976076],[-77.647371638890277,43.180898634337495],[-77.646964947607216,43.180898606383025],[-77.646965759557261,43.180993570942071],[-77.646968644658415,43.181288104594138],[-77.646893039788878,43.181288754096379],[-77.646816201000206,43.181289414151507],[-77.646668790217049,43.181290679196067],[-77.646517009640775,43.181291982981577],[-77.646512170857307,43.180995039773585],[-77.646511479045415,43.180898699837741],[-77.646417920457495,43.18089872311608],[-77.646321818430238,43.180899207976516],[-77.646323878426927,43.180994378997831],[-77.646328885274528,43.181291935704103],[-77.646179193861812,43.181292320877006],[-77.646030801458011,43.18129270209409],[-77.645956308191629,43.181292892896906],[-77.645881725114492,43.181293084715605],[-77.645729978192975,43.181293474061171],[-77.645578460077957,43.181293862380443],[-77.645572838826851,43.181000922976281],[-77.645569343955216,43.180902895647613],[-77.645472568614849,43.180903330167069],[-77.645381764662488,43.180904362665181],[-77.645382365769493,43.181003136818781],[-77.645387136427019,43.181300556598877],[-77.645237919454729,43.181301365708592],[-77.645085222344477,43.181302192890982],[-77.645013072961689,43.181302584136347],[-77.644923370299793,43.181303070798506],[-77.644788621351807,43.181303799960652],[-77.644636461835432,43.18130462285275],[-77.644631391478512,43.181010623928657],[-77.644627969210063,43.180912933831976],[-77.644525951315714,43.180914092377876],[-77.644441818947442,43.180914577564792],[-77.64444375392091,43.181011294980529],[-77.644448772443511,43.181340323553968],[-77.644299846109547,43.181341023104281],[-77.644151132605572,43.181341720607229],[-77.644001962679937,43.181342422270752],[-77.643850558805752,43.181343133299691],[-77.643701481178724,43.181343831728604],[-77.643550860924307,43.18134453799496],[-77.643400898783256,43.181345242268662],[-77.643252314447636,43.181345937863838],[-77.643101411244331,43.181346645714086],[-77.64295022879574,43.181347354670564],[-77.642803223971072,43.181348042862091],[-77.642651127518221,43.181348755611147],[-77.64250008899694,43.181349463355708],[-77.642350986771646,43.181350159822152],[-77.642203216775926,43.181350851750892],[-77.642051486919783,43.181351561317364],[-77.641900650145544,43.181352267229769],[-77.641751128409723,43.181352966663397],[-77.64160590731673,43.181353644592527],[-77.641601209230572,43.181025569128543],[-77.641599788657871,43.180932889560772],[-77.641512197218262,43.180932901235515],[-77.64141372129157,43.180933373230964],[-77.641413950337054,43.181025688323956],[-77.641418091595853,43.181356553333593],[-77.641268296821337,43.181357569447904],[-77.641119035965346,43.181358580761653],[-77.640969036994775,43.181359596602611],[-77.64081818055277,43.181360619585192],[-77.640668812634502,43.181361633030065],[-77.640519733827048,43.181362643261416],[-77.640368604284689,43.181363667001072],[-77.640222933118494,43.181364653623433],[-77.640222873113757,43.181359122492339],[-77.640077343288624,43.181360436855677],[-77.639927331701898,43.181361791490268],[-77.639776199357911,43.181363156488146],[-77.639627803054125,43.181364497047106],[-77.639628024777934,43.181389791815555],[-77.639478419801762,43.181391495780304],[-77.639478062266946,43.181363842349427],[-77.639030727837536,43.181363649792814],[-77.639027968361077,43.181036706450357],[-77.639028048064603,43.18094183112499],[-77.638826411559734,43.180942330602022]]]},"properties":{"OBJECTID":177,"Beat":"221","Section":"Lake","Section_Num":1,"Supervisor_Name":"Capt. Nathan Cornell","Note":"In case of emergency call 911.","Color_Code":3,"Shape.STArea()":37045091.075481407,"Shape.STLength()":59470.597565879565,"ID":221,"Office_Address":"1099 Jay St, Rochester, NY 14611","Office_Phone":"(585) 428-9801","Email_Contact":"","Office_Hours":"8:00am - 4:00pm"}},{"type":"Feature","id":178,"geometry":{"type":"Polygon","coordinates":[[[-77.616610281872966,43.219728440117969],[-77.63457486308657,43.219960601402349],[-77.634879634946472,43.219603435408573],[-77.636626374122031,43.217536381337268],[-77.636901306134121,43.217538236824467],[-77.637282465786782,43.217542307856199],[-77.637553848345732,43.217544235939208],[-77.639408733680128,43.217556346611545],[-77.641288352582336,43.217563984245352],[-77.64521655437288,43.217577974529789],[-77.645236054249636,43.215510753549509],[-77.645262587829848,43.214763378081322],[-77.645270269076605,43.213940324180065],[-77.645285984994587,43.213067261730288],[-77.645333789848408,43.211154935647762],[-77.645295323442923,43.210512209919166],[-77.642504476828393,43.210486546530824],[-77.643422747560848,43.20919083433774],[-77.644799191337,43.207262960136944],[-77.646461866882746,43.204926613769807],[-77.647176214112804,43.203938255359276],[-77.648257624199587,43.202358124134832],[-77.648421968249508,43.202185534647121],[-77.648379626534577,43.202156895498014],[-77.648817292834536,43.201487740004339],[-77.649172283805314,43.200746390386115],[-77.649396166468748,43.199815210776421],[-77.649544183894719,43.198743348187563],[-77.649544570087627,43.198076292162284],[-77.649483153792488,43.197858433078352],[-77.649486317658443,43.197391765864751],[-77.649490602883304,43.196759588758987],[-77.649491908643839,43.196476707693492],[-77.64949251784482,43.196344463800592],[-77.649493100641507,43.196218307515622],[-77.649494042267449,43.196014000794023],[-77.649495468229375,43.195866600251264],[-77.649496875163635,43.195721172714698],[-77.649498247634966,43.195579295150488],[-77.649499666960111,43.19543248865255],[-77.649501068543287,43.195287651570837],[-77.649502439732331,43.195146017030602],[-77.649509604057613,43.194405345371131],[-77.649513586990608,43.193993671262348],[-77.649323574824578,43.193898973508794],[-77.648808562743355,43.193892869119423],[-77.64880731543596,43.193991698155749],[-77.648805493100014,43.194351372844103],[-77.64858472862602,43.194350678219777],[-77.648433932051589,43.194350203017997],[-77.648285313057613,43.194349734613894],[-77.64813626592715,43.194349265217227],[-77.647982510579453,43.194348779635511],[-77.647835329786901,43.19434831520433],[-77.647684946607498,43.194347840595263],[-77.647534959577627,43.194347367228666],[-77.64738617945109,43.194346897238376],[-77.647237228322155,43.194346426555434],[-77.647084508885499,43.194345943742221],[-77.646936662561032,43.194345475408454],[-77.646787421100484,43.194345003563626],[-77.646634701681393,43.194344520149969],[-77.64648564354215,43.194344048512271],[-77.646335369913842,43.194343572125781],[-77.64618461525194,43.194343094301779],[-77.6460345261751,43.194342618131692],[-77.645885828527256,43.194342146865537],[-77.645734827834147,43.194341667332743],[-77.645585956729391,43.194341195155282],[-77.64543707457257,43.194340721793296],[-77.645438768207939,43.193982227144097],[-77.645439517534683,43.193889276658211],[-77.645279291245714,43.193889234885241],[-77.64525067311871,43.193888169365181],[-77.645248833237645,43.193980892166373],[-77.645248993251016,43.194255894439287],[-77.645101199225081,43.194255400757697],[-77.644951052936918,43.194254899292517],[-77.644802427243576,43.194254403804003],[-77.644652129628398,43.194253902505295],[-77.644501471564993,43.194253398951197],[-77.644352288579995,43.194252901004809],[-77.644198896893926,43.194252387217155],[-77.644051630679797,43.194251894711982],[-77.643902084811771,43.194251393198897],[-77.643750997392914,43.194250888731183],[-77.643600117906615,43.194250383971578],[-77.643452685642487,43.194249889331203],[-77.643298260565857,43.194249371246677],[-77.643149532818811,43.194248873671931],[-77.643001623224251,43.194248377227744],[-77.642851194051644,43.194247872481185],[-77.64270250816169,43.194247373769109],[-77.642551647183254,43.194246866878444],[-77.642403564157817,43.194246368234651],[-77.642250051951933,43.194245853542704],[-77.642254540084906,43.193969806616593],[-77.642254290634583,43.19388404027341],[-77.64216073720614,43.193883878255605],[-77.642066578778412,43.193882334828395],[-77.642065199164421,43.193967611579737],[-77.642059998376411,43.194325428280678],[-77.641908388658493,43.194324954888287],[-77.641768448042882,43.194324517926923],[-77.641763294436487,43.194324502515116],[-77.641618597620777,43.194324049628598],[-77.641610289604117,43.194324024446388],[-77.64146105678978,43.194323557425058],[-77.641313740753205,43.19432317530552],[-77.641160793726343,43.194322779026677],[-77.64101301633039,43.194322396320793],[-77.640861006788484,43.194322001962213],[-77.640709063695212,43.194321607048948],[-77.640562413249427,43.194321226745515],[-77.640411908362296,43.194320835188307],[-77.640261114362531,43.194320442850042],[-77.640113602743014,43.194320059372743],[-77.639958587661383,43.194319656137438],[-77.639807460379245,43.194318536718718],[-77.639662742381788,43.194317464569018],[-77.639510979104926,43.194316340412463],[-77.63951598123424,43.193960006579815],[-77.63951711906131,43.193863027500932],[-77.638864798319148,43.193860854783978],[-77.638393594205823,43.193856358703883],[-77.638392367937612,43.193952176724274],[-77.638388138035751,43.194198320275326],[-77.63825785961869,43.194197635668985],[-77.638255835893176,43.194305649753431],[-77.638126089381657,43.194305083712059],[-77.637977354041126,43.194304435322273],[-77.637825957723607,43.194303772847704],[-77.637676048744353,43.194303118866856],[-77.637678299911471,43.194194464855009],[-77.63753008720407,43.194192735503243],[-77.637375917124814,43.194190935994918],[-77.637379142125226,43.193948941146111],[-77.637380716659536,43.193846688925881],[-77.637270090477671,43.193845631895883],[-77.637170408232521,43.193845354800892],[-77.637171482812263,43.193944383826846],[-77.637160071497405,43.194848910104568],[-77.63715563142307,43.195125129092368],[-77.63698463077111,43.195124179133209],[-77.636796847215734,43.195123135966931],[-77.636611220286255,43.195122104038546],[-77.636424523064548,43.195121065650383],[-77.636235095827686,43.195120338317814],[-77.636048217588254,43.195119629078064],[-77.635863030989697,43.195118925441861],[-77.635636418709865,43.195118063772675],[-77.635487547280718,43.195117497431603],[-77.635299783290634,43.19511678323083],[-77.635162258658951,43.195116260088021],[-77.63502174325599,43.195115724590231],[-77.635016490547358,43.195391674786634],[-77.633270125990705,43.195381737943514],[-77.633281015192097,43.194830773474671],[-77.633313778113703,43.194636216215898],[-77.633315201297165,43.194445739290948],[-77.633658845959076,43.194446775099259],[-77.633660263004472,43.194351986720164],[-77.633661664274598,43.194258373826131],[-77.633663149821814,43.194159087880045],[-77.633489653881171,43.194158724997813],[-77.6333173500757,43.194158365451152],[-77.633319094733309,43.193924876717439],[-77.633320697234751,43.193834582606563],[-77.633203573637701,43.193834252631902],[-77.633115883640684,43.193833877166618],[-77.633113798137359,43.193927766128631],[-77.633111977400546,43.194118136245912],[-77.632829163344226,43.194117000220459],[-77.632828817119972,43.194225787877777],[-77.632677416941263,43.194225628950925],[-77.632676966059336,43.194280907134242],[-77.632527460360791,43.194280753849959],[-77.632520860970942,43.194280748509563],[-77.632377452701988,43.194280599798326],[-77.632229977026512,43.194280447697111],[-77.632083409302908,43.194280297554478],[-77.63193115265824,43.194280140419806],[-77.631931521734501,43.194225261233804],[-77.631782783076318,43.194224764990885],[-77.631784325678012,43.194111551269124],[-77.631643145168994,43.194112163705235],[-77.631501268219381,43.1941127809745],[-77.63150216672183,43.193920563274681],[-77.631503015027576,43.193826959305667],[-77.631410466870776,43.193826561915486],[-77.631313353229061,43.193826545934705],[-77.631311865543012,43.193915832783063],[-77.631309235719158,43.194107712012979],[-77.631161901388822,43.194107200544849],[-77.631009655927812,43.194106668707938],[-77.630861398902397,43.194106154572687],[-77.63071063466893,43.194105628369051],[-77.63055997991215,43.194105103778625],[-77.630410699380406,43.194104582335257],[-77.63026070404554,43.19410406014299],[-77.630263212583912,43.193913149409838],[-77.630265531405882,43.193826368363545],[-77.629137944820556,43.193826165830856],[-77.628992371587813,43.19385787781885],[-77.627701650938945,43.19418081735175],[-77.6276450545367,43.194220014899223],[-77.627582562606662,43.194251706185028],[-77.627523857639474,43.194270937466321],[-77.627462540644132,43.194284888119803],[-77.627372909221648,43.19429991998247],[-77.627293887443585,43.194309083138741],[-77.627201440831811,43.194318134038447],[-77.627117385177272,43.194327254100052],[-77.627024920573362,43.194337532533694],[-77.626929041307406,43.194351464926257],[-77.626787488325903,43.194379666457635],[-77.625553196246514,43.194451367874592],[-77.625427997368419,43.194454388361073],[-77.625300066031713,43.194454334263476],[-77.625173588441299,43.194450223446481],[-77.62504163011296,43.194440978838514],[-77.624867675295988,43.194421780153789],[-77.624698412905758,43.19439708990339],[-77.624513430484569,43.194360629396883],[-77.624336520319176,43.194316478626114],[-77.624151842080465,43.194260626899172],[-77.623988426819679,43.194201073468449],[-77.623830374630074,43.194137686868821],[-77.623672383785745,43.194070406445029],[-77.622811193461445,43.193703247377663],[-77.621752387704547,43.193240429145746],[-77.620591814552313,43.192736505457752],[-77.620040960201862,43.193772132293439],[-77.61978026100924,43.194831977362476],[-77.619903003701992,43.195927399873014],[-77.620091292419403,43.196677920879814],[-77.620154192581367,43.196928635414871],[-77.620598555315112,43.198067251892269],[-77.621215574202779,43.198785284989128],[-77.621914071724007,43.199705727480413],[-77.622798661881902,43.200614866690614],[-77.623903630474857,43.201532600471616],[-77.624960452728857,43.202377349714531],[-77.625997286623416,43.203487087057788],[-77.626630265375582,43.204462205760294],[-77.627208852611105,43.206190197874975],[-77.627195559050122,43.207458097267818],[-77.627007167437625,43.208679520920867],[-77.626546947130379,43.210417640562234],[-77.625917573326262,43.211456433548946],[-77.625078675623314,43.212253778652162],[-77.623809875738459,43.21299242142404],[-77.622243160094314,43.213546020392762],[-77.620452144661755,43.214496585917409],[-77.619026172590409,43.215449473630244],[-77.6176421144784,43.216387596962299],[-77.616507383682375,43.217344201932598],[-77.615656961299777,43.218383761773559],[-77.615249649606227,43.219346088167974],[-77.615195936844856,43.219784528476794],[-77.616610281872966,43.219728440117969]]]},"properties":{"OBJECTID":178,"Beat":"211","Section":"Lake","Section_Num":1,"Supervisor_Name":"Capt. Nathan Cornell","Note":"In case of emergency call 911.","Color_Code":1,"Shape.STArea()":57577828.410645425,"Shape.STLength()":41070.246911469323,"ID":211,"Office_Address":"1099 Jay St, Rochester, NY 14611","Office_Phone":"(585) 428-9801","Email_Contact":"","Office_Hours":"8:00am - 4:00pm"}},{"type":"Feature","id":179,"geometry":{"type":"Polygon","coordinates":[[[-77.637270090700142,43.193845617495043],[-77.637380716881992,43.193846674525062],[-77.637379142347683,43.193948926745279],[-77.637375917347271,43.194190921594092],[-77.637530087426484,43.194192721102404],[-77.637678300133857,43.194194450454177],[-77.637676048966739,43.194303104466002],[-77.63782595794595,43.194303758446871],[-77.637977354263427,43.194304420921419],[-77.638126089603901,43.194305069311234],[-77.63825583611542,43.194305635352585],[-77.638257859840934,43.194197621268131],[-77.638388138257966,43.194198305874494],[-77.638392368159813,43.193952162323434],[-77.638393594428024,43.193856344303079],[-77.638864798541263,43.193860840383159],[-77.63887990821209,43.19274323697433],[-77.638887692246016,43.191690393903798],[-77.638879997656886,43.190881613920233],[-77.638887708475664,43.190061645003162],[-77.638881701879072,43.189204177870685],[-77.638875635602545,43.188913291777631],[-77.638872278573459,43.18799034025141],[-77.638872260932843,43.187093824371075],[-77.638879978568454,43.186197373113373],[-77.638877515700756,43.185292262670927],[-77.638880001835247,43.184431093248428],[-77.638872365674573,43.183511878295022],[-77.638849502757552,43.182607627013148],[-77.638833394317274,43.181721268193598],[-77.638826411559734,43.180942330602022],[-77.638646455523286,43.180944142065563],[-77.6386477196898,43.181037820460631],[-77.638648608114934,43.18114206643245],[-77.63846278986378,43.181147331755085],[-77.638462662769541,43.181268592428481],[-77.63830341493798,43.181268423878748],[-77.638142986273849,43.181268253452814],[-77.637984314132453,43.181268083814125],[-77.637899728831201,43.181267994239519],[-77.637749662082129,43.181267834179224],[-77.637672853141723,43.181267752000629],[-77.637601219011103,43.181267674742081],[-77.637512968171791,43.181267581584599],[-77.6373592764905,43.181267417147922],[-77.637179923615761,43.181267224814427],[-77.637180691410464,43.181038768356345],[-77.637182403319187,43.180945756381199],[-77.636957140376708,43.180944388248797],[-77.636866019905028,43.180944717337809],[-77.636865844635409,43.18103815699822],[-77.636866242458012,43.181267842824667],[-77.636764664401241,43.18126819243507],[-77.63671357951057,43.1812683692592],[-77.636633903933699,43.1812686434344],[-77.636562337372297,43.18126889014507],[-77.636405479674877,43.181269430962772],[-77.636271998165597,43.181269890531745],[-77.636254622569325,43.181269950127877],[-77.63609943908493,43.181270484582051],[-77.63608174118329,43.181270545984141],[-77.635946339455373,43.181271010877722],[-77.635914036211688,43.181271122335758],[-77.63578931200685,43.181271551245004],[-77.635746715028276,43.181271698019685],[-77.635637845975452,43.181272072654693],[-77.635578131737731,43.181272277405782],[-77.635489438066898,43.181272582293978],[-77.635490559852371,43.181179558260197],[-77.635349724286939,43.181180475220749],[-77.635338762087997,43.181180546413657],[-77.635337545189756,43.181273104270353],[-77.635029416715909,43.181273232155704],[-77.634906331881893,43.181273283017958],[-77.634876106521887,43.181273295287241],[-77.634722692991062,43.181273359156812],[-77.63456909373356,43.181273422180467],[-77.634534486719474,43.181273444830218],[-77.634419174251164,43.18127352272122],[-77.634370928141394,43.18127355371378],[-77.634264867106239,43.181273624473214],[-77.634196221381913,43.181273668892068],[-77.634109356615781,43.181273827653484],[-77.634018560480627,43.181273991533516],[-77.633955296442423,43.181274105669715],[-77.633835866034389,43.181274321631918],[-77.633801879596561,43.181274383416969],[-77.633644624856288,43.181274666906141],[-77.633492403666168,43.181274942461613],[-77.63333557580782,43.181275301983753],[-77.633278549009646,43.18127544323486],[-77.633187054449408,43.181275669967754],[-77.632875646495535,43.18127643994039],[-77.632721253790663,43.181276823352306],[-77.632623974018102,43.181277063674841],[-77.632622834414832,43.181185067777761],[-77.632406746854983,43.181186006551272],[-77.632403826335931,43.181050587917561],[-77.632404509825136,43.180952184465774],[-77.631746018065343,43.180952300954047],[-77.629701444587894,43.180955869323029],[-77.628835539792234,43.180989809183515],[-77.628454445445769,43.181011179251406],[-77.628319413880106,43.181950658844976],[-77.628264050942391,43.182376566815307],[-77.628131926231802,43.183033351700907],[-77.628049650855388,43.183811655839008],[-77.627988989950538,43.184310116048856],[-77.627936995587518,43.184565713928961],[-77.627389412102929,43.185968034484148],[-77.626214141348143,43.187300451388616],[-77.625132634462545,43.188191736489721],[-77.622924444693155,43.190478464171953],[-77.621985961008761,43.191398524948667],[-77.620925836794669,43.192470354280701],[-77.620591814778692,43.192736491056955],[-77.62175238793067,43.193240414744963],[-77.622811193461445,43.193703247377663],[-77.623672383785745,43.194070406445029],[-77.623830374855714,43.194137672468081],[-77.623988427045262,43.194201059067659],[-77.624151842306034,43.194260612498418],[-77.624336520544702,43.194316464225345],[-77.624513430710039,43.194360614996128],[-77.624698413131185,43.1943970755026],[-77.624867675521386,43.194421765752992],[-77.62504163033833,43.194440964437767],[-77.625173588666613,43.194450209045712],[-77.625300066257012,43.194454319862686],[-77.625427997593675,43.194454373960284],[-77.625553196471714,43.194451353473809],[-77.626787488550846,43.194379652056881],[-77.626929041532307,43.19435145052546],[-77.627024920798263,43.194337518132905],[-77.627117385402144,43.194327239699263],[-77.627210367034536,43.194317177051147],[-77.627293887668415,43.194309068737944],[-77.62737290944645,43.194299905581687],[-77.627462540868891,43.194284873719013],[-77.627523857864233,43.19427092306551],[-77.627582562831407,43.194251691784253],[-77.62764505476143,43.194220000498447],[-77.627701651163676,43.194180802950982],[-77.628992371812231,43.193857863418074],[-77.629137945044917,43.193826151430073],[-77.630265531629973,43.193826353962763],[-77.630263212808018,43.193913135009034],[-77.630260704269659,43.194104045742193],[-77.630410699604496,43.194104567934481],[-77.630559980136226,43.194105089377835],[-77.630710634892935,43.194105613968262],[-77.63086139912636,43.194106140171904],[-77.631009656151747,43.194106654307127],[-77.631161901612728,43.194107186144031],[-77.631309235943007,43.194107697612182],[-77.631311865766861,43.193915818382266],[-77.631313353452924,43.193826531533901],[-77.631410467094639,43.193826547514682],[-77.631503015251411,43.193826944904892],[-77.631502166945666,43.193920548873869],[-77.631501268443216,43.194112766573689],[-77.631643145392772,43.194112149304416],[-77.631784325901748,43.194111536868334],[-77.631782783300068,43.194224750590095],[-77.631931521958236,43.194225246833014],[-77.631931152881947,43.194280126018995],[-77.632083409526601,43.194280283153674],[-77.632229977250176,43.194280433296299],[-77.632377452925624,43.194280585397529],[-77.632520861194536,43.194280734108773],[-77.63252746058437,43.194280739449155],[-77.632676966282901,43.194280892733431],[-77.632677417164814,43.194225614550106],[-77.632828817343494,43.194225773476951],[-77.632829163567735,43.194116985819662],[-77.633111977623997,43.194118121845108],[-77.633113798360796,43.193927751727827],[-77.633115883864122,43.193833862765835],[-77.633203573861124,43.193834238231098],[-77.633320697458146,43.193834568205752],[-77.633319094956704,43.193924862316649],[-77.633317350299095,43.194158351050355],[-77.633489654104551,43.194158710596994],[-77.633663150045152,43.194159073479227],[-77.633661664497922,43.194258359425312],[-77.633660263227796,43.194351972319367],[-77.633658846182385,43.194446760698469],[-77.63331520152056,43.194445724890116],[-77.633313778337111,43.194636201815079],[-77.633281015415506,43.194830759073874],[-77.633270126214128,43.19538172354271],[-77.635016490770354,43.195391660385809],[-77.635021743478987,43.19511571018942],[-77.63516225888192,43.195116245687188],[-77.635299783513574,43.195116768830026],[-77.635487547503615,43.195117483030771],[-77.635636418932705,43.195118049371871],[-77.635863031212509,43.195118911041064],[-77.636048217811023,43.19511961467726],[-77.636235096050399,43.195120323917003],[-77.636424523287218,43.195121051249558],[-77.636611220508883,43.195122089637735],[-77.636796847438305,43.195123121566091],[-77.63698463099368,43.195124164732363],[-77.63715563164557,43.195125114691557],[-77.637160071719904,43.19484889570375],[-77.637171483034763,43.193944369426013],[-77.637170408455034,43.193845340400038],[-77.637270090700142,43.193845617495043]]]},"properties":{"OBJECTID":179,"Beat":"231","Section":"Lake","Section_Num":1,"Supervisor_Name":"Capt. Nathan Cornell","Note":"In case of emergency call 911.","Color_Code":4,"Shape.STArea()":17550240.432723869,"Shape.STLength()":20171.103452869374,"ID":231,"Office_Address":"1099 Jay St, Rochester, NY 14611","Office_Phone":"(585) 428-9801","Email_Contact":"","Office_Hours":"8:00am - 4:00pm"}},{"type":"Feature","id":180,"geometry":{"type":"Polygon","coordinates":[[[-77.615195937072713,43.219784514076132],[-77.6151542022684,43.220125171154613],[-77.615187978007668,43.220803291798333],[-77.615621166059384,43.222211763682061],[-77.615867358337255,43.223324901551663],[-77.615971594876299,43.224353478850773],[-77.616011476343445,43.225538703299101],[-77.616207846730646,43.226920309295515],[-77.615796863931678,43.229429269898183],[-77.61593278190503,43.230102767572177],[-77.616551514199401,43.231085483045703],[-77.617132668659593,43.231878924037531],[-77.617644448095675,43.233151941694068],[-77.617551303584321,43.234190941255299],[-77.617149033172211,43.234911574513745],[-77.615486140008528,43.237030755402337],[-77.614554403074607,43.238129463195172],[-77.614053638148974,43.239056759146692],[-77.61389978666773,43.240240571790999],[-77.613605907043862,43.242501681894275],[-77.613450682212473,43.243695916215991],[-77.612407346929871,43.247285915368813],[-77.610051396996738,43.251050064081994],[-77.608502296076466,43.253630919712563],[-77.606080317698058,43.255780177489491],[-77.603984191619304,43.257640109558714],[-77.603704847323158,43.258657637765083],[-77.603845868582908,43.258756712223544],[-77.604147887211411,43.258897977924761],[-77.605179028210159,43.259231502025685],[-77.605514034749717,43.259313708813863],[-77.606936235703245,43.259809902341807],[-77.607307016043336,43.259919710074968],[-77.607677866414605,43.26004773726158],[-77.609243752239919,43.260604000470877],[-77.610795187267755,43.261175179861254],[-77.61119552153059,43.260817410700206],[-77.611669937038286,43.261135003880732],[-77.611699852245835,43.261112289620932],[-77.61256163682765,43.261723105574895],[-77.612494891964275,43.261777743850786],[-77.612660471733193,43.261888403723098],[-77.612723638837878,43.261836924244449],[-77.61337084482102,43.262293056661036],[-77.613343819091355,43.262313916331436],[-77.614216687895777,43.262918356904542],[-77.615639178888713,43.263789019095135],[-77.616507297911937,43.264365639300642],[-77.617261123931556,43.264863628506326],[-77.617485723594953,43.265000950037951],[-77.618302859243883,43.265391113403858],[-77.618742858940053,43.265601199806845],[-77.619245720551206,43.265841294458177],[-77.620031448965761,43.266216440673993],[-77.620978569551156,43.266707497723679],[-77.621589828526226,43.267034007837893],[-77.622059409633465,43.267283766867635],[-77.622292753537209,43.267406304350772],[-77.622469326025339,43.267483181175386],[-77.622683638947734,43.267591775712212],[-77.622790039997241,43.267627468380404],[-77.623180746070673,43.267300362978617],[-77.623597166629096,43.266991749634421],[-77.623934259481828,43.266727934451787],[-77.624015849939141,43.266663496138847],[-77.624078870145468,43.26666681064853],[-77.624147039670419,43.266559883074777],[-77.624266648604305,43.266621596103185],[-77.624332047891045,43.26660832165539],[-77.624470386202148,43.266472615504455],[-77.624364384907409,43.26640461936919],[-77.624321143752923,43.266447037615684],[-77.624276977656095,43.266422993221241],[-77.624493321841939,43.266199067821482],[-77.62243187551806,43.264933058594991],[-77.621583301561742,43.264430698090315],[-77.620661056280511,43.263988415049091],[-77.619821555141073,43.263477886756121],[-77.618261217599596,43.262433804796473],[-77.617462838629393,43.261892396740436],[-77.616619859280632,43.261286345806866],[-77.615599728658012,43.260474191694904],[-77.615636832413401,43.259611719394165],[-77.615682347470297,43.258425458934767],[-77.615755272129462,43.256701356928723],[-77.615966199462136,43.254324975965325],[-77.61697454189634,43.252937627220248],[-77.617583694014741,43.252951605125375],[-77.617492462814909,43.254867532278496],[-77.618940858513511,43.254900039877015],[-77.61904743808725,43.252992705997663],[-77.62032281598465,43.25304117070538],[-77.621071536253638,43.253061055103295],[-77.62215940634816,43.253069656088059],[-77.622034762514005,43.251209761780011],[-77.622165170598592,43.25006054877332],[-77.622366439190145,43.249451787853438],[-77.62268539681493,43.248837949691428],[-77.623189824400256,43.248161399834885],[-77.623741793722417,43.247586652027678],[-77.624848065626509,43.246570473129303],[-77.625634144212569,43.24587304148433],[-77.625645957869608,43.245371202071198],[-77.626115985004731,43.245380599386685],[-77.626928597416466,43.244362755857551],[-77.627637649754377,43.243125011781444],[-77.628219415268603,43.242086714328273],[-77.628565486876056,43.241204724393249],[-77.628587456342089,43.240171918167306],[-77.628665743487829,43.238233222697836],[-77.628763320432867,43.236134996404523],[-77.628864120659074,43.233064443714582],[-77.62891820743458,43.23181847945407],[-77.629031344645952,43.230790634047722],[-77.629280542268717,43.23079425827715],[-77.629363177413254,43.228586894625721],[-77.629449439915376,43.227213141403396],[-77.629739627599449,43.226242896686948],[-77.63026849401129,43.225124771943278],[-77.631321486007735,43.223730332653425],[-77.632711201057973,43.222128594024227],[-77.633628522534977,43.221069585800699],[-77.634574863309879,43.219960587001587],[-77.61661028210051,43.219728425717285],[-77.615195937072713,43.219784514076132]]]},"properties":{"OBJECTID":180,"Beat":"201","Section":"Lake","Section_Num":1,"Supervisor_Name":"Capt. Nathan Cornell","Note":"In case of emergency call 911.","Color_Code":2,"Shape.STArea()":54072567.910601661,"Shape.STLength()":49347.615469263925,"ID":201,"Office_Address":"1099 Jay St, Rochester, NY 14611","Office_Phone":"(585) 428-9801","Email_Contact":"","Office_Hours":"8:00am - 4:00pm"}},{"type":"Feature","id":181,"geometry":{"type":"Polygon","coordinates":[[[-77.67885828090148,43.170623935035842],[-77.674970698299703,43.169914416318321],[-77.664199007191243,43.167810792980134],[-77.660384021848358,43.167078393904006],[-77.660238550233487,43.16704635338133],[-77.66009380153875,43.167012947546702],[-77.659949543386119,43.166978173627122],[-77.659806008184191,43.166942033500511],[-77.659663435953902,43.166904187042348],[-77.659521357041967,43.166864626863159],[-77.659499431135657,43.166858276439179],[-77.659380231986916,43.166824048015613],[-77.659312834726478,43.16680361170846],[-77.659239836342508,43.166781758258956],[-77.659100167618973,43.166737760276241],[-77.658961454057973,43.166692740044404],[-77.658823702292153,43.166646013490336],[-77.658686902012448,43.166598264664323],[-77.658550831144851,43.166548807644467],[-77.658415958197452,43.166497645320874],[-77.658282037971347,43.166445461645637],[-77.658149075659978,43.166391912798652],[-77.658017071255998,43.166336999683345],[-77.657886262326329,43.166280382159599],[-77.657756642238681,43.166222744308016],[-77.657627980048261,43.166163743999199],[-77.657500744310639,43.16610338052724],[-77.657374466480533,43.166041654605564],[-77.657249380229786,43.165978565428254],[-77.657125721620346,43.165914116710624],[-77.657003248186996,43.165848647659004],[-77.656881972742923,43.165781473350521],[-77.656762114584737,43.165713625361086],[-77.656643451991187,43.165644070302754],[-77.656526211857141,43.16557349954855],[-77.656410398179801,43.165501567469406],[-77.65629600453272,43.165428617882974],[-77.656182799752287,43.165354648920172],[-77.656071253799908,43.165279322328338],[-77.655961135540437,43.165202634438415],[-77.655852672152946,43.165124931861783],[-77.655745630055208,43.165046210008789],[-77.655640009206081,43.164966471583547],[-77.655536049659744,43.16488537467125],[-77.655433746225754,43.164803262199555],[-77.65526207847256,43.164660568037633],[-77.655083049587333,43.16466086014627],[-77.655192483901956,43.164752046000629],[-77.655501633214385,43.164989360622897],[-77.655350674973079,43.165128381175528],[-77.65521579198888,43.165058607547387],[-77.655207305198218,43.165054325896307],[-77.654644284542783,43.164770863187577],[-77.654609089309915,43.164753182574309],[-77.654455680395145,43.164662417787291],[-77.65414669602589,43.164663183532099],[-77.654042326235626,43.164662854317079],[-77.654040047866957,43.16475198609352],[-77.654042233123221,43.165165301358066],[-77.653900775984198,43.165165209960904],[-77.653737215707395,43.165165101726295],[-77.653576794922458,43.165164996267436],[-77.653512329996857,43.165164953950665],[-77.653422027066128,43.165162390846589],[-77.653409866221224,43.165162385619155],[-77.653253895354993,43.165162314977067],[-77.6532537994932,43.165192300707247],[-77.653061906142469,43.165189905176156],[-77.653062388364944,43.16475124386033],[-77.653063514648238,43.164659763191445],[-77.652971671567954,43.164659472744518],[-77.6528786273674,43.164659484814798],[-77.65287797571267,43.164749654191155],[-77.652875130459051,43.165161861853576],[-77.65273729331058,43.165161876773382],[-77.652688810644321,43.165161881176729],[-77.652594654025805,43.165161891167564],[-77.652498492916251,43.165161901875258],[-77.652456114691162,43.165161906337183],[-77.652321568359355,43.165161919626563],[-77.652316643234045,43.165161920054864],[-77.652177843218212,43.165161933666276],[-77.652135753976253,43.165161938561248],[-77.652037235461165,43.165161948596982],[-77.651584626826974,43.165161992782885],[-77.65158388997429,43.16475083439466],[-77.651584186387126,43.164659647641543],[-77.65147634603602,43.16465966049131],[-77.651361073496091,43.164659329142211],[-77.651359993146741,43.164752474582578],[-77.651359616405486,43.165054136954943],[-77.651191714194965,43.165054273264751],[-77.651041163842066,43.165054394998599],[-77.650789976462136,43.16505459734654],[-77.650788448878615,43.165175548122463],[-77.650793095979594,43.165175554495463],[-77.650793671823322,43.165201563339266],[-77.650795525813848,43.165285342995453],[-77.650925113389277,43.165285132657871],[-77.650925063889503,43.165319110121722],[-77.650924909842743,43.165427147428751],[-77.650924750049967,43.165538391997309],[-77.65079562797861,43.165538766358715],[-77.650795714640182,43.165651013023869],[-77.650795800221772,43.165762360406958],[-77.650795890377765,43.165876559567735],[-77.650795975013324,43.165987402842966],[-77.650796077205982,43.166117786275656],[-77.65079617420821,43.166243498674831],[-77.650796271954178,43.166369727775624],[-77.650229420133982,43.166367753320962],[-77.650110706342929,43.166366750819158],[-77.650110708426581,43.166422027646263],[-77.650110705802732,43.166478986854329],[-77.650227237577965,43.166479787924828],[-77.650791405052473,43.16648035964851],[-77.650791939184728,43.166591563944131],[-77.650792494962246,43.166707488911406],[-77.650793052441472,43.166823544415081],[-77.650793606199883,43.166938874348212],[-77.650794162372094,43.167054692191499],[-77.650794708724476,43.16716832613745],[-77.650795252793912,43.167281544183616],[-77.650795808158705,43.167397253092815],[-77.65079637052726,43.167514279907145],[-77.650796927468846,43.167630127450956],[-77.650797471361884,43.167743518319554],[-77.65079801185469,43.167856000885749],[-77.650798557631404,43.167969752733846],[-77.650799096516153,43.168082017441264],[-77.65079964529113,43.168196299510072],[-77.650800183841326,43.168308262653142],[-77.650800732632163,43.168422785963457],[-77.650801266378451,43.168533690462134],[-77.650801815133207,43.168647973422146],[-77.650238485902563,43.168647334749913],[-77.65011062940674,43.168646383699063],[-77.650110626996579,43.168706880558446],[-77.650111318693249,43.168782369122418],[-77.650241506193311,43.168783548024031],[-77.65081060895929,43.168784217539972],[-77.650810495369626,43.168891353141291],[-77.650810379689048,43.169001212640367],[-77.650810263117421,43.16911064544918],[-77.650810145128602,43.169221060330663],[-77.650810027362979,43.169332430293011],[-77.650809909177227,43.169443585108993],[-77.65080979567476,43.169550309320982],[-77.650809678933243,43.169660156196656],[-77.650809563552059,43.169769266741746],[-77.650809445548433,43.169879438564614],[-77.650809434471711,43.169889704920358],[-77.650809329483423,43.169987946885911],[-77.650809271351648,43.170043662471961],[-77.650809211583734,43.170099647195187],[-77.650809090584389,43.170213167621959],[-77.650808978817906,43.17031791685983],[-77.650808863638574,43.170426850960894],[-77.650808746798475,43.170535893967021],[-77.650808631013632,43.17064632234213],[-77.650808512420113,43.17075725838842],[-77.650808398412522,43.170864659500531],[-77.650808280748407,43.170974968131425],[-77.650808160707527,43.171086726015346],[-77.65080804549288,43.171196307324315],[-77.650246719322766,43.171198436814144],[-77.650132949817291,43.171197531361614],[-77.650133540684109,43.171266637762933],[-77.650133504186371,43.171333168159407],[-77.650242418297253,43.171334324766143],[-77.650805309358944,43.17133345659083],[-77.65080541584399,43.171446329825066],[-77.650805517513319,43.171553780391548],[-77.650805623112831,43.171666792240551],[-77.650805728299432,43.171778618559678],[-77.650805829926341,43.171886637127173],[-77.650805932609174,43.171995636886962],[-77.650806033992325,43.172105772648969],[-77.650806138591662,43.17221488854225],[-77.650806241524762,43.172324679547586],[-77.650806346508176,43.172435143894937],[-77.650806448839205,43.172544004115203],[-77.650806552665117,43.172655352416115],[-77.650806604162355,43.172709598892425],[-77.6508066569465,43.17276570062954],[-77.650806757914197,43.172873437420165],[-77.650806859450228,43.172982025774466],[-77.650806966064621,43.17309415993828],[-77.650807122447858,43.173260815108982],[-77.650807274956307,43.173424006388863],[-77.650728005827801,43.173423784210627],[-77.650568530419335,43.173423337449591],[-77.650406895374388,43.173422885457626],[-77.650243156059602,43.173422426876826],[-77.65013333339364,43.173421649928976],[-77.650133618523853,43.173864277566054],[-77.649050499055576,43.173860589104635],[-77.648986527025698,43.173861096455553],[-77.648895319413072,43.173862430016491],[-77.648896426505203,43.173946549141576],[-77.648893421450225,43.174240663229725],[-77.648746941689382,43.174239899693013],[-77.648600070840715,43.174239134573703],[-77.648358398810416,43.174237874492739],[-77.648360760203374,43.173955564490875],[-77.648362573905729,43.173870220695996],[-77.64824901492193,43.173871880569308],[-77.648136994061403,43.173871558126557],[-77.648135336645282,43.173955908507253],[-77.648133332889245,43.174338831617028],[-77.647981132553923,43.174338790881848],[-77.647828191816501,43.174338749290762],[-77.647672493588132,43.174338707447276],[-77.647635121197595,43.174338697045833],[-77.647519031365846,43.174338665678668],[-77.647520059726475,43.174231696099497],[-77.64752112349754,43.174121199042048],[-77.647522711562772,43.173956231586772],[-77.647524562821118,43.173869793507059],[-77.646951979223061,43.173868141121247],[-77.646839055154643,43.173869136865264],[-77.646838814372828,43.173957087799003],[-77.646838800884723,43.174233547873165],[-77.646682928999866,43.174233539268251],[-77.646451621004644,43.174233525730315],[-77.646450250617235,43.174343759213279],[-77.646375250474748,43.174343868733281],[-77.646295134937674,43.174343986715755],[-77.646221490184743,43.174344095534146],[-77.646067114914558,43.174344323391253],[-77.646068229303637,43.174262372954374],[-77.646069347817502,43.174180152499119],[-77.64594679006666,43.174180928910474],[-77.645754718944985,43.174182143719769],[-77.645757794626434,43.173962859632631],[-77.645759610755547,43.173878639315248],[-77.6456397133378,43.17387969464891],[-77.645530182075234,43.173879999473634],[-77.645529017004719,43.173964492474397],[-77.645526757069987,43.174239400237084],[-77.645368919153512,43.17423927020581],[-77.645213801796203,43.174239142461673],[-77.645214421956425,43.174347910570106],[-77.64506490293293,43.174348266012572],[-77.644987097415296,43.174348449733067],[-77.644908908126453,43.174348635653693],[-77.644751978529541,43.174349008215017],[-77.644596522449689,43.174349376448788],[-77.644438697444457,43.174349750234825],[-77.644445657580079,43.173965617556711],[-77.64444629214475,43.173883015072683],[-77.644327333173095,43.173883344894094],[-77.644218614631953,43.173883344574854],[-77.644217791355629,43.173968369665722],[-77.644215883739719,43.174245023916647],[-77.64406773208087,43.174246218336691],[-77.643912163072187,43.174247471380781],[-77.643912840412895,43.174350994673432],[-77.643760925421972,43.174351353941837],[-77.643679945332536,43.174351545807838],[-77.643606354941298,43.174351718201187],[-77.643450773396779,43.174352086547714],[-77.643450992656341,43.174246369703958],[-77.643301210648062,43.174246005045653],[-77.643146102071114,43.174245625222525],[-77.64314905976471,43.173969383800866],[-77.643149810423623,43.173883336429846],[-77.643030474038767,43.173883334139042],[-77.64292578822932,43.173883665492923],[-77.64292482106336,43.173969294303795],[-77.642920438073901,43.174353337341628],[-77.642770243821175,43.174353691435407],[-77.642614246568442,43.17435405882707],[-77.642461518589144,43.174354417786191],[-77.642382415456851,43.174354603465886],[-77.642309925884206,43.174354773277059],[-77.642309590597748,43.17424773312765],[-77.642144024551357,43.174248356934037],[-77.642039775013089,43.174248750476593],[-77.642040409964608,43.174161610260725],[-77.641998258004151,43.174135029787479],[-77.641844427934771,43.174134308553178],[-77.641845478112586,43.173975246383158],[-77.641843760351406,43.173887075012132],[-77.641733318266859,43.173887422715566],[-77.641619038547887,43.173888029478029],[-77.641617346240835,43.173973186018713],[-77.641615748171816,43.174227651774558],[-77.641615600234488,43.174251205300124],[-77.641320636903842,43.174253067145443],[-77.641320268958282,43.174357095838303],[-77.641173125054436,43.174357440545513],[-77.641021127686713,43.174357796396784],[-77.640867413283601,43.1743581559045],[-77.64086685160882,43.174465454214108],[-77.640866199610215,43.174590221371794],[-77.640865900282932,43.174645272386726],[-77.640737386361621,43.17453729055056],[-77.640719644137619,43.174515812145543],[-77.640595697413829,43.17437153602696],[-77.640271776943621,43.174374220545516],[-77.640271669141342,43.174322801959853],[-77.640271436778235,43.174210104189129],[-77.640271197179416,43.174094199951739],[-77.640270956362656,43.173977895126477],[-77.640272329484588,43.173895139430293],[-77.639451980521855,43.173898821547937],[-77.639459579005376,43.174364290920906],[-77.639459788719719,43.175188100943338],[-77.639459757755802,43.176042775676216],[-77.63945205651072,43.176923796170108],[-77.639459707110149,43.179319487611323],[-77.639497788651383,43.180940664754587],[-77.639028048064603,43.18094183112499],[-77.639027968361077,43.181036706450357],[-77.639030727837536,43.181363649792814],[-77.639478062266946,43.181363842349427],[-77.639478419801762,43.181391495780304],[-77.639628024777934,43.181389791815555],[-77.639627803054125,43.181364497047106],[-77.639776199357911,43.181363156488146],[-77.639927331701898,43.181361791490268],[-77.640077343288624,43.181360436855677],[-77.640222873113757,43.181359122492339],[-77.640222933118494,43.181364653623433],[-77.640368604284689,43.181363667001072],[-77.640519733827048,43.181362643261416],[-77.640668812634502,43.181361633030065],[-77.64081818055277,43.181360619585192],[-77.640969036994775,43.181359596602611],[-77.641119035965346,43.181358580761653],[-77.641268296821337,43.181357569447904],[-77.641418091595853,43.181356553333593],[-77.641413950337054,43.181025688323956],[-77.64141372129157,43.180933373230964],[-77.641512197218262,43.180932901235515],[-77.641599788657871,43.180932889560772],[-77.641601209230572,43.181025569128543],[-77.64160590731673,43.181353644592527],[-77.641751128409723,43.181352966663397],[-77.641900650145544,43.181352267229769],[-77.642051486919783,43.181351561317364],[-77.642203216775926,43.181350851750892],[-77.642350986771646,43.181350159822152],[-77.64250008899694,43.181349463355708],[-77.642651127518221,43.181348755611147],[-77.642803223971072,43.181348042862091],[-77.64295022879574,43.181347354670564],[-77.643101411244331,43.181346645714086],[-77.643252314447636,43.181345937863838],[-77.643400898783256,43.181345242268662],[-77.643550860924307,43.18134453799496],[-77.643701481178724,43.181343831728604],[-77.643850558805752,43.181343133299691],[-77.644001962679937,43.181342422270752],[-77.644151132605572,43.181341720607229],[-77.644299846109547,43.181341023104281],[-77.644448772443511,43.181340323553968],[-77.64444375392091,43.181011294980529],[-77.644441818947442,43.180914577564792],[-77.644525951315714,43.180914092377876],[-77.644627969210063,43.180912933831976],[-77.644631391478512,43.181010623928657],[-77.644636461835432,43.18130462285275],[-77.644788621351807,43.181303799960652],[-77.644935900801016,43.181303002549463],[-77.645013072961689,43.181302584136347],[-77.645085222344477,43.181302192890982],[-77.645237919454729,43.181301365708592],[-77.645387136427019,43.181300556598877],[-77.645382365769493,43.181003136818781],[-77.645381764662488,43.180904362665181],[-77.645472568614849,43.180903330167069],[-77.645569343955216,43.180902895647613],[-77.645572838826851,43.181000922976281],[-77.645578460077957,43.181293862380443],[-77.645729978192975,43.181293474061171],[-77.645881725114492,43.181293084715605],[-77.645956308191629,43.181292892896906],[-77.646030801458011,43.18129270209409],[-77.646179193861812,43.181292320877006],[-77.646328885274528,43.181291935704103],[-77.646323878426927,43.180994378997831],[-77.646321818430238,43.180899207976516],[-77.646417920457495,43.18089872311608],[-77.646511479045415,43.180898699837741],[-77.646512170857307,43.180995039773585],[-77.646517009640775,43.181291982981577],[-77.646668790217049,43.181290679196067],[-77.646816201000206,43.181289414151507],[-77.646893039788878,43.181288754096379],[-77.646968644658415,43.181288104594138],[-77.646965759557261,43.180993570942071],[-77.646964947607216,43.180898606383025],[-77.647371638890277,43.180898634337495],[-77.647486556637773,43.180898099976076],[-77.647488824398636,43.180989692706497],[-77.647522646881413,43.183426097677071],[-77.648028642427718,43.183419569500693],[-77.648030112849511,43.183558366799765],[-77.648032794723932,43.183743748715706],[-77.648034180905015,43.183839559575112],[-77.648035516407091,43.183931841358337],[-77.64804088008529,43.184302531346148],[-77.648045733079613,43.184441992697231],[-77.647911522518925,43.184442378866088],[-77.647916608067078,43.184820035655306],[-77.648749932868512,43.184817830273794],[-77.648750722650462,43.185186962427451],[-77.648833632733826,43.185186667531795],[-77.648837481943119,43.183902301875762],[-77.648841429766151,43.18296569618267],[-77.648840550863426,43.182675178488708],[-77.64919593973768,43.18265961125519],[-77.649211225365264,43.182659821582675],[-77.649338192554481,43.182660023770403],[-77.649600066631265,43.182557479925499],[-77.650127103137393,43.182564018104891],[-77.650128767235458,43.181434742069989],[-77.650123624692867,43.181346854443575],[-77.650245877693251,43.181409106312579],[-77.650376370645489,43.181477047702302],[-77.650378495727892,43.181661334091885],[-77.650372331738467,43.183641886218687],[-77.652130664779918,43.18364583581068],[-77.652133962132055,43.18250098318569],[-77.652132672467218,43.182391440158355],[-77.652254847488038,43.182455046693391],[-77.652380432647618,43.182517434113905],[-77.652382774777848,43.182675366167615],[-77.652377165123212,43.183963696715537],[-77.653126804218431,43.183968213795964],[-77.653131429989983,43.18303724395831],[-77.653133977743792,43.18289901767178],[-77.653149932301432,43.182907836724141],[-77.653272126947286,43.182993542369573],[-77.653384559214615,43.183081882536641],[-77.653376413203148,43.183344538633747],[-77.653371172541426,43.18463341850839],[-77.654499415566363,43.184636968146279],[-77.654498252675907,43.184967038753896],[-77.654492218786601,43.185732911476059],[-77.654491019328589,43.186130448431072],[-77.654490209865486,43.186436466630511],[-77.654489836008054,43.186654126049049],[-77.65461307108059,43.186654211974073],[-77.655627391806632,43.186654917285431],[-77.655630190956771,43.187031292166246],[-77.655632180698575,43.187363881687759],[-77.655639218866099,43.188038779385664],[-77.655642756631821,43.188479695900931],[-77.657516540730484,43.188485416266197],[-77.657575818468317,43.187660299735853],[-77.658403079841335,43.187009761273522],[-77.658675973696333,43.187217391039255],[-77.660215768265374,43.18719855339576],[-77.660211571201359,43.186329000265751],[-77.660206900148893,43.184471051904268],[-77.660205668013859,43.182373236604327],[-77.660215988335352,43.181063266175627],[-77.660240103769354,43.179694677918526],[-77.662194515149679,43.179702952261145],[-77.666449472508006,43.179693463567425],[-77.667845508093663,43.179704460783896],[-77.669715011992778,43.179693499776015],[-77.67056648310782,43.179696186204957],[-77.673116787132315,43.179700042989289],[-77.675742983414693,43.17970581686447],[-77.678182622141335,43.179714170149239],[-77.679486586977134,43.179737295248046],[-77.680417057524707,43.179737782437989],[-77.682554669884397,43.179741068590317],[-77.682629729513536,43.17332503712921],[-77.680848131502941,43.1723736807023],[-77.680606759430759,43.172216482537024],[-77.679790133264987,43.171564107620362],[-77.679157304489479,43.170963677347032],[-77.678962065675265,43.170743376422955],[-77.67885828090148,43.170623935035842]]]},"properties":{"OBJECTID":181,"Beat":"241","Section":"Lake","Section_Num":1,"Supervisor_Name":"Capt. Nathan Cornell","Note":"In case of emergency call 911.","Color_Code":2,"Shape.STArea()":49803738.472991355,"Shape.STLength()":48954.03800704093,"ID":241,"Office_Address":"1099 Jay St, Rochester, NY 14611","Office_Phone":"(585) 428-9801","Email_Contact":"","Office_Hours":"8:00am - 4:00pm"}},{"type":"Feature","id":182,"geometry":{"type":"Polygon","coordinates":[[[-77.673802537056133,43.157753836747872],[-77.67261842139564,43.154053592013391],[-77.671675257761095,43.151235395411526],[-77.671297619884228,43.150077604734207],[-77.670761524031875,43.148433926510734],[-77.670421544443883,43.147391493985282],[-77.669500253709529,43.145272427711198],[-77.667985906989003,43.143038264914082],[-77.667400539628687,43.14231842713658],[-77.666733954048027,43.141504568576451],[-77.665833126000237,43.140409835585487],[-77.665767345272172,43.140324354904038],[-77.665386433129299,43.140441101994881],[-77.664748813598464,43.140657889476536],[-77.664682204875504,43.140680336155199],[-77.664582664152675,43.14071314492201],[-77.664569379428926,43.14072054570579],[-77.66260011297436,43.141386248588255],[-77.66090632377626,43.141977273699077],[-77.658770115698701,43.142709776916718],[-77.655817487435016,43.143705548165258],[-77.654611871935543,43.144109741378102],[-77.653917611811636,43.144350017934819],[-77.653452316181912,43.144502633535126],[-77.652941051613126,43.14467442431917],[-77.652199143670273,43.144924536111681],[-77.651018456731506,43.145315232242162],[-77.649820445268745,43.145723551431345],[-77.648637814506216,43.146120322824586],[-77.647989295977396,43.14633761433273],[-77.647546974476938,43.146486277146749],[-77.646951662954336,43.146684794510065],[-77.646433048723551,43.146860265876882],[-77.64580728356141,43.147073958661629],[-77.644876600864166,43.14739421331317],[-77.644586490018554,43.147482037045201],[-77.643495975811788,43.147856942604029],[-77.64267923187019,43.148134490084658],[-77.642099229370231,43.148325216143469],[-77.641488842154416,43.148542441387754],[-77.640695349291235,43.148802057258905],[-77.63951295739804,43.149206281189464],[-77.638192827266991,43.149656341441407],[-77.637539850376456,43.149881825455765],[-77.637203414493825,43.149998000776343],[-77.63752917519524,43.149999662632041],[-77.637527627248204,43.150449967893231],[-77.637527340034083,43.150510210523002],[-77.63765521866344,43.150514036531987],[-77.638064829803483,43.15051015981566],[-77.638064976104417,43.150601339586558],[-77.638064313945918,43.150620531213157],[-77.638065173019584,43.150724175270632],[-77.638065183110882,43.150729902256913],[-77.638030649546224,43.150730186741569],[-77.638033399221811,43.150840068416315],[-77.638067204812387,43.150839796819959],[-77.638067252331112,43.150849556891913],[-77.63806759972033,43.150920908400707],[-77.638067862912536,43.150975067702937],[-77.638068397978614,43.151085136314549],[-77.638068914696788,43.151191289918849],[-77.638213312496703,43.151190096494282],[-77.63821259867737,43.151299926140624],[-77.638067347722441,43.151300777650711],[-77.638067975328454,43.151410983847093],[-77.638068631502563,43.151526116925574],[-77.637967160184857,43.151526488348544],[-77.637966672092858,43.151663519485616],[-77.637948162858066,43.151741974167919],[-77.638894101436335,43.151739149336215],[-77.639001861766602,43.151824382362882],[-77.638997606865018,43.152100080191467],[-77.639377053297906,43.152097088525849],[-77.63937643175835,43.152189233224291],[-77.639375827700505,43.152278644239686],[-77.63956839318098,43.152277842912575],[-77.639569719993446,43.152392401789299],[-77.639034520701884,43.152392661188578],[-77.638894130273641,43.152392443048761],[-77.638893436331884,43.152505768214468],[-77.639063877260469,43.152503410535289],[-77.639334907736838,43.152502636959177],[-77.639385793259692,43.152544210019876],[-77.639386210856756,43.152614772633271],[-77.639386839632138,43.152720661580105],[-77.639387502719472,43.152832628776558],[-77.639388163725229,43.152944171972209],[-77.639388801508019,43.153051792020101],[-77.639389447348776,43.153160805600322],[-77.639002814053526,43.153161960137389],[-77.638886727221276,43.153165058083246],[-77.638885176687552,43.15338573709267],[-77.639005216090112,43.15338508063617],[-77.63944694822267,43.15338283507819],[-77.639449467143166,43.153642003050521],[-77.639003702840569,43.153686644985399],[-77.638882126366894,43.153685358780336],[-77.638880575650077,43.153837785759904],[-77.638879846060206,43.153909031121792],[-77.638878557395074,43.153985203014614],[-77.638871983074068,43.154272135549782],[-77.638864287626205,43.155241303328701],[-77.638865509466271,43.15533393038104],[-77.638994061840634,43.155334825000821],[-77.63918403084817,43.155335025497052],[-77.639180282929033,43.155680033442209],[-77.639329384480931,43.155680197992517],[-77.639477791359113,43.155680361118399],[-77.63947737964763,43.155789070668149],[-77.639542448680928,43.155788924228183],[-77.639542531211234,43.155901877666317],[-77.639542610417422,43.15601368875587],[-77.639425624055832,43.156013369066521],[-77.639277736504951,43.156012964410188],[-77.639276540565959,43.156123631658026],[-77.639275281261092,43.15624025122181],[-77.638993391192869,43.156240276975261],[-77.638877020770408,43.156238736673544],[-77.638878112098595,43.156324510519489],[-77.638878725703947,43.156513150332451],[-77.638876296124081,43.156670894503307],[-77.639258372747321,43.156686423523325],[-77.640095905802653,43.156720388977256],[-77.641162580136609,43.156814568514648],[-77.643284644952814,43.157127650861753],[-77.643983756463385,43.157179345039573],[-77.646766916982386,43.157202053331162],[-77.64923491625062,43.157221718808252],[-77.649330059317464,43.157221290239796],[-77.651994292553155,43.157159721745046],[-77.652953793040112,43.157150816777438],[-77.653610594140901,43.157144715741893],[-77.6541217048878,43.157139965339574],[-77.654293835313013,43.157142233693982],[-77.655421567265407,43.157157090998645],[-77.656152845939019,43.157166718494381],[-77.656373280727479,43.157180857775195],[-77.657424116800598,43.157248254491662],[-77.65830567485466,43.157304787902916],[-77.659414502072721,43.157375885720946],[-77.659549950110687,43.157387606901203],[-77.661135875278362,43.157504488267506],[-77.663359150997735,43.157668299150714],[-77.664668125514197,43.157696643378564],[-77.673802537056133,43.157753836747872]]]},"properties":{"OBJECTID":182,"Beat":"203","Section":"Genesee","Section_Num":3,"Supervisor_Name":"Capt. Michael Jones","Note":"In case of emergency call 911.","Color_Code":3,"Shape.STArea()":40610521.985360816,"Shape.STLength()":28787.569400696862,"ID":203,"Office_Address":"1099 Jay St, Rochester, NY 14611","Office_Phone":"(585) 428-9803","Email_Contact":"","Office_Hours":"8:00am - 4:00pm"}},{"type":"Feature","id":183,"geometry":{"type":"Polygon","coordinates":[[[-77.638894794770948,43.151739155059609],[-77.637948856192537,43.151741979897047],[-77.637967365426448,43.151663525214623],[-77.637967160184857,43.151526488348544],[-77.638068632717989,43.1515261178358],[-77.638067975328454,43.151410983847093],[-77.638067347722441,43.151300777650711],[-77.63821259867737,43.151299926140624],[-77.638213312496703,43.151190096494282],[-77.638068914696788,43.151191289918849],[-77.638068399207924,43.15108513632471],[-77.638067862898666,43.150975068603017],[-77.63806759972033,43.150920908400707],[-77.638067252331112,43.150849556891913],[-77.638067204812387,43.150839796819959],[-77.638033399221811,43.150840068416315],[-77.638030649546224,43.150730186741569],[-77.638065183110882,43.150729902256913],[-77.638065007267727,43.150620536941446],[-77.638064831032793,43.150510159825828],[-77.63765521866344,43.150514036531987],[-77.637527340034083,43.150510210523002],[-77.637527627248204,43.150449967893231],[-77.63752917520911,43.149999661731982],[-77.637203414493825,43.149998000776343],[-77.636079510860256,43.150251422008161],[-77.636069710162857,43.148928987794072],[-77.635953822371746,43.148925121580064],[-77.635340226822166,43.148930366730532],[-77.635332742778559,43.148448043900402],[-77.635948807420519,43.148305072852082],[-77.636065083275582,43.148304512528441],[-77.636064160961524,43.14818010358649],[-77.636064164112298,43.148119318481982],[-77.63594625474289,43.148120913080888],[-77.635714717414928,43.148175069204115],[-77.635650181605072,43.148029107996067],[-77.635610807827589,43.147940058925805],[-77.635340437682714,43.14793806924088],[-77.635325096553942,43.147937956527976],[-77.635323372806795,43.147751351528733],[-77.635322525996799,43.147659540289574],[-77.635321650247576,43.147564749233887],[-77.635320741566346,43.147466361709455],[-77.635319862563207,43.147371144841458],[-77.63531897399892,43.147274955704951],[-77.635318126819016,43.147183247975235],[-77.635317271418501,43.147090560786779],[-77.635316350451021,43.146990740975895],[-77.635203735538994,43.146990994214924],[-77.635183720577814,43.146991038988837],[-77.635032076483412,43.146991379988016],[-77.634940655537761,43.146991586290433],[-77.634697240132994,43.146992132871006],[-77.634695430994483,43.146677541299717],[-77.634693187161147,43.146604421370625],[-77.634561265755579,43.14660475064219],[-77.634440132874715,43.146605027911789],[-77.634444854817318,43.146677512171358],[-77.634445949559051,43.146888157442966],[-77.63426899365291,43.146887176685553],[-77.634265012918689,43.146996829850984],[-77.634446521392604,43.146997898782296],[-77.634447087742871,43.147106961342971],[-77.634098276843943,43.147107844118572],[-77.633980910695229,43.147108142250225],[-77.633982160719412,43.147316831819573],[-77.633108233243277,43.147319374353089],[-77.633108537379911,43.14700221683642],[-77.632982539621096,43.147002696103954],[-77.632979700598511,43.146771017279498],[-77.632978602531523,43.14668136614241],[-77.632977221881021,43.146608367674204],[-77.632874983908991,43.1466085976964],[-77.632792640977129,43.146608818285628],[-77.632792447696986,43.146682538221242],[-77.632795675036306,43.146917910991995],[-77.632525204273605,43.146919775567795],[-77.632525984180973,43.147003181355274],[-77.632450448892286,43.147003330447298],[-77.632280691194183,43.147003665781781],[-77.632248748492529,43.147003730614053],[-77.632083993272929,43.147004056831818],[-77.631939484092811,43.147004341431284],[-77.631901180420058,43.147004417183439],[-77.631788398745456,43.147004640468367],[-77.631637401917871,43.147004939142064],[-77.631603765116537,43.147005005005248],[-77.631488098020526,43.147005232797163],[-77.631422342728044,43.147005362655577],[-77.631318382116689,43.14700556795141],[-77.631301572321021,43.147005600908933],[-77.631193659156594,43.147005812809141],[-77.631190424392585,43.146685143068467],[-77.631190928950076,43.146613036139406],[-77.631119604132834,43.146613223894065],[-77.631075261578786,43.146613408440466],[-77.631074445054722,43.146685883643976],[-77.631081083143371,43.147321909889783],[-77.631009315069505,43.147321375546724],[-77.631011275217418,43.147458017533587],[-77.630858959696027,43.147458215984898],[-77.629132055540865,43.147460447207365],[-77.629129655847137,43.147011157681199],[-77.629128056376587,43.146692036330222],[-77.629125005583518,43.146619690920616],[-77.629014298957244,43.146620046700271],[-77.62889684612847,43.14662004903758],[-77.6289012939298,43.14669313884847],[-77.628902058108466,43.146812320134323],[-77.62845010790565,43.146814554970121],[-77.628451844027495,43.146936791455616],[-77.628453051828004,43.147021811246127],[-77.628286225313602,43.147021962577199],[-77.628122131733562,43.147022112177496],[-77.627957837780286,43.147022260769347],[-77.627854261210018,43.147022354502134],[-77.627793445296874,43.147022657650481],[-77.627628639297342,43.147023477523462],[-77.627432663693085,43.147024451721684],[-77.62723296260144,43.147024036089128],[-77.627106146523815,43.14702377200431],[-77.627042460655005,43.147023639387321],[-77.626978029810871,43.147023505008491],[-77.62685738624711,43.147023253536091],[-77.626857550457984,43.147062866153696],[-77.626752178979444,43.147062956485414],[-77.626648799131274,43.147063044470116],[-77.626649238715586,43.147096894677759],[-77.626196956263954,43.147095150764798],[-77.62619314526826,43.146691672713956],[-77.626193152365772,43.14662007205083],[-77.626099946449003,43.146620071819811],[-77.625625811040806,43.146621998259192],[-77.625622848639026,43.146691738728926],[-77.625625134842849,43.146966021901733],[-77.625500768081636,43.146966213124159],[-77.625379173626385,43.146966400418549],[-77.625251078079273,43.146966597055716],[-77.625247753517684,43.146690266288587],[-77.625247727434783,43.146622513591836],[-77.625161458354341,43.146623883138858],[-77.625059950089877,43.146624066378315],[-77.625061109698436,43.146690779866546],[-77.62506469061843,43.146871794290398],[-77.624869551868002,43.146871403743219],[-77.624683767130279,43.146871032729671],[-77.624685034423621,43.146950652911144],[-77.62468460461902,43.146966040479818],[-77.624686336530488,43.147094831139718],[-77.624688149165678,43.147229548316353],[-77.624691294061265,43.147404566624658],[-77.624616285108814,43.147404909390453],[-77.624431001016816,43.147405753793393],[-77.624243079731542,43.147406608195219],[-77.624055730106392,43.147407462580539],[-77.623303653514782,43.14740493864015],[-77.623156374687611,43.147402717025308],[-77.62315638103864,43.147393357973563],[-77.623155632638813,43.147101334465518],[-77.622966328464386,43.147102943913531],[-77.622781029324869,43.147102922252095],[-77.622621284028753,43.147102903329461],[-77.622461412113182,43.147102884020505],[-77.622301838915774,43.147102866097107],[-77.622153998928681,43.147102847504875],[-77.622154310363712,43.146690217712013],[-77.621995891582642,43.146690109142185],[-77.621995702628354,43.147102856985114],[-77.621817565962544,43.147101887551393],[-77.621668706965934,43.147101075716876],[-77.621514457575543,43.147100236376687],[-77.621220021743284,43.147098632124418],[-77.62121807664704,43.146689578659135],[-77.621213244886235,43.14661325730863],[-77.619927002494606,43.146603284278022],[-77.620385285288251,43.14787509628232],[-77.620435308347538,43.148030538871289],[-77.620475966921035,43.148170812117421],[-77.620503305455614,43.148279420371864],[-77.620522879445943,43.148450041034835],[-77.620530290096951,43.148828740624438],[-77.620537821904307,43.149408764961116],[-77.620545477008179,43.149816619554365],[-77.620553026419657,43.150514968093603],[-77.620568359563606,43.151239790425009],[-77.62049964158102,43.152052049374227],[-77.620483484623762,43.152141428389065],[-77.620461280636817,43.152228012781684],[-77.620433425919003,43.1523015169087],[-77.62039674330353,43.152370487271433],[-77.620345133922584,43.152450308690192],[-77.620294893977388,43.152517450975836],[-77.620212337210546,43.152614160120073],[-77.620121881243733,43.152706685309546],[-77.619913672156045,43.152881032097774],[-77.619757325839331,43.153011948095184],[-77.619445793479485,43.153265696660817],[-77.619211076845616,43.153462126899548],[-77.619372852113088,43.153601020232358],[-77.619563399125795,43.153787141115508],[-77.61978033854254,43.154052709942121],[-77.619891653071605,43.154320284779487],[-77.620062515136141,43.154730995000527],[-77.620124547741469,43.15488010333128],[-77.620221045107428,43.155149115766186],[-77.620447450570836,43.155752205153398],[-77.620534703987104,43.155891245531819],[-77.620611406584985,43.15601347095803],[-77.620741870545061,43.156176834656371],[-77.620778434647036,43.156222618088151],[-77.620986278949758,43.156460462825471],[-77.621053376228872,43.156524568549088],[-77.621244538726202,43.15667353082587],[-77.621475983817689,43.156839373016027],[-77.621652348234491,43.156948877173043],[-77.621884321014605,43.157081200558316],[-77.622116750969738,43.157224348280991],[-77.622542808147443,43.157359829282804],[-77.62308663008838,43.157468672696666],[-77.623544003601495,43.15755287345614],[-77.623611686826706,43.157565333415384],[-77.624109426384308,43.157613404551014],[-77.624183305384065,43.157620539390997],[-77.624686725272866,43.157632986318518],[-77.6249270222837,43.157634997758286],[-77.62522496429132,43.15762068614201],[-77.625614743939877,43.157590335452518],[-77.626027631433672,43.157535140303715],[-77.626655018747599,43.157394581039838],[-77.627591273619345,43.157184815627367],[-77.629071809304676,43.156856779388761],[-77.6296110863981,43.156777244155535],[-77.630138492303686,43.156722988731154],[-77.63080744335619,43.156694601143947],[-77.632304425527309,43.156680637350725],[-77.633248956779354,43.156689848694057],[-77.633930964500976,43.156695505765256],[-77.637218703130046,43.156679168478171],[-77.638876296124081,43.156670894503307],[-77.638878725703947,43.156513150332451],[-77.638878112098595,43.156324510519489],[-77.638877020770408,43.156238736673544],[-77.638993391192869,43.156240276975261],[-77.639275281261092,43.15624025122181],[-77.639276540565959,43.156123631658026],[-77.639277736504951,43.156012964410188],[-77.639425624055832,43.156013369066521],[-77.639542610403566,43.156013689655943],[-77.639542531211234,43.155901877666317],[-77.639542448680928,43.155788924228183],[-77.63947737964763,43.155789070668149],[-77.639477791359113,43.155680361118399],[-77.639180282929033,43.155680033442209],[-77.639184032077551,43.155335025507199],[-77.638994061840634,43.155334825000821],[-77.638865509466271,43.15533393038104],[-77.638864330668611,43.155241302783871],[-77.638871983074068,43.154272135549782],[-77.638878557395074,43.153985203014614],[-77.638879846060206,43.153909031121792],[-77.638880575650077,43.153837785759904],[-77.638882126366894,43.153685358780336],[-77.639003702840569,43.153686644985399],[-77.639449467143166,43.153642003050521],[-77.639446948208814,43.153382835978256],[-77.639005216090112,43.15338508063617],[-77.638885176687552,43.15338573709267],[-77.638887420572033,43.153165063806824],[-77.639003507404254,43.153161965860264],[-77.639389447348776,43.153160805600322],[-77.639388801508019,43.153051792020101],[-77.639388163711388,43.152944172872282],[-77.639387502705617,43.152832629676631],[-77.639386839632138,43.152720661580105],[-77.639386212086094,43.152614772643417],[-77.639385793259692,43.152544210019876],[-77.639334907736838,43.152502636959177],[-77.639063877260469,43.152503410535289],[-77.63889412967518,43.152505773937953],[-77.638894825428537,43.152437440339547],[-77.638894823615672,43.152392448772218],[-77.639035214043943,43.152392666911197],[-77.639570413335576,43.152392407508657],[-77.639569086521846,43.152277848631932],[-77.639376521041342,43.152278649960188],[-77.639377125098193,43.152189238944793],[-77.639377746636669,43.152097094246358],[-77.638998300203767,43.152100085914256],[-77.639002555102209,43.151824388085629],[-77.638894794770948,43.151739155059609]]]},"properties":{"OBJECTID":183,"Beat":"213","Section":"Genesee","Section_Num":3,"Supervisor_Name":"Capt. Michael Jones","Note":"In case of emergency call 911.","Color_Code":4,"Shape.STArea()":16908161.759050634,"Shape.STLength()":22356.861240851442,"ID":213,"Office_Address":"1099 Jay St, Rochester, NY 14611","Office_Phone":"(585) 428-9803","Email_Contact":"","Office_Hours":"8:00am - 4:00pm"}},{"type":"Feature","id":184,"geometry":{"type":"Polygon","coordinates":[[[-77.636079510860256,43.150251422008161],[-77.637203414493825,43.149998000776343],[-77.638192827266991,43.149656341441407],[-77.639512956182642,43.14920628027928],[-77.64069535053433,43.148802056368972],[-77.641488842154416,43.148542441387754],[-77.642099230599484,43.148325216153566],[-77.64267923187019,43.148134490084658],[-77.643495975811788,43.147856942604029],[-77.644586487573861,43.147482036124977],[-77.644876600864166,43.14739421331317],[-77.64580728356141,43.147073958661629],[-77.646433048723551,43.146860265876882],[-77.646951662954336,43.146684794510065],[-77.647546973233986,43.146486278036747],[-77.647989295977396,43.14633761433273],[-77.648637813290733,43.146120321914495],[-77.649820444053233,43.145723550521254],[-77.651018457974359,43.1453152313521],[-77.652199143670273,43.144924536111681],[-77.652941051613126,43.14467442431917],[-77.653452314939102,43.144502634425208],[-77.653917611811636,43.144350017934819],[-77.654611874393879,43.144109741398054],[-77.655817489893366,43.143705548185189],[-77.658770116900726,43.142709778726775],[-77.66090632623451,43.141977273718908],[-77.662600111731734,43.14138624947843],[-77.662081272147674,43.140646064465315],[-77.661608305950338,43.13997072345412],[-77.66112756102558,43.139299433325249],[-77.660646883239593,43.13862436991672],[-77.660414141907324,43.13829961234724],[-77.660331050496737,43.138332767059275],[-77.660181078183427,43.13838404273919],[-77.660038049493323,43.138432943781446],[-77.659899784927063,43.138480215070146],[-77.659756697729449,43.138529135090941],[-77.659613361937062,43.138578141142233],[-77.659470296519046,43.13862705377786],[-77.659327827670467,43.138675761310893],[-77.659186835096136,43.138723964789463],[-77.659152210426342,43.13866815688209],[-77.659009812421189,43.138717197655502],[-77.658942331033643,43.138606155916143],[-77.658875339287945,43.138495918347587],[-77.658823062134132,43.138417284181038],[-77.658413513342879,43.138554563543799],[-77.658388519158549,43.138659310256905],[-77.657638621364072,43.138661852934597],[-77.657638036600304,43.138734426656768],[-77.657638657928374,43.138873144231376],[-77.657639296718571,43.139015022460129],[-77.657639776613323,43.139121887074793],[-77.657606892323017,43.139121573301232],[-77.657514288831081,43.139120688076254],[-77.657486638793472,43.139120847806986],[-77.657355946423948,43.139121608508724],[-77.657333281298961,43.139121740133135],[-77.6571948208028,43.139122545800589],[-77.657175495754686,43.139122658521572],[-77.657032224899993,43.139123491665991],[-77.657023833499579,43.139123540750973],[-77.656873330501483,43.139124415963217],[-77.656869767908319,43.139124436624783],[-77.656719634954612,43.139125308330001],[-77.656715447844235,43.139125333830833],[-77.656563865503173,43.139126214297271],[-77.656560578276085,43.139126233579027],[-77.656408715624551,43.139127116970315],[-77.656405337432659,43.139127136410856],[-77.656277359415697,43.139127880063391],[-77.656249226243418,43.139128042781714],[-77.656099239559069,43.13912891395772],[-77.656092516346504,43.139128953989378],[-77.65595027567781,43.139129778824625],[-77.655934638600797,43.139129870819104],[-77.655798561767398,43.139130660811169],[-77.655773016304082,43.139130810183914],[-77.655651589399682,43.139131513528589],[-77.655622010527424,43.13913168507473],[-77.6554970123983,43.139132410608305],[-77.655460863987713,43.139132620654735],[-77.655349132784707,43.139133268182256],[-77.655305614547842,43.139133521024164],[-77.655196060476257,43.139134156355482],[-77.655147779828454,43.139134436216715],[-77.655049208567632,43.139135008375952],[-77.654987514719565,43.139135365678065],[-77.654898846233806,43.139135926240186],[-77.654830510525827,43.139136389791695],[-77.654750095226163,43.139136937099984],[-77.654677028994399,43.139137432380245],[-77.654598095049934,43.139137970001151],[-77.654485876520667,43.139138734253336],[-77.654447846677925,43.139138991717779],[-77.654326385943676,43.139139816705097],[-77.654297551599697,43.139140012857808],[-77.654170995211814,43.139140872818224],[-77.654147406520892,43.139141031417836],[-77.654003795390693,43.139142007434813],[-77.653998037119791,43.139142047079595],[-77.653851584967384,43.139143042137142],[-77.653697537917068,43.13914408781897],[-77.65369076913268,43.139144133640407],[-77.653550413310484,43.139145086929027],[-77.653534742828541,43.139145192726751],[-77.653399357265087,43.139146111506982],[-77.653380226174761,43.139146240466232],[-77.653249942380583,43.139147125822163],[-77.653223097119067,43.1391473081678],[-77.653099363306467,43.139148147580116],[-77.653063256147689,43.139148392311085],[-77.652951596983058,43.139149149704245],[-77.65290541900805,43.139149462820747],[-77.652799787334374,43.139150179064586],[-77.652748653860897,43.139150525628565],[-77.652649438146099,43.139151198499242],[-77.652585100234674,43.139151635617694],[-77.652499321305015,43.139152216025856],[-77.652426189880146,43.139152712038516],[-77.652351749195688,43.139153217154821],[-77.652270320924103,43.139153767979877],[-77.652200889829743,43.139154239049979],[-77.652112173968376,43.139154840274855],[-77.652052350221311,43.139155246321671],[-77.651950266454818,43.139155936649054],[-77.651793899597649,43.139156995989623],[-77.651781187470405,43.13915704551809],[-77.651630780797277,43.139157639163194],[-77.651596252362239,43.13915777566362],[-77.651594993891976,43.139025084965382],[-77.65159374866478,43.138893788743694],[-77.651592549960085,43.138767199915272],[-77.651593881102897,43.138682452937196],[-77.650987740714001,43.138685377284496],[-77.650358704507582,43.138691808740482],[-77.650357430365617,43.138776170891795],[-77.650360652853664,43.138944839628124],[-77.650362703668492,43.139052165357164],[-77.650364244928056,43.13916535517221],[-77.650214744626183,43.139166645680916],[-77.650064664064033,43.139167940262823],[-77.649924923825182,43.139169146173288],[-77.649895027704559,43.139169403667864],[-77.649766086341259,43.139170517451127],[-77.649613221231249,43.139171834628783],[-77.649466521459317,43.13917309930526],[-77.649316702756508,43.139174389642108],[-77.649164266664826,43.139175704321076],[-77.649016076855801,43.139176982358968],[-77.648861537301002,43.139178313663898],[-77.648713787616131,43.139179586803316],[-77.648528908112283,43.139181179312779],[-77.648526626552496,43.139101634682952],[-77.648401752444656,43.139102691042346],[-77.648400174126508,43.139006127139545],[-77.648398555389932,43.13890721434737],[-77.648396628639219,43.138789309837151],[-77.648390164695684,43.13871191394805],[-77.647981737244606,43.138716081363135],[-77.64748093826374,43.138721287646824],[-77.6474852272014,43.138795822141361],[-77.647486877936487,43.13888770483895],[-77.64748840367173,43.138972631758087],[-77.647489990942191,43.139061019453209],[-77.647364459085523,43.13906152379402],[-77.647362782528106,43.13899495651696],[-77.647175323784452,43.138995639066927],[-77.647170999517158,43.138798244743761],[-77.64717065477781,43.138724402339122],[-77.645395190050195,43.13874259696771],[-77.645397579775931,43.138908400945461],[-77.645280927722013,43.13890908921671],[-77.64508947651197,43.138909223415482],[-77.645057539906972,43.138909245970645],[-77.644925976742073,43.138909338104199],[-77.644836488847687,43.138909401652235],[-77.644763038739455,43.138909451766587],[-77.64461479001038,43.138909556092742],[-77.644601659383312,43.138909565382754],[-77.644438339094322,43.138909679046741],[-77.644388428701419,43.138909714148774],[-77.644271980155338,43.138909794542734],[-77.644167487075407,43.138909867635263],[-77.644108705348629,43.138909908109412],[-77.643945598954375,43.138910021025431],[-77.643945521556134,43.138792394485556],[-77.643945444403101,43.138676437770506],[-77.643945354875953,43.138541056068107],[-77.643944350022295,43.138451009579839],[-77.643358216122394,43.138448774633957],[-77.642780237518764,43.138450504186736],[-77.642778658947677,43.138538650779871],[-77.642778169983345,43.138675918992902],[-77.642777545864888,43.138850871929215],[-77.642777346022967,43.138907371586924],[-77.6426229946657,43.138907368252987],[-77.642543672171314,43.138907365958566],[-77.642467533332066,43.138907364584767],[-77.642310283483994,43.138907361298138],[-77.64229693297024,43.138907361313642],[-77.642151682736269,43.138907357484669],[-77.642073119917669,43.138907353911748],[-77.641995641228235,43.138907352903381],[-77.641838809341294,43.138907347906489],[-77.641682981697329,43.13890734465857],[-77.641604159497376,43.138907342229523],[-77.641524103169616,43.138907339489144],[-77.641366555884133,43.138907334257091],[-77.641366290078437,43.139031300599584],[-77.641366030839819,43.139152276611512],[-77.641365945201159,43.1392775577877],[-77.640861232892789,43.139278237996393],[-77.640742719722752,43.139271361039683],[-77.640741168149276,43.139364598301775],[-77.640741157208467,43.139444605778458],[-77.640861245054694,43.13944598033526],[-77.64138673056712,43.139446077871099],[-77.641386415140815,43.139566151436462],[-77.641386089205795,43.139690272100175],[-77.641385765149948,43.139813629428225],[-77.64138544641078,43.139934798471863],[-77.641385120498811,43.140059076658552],[-77.641386209828795,43.140184530420477],[-77.640863542957746,43.140184341771082],[-77.640741062346137,43.140183796367388],[-77.640741050265447,43.140272438302205],[-77.640741054933756,43.140349748070605],[-77.640857334395022,43.140352290290956],[-77.641384785695678,43.140351998059053],[-77.641384484894019,43.140475360065487],[-77.641384171986459,43.140603593716619],[-77.641383856339743,43.140733206410395],[-77.641383544764892,43.140860872056443],[-77.64138323046167,43.140990236307317],[-77.641384554471699,43.141116016044386],[-77.641385279692514,43.141199208976623],[-77.640741110667506,43.141199142795159],[-77.640156987180092,43.141199570696649],[-77.6401467976021,43.141121942033408],[-77.640147122264821,43.140994952538662],[-77.640147455291313,43.140865579446945],[-77.640147801329974,43.140734000130891],[-77.639978779929294,43.140734267463742],[-77.639960013717413,43.140734296366787],[-77.639811561906768,43.140734530515047],[-77.639662563067375,43.140734765359824],[-77.639510191077278,43.140735005490939],[-77.639361376634625,43.140735239664203],[-77.63921269372139,43.140735473829054],[-77.639062847919121,43.140735709005185],[-77.638913230758732,43.140735944071999],[-77.638762904315129,43.140736179388639],[-77.638614292726331,43.140736411564184],[-77.638468131088729,43.14073664037479],[-77.638468750728364,43.141200790955239],[-77.638360700143707,43.14119941518473],[-77.636036682826713,43.141202505735656],[-77.635910953335951,43.141190046851271],[-77.635444900891954,43.1411874270716],[-77.635445875710445,43.141250203434623],[-77.635446823059098,43.141311177419517],[-77.635448660526038,43.141429509811481],[-77.635579663399241,43.141429193498496],[-77.635580054969537,43.141547242056177],[-77.635916048732881,43.141548341495728],[-77.636046600375437,43.141552107705053],[-77.636048817981006,43.141630290037789],[-77.636049387529908,43.141711153847361],[-77.635917149317223,43.141711266930507],[-77.635546444796603,43.141710017682612],[-77.635545676291102,43.141896789462088],[-77.635545318285196,43.14198457693076],[-77.635544815109384,43.142107383589774],[-77.635544201435977,43.142259145247813],[-77.63591681007189,43.142258701742826],[-77.636051091624736,43.142257294025001],[-77.636051859805846,43.142313509989037],[-77.636052122622985,43.142394335242585],[-77.63592213751231,43.142393966487326],[-77.63554947262989,43.142394178197875],[-77.635549537170462,43.142491614530073],[-77.635549601702039,43.142590563153846],[-77.635549664765193,43.142689924943909],[-77.635549727430103,43.142786209032245],[-77.635549790491524,43.142884615733827],[-77.635549856051213,43.142981826122529],[-77.635921040027469,43.142980546247308],[-77.636049306908347,43.142979780061751],[-77.636048998496648,43.143060817518624],[-77.636049636562575,43.14312203646768],[-77.635925589897582,43.143121905918939],[-77.635549637618126,43.143119619423935],[-77.635549791049655,43.143213130819575],[-77.635549941227964,43.143303669810734],[-77.635550034027162,43.143359808158799],[-77.635550095520514,43.143396966068892],[-77.635550275031974,43.143505101009715],[-77.63592512936934,43.143507312700834],[-77.636055732583699,43.143506735088643],[-77.636056663765245,43.143793463651271],[-77.636053446421741,43.143877310761212],[-77.635925922591454,43.143878477378458],[-77.63554642006828,43.14387732179393],[-77.635547099494232,43.144163480244252],[-77.635428244171038,43.144163139209695],[-77.635278771513683,43.144162709982034],[-77.63513133516625,43.144160495286279],[-77.63513036914101,43.144221006899365],[-77.634974956537462,43.144217696998062],[-77.634974653481606,43.144153246506292],[-77.634830075090647,43.144151047910441],[-77.634830035938379,43.144146901382982],[-77.634680623384909,43.144146960666674],[-77.634679657131585,43.143873649825814],[-77.63293972066684,43.143869484365027],[-77.632976137035968,43.146545794775953],[-77.635936303699594,43.146538608617618],[-77.636055982704207,43.146538133190269],[-77.636056673805328,43.146601011562716],[-77.636057830651453,43.146675524938253],[-77.635938662558885,43.146676493392285],[-77.635692572368328,43.14667670218212],[-77.635692604507213,43.146844520973325],[-77.635692634737154,43.146990578940319],[-77.635543563093307,43.146990643066836],[-77.635393035847059,43.146990708441479],[-77.635316350451021,43.146990740975895],[-77.635317271418501,43.147090560786779],[-77.635318126819016,43.147183247975235],[-77.63531897399892,43.147274955704951],[-77.635319862563207,43.147371144841458],[-77.635320741566346,43.147466361709455],[-77.635321650247576,43.147564749233887],[-77.635322525996799,43.147659540289574],[-77.635323372806795,43.147751351528733],[-77.635325096553942,43.147937956527976],[-77.635340437682714,43.14793806924088],[-77.635470041921465,43.147939023328647],[-77.635610807827589,43.147940058925805],[-77.635650181605072,43.148029107996067],[-77.635714717414928,43.148175069204115],[-77.63594625474289,43.148120913080888],[-77.636064164112298,43.148119318481982],[-77.636064162176865,43.148180104496753],[-77.636065083275582,43.148304512528441],[-77.635948807420519,43.148305072852082],[-77.635332742778559,43.148448043900402],[-77.635340226822166,43.148930366730532],[-77.635953822371746,43.148925121580064],[-77.636069710162857,43.148928987794072],[-77.636079510860256,43.150251422008161]]]},"properties":{"OBJECTID":184,"Beat":"223","Section":"Genesee","Section_Num":3,"Supervisor_Name":"Capt. Michael Jones","Note":"In case of emergency call 911.","Color_Code":1,"Shape.STArea()":17764550.780984156,"Shape.STLength()":25985.493600283931,"ID":223,"Office_Address":"1099 Jay St, Rochester, NY 14611","Office_Phone":"(585) 428-9803","Email_Contact":"","Office_Hours":"8:00am - 4:00pm"}},{"type":"Feature","id":185,"geometry":{"type":"Polygon","coordinates":[[[-77.629129655847137,43.147011157681199],[-77.629132055540865,43.147460447207365],[-77.630858959696027,43.147458215984898],[-77.631011275217418,43.147458017533587],[-77.631009315069505,43.147321375546724],[-77.631081083143371,43.147321909889783],[-77.631076873051484,43.146918551081086],[-77.631074445054722,43.146685883643976],[-77.631075261578786,43.146613408440466],[-77.631119604146804,43.146613222993999],[-77.631190928950076,43.146613036139406],[-77.631190424392585,43.146685143068467],[-77.631193659156594,43.147005812809141],[-77.631318382116689,43.14700556795141],[-77.631335356655683,43.147005534561885],[-77.631422342728044,43.147005362655577],[-77.631488098020526,43.147005232797163],[-77.631603765116537,43.147005005005248],[-77.631637401917871,43.147004939142064],[-77.631788398745456,43.147004640468367],[-77.631901180420058,43.147004417183439],[-77.631939484092811,43.147004341431284],[-77.632083993272929,43.147004056831818],[-77.632248748492529,43.147003730614053],[-77.632280691194183,43.147003665781781],[-77.632450448892286,43.147003330447298],[-77.632525984180973,43.147003181355274],[-77.632525204273605,43.146919775567795],[-77.632795675036306,43.146917910991995],[-77.632792640977129,43.146608818285628],[-77.632874983908991,43.1466085976964],[-77.632977221881021,43.146608367674204],[-77.632978602531523,43.14668136614241],[-77.632982539621096,43.147002696103954],[-77.633108537379911,43.14700221683642],[-77.633108233243277,43.147319374353089],[-77.633982160719412,43.147316831819573],[-77.633980910695229,43.147108142250225],[-77.634098276843943,43.147107844118572],[-77.634447087742871,43.147106961342971],[-77.634446521392604,43.146997898782296],[-77.634265012918689,43.146996829850984],[-77.63426899365291,43.146887176685553],[-77.634445949559051,43.146888157442966],[-77.634444854817318,43.146677512171358],[-77.634440132874715,43.146605027911789],[-77.634561265755579,43.14660475064219],[-77.634693187161147,43.146604421370625],[-77.634695430994483,43.146677541299717],[-77.634697240132994,43.146992132871006],[-77.634940655537761,43.146991586290433],[-77.635032076483412,43.146991379988016],[-77.635183720577814,43.146991038988837],[-77.635203735538994,43.146990994214924],[-77.635316350451021,43.146990740975895],[-77.635393035847059,43.146990708441479],[-77.635543563093307,43.146990643066836],[-77.635692633507944,43.146990578930136],[-77.635692604507213,43.146844520973325],[-77.635692572368328,43.14667670218212],[-77.635938662558885,43.146676493392285],[-77.636057830651453,43.146675524938253],[-77.636056565026138,43.146516983023218],[-77.632976137035968,43.146545794775953],[-77.63293972066684,43.143869484365027],[-77.634679657131585,43.143873649825814],[-77.634680623384909,43.144146960666674],[-77.634830035938379,43.144146901382982],[-77.634830075090647,43.144151047910441],[-77.634974653481606,43.144153246506292],[-77.634974956537462,43.144217696998062],[-77.63513036914101,43.144221006899365],[-77.63513133516625,43.144160495286279],[-77.635278771513683,43.144162709982034],[-77.635428244171038,43.144163139209695],[-77.635547099494232,43.144163480244252],[-77.63554642006828,43.14387732179393],[-77.635925922591454,43.143878477378458],[-77.636053446421741,43.143877310761212],[-77.636056663765245,43.143793463651271],[-77.636055732583699,43.143506735088643],[-77.635550275031974,43.143505101009715],[-77.635550095520514,43.143396966068892],[-77.635550034027162,43.143359808158799],[-77.635549941227964,43.143303669810734],[-77.635549791049655,43.143213130819575],[-77.635549637618126,43.143119619423935],[-77.635925589897582,43.143121905918939],[-77.636049636562575,43.14312203646768],[-77.636048996038355,43.143060817498252],[-77.636049306908347,43.142979780061751],[-77.635921040027469,43.142980546247308],[-77.635549856051213,43.142981826122529],[-77.635549790491524,43.142884615733827],[-77.635549727430103,43.142786209032245],[-77.635549664765193,43.142689924943909],[-77.635549601702039,43.142590563153846],[-77.635549537170462,43.142491614530073],[-77.63554947262989,43.142394178197875],[-77.63592213751231,43.142393966487326],[-77.636052122622985,43.142394335242585],[-77.636051859805846,43.142313509989037],[-77.636051091624736,43.142257294025001],[-77.63591681007189,43.142258701742826],[-77.635544201435977,43.142259145247813],[-77.635544815109384,43.142107383589774],[-77.635545318285196,43.14198457693076],[-77.635545676291102,43.141896789462088],[-77.635546444796603,43.141710017682612],[-77.635917149317223,43.141711266930507],[-77.636049387529908,43.141711153847361],[-77.636048817981006,43.141630290037789],[-77.636046600375437,43.141552107705053],[-77.635916048732881,43.141548341495728],[-77.635580054969537,43.141547242056177],[-77.635579663399241,43.141429193498496],[-77.635448660526038,43.141429509811481],[-77.635446823059098,43.141311177419517],[-77.635445875710445,43.141250203434623],[-77.635444900891954,43.1411874270716],[-77.635441207350198,43.140949660307236],[-77.635911158638663,43.140951469821765],[-77.636034339892007,43.140950918984728],[-77.636033598212251,43.140871172656738],[-77.636033145020249,43.140813266057926],[-77.635909562272374,43.140812212158295],[-77.63553756646796,43.140811669634317],[-77.635536861522624,43.140516487455919],[-77.635391407154344,43.140515925140839],[-77.635244931348225,43.14051535867744],[-77.635099706831781,43.14051479789611],[-77.634957718301848,43.140513720948384],[-77.634818822199136,43.140512667661277],[-77.634676214223731,43.140511585228722],[-77.634677040710329,43.140390236805672],[-77.634675386334678,43.139972597736296],[-77.635906610103532,43.139976480629784],[-77.636025946284818,43.139894675170559],[-77.635095231695431,43.139886970713],[-77.631234500008219,43.139883400644109],[-77.630486965094448,43.139887129830981],[-77.628953376228836,43.139887047246738],[-77.627350940221859,43.139887055698772],[-77.626038699421272,43.139883295848222],[-77.624184782416464,43.139822166163448],[-77.623002122136199,43.139139348627509],[-77.62173547558055,43.138273694073007],[-77.620511983264379,43.137376150601561],[-77.619786845583192,43.13695774423141],[-77.619047252827187,43.136491629057119],[-77.618041901331324,43.138379475499598],[-77.616746221214711,43.14011195365407],[-77.615771901342242,43.141261231875006],[-77.615147216317681,43.142112230965644],[-77.615311295656539,43.142215847628094],[-77.615689147186174,43.142446086806707],[-77.615906018189634,43.142578590994177],[-77.616150176980227,43.142703436323544],[-77.616791649870066,43.143072401591624],[-77.617978450177162,43.14366865445983],[-77.61823851313153,43.14386097603353],[-77.618536557679946,43.144156153429357],[-77.618733066544451,43.144346870310066],[-77.618857348366006,43.14450593910496],[-77.619014413896039,43.144777042480911],[-77.619362234435457,43.145468976571557],[-77.619595263461818,43.145939247945599],[-77.619927002494606,43.146603284278022],[-77.621213244886235,43.14661325730863],[-77.62121807664704,43.146689578659135],[-77.621220021743284,43.147098632124418],[-77.621514457575543,43.147100236376687],[-77.621668706965934,43.147101075716876],[-77.621817565962544,43.147101887551393],[-77.621995702628354,43.147102856985114],[-77.621995891582642,43.146690109142185],[-77.622154310363712,43.146690217712013],[-77.622153998928681,43.147102847504875],[-77.622301838915774,43.147102866097107],[-77.622461412113182,43.147102884020505],[-77.622621284028753,43.147102903329461],[-77.622781029324869,43.147102922252095],[-77.622966328464386,43.147102943913531],[-77.623155632638813,43.147101334465518],[-77.62315638103864,43.147393357973563],[-77.623156374687611,43.147402717025308],[-77.623303653514782,43.14740493864015],[-77.624055730106392,43.147407462580539],[-77.624243079731542,43.147406608195219],[-77.624431001016816,43.147405753793393],[-77.624616285108814,43.147404909390453],[-77.624691294061265,43.147404566624658],[-77.624688149165678,43.147229548316353],[-77.624686336530488,43.147094831139718],[-77.62468460461902,43.146966040479818],[-77.624685034423621,43.146950652911144],[-77.624683767130279,43.146871032729671],[-77.624869551868002,43.146871403743219],[-77.62506469061843,43.146871794290398],[-77.625061109698436,43.146690779866546],[-77.625059950089877,43.146624066378315],[-77.625161458354341,43.146623883138858],[-77.625247727434783,43.146622513591836],[-77.625247753517684,43.146690266288587],[-77.625251078079273,43.146966597055716],[-77.625379173626385,43.146966400418549],[-77.625500768081636,43.146966213124159],[-77.625625134842849,43.146966021901733],[-77.625622848639026,43.146691738728926],[-77.625625811040806,43.146621998259192],[-77.626099946449003,43.146620071819811],[-77.626193152365772,43.14662007205083],[-77.62619314526826,43.146691672713956],[-77.626196956263954,43.147095150764798],[-77.626649238715586,43.147096894677759],[-77.626648799131274,43.147063044470116],[-77.626752178979444,43.147062956485414],[-77.626857550457984,43.147062866153696],[-77.62685738624711,43.147023253536091],[-77.626978029810871,43.147023505008491],[-77.627042460655005,43.147023639387321],[-77.627106146523815,43.14702377200431],[-77.62723296260144,43.147024036089128],[-77.627432663693085,43.147024451721684],[-77.627628639297342,43.147023477523462],[-77.627793445296874,43.147022657650481],[-77.627854261210018,43.147022354502134],[-77.627957837780286,43.147022260769347],[-77.628122131733562,43.147022112177496],[-77.628286225313602,43.147021962577199],[-77.628453051828004,43.147021811246127],[-77.628451844027495,43.146936791455616],[-77.62845010790565,43.146814554970121],[-77.628902058108466,43.146812320134323],[-77.6289012939298,43.14669313884847],[-77.62889684612847,43.14662004903758],[-77.629014298957244,43.146620046700271],[-77.629125005583518,43.146619690920616],[-77.629128056376587,43.146692036330222],[-77.629129655847137,43.147011157681199]]]},"properties":{"OBJECTID":185,"Beat":"233","Section":"Genesee","Section_Num":3,"Supervisor_Name":"Capt. Michael Jones","Note":"In case of emergency call 911.","Color_Code":2,"Shape.STArea()":13030365.309238099,"Shape.STLength()":23209.617096254929,"ID":233,"Office_Address":"1099 Jay St, Rochester, NY 14611","Office_Phone":"(585) 428-9803","Email_Contact":"","Office_Hours":"8:00am - 4:00pm"}},{"type":"Feature","id":186,"geometry":{"type":"Polygon","coordinates":[[[-77.640756275654638,43.13845653868475],[-77.640755509596772,43.138367095457049],[-77.64086177589806,43.138368596490096],[-77.641368356534485,43.138368954251234],[-77.641366132321011,43.138252249812837],[-77.641366518660448,43.138133801620938],[-77.641366908072854,43.138013871763299],[-77.641367286583545,43.137897213950986],[-77.641367676271614,43.137777665765128],[-77.641368063382686,43.137658445219493],[-77.640863199274762,43.137658271736832],[-77.640749430206426,43.13765771709221],[-77.640748724528777,43.137575385735587],[-77.640749331711035,43.137491288247396],[-77.640863020398669,43.137492174394339],[-77.641320779703889,43.137492571271984],[-77.641320089468152,43.137366828180888],[-77.641319382247161,43.137237867720025],[-77.64131875476177,43.137123730202731],[-77.641349606075877,43.137123642143685],[-77.641349176748861,43.136996752568891],[-77.641348752211471,43.13687139242905],[-77.641348322027667,43.136743917727642],[-77.640862052695383,43.136745764304962],[-77.640748831309494,43.136745034138045],[-77.640748841565753,43.136667547110427],[-77.640749573988202,43.13657769491828],[-77.640865025622645,43.136581331218807],[-77.641350182999787,43.136579050589503],[-77.641350521805109,43.136459933142035],[-77.641350853806955,43.136342940050611],[-77.641351182731668,43.136226707579922],[-77.641351522241578,43.136107302975056],[-77.641296366354311,43.136107530289991],[-77.641296791166525,43.135971686476871],[-77.64129720575427,43.135814489508533],[-77.640865435749461,43.135815543478728],[-77.640755798529824,43.135814688014413],[-77.640756280057118,43.135755651257526],[-77.640756286961491,43.135677740206411],[-77.640866209488166,43.135678810461677],[-77.641299427588109,43.135677523562578],[-77.641299917420966,43.135557779918038],[-77.641300398960723,43.135439777142679],[-77.641300630820027,43.13538327771932],[-77.641300843595957,43.135331224106437],[-77.641301291398122,43.135221583681918],[-77.641301798259363,43.135097446410079],[-77.640867834089477,43.135098838799266],[-77.640756342637019,43.135098511769108],[-77.64075634833587,43.135034042124637],[-77.639721521655645,43.135025519434429],[-77.639719480103309,43.134198258982408],[-77.639708772406252,43.133462499149175],[-77.639705340482521,43.133065869471352],[-77.639782076950837,43.133066499625343],[-77.64023008046226,43.133067494606642],[-77.640230367741324,43.132955861633384],[-77.640230658550067,43.132842638976058],[-77.640230949770526,43.132729869108516],[-77.640231239176416,43.132617137031247],[-77.640231522215345,43.132506978503052],[-77.64023181426596,43.132393593815557],[-77.640232099588559,43.13228232628488],[-77.640232388994889,43.132170472771008],[-77.640232681251035,43.132056593881877],[-77.640232969887691,43.131944229957426],[-77.640233260388868,43.131831664406661],[-77.640233551877827,43.131718074461197],[-77.640233835565894,43.131607551350065],[-77.640234134208882,43.131491335644839],[-77.639785662730489,43.131494267003433],[-77.639691739645642,43.131494041514983],[-77.639592931669611,43.131499528683953],[-77.639443996286118,43.131500372313447],[-77.639296306038432,43.131501209819447],[-77.639107794904533,43.131502278272983],[-77.639107816196926,43.131483877944319],[-77.638941599689517,43.131485151715751],[-77.638775295899038,43.131486426325459],[-77.638610819953698,43.13148768608005],[-77.638499331543542,43.13149237896647],[-77.638386601910014,43.131501452553081],[-77.638198387137635,43.131503387925179],[-77.638051142436893,43.131504901736101],[-77.638049861483196,43.131165291528049],[-77.638045805934823,43.131080681050463],[-77.637269462339887,43.13108856812763],[-77.637153702981692,43.13108971190016],[-77.63715205763171,43.131173319275732],[-77.637152629920323,43.131625861544229],[-77.636647953758356,43.131629712861688],[-77.636648187394414,43.131517912901266],[-77.636648410804384,43.131410122239359],[-77.636648889264606,43.131178942915817],[-77.636649712972073,43.131089365081692],[-77.636042601904819,43.131100680157353],[-77.634915309744954,43.131096874644989],[-77.633914125780635,43.131112189986261],[-77.632992485907664,43.131751799387573],[-77.631245985612892,43.132394634834661],[-77.62876586797293,43.132531163161282],[-77.624977813835727,43.132729557993059],[-77.621637537300586,43.133342212550573],[-77.620168546654554,43.134671913084524],[-77.619047252827187,43.136491629057119],[-77.619786845583192,43.13695774423141],[-77.620511983264379,43.137376150601561],[-77.62173547558055,43.138273694073007],[-77.623002122136199,43.139139348627509],[-77.624184782416464,43.139822166163448],[-77.626038699421272,43.139883295848222],[-77.627350940221859,43.139887055698772],[-77.628953376228836,43.139887047246738],[-77.630486965094448,43.139887129830981],[-77.631234500008219,43.139883400644109],[-77.635095231695431,43.139886970713],[-77.636025946284818,43.139894675170559],[-77.635906610103532,43.139976480629784],[-77.634675386334678,43.139972597736296],[-77.634677040710329,43.140390236805672],[-77.634676214223731,43.140511585228722],[-77.634818822199136,43.140512667661277],[-77.634957718301848,43.140513720948384],[-77.635099706831781,43.14051479789611],[-77.635244931348225,43.14051535867744],[-77.635391407154344,43.140515925140839],[-77.635536861522624,43.140516487455919],[-77.63553756646796,43.140811669634317],[-77.636033145020249,43.140813266057926],[-77.63603359569845,43.140871176236637],[-77.636034339892007,43.140950918984728],[-77.635441207350198,43.140949660307236],[-77.635444900891954,43.1411874270716],[-77.635910953335951,43.141190046851271],[-77.636036682826713,43.141202505735656],[-77.638468750728364,43.141200790955239],[-77.638469519816226,43.141118045134235],[-77.638468131088729,43.14073664037479],[-77.638614292726331,43.140736411564184],[-77.638762904315129,43.140736179388639],[-77.638913230758732,43.140735944071999],[-77.639062847919121,43.140735709005185],[-77.63921269372139,43.140735473829054],[-77.639363007894829,43.140735236919909],[-77.639510191077278,43.140735005490939],[-77.639662563067375,43.140734765359824],[-77.639811561906768,43.140734530515047],[-77.639960013717413,43.140734296366787],[-77.639978779929294,43.140734267463742],[-77.640147801329974,43.140734000130891],[-77.640147455291313,43.140865579446945],[-77.640147122264821,43.140994952538662],[-77.6401467976021,43.141121942033408],[-77.640156987180092,43.141199570696649],[-77.640741110667506,43.141199142795159],[-77.641385279692514,43.141199208976623],[-77.641384554471699,43.141116016044386],[-77.64138323046167,43.140990236307317],[-77.641383544764892,43.140860872056443],[-77.641383856339743,43.140733206410395],[-77.641384171986459,43.140603593716619],[-77.641384484894019,43.140475360065487],[-77.641384785695678,43.140351998059053],[-77.640857334395022,43.140352290290956],[-77.640741054933756,43.140349748070605],[-77.640741062346137,43.140183796367388],[-77.640863542957746,43.140184341771082],[-77.641386209828795,43.140184530420477],[-77.641385120498811,43.140059076658552],[-77.64138544641078,43.139934798471863],[-77.641385765149948,43.139813629428225],[-77.641386089205795,43.139690272100175],[-77.641386415140815,43.139566151436462],[-77.64138673056712,43.139446077871099],[-77.640861245054694,43.13944598033526],[-77.640741157208467,43.139444605778458],[-77.640742719722752,43.139271361039683],[-77.640861232892789,43.139278237996393],[-77.641365945201159,43.1392775577877],[-77.641366030839819,43.139152276611512],[-77.641366290078437,43.139031300599584],[-77.641366555884133,43.138907334257091],[-77.641366949982313,43.138723125639473],[-77.641367343496285,43.138539594843238],[-77.640754905639696,43.138538921341961],[-77.640756275654638,43.13845653868475]]]},"properties":{"OBJECTID":186,"Beat":"253","Section":"Genesee","Section_Num":3,"Supervisor_Name":"Capt. Michael Jones","Note":"In case of emergency call 911.","Color_Code":3,"Shape.STArea()":15591992.708098225,"Shape.STLength()":21361.104806305539,"ID":253,"Office_Address":"1099 Jay St, Rochester, NY 14611","Office_Phone":"(585) 428-9803","Email_Contact":"","Office_Hours":"8:00am - 4:00pm"}},{"type":"Feature","id":187,"geometry":{"type":"MultiPolygon","coordinates":[[[[-77.658649845112279,43.125882293068706],[-77.658697802032805,43.127198370062182],[-77.658751641400158,43.128510117616251],[-77.659108802665841,43.129170816638805],[-77.659077020852521,43.13079308467411],[-77.660699674991449,43.130776265503371],[-77.663344609783564,43.13074850193766],[-77.665843625152817,43.130722407561798],[-77.668321637382334,43.130694768265101],[-77.669332585672606,43.130694589486076],[-77.670518580193814,43.130683686553098],[-77.672050067412044,43.130625976934667],[-77.673219690038749,43.130613361892074],[-77.67413141923447,43.12963740287519],[-77.675530156943864,43.128019816625674],[-77.676626653114639,43.126843869370802],[-77.677361467013469,43.125902916438775],[-77.679491084906175,43.123287792483467],[-77.680444068010019,43.122363688696275],[-77.681046894148466,43.121518890721781],[-77.682204204027968,43.120197286082316],[-77.683024196430907,43.119189556426022],[-77.681730987282137,43.117367230129048],[-77.680872271249441,43.117614644888029],[-77.680268392484365,43.116709900912014],[-77.681092700240868,43.116485057769601],[-77.680841315498782,43.11614074421508],[-77.679386500898715,43.11650225743702],[-77.679329562894466,43.115329230291835],[-77.680229860878669,43.115291680085967],[-77.680192164557496,43.114320808003328],[-77.676522389937361,43.112501921239343],[-77.670967886916443,43.112563677102038],[-77.66832429655247,43.113705018576582],[-77.668388742628835,43.115555520575214],[-77.663591860901391,43.115746841035907],[-77.659988679539637,43.117244977068609],[-77.660297591567982,43.117627310800238],[-77.659322208357622,43.118044033487386],[-77.658989315666403,43.117666674052948],[-77.654685282884287,43.11947714270201],[-77.654984915428344,43.119877396356792],[-77.654015752960944,43.120283170658233],[-77.653699952015856,43.119882679612083],[-77.652498139098341,43.12038392103419],[-77.654149933143287,43.125879937168342],[-77.655465483313989,43.125865850275972],[-77.656112931808565,43.125858405559512],[-77.656881631686545,43.125849793913275],[-77.658649845112279,43.125882293068706]]],[[[-77.660646883239593,43.13862436991672],[-77.66112756102558,43.139299433325249],[-77.661608305950338,43.13997072345412],[-77.662081272147674,43.140646064465315],[-77.662600111731734,43.14138624947843],[-77.664569379428926,43.14072054570579],[-77.664582664152675,43.14071314492201],[-77.664682204875504,43.140680336155199],[-77.664748813598464,43.140657889476536],[-77.665386433129299,43.140441101994881],[-77.665767345272172,43.140324354904038],[-77.665280462774803,43.139729859371357],[-77.664684596177125,43.13904453576702],[-77.663865087369672,43.138025612575277],[-77.66271123829479,43.136618261934494],[-77.661404049363469,43.135020049891729],[-77.660407697682288,43.133791002781209],[-77.659123306772429,43.132206829562101],[-77.658046598669443,43.1308776778572],[-77.657260189412369,43.129944144088022],[-77.656296632505516,43.129036392770487],[-77.655234459277864,43.128273251546069],[-77.654001083142219,43.127623947926232],[-77.653686240185365,43.127574059800942],[-77.652622314873412,43.127022834802169],[-77.652422366453351,43.126801345265392],[-77.651916519568317,43.126540468219638],[-77.650517094920275,43.125822440904763],[-77.648770328031759,43.125010554589814],[-77.647737158395529,43.124399850755509],[-77.64545052932985,43.123235520690159],[-77.643609073179405,43.122297107136127],[-77.642864206569499,43.121585209768185],[-77.640612548826951,43.121859556277521],[-77.636013555805647,43.122005040985314],[-77.634596093471572,43.122547573487338],[-77.632732479211029,43.123721989689159],[-77.632658682672883,43.125636899757765],[-77.633764506152374,43.127631822627038],[-77.63421788854663,43.128593036791955],[-77.63449860728926,43.129685453778606],[-77.633914125780635,43.131112189986261],[-77.634915309744954,43.131096874644989],[-77.636042859376943,43.131100720996656],[-77.636649712972073,43.131089365081692],[-77.636648889264606,43.131178942915817],[-77.636648410804384,43.131410122239359],[-77.636648187394414,43.131517912901266],[-77.636647953758356,43.131629712861688],[-77.637152629920323,43.131625861544229],[-77.63715205763171,43.131173319275732],[-77.637153702981692,43.13108971190016],[-77.637269462339887,43.13108856812763],[-77.638045805934823,43.131080681050463],[-77.638049861483196,43.131165291528049],[-77.638051142436893,43.131504901736101],[-77.638198387137635,43.131503387925179],[-77.638386601910014,43.131501452553081],[-77.638499331543542,43.13149237896647],[-77.638610819953698,43.13148768608005],[-77.638775295899038,43.131486426325459],[-77.638941599689517,43.131485151715751],[-77.639107816196926,43.131483877944319],[-77.639107794904533,43.131502278272983],[-77.639296306038432,43.131501209819447],[-77.639443996286118,43.131500372313447],[-77.639592931669611,43.131499528683953],[-77.639691739645642,43.131494041514983],[-77.639785662730489,43.131494267003433],[-77.639931243162366,43.13149331605053],[-77.640234134208882,43.131491335644839],[-77.640233835565894,43.131607551350065],[-77.640233551877827,43.131718074461197],[-77.640233260388868,43.131831664406661],[-77.640232969887691,43.131944229957426],[-77.640232681251035,43.132056593881877],[-77.640232388994889,43.132170472771008],[-77.640232099588559,43.13228232628488],[-77.64023181426596,43.132393593815557],[-77.640231522215345,43.132506978503052],[-77.640231239176416,43.132617137031247],[-77.640230949770526,43.132729869108516],[-77.640230658550067,43.132842638976058],[-77.640230367741324,43.132955861633384],[-77.64023008046226,43.133067494606642],[-77.640083355662838,43.133067168152742],[-77.639927100744728,43.133066821441794],[-77.639782076950837,43.133066499625343],[-77.639705340482521,43.133065869471352],[-77.639708772406252,43.133462499149175],[-77.639719480103309,43.134198258982408],[-77.639721521655645,43.135025519434429],[-77.64075634833587,43.135034042124637],[-77.640756342637019,43.135098511769108],[-77.640867834089477,43.135098838799266],[-77.641301798259363,43.135097446410079],[-77.641301291398122,43.135221583681918],[-77.641300843595957,43.135331224106437],[-77.641300630820027,43.13538327771932],[-77.641300398960723,43.135439777142679],[-77.641299917420966,43.135557779918038],[-77.641299427588109,43.135677523562578],[-77.640866209488166,43.135678810461677],[-77.640756286961491,43.135677740206411],[-77.640756280057118,43.135755651257526],[-77.640755798529824,43.135814688014413],[-77.640865435749461,43.135815543478728],[-77.64129720575427,43.135814489508533],[-77.641296791166525,43.135971686476871],[-77.641296366354311,43.136107530289991],[-77.641351522241578,43.136107302975056],[-77.641351182731668,43.136226707579922],[-77.641350853806955,43.136342940050611],[-77.641350521805109,43.136459933142035],[-77.641350182999787,43.136579050589503],[-77.640865025622645,43.136581331218807],[-77.640749573988202,43.13657769491828],[-77.640748841565753,43.136667547110427],[-77.640748831309494,43.136745034138045],[-77.640862052695383,43.136745764304962],[-77.641348322027667,43.136743917727642],[-77.641348752211471,43.13687139242905],[-77.641349176748861,43.136996752568891],[-77.641349606075877,43.137123642143685],[-77.64131875476177,43.137123730202731],[-77.641319382247161,43.137237867720025],[-77.641320089468152,43.137366828180888],[-77.641320779703889,43.137492571271984],[-77.640863020398669,43.137492174394339],[-77.640749331711035,43.137491288247396],[-77.640748725757803,43.137575385745713],[-77.640749430206426,43.13765771709221],[-77.640863199274762,43.137658271736832],[-77.641368063382686,43.137658445219493],[-77.641367676271614,43.137777665765128],[-77.641367286583545,43.137897213950986],[-77.641366908072854,43.138013871763299],[-77.641366518660448,43.138133801620938],[-77.641366132321011,43.138252249812837],[-77.641368356534485,43.138368954251234],[-77.640864747501809,43.138367996246807],[-77.640755509596772,43.138367095457049],[-77.640756275654638,43.13845653868475],[-77.640754905639696,43.138538921341961],[-77.640861968949466,43.1385399302441],[-77.641367343496285,43.138539594843238],[-77.641366949982313,43.138723125639473],[-77.641366555884133,43.138907334257091],[-77.641524103169616,43.138907339489144],[-77.641604159497376,43.138907342229523],[-77.641682981697329,43.13890734465857],[-77.641838809341294,43.138907347906489],[-77.641995641228235,43.138907352903381],[-77.642073119917669,43.138907353911748],[-77.642151682736269,43.138907357484669],[-77.642310283483994,43.138907361298138],[-77.642467533332066,43.138907364584767],[-77.642543672171314,43.138907365958566],[-77.6426229946657,43.138907368252987],[-77.642777346022967,43.138907371586924],[-77.642777545864888,43.138850871929215],[-77.642778169983345,43.138675918992902],[-77.642778658947677,43.138538650779871],[-77.642780237518764,43.138450504186736],[-77.643358216122394,43.138448774633957],[-77.643941509503364,43.138450997960028],[-77.643945354875953,43.138541056068107],[-77.643945444403101,43.138676437770506],[-77.643945521556134,43.138792394485556],[-77.643945598954375,43.138910021025431],[-77.644108705348629,43.138909908109412],[-77.644167487075407,43.138909867635263],[-77.644271980155338,43.138909794542734],[-77.644388428701419,43.138909714148774],[-77.644438339094322,43.138909679046741],[-77.644601659383312,43.138909565382754],[-77.64461479001038,43.138909556092742],[-77.644763038739455,43.138909451766587],[-77.644836488847687,43.138909401652235],[-77.644925976742073,43.138909338104199],[-77.645057539906972,43.138909245970645],[-77.64508947651197,43.138909223415482],[-77.645280927722013,43.13890908921671],[-77.645397579775931,43.138908400945461],[-77.645395190050195,43.13874259696771],[-77.64717065477781,43.138724402339122],[-77.647170999517158,43.138798244743761],[-77.647175323784452,43.138995639066927],[-77.647362782528106,43.13899495651696],[-77.647364459085523,43.13906152379402],[-77.647489990942191,43.139061019453209],[-77.64748840367173,43.138972631758087],[-77.647486877936487,43.13888770483895],[-77.6474852272014,43.138795822141361],[-77.64748093826374,43.138721287646824],[-77.648390164695684,43.13871191394805],[-77.648396628639219,43.138789309837151],[-77.648398002031342,43.138873346128904],[-77.648399523112673,43.138966325067969],[-77.648401752444656,43.139102691042346],[-77.648526626552496,43.139101634682952],[-77.648528908112283,43.139181179312779],[-77.648713787616131,43.139179586803316],[-77.648861537301002,43.139178313663898],[-77.649016076855801,43.139176982358968],[-77.649164266664826,43.139175704321076],[-77.649316702756508,43.139174389642108],[-77.649466521459317,43.13917309930526],[-77.649613221231249,43.139171834628783],[-77.649766086341259,43.139170517451127],[-77.649895027704559,43.139169403667864],[-77.649924923825182,43.139169146173288],[-77.650064664064033,43.139167940262823],[-77.650214744626183,43.139166645680916],[-77.650364244928056,43.13916535517221],[-77.650362703668492,43.139052165357164],[-77.650360652853664,43.138944839628124],[-77.650357430365617,43.138776170891795],[-77.650358704507582,43.138691808740482],[-77.650987740714001,43.138685377284496],[-77.651593881102897,43.138682452937196],[-77.651592549960085,43.138767199915272],[-77.65159374866478,43.138893788743694],[-77.651594993891976,43.139025084965382],[-77.651596252362239,43.13915777566362],[-77.651630780797277,43.139157639163194],[-77.651781187470405,43.13915704551809],[-77.651793899597649,43.139156995989623],[-77.651950266454818,43.139155936649054],[-77.652052350221311,43.139155246321671],[-77.652112173968376,43.139154840274855],[-77.652200889829743,43.139154239049979],[-77.652270320924103,43.139153767979877],[-77.652351749195688,43.139153217154821],[-77.652426189880146,43.139152712038516],[-77.652499321305015,43.139152216025856],[-77.652585100234674,43.139151635617694],[-77.652649438146099,43.139151198499242],[-77.652748653860897,43.139150525628565],[-77.652799787334374,43.139150179064586],[-77.65290541900805,43.139149462820747],[-77.652951596983058,43.139149149704245],[-77.653063256147689,43.139148392311085],[-77.653099363306467,43.139148147580116],[-77.653223097119067,43.1391473081678],[-77.653249942380583,43.139147125822163],[-77.653380226174761,43.139146240466232],[-77.653399357265087,43.139146111506982],[-77.653534742828541,43.139145192726751],[-77.653550413310484,43.139145086929027],[-77.65369076913268,43.139144133640407],[-77.653697537917068,43.13914408781897],[-77.653851584967384,43.139143042137142],[-77.653998037119791,43.139142047079595],[-77.654003795390693,43.139142007434813],[-77.654147406520892,43.139141031417836],[-77.654170995211814,43.139140872818224],[-77.654297551599697,43.139140012857808],[-77.654326385943676,43.139139816705097],[-77.654447846677925,43.139138991717779],[-77.654485876520667,43.139138734253336],[-77.654598095049934,43.139137970001151],[-77.654677028994399,43.139137432380245],[-77.654751395582025,43.139136947653704],[-77.654830510525827,43.139136389791695],[-77.654898846233806,43.139135926240186],[-77.654987514719565,43.139135365678065],[-77.655049208567632,43.139135008375952],[-77.655147779828454,43.139134436216715],[-77.655196060476257,43.139134156355482],[-77.655305614547842,43.139133521024164],[-77.655349132784707,43.139133268182256],[-77.655460863987713,43.139132620654735],[-77.6554970123983,43.139132410608305],[-77.655618087008662,43.139131918812886],[-77.655671409677609,43.139131573413209],[-77.655754696298459,43.139131034332983],[-77.65581064483203,43.139130672349552],[-77.655934638600797,43.139129870819104],[-77.65595027567781,43.139129778824625],[-77.656092516346504,43.139128953989378],[-77.656099239559069,43.13912891395772],[-77.656249226243418,43.139128042781714],[-77.656256376011285,43.139128001696307],[-77.656405337432659,43.139127136410856],[-77.656408715624551,43.139127116970315],[-77.656560578276085,43.139126233579027],[-77.65656386796131,43.139126214317173],[-77.656715447844235,43.139125333830833],[-77.656719634954612,43.139125308330001],[-77.656869767908319,43.139124436624783],[-77.656873330501483,43.139124415963217],[-77.657023833499579,43.139123540750973],[-77.657032224899993,43.139123491665991],[-77.657175495754686,43.139122658521572],[-77.6571948208028,43.139122545800589],[-77.657333281298961,43.139121740133135],[-77.657355946423948,43.139121608508724],[-77.657486638793472,43.139120847806986],[-77.657514288831081,43.139120688076254],[-77.657606892323017,43.139121573301232],[-77.657639776613323,43.139121887074793],[-77.657639296718571,43.139015022460129],[-77.657638657928374,43.138873144231376],[-77.657638036600304,43.138734426656768],[-77.657638621364072,43.138661852934597],[-77.658388519158549,43.138659310256905],[-77.658413513342879,43.138554563543799],[-77.658823062134132,43.138417284181038],[-77.658875339287945,43.138495918347587],[-77.658942331033643,43.138606155916143],[-77.659009812421189,43.138717197655502],[-77.659152210426342,43.13866815688209],[-77.659186835096136,43.138723964789463],[-77.659327827670467,43.138675761310893],[-77.659470296519046,43.13862705377786],[-77.659613361937062,43.138578141142233],[-77.659756697729449,43.138529135090941],[-77.659899784927063,43.138480215070146],[-77.660038049493323,43.138432943781446],[-77.660181078183427,43.13838404273919],[-77.660331050496737,43.138332767059275],[-77.660414141907324,43.13829961234724],[-77.660646883239593,43.13862436991672]]],[[[-77.653263874254563,43.117330889536916],[-77.653325927469723,43.117380405061098],[-77.652955935301634,43.11772565106628],[-77.652789987513216,43.117994247144502],[-77.653951336692586,43.11946056584388],[-77.654854910992228,43.119092715428337],[-77.653391994240792,43.117234281315682],[-77.653263874254563,43.117330889536916]]]]},"properties":{"OBJECTID":187,"Beat":"243","Section":"Genesee","Section_Num":3,"Supervisor_Name":"Capt. Michael Jones","Note":"In case of emergency call 911.","Color_Code":4,"Shape.STArea()":68342896.571157783,"Shape.STLength()":59092.07570028591,"ID":243,"Office_Address":"1099 Jay St, Rochester, NY 14611","Office_Phone":"(585) 428-9803","Email_Contact":"","Office_Hours":"8:00am - 4:00pm"}},{"type":"Feature","id":188,"geometry":{"type":"Polygon","coordinates":[[[-77.61512488615152,43.128062205811837],[-77.615071675272475,43.128164903132593],[-77.615019450492198,43.128265691396344],[-77.61488043388583,43.128227087257159],[-77.614724307608569,43.12852849675636],[-77.615282412399168,43.128683396590795],[-77.615403240524742,43.128712128066489],[-77.615364657059715,43.128786625208186],[-77.615321728831489,43.128860973054827],[-77.615205745098876,43.128832483223938],[-77.615040123673225,43.128786881233239],[-77.614459894080269,43.128805989588265],[-77.614252307836267,43.12881399665882],[-77.61408515303863,43.128821806662707],[-77.61392365705494,43.128829352907125],[-77.61375787477202,43.128837098446773],[-77.61372627687328,43.128838574316937],[-77.613230103110126,43.128861755390488],[-77.612992996622296,43.128871408346484],[-77.613021193821353,43.129187132251083],[-77.613395124606512,43.129170561050358],[-77.613581370432613,43.12916230805029],[-77.613770114109201,43.129153943588086],[-77.61395673744515,43.129145671571557],[-77.614142365739752,43.129137444832232],[-77.614332661402358,43.129129009772008],[-77.614518006728986,43.129120795329435],[-77.614704647075058,43.129112523136641],[-77.615067996452296,43.129097113530264],[-77.615190169373108,43.12909330443599],[-77.614953730020062,43.129516421649122],[-77.614682919463647,43.129940496797452],[-77.614555555032538,43.129942955234078],[-77.614477536485339,43.129946496627205],[-77.614290867031301,43.129954970738254],[-77.614104061012753,43.129963450589152],[-77.613916451784036,43.129971968338268],[-77.613920914482691,43.13005584855334],[-77.614021917911501,43.130066907786698],[-77.61417148766823,43.130083284287402],[-77.614443891630856,43.130113110674415],[-77.614565292741858,43.13012469232703],[-77.614304121118892,43.130533663072576],[-77.614262572469642,43.130596603447884],[-77.614141770124021,43.130577247224657],[-77.613713369751522,43.130530777217871],[-77.613509964996041,43.130834037390514],[-77.613427417598302,43.13095710645063],[-77.613319515593531,43.130918892009234],[-77.613169342283456,43.130865707382789],[-77.613169956536154,43.130889206283932],[-77.613177945873517,43.131021824037973],[-77.613182100128782,43.131090789335786],[-77.613187453069841,43.131179637980509],[-77.613194845356034,43.131302367633111],[-77.613196712693139,43.131334688979358],[-77.613550731742237,43.13146282276459],[-77.613661099121188,43.131507727283093],[-77.61353365097321,43.131700784404885],[-77.613455977073343,43.131830455256221],[-77.613403536017699,43.131948678184585],[-77.613361003600033,43.132076932031936],[-77.613322539843324,43.132214480463063],[-77.613278276307241,43.132393135739726],[-77.613258563455034,43.132558966408432],[-77.613249430668816,43.132722143039352],[-77.61325600352113,43.13285458490504],[-77.613271312565274,43.132982299300949],[-77.613296481048465,43.133093634871955],[-77.613642117854283,43.13457441983337],[-77.613838943231329,43.135307298465385],[-77.613863112125145,43.135382361838388],[-77.613736182671744,43.135384656500008],[-77.613525894153909,43.135391287252475],[-77.613536242198933,43.135540547510992],[-77.613544028800703,43.135652859965028],[-77.612345306638062,43.135692620398693],[-77.612046724807115,43.135702496757425],[-77.610897728160012,43.135740496520206],[-77.610564139767604,43.135751527053898],[-77.610650536335228,43.13631329213824],[-77.610663777423881,43.13631279258756],[-77.610692463150798,43.136862398882805],[-77.611827121684755,43.136833563872749],[-77.61271164202175,43.136798384814952],[-77.612822605990544,43.138350734418211],[-77.613014248610654,43.138344601269395],[-77.613201718407808,43.138338600749861],[-77.613388629834432,43.138332617693777],[-77.613573252509326,43.138326708550977],[-77.613588401062145,43.138642954937914],[-77.614329721953254,43.138620669722897],[-77.61449245175217,43.138618121265431],[-77.614464555228992,43.138694619536061],[-77.614422823814593,43.138782017877006],[-77.614288995075839,43.138786107274633],[-77.613768564646506,43.138801443513422],[-77.613743035724141,43.138853834284255],[-77.613679709306112,43.138983794138611],[-77.613617927430511,43.139110584928034],[-77.613612686924853,43.139121339907462],[-77.613559644146875,43.139123019235853],[-77.613563424303081,43.139239036987043],[-77.613702853567489,43.139234689844372],[-77.613709400142824,43.13943554549158],[-77.61398587857903,43.139426925034996],[-77.614116757113223,43.13942300724036],[-77.614075384473821,43.139509651434892],[-77.61402840582393,43.139610806643425],[-77.613898921173316,43.139607078361301],[-77.613450632103422,43.139620235644898],[-77.613464730857714,43.139897807879763],[-77.6132718796229,43.139903887419884],[-77.613122310895022,43.139907638554256],[-77.613127790684374,43.140048506532438],[-77.613134251353372,43.140186347436163],[-77.613142396829986,43.140361145785377],[-77.613150161205212,43.140527786216552],[-77.613462740439175,43.140518688199101],[-77.613607020009169,43.140518122518678],[-77.613579408113651,43.140577574554051],[-77.613548654152083,43.140637418530396],[-77.613206413760011,43.140635709835628],[-77.612637393914454,43.140653742595703],[-77.612656311552513,43.140935119390747],[-77.612580288802974,43.140937569184103],[-77.612590489154712,43.141073842216493],[-77.612738900333738,43.141068770407749],[-77.613163480208314,43.141100478518048],[-77.613299033363589,43.141111033799646],[-77.613349163507849,43.141025601078908],[-77.613873024075431,43.141356220262175],[-77.614670583155274,43.141814641620783],[-77.615147216317681,43.142112230965644],[-77.615771901342242,43.141261231875006],[-77.616746221214711,43.14011195365407],[-77.618041901331324,43.138379475499598],[-77.619047252827187,43.136491629057119],[-77.620168546654554,43.134671913084524],[-77.621637537300586,43.133342212550573],[-77.624977813835727,43.132729557993059],[-77.62876586797293,43.132531163161282],[-77.631245985612892,43.132394634834661],[-77.632992485907664,43.131751799387573],[-77.633914125780635,43.131112189986261],[-77.63449860728926,43.129685453778606],[-77.63421788854663,43.128593036791955],[-77.633764506152374,43.127631822627038],[-77.632658682672883,43.125636899757765],[-77.632732479211029,43.123721989689159],[-77.634596093471572,43.122547573487338],[-77.636013555805647,43.122005040985314],[-77.640612548826951,43.121859556277521],[-77.642864206569499,43.121585209768185],[-77.643609073179405,43.122297107136127],[-77.644099202663469,43.122163170329316],[-77.645258045820583,43.12182914413556],[-77.648766930017743,43.11987961548563],[-77.651778276968813,43.118091926044244],[-77.654266512825416,43.116211424395615],[-77.655951264850529,43.115496032454182],[-77.658121972969042,43.114653441302465],[-77.66330338470101,43.112618106894899],[-77.6597992895435,43.112639224423368],[-77.660082105015618,43.112197833468755],[-77.660407903412718,43.111689349724202],[-77.661365167077463,43.111265556919115],[-77.662166448861797,43.111039819129765],[-77.661721650351168,43.110235388644384],[-77.660159081381096,43.108093023546417],[-77.661732182276467,43.105055614976266],[-77.662748383633229,43.103315959946151],[-77.658633910158287,43.103504452555541],[-77.653255366208199,43.10356130360509],[-77.652634327662867,43.104637992059537],[-77.652204619587593,43.104640032150222],[-77.652202251758212,43.103653631709854],[-77.651052459582999,43.1036619614393],[-77.651063635898225,43.104536080298786],[-77.650732640585147,43.10452340088127],[-77.650672497999594,43.103661750961493],[-77.649119327239447,43.103669627961729],[-77.647302974544715,43.107065992451879],[-77.645723555300847,43.107072949578573],[-77.644864446966068,43.108703048666435],[-77.647983617339307,43.108555934796257],[-77.645842738606888,43.112571925379775],[-77.645284337248285,43.113614978323],[-77.637700301922635,43.113907107595857],[-77.635530557003435,43.116772875703617],[-77.63478302731184,43.11780799480011],[-77.634268266012697,43.11753062464922],[-77.633729765350026,43.11718708197737],[-77.632716789059472,43.116663231810193],[-77.632655592563935,43.11674792165163],[-77.631920376322114,43.11639065810499],[-77.629431927684024,43.11513127174981],[-77.628516093709749,43.114687561071797],[-77.627014124155181,43.114051365438044],[-77.625719819991758,43.113595435141917],[-77.623406858042429,43.112880117379802],[-77.620006238778856,43.111847719697224],[-77.616024710277173,43.110610289719475],[-77.612509559205904,43.109501361175965],[-77.611264891439845,43.111913680474643],[-77.612080595982931,43.111897069656081],[-77.611260010201121,43.114400893839466],[-77.609841871011426,43.114447530298179],[-77.608956941416366,43.116139618965811],[-77.607507124382309,43.118823251105212],[-77.606491538446406,43.120713521265756],[-77.605345490447746,43.122860053389914],[-77.604066450522424,43.12523452453447],[-77.604680551121803,43.125218877682165],[-77.604656435751679,43.125279149779438],[-77.60462049781556,43.125349679074041],[-77.604419731475147,43.125753042823767],[-77.604494068147801,43.1257729362856],[-77.605002085335499,43.125759337188967],[-77.605052068667305,43.125637068696278],[-77.605079512240181,43.1255386718884],[-77.605099231514188,43.125409136732991],[-77.605102357581245,43.12533458472334],[-77.605101815506984,43.125207960335949],[-77.605207073411975,43.12520508308058],[-77.605288013086039,43.125202048264299],[-77.605536155352951,43.125192742315981],[-77.605546843573094,43.125320657847716],[-77.605587012047195,43.125712976741006],[-77.605797391803947,43.125731383521938],[-77.605805594696974,43.125731097135031],[-77.606028392300558,43.125723310924172],[-77.606253833588596,43.125715430732903],[-77.606385089726672,43.125710842631044],[-77.606424275511202,43.125605697216564],[-77.606452037305814,43.125502764102443],[-77.606469929490828,43.125398663802308],[-77.606477928541921,43.125291479643693],[-77.606482106736877,43.125157268361498],[-77.606584979972169,43.125153410790134],[-77.606657046828175,43.125150823161675],[-77.606912771673038,43.125141644665632],[-77.606927752025982,43.125275106683567],[-77.606965643741731,43.125664239755736],[-77.607178576545095,43.125682166185328],[-77.607188675983537,43.125681861673179],[-77.607411195594594,43.125675151509],[-77.607637787384306,43.125668319007289],[-77.607768128349065,43.125664389445028],[-77.607793547576193,43.125607264024779],[-77.60782160656666,43.125528250804294],[-77.607845990220767,43.125427782935063],[-77.607858326683768,43.125326141138309],[-77.607859283550923,43.125239784540121],[-77.607855152313519,43.125107816713324],[-77.60795931759732,43.125104076042419],[-77.608046086306516,43.125100858520341],[-77.608268710635443,43.125092601073668],[-77.608277914087424,43.125226071299174],[-77.608309611739813,43.125644921797004],[-77.608495828299155,43.125637569785702],[-77.608574885771148,43.125634449094584],[-77.608803741732245,43.125209308843665],[-77.609825253439439,43.125168145058637],[-77.609645900648417,43.125583907528018],[-77.613023520197714,43.126783159759533],[-77.613441925143903,43.126160511127665],[-77.614063198396281,43.125016157432526],[-77.614133643791632,43.12487493941773],[-77.614284363843709,43.124869341393449],[-77.614529253415483,43.124853696147589],[-77.615360498553812,43.124800587178576],[-77.615293714577689,43.12489302123813],[-77.615221460683813,43.125045129410786],[-77.615249293161455,43.125050538224045],[-77.615188850970554,43.12517478591699],[-77.615281400811014,43.125200607421554],[-77.615370135279917,43.125029529687225],[-77.615514692861652,43.125058907391626],[-77.615524618505177,43.125039684355706],[-77.615664232796732,43.125077831889051],[-77.615766710335478,43.124878300257166],[-77.615843701630681,43.124724931937408],[-77.61590636342406,43.124722603719775],[-77.615830669148437,43.124878679979695],[-77.615732179556645,43.125065513292583],[-77.615869077761573,43.125105006775414],[-77.616009024823512,43.125145378338374],[-77.616049253157598,43.12506822851126],[-77.616188075927411,43.12510726438996],[-77.616328594700775,43.125146775324794],[-77.616468370979746,43.125186077272751],[-77.616609307318157,43.125225706613939],[-77.616447562187474,43.125532844898181],[-77.616865717203794,43.125652226065931],[-77.616978467396819,43.125679459071222],[-77.616936484039044,43.125757754722407],[-77.616900508210989,43.125827274867177],[-77.616788286269411,43.125799102862601],[-77.616370605284146,43.125681952457441],[-77.616211441260333,43.125986030889614],[-77.616157473063467,43.126089135535928],[-77.616103725172962,43.126191818033867],[-77.616051133953775,43.126292291347561],[-77.616469196124342,43.126410588456814],[-77.616581268623307,43.126444174973038],[-77.616539765492533,43.126524373897652],[-77.616501452849917,43.126597303834181],[-77.616392976226393,43.126561289247022],[-77.616115285772196,43.126482839375562],[-77.616061961539785,43.126584346196459],[-77.616009976357546,43.126683301508542],[-77.615869493049189,43.126644060541537],[-77.615841189231801,43.126698137869234],[-77.615815684450851,43.126746867504494],[-77.615762097478637,43.126849246930078],[-77.615708356899987,43.126951925688481],[-77.615655793392122,43.127052350430645],[-77.616074355882134,43.127169202119738],[-77.616185272316869,43.127199170439795],[-77.616142980478585,43.127279674003084],[-77.616105241592336,43.127352944412358],[-77.615992585400647,43.127322852384836],[-77.615295234238417,43.127125631779428],[-77.615135810900142,43.127430217735437],[-77.615276063203197,43.127469539561389],[-77.615415225519286,43.127508553135783],[-77.615361254091624,43.127611378294368],[-77.615254551142129,43.127814665254732],[-77.615675084544222,43.127930886043828],[-77.615792009740176,43.127961072093889],[-77.615753911233639,43.128035037873566],[-77.615714215691185,43.128111684361379],[-77.615595652935454,43.128078554307272],[-77.615176361456136,43.127962862238583],[-77.61512488615152,43.128062205811837]]]},"properties":{"OBJECTID":188,"Beat":"285","Section":"Goodman","Section_Num":5,"Supervisor_Name":"Capt. Jason Elwood","Note":"In case of emergency call 911.","Color_Code":1,"Shape.STArea()":78226173.32025826,"Shape.STLength()":70937.101638655775,"ID":285,"Office_Address":"630 N Clinton Ave, Rochester, NY 14605","Office_Phone":"(585) 428-9805","Email_Contact":"","Office_Hours":"8:00am - 4:00pm"}}]}