{"type":"FeatureCollection","features":[{"type":"Feature","id":1,"geometry":{"type":"Polygon","coordinates":[[[-110.92688316300951,32.282210079355323],[-110.92694237795249,32.282210859138544],[-110.92721071121855,32.282214391459711],[-110.92750794774412,32.282218352540127],[-110.92914962745476,32.282239877666925],[-110.92899598252902,32.282720304213122],[-110.9290086517032,32.283118710374907],[-110.92900759515001,32.283183767868906],[-110.92900743545957,32.283193603588437],[-110.92923187945489,32.283196819003862],[-110.92910753298092,32.283735455833821],[-110.92891397667445,32.283886409431851],[-110.92922724080849,32.28397948183602],[-110.92954030192432,32.284072637553997],[-110.92985356737572,32.284165708426578],[-110.93016683255827,32.284258864198002],[-110.93018638412023,32.284264943660588],[-110.93050807346725,32.284364606954341],[-110.93055323009696,32.284377930394037],[-110.93086952859329,32.284471193797394],[-110.93118603050614,32.284564458002102],[-110.93150233139731,32.284657719851104],[-110.93152958348468,32.284325594761192],[-110.93155683640205,32.283993469652543],[-110.93158408802645,32.283661344508602],[-110.93197427249311,32.283504789668577],[-110.93236445550816,32.283348147919277],[-110.93236666825207,32.283180750857127],[-110.93269996883035,32.283178881916449],[-110.9330330686581,32.283176924859447],[-110.9333342762249,32.283175156843086],[-110.93336637655966,32.28317496764182],[-110.93337420564291,32.284060548316376],[-110.93333396368439,32.284060234928468],[-110.93313375364913,32.285127929526411],[-110.93292155763162,32.285357169305676],[-110.9331643973678,32.285436626874834],[-110.93347403329,32.285529488324151],[-110.93416042138867,32.285736604593161],[-110.93484479800512,32.285943100911346],[-110.9350669856304,32.286043782547857],[-110.93533419046373,32.286170926573668],[-110.9354249762611,32.28621028563763],[-110.93560474076642,32.286287959660484],[-110.9358043013997,32.286386574900902],[-110.9358557581038,32.286416007587611],[-110.93593494695899,32.286461890998176],[-110.93600891783113,32.286504040007671],[-110.93611946427458,32.286567775644571],[-110.93616813537835,32.286254713281878],[-110.93617871189504,32.286173965037896],[-110.93620868170875,32.285982474178098],[-110.93625346075146,32.285692745690625],[-110.93629822469785,32.285404391416549],[-110.93635253571105,32.2850557249403],[-110.93678187839065,32.285150452747587],[-110.93711437749558,32.285223812388104],[-110.93721569591732,32.284923011360775],[-110.93730991581617,32.284642942865275],[-110.93740915070853,32.284347708605161],[-110.93750147226477,32.284074754940328],[-110.93759235149096,32.28380428081428],[-110.9377702479009,32.283810813957778],[-110.93777040105444,32.283740035430476],[-110.9377698165983,32.283493246090629],[-110.9377692622886,32.283205999825768],[-110.93776897159869,32.28291308679313],[-110.93776831084986,32.282598094486161],[-110.93776788598805,32.282223491417525],[-110.9395768322413,32.282205806075602],[-110.93957975256383,32.283102772494537],[-110.93958240742317,32.284043287109931],[-110.93958720855659,32.284915701534565],[-110.93959309873536,32.285856327499111],[-110.93959792623424,32.286688541765621],[-110.93960961057284,32.28693790683559],[-110.94068420877764,32.287024127380398],[-110.94128374640302,32.287072225016203],[-110.94158678680706,32.286875626587829],[-110.94158627391147,32.286847963112265],[-110.94158560390362,32.286683807179912],[-110.94158427761859,32.28642979761262],[-110.941580834532,32.285844464389911],[-110.9415798174461,32.285618201468267],[-110.94157849754144,32.285401385401727],[-110.94157616104272,32.284901614781518],[-110.94157078382619,32.283892274291716],[-110.94170018978802,32.283894562252407],[-110.94170077770474,32.283926826471181],[-110.94170412075577,32.283924141432415],[-110.94170536164229,32.283921573630316],[-110.94170700695592,32.283919009852752],[-110.94170865043624,32.28391661740563],[-110.94171069743665,32.2839143137465],[-110.94171294428173,32.283912183876843],[-110.94171519127161,32.283910139680529],[-110.94171886152822,32.283907333619361],[-110.94172293255494,32.28390487334174],[-110.94172720158336,32.283902759085628],[-110.9417304499389,32.283901582049282],[-110.94173511803946,32.283900071482137],[-110.94173840408122,32.283895372252275],[-110.94174024832165,32.283893067928908],[-110.9417441387893,32.283888631284469],[-110.94174618395502,32.283886498955198],[-110.9417506768704,32.283882410553112],[-110.94175536871357,32.283878581605492],[-110.9417604623786,32.283875099351199],[-110.94176310814913,32.283873487496301],[-110.94176575498109,32.283871875649545],[-110.94177124558523,32.283868997969279],[-110.94177429317767,32.283867732807579],[-110.94177998193796,32.283865285920186],[-110.94178565599461,32.283864213283053],[-110.94179113006135,32.283862881182898],[-110.94179600260576,32.283861114273193],[-110.94180107972247,32.283859178499945],[-110.94180595777532,32.28385689669679],[-110.94181063675461,32.283854269765392],[-110.94181511587917,32.283851469946264],[-110.94181939607512,32.283848410672405],[-110.94182367796846,32.283845093492808],[-110.94182715479948,32.283841513080688],[-110.94183043072388,32.283837758870966],[-110.94183370849066,32.283833832428975],[-110.94183638090469,32.283829729968744],[-110.94183865177655,32.283825453063777],[-110.94184112526177,32.283821091148909],[-110.94184438464946,32.283818882519846],[-110.94184784295565,32.283816934246929],[-110.94185170493631,32.283815159533184],[-110.94185576583553,32.283813645175563],[-110.94185962123622,32.283812386248229],[-110.94186388029213,32.283811302683489],[-110.94186793292349,32.283810561115956],[-110.94187218540927,32.283809992435842],[-110.9418764361975,32.283809681661182],[-110.94188068316518,32.2838096287756],[-110.94188492844502,32.283809832893773],[-110.94188896821694,32.283810293344004],[-110.94189320691736,32.283811013248553],[-110.94189744483684,32.283811905393371],[-110.94190167802915,32.283813140190738],[-110.94190550600418,32.283814544106178],[-110.94190933015888,32.28381620591076],[-110.94191294986734,32.283818124055671],[-110.94191636605566,32.283820211973953],[-110.94191957766233,32.283822469657458],[-110.94192278651026,32.283824985238297],[-110.9419257916833,32.283827585820873],[-110.94192859241981,32.283830441842113],[-110.94193160233002,32.283832698870107],[-110.941934409501,32.283834953431146],[-110.94193721758852,32.283837122326872],[-110.9419404319455,32.283839123014168],[-110.94194364630262,32.2838411237014],[-110.94194686250232,32.283842952156306],[-110.94195048405508,32.283844698067988],[-110.94195410652436,32.283846358314314],[-110.94195752717079,32.283847930428458],[-110.94196074703655,32.283849416222125],[-110.94196457594006,32.283850733568855],[-110.94196820208501,32.283852050252129],[-110.94197203175997,32.28385319625999],[-110.94197586432929,32.283854170945453],[-110.94197949414965,32.283855144065775],[-110.94198332749998,32.28385594651062],[-110.94202045481826,32.2838637921014],[-110.94205696407825,32.283872749356185],[-110.94210172885381,32.283885034884818],[-110.94214607542332,32.283898605861829],[-110.94215409618693,32.283905023748481],[-110.94216232047172,32.283911271860752],[-110.94217095301427,32.283917265204565],[-110.9421799916819,32.283923004665269],[-110.94218903417034,32.283928486236036],[-110.94219828203153,32.283933624898317],[-110.94220773340417,32.283938594687712],[-110.94221759396027,32.283943223141385],[-110.94222725452612,32.283947592132158],[-110.94223772671542,32.283951710368775],[-110.94224759539341,32.283955480356113],[-110.94225787232881,32.283958995574515],[-110.94226855631464,32.283962170342214],[-110.94227215675049,32.283965891955688],[-110.94227555734066,32.283969439780456],[-110.94227956497214,32.283972906617301],[-110.94228296633349,32.283976283103186],[-110.94228717855671,32.283979579272184],[-110.94229139155087,32.28398270410235],[-110.9422956065229,32.283985743275352],[-110.94230002502486,32.283988611772358],[-110.94230444444315,32.283991394603973],[-110.94230906738169,32.28399400766132],[-110.94231389399559,32.283996535716085],[-110.94231872244187,32.283998892440174],[-110.94232355273013,32.284001076931879],[-110.94232858668407,32.284003177322667],[-110.94233341973056,32.284005103916549],[-110.94233906348394,32.284006865421368],[-110.94234410096684,32.284008536575449],[-110.94234934304102,32.284010037061577],[-110.94235438525952,32.284011364660763],[-110.94237282956854,32.284026453642134],[-110.9423910757334,32.284041110926829],[-110.94240993459663,32.284055258000741],[-110.94242960693995,32.284068981183317],[-110.94244948845997,32.284082105368789],[-110.94246936984979,32.284095142976064],[-110.94249185674099,32.284110434474911],[-110.94251413552122,32.284126325874027],[-110.94253559794161,32.284142812480901],[-110.94255604338507,32.284159891846485],[-110.94257628071792,32.284177571113062],[-110.94258332938666,32.284180288546203],[-110.94259017362015,32.284183261418782],[-110.94259681524034,32.284186319302073],[-110.94260325043834,32.284189719183637],[-110.94260968472105,32.284193204730109],[-110.94261611625694,32.284196947272008],[-110.94262254686792,32.284200776380558],[-110.94262877197266,32.284204861822232],[-110.94263459186971,32.284209115482398],[-110.94264000442637,32.284213538246483],[-110.94264541621357,32.284218132349004],[-110.94265082601441,32.284222813010118],[-110.94265562694186,32.284227745991082],[-110.9426608313828,32.284232768658676],[-110.94266522604146,32.284237869849974],[-110.9426698206841,32.284243231404353],[-110.94267703998339,32.284248955893787],[-110.94268027089292,32.284249410981374],[-110.9426865281403,32.284250490021101],[-110.94269237742276,32.284251995177002],[-110.94269802119868,32.284253756666168],[-110.94270386207515,32.284255948938736],[-110.94270929681826,32.284258395997107],[-110.94271492957775,32.284261188173637],[-110.94271974978822,32.284264317673454],[-110.94272456724238,32.284267705070555],[-110.942728976586,32.284271432910607],[-110.94273318134863,32.284275330517119],[-110.94273697997791,32.284279482909625],[-110.94274057310088,32.284283891635596],[-110.94274375995424,32.28428846857247],[-110.94274654052835,32.284293214621911],[-110.94275252815923,32.284300647562148],[-110.94275892297671,32.28430782662587],[-110.94276572407485,32.284314836576492],[-110.94277272869391,32.284321676751937],[-110.94277973713207,32.284328259037693],[-110.94278755614386,32.284334589656211],[-110.94279557973816,32.284340750507575],[-110.94280320165112,32.284346650341611],[-110.94281163428371,32.284352384181595],[-110.94282027332996,32.284357776923819],[-110.94282891315652,32.284362997425028],[-110.94283796215652,32.284367877490382],[-110.94284701193673,32.284372585314671],[-110.9428562681304,32.284376952041029],[-110.94286572983155,32.284381062432935],[-110.94287539597858,32.284384916482111],[-110.94289230256577,32.284392519296937],[-110.942909204559,32.284400552239269],[-110.94292549385351,32.284409096291839],[-110.94294157595975,32.284418153680171],[-110.9429574517934,32.284427638739153],[-110.94297517277647,32.284434732887611],[-110.94299288825049,32.284442342828598],[-110.94300978934666,32.284450461422992],[-110.94302688662314,32.284459097365385],[-110.94304337318796,32.284468157859699],[-110.94305944888973,32.284477816693617],[-110.94307511648434,32.284487815969747],[-110.94309057597636,32.284498414247381],[-110.94309537694218,32.28450334721218],[-110.94310058417881,32.284508111964712],[-110.94310599494534,32.28451270603987],[-110.94311140768927,32.284517214457779],[-110.94311722655786,32.284521468989837],[-110.94312304741347,32.284525636962883],[-110.94312907271426,32.284529548593227],[-110.94313509893087,32.284533374558031],[-110.94314153234328,32.284536945743319],[-110.94314796758677,32.28454034559784],[-110.94315440467096,32.284543573219757],[-110.94316124894125,32.284546546963817],[-110.94316809413689,32.284549434140551],[-110.94317514469283,32.28455197930915],[-110.94318219722594,32.284554438820308],[-110.9431892514533,32.284556640425393],[-110.94319550427919,32.284558235243566],[-110.94320155252412,32.284559999828787],[-110.94320759893881,32.284561935744222],[-110.94321384611808,32.284563959781295],[-110.94321968716399,32.284566238605727],[-110.94322532362902,32.284568687197293],[-110.94323095826392,32.28457130711913],[-110.94323659197434,32.28457401360771],[-110.94324222385468,32.284576891426532],[-110.94324724670464,32.284579936796355],[-110.94325267322606,32.284583156622595],[-110.9432574907171,32.284586543999929],[-110.94326271173333,32.284590020160188],[-110.94326752647957,32.284593664532885],[-110.94327193586135,32.284597392354513],[-110.9432767478532,32.284601294624366],[-110.9432813552547,32.28460536756328],[-110.94330327389758,32.284617132956051],[-110.94332498245507,32.284629583907645],[-110.94334628016288,32.284642632296503],[-110.94336676257134,32.284656275906961],[-110.94338703488557,32.284670605978626],[-110.94340669558599,32.284685445366598],[-110.94341154060707,32.284686256468341],[-110.94341658747382,32.284687153896222],[-110.94342142974998,32.284688221993356],[-110.94342627111121,32.284689375755576],[-110.94343110971786,32.284690787415101],[-110.94343594832465,32.284692199074449],[-110.94344078417691,32.28469386863113],[-110.94344541636333,32.284695622290123],[-110.94344984502079,32.284697546626639],[-110.94345447552408,32.284699557289265],[-110.94345849698675,32.284701736405722],[-110.94346312367429,32.284704004957369],[-110.94346734514342,32.284706442632015],[-110.94347136294675,32.284708964409077],[-110.94347537982567,32.284711572753025],[-110.94347939487486,32.284714352427379],[-110.94348340809434,32.284717303432089],[-110.94348681411275,32.284720250658552],[-110.94349042105252,32.284723370778124],[-110.943493825388,32.284726575008357],[-110.94349702604804,32.28472986424282],[-110.94350022580298,32.284733238240719],[-110.94350322095784,32.284736783809905],[-110.94350601443297,32.28474032692278],[-110.94351866035586,32.284749272082578],[-110.94353151072532,32.284757960898069],[-110.94354497273653,32.284766138588679],[-110.94355803411558,32.28477405617334],[-110.94357190882586,32.284781464187297],[-110.94358639439973,32.284788533316402],[-110.94359061954529,32.284790627424293],[-110.94360068287017,32.284795171661543],[-110.94361537930612,32.284801383885679],[-110.94363048583051,32.284807170004989],[-110.94362963554231,32.284886790001927],[-110.94363001092501,32.284985641603619],[-110.94363220309461,32.284983957676388],[-110.94380980956893,32.284834969530735],[-110.94381316535457,32.28400076526021],[-110.9438083146992,32.28313435068911],[-110.94379083283884,32.279505849173738],[-110.94379819337237,32.278399584959026],[-110.94379841223133,32.27800020176258],[-110.94379658023423,32.275879672724507],[-110.94378775935205,32.274110108140789],[-110.94378881104394,32.272253374790601],[-110.94378883518557,32.272209837125438],[-110.94378741324084,32.270400689229362],[-110.94378166343688,32.269129916003962],[-110.94378089184151,32.268577067982854],[-110.94378184225009,32.266763767352423],[-110.94378642206291,32.264897696418295],[-110.94378654510462,32.264846969282061],[-110.94378686550493,32.264798734482966],[-110.94379901582894,32.262974639541646],[-110.94382077336365,32.261200452486406],[-110.94383687281838,32.259387909451874],[-110.94383313319817,32.257559718990585],[-110.9438602306145,32.255738452468272],[-110.94391090496737,32.254735142787297],[-110.94392411099237,32.253994824805325],[-110.943935498762,32.253021510703597],[-110.94394101977377,32.251991938235577],[-110.94398117147206,32.250972183396001],[-110.94401762279111,32.250630201350781],[-110.94404625346669,32.25029511389134],[-110.94404952952779,32.250236271999476],[-110.94393023270025,32.250246312428466],[-110.94361872869226,32.250268069728044],[-110.94252480025592,32.25028419158302],[-110.94107720722711,32.2502860364567],[-110.93964619451593,32.250287606081514],[-110.9376744752342,32.250320656525687],[-110.93540429930724,32.250331304684956],[-110.93324172088215,32.250347047693225],[-110.93113336044009,32.250359266340865],[-110.92953412299948,32.250373020091189],[-110.92896987440615,32.250374624290828],[-110.92692123852981,32.250379822978161],[-110.92686674396806,32.250379958779348],[-110.92681224848491,32.250380766403168],[-110.92418718036802,32.250419604887639],[-110.9225730718574,32.250443849180108],[-110.92209726010915,32.250446333145362],[-110.92104474488586,32.250462137670333],[-110.9204342013735,32.250472743016282],[-110.91999685845137,32.250479301016178],[-110.91911384815332,32.250486419106153],[-110.91830299236284,32.250494530501719],[-110.91617061609733,32.250530401507334],[-110.91514530842848,32.250544141214633],[-110.91404327052166,32.250558978024095],[-110.91139798294516,32.250597568644842],[-110.91090154513134,32.250600533473992],[-110.90978010885432,32.250614195655579],[-110.90972188198565,32.250614907544538],[-110.90972226620859,32.250661919492885],[-110.90975153185185,32.254238505600419],[-110.90976490656242,32.256048997316121],[-110.90977125928056,32.256508170352042],[-110.90978375511828,32.257876105693832],[-110.90978890018951,32.258783740800155],[-110.90979578436576,32.259680053850374],[-110.90980670616881,32.261492841273544],[-110.90981621084224,32.262408151691957],[-110.90982017486857,32.263312818811684],[-110.90984391408193,32.26506752516498],[-110.90984458674244,32.265117340339032],[-110.9098433959086,32.265171262843303],[-110.90984210192551,32.265229720641813],[-110.91002222960844,32.265229730610315],[-110.91029621796449,32.265228134485525],[-110.91089105205509,32.265229694594318],[-110.91089649994423,32.265230768747884],[-110.91090174418288,32.265231926951742],[-110.91090718722148,32.265233344656849],[-110.91091242766099,32.265234847322468],[-110.91091746552125,32.265236433145155],[-110.91092270218159,32.265238278469049],[-110.91092793788731,32.265240210359195],[-110.91093276735329,32.265242310358701],[-110.91093759492978,32.265244581687384],[-110.9109424215517,32.265246939582298],[-110.91094684193388,32.265249465586713],[-110.91095126136152,32.265252078157395],[-110.91095588054421,32.265254863662896],[-110.91096029619301,32.265257818891961],[-110.91096450924277,32.265260859081728],[-110.9109687202867,32.265263984927579],[-110.91097252614227,32.265267279793228],[-110.91097633000193,32.265270659413254],[-110.91098013396838,32.265274125608045],[-110.91098373332969,32.265277762419828],[-110.91098733174647,32.265281484896121],[-110.9109905248683,32.26528528981752],[-110.91099331269513,32.265289177183945],[-110.91099609957739,32.265293150214994],[-110.91099908714972,32.265297211417945],[-110.91100167048832,32.265301355074435],[-110.91100405017643,32.265305582781558],[-110.91100642985481,32.265309811390395],[-110.91100860494782,32.265314208812846],[-110.91101037674183,32.265318603925948],[-110.91101194488525,32.265323083089733],[-110.91101351302882,32.265327562253511],[-110.91101508022776,32.265332127081933],[-110.9110164447109,32.265336691198122],[-110.91101740496995,32.265341336866214],[-110.91118625210342,32.265339846728395],[-110.91118588753686,32.265336235673665],[-110.91118592731104,32.265332628739628],[-110.91118637144578,32.265329024122771],[-110.91118661298124,32.265325504467107],[-110.91118746145659,32.265321903970886],[-110.91118810629122,32.265318386623953],[-110.9111883478266,32.265314866968254],[-110.91118939700176,32.265311353741971],[-110.91119085064405,32.265307929407697],[-110.91119169817441,32.265304414576086],[-110.91119314981057,32.265301075898044],[-110.91119480509715,32.265297653168936],[-110.91119605414386,32.265294398550274],[-110.91119811188149,32.265291151271107],[-110.91119976527844,32.265287899871261],[-110.9112016204266,32.265284736651523],[-110.91120408062498,32.265281663920483],[-110.91120633717274,32.265278675240403],[-110.91120859477171,32.265275687470506],[-110.91121125472495,32.265272787673894],[-110.91121391478475,32.265269974452067],[-110.91121637119397,32.265267245281251],[-110.91121943265331,32.265264606599047],[-110.91122229151343,32.265262052877993],[-110.91122535214453,32.265259585533499],[-110.91122861346544,32.265257206360459],[-110.91123187383167,32.265254913753772],[-110.91123513326308,32.265252705909937],[-110.9112385933843,32.265250586237627],[-110.9112418499717,32.265248636289385],[-110.91124571266052,32.265246777739833],[-110.91124937265334,32.265244916674831],[-110.91125302980235,32.265243313505515],[-110.9112568885858,32.265241712842936],[-110.91126074655121,32.265240282616325],[-110.91126460250069,32.26523893894759],[-110.91126845761234,32.265237767518265],[-110.91127251437828,32.265236596792185],[-110.9112765682906,32.265235684863519],[-110.91128082385724,32.265234773638063],[-110.91128467423586,32.265234031433394],[-110.91128892601427,32.265233463768148],[-110.9112931779094,32.265232981775888],[-110.91129742778872,32.265232586341455],[-110.91190023922091,32.26522587334631],[-110.91247186448815,32.265223460978696],[-110.91247771296418,32.265224881839835],[-110.91248335683781,32.26522647332029],[-110.91248960387631,32.265228326612537],[-110.91249544667266,32.265230263264641],[-110.91250088217082,32.265232368022779],[-110.91250672119411,32.265234647333251],[-110.91251215290931,32.265237095651528],[-110.91251717943899,32.265239712994536],[-110.91252281007721,32.265242506484512],[-110.91252763107153,32.265245379209738],[-110.91253265087069,32.265248511433761],[-110.91253787337608,32.265251645269103],[-110.91254228434087,32.265255030570941],[-110.91254709871313,32.265258504751948],[-110.91255170955445,32.265262148659161],[-110.91255571238641,32.26526587430665],[-110.9125603193272,32.265269776101007],[-110.91256411767526,32.265273758041076],[-110.91256791307569,32.265277911302057],[-110.91257170859444,32.265282150236075],[-110.91257489611361,32.265286470008746],[-110.91257848703046,32.265290879562286],[-110.91258167171036,32.265295457230728],[-110.91258445202995,32.265300032586353],[-110.91258743306113,32.265304694307936],[-110.91259000890663,32.265309525054604],[-110.91259238204636,32.265314354189798],[-110.91259475424303,32.265319268989671],[-110.91259651842987,32.265324265530147],[-110.91259848533289,32.265329262780256],[-110.9125996416379,32.265334425832712],[-110.91260160758804,32.26533950964923],[-110.91260256224852,32.265344671098703],[-110.91260331325972,32.26534991660143],[-110.91260426685911,32.26535507804244],[-110.9126048162157,32.265360322843939],[-110.91260475852516,32.265365561917903],[-110.91279227774858,32.265357689841721],[-110.91279170485164,32.265354678644265],[-110.91279092924862,32.265351665835681],[-110.91279035529045,32.265348654629769],[-110.91279018673463,32.265345647547825],[-110.91278981642574,32.265342552288288],[-110.91278944517376,32.265339542693532],[-110.9127894792158,32.265336450647794],[-110.91278991666557,32.265333447480572],[-110.9127903541153,32.265330444313349],[-110.9127903881573,32.265327352267626],[-110.91279102724182,32.265324351604818],[-110.91279166739751,32.265321350048708],[-110.91279230649187,32.265318348484151],[-110.91279335004521,32.265315436708249],[-110.91279398819634,32.265312520808422],[-110.91279543610028,32.26530961224627],[-110.91279668130807,32.265306701171305],[-110.9127979255627,32.26530387666277],[-110.91279937051887,32.265301139421609],[-110.91280101818091,32.265298403791519],[-110.91280266584288,32.265295668161407],[-110.91280451432451,32.265293105471805],[-110.91280616103322,32.265290456408081],[-110.91280861456687,32.265287984199531],[-110.91281046103384,32.265285508067876],[-110.91281271196952,32.265283120823057],[-110.91281516454977,32.265280735180838],[-110.91281741252777,32.265278520158674],[-110.91282006592753,32.265276307456865],[-110.91282251566817,32.265274179710396],[-110.91282516611025,32.265272139231243],[-110.91282781667041,32.265270184425177],[-110.91283066792208,32.265268317788106],[-110.91283331647764,32.265266448638222],[-110.91283657019348,32.265264756544134],[-110.9128396213215,32.265263148512091],[-110.91284287314102,32.265261628649043],[-110.91284571966683,32.265260191237005],[-110.91284896960001,32.265258842703219],[-110.91285221859002,32.265257579834106],[-110.9128558709874,32.265256405843203],[-110.91285911808119,32.265255315205074],[-110.91286236328877,32.265254395896342],[-110.91286580918793,32.26525356475652],[-110.91286905345234,32.265252731112334],[-110.91287269921821,32.265252159479218],[-110.91287614334937,32.265251585341773],[-110.91287978818201,32.265251098471424],[-110.91288343111863,32.265250783832229],[-110.91288727474686,32.265250557361867],[-110.9135026174886,32.265244278994302],[-110.91412323366046,32.265236408104776],[-110.91412747987233,32.265236441808838],[-110.91413192584514,32.265236648442794],[-110.91413616626662,32.265237112265424],[-110.91414040492386,32.265237833090616],[-110.9141444389915,32.265238723636266],[-110.91414846927199,32.265239958644294],[-110.91415249766894,32.265241364981726],[-110.91415652324046,32.265243028313321],[-110.91415993891017,32.265244945624239],[-110.9141631510517,32.265247032664128],[-110.91416676566037,32.265249294242807],[-110.91416997307321,32.26525181140979],[-110.91417277520367,32.265254410130382],[-110.91417577720486,32.265257268355782],[-110.91417796849181,32.265260206720562],[-110.91418015895655,32.26526331642323],[-110.91418214577361,32.265266510181725],[-110.91418392799122,32.265269874562605],[-110.9141853059777,32.265273321407314],[-110.9141864803164,32.265276852307899],[-110.91418745194916,32.265280381599609],[-110.91418801934074,32.265283994256933],[-110.91418838403622,32.265287604403625],[-110.91418834342913,32.265291297907517],[-110.91418789941301,32.265294902537335],[-110.91418725270067,32.265298504656535],[-110.91442274892323,32.265303895140995],[-110.9144234068355,32.265299176664776],[-110.91442406581892,32.265294457295269],[-110.91442512715021,32.265289826790621],[-110.91442679458683,32.265285287669499],[-110.91442866378775,32.265280835821613],[-110.91443113709096,32.26527656101355],[-110.91443360946225,32.265272370968468],[-110.91443668592585,32.265268358864901],[-110.91443996322197,32.26526451879753],[-110.91444344037926,32.265260939136311],[-110.9144475216486,32.26525753561301],[-110.91445139832848,32.265254301810664],[-110.91445587827873,32.265251417287672],[-110.91446055905156,32.265248705702469],[-110.9144654376927,32.265246339277866],[-110.91447031349901,32.265244230749168],[-110.91447538718363,32.265242466479314],[-110.91448066072959,32.265240962615472],[-110.91448613321523,32.265239803018822],[-110.91449160179504,32.265238902211337],[-110.91449706766994,32.265238344071108],[-110.91450273141349,32.265238131091408],[-110.91580295288543,32.265227138313151],[-110.9158054080666,32.26627442257211],[-110.91582781115557,32.266443904682475],[-110.91582955760254,32.267482164101658],[-110.9158337175658,32.267637327825611],[-110.91584705658018,32.26863255783919],[-110.91603468234919,32.268634044493751],[-110.91805992598091,32.268615371119957],[-110.91817113981523,32.268615048291451],[-110.92010875133822,32.268603551796041],[-110.92040234942451,32.268603290707546],[-110.92042773534186,32.270425038165406],[-110.9204350172102,32.270554285737219],[-110.92043276173987,32.270760680323313],[-110.92030942429345,32.270759964367684],[-110.92032642758713,32.271609369127532],[-110.92044076189582,32.271619891618158],[-110.92093507064584,32.271683489003401],[-110.92111401976344,32.271720976802847],[-110.92129109627336,32.271763259861608],[-110.9214665019864,32.271810425450312],[-110.92248802168282,32.272110179640464],[-110.9224923226331,32.272272044754004],[-110.92259221549892,32.272271885980906],[-110.9225916111285,32.272568314385616],[-110.92378200462751,32.272569604846893],[-110.92380991235744,32.272587862319192],[-110.92383680124153,32.272606885531445],[-110.92386388537632,32.272626597454597],[-110.92388954522953,32.272647071029525],[-110.92391438884157,32.272668225364548],[-110.92393841715516,32.27268997389352],[-110.92396183087939,32.27271240567044],[-110.92398463201843,32.27273543413731],[-110.92400641526399,32.27275914087916],[-110.92403863010446,32.272790402934881],[-110.9240696235145,32.272822514810422],[-110.92409939243802,32.272855562154831],[-110.92412814254473,32.272889373437287],[-110.92415567014831,32.272924035435359],[-110.92418137109451,32.272959369352002],[-110.92420605215032,32.272995468102359],[-110.92422890546516,32.273032240568206],[-110.92425054016147,32.273069604061213],[-110.92427034805614,32.273107554704666],[-110.92428913792104,32.273146098854717],[-110.92431501428469,32.273202478834143],[-110.9246142860456,32.273202511530776],[-110.92467702086473,32.275799261728523],[-110.92467928106387,32.275888870978868],[-110.92468086708638,32.27596610476602],[-110.92468264018261,32.279519017562386],[-110.92580255589807,32.279519564135434],[-110.92579798978245,32.280423085687382],[-110.92579689999077,32.280597706774962],[-110.92612716056263,32.280725794101627],[-110.92612482813391,32.281089208860699],[-110.92608476417503,32.281091299707015],[-110.92609025304434,32.281274647827424],[-110.92622149917173,32.281274733157424],[-110.92629187348886,32.281274854970505],[-110.92628004898897,32.281581331492077],[-110.9268769825611,32.281585754095239],[-110.92688316300951,32.282210079355323]]]},"properties":{"OBJECTID":1,"AREA_SQMI":3.6507778700000002,"TEAM":"Midtown","SECTOR":1,"TMSECT":"Midtown 1","INITIALS":"ODM","AREA_SF":101777845.727,"AREA_ACRE":2336.4978357999998,"Shape_Leng":51050.124470499999,"TEAM_NU":3,"Shape.STArea()":102090936.38943844,"Shape.STLength()":51931.079582788763}},{"type":"Feature","id":2,"geometry":{"type":"Polygon","coordinates":[[[-110.90115752933616,32.277551710707684],[-110.90115497973316,32.277617144458915],[-110.90253515418543,32.277615179595713],[-110.9037802435754,32.277613318309214],[-110.90482351461273,32.277611804552862],[-110.90482404079478,32.277491552377228],[-110.90527787681025,32.27750480853453],[-110.90547043597745,32.277500680937202],[-110.90547222974821,32.277612447632038],[-110.90552899215764,32.277599760068703],[-110.90558496384993,32.277585433871955],[-110.90564095267057,32.277569562084416],[-110.90569615172882,32.277551965098603],[-110.90575035636878,32.277532814424752],[-110.90580356860985,32.277512023506468],[-110.9058561909435,32.27748976781249],[-110.90590761611971,32.277465956811085],[-110.90654860536283,32.277141841064022],[-110.90736924180955,32.276719086723958],[-110.90741558505997,32.276697639607129],[-110.90746191403072,32.276677480144464],[-110.90750903846317,32.276658530036698],[-110.90755715814127,32.276640961321661],[-110.90760587065627,32.27662468691441],[-110.90765517602992,32.276609705010763],[-110.90770527391371,32.276596103779148],[-110.90775515489148,32.276583876055767],[-110.90780603313397,32.276572944065364],[-110.90785709687522,32.27656347356767],[-110.90790854979647,32.276555380517571],[-110.90793406027149,32.276552577659928],[-110.9079599846458,32.27654891957944],[-110.90798530854381,32.276544655189483],[-110.90801064205326,32.276539618019399],[-110.90803598306059,32.276533807150457],[-110.90806052297224,32.276527389272132],[-110.90808486775354,32.276520282650729],[-110.90810922109252,32.276512402339279],[-110.90813337834213,32.276503919851088],[-110.90815713985207,32.276494747017964],[-110.9081800990993,32.276484880593607],[-110.90820286428522,32.276474324533652],[-110.90822543348376,32.276463252872269],[-110.90824720042863,32.276451486718827],[-110.90835198759643,32.27639322598521],[-110.90932735333091,32.275856247802935],[-110.90935947060626,32.275841129017465],[-110.9093919818344,32.275826957562074],[-110.90942508772729,32.275813821611209],[-110.90945858958275,32.275801547333721],[-110.90949268609478,32.275790309461698],[-110.90952717656309,32.275780018918425],[-110.9095620600322,32.275770762269737],[-110.90959753817081,32.27576254112364],[-110.90963280323808,32.275755349940212],[-110.91400365114524,32.275778790720459],[-110.9140040324511,32.272416848410501],[-110.91418598711068,32.271849822105352],[-110.91425445032728,32.268804951566125],[-110.91064336458936,32.268821593093335],[-110.91031605535508,32.268816666030986],[-110.90972606551574,32.268813767191382],[-110.90964053886293,32.268813428870132],[-110.90961745521587,32.266894206632806],[-110.90987209736828,32.266887303376542],[-110.90989959590679,32.266521083761063],[-110.90990023510548,32.266518082213793],[-110.90990047100968,32.266515077451821],[-110.90990151456398,32.266512079127658],[-110.90990296257942,32.266509170601502],[-110.9099038035405,32.266506256334623],[-110.90990484613876,32.266503344576819],[-110.90990649485525,32.266500523322541],[-110.90990794193441,32.266497699559181],[-110.9099095897048,32.266494963969492],[-110.90991123651928,32.266492314946156],[-110.90991308499075,32.266489666628395],[-110.90991473181496,32.266487016703273],[-110.90991698474734,32.266484458183349],[-110.9099194383908,32.266481986033625],[-110.90992128401427,32.266479595611358],[-110.90992353409871,32.266477294986942],[-110.90992618748724,32.266474996675377],[-110.9099288409911,32.266472784036829],[-110.90993108812215,32.266470654733084],[-110.90993414407966,32.266468617548476],[-110.90993659202718,32.266466661189661],[-110.90993964502145,32.266464796227453],[-110.90994289977816,32.266463018545529],[-110.9099455485421,32.266461235131523],[-110.90994880139691,32.266459629680448],[-110.90995205331575,32.266458108992211],[-110.90995530427868,32.266456674870263],[-110.90995855334987,32.266455412077462],[-110.90996180242095,32.266454149284591],[-110.90996505053617,32.266452973057994],[-110.90996829675967,32.266451968160595],[-110.91002004982515,32.266306269006463],[-110.91001439834515,32.266305364536322],[-110.91000955841227,32.266304209517536],[-110.9100041152097,32.266302706099879],[-110.9099996862723,32.266300952847594],[-110.9099944524186,32.266298849589234],[-110.90999003012206,32.266296494880692],[-110.90998540902638,32.266293880669124],[-110.90998139582405,32.26629109995821],[-110.90997738641514,32.266287975686858],[-110.90997398489957,32.266284684916258],[-110.90997038458492,32.266281134642654],[-110.90996759488155,32.266277418583805],[-110.90996460542334,32.266273529588354],[-110.90996222386832,32.266269473192018],[-110.90995984325933,32.266265331130988],[-110.90995807055343,32.266261021669067],[-110.90995670419946,32.266256630675642],[-110.90995554044805,32.266252154723048],[-110.90995498365371,32.266247597034301],[-110.90995442791076,32.266243040255731],[-110.909954478169,32.266238488307373],[-110.90995513442833,32.266233941189149],[-110.90995538644857,32.266229476521104],[-110.90995644611641,32.26622501829047],[-110.91000418818406,32.265801665107723],[-110.91002222960844,32.265229730610315],[-110.90984210192551,32.265229720641813],[-110.9098433959086,32.265171262843303],[-110.90984458674244,32.265117340339032],[-110.90984391408193,32.26506752516498],[-110.90982017486857,32.263312818811684],[-110.90981621084224,32.262408151691957],[-110.90980670616881,32.261492841273544],[-110.90979578436576,32.259680053850374],[-110.90978890018951,32.258783740800155],[-110.90978375511828,32.257876105693832],[-110.90977125928056,32.256508170352042],[-110.90976490656242,32.256048997316121],[-110.90975153185185,32.254238505600419],[-110.90972226620859,32.250661919492885],[-110.90972188198565,32.250614907544538],[-110.90966365353592,32.250615474201915],[-110.90856917675904,32.250626093981694],[-110.90711179560792,32.250632625233692],[-110.90547958199403,32.250630005572766],[-110.90389238810354,32.250614801834487],[-110.90271133688999,32.250599272692234],[-110.90122888376003,32.250609614633944],[-110.90015067081416,32.250608760679732],[-110.89960127598155,32.250610952864541],[-110.89905807406871,32.250611174283975],[-110.89838076941938,32.250617011214956],[-110.89696137001934,32.250619864485813],[-110.89579885321113,32.250628774668385],[-110.89429241363656,32.250641586461974],[-110.89273732009192,32.250652378025151],[-110.89266642593876,32.250652867556795],[-110.89261011045262,32.250652713190711],[-110.89054541932731,32.250646941574239],[-110.88842567473949,32.250646627471518],[-110.88401998417407,32.250657467907708],[-110.88201971562194,32.250675159020979],[-110.87984048302533,32.250661932745636],[-110.87728078968331,32.250674956368947],[-110.8753934924661,32.25067837289037],[-110.87533552187209,32.250678477642616],[-110.87533493543364,32.250755796731148],[-110.87533492048603,32.25075775714356],[-110.87533433802875,32.250834820149834],[-110.8753334553398,32.250951481875781],[-110.87532486884868,32.252086780232517],[-110.8753247063779,32.252108265421413],[-110.87532470046141,32.252108969686361],[-110.87532469026114,32.252109863296113],[-110.87532452739721,32.252122178876348],[-110.8753245231556,32.252122457500718],[-110.87532426492666,32.252142012026489],[-110.87532407956962,32.25215601921704],[-110.8753239060924,32.252169171589507],[-110.87532377195942,32.252179342000169],[-110.87532368416055,32.252186011064055],[-110.87531781772941,32.252629749762789],[-110.87531766139873,32.252641585632936],[-110.87531637366831,32.252738963288564],[-110.87531597836096,32.2527688523273],[-110.87531555597901,32.252800834243814],[-110.8753152373029,32.252824939704439],[-110.8753150528113,32.252838498701038],[-110.87531482297874,32.252855100030821],[-110.87531397524531,32.252915047176543],[-110.87531396847139,32.252915547625257],[-110.87530497690285,32.253551037609434],[-110.87530470686666,32.253570137521301],[-110.87530461702983,32.253576519791345],[-110.87530460638349,32.253577173515794],[-110.87530457565649,32.25357874962625],[-110.87530440635759,32.253587258610871],[-110.87530365618336,32.253624898482009],[-110.87530307188906,32.253654235854626],[-110.87529021094348,32.254299466780139],[-110.87528993651151,32.25431328024429],[-110.87528993258861,32.25431353091507],[-110.87528920897452,32.254370316423021],[-110.87528904198989,32.254383456219017],[-110.87528895399814,32.254390327284391],[-110.87528236554695,32.254907667390249],[-110.87527924494428,32.255152657954554],[-110.87527919285924,32.255156662462056],[-110.87527904344911,32.255167983451145],[-110.87527880480607,32.255186005052479],[-110.87527856009854,32.255204464883249],[-110.87527838117023,32.255217999571691],[-110.87527823613487,32.255228937327615],[-110.87527817441227,32.2552336000767],[-110.87527817318723,32.255233707381947],[-110.8752688277237,32.255939060109135],[-110.87526825085632,32.255982429689247],[-110.8752680678013,32.255996046406679],[-110.87526720471951,32.256059465362803],[-110.87526482958222,32.256234035211676],[-110.87525765405839,32.256761473298383],[-110.87525724622101,32.25679143075228],[-110.87525698099125,32.256810942820842],[-110.87525693179447,32.256814601056249],[-110.87525692844844,32.256814894116751],[-110.87525688277508,32.256819823932581],[-110.87525682603561,32.256825908875108],[-110.87525675916763,32.256833159773748],[-110.87525675823075,32.256833241830698],[-110.87525649395974,32.256861872102469],[-110.87525636511236,32.256875759807755],[-110.87525628390486,32.256884545467827],[-110.87525621888985,32.256891634055982],[-110.87524668572055,32.257923347143951],[-110.87524663796528,32.257928551993579],[-110.87524663628633,32.257928606088313],[-110.87524659479652,32.257929916075199],[-110.87524615645285,32.257943489200521],[-110.87524414241365,32.258005831807836],[-110.87522528460028,32.258589504944943],[-110.8752175749449,32.258828125026803],[-110.87521670460858,32.258855084651152],[-110.87521646464363,32.258862529812937],[-110.87521645665019,32.258862765119218],[-110.87521625830172,32.258869168132698],[-110.8752158923827,32.258880951761761],[-110.87521557000429,32.258891338847356],[-110.87521399936493,32.258941985028166],[-110.87519863486871,32.259437360986446],[-110.87519795287324,32.259459350487326],[-110.87519779502368,32.259464437192769],[-110.87519774972071,32.259465895044549],[-110.87519774407548,32.259466017644066],[-110.87519770926583,32.259466649525216],[-110.8751972753218,32.259474073247084],[-110.87519311254263,32.2595452006803],[-110.87513813409147,32.260484708315794],[-110.8751280264437,32.260657435011012],[-110.87512674602827,32.260679314061086],[-110.87512619618064,32.260688707277936],[-110.87512608281548,32.260690641625104],[-110.87512606446978,32.260691411618652],[-110.87512549154914,32.260715370662815],[-110.87512421860426,32.26076856328492],[-110.87511555642428,32.261130583454772],[-110.87511109319773,32.261317119177455],[-110.8751105607579,32.261339391268663],[-110.87511052085152,32.261341026820794],[-110.87511051747309,32.261341229699923],[-110.87511046890637,32.261345853775111],[-110.8751104269823,32.26134989623835],[-110.87510972370762,32.261418256565769],[-110.87510852671049,32.261534584540421],[-110.87510780465561,32.261604867367318],[-110.87510778211289,32.261607119899786],[-110.87510778146451,32.261607269594698],[-110.87510779143273,32.261610392640712],[-110.8751078544467,32.261629222025981],[-110.87510791216728,32.2616464704967],[-110.87510795280073,32.261658617294238],[-110.8751080401028,32.261684519765865],[-110.87511336303533,32.263271173363108],[-110.87511338620116,32.263276671880902],[-110.87511339824366,32.263278498142562],[-110.87511342414875,32.263281340856736],[-110.87511372206247,32.263314078062074],[-110.87511408351762,32.263353889577466],[-110.87511809029145,32.263794882633576],[-110.87511816141954,32.26380277945519],[-110.87511817310889,32.263803986171339],[-110.87511817214111,32.263804163819636],[-110.87511816506532,32.263804783303733],[-110.87511810101648,32.263808996926599],[-110.87511786281605,32.263824647652221],[-110.87511751289557,32.26384766342818],[-110.87511724836654,32.263865061641404],[-110.87511700237822,32.26388120829732],[-110.87511332873778,32.264122732809859],[-110.87511295818049,32.264147090305521],[-110.87511291934688,32.264149653826678],[-110.87511290189752,32.264150809801187],[-110.875112902073,32.26415088735817],[-110.87511290697425,32.264152595423759],[-110.87511295410984,32.264166774044675],[-110.87511304362495,32.264193689255507],[-110.87511315745564,32.264227953503593],[-110.8751160850325,32.265110747031926],[-110.87511626209103,32.265164191455504],[-110.87511628829361,32.265172304339018],[-110.87511628702812,32.265172786796022],[-110.87511628036285,32.265173091552256],[-110.87511619490412,32.265175648375845],[-110.87511369378673,32.265250120722712],[-110.87509103456313,32.265924858870726],[-110.87509007106564,32.265953548265216],[-110.87508913818695,32.265981322576749],[-110.87508862971742,32.265996473270022],[-110.87508858854767,32.26599766151368],[-110.87508857514364,32.265997998679381],[-110.87508820907108,32.266006816246289],[-110.87508538163077,32.266074820828685],[-110.87506464936774,32.266573490431831],[-110.87506418679025,32.266584623045148],[-110.87506368185662,32.26659676894139],[-110.875060975851,32.266661850856309],[-110.87506040559438,32.266675533796459],[-110.87506039666161,32.266675758273017],[-110.87505991158959,32.266686908736773],[-110.87505705668829,32.266752573794292],[-110.87505704088322,32.266752935288999],[-110.87503315871676,32.267302080101324],[-110.87503291103498,32.267307780190535],[-110.87503248912378,32.267317489182958],[-110.87502992531176,32.267376437262485],[-110.87502974686797,32.267380536311663],[-110.8750294358818,32.267387689593193],[-110.87502912947022,32.267394721168351],[-110.87502874937928,32.267403463767359],[-110.87502859544705,32.267406996683306],[-110.87502864404408,32.267408781762079],[-110.87503068524457,32.267484022908391],[-110.87503982167773,32.267820903686349],[-110.87504191816166,32.267898181566196],[-110.87504374251877,32.267965461562056],[-110.87504405086867,32.267976841313555],[-110.87504416231479,32.267980929226077],[-110.87504417089878,32.267981292725466],[-110.87504417272284,32.267981411779147],[-110.87504417972093,32.267982192802499],[-110.87504441582799,32.268006863704748],[-110.8750449087473,32.268058388054861],[-110.87505094452609,32.268689614046011],[-110.87505166645639,32.268765222154791],[-110.87505244974943,32.268847350839032],[-110.87530249641306,32.268829767833488],[-110.8774344866807,32.268812540740242],[-110.87743378260376,32.268590490855871],[-110.87759532129866,32.268574382605195],[-110.87775650940401,32.268553547592063],[-110.8779165391702,32.268527891698604],[-110.87807540957616,32.268497502395881],[-110.87823312060827,32.268462378785976],[-110.87859213568007,32.268381494433207],[-110.87895330328953,32.268306897010042],[-110.87915645638704,32.268258574284445],[-110.87936136298605,32.268216105741892],[-110.87956822271677,32.268179580489111],[-110.88002618350885,32.2681101557394],[-110.88026120872392,32.268068363094635],[-110.88049736774785,32.268033536764406],[-110.88073486228254,32.268005678397529],[-110.88097349276738,32.267984700678895],[-110.88121264819725,32.267970856510871],[-110.88145253329371,32.267963975323667],[-110.88169254006051,32.267964138705224],[-110.88224874858057,32.267967578973902],[-110.8824057839185,32.267973933199357],[-110.88256317502847,32.267984670228245],[-110.88271990845215,32.267999869238189],[-110.88287639053418,32.268019360410669],[-110.88303140732776,32.268043306057365],[-110.88318576952504,32.268071540572166],[-110.88333866638574,32.268104143898086],[-110.88349030258193,32.268140946371339],[-110.88389287888694,32.268248088593154],[-110.88822391341201,32.269616127845126],[-110.88939910863816,32.269993247133364],[-110.89274083366823,32.270972642001077],[-110.89276890419767,32.27263214864881],[-110.89306022599101,32.272727622948679],[-110.89334762140476,32.272830623734059],[-110.89363170154496,32.27294089896688],[-110.89391165655931,32.273058354635616],[-110.89418708422578,32.273182988413232],[-110.89483000179492,32.273553599923275],[-110.89545755368955,32.273942465534432],[-110.8957295628954,32.274119981121387],[-110.89598287746097,32.27426951428977],[-110.89623594338393,32.274405301369079],[-110.89638958261612,32.274481359563254],[-110.89651349529757,32.274539482132155],[-110.89670405061331,32.274623482796663],[-110.89686608973453,32.274689902083274],[-110.89709886759486,32.274777593337035],[-110.89731743453837,32.274852198730031],[-110.89752117007417,32.27491508768545],[-110.89768082131073,32.274960011871627],[-110.89772977243076,32.275935428105861],[-110.89901521751364,32.275921226337687],[-110.89902169552261,32.276862370140492],[-110.90045295729139,32.276829658609927],[-110.90114956056921,32.276814990647651],[-110.90115752933616,32.277551710707684]]]},"properties":{"OBJECTID":2,"AREA_SQMI":3.1659378399999998,"TEAM":"Midtown","SECTOR":2,"TMSECT":"Midtown 2","INITIALS":"ODM","AREA_SF":88261281.569800004,"AREA_ACRE":2026.20021969,"Shape_Leng":42377.890219300003,"TEAM_NU":3,"Shape.STArea()":88261634.615971938,"Shape.STLength()":42377.890219334156}},{"type":"Feature","id":3,"geometry":{"type":"Polygon","coordinates":[[[-110.9439486508727,32.221442679694221],[-110.94381752806937,32.221443748344583],[-110.94238938881323,32.221455389425962],[-110.9409262153127,32.221473567102926],[-110.939476332857,32.221468078394551],[-110.93655460638514,32.221488405764354],[-110.93516068825606,32.221493951995882],[-110.93414856007107,32.221496610977823],[-110.93091196028756,32.221517279062141],[-110.92924909542191,32.221528178079907],[-110.92782094491287,32.221514847091974],[-110.92775841483625,32.221514264995974],[-110.9276959546382,32.221515851392766],[-110.92665911493795,32.221542201262899],[-110.92659206515545,32.221543905376748],[-110.92652499575222,32.221544385530819],[-110.92506884829301,32.221554808774378],[-110.92241849337556,32.221569722388203],[-110.9217372749516,32.221576418464572],[-110.92036959789333,32.221582751150876],[-110.91805206046114,32.221582502385296],[-110.91603070618923,32.221581331326448],[-110.91388868071651,32.221572690162759],[-110.91161459721668,32.221572494915449],[-110.90969025133082,32.221571590647535],[-110.90959592335905,32.221571545243933],[-110.9095862693858,32.221669977570471],[-110.90954417682713,32.222099106186292],[-110.90950756765019,32.222502536042569],[-110.90947439544402,32.223424001288542],[-110.90949153030259,32.22430747417738],[-110.90950195378251,32.225222415614084],[-110.90951562827939,32.226135878598406],[-110.90952762187017,32.227045722594177],[-110.90956415362395,32.2279481993601],[-110.90957772149983,32.228846342845749],[-110.9095784936289,32.228897445077806],[-110.90957914575108,32.228948558076802],[-110.90960192901544,32.230735551914385],[-110.90961038696454,32.23165430050323],[-110.9096243709447,32.232558100291826],[-110.90965706773473,32.234367547127462],[-110.90967415385536,32.235273695246711],[-110.90968380544486,32.236094228663298],[-110.90968494938696,32.23619155640835],[-110.90968663752611,32.236288894801284],[-110.90971629327649,32.237995280265686],[-110.90972834732585,32.238899666221087],[-110.90973280172246,32.239796949210785],[-110.9097377732277,32.241068320248353],[-110.90971731627963,32.24162181261616],[-110.90968206589598,32.24221513205822],[-110.90966686797364,32.242621694628291],[-110.90965631574467,32.243028423154954],[-110.90966499649214,32.243450807149109],[-110.90968720107206,32.244827459267349],[-110.90970542531502,32.245703975064615],[-110.90970921309209,32.246606405679046],[-110.90971667680563,32.247047636697062],[-110.90971829680272,32.247551838137149],[-110.90971798097029,32.247763639484326],[-110.90971344020697,32.248494815536958],[-110.90971393195593,32.249274689932015],[-110.90972160281289,32.250567896433139],[-110.90972188198565,32.250614907544538],[-110.90978010885432,32.250614195655579],[-110.91090154513134,32.250600533473992],[-110.91139798294516,32.250597568644842],[-110.91404327052166,32.250558978024095],[-110.91514530842848,32.250544141214633],[-110.91617061609733,32.250530401507334],[-110.91830299236284,32.250494530501719],[-110.91911384815332,32.250486419106153],[-110.91999685845137,32.250479301016178],[-110.9204342013735,32.250472743016282],[-110.92104474488586,32.250462137670333],[-110.92209726010915,32.250446333145362],[-110.9225730718574,32.250443849180108],[-110.92418718036802,32.250419604887639],[-110.92681224848491,32.250380766403168],[-110.92686674396806,32.250379958779348],[-110.92692123852981,32.250379822978161],[-110.92896987440615,32.250374624290828],[-110.92953412299948,32.250373020091189],[-110.93113336044009,32.250359266340865],[-110.93324172088215,32.250347047693225],[-110.93540429930724,32.250331304684956],[-110.9376744752342,32.250320656525687],[-110.93964619451593,32.250287606081514],[-110.94107720722711,32.2502860364567],[-110.94252480025592,32.25028419158302],[-110.94361872869226,32.250268069728044],[-110.94393023270025,32.250246312428466],[-110.94404952952779,32.250236271999476],[-110.94405454973412,32.250155574432149],[-110.94409225912317,32.248892009058736],[-110.94408527920112,32.248543609759821],[-110.94408372706506,32.247844193048429],[-110.94407811064626,32.247123259136131],[-110.94406598875554,32.24554883843998],[-110.9440661295674,32.2454467184089],[-110.94406265234535,32.245055622199409],[-110.94406616618487,32.24375567110657],[-110.94405121353691,32.243275883589099],[-110.94404214129095,32.243176977030259],[-110.94399697591682,32.242684601063822],[-110.94400017366198,32.2416638153259],[-110.94398726004302,32.240655307233133],[-110.94398694858887,32.240647493271133],[-110.94398690100017,32.239646517765358],[-110.94397915254248,32.238666485318525],[-110.94396180963059,32.237353698231097],[-110.94394766280628,32.236151019821094],[-110.94394656548707,32.236057935373736],[-110.94394704562768,32.235964880202275],[-110.94395254414516,32.234904059460661],[-110.94393379089678,32.23385017084523],[-110.94395275409614,32.232816429571983],[-110.94394605315196,32.232420942081276],[-110.94394880765384,32.23175439481173],[-110.94392851239203,32.230462798065965],[-110.94392354007105,32.229601498690478],[-110.94392415491444,32.229126394989642],[-110.94390788649078,32.228783564048243],[-110.94388551262742,32.228399875057491],[-110.94388056913714,32.227900374793172],[-110.94388008520757,32.227851388621744],[-110.94388009361381,32.22780239722124],[-110.94388029410896,32.226546527115403],[-110.94386937774964,32.225161584492085],[-110.94386935624419,32.225157527930783],[-110.94386344015365,32.223868954352092],[-110.94386381127316,32.223861502745557],[-110.94392375263989,32.222652520188248],[-110.94392872270174,32.222503819958035],[-110.94394767331167,32.221494626172053],[-110.9439486508727,32.221442679694221]]]},"properties":{"OBJECTID":3,"AREA_SQMI":4.0012054800000003,"TEAM":"Midtown","SECTOR":3,"TMSECT":"Midtown 3","INITIALS":"ODM","AREA_SF":111547206.803,"AREA_ACRE":2560.77150605,"Shape_Leng":42286.013705099998,"TEAM_NU":3,"Shape.STArea()":111547652.99363121,"Shape.STLength()":42286.013705116835}},{"type":"Feature","id":4,"geometry":{"type":"Polygon","coordinates":[[[-110.90948500880586,32.196201813051864],[-110.90946561552751,32.196343004754873],[-110.90942012240069,32.19747505747717],[-110.90942853162782,32.198548515131058],[-110.90940998471849,32.199465493843434],[-110.90940955114844,32.199486939313921],[-110.90941038011901,32.199508251452215],[-110.90949605273198,32.201715733320519],[-110.90953069420293,32.202826419001525],[-110.90955202649459,32.203860806330418],[-110.90957981729066,32.205373228009648],[-110.90959097121373,32.206933776846476],[-110.90959156071629,32.207016386501842],[-110.90959180378307,32.207099054720338],[-110.90959434885839,32.207969537373899],[-110.90960122053576,32.208885827167798],[-110.90961304119327,32.209793480747066],[-110.90960730633512,32.210680936975557],[-110.90961185820103,32.211578606973916],[-110.90960966758449,32.212492550584912],[-110.90960657858774,32.213386728943078],[-110.9096095431624,32.21430930049371],[-110.90960138883304,32.216103306070053],[-110.90959767098173,32.217907096059349],[-110.90960120889878,32.218814212558655],[-110.90960079104357,32.219722839525907],[-110.90959808651125,32.220307228996766],[-110.90959609047793,32.221473064382955],[-110.90959592335905,32.221571545243933],[-110.90969025133082,32.221571590647535],[-110.91161459721668,32.221572494915449],[-110.91388868071651,32.221572690162759],[-110.91603070618923,32.221581331326448],[-110.91805206046114,32.221582502385296],[-110.92036959789333,32.221582751150876],[-110.9217372749516,32.221576418464572],[-110.92241849337556,32.221569722388203],[-110.92506884829301,32.221554808774378],[-110.92652499575222,32.221544385530819],[-110.92659206515545,32.221543905376748],[-110.92665911493795,32.221542201262899],[-110.9276959546382,32.221515851392766],[-110.92775841483625,32.221514264995974],[-110.92782094491287,32.221514847091974],[-110.92924909542191,32.221528178079907],[-110.93091196028756,32.221517279062141],[-110.93414856007107,32.221496610977823],[-110.93516068825606,32.221493951995882],[-110.93655460638514,32.221488405764354],[-110.939476332857,32.221468078394551],[-110.9409262153127,32.221473567102926],[-110.94238938881323,32.221455389425962],[-110.94381752806937,32.221443748344583],[-110.9439486508727,32.221442679694221],[-110.94394875095891,32.221390745401465],[-110.94395051554612,32.220475024774871],[-110.94394068859046,32.220050565778884],[-110.94394745719985,32.219472136384276],[-110.94400347612071,32.218729746720882],[-110.9440382311063,32.21848169447798],[-110.94415912233703,32.218041061386586],[-110.9443354572393,32.21761432606359],[-110.9444049112799,32.217446238292212],[-110.9447198633614,32.21690687199294],[-110.94497194760265,32.216557009617439],[-110.94547904845442,32.21593314281138],[-110.94622434589118,32.215028444948963],[-110.9464110464818,32.214795241568048],[-110.94774076040261,32.213134276691306],[-110.94830320549416,32.212376717965924],[-110.9483137954899,32.212361073072138],[-110.94838567667,32.212254848554167],[-110.94838871135217,32.212250360872318],[-110.94847382906835,32.212126474447381],[-110.94868112226735,32.211824769283048],[-110.94872842031452,32.211751003265185],[-110.94872304649392,32.211747998724299],[-110.94871608169341,32.211744077471494],[-110.94871207676091,32.211741826514761],[-110.94868647704092,32.211727438488673],[-110.94862944308505,32.211695391015837],[-110.94830395802596,32.211512490938922],[-110.94765912925116,32.211054276720965],[-110.94720965310519,32.210717776988531],[-110.94682804927412,32.210409432791039],[-110.94648003018882,32.210124857565972],[-110.94616560120423,32.209870882948657],[-110.94567322438004,32.209476770003889],[-110.94510073301545,32.209040915414363],[-110.94391087044229,32.208253420935741],[-110.94339253840081,32.207925723599629],[-110.9418221589109,32.206932886035815],[-110.94179963713921,32.206918647522926],[-110.93991886821985,32.204604617174475],[-110.93526765989007,32.201875297690272],[-110.92569561008204,32.195930038148525],[-110.9227416427463,32.194148849489878],[-110.92085193541608,32.192996714070027],[-110.92002492885696,32.192609599512238],[-110.91989825913635,32.192545897327612],[-110.91877753967356,32.192551829569439],[-110.91890194437991,32.1926302057039],[-110.91349437399913,32.1926648181758],[-110.91092218922208,32.194126138502085],[-110.91084084546212,32.19417428191425],[-110.91076109224525,32.194224757412357],[-110.91068353604412,32.194277483249103],[-110.91060797641923,32.194332458735545],[-110.91053481718917,32.194389513938326],[-110.91046365547479,32.194448733132532],[-110.91039550167216,32.194509952113791],[-110.91032914462338,32.194573074673357],[-110.91026600098324,32.194638027317431],[-110.9102052596247,32.194704888366225],[-110.9101473295373,32.19477340405917],[-110.91009180551757,32.194843484599751],[-110.91003929426385,32.194915221395703],[-110.9099897976765,32.194988442217827],[-110.9099429125467,32.195062972513398],[-110.90989944695824,32.195138818719009],[-110.90985879645798,32.195215975123723],[-110.90982156834131,32.195294190448315],[-110.90978695455378,32.195373456457951],[-110.90975576612061,32.195453609168503],[-110.90972759806478,32.19553473103084],[-110.90970326120046,32.1956164849095],[-110.90968194557573,32.195699034801166],[-110.90966345453174,32.195782037350725],[-110.90964879564901,32.195865586256751],[-110.90963736530988,32.195949503563668],[-110.90962936593837,32.196033707015111],[-110.90962459902953,32.196118020979291],[-110.90962326406027,32.19620253452203],[-110.90948500880586,32.196201813051864]]]},"properties":{"OBJECTID":4,"AREA_SQMI":3.3791988100000001,"TEAM":"Midtown","SECTOR":6,"TMSECT":"Midtown 6","INITIALS":"ODM","AREA_SF":94206656.182600006,"AREA_ACRE":2162.68724019,"Shape_Leng":39147.304759400002,"TEAM_NU":3,"Shape.STArea()":94207033.010373607,"Shape.STLength()":39147.304759396095}},{"type":"Feature","id":5,"geometry":{"type":"Polygon","coordinates":[[[-110.87533773413527,32.250599200596803],[-110.87533552187209,32.250678477642616],[-110.8753934924661,32.25067837289037],[-110.87728078968331,32.250674956368947],[-110.87984048302533,32.250661932745636],[-110.88201971562194,32.250675159020979],[-110.88401998417407,32.250657467907708],[-110.88842567473949,32.250646627471518],[-110.89054541932731,32.250646941574239],[-110.89261011045262,32.250652713190711],[-110.89266642593876,32.250652867556795],[-110.89273732009192,32.250652378025151],[-110.89429241363656,32.250641586461974],[-110.89579885321113,32.250628774668385],[-110.89696137001934,32.250619864485813],[-110.89838076941938,32.250617011214956],[-110.89905807406871,32.250611174283975],[-110.89960127598155,32.250610952864541],[-110.90015067081416,32.250608760679732],[-110.90122888376003,32.250609614633944],[-110.90271133688999,32.250599272692234],[-110.90389238810354,32.250614801834487],[-110.90547958199403,32.250630005572766],[-110.90711179560792,32.250632625233692],[-110.90856917675904,32.250626093981694],[-110.90966365353592,32.250615474201915],[-110.90972188198565,32.250614907544538],[-110.90972160281289,32.250567896433139],[-110.90971393195593,32.249274689932015],[-110.90971344020697,32.248494815536958],[-110.90971798097029,32.247763639484326],[-110.90971829680272,32.247551838137149],[-110.90971667680563,32.247047636697062],[-110.90970921309209,32.246606405679046],[-110.90970542531502,32.245703975064615],[-110.90968720107206,32.244827459267349],[-110.90966499649214,32.243450807149109],[-110.90965631574467,32.243028423154954],[-110.90966686797364,32.242621694628291],[-110.90968206589598,32.24221513205822],[-110.90971731627963,32.24162181261616],[-110.9097377732277,32.241068320248353],[-110.90973280172246,32.239796949210785],[-110.90972834732585,32.238899666221087],[-110.90971629327649,32.237995280265686],[-110.90968663752611,32.236288894801284],[-110.90968494938696,32.23619155640835],[-110.90956501881138,32.236189438210133],[-110.90866749757824,32.23617357949739],[-110.90756453290551,32.236172195768347],[-110.905408182111,32.236176345176567],[-110.90487044960948,32.236174063534087],[-110.90330051478462,32.236183328183394],[-110.90115871895102,32.236178044587398],[-110.90009105910411,32.23619631794957],[-110.89902447878016,32.236184450507395],[-110.89688929567555,32.236193609283781],[-110.89482174634752,32.236210279685416],[-110.89267261602356,32.236210361599092],[-110.89260116667691,32.236210362460525],[-110.89252971230243,32.236210149510747],[-110.89046221602429,32.236203983576068],[-110.88832768902813,32.236200118733294],[-110.8861810776519,32.236210160517601],[-110.88403856315429,32.236197780215363],[-110.8819042751725,32.236190628996475],[-110.87977525787255,32.236182583156882],[-110.87762853243278,32.236184922373326],[-110.87556637970425,32.2361724576363],[-110.87550049067671,32.236172060864206],[-110.87550056411855,32.236249252998903],[-110.87550057600458,32.236261792797428],[-110.87550065055285,32.23633935287959],[-110.87550072177773,32.236414227336368],[-110.87550076699367,32.236461520550343],[-110.87550093305458,32.236635339024829],[-110.87550121405744,32.236929500778082],[-110.87550136050301,32.237083269087307],[-110.87550139436617,32.237111556510342],[-110.87550149783661,32.237188346673101],[-110.87550149831759,32.237188769627004],[-110.87550266398407,32.238003041658786],[-110.87550267051418,32.238007957490332],[-110.87550266991255,32.238008940460567],[-110.8755026681764,32.238009836847489],[-110.8755025593544,32.238037237511378],[-110.87550236506483,32.238086084366017],[-110.87550198033628,32.238182603044784],[-110.87550189808994,32.238203301659603],[-110.87550180620114,32.238226426971181],[-110.87550172249541,32.238247346517781],[-110.875501293163,32.238355309723374],[-110.87549913166667,32.238898094367073],[-110.87549908998972,32.238907515253374],[-110.87549908281892,32.23890805087057],[-110.87549886416656,32.238918754478867],[-110.8754984902624,32.238937022108509],[-110.87549750765265,32.238985118465919],[-110.87548632222573,32.23953230980382],[-110.87548517501331,32.239588415595179],[-110.87548506446984,32.239593827359187],[-110.87548480266481,32.23960663904689],[-110.87548453655702,32.239619641883223],[-110.87548379481257,32.239655922877319],[-110.87548294484942,32.239697504731431],[-110.87548203438446,32.239742064771264],[-110.87548103230223,32.239791121391583],[-110.87548083067706,32.239800982846369],[-110.87548080900054,32.239802045903943],[-110.87548080304319,32.23980247511728],[-110.87548080050539,32.239802883617159],[-110.87548080968109,32.2398059859255],[-110.87548081981051,32.239809469708121],[-110.87548087876186,32.239830253349652],[-110.87548094458018,32.239853411518283],[-110.87548101914928,32.239879523192705],[-110.87548115041191,32.239925686218463],[-110.87548143265916,32.240025026723764],[-110.87548173002779,32.240129738543288],[-110.87548216042281,32.240281202281992],[-110.87548260992358,32.240439455013586],[-110.8754826638182,32.240458542303529],[-110.87548270777499,32.240473850018489],[-110.87548275486157,32.240490371597822],[-110.87548281267053,32.240510789994005],[-110.87548288773488,32.240537229929373],[-110.87548295757529,32.240561616396242],[-110.87548340681359,32.240719612102566],[-110.87548341213724,32.240721470780372],[-110.87548341411072,32.240721855870241],[-110.87548341763012,32.240722291474313],[-110.87548344428367,32.240724605742791],[-110.87548353919053,32.24073284277128],[-110.87548355768548,32.240734477006527],[-110.87548361647085,32.240739648479313],[-110.87548369680331,32.240746651709259],[-110.87548429587345,32.240798964430461],[-110.8754863759676,32.240980495523743],[-110.87548758255272,32.241085775746967],[-110.87548961161572,32.24126285056051],[-110.87549151725933,32.241429164837847],[-110.87549332315726,32.241586829014054],[-110.8754936632493,32.241616545606867],[-110.87549374395171,32.241623516373721],[-110.87549376451713,32.241625155134827],[-110.87549376824964,32.241625386029362],[-110.87549380215999,32.241626692131995],[-110.87549442851697,32.241651127369387],[-110.87549574039524,32.241702345746958],[-110.87549589742544,32.241708485672383],[-110.87549614057178,32.241717959403026],[-110.8754965252774,32.241732975932301],[-110.87549689755251,32.241747500871782],[-110.87549725599517,32.241761471083151],[-110.87549762612633,32.241775904921937],[-110.87549782155054,32.241783516018337],[-110.87549820464874,32.241798487443631],[-110.87549882358573,32.241822643057667],[-110.87549949088442,32.241848698285288],[-110.87550047560354,32.241887110946777],[-110.87550083375866,32.241901106406175],[-110.87550285950699,32.241980157863232],[-110.87550313477163,32.241990908823304],[-110.87550431112393,32.242036799982543],[-110.87550580443471,32.242095089152784],[-110.8755071922205,32.242149234530807],[-110.87550865547688,32.242206344784783],[-110.87551021993083,32.242267420235464],[-110.87551138968961,32.242313052518568],[-110.8755132537255,32.242385817012043],[-110.87552476547081,32.242835087025597],[-110.87553707610573,32.243315531996068],[-110.8755391280319,32.243395639673004],[-110.87554037337701,32.243444227806918],[-110.87553972372183,32.243472990235773],[-110.87553927525586,32.243492860658854],[-110.87553863469039,32.243521291295806],[-110.87553752328834,32.243570622941476],[-110.87553384124917,32.243734130673523],[-110.87553313339519,32.243765575510103],[-110.87553290353424,32.243775771298246],[-110.87552422681146,32.244161005883193],[-110.87551833427032,32.244422644008409],[-110.87551814611541,32.244430857958072],[-110.87551812599767,32.244431598179304],[-110.87551774527326,32.2444434836192],[-110.87551683431784,32.244471894889244],[-110.87551624779573,32.244490192314494],[-110.87551567585341,32.244508048874167],[-110.8754738416597,32.245812956674932],[-110.87547339357613,32.245826931053067],[-110.8754732039778,32.245832852585345],[-110.87547298662886,32.245839625198521],[-110.87547284459245,32.24584407536716],[-110.87547280621594,32.245845299710254],[-110.87547276188084,32.245846953266295],[-110.87547195079202,32.245878605559469],[-110.8754708311449,32.245922326951742],[-110.87545076005576,32.246705492567905],[-110.87545075314655,32.246705726079981],[-110.87544986761752,32.246733670410649],[-110.87544830011183,32.246783065907117],[-110.87544787247795,32.246796548964547],[-110.87542887066486,32.247395200168988],[-110.87542467692211,32.247527341307276],[-110.87541965191399,32.247685643434274],[-110.87541922453534,32.247699103044674],[-110.87541873596847,32.24771448390949],[-110.87541825822461,32.247729567265864],[-110.87541824790672,32.247729913476135],[-110.87541822345096,32.247730754664033],[-110.87541781857178,32.247745125288631],[-110.87541715191055,32.247768766173685],[-110.87541666182257,32.247786140027472],[-110.87541607859771,32.247806839893435],[-110.87537493918227,32.249266304980914],[-110.87537465879043,32.249276274890661],[-110.87537415044343,32.249294502604165],[-110.8753727894605,32.24934327212133],[-110.87533773413527,32.250599200596803]]]},"properties":{"OBJECTID":5,"AREA_SQMI":1.99629072,"TEAM":"Midtown","SECTOR":4,"TMSECT":"Midtown 4","INITIALS":"ODM","AREA_SF":55653391.310800001,"AREA_ACRE":1277.6260631499999,"Shape_Leng":31729.603864299999,"TEAM_NU":3,"Shape.STArea()":55653613.925083831,"Shape.STLength()":31729.60386425153}},{"type":"Feature","id":6,"geometry":{"type":"Polygon","coordinates":[[[-110.87550029046562,32.236100773653277],[-110.87550049067671,32.236172060864206],[-110.87556637970425,32.2361724576363],[-110.87762853243278,32.236184922373326],[-110.87977525787255,32.236182583156882],[-110.8819042751725,32.236190628996475],[-110.88403856315429,32.236197780215363],[-110.8861810776519,32.236210160517601],[-110.88832768902813,32.236200118733294],[-110.89046221602429,32.236203983576068],[-110.89252971230243,32.236210149510747],[-110.89260116667691,32.236210362460525],[-110.89267261602356,32.236210361599092],[-110.89482174634752,32.236210279685416],[-110.89688929567555,32.236193609283781],[-110.89902447878016,32.236184450507395],[-110.90009105910411,32.23619631794957],[-110.90115871895102,32.236178044587398],[-110.90330051478462,32.236183328183394],[-110.90487044960948,32.236174063534087],[-110.905408182111,32.236176345176567],[-110.90756453290551,32.236172195768347],[-110.90866749757824,32.23617357949739],[-110.90956501881138,32.236189438210133],[-110.90968494938696,32.23619155640835],[-110.90968380544486,32.236094228663298],[-110.90967415385536,32.235273695246711],[-110.90965706773473,32.234367547127462],[-110.9096243709447,32.232558100291826],[-110.90961038696454,32.23165430050323],[-110.90960192901544,32.230735551914385],[-110.90957914575108,32.228948558076802],[-110.9095784936289,32.228897445077806],[-110.90957772149983,32.228846342845749],[-110.90956415362395,32.2279481993601],[-110.90952762187017,32.227045722594177],[-110.90951562827939,32.226135878598406],[-110.90950195378251,32.225222415614084],[-110.90949153030259,32.22430747417738],[-110.90947439544402,32.223424001288542],[-110.90950756765019,32.222502536042569],[-110.90954417682713,32.222099106186292],[-110.9095862693858,32.221669977570471],[-110.90959592335905,32.221571545243933],[-110.90959609047793,32.221473064382955],[-110.90959808651125,32.220307228996766],[-110.90960079104357,32.219722839525907],[-110.90960120889878,32.218814212558655],[-110.90959767098173,32.217907096059349],[-110.90960138883304,32.216103306070053],[-110.9096095431624,32.21430930049371],[-110.90960657858774,32.213386728943078],[-110.90960966758449,32.212492550584912],[-110.90961185820103,32.211578606973916],[-110.90960730633512,32.210680936975557],[-110.90961304119327,32.209793480747066],[-110.90960122053576,32.208885827167798],[-110.90959434885839,32.207969537373899],[-110.90959180378307,32.207099054720338],[-110.90959156071629,32.207016386501842],[-110.90948470633769,32.207016120572661],[-110.90738028755661,32.207010822877137],[-110.90524936711856,32.206977616607205],[-110.90308815740906,32.206992031755959],[-110.90087503173217,32.206984965099061],[-110.89658167328018,32.206968260846565],[-110.8944816160507,32.206960235048285],[-110.89240248183376,32.206951569208911],[-110.89232166030526,32.206951232738085],[-110.89224084659725,32.206950861108048],[-110.88990521677044,32.20694007286319],[-110.88368050726727,32.206917751892064],[-110.88101897805484,32.206905039841502],[-110.87935556114842,32.206908198133981],[-110.87516913114587,32.206898317289578],[-110.87507265493107,32.206898088824921],[-110.87507326517473,32.206985539375417],[-110.87508473582615,32.208637017190924],[-110.87508478331847,32.208643831704677],[-110.87510713121412,32.209900657668193],[-110.87511863216648,32.210460463555741],[-110.87513823257233,32.212100714949479],[-110.87514194299658,32.214363341028879],[-110.87515300931931,32.215342497856092],[-110.87516540123215,32.215771764771063],[-110.87516539588786,32.215776420798548],[-110.87516468371554,32.21694188372301],[-110.87516471507939,32.216944808567376],[-110.8751931843202,32.219741744804921],[-110.87516750937613,32.221010072411985],[-110.87517160143936,32.221496530373258],[-110.87517252598398,32.221606544910756],[-110.875172604924,32.221609390785432],[-110.87517276277319,32.221615085239911],[-110.87517300483883,32.221623814091707],[-110.87517322597375,32.22163177352342],[-110.87517343121787,32.221639172797495],[-110.87517382090911,32.221653190203014],[-110.8751746645474,32.221683591002403],[-110.87517558033481,32.221716595934055],[-110.87517771345982,32.22179346792943],[-110.87518196995734,32.221946951212779],[-110.87518635506447,32.222105065466685],[-110.87519108352967,32.222275586099009],[-110.8751945056886,32.222398970759606],[-110.87520028223679,32.222607270704167],[-110.87520283979828,32.222699487849212],[-110.87520347054263,32.222722230487257],[-110.87520353064502,32.222724402551016],[-110.87520353677489,32.22272451623013],[-110.87520377098028,32.222728445560648],[-110.87520820327069,32.222801763501295],[-110.87522972293706,32.223157749783539],[-110.87524163891975,32.223354885330806],[-110.87524219054305,32.223364006314618],[-110.87524238424223,32.223367208448813],[-110.87524242291215,32.223368189941198],[-110.87524263919804,32.223373690985618],[-110.87524542077713,32.223444405307148],[-110.87527037059074,32.22407875659318],[-110.87527184675102,32.224116304057958],[-110.87527235840913,32.224129302511535],[-110.87527238693075,32.224130057564828],[-110.87527276000645,32.224140323281979],[-110.87527276710647,32.224140537972204],[-110.87527393550776,32.224172791056397],[-110.87527518389118,32.224207240716524],[-110.875275435707,32.224214184955308],[-110.87527584078882,32.224225365375403],[-110.87527628446055,32.224237627388391],[-110.87527689765825,32.224254560390882],[-110.87527782306583,32.224280119110915],[-110.87527926739773,32.224319992992321],[-110.87528021624831,32.22434619399683],[-110.87528127258301,32.22437534301482],[-110.87528294031435,32.224421397063693],[-110.87528557655912,32.224494160901202],[-110.87529318378401,32.224704192014649],[-110.87529611537175,32.224785107974654],[-110.87529662855971,32.224799275190307],[-110.8752966895502,32.224800904368706],[-110.87529681284904,32.224804140191075],[-110.87529810855735,32.224837510766534],[-110.87529970852319,32.224878716102332],[-110.87530066939392,32.224903491435882],[-110.87530070254124,32.224904306046909],[-110.87530136029116,32.224919751421851],[-110.87530202990038,32.224935459322325],[-110.87530402811569,32.224982304275535],[-110.87530581868413,32.225024285838963],[-110.87530828335601,32.225082046582529],[-110.87530962687411,32.225113550795797],[-110.87531190388974,32.225166928078899],[-110.87531416929474,32.225220021194573],[-110.87531714957785,32.225289876802726],[-110.87532267548363,32.225419420091967],[-110.87532599395198,32.225497206329507],[-110.87533009100079,32.225593239968632],[-110.87533317807623,32.225665547582473],[-110.87533325479639,32.225667286009738],[-110.87533673446546,32.225743775862448],[-110.8753396143553,32.225807086175259],[-110.87534037014296,32.225823703811862],[-110.87534093569215,32.225836350096827],[-110.87534103336165,32.225838670366521],[-110.87534390343934,32.225914006283915],[-110.87535481160134,32.226200307487069],[-110.87536084190587,32.226358565956268],[-110.87536129759425,32.226370519643922],[-110.87536166018307,32.226380031354864],[-110.87536222043988,32.226394723810387],[-110.87536263274744,32.226405550775269],[-110.87536319039778,32.226420192707714],[-110.87536409348066,32.226443897106371],[-110.87536437595377,32.226451316851175],[-110.87536438389888,32.226451550486416],[-110.87536458212419,32.22645733364709],[-110.87536507433964,32.226471759506794],[-110.87536508396428,32.226472031933824],[-110.87536701223593,32.226528550054773],[-110.87536722941253,32.226534904219584],[-110.87536746880672,32.226541915087786],[-110.8753677756677,32.226550917716409],[-110.87536801350582,32.226557878972038],[-110.87536828310392,32.226565776571867],[-110.87536953377548,32.226602448306984],[-110.87537108720791,32.226648017124397],[-110.87537161519313,32.226663492989502],[-110.87537167244751,32.226665170834622],[-110.87537167385969,32.226665233071387],[-110.87537175094116,32.226668056383176],[-110.87537202161661,32.226677906418338],[-110.87537232379853,32.226688901114578],[-110.87537293684117,32.226711245893057],[-110.87537378849612,32.226742251851988],[-110.87538160894962,32.227027109927946],[-110.87538421461123,32.227122009400695],[-110.87538718216464,32.227230110797123],[-110.87538724891915,32.227232537225632],[-110.87538726606923,32.227233173145507],[-110.87538726946939,32.227233247122228],[-110.87538728152425,32.227233492514841],[-110.87538790234375,32.227245293351309],[-110.87539130345796,32.227309884009998],[-110.87539140020361,32.227311727212189],[-110.87539160780979,32.22731566443705],[-110.8753918249464,32.227319789317647],[-110.87539214931716,32.22732595408219],[-110.87539274397814,32.227337257803697],[-110.8753930335657,32.22734275133238],[-110.87539331445748,32.227348077052042],[-110.87539365708551,32.227354594576113],[-110.8753944995657,32.227370588867991],[-110.87539594888592,32.227398121453099],[-110.87539696567407,32.227417437658495],[-110.8753979755593,32.227436614927655],[-110.87539866789436,32.227449773582329],[-110.87539975370331,32.227470387164104],[-110.87540056727491,32.2274858464421],[-110.87540122137553,32.22749826439275],[-110.875401586702,32.227505210465075],[-110.87540276749611,32.22752763567081],[-110.87540398043649,32.227550684294449],[-110.87540803738987,32.227627728085395],[-110.87540911172452,32.227648138663994],[-110.87541323786631,32.227682829352261],[-110.87541810459439,32.227723749556866],[-110.87542290543054,32.22776412181738],[-110.87543359531932,32.227854012477167],[-110.87544486037763,32.227948730772233],[-110.87545291414783,32.22801645207317],[-110.87545343683443,32.228093430667855],[-110.8754536632717,32.228126793318687],[-110.87545398456498,32.228173981551066],[-110.87545442445484,32.228238775060369],[-110.87545451353819,32.228251804293087],[-110.87545457920656,32.228261397423687],[-110.87545463393796,32.228269437541378],[-110.87545472965451,32.228283559826551],[-110.87545505745464,32.228331759044273],[-110.87545561260023,32.228413520219263],[-110.87545578246817,32.228437608153278],[-110.87545582053357,32.228442364630837],[-110.87545597288575,32.228458591312929],[-110.87545613100697,32.228475428570178],[-110.87545649914058,32.228514600966612],[-110.8754575644146,32.228627919890833],[-110.87545850803897,32.228728274243657],[-110.87545931516291,32.228814082122639],[-110.87545974196637,32.228859460378111],[-110.87545980910109,32.228866598783931],[-110.87546024528315,32.228913387552417],[-110.87546029482087,32.228918626594272],[-110.87546030124307,32.228919459020915],[-110.87546033564129,32.228925281411286],[-110.8754603988023,32.228936303894372],[-110.87546039967134,32.228936506809546],[-110.87546064423897,32.228979444157709],[-110.87546074044074,32.228996408059217],[-110.87546108283088,32.22905653928408],[-110.87546189826485,32.229199862175001],[-110.87546256666096,32.229317281068198],[-110.87546310358385,32.229411524980257],[-110.875463608171,32.229500137702559],[-110.87546401538107,32.229571703547172],[-110.87546449996019,32.22965686035409],[-110.8754649110228,32.229729111606822],[-110.875465317916,32.229800425840452],[-110.87546532675144,32.229801977032018],[-110.87546581968996,32.229877282497256],[-110.87546655629708,32.229989834854493],[-110.8754671684145,32.230083438187286],[-110.87546773518518,32.230170132354402],[-110.8754680545058,32.23021898079395],[-110.87546840800493,32.230273019449463],[-110.87546873303717,32.230322762533945],[-110.87546924050119,32.230400236071702],[-110.87546966051886,32.230464444118695],[-110.87547012575551,32.23053547926299],[-110.87547046194986,32.230586848406489],[-110.87547097421614,32.230665203052133],[-110.87547142037296,32.230733352235141],[-110.87547146164719,32.230740711370075],[-110.87547185320457,32.230817742059585],[-110.8754725242153,32.230951954508491],[-110.87547310822715,32.23106876846046],[-110.87547366556309,32.231180199268536],[-110.87547433284125,32.231313621691065],[-110.87547469471403,32.231386090759074],[-110.87547506072984,32.231459312874307],[-110.87547549628589,32.231546346827564],[-110.87547584647017,32.23161630514938],[-110.87547602303242,32.231651713585109],[-110.87547602703941,32.231652292582062],[-110.87547612585155,32.23166604965126],[-110.87547629734472,32.231689621749737],[-110.87547635404236,32.231697302957912],[-110.87547644556199,32.231709931798896],[-110.87547653406521,32.23172208085051],[-110.87547658433074,32.231728930534096],[-110.87547698390949,32.231783672069135],[-110.87547740261087,32.231841016393503],[-110.87547788542494,32.231907159332557],[-110.8754784586931,32.231985745329183],[-110.87547906889523,32.232069372763377],[-110.87547987382895,32.232179651273981],[-110.8754805181149,32.232268011700555],[-110.87548117633823,32.232358220055374],[-110.8754816582489,32.232424255666096],[-110.87548233061759,32.232516479687028],[-110.87548254382202,32.232545697474613],[-110.87548256188055,32.232548114481844],[-110.87548257147449,32.232549506058106],[-110.87548257134252,32.232549610667284],[-110.87548257816017,32.232556362596284],[-110.87548260684586,32.232585292988738],[-110.87548261147708,32.232590189870649],[-110.87548263004673,32.232608843120488],[-110.8754826408117,32.232620272785105],[-110.87548264724199,32.232626686531006],[-110.87548267276937,32.232652451534101],[-110.87548269845753,32.232678574558086],[-110.87548273280611,32.232714264985617],[-110.8754827593896,32.232742077112178],[-110.8754827817996,32.232764673118858],[-110.87548343968446,32.233440368974215],[-110.87548345573447,32.233457196030088],[-110.87548346141246,32.233463675601293],[-110.87548346453315,32.233464239259938],[-110.87548348108143,32.233466323485509],[-110.87548353182531,32.233471828568426],[-110.87548353225027,32.233471977371025],[-110.87548416737469,32.23354178831913],[-110.87548486186095,32.233618116254149],[-110.87548573085175,32.233713564956936],[-110.87548626102684,32.23377183183544],[-110.87548700985704,32.233854093241121],[-110.8754876428121,32.233923722001123],[-110.87548823072667,32.233988275889523],[-110.87548866678911,32.234036188279255],[-110.87548922606547,32.23409767125856],[-110.87548969269604,32.23414895036592],[-110.87549004765114,32.234187972919187],[-110.87549044073938,32.234231187411481],[-110.87549079541481,32.23427014142419],[-110.87549120145371,32.234314732188686],[-110.87549174297679,32.234374236442278],[-110.8754917553038,32.234375853493844],[-110.87549200840665,32.234412363658549],[-110.87549228681405,32.234452795112638],[-110.87549293442439,32.234547093971941],[-110.87549339342463,32.234613833687568],[-110.87549393530804,32.234692749456734],[-110.87549436830608,32.234755814972331],[-110.87549484976559,32.234825887970011],[-110.87549533842027,32.234896911536651],[-110.87549587946206,32.234975621682239],[-110.87549649561791,32.235065235358945],[-110.87549687937407,32.235121082358063],[-110.87549724692836,32.235174628699546],[-110.87549765923545,32.235234577376126],[-110.87549793937328,32.23527532176837],[-110.87549797580473,32.235280593162436],[-110.87549798746952,32.235282640372866],[-110.875497994483,32.235284351168943],[-110.8754980121133,32.235290619812702],[-110.87549808153783,32.23531541842403],[-110.87549812936214,32.235332528906014],[-110.87549820653435,32.23535981117255],[-110.87549828670453,32.235388319026832],[-110.8754983304045,32.235404023549037],[-110.8754983793868,32.235421404584073],[-110.87549842519762,32.235437668247322],[-110.87549847034209,32.235453525187616],[-110.87549850887801,32.235467263715975],[-110.87549855001311,32.235481797664292],[-110.87549860154446,32.235500071514451],[-110.87549866483066,32.235522617346959],[-110.87549873687672,32.235548395347323],[-110.87549883211571,32.235582279930647],[-110.87549889451753,32.235604345089556],[-110.87549895697553,32.235626684399818],[-110.8754990242702,32.235650553223714],[-110.8754996376541,32.235868508300392],[-110.87550029046562,32.236100773653277]]]},"properties":{"OBJECTID":6,"AREA_SQMI":4.0502033099999997,"TEAM":"Midtown","SECTOR":5,"TMSECT":"Midtown 5","INITIALS":"ODM","AREA_SF":112913188.007,"AREA_ACRE":2592.1301195299998,"Shape_Leng":42517.797107799997,"TEAM_NU":3,"Shape.STArea()":112913639.66076288,"Shape.STLength()":42517.797107825347}},{"type":"Feature","id":7,"geometry":{"type":"Polygon","coordinates":[[[-110.87507196096078,32.206810632172576],[-110.87507265493107,32.206898088824921],[-110.87516913114587,32.206898317289578],[-110.87935556114842,32.206908198133981],[-110.88101897805484,32.206905039841502],[-110.88368050726727,32.206917751892064],[-110.88990521677044,32.20694007286319],[-110.89224084659725,32.206950861108048],[-110.89232166030526,32.206951232738085],[-110.89240248183376,32.206951569208911],[-110.8944816160507,32.206960235048285],[-110.89658167328018,32.206968260846565],[-110.90087503173217,32.206984965099061],[-110.90308815740906,32.206992031755959],[-110.90524936711856,32.206977616607205],[-110.90738028755661,32.207010822877137],[-110.90948470633769,32.207016120572661],[-110.90959156071629,32.207016386501842],[-110.90959097121373,32.206933776846476],[-110.90957981729066,32.205373228009648],[-110.90955202649459,32.203860806330418],[-110.90953069420293,32.202826419001525],[-110.90949605273198,32.201715733320519],[-110.90941038011901,32.199508251452215],[-110.90940955114844,32.199486939313921],[-110.90940998471849,32.199465493843434],[-110.90942853162782,32.198548515131058],[-110.90942012240069,32.19747505747717],[-110.90946561552751,32.196343004754873],[-110.90948500880586,32.196201813051864],[-110.9094357817557,32.196201557120474],[-110.9092335380669,32.19620166396566],[-110.90916840186934,32.192596841041507],[-110.90920074307381,32.192595380731014],[-110.90918489470522,32.1862585117197],[-110.90888134716926,32.185389032442956],[-110.90872315756721,32.184931735024534],[-110.90858116514592,32.184471303701166],[-110.90854879552671,32.1843289687991],[-110.90852229280675,32.184185822116554],[-110.9084032932991,32.184187107321513],[-110.90837032195364,32.183366340085932],[-110.90834729880937,32.182229544773215],[-110.9083034254129,32.180931780606805],[-110.90828410955409,32.180045151590591],[-110.90827888043545,32.178027089622894],[-110.90714617127622,32.17801753942544],[-110.90714069900811,32.177103790782951],[-110.90809991645963,32.177110154027019],[-110.9084049157053,32.177111726129866],[-110.90838046476256,32.176177726112563],[-110.90808113254222,32.176175425409397],[-110.9071341588872,32.176177062548859],[-110.90605147055408,32.17617631966025],[-110.90502048215353,32.176176581608637],[-110.90501504541797,32.175206741488608],[-110.90500878142122,32.174311711776099],[-110.90392300198918,32.174300274765336],[-110.90288892257101,32.174289758629442],[-110.90288587076931,32.173398361983516],[-110.902880851834,32.172392791092378],[-110.90075711710402,32.172432961496227],[-110.90073598748737,32.170551780909207],[-110.90023830562455,32.170551390421835],[-110.89990868348978,32.170550115931306],[-110.89953705553371,32.170548245828279],[-110.89917834766447,32.170546992592236],[-110.8988228712622,32.170545765240959],[-110.89880955441008,32.169218693855704],[-110.89738852110655,32.169191790606774],[-110.89735297311866,32.167559513127891],[-110.89639414878935,32.167563294949289],[-110.89633147033015,32.163274979151488],[-110.89641678881485,32.163277505109392],[-110.89641730976764,32.163057057282643],[-110.89332459770256,32.163057336400016],[-110.89281735713286,32.163048507040386],[-110.89260839319253,32.163042005506824],[-110.8924609562813,32.163024234713774],[-110.89237478493709,32.163000086961596],[-110.89233879712981,32.162985276226379],[-110.8922892894394,32.162962444309869],[-110.89228634298885,32.163251052998774],[-110.89204722744716,32.163249889597139],[-110.8920442715206,32.163044825941526],[-110.89098153129501,32.163044288852113],[-110.89097954568477,32.162951072812987],[-110.89096462523246,32.162155700520444],[-110.89095091548386,32.161612795622489],[-110.89094399581951,32.161275071148701],[-110.88994012342545,32.161267701622648],[-110.88896149588626,32.161260443515893],[-110.88891073441611,32.159647453597259],[-110.88891426252083,32.159585033608273],[-110.88674278656224,32.159568665149656],[-110.88674464259783,32.159403668949487],[-110.8867570503166,32.157726080640479],[-110.88570381497634,32.157712005787694],[-110.88462013976266,32.157693121479738],[-110.88463684171839,32.155996241448157],[-110.88343922392373,32.156000812241849],[-110.88347554796574,32.154105924562749],[-110.88245688074575,32.154092449037528],[-110.88143982957251,32.154079064207018],[-110.88146457553685,32.152354418985695],[-110.87927883093504,32.152311780263595],[-110.87928356783885,32.150467314679268],[-110.87873160499656,32.150455315220597],[-110.87828163151245,32.150442346634442],[-110.87720057201238,32.150414315588186],[-110.87721520801428,32.148768787326574],[-110.87721742211282,32.148698196250834],[-110.87666986089882,32.148690777397633],[-110.87651177248726,32.1486885329955],[-110.87656520598524,32.148748843405144],[-110.87616864413398,32.148745583455394],[-110.87611974964024,32.148676805998356],[-110.87507860335586,32.148656730929261],[-110.87507903488195,32.148601072076225],[-110.87499937797666,32.141967910476765],[-110.87499770660379,32.141795240461953],[-110.87499491520988,32.141568468838287],[-110.87499362597299,32.141568499711326],[-110.85821420555412,32.141552980971717],[-110.85821262697561,32.141898900841191],[-110.85818269050607,32.148491798895961],[-110.85818045092988,32.149926286153601],[-110.85780465740832,32.149925375204063],[-110.85768933663435,32.149926729701377],[-110.85597712262813,32.149908953815668],[-110.85597370881885,32.152086882200116],[-110.85481550464178,32.152075707665944],[-110.85369445455817,32.152064835539626],[-110.85359086942645,32.152063879688505],[-110.85255006899638,32.151420599470086],[-110.85180401498532,32.150959319676097],[-110.8512436034995,32.150614959628712],[-110.84930755698213,32.149425358361228],[-110.84756724224644,32.148356091910735],[-110.84528404935621,32.146952701544215],[-110.84418959482333,32.146279780420336],[-110.84313264477643,32.145630102319821],[-110.8420466437435,32.144962301972548],[-110.84149933673581,32.144625914227959],[-110.8410153864524,32.144328286324026],[-110.840691446294,32.144123222708693],[-110.84066311300626,32.147105653679859],[-110.84066311242367,32.147105703275031],[-110.84063248056057,32.150988676822379],[-110.84062572169097,32.151845264121867],[-110.84061733258567,32.152908320726688],[-110.84061132589009,32.153669609902948],[-110.84060439276533,32.154547694733232],[-110.84060315416389,32.154704522278827],[-110.84060113972222,32.154959668563478],[-110.84060033027292,32.155062201219771],[-110.84059967853959,32.155144726555164],[-110.8405991111147,32.155216558835676],[-110.84059628377402,32.155574703959253],[-110.84059384303619,32.155883797906185],[-110.84059378341765,32.155891306845987],[-110.84059376662455,32.155893457541538],[-110.84059198122765,32.156119628479779],[-110.84059019323018,32.156346018529973],[-110.84058830415785,32.156585246908421],[-110.84058827489285,32.156588909847933],[-110.8405874082714,32.156698735903234],[-110.84058554278548,32.156934961412361],[-110.84058458746826,32.157055941304677],[-110.84058319479655,32.157232356787212],[-110.84058313929475,32.157239334589185],[-110.84058302157349,32.157254222616672],[-110.84058286103385,32.157274558167352],[-110.84058271252032,32.157293329164638],[-110.84058259601736,32.157308113493194],[-110.84058251540287,32.157318310574652],[-110.84058238847329,32.157334433113562],[-110.8405822831277,32.157347817012301],[-110.84058214910742,32.157364272261965],[-110.84058202531239,32.157379496615867],[-110.84058191564193,32.157392977874167],[-110.84058179278959,32.157408031792293],[-110.84058176779303,32.157411060789038],[-110.84058162670458,32.157428388037182],[-110.84058150982862,32.157442843198375],[-110.84058149127443,32.157445053398426],[-110.84058148112292,32.15744618780014],[-110.84057840038602,32.157769482564802],[-110.84057626124492,32.15799398296582],[-110.84057427087247,32.158202756004606],[-110.84057136355871,32.158507766029494],[-110.84057038432266,32.158610567730776],[-110.84056871195781,32.158786053722324],[-110.84056275735649,32.159410758626109],[-110.8405695176607,32.159525238854762],[-110.84057011571242,32.159535239697433],[-110.84057059777062,32.159543203247388],[-110.84057075637902,32.159545854139104],[-110.84057168435764,32.159561157775045],[-110.84057267414954,32.159577516162493],[-110.84057372080413,32.159594809317483],[-110.8405751190967,32.159617903254151],[-110.84057635389431,32.159638311086567],[-110.84057799084293,32.159665363330504],[-110.84057909617428,32.15968361742096],[-110.84058061426822,32.159708695475004],[-110.84058247063362,32.159739358662272],[-110.84058415028491,32.159767107472788],[-110.84058538958026,32.159787583881176],[-110.84058649133078,32.159805782028059],[-110.84058785052189,32.15982823443845],[-110.84058922026132,32.159850871811258],[-110.84059107560282,32.159881532283634],[-110.84059383922261,32.159927188703264],[-110.84059596266108,32.159962279383947],[-110.84059710516433,32.159981159651643],[-110.84059715974786,32.1599820177452],[-110.84059716794225,32.159982132345839],[-110.84059744895551,32.159985102620304],[-110.84059835411533,32.159994681317635],[-110.84059933369211,32.160005054248082],[-110.84060050094348,32.160017409167942],[-110.84060269491378,32.160040636124656],[-110.84060716486415,32.160087960088212],[-110.84065477160485,32.160591952081404],[-110.84070244740053,32.160764461447442],[-110.84079895994115,32.161113667213499],[-110.84080015154697,32.161159046021602],[-110.84080913628581,32.161501329092786],[-110.84082298927396,32.161635403874136],[-110.84085725784908,32.161967062058707],[-110.84085726510408,32.161967978367656],[-110.84085737100345,32.161981791515679],[-110.84085750395016,32.161999076893672],[-110.8408576123841,32.162013125437738],[-110.84085772730963,32.162028065033311],[-110.84085781999252,32.162040115916071],[-110.84085782517954,32.162040847334737],[-110.8408599497303,32.162367162151227],[-110.8408604389667,32.162442359907786],[-110.8408610782392,32.162540515621444],[-110.84086123755871,32.162565029294456],[-110.84086139850099,32.162589765730274],[-110.84086143600079,32.162595776666876],[-110.84086184835463,32.16266542758575],[-110.84086288289657,32.162840551419826],[-110.84088368486336,32.167072529030555],[-110.84090390351322,32.171186296921221],[-110.84090488114741,32.171385176608332],[-110.84090495165674,32.171399833536327],[-110.84090530995245,32.171474974163957],[-110.84090578425551,32.171574250200727],[-110.84090694252431,32.171817021034919],[-110.84090733148508,32.171898481850967],[-110.84090931582648,32.172314326457332],[-110.84090932781102,32.172316914773418],[-110.84090935955167,32.172322332256748],[-110.8409093746619,32.172323842928364],[-110.84090947719497,32.172331536297449],[-110.84090958155176,32.172339345114608],[-110.8409110201428,32.172447507724854],[-110.8409112541981,32.172465118589393],[-110.84091417867957,32.172684906280729],[-110.84091505025231,32.1727503864889],[-110.84091821602856,32.172988341516458],[-110.84091977024488,32.173105158030445],[-110.84092160678132,32.173243236369181],[-110.84092233814685,32.173298184866539],[-110.84092471845602,32.173477134547824],[-110.84092672739828,32.173628146395096],[-110.84092895505138,32.173795548811633],[-110.84093282810302,32.174086622302006],[-110.84093326707422,32.174119722702052],[-110.84093351604709,32.174138409556171],[-110.84093361794349,32.174146066845069],[-110.84093351617332,32.174152919785243],[-110.84092583404086,32.174672344944845],[-110.84092304629105,32.174861127331646],[-110.84092299734441,32.174864388785409],[-110.84092298757011,32.174865220177033],[-110.84092298705083,32.174865444724915],[-110.84092299276629,32.174866311419095],[-110.84092301367713,32.174869583386958],[-110.8409230372813,32.174873257587848],[-110.84093895206613,32.177337242440892],[-110.84093900418033,32.177345255520109],[-110.84093911564004,32.177362470333563],[-110.84093929820391,32.177390502133875],[-110.84102919256627,32.177393740300083],[-110.84238640328626,32.177442597171449],[-110.84305260800559,32.177463497913799],[-110.84431394818327,32.177507500947783],[-110.84538406733445,32.177512360951972],[-110.84718031481925,32.177521979232552],[-110.84871766088646,32.177526636688391],[-110.84949943157201,32.177540192376036],[-110.8502895612104,32.177530104929119],[-110.85182697047235,32.177529142865922],[-110.85302846553586,32.177527740283516],[-110.85313560140403,32.17752108211171],[-110.85320818946198,32.17753234379277],[-110.85326102067525,32.177540262230707],[-110.85329893455683,32.177545560811481],[-110.8533552915631,32.177562958998351],[-110.85340714823612,32.177585211691181],[-110.85345667694499,32.177616724498684],[-110.85349451479526,32.177645815939421],[-110.85351931250925,32.177667327107592],[-110.85354823857244,32.177698752382057],[-110.85357430803654,32.177732643559622],[-110.85359438463962,32.177777738147007],[-110.85361150822641,32.177816622345425],[-110.85361968373215,32.177860412979172],[-110.85360914251414,32.178837160561216],[-110.85361589830758,32.180411381101678],[-110.85361759424903,32.180508806051868],[-110.8536316450398,32.180568793990574],[-110.8536714886971,32.18066902946984],[-110.85370890766934,32.180734282907373],[-110.85376684230407,32.180807182101624],[-110.85383909164311,32.180900127210592],[-110.85391177196463,32.180955712709491],[-110.85399351747553,32.180996344645827],[-110.85405188752082,32.181031793095379],[-110.85412480368909,32.181067367326357],[-110.85420963645444,32.181102955945448],[-110.85428855339021,32.181126122786701],[-110.85438224263609,32.18114692283082],[-110.85446742580854,32.1811526225856],[-110.8550242491511,32.181143982317842],[-110.85785540308032,32.181119003859187],[-110.85788998655593,32.184679090769485],[-110.85784901257934,32.186874730984648],[-110.85792488600474,32.192050424482538],[-110.85792608748928,32.192132500720653],[-110.85797069398329,32.192136634747079],[-110.85896949506385,32.192229155663156],[-110.85967012181823,32.19224785299356],[-110.86064531970956,32.192222842491041],[-110.86652512608374,32.192271809824362],[-110.87502419612471,32.192284916368394],[-110.87517527041994,32.19228769739366],[-110.87509834203547,32.193933463771835],[-110.87510110634906,32.196510260912753],[-110.87509938364349,32.19880544742054],[-110.87511802738746,32.199680065376832],[-110.87508405060355,32.202511863777865],[-110.87508426803007,32.203671492041366],[-110.87508054853312,32.204441275612133],[-110.87508397356126,32.205195790676484],[-110.87506576592331,32.206034332740828],[-110.87507196096078,32.206810632172576]]]},"properties":{"OBJECTID":7,"AREA_SQMI":11.583383100000001,"TEAM":"Midtown","SECTOR":7,"TMSECT":"Midtown 7","INITIALS":"ODM","AREA_SF":322926187.551,"AREA_ACRE":7413.36518712,"Shape_Leng":94536.710837499995,"TEAM_NU":3,"Shape.STArea()":322930459.32390857,"Shape.STLength()":94390.324411929163}},{"type":"Feature","id":8,"geometry":{"type":"Polygon","coordinates":[[[-111.01751526083694,32.279790655991441],[-111.0183938369802,32.279783700684945],[-111.01862802183213,32.280091079758911],[-111.01874401498662,32.280243429775901],[-111.0187702077565,32.280273852337729],[-111.02710231798669,32.29043742302094],[-111.02908068746071,32.292705754430465],[-111.03038404498734,32.294013869253916],[-111.03041201843145,32.294049112238895],[-111.03072632197835,32.294444991539756],[-111.03114115292699,32.294882462035829],[-111.03131004875542,32.295110591022784],[-111.0315310015657,32.295331095537257],[-111.03262435010689,32.296506633214257],[-111.03266701815042,32.296549279754906],[-111.03326326579044,32.297157235039641],[-111.03349662334806,32.297434343738921],[-111.03366541110238,32.297591259177288],[-111.03386309927936,32.297771567749805],[-111.0340046879126,32.297938428108445],[-111.03464096528219,32.298654631059769],[-111.0352575127244,32.299383233808278],[-111.03562064530969,32.299774802965871],[-111.03596871657949,32.300176315913944],[-111.03630112576352,32.300587082298179],[-111.03707556435801,32.301515803929483],[-111.0372452477075,32.301727952938712],[-111.03734926468952,32.301869809043545],[-111.03745816263529,32.302008864633422],[-111.03757214625054,32.302145034546804],[-111.03813890262373,32.302881608485691],[-111.03872499065076,32.30360714799307],[-111.03930363409711,32.304350499037916],[-111.03985767922143,32.305107421238468],[-111.04000134192323,32.305292327557169],[-111.0380791865598,32.306344877892485],[-111.0400581501943,32.308720157922693],[-111.04009933502589,32.308770779996514],[-111.04041273266253,32.309144209690295],[-111.04064651717702,32.309424487090375],[-111.04075486566069,32.309559068385759],[-111.04103698490736,32.309925064000339],[-111.03757127860604,32.309923306382352],[-111.03728089203216,32.310163259087254],[-111.0367539954416,32.309966229369103],[-111.03649144282744,32.309921621749844],[-111.03633775022648,32.309895295284221],[-111.03602638061608,32.309857389420195],[-111.03577094363465,32.309683724437214],[-111.0354805403268,32.309590644995183],[-111.03546787200467,32.309582825243012],[-111.03521734184989,32.309445786577129],[-111.03483884288399,32.309300293452907],[-111.03443011139653,32.309143421545528],[-111.03443157653598,32.308741770887522],[-111.0343506566707,32.308742063781914],[-111.03415644898654,32.308742767598815],[-111.03374658874247,32.308744367919687],[-111.03320300941705,32.308746405384213],[-111.03254432045324,32.30874892294694],[-111.03254139691009,32.308487513468442],[-111.03254165561333,32.30848175986344],[-111.03254171066668,32.308476091406718],[-111.03254156375169,32.308470334960475],[-111.03254121424872,32.308464663669888],[-111.03254066300732,32.308458990064402],[-111.03253990894821,32.308453315940007],[-111.0325387503417,32.308447638080025],[-111.03253738808554,32.308442045368281],[-111.03253602689139,32.30843645266394],[-111.03253425924738,32.308430942785421],[-111.03253228902443,32.308425517160821],[-111.03253011705456,32.308420090122944],[-111.03252774143523,32.308414748233211],[-111.03252516218393,32.308409489688167],[-111.03252238034506,32.308404316298734],[-111.03251919395049,32.308399140075338],[-111.03251600588344,32.308394136087877],[-111.03251261523764,32.308389216354129],[-111.03250902095128,32.308384380866762],[-111.03250522219231,32.308379715292823],[-111.0325012208459,32.308375134874382],[-111.03249701692081,32.308370638709668],[-111.03249260935524,32.308366226791208],[-111.03248819928514,32.308362072775665],[-111.03248358640663,32.308357917339251],[-111.03247856752958,32.308354016979202],[-111.03247354675906,32.308350202278589],[-111.03246852621871,32.308346473252314],[-111.03246309755617,32.30834299928744],[-111.03245766912381,32.308339610996853],[-111.03245223795706,32.308336394934592],[-111.02967341824423,32.307582896253699],[-111.02970921271594,32.307251751430933],[-111.0294741794644,32.307207494033754],[-111.02922010090525,32.307207856022323],[-111.02921329341687,32.307864672260095],[-111.02895275788315,32.307800993339967],[-111.0289415591656,32.308762632501505],[-111.02891719347041,32.312360398575869],[-111.03756142819579,32.312367562578942],[-111.03754702710543,32.316015650714185],[-111.03826304742994,32.316010586553531],[-111.03859886332847,32.316012321958766],[-111.03860148098735,32.31607650645892],[-111.03860674066752,32.31607654305347],[-111.03860997490546,32.316076823476273],[-111.03861320831685,32.31607718956613],[-111.03861946817193,32.316078349571868],[-111.03862572245944,32.316080196725281],[-111.038628746415,32.316081248544222],[-111.03863438664739,32.316083779513576],[-111.03863982015652,32.316086823081775],[-111.03864464126357,32.316090379131907],[-111.03864925623856,32.316094276439316],[-111.03865125847788,32.31609643760239],[-111.03865326071731,32.31609859876545],[-111.03865665551761,32.316103261345042],[-111.03865825067818,32.316105677596418],[-111.03865964218591,32.316108178103789],[-111.03866181824633,32.316113347143471],[-111.03866280350158,32.316116017072062],[-111.03866396590092,32.316121350405304],[-111.0386643439743,32.316124101782542],[-111.03866452028315,32.316126851756096],[-111.03866458819131,32.316224604992364],[-111.03866401805648,32.3163466623419],[-111.03866333706671,32.316459184878781],[-111.03819805574,32.316455946994232],[-111.03812037399533,32.316455406241204],[-111.03800324396268,32.316454590793008],[-111.03788854255099,32.316453792147236],[-111.0378848673781,32.317630486998922],[-111.03982763728229,32.317634208451338],[-111.03982774460333,32.317770099908792],[-111.03981704158296,32.319342738587181],[-111.03981741225527,32.319346262768036],[-111.0398175809194,32.319349699872426],[-111.03981754781179,32.319353135574794],[-111.03981751470418,32.319356571277197],[-111.03981727899925,32.319360091244718],[-111.03981684128608,32.319363524135788],[-111.03981620073912,32.319366955617461],[-111.0398155620796,32.319370301439434],[-111.03981471976074,32.319373731519136],[-111.03981387826732,32.319377075931683],[-111.03981283394876,32.319380418033141],[-111.0398115878496,32.319383759634363],[-111.03981014080404,32.319387014166409],[-111.03980869353062,32.319390182122248],[-111.03980704365972,32.319393434343162],[-111.03980539543977,32.319396515229791],[-111.03980334261401,32.319399593305043],[-111.03980149344747,32.319402587122518],[-111.03979923861314,32.319405578121192],[-111.03979718744674,32.319408483960295],[-111.03979473249132,32.319411302222647],[-111.03979227836997,32.319414033916054],[-111.03978962247658,32.319416764207389],[-111.03978696718085,32.319419322255293],[-111.03978431293825,32.319421881212236],[-111.03978145669586,32.319424352190872],[-111.03977804190295,32.3196316865277],[-111.03993099069179,32.319631976365926],[-111.04003781183208,32.319632203516825],[-111.0401215695734,32.319632355153338],[-111.04031801578415,32.31963277529988],[-111.04060610989009,32.319633314660479],[-111.04090694859138,32.31963394270965],[-111.04110197901669,32.319634265235706],[-111.04129498559206,32.319634659094419],[-111.04137449468362,32.319634867002435],[-111.04145198050425,32.31963497515531],[-111.04152218363967,32.319635118429375],[-111.04166724130083,32.319635437111693],[-111.04172449701761,32.319635490499074],[-111.04181331183905,32.319635676976212],[-111.04188047989723,32.319635799010086],[-111.04195978616559,32.319636005143288],[-111.04208036482672,32.319636239347993],[-111.04210545210667,32.319636241865147],[-111.04225172467083,32.319636568295046],[-111.04227134841157,32.319636617692943],[-111.0424649633047,32.319636928304028],[-111.04247346005235,32.319636987163882],[-111.04247442236087,32.319957996570238],[-111.04260006101424,32.319958007414421],[-111.04259981246803,32.320068127802344],[-111.04259832599215,32.320601974921807],[-111.04259725005153,32.320713978879951],[-111.04260331620054,32.320903942305485],[-111.04266118901508,32.320902968770568],[-111.04406298345501,32.320911209712634],[-111.04496754951376,32.3203628160257],[-111.04534306329019,32.320129274123616],[-111.04593311481416,32.319654549794464],[-111.04561700792875,32.319241001242915],[-111.04531656063268,32.318819312882709],[-111.04503156476076,32.31838991445494],[-111.04476262536221,32.317953153835091],[-111.04450973899048,32.317509372888694],[-111.04427350498183,32.317059179169839],[-111.0440537183319,32.316602998814012],[-111.04466975875459,32.316454615657626],[-111.04407122279024,32.314692997301513],[-111.04377463929744,32.313828526236435],[-111.04362822082689,32.313401542958054],[-111.04346740356472,32.312978325982009],[-111.04329238911761,32.312559132768115],[-111.04310337421842,32.312144395691973],[-111.04445279489394,32.311566268670141],[-111.04352475054941,32.310184703593919],[-111.04274324450523,32.308882056543965],[-111.04219547510837,32.30841458220236],[-111.0435045335508,32.308622758025088],[-111.04424108891415,32.308621837931916],[-111.04604980981749,32.308619466711761],[-111.04608860983681,32.305090936675704],[-111.04886660929266,32.305088590876821],[-111.0503325616222,32.305089125802482],[-111.05034598724627,32.304039623489828],[-111.0503501379813,32.303752149068949],[-111.05035396107135,32.303477901225513],[-111.05038116030013,32.301469519775416],[-111.05038315841919,32.30132333352762],[-111.0504062803615,32.299658261107247],[-111.05041813961897,32.298772984531929],[-111.05043043652142,32.297862972008694],[-111.04947270476792,32.297861894143821],[-111.04928495684729,32.297866359731742],[-111.04818550428772,32.29785794222424],[-111.04731884428143,32.297851461159205],[-111.04652782908151,32.297845496465627],[-111.04642832275103,32.297844466964442],[-111.04619072751211,32.297519677662351],[-111.04623069917223,32.294374343401685],[-111.04425496189658,32.294379861536612],[-111.04394289866812,32.294377275428367],[-111.0435924654323,32.293840906251397],[-111.04350065634004,32.293839153952931],[-111.04331280958374,32.293559457203628],[-111.0426569471973,32.292583146810934],[-111.04230439371821,32.29205844160559],[-111.04210917572061,32.291767868328115],[-111.04189979892314,32.291456409613176],[-111.04190194445016,32.291211870641831],[-111.04150570725439,32.290624755531567],[-111.04133927144706,32.290622828881837],[-111.04047079407667,32.289319648586584],[-111.03952758107002,32.287904102553412],[-111.03892849105615,32.287005132431261],[-111.03764163700626,32.285073852132442],[-111.03746062364905,32.284802268276216],[-111.03745506828909,32.284539637344011],[-111.03664392071659,32.283321697831603],[-111.0364726453991,32.283319816849755],[-111.03397208050727,32.279615672443242],[-111.03356886713966,32.279612681961559],[-111.03313860727035,32.279061981705716],[-111.03314227787406,32.278933674157308],[-111.03316084547409,32.278269978241561],[-111.03323100587782,32.276080565368943],[-111.03369568179055,32.276083213653585],[-111.03531557729502,32.27609238209336],[-111.03633208298831,32.276098097841448],[-111.03740317543769,32.276105044016177],[-111.0374367482323,32.272540646227853],[-111.03743269554013,32.271640053778462],[-111.03741483091932,32.270158688230865],[-111.03742570932904,32.268904896314169],[-111.03727059984763,32.268906908788352],[-111.03727083678839,32.268882343787389],[-111.03728544008227,32.266718306324464],[-111.03728773542915,32.266438378180439],[-111.03729502432482,32.265535887953639],[-111.03729446198001,32.265531245041501],[-111.03729369797411,32.265526601627215],[-111.0372923271235,32.265522039661477],[-111.03729075356796,32.265517475382659],[-111.0372887739767,32.265513081427677],[-111.0372863883758,32.265508855091184],[-111.03728379922654,32.26550471391289],[-111.03728080511168,32.265500742163979],[-111.0372774030911,32.265497024595689],[-111.03727379858354,32.265493392192887],[-111.03726998994533,32.265490015389432],[-111.03726597610641,32.265486895079626],[-111.03726155541446,32.265484029859458],[-111.03725692953047,32.265481420231168],[-111.0372520995071,32.26547906710384],[-111.03724706450939,32.26547705704705],[-111.03724202597191,32.265475303986044],[-111.03723678330363,32.265473806524192],[-111.03723133566088,32.265472652132807],[-111.03722588364329,32.265471841306734],[-111.03722043020841,32.26547128749116],[-111.03721476991132,32.265471162406449],[-111.03595777651854,32.265464637826682],[-111.03611360613512,32.265303804010124],[-111.03605274525394,32.265282850523114],[-111.03599271055853,32.265260098212288],[-111.03593370286735,32.265235635054495],[-111.03587572324416,32.265209461058596],[-111.03581877169127,32.265181576226063],[-111.03576304797345,32.265152067624982],[-111.0357085533787,32.265121021841303],[-111.0356552866222,32.265088352292345],[-111.03560324900033,32.265054144662216],[-111.03555284191883,32.265018488327932],[-111.03550386561614,32.264981296224313],[-111.03545631760926,32.264942825356258],[-111.03541040014376,32.264902905789398],[-111.03536611368635,32.26486170887577],[-111.03532345611393,32.264819234602257],[-111.03528263036247,32.26477557096198],[-111.03524343372771,32.264730715640233],[-111.03329979076589,32.261990617739045],[-111.03323129728774,32.261902178135614],[-111.03315914376533,32.261815774471536],[-111.03308353314088,32.261731493833757],[-111.03300446292008,32.26164959412128],[-111.0329223380535,32.26156990681379],[-111.03283695357931,32.261492773165486],[-111.03274851196358,32.26141810981499],[-111.03265701261616,32.261346087197083],[-111.0325628590443,32.261276794704756],[-111.03246584664139,32.26121031747531],[-111.03236617917875,32.261146656026931],[-111.03226405663389,32.261085983100635],[-111.03215947815359,32.261028386161684],[-111.03205264728403,32.260973779152287],[-111.03194356128687,32.260922334296467],[-111.03183262365994,32.260874140990182],[-111.03171983545583,32.260829199235964],[-111.03160519584283,32.260787593794632],[-111.03148890538267,32.260749326968472],[-111.03137116699729,32.260714485848517],[-111.031252181485,32.260683157511714],[-111.03113174801521,32.260655255774836],[-111.03101047068526,32.260630868739078],[-111.03088835075494,32.260610083887954],[-111.03076538608791,32.260592901203864],[-111.03064178044265,32.260579321211665],[-111.03051753380488,32.260569343909246],[-111.03039325107464,32.260562974440468],[-111.03026853001636,32.260560209982536],[-111.03014397471453,32.260561139545295],[-111.03001938433704,32.260565676947671],[-111.02989516238834,32.260573909793784],[-111.02977131051074,32.260585667650815],[-111.02964782703235,32.260601120953197],[-111.0295253195809,32.260620103524033],[-111.0294033840356,32.260642697299069],[-111.02928262719207,32.260668821770885],[-111.02916304904595,32.260698476040773],[-111.02904465042684,32.26073157354238],[-111.02892763400767,32.260768117506878],[-111.0290270356349,32.250699042306749],[-111.02898445249957,32.250696789756063],[-111.02612926626695,32.250694499305816],[-111.02530065237896,32.250699307321774],[-111.02387697374895,32.250693207411551],[-111.02304068189402,32.25067711593389],[-111.02227401528253,32.250683972752135],[-111.020446733893,32.250684214612534],[-111.01928743731933,32.250695822954178],[-111.01824675593346,32.250721109828568],[-111.01667389589686,32.250713823587652],[-111.01553858806933,32.250706404582324],[-111.01363273371855,32.250693442091887],[-111.01352611801615,32.250692779185194],[-111.01341908232536,32.250691340320664],[-111.01092977652108,32.25065787286438],[-111.00819126032535,32.250608702620632],[-111.00582379577739,32.250581950077809],[-111.00497683064894,32.250571932482131],[-111.00227238284499,32.250563770364522],[-111.00057268046442,32.250535822102627],[-110.99728591823434,32.250466817517299],[-110.99721643158202,32.250465354998425],[-110.99661549583557,32.25045273115829],[-110.99654800812247,32.250451310785657],[-110.99548542615786,32.250414537829805],[-110.99542737231648,32.250412528214476],[-110.99536937565362,32.250409375476139],[-110.99457077506464,32.250365973903214],[-110.99361005237827,32.250360932394507],[-110.99302467233031,32.250357115854413],[-110.99307170347991,32.250420004796013],[-110.99651303527061,32.255057535317391],[-110.99682271208422,32.255443412918751],[-110.99698290025516,32.255617410148446],[-110.99746576378413,32.256171962378097],[-110.99808161655179,32.256811320648666],[-110.99845810827176,32.257169250116306],[-110.99884409461899,32.257507832094994],[-110.99927638282219,32.257866508132096],[-110.99955601447681,32.258085860083469],[-110.99983847860489,32.258305150816675],[-111.00024538827343,32.25859448843331],[-111.00055403503703,32.258804173722709],[-111.00083702610409,32.25899142336916],[-111.00108814870262,32.259151211739585],[-111.00265223027607,32.260099178367128],[-111.00281106946294,32.260187603404468],[-111.00347321346814,32.260652892126977],[-111.00415544033754,32.261192884394589],[-111.00475155758774,32.261751836300157],[-111.00516378171953,32.262180270484748],[-111.00529476775711,32.262325263955468],[-111.00552510887705,32.26260360794776],[-111.00567336193585,32.262780941433377],[-111.00581498292826,32.262974549030893],[-111.0060894167228,32.26335310767724],[-111.00640095559967,32.263843169486677],[-111.00672113886203,32.26441945394],[-111.00688028464646,32.264701058490708],[-111.00709257703477,32.265188689317057],[-111.00731844709574,32.26577485517825],[-111.00766448909467,32.266618466042637],[-111.00792850289925,32.267415273623975],[-111.00831704507355,32.268418616330621],[-111.00852398872446,32.268876741811155],[-111.00867175265775,32.269185665016444],[-111.0088854778915,32.269551497358293],[-111.00920084819685,32.270025862750927],[-111.00991533969237,32.270890236253152],[-111.01098055042456,32.272158827602247],[-111.01101197670678,32.272196087231649],[-111.01104805057096,32.272239501755074],[-111.01192255683523,32.273345189343324],[-111.01491136665354,32.276831027318529],[-111.01556827602913,32.277557778921526],[-111.01660632783042,32.278741046929134],[-111.01751526083694,32.279790655991441]]]},"properties":{"OBJECTID":8,"AREA_SQMI":5.1876832000000004,"TEAM":"West","SECTOR":1,"TMSECT":"West 1","INITIALS":"ODW","AREA_SF":144624307.26499999,"AREA_ACRE":3320.11724667,"Shape_Leng":88346.667226100006,"TEAM_NU":2,"Shape.STArea()":144624885.76382658,"Shape.STLength()":88346.667226104444}},{"type":"Feature","id":9,"geometry":{"type":"Polygon","coordinates":[[[-110.98663154922248,32.294229291991137],[-110.98670496637682,32.294210600662844],[-110.9867031506963,32.294150716535881],[-110.98670296349918,32.294089812725105],[-110.98670202065937,32.293825583206527],[-110.98671597401588,32.293825772563395],[-110.98670775480264,32.292907375060793],[-110.98670756428983,32.292886414516182],[-110.98670701820238,32.292840798366328],[-110.98670605160697,32.292737369908266],[-110.98670592598128,32.29271005383093],[-110.98670491427202,32.292606364413231],[-110.98670424432925,32.29253804228788],[-110.98670465112968,32.292537818026346],[-110.98668693082169,32.290192496929052],[-110.98682909623962,32.290194058959763],[-110.98679365462544,32.287610970162419],[-110.98679307732695,32.287479990331938],[-110.98695799515932,32.287484238512228],[-110.98755668047274,32.287488297349874],[-110.98806852519552,32.287491719209413],[-110.9885664167318,32.287495036429469],[-110.98882284501492,32.287496748838691],[-110.98905985844115,32.287498404667062],[-110.98929646830105,32.287499971413553],[-110.9895686705263,32.287501798164627],[-110.98980629210497,32.287503371384403],[-110.98998419244334,32.287504552745787],[-110.98998672603386,32.287460457979904],[-110.98998859039455,32.287277164394297],[-110.98999197746632,32.286944162036349],[-110.98999477304889,32.28666930820112],[-110.98999440703609,32.286482028417161],[-110.98989636770649,32.286481843624905],[-110.98949249728093,32.286481111472561],[-110.98949534548714,32.285684512564181],[-110.9894944220142,32.285406680642176],[-110.98949345410892,32.285115165083553],[-110.98886976598379,32.285113503873355],[-110.98868538779286,32.285047725701276],[-110.98816890942022,32.285043842253593],[-110.98761057031825,32.285039649593493],[-110.98731795417469,32.285037410531572],[-110.98702351752004,32.28503515738781],[-110.98677474344929,32.285031123281918],[-110.98679910863599,32.28498806412172],[-110.98678081759168,32.284719412010787],[-110.98678255461643,32.284509575200303],[-110.98678891282762,32.284243251827199],[-110.98678861619037,32.284034516475984],[-110.98678906498182,32.283990539882851],[-110.98678606441653,32.283789086637867],[-110.98676927290704,32.283512284962924],[-110.98676886380045,32.283294701917171],[-110.98676971702781,32.283250728297567],[-110.98677306857114,32.283080845790778],[-110.9867673100503,32.282793044687494],[-110.98676852040988,32.282575301296539],[-110.98676775587779,32.282531315758334],[-110.98676253868537,32.282150834166877],[-110.98675665873498,32.281736159710931],[-110.98675326399056,32.281692240470214],[-110.98675091516748,32.28148590680005],[-110.98675006454191,32.281411243439017],[-110.98676335545814,32.281119545102747],[-110.9867546837403,32.280879309656555],[-110.98675140314243,32.280824310598213],[-110.98675391239848,32.280739866492034],[-110.98675556211205,32.280684310343268],[-110.98675817974362,32.280596214665223],[-110.98674749781686,32.280315162484648],[-110.98674366142016,32.280116451716779],[-110.98674097053754,32.279904520590712],[-110.98673818388737,32.279860520143302],[-110.98673798991086,32.279762597365348],[-110.98673765759548,32.279595005314384],[-110.98673231008139,32.279299700340154],[-110.99495701624383,32.279389754558359],[-110.99521661673576,32.279395514333189],[-110.99521381076093,32.279673031769725],[-110.99522024510343,32.280096643867346],[-110.99522374316405,32.280390698861147],[-110.99522988553051,32.280943242007744],[-110.99553501455516,32.280946842565818],[-110.99590462537989,32.280953317742281],[-110.99736889687811,32.281000837429083],[-110.99733115384362,32.283078272547634],[-110.99924210253354,32.283115105320981],[-110.99920526590118,32.27950246662936],[-111.00332919278583,32.279611817231839],[-111.00336113381978,32.281428972432522],[-111.01183543113467,32.281653187654534],[-111.01760954657772,32.281633700360359],[-111.0175194164479,32.281524655041338],[-111.0161082820604,32.279801781194109],[-111.01751526083694,32.279790655991441],[-111.01660632783042,32.278741046929134],[-111.01556827602913,32.277557778921526],[-111.01491136665354,32.276831027318529],[-111.01192255683523,32.273345189343324],[-111.01104805057096,32.272239501755074],[-111.01101197670678,32.272196087231649],[-111.01079857886934,32.272324281303739],[-111.01055175647787,32.27246968457149],[-111.01045844074515,32.272502591695108],[-111.01043581664096,32.272508440906421],[-111.01041358891057,32.272513391135035],[-111.01038782580009,32.272517232900356],[-111.01033273387498,32.272523014132517],[-111.00690669298639,32.272419455987823],[-111.00343943350892,32.272323007369117],[-110.99928466959418,32.27222658212763],[-110.99838918290105,32.272206075226478],[-110.99776470433879,32.27219105211902],[-110.99509072669422,32.272136175180314],[-110.99503249476339,32.272134980987417],[-110.99497426806947,32.272134318880539],[-110.99207050700198,32.272101368226565],[-110.98848093920806,32.272060543772788],[-110.98658419558585,32.27204194871041],[-110.98165649629068,32.271987440537849],[-110.97820595268196,32.271952218563804],[-110.97812502222703,32.271951388997529],[-110.97804413071965,32.271951519204819],[-110.97506387669164,32.271956326824146],[-110.97215248299656,32.271983049602632],[-110.97209429952004,32.271983584805497],[-110.97209474698485,32.27203310972854],[-110.9721215819321,32.273834034024233],[-110.97213875913631,32.275630578508697],[-110.97218203401582,32.279182700009656],[-110.97218464086318,32.279498728188365],[-110.97217448375476,32.279747644102088],[-110.97215038898558,32.27987839699442],[-110.97211623014842,32.280004784652682],[-110.97207731100892,32.280103228137627],[-110.9720437092311,32.280175958178432],[-110.97199231080327,32.280259289407823],[-110.97193583636316,32.280344724454928],[-110.97185137403362,32.280449269705265],[-110.97169081429135,32.280601816437091],[-110.97145350518203,32.28077959669335],[-110.971062908918,32.280976059654925],[-110.97076634337654,32.281122889049684],[-110.9705696648733,32.281221541678697],[-110.97037453479335,32.281318046648153],[-110.97021644144117,32.281413139811676],[-110.97004070638455,32.281537978626766],[-110.96994455235166,32.281631324506897],[-110.96993536790784,32.281638853456826],[-110.96981430915589,32.281774582788287],[-110.96971865148419,32.281906030377591],[-110.96966331383643,32.282013750464579],[-110.96962474548344,32.282095566245964],[-110.96958348758689,32.282209397992261],[-110.96956088224562,32.282343397182053],[-110.96954807548759,32.282441426036158],[-110.96953972878097,32.282845927573874],[-110.96953927244444,32.282868076384084],[-110.96953981462235,32.282886591146848],[-110.96956702303501,32.283799093095226],[-110.9696155943774,32.284727552272862],[-110.96962878433972,32.28508335658276],[-110.96964664948631,32.285475548167916],[-110.96965736637411,32.286497661799991],[-110.96965785332571,32.286543860101581],[-110.96965786460736,32.286590063853325],[-110.96965806524753,32.28724444592892],[-110.96967423681161,32.287763542709634],[-110.96970409314517,32.288277643218507],[-110.9698040018194,32.289128578861082],[-110.9699525734533,32.290219135546636],[-110.97001746315723,32.290695435560004],[-110.9700367553485,32.290830977959175],[-110.9701105137669,32.291349205778502],[-110.97022568922465,32.291731483244661],[-110.97036292558045,32.29214933033915],[-110.97053278898865,32.292620571202008],[-110.97083558077179,32.293392078917904],[-110.97095885803169,32.293776838632787],[-110.97105935385669,32.294217838853392],[-110.97113697966012,32.294708767150404],[-110.97117828041851,32.295211514868171],[-110.97118911522023,32.295780091449387],[-110.97117401259356,32.296193108077773],[-110.97117240026837,32.296238983072129],[-110.97112427498799,32.296229922814874],[-110.97063385820661,32.296193242247199],[-110.96987512772786,32.296114866093156],[-110.96951463692649,32.296101274358954],[-110.96913738395831,32.296114161136614],[-110.96864377083679,32.296164987147385],[-110.96805341135055,32.296234910685591],[-110.96804065690482,32.2962356932128],[-110.96803185883667,32.29632339624348],[-110.96794309221688,32.296320754207976],[-110.96785434994493,32.296315877595632],[-110.96776583355599,32.296308684052626],[-110.96767754216417,32.296299259245302],[-110.96758988223442,32.29628751965565],[-110.96752525705725,32.296278013839661],[-110.96720726758915,32.297445122248192],[-110.96802120030404,32.297443682273943],[-110.96801640770016,32.298059104178343],[-110.96831864708113,32.298015248148232],[-110.9687910726566,32.29798314845501],[-110.96906424439246,32.297953073948435],[-110.96939620349009,32.297774320386196],[-110.96960817255355,32.297658231142208],[-110.96968102426601,32.297440768397834],[-110.96973584350066,32.297440321084025],[-110.96968360631315,32.301102097922531],[-110.97397075974325,32.301086943628569],[-110.97401201402019,32.297551092621575],[-110.97399712077404,32.296762267078975],[-110.97397242655887,32.295591551205554],[-110.97292955256282,32.295592692869086],[-110.97291617400141,32.29378023178473],[-110.97291746755084,32.292737869376424],[-110.97242922855048,32.292737311041186],[-110.97243260244147,32.292509449180272],[-110.97244092368966,32.291921282064393],[-110.97244819384771,32.291571130582234],[-110.97322155746724,32.292005714852841],[-110.97334937333478,32.292084665301282],[-110.97347391447529,32.292167370668594],[-110.97359477730404,32.292253742277175],[-110.97371216549062,32.292343695084341],[-110.97382567527137,32.292437054739246],[-110.9739353075332,32.292533735586318],[-110.97404086251449,32.292633650471494],[-110.9741421381717,32.292736624747732],[-110.97423933814795,32.292842575174625],[-110.97441904554482,32.293008411403328],[-110.97460487341259,32.293169310515943],[-110.97479682228909,32.293325015472199],[-110.97499448981442,32.293475523243387],[-110.97519767570121,32.293620488717345],[-110.97540637994945,32.293759910965882],[-110.97554101874972,32.293844493236008],[-110.97567852469321,32.293925660815042],[-110.97581869694548,32.294003326524425],[-110.97596173791771,32.294077320518447],[-110.97610724437106,32.294147723652067],[-110.97627737843818,32.294222691993937],[-110.97645039580622,32.294292784720142],[-110.97662609260919,32.294358001202539],[-110.97680426799622,32.294418254262041],[-110.97698451835817,32.294473453407655],[-110.97716704536388,32.294523601934756],[-110.97735124473998,32.294568608762887],[-110.97753711521813,32.294608388202526],[-110.97772445611702,32.294642938753526],[-110.97800375873567,32.294684012978728],[-110.97804257224414,32.297041084457469],[-110.97806109256146,32.297618714434108],[-110.97808206615788,32.298606009724821],[-110.9762460662062,32.298606776431889],[-110.97621567155007,32.301079808491949],[-110.97678396674655,32.301089023634468],[-110.97681916861598,32.301088426300801],[-110.97685458372572,32.301086714999414],[-110.97688960602575,32.301083969086953],[-110.97692463789927,32.301080192461107],[-110.97695947867915,32.301075383628053],[-110.97699392556545,32.301069541980127],[-110.97702838309282,32.301062668725223],[-110.97706244584968,32.301054847419906],[-110.97709611559362,32.301045907634489],[-110.97712939057433,32.301036018897541],[-110.97716227077223,32.301025183012854],[-110.97719475619574,32.301013399078904],[-110.97722664600022,32.301000579928861],[-110.9772579373555,32.300986896886982],[-110.97728863113541,32.3009722651896],[-110.97732215137962,32.300958256028295],[-110.97735507494937,32.300943210741217],[-110.97738719833039,32.300927300963082],[-110.97741872414254,32.300910441627792],[-110.97744965343753,32.300892633645432],[-110.97747978255143,32.300873960271787],[-110.97750890975655,32.30085442000658],[-110.97753743849785,32.300834016753832],[-110.9775651670477,32.300812749013168],[-110.97759189085936,32.300790785706567],[-110.97761781554101,32.30076795792106],[-110.97764273547517,32.30074443547251],[-110.97766665154545,32.300720132695623],[-110.97768976583559,32.300695222439082],[-110.97771167259025,32.300669616012733],[-110.97773257477681,32.300643400599355],[-110.97787802490573,32.300465299766273],[-110.97789212110258,32.300451832274433],[-110.97790661631365,32.300438797914332],[-110.97792171439802,32.300426197299927],[-110.97793741535574,32.300414030431092],[-110.97795351532771,32.300402296693434],[-110.97797001556367,32.300391080866746],[-110.9779869148234,32.300380297269157],[-110.97800441606435,32.300370033984031],[-110.97802211566479,32.300360201435559],[-110.97804021251405,32.300350973349296],[-110.9780587096281,32.300342263173192],[-110.97807760576674,32.300333985225393],[-110.97809669848117,32.300326311149121],[-110.97811618951643,32.30031924064054],[-110.97811940763755,32.300517259069061],[-110.97812362247309,32.30069707454193],[-110.97813123167334,32.301018561597417],[-110.9787760204713,32.301024470389201],[-110.97949779060031,32.301019007393407],[-110.97949824638235,32.301073041255123],[-110.97999038117285,32.301072827896583],[-110.98001475506902,32.300846754025635],[-110.98004841219367,32.300622638324143],[-110.98009075613123,32.300399617830514],[-110.98014138142524,32.300177775199806],[-110.98020028253244,32.299957540546615],[-110.98026745940578,32.299738912956691],[-110.98034290862886,32.299522322557188],[-110.98044050092317,32.299296448001037],[-110.98051383107419,32.299148129971236],[-110.98058131644022,32.298997793574891],[-110.98064275249951,32.298845608650076],[-110.98072942559122,32.298638894014069],[-110.98080924110195,32.298430238262888],[-110.98088219907311,32.298219641410093],[-110.98091644608796,32.298115014054119],[-110.98094685871341,32.29800958450641],[-110.98097363672235,32.297903441726724],[-110.98099678137923,32.297796670497561],[-110.98101608797228,32.29768935497637],[-110.98103155650534,32.297581496066798],[-110.98110384476281,32.297199699587566],[-110.98132144416752,32.296139956171558],[-110.98212592186876,32.295580619344229],[-110.98254060926985,32.295496845309977],[-110.98264576759729,32.295478811474617],[-110.98303194232498,32.295329658676714],[-110.98306388062963,32.295317323544943],[-110.98309048681695,32.295365795454885],[-110.98308953305038,32.295715307328379],[-110.98393612085508,32.295723368679504],[-110.98382368821335,32.295523426701997],[-110.9838704028831,32.295504444138921],[-110.98428280189928,32.295505772652113],[-110.98444745704838,32.295504412125482],[-110.98482948378231,32.295508864821834],[-110.98483676466314,32.295508918563556],[-110.98521515209521,32.295513342328704],[-110.98536383189013,32.295511604816802],[-110.98573073029897,32.29551207799539],[-110.9857829011865,32.295513321227631],[-110.98615685774304,32.295515906765786],[-110.98615926907439,32.295299632720564],[-110.98629497336768,32.295300976472312],[-110.98664401544326,32.295306984214022],[-110.9866289703684,32.294284600388437],[-110.98662790758267,32.294230219286561],[-110.98662763386642,32.294228639089823],[-110.98663154922248,32.294229291991137]]]},"properties":{"OBJECTID":9,"AREA_SQMI":2.4203628199999998,"TEAM":"West","SECTOR":2,"TMSECT":"West 2","INITIALS":"ODW","AREA_SF":67475842.753299996,"AREA_ACRE":1549.03220278,"Shape_Leng":67772.391637599998,"TEAM_NU":2,"Shape.STArea()":73409365.536245957,"Shape.STLength()":66414.036478511567}},{"type":"Feature","id":10,"geometry":{"type":"Polygon","coordinates":[[[-110.94363001092501,32.284985641603619],[-110.94363542119029,32.286409114999593],[-110.94363685771327,32.286710197423162],[-110.94363767434723,32.286936715822144],[-110.94363907310348,32.287260217914501],[-110.94373282706927,32.287268327151139],[-110.94373453903629,32.287429914650779],[-110.94373751760948,32.287662376404107],[-110.94402228512894,32.287661563797961],[-110.94402243740934,32.287685187072128],[-110.94402444879707,32.287761995587381],[-110.94402443792346,32.287838787621382],[-110.94402159585444,32.287915558745965],[-110.9441045191908,32.287915252424838],[-110.94451347717397,32.287913333742651],[-110.9445277273278,32.288662729560691],[-110.94478080321436,32.288542703136464],[-110.94492761245023,32.288639522753755],[-110.94477241906098,32.288854704804336],[-110.94473712184408,32.288940503057681],[-110.94479876224509,32.288963654551381],[-110.94486082729992,32.28898491908307],[-110.94492412957977,32.289003960217052],[-110.94492517867329,32.289000361038042],[-110.94495030011836,32.288920497706734],[-110.9450069659664,32.288936051813614],[-110.94506425448668,32.288950064077049],[-110.94512236934119,32.288962451292882],[-110.94518050070388,32.288973291999177],[-110.94587677185257,32.289093063339635],[-110.94597244590865,32.289110978490733],[-110.94603378021594,32.289124935749527],[-110.94609469177095,32.28914060858537],[-110.94615477613546,32.289157992086388],[-110.9462140323901,32.2891771728208],[-110.94627266420196,32.289198067584735],[-110.94633026607053,32.289220671458963],[-110.94638704165273,32.289244902141377],[-110.94644278820871,32.289270756271478],[-110.9464975058802,32.289298320425843],[-110.94655099465413,32.289327335150332],[-110.94660325269774,32.289357972678744],[-110.94665428184648,32.289390060780349],[-110.94670408209176,32.28942360035839],[-110.94675245175353,32.28945858806135],[-110.94688668313299,32.289559260549041],[-110.94714199896261,32.28909574220831],[-110.94718477121634,32.289181538229386],[-110.94722920800163,32.289262966908062],[-110.94727689426001,32.289343132730615],[-110.9473278327617,32.289421775992473],[-110.9473820225725,32.289498985060341],[-110.94743926476086,32.289574498680693],[-110.94749935548838,32.289648317088442],[-110.94756249951337,32.289720354375355],[-110.94762849497866,32.289790524217189],[-110.94769714110666,32.289858738494516],[-110.94776863945,32.289924913077584],[-110.94784279028154,32.289988960756681],[-110.94791939175929,32.29005079340444],[-110.94851664491016,32.2905064239796],[-110.94866715173681,32.290617527131275],[-110.94882174924429,32.290724366126696],[-110.94898043832652,32.290826856187337],[-110.94914301895895,32.29092473694449],[-110.94930928956873,32.291018093412838],[-110.94947925075826,32.29110666766374],[-110.94965229830899,32.291190369382107],[-110.94982883668241,32.291269200750705],[-110.95000825846087,32.291343072333667],[-110.95019036480696,32.291411810350041],[-110.95037515660533,32.291475329122576],[-110.95056222738857,32.291533711201239],[-110.9507513781595,32.291586697134505],[-110.95094280876789,32.291634460687945],[-110.95113571404495,32.291676736872731],[-110.95166790412453,32.291785344029577],[-110.95182287421478,32.291819340941167],[-110.95197638275165,32.291857621834794],[-110.95212822820321,32.291900270848579],[-110.95227820767586,32.291947199864694],[-110.95232999743118,32.291965032931003],[-110.9524265248526,32.29199832567506],[-110.95257257252767,32.292053641845179],[-110.95271635266582,32.292113064529346],[-110.95285786619755,32.292176507168257],[-110.95299670851553,32.292243880107172],[-110.95307534129739,32.292286226153038],[-110.95315561764036,32.292326266130416],[-110.95323733281383,32.292364083244323],[-110.95332069230049,32.292399422042926],[-110.95340528980779,32.292432450767713],[-110.95349112714241,32.292462998085277],[-110.95357820429872,32.292491063993026],[-110.95366631941708,32.292516560374473],[-110.95375547172237,32.292539660369762],[-110.95384525947692,32.29256010119046],[-110.95393608516403,32.292577973380304],[-110.95402734259228,32.292593272314804],[-110.95411923438617,32.292605912061852],[-110.95421155895816,32.292615979461019],[-110.95430431511109,32.29262338612434],[-110.9543973030768,32.292628046659445],[-110.95449031827734,32.292630129949465],[-110.95591839574689,32.292653460549936],[-110.95591843043593,32.292707748219314],[-110.95591825218413,32.293203978168592],[-110.95592011225145,32.293871331966876],[-110.95500652612398,32.293870303829181],[-110.95501852863487,32.293940315587164],[-110.95509532889747,32.294635470331961],[-110.95488528852154,32.294893538578307],[-110.95465603307419,32.295189771776734],[-110.95426650230094,32.295800112704214],[-110.95415072699775,32.296247959789035],[-110.95434176331597,32.296142816420307],[-110.95451073430631,32.29636477629596],[-110.95415984756154,32.296552450864759],[-110.95492168170105,32.298591369913062],[-110.95371743388341,32.299599905285959],[-110.95391033892273,32.301174420460036],[-110.95344286293511,32.301807441905268],[-110.95519215028283,32.301729726534013],[-110.95520983733451,32.301510564732766],[-110.95521256099923,32.301482496714762],[-110.95521649730647,32.301454523604967],[-110.95522164534108,32.301426731970338],[-110.95522780321762,32.301399034600848],[-110.9552349701974,32.301371601933333],[-110.95524355169992,32.301344351383207],[-110.95525293752978,32.301317451450807],[-110.95526373788039,32.301290733635263],[-110.95527534272355,32.301264451208638],[-110.95528815838306,32.301238435920801],[-110.95530198132232,32.301212857565723],[-110.95531701219619,32.301187718573004],[-110.95533284863136,32.301163014074319],[-110.95534969035931,32.301138833967975],[-110.95536753831253,32.301115089883147],[-110.95538639172443,32.3010919549615],[-110.95540625149904,32.30106934353735],[-110.95542691288175,32.301047339723198],[-110.95544857973175,32.301025944169226],[-110.95547104834698,32.301005241897819],[-110.95549431872742,32.300985232908545],[-110.95551839177732,32.30096583153567],[-110.95554326567873,32.300947210011152],[-110.95556873872472,32.300929364995156],[-110.95559501246512,32.300912214153193],[-110.95562208722482,32.300895927929943],[-110.95564976005876,32.300880419107635],[-110.95567803096741,32.300865687685835],[-110.95570690009934,32.300851820239352],[-110.95573636655111,32.300838902433142],[-110.95576622829154,32.30082676048265],[-110.95579668825711,32.300815482506337],[-110.95582754186252,32.300805237389255],[-110.95585879181093,32.30079576903681],[-110.95589023366549,32.300787332909351],[-110.95592227269618,32.300779759845035],[-110.95595450347705,32.300773133331852],[-110.95598692616699,32.300767539043122],[-110.95601954258412,32.300762804746277],[-110.95605255156694,32.300759105102408],[-110.95608555164938,32.300756349580347],[-110.95611853979584,32.300754624731063],[-110.95615172076033,32.300753846440365],[-110.95670175408682,32.300748840122189],[-110.95668919396613,32.299772087289625],[-110.95668046626933,32.299103393126131],[-110.95667500760324,32.298681078426235],[-110.95665995095766,32.297519025109544],[-110.95727485286156,32.297517687343998],[-110.95744759116526,32.297517367718605],[-110.9587481897955,32.297514530650759],[-110.9594294487606,32.297511881364798],[-110.95999682820522,32.297509654139454],[-110.95998913689546,32.298029964995102],[-110.95960363267795,32.298451807116159],[-110.95915776275312,32.298939589763052],[-110.95919865691918,32.298993843725171],[-110.95918460807677,32.299002670533106],[-110.95946592831442,32.299429395869524],[-110.96000204014923,32.299150684498109],[-110.96006081760781,32.299120121059609],[-110.96007952415052,32.299110814512964],[-110.96009842610331,32.299102110052154],[-110.96011772911199,32.299093837890737],[-110.96013742833489,32.299086256812437],[-110.96015732493031,32.299079192162125],[-110.96017762062085,32.299072645468215],[-110.96019811186602,32.299066788336539],[-110.96021879852323,32.299061533289986],[-110.9602396814831,32.29905679556478],[-110.96026076000828,32.29905274649974],[-110.96028183222441,32.299049297991331],[-110.96030330262866,32.299046454005797],[-110.9603247667152,32.299044211478495],[-110.96034622358482,32.299042656074882],[-110.96036787782121,32.299041618000246],[-110.96038952288031,32.299041352706695],[-110.96064176190336,32.299040514514175],[-110.96064742950638,32.29904012727139],[-110.96065310070672,32.299039397366371],[-110.96065857183048,32.299038408027144],[-110.96066404762257,32.299037075131963],[-110.96066932423732,32.299035397137153],[-110.96067440077532,32.299033459708156],[-110.96067948197206,32.299031179625018],[-110.9606841603175,32.299028637670347],[-110.96068884332161,32.299025753061535],[-110.9606931225656,32.299022693148487],[-110.96069720369373,32.299019288143938],[-110.96070088212346,32.29901570784326],[-110.96070436062925,32.299011954683856],[-110.96070763905819,32.299007942090491],[-110.9607103119954,32.299003753567177],[-110.96071278410948,32.298999477850693],[-110.96071485352527,32.298995026838213],[-110.96071652024284,32.298990400529753],[-110.96071798522863,32.298985773595419],[-110.96071884383318,32.29898105549502],[-110.96071950055305,32.298976250193476],[-110.9607195510448,32.29897144030118],[-110.96071939981441,32.298966628881267],[-110.96068957716747,32.298551172795229],[-110.96067371780426,32.298135136142228],[-110.9607310830059,32.297506798821367],[-110.96122965704616,32.297488583409567],[-110.96122769169561,32.297656584604567],[-110.96123240293248,32.297824464080392],[-110.96124379168297,32.297992137073258],[-110.96126206135777,32.298159346300608],[-110.96128701312358,32.298325919812328],[-110.96130653361777,32.298451134706092],[-110.96192259282785,32.298455795518528],[-110.96259710246203,32.29846089509109],[-110.96306073293916,32.299327069052239],[-110.96305655270071,32.299378576143276],[-110.96423613250376,32.299384217768122],[-110.9642481399782,32.297578564219087],[-110.96439555428253,32.297485446623881],[-110.96434640433228,32.297485333776841],[-110.9638870862136,32.296400070318164],[-110.96388976151641,32.295660939862024],[-110.96351949943973,32.295653420288012],[-110.96229999671692,32.295486069378448],[-110.96220408897638,32.295470140616281],[-110.96210861383427,32.295451637666901],[-110.96201397275806,32.295430650141498],[-110.96192016877612,32.295407092392466],[-110.96182719888371,32.295381049169656],[-110.96182713657157,32.295348407526049],[-110.96170977131007,32.29531496428492],[-110.96159385389886,32.295278526141516],[-110.96147917872281,32.295239261987106],[-110.96136333177994,32.295196123686097],[-110.96135829856168,32.295193851804875],[-110.96135347081476,32.295191324461207],[-110.96134905116098,32.295188456614198],[-110.96134483698805,32.295185332403065],[-110.96134082633573,32.295182037485311],[-110.96133702009313,32.295178487097203],[-110.96133362210678,32.295174681879473],[-110.96133042763161,32.295170706856979],[-110.96132763945239,32.29516656266243],[-110.96132525756914,32.295162249295934],[-110.96132307829841,32.295157851790243],[-110.96132150808943,32.295153287548828],[-110.96132014155451,32.295148639176325],[-110.96131917935513,32.295143907289422],[-110.9613186227065,32.295139178471494],[-110.96131846948524,32.295134452706485],[-110.96132238003264,32.293874619535288],[-110.96132626289763,32.293311588351813],[-110.96132632241317,32.29195603501536],[-110.96132525398258,32.291710788305622],[-110.96132511621489,32.291627552457001],[-110.96132377118657,32.291292969857373],[-110.9613236819534,32.291147200719955],[-110.96276979328938,32.291165350469377],[-110.96298727237392,32.291140450313563],[-110.96540808795697,32.291831552334813],[-110.96641836751631,32.292120046128574],[-110.96646998814815,32.292135037746434],[-110.96656556632111,32.292279206124469],[-110.96673068258056,32.292349424855828],[-110.96692572733234,32.291915819530217],[-110.96707598362443,32.291839898649407],[-110.96977127625448,32.291853270511673],[-110.96976885118291,32.293351141120468],[-110.96976894394174,32.293809149584078],[-110.96974125249086,32.293807481846265],[-110.96974078994604,32.293851973052391],[-110.96971640996104,32.2956132989572],[-110.96810182488788,32.295625916245335],[-110.96804065690482,32.2962356932128],[-110.96805341135055,32.296234910685591],[-110.96864377083679,32.296164987147385],[-110.96913738395831,32.296114161136614],[-110.96951463692649,32.296101274358954],[-110.96987512772786,32.296114866093156],[-110.97063385820661,32.296193242247199],[-110.97112427498799,32.296229922814874],[-110.97117240026837,32.296238983072129],[-110.97117401259356,32.296193108077773],[-110.97118911522023,32.295780091449387],[-110.97117828041851,32.295211514868171],[-110.97113697966012,32.294708767150404],[-110.97105935385669,32.294217838853392],[-110.97095885803169,32.293776838632787],[-110.97083558077179,32.293392078917904],[-110.97053278898865,32.292620571202008],[-110.97036292558045,32.29214933033915],[-110.97022568922465,32.291731483244661],[-110.9701105137669,32.291349205778502],[-110.9700367553485,32.290830977959175],[-110.97001746315723,32.290695435560004],[-110.9699525734533,32.290219135546636],[-110.9698040018194,32.289128578861082],[-110.96970409314517,32.288277643218507],[-110.96967423681161,32.287763542709634],[-110.96965806524753,32.28724444592892],[-110.96965786460736,32.286590063853325],[-110.96965785332571,32.286543860101581],[-110.96965736637411,32.286497661799991],[-110.96964664948631,32.285475548167916],[-110.96962878433972,32.28508335658276],[-110.9696155943774,32.284727552272862],[-110.96956702303501,32.283799093095226],[-110.96953981462235,32.282886591146848],[-110.96953927244444,32.282868076384084],[-110.96953972878097,32.282845927573874],[-110.96954807548759,32.282441426036158],[-110.96956088224562,32.282343397182053],[-110.96958348758689,32.282209397992261],[-110.96962474548344,32.282095566245964],[-110.96966331383643,32.282013750464579],[-110.96971865148419,32.281906030377591],[-110.96981430915589,32.281774582788287],[-110.96993536790784,32.281638853456826],[-110.96994455235166,32.281631324506897],[-110.97004070638455,32.281537978626766],[-110.97021644144117,32.281413139811676],[-110.97037453479335,32.281318046648153],[-110.9705696648733,32.281221541678697],[-110.97076634337654,32.281122889049684],[-110.971062908918,32.280976059654925],[-110.97145350518203,32.28077959669335],[-110.97169081429135,32.280601816437091],[-110.97185137403362,32.280449269705265],[-110.97193583636316,32.280344724454928],[-110.97199231080327,32.280259289407823],[-110.9720437092311,32.280175958178432],[-110.97207731100892,32.280103228137627],[-110.97211623014842,32.280004784652682],[-110.97215038898558,32.27987839699442],[-110.97217448375476,32.279747644102088],[-110.97218464086318,32.279498728188365],[-110.97218203401582,32.279182700009656],[-110.97213875913631,32.275630578508697],[-110.9721215819321,32.273834034024233],[-110.97209474698485,32.27203310972854],[-110.97209429952004,32.271983584805497],[-110.97203611413953,32.271983996418122],[-110.96778849179979,32.272014055793775],[-110.96563866383362,32.272046590510641],[-110.96349701668763,32.272069279048615],[-110.96317545325132,32.272069135999139],[-110.96200335316483,32.272055668554437],[-110.96108211717068,32.272052843476722],[-110.96102393050683,32.27205266742935],[-110.96096573821026,32.272053433711875],[-110.95946068852187,32.272073271720622],[-110.9583714594563,32.27208562697809],[-110.95669522730881,32.272097124951713],[-110.95553868993518,32.272106705810856],[-110.95483564995963,32.272129270109275],[-110.95401967913423,32.272138173857947],[-110.95387543709326,32.272139424440418],[-110.95309398886309,32.272118143661352],[-110.95237551258285,32.2721177280525],[-110.95115865335066,32.272133598860933],[-110.95031625894686,32.272168183134625],[-110.95019113004243,32.272171697727465],[-110.94935836894217,32.272182869635344],[-110.94806469059969,32.272177251472748],[-110.94761975426924,32.272184403899452],[-110.94590801875049,32.272188094006665],[-110.94384709371081,32.272209241599867],[-110.94378883518557,32.272209837125438],[-110.94378881104394,32.272253374790601],[-110.94378775935205,32.274110108140789],[-110.94379658023423,32.275879672724507],[-110.94379841223133,32.27800020176258],[-110.94379819337237,32.278399584959026],[-110.94379083283884,32.279505849173738],[-110.9438083146992,32.28313435068911],[-110.94381316535457,32.28400076526021],[-110.94380980956893,32.284834969530735],[-110.94363220309461,32.284983957676388],[-110.94363001092501,32.284985641603619]]]},"properties":{"OBJECTID":10,"AREA_SQMI":2.34887924,"TEAM":"West","SECTOR":3,"TMSECT":"West 3","INITIALS":"ODW","AREA_SF":65482995.049900003,"AREA_ACRE":1503.28271464,"Shape_Leng":49183.835596999998,"TEAM_NU":2,"Shape.STArea()":65483256.982674412,"Shape.STLength()":49183.835596983175}},{"type":"Feature","id":11,"geometry":{"type":"Polygon","coordinates":[[[-110.97209429952004,32.271983584805497],[-110.97215248299656,32.271983049602632],[-110.97506387669164,32.271956326824146],[-110.97804413071965,32.271951519204819],[-110.97812502222703,32.271951388997529],[-110.97820595268196,32.271952218563804],[-110.98165649629068,32.271987440537849],[-110.98658419558585,32.27204194871041],[-110.98848093920806,32.272060543772788],[-110.99207050700198,32.272101368226565],[-110.99497426806947,32.272134318880539],[-110.99503249476339,32.272134980987417],[-110.99509072669422,32.272136175180314],[-110.99776470433879,32.27219105211902],[-110.99838918290105,32.272206075226478],[-110.99928466959418,32.27222658212763],[-111.00343943350892,32.272323007369117],[-111.00690669298639,32.272419455987823],[-111.01033273387498,32.272523014132517],[-111.01038782580009,32.272517232900356],[-111.01041358891057,32.272513391135035],[-111.01043581664096,32.272508440906421],[-111.01045844074515,32.272502591695108],[-111.01055175647787,32.27246968457149],[-111.01079857886934,32.272324281303739],[-111.01101197670678,32.272196087231649],[-111.01098055042456,32.272158827602247],[-111.00991533969237,32.270890236253152],[-111.00920084819685,32.270025862750927],[-111.0088854778915,32.269551497358293],[-111.00867175265775,32.269185665016444],[-111.00852398872446,32.268876741811155],[-111.00831704507355,32.268418616330621],[-111.00792850289925,32.267415273623975],[-111.00766448909467,32.266618466042637],[-111.00731844709574,32.26577485517825],[-111.00709257703477,32.265188689317057],[-111.00688028464646,32.264701058490708],[-111.00672113886203,32.26441945394],[-111.00640095559967,32.263843169486677],[-111.0060894167228,32.26335310767724],[-111.00581498292826,32.262974549030893],[-111.00567336193585,32.262780941433377],[-111.00552510887705,32.26260360794776],[-111.00529476775711,32.262325263955468],[-111.00516378171953,32.262180270484748],[-111.00475155758774,32.261751836300157],[-111.00415544033754,32.261192884394589],[-111.00347321346814,32.260652892126977],[-111.00281106946294,32.260187603404468],[-111.00265223027607,32.260099178367128],[-111.00108814870262,32.259151211739585],[-111.00083702610409,32.25899142336916],[-111.00055403503703,32.258804173722709],[-111.00024538827343,32.25859448843331],[-110.99983847860489,32.258305150816675],[-110.99955601447681,32.258085860083469],[-110.99927638282219,32.257866508132096],[-110.99884409461899,32.257507832094994],[-110.99845810827176,32.257169250116306],[-110.99808161655179,32.256811320648666],[-110.99746576378413,32.256171962378097],[-110.99698290025516,32.255617410148446],[-110.99682271208422,32.255443412918751],[-110.99651303527061,32.255057535317391],[-110.99307170347991,32.250420004796013],[-110.99302467233031,32.250357115854413],[-110.99292683876673,32.250356477224301],[-110.9928276485882,32.250353989778915],[-110.99226831364857,32.250339956741655],[-110.98838875163871,32.250297849296707],[-110.98645921599623,32.250278206577541],[-110.98438830551507,32.250255338581219],[-110.98226901933529,32.250228085591516],[-110.98073966116684,32.250219522087455],[-110.98014911488504,32.250202726881824],[-110.97918610905323,32.250201137192221],[-110.97860012150981,32.250195872224765],[-110.97814003430719,32.25021960188608],[-110.97804307066781,32.250224601797441],[-110.97794596324374,32.250229548260137],[-110.9777205016089,32.250241023205689],[-110.9770079810819,32.250302022313434],[-110.97688441139319,32.25030662865057],[-110.97653300256668,32.250315093951087],[-110.97624455560673,32.250311614275816],[-110.97497809100746,32.250304734711769],[-110.97407453361009,32.250300208785809],[-110.97345503943185,32.250303144371337],[-110.9719786386357,32.250321387301852],[-110.97192042250153,32.250322107212867],[-110.97192094209464,32.25037492539046],[-110.97193861676685,32.2521669384533],[-110.97194499164077,32.253074091386836],[-110.97195471296693,32.253970443756856],[-110.97196637372799,32.255792092500016],[-110.97198237738958,32.257604465520977],[-110.97200086599813,32.259417692611756],[-110.97201166991309,32.261237615463273],[-110.9720305228423,32.263048096427802],[-110.97204339441386,32.264694262975617],[-110.97204384240439,32.2647437410631],[-110.97204439116221,32.264793225314726],[-110.97205779995994,32.266367832450101],[-110.97207467331042,32.26797929001021],[-110.97207988278932,32.269564582035898],[-110.97208160267978,32.270237309563832],[-110.97209560941448,32.270751802872617],[-110.9720931877183,32.27193414870252],[-110.97209429952004,32.271983584805497]]]},"properties":{"OBJECTID":11,"AREA_SQMI":2.7027226299999998,"TEAM":"West","SECTOR":4,"TMSECT":"West 4","INITIALS":"ODW","AREA_SF":75347582.601799995,"AREA_ACRE":1729.74248397,"Shape_Leng":36344.1079063,"TEAM_NU":2,"Shape.STArea()":75347883.992997274,"Shape.STLength()":36344.10790633229}},{"type":"Feature","id":12,"geometry":{"type":"Polygon","coordinates":[[[-110.97192042250153,32.250322107212867],[-110.97037710819454,32.250321257104424],[-110.96975174146864,32.250325299296854],[-110.96763661957577,32.250351418245934],[-110.96546384075262,32.25036608348988],[-110.96487388183601,32.250371091366389],[-110.96414402877589,32.250371585152422],[-110.96333750362768,32.250376087355107],[-110.96253614556089,32.250385153275197],[-110.96178952300883,32.250388918392993],[-110.96101663830463,32.250393623953826],[-110.96096060897675,32.250393967570233],[-110.96090457463022,32.25039316941902],[-110.96050449708713,32.250387489885632],[-110.95978050555443,32.25030873821111],[-110.95936375854667,32.250244135534452],[-110.95838432702533,32.250000515411337],[-110.95766619729845,32.249888252926496],[-110.95696585875041,32.24985364108533],[-110.95685486471119,32.249853666349608],[-110.95537280298136,32.249853987513177],[-110.95387715798833,32.249869401472267],[-110.95252701704584,32.249880490065792],[-110.95132342002536,32.24988427096595],[-110.94982329425986,32.249893371095851],[-110.94833333193685,32.249907344312476],[-110.94685348466459,32.249910853365542],[-110.94570447083792,32.24992412520259],[-110.94536752604562,32.249953639939697],[-110.94467216962383,32.250082807341826],[-110.94413636980727,32.250224584698017],[-110.94404952952779,32.250236271999476],[-110.94404625346669,32.25029511389134],[-110.94401762279111,32.250630201350781],[-110.94398117147206,32.250972183396001],[-110.94394101977377,32.251991938235577],[-110.943935498762,32.253021510703597],[-110.94392411099237,32.253994824805325],[-110.94391090496737,32.254735142787297],[-110.9438602306145,32.255738452468272],[-110.94383313319817,32.257559718990585],[-110.94383687281838,32.259387909451874],[-110.94382077336365,32.261200452486406],[-110.94379901582894,32.262974639541646],[-110.94378686550493,32.264798734482966],[-110.94378654510462,32.264846969282061],[-110.94378642206291,32.264897696418295],[-110.94378184225009,32.266763767352423],[-110.94378089184151,32.268577067982854],[-110.94378166343688,32.269129916003962],[-110.94378741324084,32.270400689229362],[-110.94378883518557,32.272209837125438],[-110.94384709371081,32.272209241599867],[-110.94590801875049,32.272188094006665],[-110.94761975426924,32.272184403899452],[-110.94806469059969,32.272177251472748],[-110.94935836894217,32.272182869635344],[-110.95019113004243,32.272171697727465],[-110.95031625894686,32.272168183134625],[-110.95115865335066,32.272133598860933],[-110.95237551258285,32.2721177280525],[-110.95309398886309,32.272118143661352],[-110.95387543709326,32.272139424440418],[-110.95401967913423,32.272138173857947],[-110.95483564995963,32.272129270109275],[-110.95553868993518,32.272106705810856],[-110.95669522730881,32.272097124951713],[-110.9583714594563,32.27208562697809],[-110.95946068852187,32.272073271720622],[-110.96096573821026,32.272053433711875],[-110.96102393050683,32.27205266742935],[-110.96108211717068,32.272052843476722],[-110.96200335316483,32.272055668554437],[-110.96317545325132,32.272069135999139],[-110.96349701668763,32.272069279048615],[-110.96563866383362,32.272046590510641],[-110.96778849179979,32.272014055793775],[-110.97203611413953,32.271983996418122],[-110.97209429952004,32.271983584805497],[-110.9720931877183,32.27193414870252],[-110.97209560941448,32.270751802872617],[-110.97208160267978,32.270237309563832],[-110.97207988278932,32.269564582035898],[-110.97207467331042,32.26797929001021],[-110.97205779995994,32.266367832450101],[-110.97204439116221,32.264793225314726],[-110.97204384240439,32.2647437410631],[-110.97204339441386,32.264694262975617],[-110.9720305228423,32.263048096427802],[-110.97201166991309,32.261237615463273],[-110.97200086599813,32.259417692611756],[-110.97198237738958,32.257604465520977],[-110.97196637372799,32.255792092500016],[-110.97195471296693,32.253970443756856],[-110.97194499164077,32.253074091386836],[-110.97193861676685,32.2521669384533],[-110.97192094209464,32.25037492539046],[-110.97192042250153,32.250322107212867]]]},"properties":{"OBJECTID":12,"AREA_SQMI":2.49796263,"TEAM":"West","SECTOR":5,"TMSECT":"West 5","INITIALS":"ODW","AREA_SF":69639201.496399999,"AREA_ACRE":1598.69608578,"Shape_Leng":33279.060104700002,"TEAM_NU":2,"Shape.STArea()":69639480.054023743,"Shape.STLength()":33279.060104708929}},{"type":"Feature","id":13,"geometry":{"type":"Polygon","coordinates":[[[-110.99302467233031,32.250357115854413],[-110.99361005237827,32.250360932394507],[-110.99457077506464,32.250365973903214],[-110.99536937565362,32.250409375476139],[-110.99542737231648,32.250412528214476],[-110.99548542615786,32.250414537829805],[-110.99654800812247,32.250451310785657],[-110.99661549583557,32.25045273115829],[-110.99721643158202,32.250465354998425],[-110.99728591823434,32.250466817517299],[-111.00057268046442,32.250535822102627],[-111.00227238284499,32.250563770364522],[-111.00497683064894,32.250571932482131],[-111.00582379577739,32.250581950077809],[-111.00819126032535,32.250608702620632],[-111.01092977652108,32.25065787286438],[-111.01341908232536,32.250691340320664],[-111.01352611801615,32.250692779185194],[-111.01363273371855,32.250693442091887],[-111.01553858806933,32.250706404582324],[-111.01667389589686,32.250713823587652],[-111.01824675593346,32.250721109828568],[-111.01928743731933,32.250695822954178],[-111.020446733893,32.250684214612534],[-111.02227401528253,32.250683972752135],[-111.02304068189402,32.25067711593389],[-111.02387697374895,32.250693207411551],[-111.02530065237896,32.250699307321774],[-111.02612926626695,32.250694499305816],[-111.02898445249957,32.250696789756063],[-111.02898281673417,32.250672618290984],[-111.02898461681633,32.250487604691095],[-111.03114954692624,32.250491286424506],[-111.03114977436101,32.250530286679044],[-111.0314455280095,32.250531499845167],[-111.03174815369825,32.250532761354826],[-111.0324403330564,32.250535631799615],[-111.03273729971107,32.250536850430954],[-111.03306721624486,32.250538299717796],[-111.03306643507906,32.250493712365348],[-111.03320210268876,32.250491998036203],[-111.03333740613731,32.250486244430903],[-111.03347254681128,32.250476365480878],[-111.03360711871757,32.250462531499792],[-111.0337409221101,32.250444655419614],[-111.03387395486658,32.250422735424074],[-111.03400601556584,32.250396857585557],[-111.03413710419139,32.250367021906726],[-111.03426661186758,32.250333308909731],[-111.034746548551,32.250186766206809],[-111.03492524972702,32.250125048734851],[-111.03510632853624,32.250068416776557],[-111.03528958210966,32.250016781429409],[-111.03547460368618,32.249970397770333],[-111.03566119439317,32.249929093057744],[-111.03584934964785,32.249893125176122],[-111.03585847173576,32.249890611346238],[-111.03587084288397,32.249886488758555],[-111.03588768888957,32.249879648591794],[-111.03590475475627,32.249870919722291],[-111.03592326746593,32.249858850642504],[-111.03594038638053,32.249844625491093],[-111.03595631645096,32.249827900296843],[-111.03596553304239,32.249815595060262],[-111.03597312973085,32.249803449878442],[-111.03597951789709,32.24979095357687],[-111.03598427870202,32.249779390145939],[-111.03598803510144,32.249767218193519],[-111.03599586886625,32.249646842573441],[-111.03599865821249,32.249588192637439],[-111.03600387355074,32.249529646186787],[-111.03601130949217,32.249471372235227],[-111.0360213711454,32.249413288834091],[-111.03603365362729,32.249355563606244],[-111.03604835853285,32.249298199759856],[-111.03606528342331,32.249241280654893],[-111.03608462718758,32.249184979926028],[-111.03610618927534,32.249129295272553],[-111.03635054642699,32.248569217261647],[-111.03717395114489,32.246785327510331],[-111.03731231781912,32.246482034990329],[-111.03744161424686,32.246175931303071],[-111.03756183862842,32.245867101236207],[-111.03758561317414,32.245791417373653],[-111.03760636085431,32.2457151109259],[-111.0376242845728,32.245638269881852],[-111.03763917978063,32.245560978493479],[-111.03765124832925,32.245483323839991],[-111.03766049022575,32.245405305922318],[-111.03766670033272,32.245327180335515],[-111.03766988053552,32.245248862321191],[-111.03767002919156,32.245170523215869],[-111.03766734602968,32.245092250082948],[-111.0376230726114,32.244756763536238],[-111.03756457967361,32.244407433240021],[-111.03754688634234,32.24435551354334],[-111.03749260724486,32.244051395993644],[-111.03743039196955,32.243752806414605],[-111.03740971491534,32.243653964468031],[-111.03739288289654,32.243554633427379],[-111.03737989506669,32.243454899863778],[-111.0373709543135,32.243354850864023],[-111.03736585607295,32.243254570679078],[-111.03736881337373,32.242989592142365],[-111.03739665630017,32.242659416720116],[-111.03739477619111,32.241511703120992],[-111.0374978632651,32.241512334744883],[-111.03748570334666,32.239689809843441],[-111.03739514930936,32.239689351115295],[-111.03739433168958,32.239123784104677],[-111.03739221563674,32.238797867674627],[-111.03738485565196,32.237694267087903],[-111.03738303174822,32.237421953830228],[-111.03737739072933,32.236580615581168],[-111.03738010036487,32.235984578331987],[-111.03751895962692,32.235985029501435],[-111.03752401061533,32.235985322564474],[-111.0374853625663,32.231455834394396],[-111.03747740146916,32.228903104579658],[-111.03745319705428,32.225308213329484],[-111.0374522994706,32.225177297090148],[-111.03738539748913,32.225128560203039],[-111.03737777090998,32.225123004164942],[-111.03733867430942,32.225098350228862],[-111.03724577897484,32.225039771095851],[-111.03715009771037,32.224979434678012],[-111.03711441261812,32.224956931835351],[-111.03699670954335,32.224922182154451],[-111.03696870218862,32.224913914021371],[-111.03685397947287,32.224914945312655],[-111.03655582030058,32.224917625754522],[-111.03624680159554,32.224920403000162],[-111.03567078479276,32.224925578066021],[-111.0350058386508,32.224931548785548],[-111.03385301244897,32.224941892965148],[-111.03383543135787,32.224942050635093],[-111.03383037984773,32.224942095614097],[-111.03382283599511,32.224942163766471],[-111.03380526020828,32.224942321469278],[-111.03379717312778,32.224942393040294],[-111.03379677525456,32.224942395672088],[-111.03379357114763,32.224942406658677],[-111.0337785479132,32.224942458636768],[-111.03377284311642,32.224942478307902],[-111.03375970839708,32.224942523635328],[-111.03374430428065,32.224942576556032],[-111.03373382409271,32.224942612467309],[-111.03373128413378,32.224942622680842],[-111.03372975737928,32.224942630953919],[-111.03372514417694,32.224942660953921],[-111.03371785833026,32.224942708356593],[-111.03370326117637,32.224942802982817],[-111.03368609217688,32.224942913910056],[-111.03366993642541,32.224943018386192],[-111.03365025817085,32.224943146048091],[-111.03363574483333,32.224943240350242],[-111.03362341502462,32.224943320145577],[-111.0336074863225,32.224943423494473],[-111.03359498994205,32.224943503926916],[-111.0335809561811,32.224943594358805],[-111.03356255218,32.224943713775275],[-111.03354467867653,32.224943829681067],[-111.03352938233166,32.224943928420196],[-111.03350420706879,32.224944091600449],[-111.03347545626008,32.224944277588065],[-111.03344688157959,32.224944462094392],[-111.03342087556219,32.224944630274798],[-111.03338061827371,32.22494489094678],[-111.03329153724071,32.224945466913049],[-111.03321488044142,32.224945962820442],[-111.03317721940734,32.22494620640331],[-111.03199507506102,32.224953846848017],[-111.03194836905797,32.224954148502192],[-111.03194005086866,32.224954202103639],[-111.0319379617649,32.224954216338872],[-111.03193787795732,32.22495421575222],[-111.03193731886907,32.22495421364232],[-111.03192968915361,32.224954164744354],[-111.0318087020765,32.224953397147942],[-111.03079409912007,32.224946951008661],[-111.03074471389453,32.224946636426814],[-111.03054669031154,32.224945374522505],[-111.03036312098449,32.22494420374634],[-111.03013015160131,32.224942717777573],[-111.02986681189743,32.224941038137814],[-111.02960285479939,32.224939353616264],[-111.02946627318526,32.224938481543511],[-111.02939795901544,32.224938047993312],[-111.02919507456407,32.224936762473682],[-111.02912349929034,32.224936310386184],[-111.02905809929517,32.224935897115927],[-111.02895682733761,32.224935256221713],[-111.02890777734601,32.224934945982056],[-111.02890242424029,32.22493491198999],[-111.02890040834544,32.224934925787366],[-111.02889187474622,32.224934983987957],[-111.02881893650189,32.224935481703334],[-111.02878987473318,32.224935679771512],[-111.02872695866847,32.224936108954758],[-111.02865126395716,32.224936625085292],[-111.028577322014,32.224937129136769],[-111.02853398983619,32.224937424376158],[-111.02848943432696,32.224937728138997],[-111.02844031865266,32.224938062967695],[-111.02838805924657,32.224938418971306],[-111.02829699281145,32.224939039689289],[-111.02823756000596,32.224939444412477],[-111.02814665060419,32.224940063420426],[-111.028061904529,32.224940640922327],[-111.02796303658219,32.224941314770412],[-111.02785836498312,32.224942027992206],[-111.02778760391308,32.22494250976002],[-111.02770927050996,32.224943042842277],[-111.02767462577398,32.224943278944522],[-111.02766058454472,32.224943374077284],[-111.0276522334392,32.224943430772264],[-111.02764973266397,32.224943448353805],[-111.02764908015973,32.224943451880705],[-111.02764861653142,32.224943452226974],[-111.02764701031067,32.22494344994746],[-111.027631441453,32.22494342521032],[-111.02740325238794,32.22494306356392],[-111.02713664458767,32.224942641252888],[-111.02686166941076,32.224942204564691],[-111.02648407241803,32.224941604590683],[-111.02608946588767,32.224940976526661],[-111.02578052892457,32.224940483959315],[-111.02546538778753,32.224939980258533],[-111.02514404459961,32.224939465392843],[-111.02487361872483,32.224939032118044],[-111.02462160708022,32.224938627223771],[-111.02443561584836,32.224938328066052],[-111.02436027641534,32.224938207441042],[-111.02426635409607,32.224938056572029],[-111.0242211529892,32.224937983618787],[-111.02421615822912,32.224937975406064],[-111.02421472599833,32.224937973409595],[-111.02421453608804,32.224937973872329],[-111.02421375839469,32.224937977399371],[-111.02420789647717,32.224938008154865],[-111.0242022212874,32.224938038424916],[-111.02419658747969,32.224938068085102],[-111.02415936932491,32.224938265211996],[-111.02412981463635,32.224938421752505],[-111.02403644724602,32.224938915833192],[-111.02392751738864,32.224939492014414],[-111.02382066386812,32.224940057517891],[-111.02367951732793,32.224940803607275],[-111.02354494144441,32.224941514804357],[-111.02338523516076,32.22494235938241],[-111.02322755005062,32.224943192794562],[-111.02307426270626,32.224944002992281],[-111.02282929494997,32.224945296477571],[-111.02268368062339,32.224946065771974],[-111.02240674976362,32.224947527358218],[-111.02205291476972,32.224949394557321],[-111.02163601721617,32.224951592491593],[-111.02146601945195,32.224952488021614],[-111.02109349530889,32.224954451030982],[-111.02068746435349,32.224956588459037],[-111.02041690048158,32.224958012358925],[-111.02031638210886,32.224958541361822],[-111.02027965308042,32.22495873450174],[-111.02027354713339,32.224958766951325],[-111.02026768946114,32.224958797554109],[-111.02026544972809,32.224958809626202],[-111.02026476858141,32.224958812911851],[-111.02026370025915,32.224958809844189],[-111.02025513671623,32.224958784280652],[-111.02020310087802,32.224958629851777],[-111.01980440597907,32.224957443627723],[-111.01950404757307,32.224956549278666],[-111.01919685490932,32.224955633644768],[-111.01886136714492,32.224954633515793],[-111.0184581763113,32.224953430046618],[-111.01807728445945,32.224952291841717],[-111.01781906809637,32.224951519037752],[-111.0177815400267,32.224951406361384],[-111.01776653473438,32.224951361871021],[-111.01776275795309,32.224951350341634],[-111.01776256486042,32.22495135077201],[-111.01775953368005,32.224951362581876],[-111.01774924652152,32.224951405754787],[-111.01771889431672,32.224951532577833],[-111.01770116658314,32.224951606696727],[-111.01767931061592,32.224951698345542],[-111.01766422151229,32.224951761466571],[-111.01764807780719,32.224951828808294],[-111.01762168089097,32.224951939551921],[-111.01759684360363,32.224952043347635],[-111.01757826921336,32.22495212134686],[-111.01755489606056,32.224952219316428],[-111.01753520765234,32.224952302010202],[-111.01751806132769,32.224952373926619],[-111.01749894585021,32.224952453475879],[-111.01747454886083,32.224952555870729],[-111.01744717161206,32.224952670425488],[-111.01742303881024,32.22495277108262],[-111.01740329629889,32.224952853370894],[-111.01737741501917,32.224952961419362],[-111.01736680214422,32.224953005850963],[-111.0169536130296,32.224954732241876],[-111.01656535246853,32.22495635253977],[-111.01608553347974,32.224958353695946],[-111.01569949356404,32.224959961904439],[-111.01519514926396,32.224962061713555],[-111.01474268106453,32.224963943514368],[-111.01427114833682,32.224965903119426],[-111.01388921868428,32.224967489149044],[-111.01375804687474,32.224968033869636],[-111.01323383179577,32.22497020845227],[-111.0128411906478,32.224971835594118],[-111.01246855513487,32.224973379178586],[-111.01202459072564,32.224975216486257],[-111.01187993084902,32.224975815125497],[-111.01176971001803,32.22497627057799],[-111.01171600166789,32.224976492975678],[-111.0116064994474,32.224974984736676],[-111.01150364090532,32.22497356726992],[-111.01134305684505,32.224971353878949],[-111.01118994916439,32.224969244347768],[-111.0110887083319,32.224967848954648],[-111.01097480179406,32.224966278851745],[-111.01093554127209,32.224965737788047],[-111.01091602080035,32.224965468940212],[-111.01091182966165,32.224965410948826],[-111.01091090253294,32.224965398893843],[-111.01091082084753,32.224965398308456],[-111.01090934089109,32.224965394917369],[-111.0108905289796,32.22496535389525],[-111.01084727917753,32.22496526128311],[-111.01080601008901,32.224965172030174],[-111.01069834336576,32.224964941426535],[-111.01069537602707,32.224964934586126],[-111.010694892244,32.224964934725726],[-111.01069341113732,32.224964940342119],[-111.01068868555981,32.224964962382685],[-111.01066199146889,32.224965085775047],[-111.01065882658861,32.224965100063486],[-111.01065239815117,32.224965129736432],[-111.01064010040648,32.224965186776608],[-111.0106301877284,32.224965232956137],[-111.01061912495547,32.22496528441782],[-111.01060626808061,32.224965343759322],[-111.01059384513788,32.224965401701134],[-111.01058232508527,32.224965455292462],[-111.0105622822372,32.224965547886136],[-111.01054886729307,32.224965609533839],[-111.01053002121728,32.224965697174746],[-111.01051567048779,32.224965763833787],[-111.01050228736921,32.224965825704679],[-111.01048906551762,32.224965886926704],[-111.0104740750245,32.224965956208841],[-111.01046912345937,32.224965979326427],[-111.01045367144319,32.224966050708076],[-111.01043885282559,32.224966119414702],[-111.01043058360007,32.224966157521827],[-111.01041269983108,32.224966240321223],[-111.0103973358744,32.224966311425597],[-111.010378544972,32.224966398537681],[-111.01036202561632,32.224966474880446],[-111.01034385326066,32.224966559208092],[-111.01032033572912,32.224966667429662],[-111.01029990774855,32.224966761729078],[-111.01027159461478,32.224966892367107],[-111.01025451718994,32.224966971006523],[-111.01022967980107,32.224967085978868],[-111.01020679142496,32.224967191476715],[-111.01018199010507,32.224967306698346],[-111.0101640776936,32.224967389257145],[-111.01015931179511,32.224967411890553],[-111.01015827416823,32.224967416172269],[-111.01015805984089,32.224967418242393],[-111.01015747944002,32.224967425803428],[-111.01015647566187,32.224967440248008],[-111.01010658486136,32.224968163704226],[-111.01008268514717,32.224968510830607],[-111.01003662059195,32.224969178735677],[-111.00999470272131,32.224969787089151],[-111.00993785230605,32.224970612061107],[-111.00988687814444,32.224971351106127],[-111.00983619152638,32.224972086782643],[-111.00979050046928,32.224972749161239],[-111.00973440553841,32.224973563229383],[-111.00967593803803,32.224974411651303],[-111.00957468577165,32.224975880075519],[-111.00947092193678,32.22497738450128],[-111.00937018849481,32.224978849270855],[-111.00936777769023,32.224978887878429],[-111.00932077705373,32.224979696702839],[-111.00916304890976,32.224982412407144],[-111.00902076727837,32.224984862777042],[-111.00878662248356,32.224988894207733],[-111.00862855901558,32.224991614952266],[-111.00853165452953,32.224993283319961],[-111.00853015412137,32.224993309514389],[-111.00853003739212,32.224993312283004],[-111.00852861004805,32.224993352529857],[-111.00852373158553,32.224993492432432],[-111.00851689834863,32.224993687730219],[-111.00847955591287,32.224994755021399],[-111.00838938773687,32.22499733293045],[-111.00826229947958,32.225000966608185],[-111.00814810723689,32.225004232021817],[-111.00810717436909,32.225011190296613],[-111.00806573563399,32.225018235104436],[-111.00800751331971,32.225028132569982],[-111.00787407889251,32.225050816467778],[-111.00778588986135,32.225065808328658],[-111.00772185651373,32.225076693763697],[-111.00764785585744,32.225089274164311],[-111.00764610023683,32.225089572668836],[-111.00756419953194,32.225111249769],[-111.00749671976132,32.225129110298518],[-111.00742684657845,32.225147603792763],[-111.00736207926946,32.22516474606639],[-111.0072486686109,32.225194762738298],[-111.00721704182882,32.225207921924365],[-111.00711069939983,32.225252169692617],[-111.007000026245,32.225298219619447],[-111.00688534835575,32.225345935158195],[-111.00681694469036,32.225374396886494],[-111.00678532579093,32.225393567612542],[-111.00671050263632,32.225438932946872],[-111.00657987361058,32.225518133453242],[-111.00648083244586,32.225578181896225],[-111.00638517047685,32.225636182193902],[-111.00630044908213,32.225687548005325],[-111.00627899394397,32.225705736668715],[-111.00617143994641,32.225796914203066],[-111.0061407305205,32.225822947921088],[-111.00611113920458,32.225848033747837],[-111.00607970215638,32.225874684470391],[-111.00605447417895,32.22589607175464],[-111.00603086293239,32.22591608817833],[-111.00600662253088,32.225936637554305],[-111.00596655069866,32.225970605698684],[-111.00593911013304,32.226002892753861],[-111.00591844247364,32.226027210446453],[-111.00589443504813,32.226055456785161],[-111.00586457039827,32.226090595072847],[-111.00582633429252,32.22613558322147],[-111.00579702568224,32.226170067164261],[-111.00577335525843,32.226197918200675],[-111.00573962577799,32.226237603580984],[-111.00571584582458,32.226265582778041],[-111.00568776632852,32.226298620902732],[-111.00567123166969,32.226318075018291],[-111.00565513072034,32.226337018215268],[-111.00561748056576,32.226381316112018],[-111.00561656670421,32.226382525189941],[-111.00561067713892,32.226390316923364],[-111.00560705287975,32.226395111073657],[-111.00560114504422,32.226402926122454],[-111.00559522429737,32.226410759114451],[-111.00559249455131,32.226414369298269],[-111.00559063126954,32.226416842208934],[-111.0055745400055,32.22643821408991],[-111.00554939670633,32.226471609729948],[-111.0055175302099,32.226513936406313],[-111.00549136112609,32.226548695418785],[-111.00543450386787,32.226624214981278],[-111.00543443723031,32.226624301076413],[-111.00543256793551,32.22662663145227],[-111.00543048806522,32.226629225447581],[-111.00542381981369,32.226637540930973],[-111.00538657128158,32.226683988904298],[-111.00538654979425,32.226684015804224],[-111.00532474039744,32.226760652145174],[-111.0052174175069,32.226893720440614],[-111.00514850494559,32.226979162324803],[-111.00514652188762,32.226981621739007],[-111.00514541326098,32.22698299714876],[-111.00514388569191,32.226984890794022],[-111.00514283402045,32.226986193566411],[-111.00514176836859,32.226987515176319],[-111.00514056199636,32.226989010726115],[-111.00513903764571,32.226990900787229],[-111.00513718924194,32.226992943625746],[-111.00513643185073,32.226993781373174],[-111.00513231989507,32.226998323988575],[-111.00512817897142,32.227002898860768],[-111.0051254680582,32.227005894122392],[-111.00512272709835,32.227008923436756],[-111.0051202189488,32.227011693801622],[-111.00511729776389,32.227014922022001],[-111.00511427681955,32.227018259545915],[-111.00510939566536,32.227023653350095],[-111.00510462072508,32.227028928878717],[-111.00510036179752,32.227033633664021],[-111.00509580247683,32.227038671762863],[-111.00508723525222,32.227048137791797],[-111.00507840305588,32.227057895905105],[-111.00506530654106,32.227072366879433],[-111.0050366471954,32.227104031691674],[-111.00501379372214,32.227129282184272],[-111.0049836495991,32.227162588424015],[-111.00496365721726,32.227184676991776],[-111.00490543721794,32.227249002892023],[-111.00486277896466,32.227296135843218],[-111.004796782177,32.227361935988895],[-111.00475552691115,32.227403067434615],[-111.00470886633424,32.227449588871977],[-111.00466013533639,32.227498174065971],[-111.00462659564757,32.227531612631537],[-111.00456351814431,32.227585209429151],[-111.00448892802937,32.227648589108128],[-111.00440381826414,32.227720906586597],[-111.00429408770171,32.227794932896934],[-111.00417609475517,32.227874533178621],[-111.00399536086634,32.22798395106404],[-111.00383297839608,32.2280581964514],[-111.00374881712673,32.228096676507676],[-111.003570094344,32.228163287681518],[-111.00356906031189,32.228163671604428],[-111.00355551143525,32.228168698807544],[-111.00353592985061,32.228175962245238],[-111.00352160892547,32.228181274255398],[-111.00350555432266,32.228187229366917],[-111.00350249483138,32.228188364307151],[-111.00336632777328,32.228233988685702],[-111.00320244978876,32.228288898064541],[-111.00314680037985,32.228307544256289],[-111.00298566296904,32.228349056659788],[-111.00281329267976,32.228393462765951],[-111.00264212740882,32.228437558102385],[-111.00247166722431,32.228481470724788],[-111.0024610164057,32.228484205582603],[-111.00228649370293,32.228528957027045],[-111.00205868395138,32.22858736137475],[-111.00185411892245,32.228639805641443],[-111.00155573854084,32.228716300248038],[-111.00141618104189,32.228752077946446],[-111.00141101138978,32.228753303969697],[-111.00139605862518,32.228756851693781],[-111.00138314883795,32.228759914598811],[-111.0013683885625,32.228763416818545],[-111.00135295190529,32.22876707917252],[-111.00132766832407,32.228773078089205],[-111.00129871248001,32.228779948624251],[-111.00128538366492,32.22878311129265],[-111.0012527300386,32.228790858666159],[-111.00122737316183,32.228796865148162],[-111.00100745875632,32.228848933516431],[-111.00079193745454,32.228886310992728],[-111.00063690312136,32.228913197271389],[-111.00043107284336,32.228922618261706],[-111.00033852971613,32.228926854168307],[-111.00033625395046,32.22892695851305],[-111.00030475009429,32.228926372969667],[-111.00027713184362,32.228925859782059],[-111.00023361793326,32.228925050961024],[-111.00019751351444,32.228924379725157],[-111.00015689444611,32.228923625237243],[-111.00011109032617,32.228922774514636],[-111.00005680003893,32.228921765733276],[-110.9999706367585,32.228920164115394],[-110.99996652765407,32.228919738408344],[-110.99993596956308,32.228916573190581],[-110.99978943233792,32.228901396581577],[-110.9996083106754,32.228882636603778],[-110.99941223650583,32.228862327628008],[-110.99926632686822,32.228852922157913],[-110.99911022795649,32.228842859964217],[-110.99910586732871,32.2288423368094],[-110.99907543938619,32.228838684440184],[-110.99896421324708,32.228825336031043],[-110.99888630236393,32.228823516736199],[-110.99870773669387,32.22881934486356],[-110.99863793352702,32.228820712744529],[-110.998537132255,32.228825859516256],[-110.99834182846303,32.228841551835536],[-110.99720892645462,32.228931556385319],[-110.99605267257729,32.229037342094735],[-110.99491811085268,32.229136618111397],[-110.99391408255207,32.229218667924755],[-110.99342060916619,32.229269395461067],[-110.9921407872226,32.229392365636009],[-110.98962115869776,32.229642820730881],[-110.98956889956123,32.229648014280407],[-110.98951672916643,32.229654185137505],[-110.98904226021361,32.229710293484246],[-110.98856638109261,32.229749449776925],[-110.98820408568285,32.229772637740872],[-110.98795449922909,32.229774300284639],[-110.98769946032054,32.229772425876],[-110.98658213283653,32.229687357979067],[-110.98564159366958,32.229627263761486],[-110.98578398488202,32.230677656826906],[-110.98587243033481,32.231478795215239],[-110.98597057964257,32.232299855014091],[-110.98607540729292,32.233120102586888],[-110.98617176815469,32.233938310846632],[-110.98626999497529,32.234771909714866],[-110.98635194896424,32.235540550977902],[-110.98635882995151,32.235605092977913],[-110.98449345316354,32.235706712616448],[-110.98401658959706,32.235738358951068],[-110.98403187118926,32.235797622448189],[-110.98403205690595,32.2357983461808],[-110.98425032606998,32.236653068136263],[-110.98443931089604,32.237326966923582],[-110.98464071061532,32.237992364370847],[-110.98481160295378,32.238498624124105],[-110.98501720775423,32.239050063065754],[-110.98534366410986,32.23984179264076],[-110.98586896539442,32.240937524086497],[-110.98618423818206,32.241498963872182],[-110.98655712902455,32.242140193884751],[-110.98698624998147,32.242797986404817],[-110.98739406644346,32.243384580462823],[-110.98818035391348,32.244404140551246],[-110.98852729787994,32.244796067627561],[-110.98906294770428,32.24547679886043],[-110.98955888354853,32.246067727660048],[-110.99204169807118,32.249082414531614],[-110.99246328368056,32.249613002341661],[-110.99297655858007,32.250292781472581],[-110.99302467233031,32.250357115854413]]]},"properties":{"OBJECTID":13,"AREA_SQMI":4.8736983900000004,"TEAM":"West","SECTOR":6,"TMSECT":"West 6","INITIALS":"ODW","AREA_SF":135870913.16100001,"AREA_ACRE":3119.1669688000002,"Shape_Leng":48157.818912499999,"TEAM_NU":2,"Shape.STArea()":135871456.64621857,"Shape.STLength()":48157.818912498027}},{"type":"Feature","id":14,"geometry":{"type":"Polygon","coordinates":[[[-110.94404952952779,32.250236271999476],[-110.94413636980727,32.250224584698017],[-110.94467216962383,32.250082807341826],[-110.94536752604562,32.249953639939697],[-110.94570447083792,32.24992412520259],[-110.94685348466459,32.249910853365542],[-110.94833333193685,32.249907344312476],[-110.94982329425986,32.249893371095851],[-110.95132342002536,32.24988427096595],[-110.95252701704584,32.249880490065792],[-110.95387715798833,32.249869401472267],[-110.95537280298136,32.249853987513177],[-110.95685486471119,32.249853666349608],[-110.95696585875041,32.24985364108533],[-110.95766619729845,32.249888252926496],[-110.95838432702533,32.250000515411337],[-110.95936375854667,32.250244135534452],[-110.95978050555443,32.25030873821111],[-110.96050449708713,32.250387489885632],[-110.96090457463022,32.25039316941902],[-110.96096060897675,32.250393967570233],[-110.96101663830463,32.250393623953826],[-110.96178952300883,32.250388918392993],[-110.96253614556089,32.250385153275197],[-110.96333750362768,32.250376087355107],[-110.96414402877589,32.250371585152422],[-110.96487388183601,32.250371091366389],[-110.96546384075262,32.25036608348988],[-110.96763661957577,32.250351418245934],[-110.96975174146864,32.250325299296854],[-110.97037710819454,32.250321257104424],[-110.97192042250153,32.250322107212867],[-110.9719786386357,32.250321387301852],[-110.97345503943185,32.250303144371337],[-110.97407453361009,32.250300208785809],[-110.97497809100746,32.250304734711769],[-110.97624455560673,32.250311614275816],[-110.97653300256668,32.250315093951087],[-110.97688441139319,32.25030662865057],[-110.9770079810819,32.250302022313434],[-110.9777205016089,32.250241023205689],[-110.97794596324374,32.250229548260137],[-110.97804307066781,32.250224601797441],[-110.97814003430719,32.25021960188608],[-110.97860012150981,32.250195872224765],[-110.97918610905323,32.250201137192221],[-110.98014911488504,32.250202726881824],[-110.98073966116684,32.250219522087455],[-110.98226901933529,32.250228085591516],[-110.98438830551507,32.250255338581219],[-110.98645921599623,32.250278206577541],[-110.98838875163871,32.250297849296707],[-110.99226831364857,32.250339956741655],[-110.9928276485882,32.250353989778915],[-110.99292683876673,32.250356477224301],[-110.99302467233031,32.250357115854413],[-110.99297655858007,32.250292781472581],[-110.99246328368056,32.249613002341661],[-110.99204169807118,32.249082414531614],[-110.98955888354853,32.246067727660048],[-110.98906294770428,32.24547679886043],[-110.98852729787994,32.244796067627561],[-110.98818035391348,32.244404140551246],[-110.98739406644346,32.243384580462823],[-110.98698624998147,32.242797986404817],[-110.98655712902455,32.242140193884751],[-110.98618423818206,32.241498963872182],[-110.98586896539442,32.240937524086497],[-110.98534366410986,32.23984179264076],[-110.98501720775423,32.239050063065754],[-110.98481160295378,32.238498624124105],[-110.98464071061532,32.237992364370847],[-110.98443931089604,32.237326966923582],[-110.98425032606998,32.236653068136263],[-110.98403205690595,32.2357983461808],[-110.98403187118926,32.235797622448189],[-110.98401658959706,32.235738358951068],[-110.98393666407956,32.235743661570389],[-110.9838564095387,32.235747830821552],[-110.98351959992277,32.235765321390801],[-110.98318688856715,32.235775696174116],[-110.98178843227396,32.235832457481521],[-110.98126110578281,32.235840512498704],[-110.97930071214033,32.235838509690986],[-110.97798934649275,32.235853126604574],[-110.97794082985297,32.235853668033108],[-110.97789231269167,32.235853950615507],[-110.97718815872224,32.235858041546429],[-110.97641336828465,32.235880409639684],[-110.97564170306352,32.235922983584665],[-110.97487966080281,32.235943763406425],[-110.97411225153596,32.235946246579083],[-110.97331535055623,32.23595683418025],[-110.97185332012633,32.23591123818192],[-110.97179511929455,32.235909420523839],[-110.97173692458865,32.235908856419847],[-110.97132071253625,32.235904806473265],[-110.97082914820344,32.235876894371593],[-110.97028510596846,32.235900664067501],[-110.96951179960479,32.235905749941438],[-110.96871993307953,32.235907392983293],[-110.9687189632743,32.235907393824732],[-110.96796026479116,32.235928159679887],[-110.96795892895332,32.235928157767503],[-110.96718012609426,32.235926217907142],[-110.96642068195908,32.235932551460337],[-110.96564836324067,32.235918904669461],[-110.96488026409189,32.235923014781378],[-110.96411834388562,32.235936638644915],[-110.96334971691599,32.235941499313633],[-110.96258137263963,32.235936975777143],[-110.9618388668289,32.235969910626501],[-110.96103659638152,32.235985176975902],[-110.95954507096741,32.236014419416129],[-110.95948685847317,32.236015561193312],[-110.95942863696072,32.236015741532661],[-110.95796184524865,32.236020298404426],[-110.95738026800244,32.236003712955601],[-110.95677284876984,32.236017242384811],[-110.95588615537271,32.236025154906166],[-110.95442405032772,32.235990684500294],[-110.9537345065801,32.235972779434512],[-110.95239792601966,32.235972983697081],[-110.95081768346523,32.2360015335395],[-110.94971527949302,32.235991654530615],[-110.94897030215763,32.235978914926569],[-110.94810448936582,32.236002853472179],[-110.94690869783976,32.236021975309619],[-110.9467574732861,32.236024390422955],[-110.94407950901575,32.236056350581364],[-110.94394656548707,32.236057935373736],[-110.94394766280628,32.236151019821094],[-110.94396180963059,32.237353698231097],[-110.94397915254248,32.238666485318525],[-110.94398690100017,32.239646517765358],[-110.94398694858887,32.240647493271133],[-110.94398726004302,32.240655307233133],[-110.94400017366198,32.2416638153259],[-110.94399697591682,32.242684601063822],[-110.94404214129095,32.243176977030259],[-110.94405121353691,32.243275883589099],[-110.94406616618487,32.24375567110657],[-110.94406265234535,32.245055622199409],[-110.9440661295674,32.2454467184089],[-110.94406598875554,32.24554883843998],[-110.94407811064626,32.247123259136131],[-110.94408372706506,32.247844193048429],[-110.94408527920112,32.248543609759821],[-110.94409225912317,32.248892009058736],[-110.94405454973412,32.250155574432149],[-110.94404952952779,32.250236271999476]]]},"properties":{"OBJECTID":14,"AREA_SQMI":2.5088509499999998,"TEAM":"West","SECTOR":7,"TMSECT":"West 7","INITIALS":"ODW","AREA_SF":69942750.412400007,"AREA_ACRE":1605.6646100200001,"Shape_Leng":38798.487703400002,"TEAM_NU":2,"Shape.STArea()":69943030.184256136,"Shape.STLength()":38798.487703337785}},{"type":"Feature","id":15,"geometry":{"type":"Polygon","coordinates":[[[-110.99896421324708,32.228825336031043],[-110.99907543938619,32.228838684440184],[-110.99910586732871,32.2288423368094],[-110.99911022795649,32.228842859964217],[-110.99926632686822,32.228852922157913],[-110.99941223650583,32.228862327628008],[-110.9996083106754,32.228882636603778],[-110.99978943233792,32.228901396581577],[-110.99993596956308,32.228916573190581],[-110.99996652765407,32.228919738408344],[-110.9999706367585,32.228920164115394],[-111.00005680003893,32.228921765733276],[-111.00011109032617,32.228922774514636],[-111.00015689444611,32.228923625237243],[-111.00019751351444,32.228924379725157],[-111.00023361793326,32.228925050961024],[-111.00027713184362,32.228925859782059],[-111.00030475009429,32.228926372969667],[-111.00033625395046,32.22892695851305],[-111.00033852971613,32.228926854168307],[-111.00043107284336,32.228922618261706],[-111.00063690312136,32.228913197271389],[-111.00079193745454,32.228886310992728],[-111.00100745875632,32.228848933516431],[-111.00122737316183,32.228796865148162],[-111.0012527300386,32.228790858666159],[-111.00128538366492,32.22878311129265],[-111.00129871248001,32.228779948624251],[-111.00132766832407,32.228773078089205],[-111.00135295190529,32.22876707917252],[-111.0013683885625,32.228763416818545],[-111.00138314883795,32.228759914598811],[-111.00139605862518,32.228756851693781],[-111.00141101138978,32.228753303969697],[-111.00141618104189,32.228752077946446],[-111.00155573854084,32.228716300248038],[-111.00185411892245,32.228639805641443],[-111.00205868395138,32.22858736137475],[-111.00228649370293,32.228528957027045],[-111.0024610164057,32.228484205582603],[-111.00247166722431,32.228481470724788],[-111.00264212740882,32.228437558102385],[-111.00281329267976,32.228393462765951],[-111.00298566296904,32.228349056659788],[-111.00314680037985,32.228307544256289],[-111.00320244978876,32.228288898064541],[-111.00336632777328,32.228233988685702],[-111.00350249483138,32.228188364307151],[-111.00350555432266,32.228187229366917],[-111.00352160892547,32.228181274255398],[-111.00353592985061,32.228175962245238],[-111.00355551143525,32.228168698807544],[-111.00356906031189,32.228163671604428],[-111.003570094344,32.228163287681518],[-111.00374881712673,32.228096676507676],[-111.00383297839608,32.2280581964514],[-111.00399536086634,32.22798395106404],[-111.00417609475517,32.227874533178621],[-111.00429408770171,32.227794932896934],[-111.00440381826414,32.227720906586597],[-111.00448892802937,32.227648589108128],[-111.00456351814431,32.227585209429151],[-111.00462659564757,32.227531612631537],[-111.00466013533639,32.227498174065971],[-111.00470886633424,32.227449588871977],[-111.00475552691115,32.227403067434615],[-111.004796782177,32.227361935988895],[-111.00486277896466,32.227296135843218],[-111.00490543721794,32.227249002892023],[-111.00496365721726,32.227184676991776],[-111.0049836495991,32.227162588424015],[-111.00501379372214,32.227129282184272],[-111.0050366471954,32.227104031691674],[-111.00506530654106,32.227072366879433],[-111.00507840305588,32.227057895905105],[-111.00508723525222,32.227048137791797],[-111.00509580247683,32.227038671762863],[-111.00510036179752,32.227033633664021],[-111.00510462072508,32.227028928878717],[-111.00510939566536,32.227023653350095],[-111.00511427681955,32.227018259545915],[-111.00511729776389,32.227014922022001],[-111.0051202189488,32.227011693801622],[-111.00512272709835,32.227008923436756],[-111.0051254680582,32.227005894122392],[-111.00512817897142,32.227002898860768],[-111.00513231989507,32.226998323988575],[-111.00513643185073,32.226993781373174],[-111.00513718924194,32.226992943625746],[-111.00513903764571,32.226990900787229],[-111.00514056199636,32.226989010726115],[-111.00514176836859,32.226987515176319],[-111.00514283402045,32.226986193566411],[-111.00514388569191,32.226984890794022],[-111.00514541326098,32.22698299714876],[-111.00514652188762,32.226981621739007],[-111.00514850494559,32.226979162324803],[-111.0052174175069,32.226893720440614],[-111.00532474039744,32.226760652145174],[-111.00538654979425,32.226684015804224],[-111.00538657128158,32.226683988904298],[-111.00542381981369,32.226637540930973],[-111.00543048806522,32.226629225447581],[-111.00543256793551,32.22662663145227],[-111.00543443723031,32.226624301076413],[-111.00543450386787,32.226624214981278],[-111.00549136112609,32.226548695418785],[-111.0055175302099,32.226513936406313],[-111.00554939670633,32.226471609729948],[-111.0055745400055,32.22643821408991],[-111.00559063126954,32.226416842208934],[-111.00559249455131,32.226414369298269],[-111.00559522429737,32.226410759114451],[-111.00560114504422,32.226402926122454],[-111.00560705287975,32.226395111073657],[-111.00561067713892,32.226390316923364],[-111.00561656670421,32.226382525189941],[-111.00561748056576,32.226381316112018],[-111.00565513072034,32.226337018215268],[-111.00567123166969,32.226318075018291],[-111.00568776632852,32.226298620902732],[-111.00571584582458,32.226265582778041],[-111.00573962577799,32.226237603580984],[-111.00577335525843,32.226197918200675],[-111.00579702568224,32.226170067164261],[-111.00582633429252,32.22613558322147],[-111.00586457039827,32.226090595072847],[-111.00589443504813,32.226055456785161],[-111.00591844247364,32.226027210446453],[-111.00593911013304,32.226002892753861],[-111.00596655069866,32.225970605698684],[-111.00600662253088,32.225936637554305],[-111.00603086293239,32.22591608817833],[-111.00605447417895,32.22589607175464],[-111.00607970215638,32.225874684470391],[-111.00611113920458,32.225848033747837],[-111.0061407305205,32.225822947921088],[-111.00617143994641,32.225796914203066],[-111.00627899394397,32.225705736668715],[-111.00630044908213,32.225687548005325],[-111.00638517047685,32.225636182193902],[-111.00648083244586,32.225578181896225],[-111.00657987361058,32.225518133453242],[-111.00671050263632,32.225438932946872],[-111.00678532579093,32.225393567612542],[-111.00681694469036,32.225374396886494],[-111.00688534835575,32.225345935158195],[-111.007000026245,32.225298219619447],[-111.00711069939983,32.225252169692617],[-111.00721704182882,32.225207921924365],[-111.0072486686109,32.225194762738298],[-111.00736207926946,32.22516474606639],[-111.00742684657845,32.225147603792763],[-111.00749671976132,32.225129110298518],[-111.00756419953194,32.225111249769],[-111.00764610023683,32.225089572668836],[-111.00764785585744,32.225089274164311],[-111.00772185651373,32.225076693763697],[-111.00778588986135,32.225065808328658],[-111.00787407889251,32.225050816467778],[-111.00800751331971,32.225028132569982],[-111.00806573563399,32.225018235104436],[-111.00810717436909,32.225011190296613],[-111.00814810723689,32.225004232021817],[-111.00826229947958,32.225000966608185],[-111.00838938773687,32.22499733293045],[-111.00847955591287,32.224994755021399],[-111.00851689834863,32.224993687730219],[-111.00852373158553,32.224993492432432],[-111.00852861004805,32.224993352529857],[-111.00853003739212,32.224993312283004],[-111.00853015412137,32.224993309514389],[-111.00853165452953,32.224993283319961],[-111.00862855901558,32.224991614952266],[-111.00878662248356,32.224988894207733],[-111.00902076727837,32.224984862777042],[-111.00916304890976,32.224982412407144],[-111.00932077705373,32.224979696702839],[-111.00936777769023,32.224978887878429],[-111.00937018849481,32.224978849270855],[-111.00947092193678,32.22497738450128],[-111.00957468577165,32.224975880075519],[-111.00967593803803,32.224974411651303],[-111.00973440553841,32.224973563229383],[-111.00979050046928,32.224972749161239],[-111.00983619152638,32.224972086782643],[-111.00988687814444,32.224971351106127],[-111.00993785230605,32.224970612061107],[-111.00999470272131,32.224969787089151],[-111.01003662059195,32.224969178735677],[-111.01008268514717,32.224968510830607],[-111.01010658486136,32.224968163704226],[-111.01015647566187,32.224967440248008],[-111.01015747944002,32.224967425803428],[-111.01015805984089,32.224967418242393],[-111.01015827416823,32.224967416172269],[-111.01015931179511,32.224967411890553],[-111.0101640776936,32.224967389257145],[-111.01018199010507,32.224967306698346],[-111.01020679142496,32.224967191476715],[-111.01022967980107,32.224967085978868],[-111.01025451718994,32.224966971006523],[-111.01027159461478,32.224966892367107],[-111.01029990774855,32.224966761729078],[-111.01032033572912,32.224966667429662],[-111.01034385326066,32.224966559208092],[-111.01036202561632,32.224966474880446],[-111.010378544972,32.224966398537681],[-111.0103973358744,32.224966311425597],[-111.01041269983108,32.224966240321223],[-111.01043058360007,32.224966157521827],[-111.01043885282559,32.224966119414702],[-111.01045367144319,32.224966050708076],[-111.01046912345937,32.224965979326427],[-111.0104740750245,32.224965956208841],[-111.01048906551762,32.224965886926704],[-111.01050228736921,32.224965825704679],[-111.01051567048779,32.224965763833787],[-111.01053002121728,32.224965697174746],[-111.01054886729307,32.224965609533839],[-111.0105622822372,32.224965547886136],[-111.01058232508527,32.224965455292462],[-111.01059384513788,32.224965401701134],[-111.01060626808061,32.224965343759322],[-111.01061912495547,32.22496528441782],[-111.0106301877284,32.224965232956137],[-111.01064010040648,32.224965186776608],[-111.01065239815117,32.224965129736432],[-111.01065882658861,32.224965100063486],[-111.01066199146889,32.224965085775047],[-111.01068868555981,32.224964962382685],[-111.01069341113732,32.224964940342119],[-111.010694892244,32.224964934725726],[-111.01069537602707,32.224964934586126],[-111.01069834336576,32.224964941426535],[-111.01080601008901,32.224965172030174],[-111.01084727917753,32.22496526128311],[-111.0108905289796,32.22496535389525],[-111.01090934089109,32.224965394917369],[-111.01091082084753,32.224965398308456],[-111.01091090253294,32.224965398893843],[-111.01091182966165,32.224965410948826],[-111.01091602080035,32.224965468940212],[-111.01093554127209,32.224965737788047],[-111.01097480179406,32.224966278851745],[-111.0110887083319,32.224967848954648],[-111.01118994916439,32.224969244347768],[-111.01134305684505,32.224971353878949],[-111.01150364090532,32.22497356726992],[-111.0116064994474,32.224974984736676],[-111.01171600166789,32.224976492975678],[-111.01176971001803,32.22497627057799],[-111.01187993084902,32.224975815125497],[-111.01202459072564,32.224975216486257],[-111.01246855513487,32.224973379178586],[-111.0128411906478,32.224971835594118],[-111.01323383179577,32.22497020845227],[-111.01375804687474,32.224968033869636],[-111.01388921868428,32.224967489149044],[-111.01427114833682,32.224965903119426],[-111.01474268106453,32.224963943514368],[-111.01519514926396,32.224962061713555],[-111.01569949356404,32.224959961904439],[-111.01608553347974,32.224958353695946],[-111.01656535246853,32.22495635253977],[-111.0169536130296,32.224954732241876],[-111.01736680214422,32.224953005850963],[-111.01737741501917,32.224952961419362],[-111.01740329629889,32.224952853370894],[-111.01742303881024,32.22495277108262],[-111.01744717161206,32.224952670425488],[-111.01747454886083,32.224952555870729],[-111.01749894585021,32.224952453475879],[-111.01751806132769,32.224952373926619],[-111.01753520765234,32.224952302010202],[-111.01755489606056,32.224952219316428],[-111.01757826921336,32.22495212134686],[-111.01759684360363,32.224952043347635],[-111.01762168089097,32.224951939551921],[-111.01764807780719,32.224951828808294],[-111.01766422151229,32.224951761466571],[-111.01767931061592,32.224951698345542],[-111.01770116658314,32.224951606696727],[-111.01771889431672,32.224951532577833],[-111.01774924652152,32.224951405754787],[-111.01775953368005,32.224951362581876],[-111.01776256486042,32.22495135077201],[-111.01776275795309,32.224951350341634],[-111.01776653473438,32.224951361871021],[-111.0177815400267,32.224951406361384],[-111.01781906809637,32.224951519037752],[-111.01807728445945,32.224952291841717],[-111.0184581763113,32.224953430046618],[-111.01886136714492,32.224954633515793],[-111.01919685490932,32.224955633644768],[-111.01950404757307,32.224956549278666],[-111.01980440597907,32.224957443627723],[-111.02020310087802,32.224958629851777],[-111.02025513671623,32.224958784280652],[-111.02026370025915,32.224958809844189],[-111.02026476858141,32.224958812911851],[-111.02026544972809,32.224958809626202],[-111.02026768946114,32.224958797554109],[-111.02027354713339,32.224958766951325],[-111.02027965308042,32.22495873450174],[-111.02031638210886,32.224958541361822],[-111.02041690048158,32.224958012358925],[-111.02068746435349,32.224956588459037],[-111.02109349530889,32.224954451030982],[-111.02146601945195,32.224952488021614],[-111.02163601721617,32.224951592491593],[-111.02205291476972,32.224949394557321],[-111.02240674976362,32.224947527358218],[-111.02268368062339,32.224946065771974],[-111.02282929494997,32.224945296477571],[-111.02307426270626,32.224944002992281],[-111.02322755005062,32.224943192794562],[-111.02338523516076,32.22494235938241],[-111.02354494144441,32.224941514804357],[-111.02367951732793,32.224940803607275],[-111.02382066386812,32.224940057517891],[-111.02392751738864,32.224939492014414],[-111.02403644724602,32.224938915833192],[-111.02412981463635,32.224938421752505],[-111.02415936932491,32.224938265211996],[-111.02419658747969,32.224938068085102],[-111.0242022212874,32.224938038424916],[-111.02420789647717,32.224938008154865],[-111.02421375839469,32.224937977399371],[-111.02421453608804,32.224937973872329],[-111.02421472599833,32.224937973409595],[-111.02421615822912,32.224937975406064],[-111.0242211529892,32.224937983618787],[-111.02426635409607,32.224938056572029],[-111.02436027641534,32.224938207441042],[-111.02443561584836,32.224938328066052],[-111.02462160708022,32.224938627223771],[-111.02487361872483,32.224939032118044],[-111.02514404459961,32.224939465392843],[-111.02546538778753,32.224939980258533],[-111.02578052892457,32.224940483959315],[-111.02608946588767,32.224940976526661],[-111.02648407241803,32.224941604590683],[-111.02686166941076,32.224942204564691],[-111.02713664458767,32.224942641252888],[-111.02740325238794,32.22494306356392],[-111.027631441453,32.22494342521032],[-111.02764701031067,32.22494344994746],[-111.02764861653142,32.224943452226974],[-111.02764908015973,32.224943451880705],[-111.02764973266397,32.224943448353805],[-111.0276522334392,32.224943430772264],[-111.02766058454472,32.224943374077284],[-111.02767462577398,32.224943278944522],[-111.02770927050996,32.224943042842277],[-111.02778760391308,32.22494250976002],[-111.02785836498312,32.224942027992206],[-111.02796303658219,32.224941314770412],[-111.028061904529,32.224940640922327],[-111.02814665060419,32.224940063420426],[-111.02823756000596,32.224939444412477],[-111.02829699281145,32.224939039689289],[-111.02838805924657,32.224938418971306],[-111.02844031865266,32.224938062967695],[-111.02848943432696,32.224937728138997],[-111.02853398983619,32.224937424376158],[-111.028577322014,32.224937129136769],[-111.02865126395716,32.224936625085292],[-111.02872695866847,32.224936108954758],[-111.02878987473318,32.224935679771512],[-111.02881893650189,32.224935481703334],[-111.02889187474622,32.224934983987957],[-111.02890040834544,32.224934925787366],[-111.02890242424029,32.22493491198999],[-111.02890777734601,32.224934945982056],[-111.02895682733761,32.224935256221713],[-111.02905809929517,32.224935897115927],[-111.02912349929034,32.224936310386184],[-111.02919507456407,32.224936762473682],[-111.02939795901544,32.224938047993312],[-111.02946627318526,32.224938481543511],[-111.02960285479939,32.224939353616264],[-111.02986681189743,32.224941038137814],[-111.03013015160131,32.224942717777573],[-111.03036312098449,32.22494420374634],[-111.03054669031154,32.224945374522505],[-111.03074471389453,32.224946636426814],[-111.03079409912007,32.224946951008661],[-111.0318087020765,32.224953397147942],[-111.03192968915361,32.224954164744354],[-111.03193731886907,32.22495421364232],[-111.03193787795732,32.22495421575222],[-111.0319379617649,32.224954216338872],[-111.03194005086866,32.224954202103639],[-111.03194836905797,32.224954148502192],[-111.03199507506102,32.224953846848017],[-111.03317721940734,32.22494620640331],[-111.03321488044142,32.224945962820442],[-111.03329153724071,32.224945466913049],[-111.03338061827371,32.22494489094678],[-111.03342087556219,32.224944630274798],[-111.03344688157959,32.224944462094392],[-111.03347545626008,32.224944277588065],[-111.03350420706879,32.224944091600449],[-111.03352938233166,32.224943928420196],[-111.03354467867653,32.224943829681067],[-111.03356255218,32.224943713775275],[-111.0335809561811,32.224943594358805],[-111.03359498994205,32.224943503926916],[-111.0336074863225,32.224943423494473],[-111.03362341502462,32.224943320145577],[-111.03363574483333,32.224943240350242],[-111.03365025817085,32.224943146048091],[-111.03366993642541,32.224943018386192],[-111.03368609217688,32.224942913910056],[-111.03370326117637,32.224942802982817],[-111.03371785833026,32.224942708356593],[-111.03372514417694,32.224942660953921],[-111.03372975737928,32.224942630953919],[-111.03373128413378,32.224942622680842],[-111.03373382409271,32.224942612467309],[-111.03374430428065,32.224942576556032],[-111.03375970839708,32.224942523635328],[-111.03377284311642,32.224942478307902],[-111.0337785479132,32.224942458636768],[-111.03379357114763,32.224942406658677],[-111.03379677525456,32.224942395672088],[-111.03379717312778,32.224942393040294],[-111.03380526020828,32.224942321469278],[-111.03382283599511,32.224942163766471],[-111.03383037984773,32.224942095614097],[-111.03383543135787,32.224942050635093],[-111.03385301244897,32.224941892965148],[-111.0350058386508,32.224931548785548],[-111.03567078479276,32.224925578066021],[-111.03624680159554,32.224920403000162],[-111.03655582030058,32.224917625754522],[-111.03685397947287,32.224914945312655],[-111.03696870218862,32.224913914021371],[-111.03699670954335,32.224922182154451],[-111.03711441261812,32.224956931835351],[-111.03715009771037,32.224979434678012],[-111.03724577897484,32.225039771095851],[-111.03733867430942,32.225098350228862],[-111.03737777090998,32.225123004164942],[-111.03738539748913,32.225128560203039],[-111.0374522994706,32.225177297090148],[-111.03745082535835,32.225018435362621],[-111.03744992471559,32.224846841040254],[-111.0374502435655,32.224813720754639],[-111.03744541573337,32.224014808731468],[-111.03744165815517,32.223361381393616],[-111.03743934718172,32.223079505620966],[-111.03744288243902,32.222712259724325],[-111.03918420273843,32.222709252905382],[-111.04031148040707,32.222715098712136],[-111.04033901688979,32.225081199595678],[-111.03959805399833,32.225095007544049],[-111.0395979342351,32.225870389775245],[-111.03961044208437,32.226660535962687],[-111.03961825372437,32.227416485351021],[-111.03964716632728,32.227544803893352],[-111.03977829863406,32.228015479128892],[-111.03995253319172,32.228183240970118],[-111.0402017981437,32.228385687032748],[-111.04037635461584,32.228527907030703],[-111.0404690040441,32.228579630063017],[-111.04075192213453,32.228650007756329],[-111.04116355090024,32.228687024006817],[-111.04143475744324,32.228697443693463],[-111.04172609951502,32.228703732018658],[-111.04172004727987,32.226713592822136],[-111.04170549256709,32.225086395435682],[-111.04382262657899,32.225083387557298],[-111.04381601771858,32.223259767458366],[-111.04169187900393,32.223252742989168],[-111.04168538640261,32.221421460639682],[-111.04595158198093,32.221438150623193],[-111.04594394545835,32.219402536954824],[-111.04487034597527,32.21951006855582],[-111.04488369056715,32.218741397557466],[-111.04489303142084,32.218077414430098],[-111.04492781601759,32.2160063365016],[-111.04580889337895,32.215920463730548],[-111.04597101719065,32.215931797391463],[-111.04649678328569,32.215930309666142],[-111.04644056791184,32.216785522942459],[-111.04651745758751,32.216794612453498],[-111.04654658020911,32.216792322050189],[-111.04656740656333,32.216791091007074],[-111.04657548959061,32.21679114664358],[-111.04660458596381,32.216791389299502],[-111.04663368657179,32.216791632879698],[-111.04665692499036,32.216791878493332],[-111.04666278219884,32.216792176729832],[-111.04669185573941,32.216795039939761],[-111.04672072856101,32.216797815185608],[-111.04673102489232,32.216798831166599],[-111.04674918716468,32.216801533598797],[-111.04677783775526,32.216806368896151],[-111.04680628597937,32.216811289370597],[-111.04683430855098,32.216818354177896],[-111.04686212958168,32.216825417592233],[-111.04689015240736,32.216832568063275],[-111.04691694209603,32.216841771637512],[-111.0469451427564,32.216851415088968],[-111.04697010203644,32.216861894780131],[-111.04699606733035,32.216872896335119],[-111.04701196782885,32.216879620682732],[-111.04702182511416,32.216884412306619],[-111.04704645187076,32.21689750772105],[-111.04707108707768,32.21691060769804],[-111.04708797806977,32.216919485216302],[-111.04709561444332,32.216924004533851],[-111.04711871227859,32.216939023852106],[-111.04714180987609,32.216953957490269],[-111.04714743285005,32.216957690083021],[-111.04716409042733,32.216969916301181],[-111.04718575850291,32.216986472419123],[-111.04719197655351,32.216991325574249],[-111.04720640831988,32.217003794401897],[-111.04722644753734,32.21702162803107],[-111.04724368140724,32.217036950593389],[-111.04724648595592,32.217039546424033],[-111.04726489468446,32.217058828903177],[-111.04728310269005,32.217078024324891],[-111.04729926743416,32.217098567461946],[-111.04731545732643,32.21711914413774],[-111.04733162312,32.217139689983405],[-111.04733960972715,32.217149881529046],[-111.04734718646792,32.217160670877384],[-111.04751265027036,32.21740881755558],[-111.04751622312871,32.217414175571299],[-111.04751975832301,32.217419478315989],[-111.0475233207203,32.217424820928372],[-111.04752531452642,32.217427669103166],[-111.04752731404658,32.217429916695387],[-111.04753232565058,32.217434245689489],[-111.04753744578845,32.217438540258051],[-111.04754257855311,32.21744284573527],[-111.04754771448343,32.217447153037696],[-111.04755285251001,32.217451463059831],[-111.04755804421613,32.21745581764074],[-111.04756320120036,32.217460142222158],[-111.04756901351003,32.217465164819721],[-111.04757404064593,32.217467861598379],[-111.04758027590761,32.217470911183803],[-111.04758674184342,32.217474022777736],[-111.04759300078614,32.217477036451946],[-111.04759917632281,32.217480008068094],[-111.04760562324321,32.217483111413827],[-111.04761326867997,32.217486685640139],[-111.04761850716197,32.217488353974986],[-111.04762535899404,32.217490377000132],[-111.04763221082641,32.217492400024938],[-111.04763906266768,32.217494422147581],[-111.0476461228301,32.217495845080187],[-111.0482435719118,32.217616087412651],[-111.04895288669464,32.217661159492224],[-111.04932510777007,32.217855872443209],[-111.05003464151113,32.218112510409739],[-111.05004753136062,32.218117152143861],[-111.05005437922442,32.218119604284318],[-111.05006062602774,32.218121450779947],[-111.05007413405848,32.218124893701905],[-111.05008744030225,32.218128248662921],[-111.05009530210364,32.218130278478853],[-111.05010094972079,32.218131433666791],[-111.05011487494879,32.218133505048279],[-111.05012859675558,32.218135660708057],[-111.05014474025029,32.218138176566107],[-111.05015605340712,32.218138597716397],[-111.05017022656742,32.218138912213618],[-111.05018417275488,32.218139221546053],[-111.05019811150844,32.218139531727878],[-111.05021202057735,32.218139839900971],[-111.05022596372805,32.218140022049312],[-111.05023992130735,32.218138571072252],[-111.05025387993847,32.218137121002719],[-111.05026763759349,32.218135497303678],[-111.05028120323534,32.218132754913839],[-111.05029497147711,32.218130014812935],[-111.05030873971808,32.218127274710504],[-111.05031501935939,32.218125771102571],[-111.05032191284818,32.218123413154686],[-111.05033470858538,32.218118963720215],[-111.05034772889876,32.218114436462081],[-111.05036058530328,32.218109965796721],[-111.05037358539943,32.218105444710197],[-111.05038659293692,32.218100921869635],[-111.05039857313575,32.218094990536144],[-111.05041055389697,32.21808888785673],[-111.05042456790343,32.218081596963806],[-111.0504337179343,32.218075646232357],[-111.0504449028349,32.218068335950022],[-111.05045608586916,32.21806111042639],[-111.05046422114195,32.218055668588498],[-111.05046686824201,32.218053625133301],[-111.05080819931017,32.217797920720372],[-111.05189698612085,32.217187411309823],[-111.05233529899849,32.216997306324323],[-111.05304382523552,32.216869003771336],[-111.05304767064882,32.216868342844407],[-111.05305131451625,32.216867680540432],[-111.053054967309,32.216866074075853],[-111.05305829392118,32.216864633124104],[-111.05306175155326,32.216863135349925],[-111.05306529119675,32.216861602964343],[-111.05306867212938,32.216860138935701],[-111.05307213509052,32.216858638492134],[-111.05307559910379,32.216857138957479],[-111.05307898537404,32.216855671357699],[-111.05308257401686,32.216854117662329],[-111.05308601459913,32.216852627887505],[-111.05309231334552,32.216848977000701],[-111.05309496197212,32.21684676215083],[-111.05309781377248,32.216844376438374],[-111.05310066476289,32.216842076394641],[-111.05310351575316,32.216839776350859],[-111.05310861340388,32.216834915111598],[-111.05311086275323,32.216832181684005],[-111.05311311104167,32.216829448249143],[-111.05311515778425,32.216826713437392],[-111.05311740794298,32.21682389434087],[-111.05311945387552,32.216821245197849],[-111.05312089629693,32.216818248332821],[-111.05312234139856,32.216815080137344],[-111.05312378462956,32.216811997603457],[-111.05312522811144,32.216809000745606],[-111.053344248047,32.21632181293689],[-111.05326997384375,32.216269078573156],[-111.0532272230509,32.216238033990528],[-111.05319723953357,32.216214715148084],[-111.05312571282137,32.216159086539427],[-111.05310927017658,32.216145487268079],[-111.05305747771749,32.216100788399679],[-111.05300784135179,32.216057950297895],[-111.05299682011197,32.216047996294797],[-111.05299021146247,32.216041680681947],[-111.05292551585885,32.215980421579459],[-111.05291670337083,32.215972028407073],[-111.05291009229396,32.215965970698363],[-111.05290748347916,32.215963976951429],[-111.05289765221018,32.215956522841722],[-111.05288782070055,32.215948982153442],[-111.05287799025329,32.215941441471685],[-111.05286795476466,32.215934157312979],[-111.0528568970026,32.215928069216325],[-111.0528458170173,32.215921975555823],[-111.05283461250373,32.215915813405772],[-111.05282352406948,32.215909716078258],[-111.05281206566468,32.215903367315008],[-111.05280038517316,32.215899077726775],[-111.05278830214628,32.215894614939728],[-111.05277621912914,32.215890151249752],[-111.05276413611321,32.215885687558654],[-111.05275567580613,32.21588279527198],[-111.05275164163399,32.215881994829132],[-111.05273882203184,32.215879365845765],[-111.05272603313269,32.215876743383788],[-111.05271311929535,32.215874095717112],[-111.05270031769423,32.215871470460243],[-111.05268750232111,32.215868843304278],[-111.05268285977763,32.215868210049969],[-111.05267437673037,32.215867722797277],[-111.05266117408982,32.215866897564254],[-111.05264812093083,32.215866082369921],[-111.05263499315245,32.215865305443138],[-111.05262166358024,32.215864441461349],[-111.05261782526513,32.215864243877114],[-111.05261398882958,32.215863959729433],[-111.0526099497897,32.215863674196768],[-111.05260611147466,32.215863476612199],[-111.05260227422893,32.21586327813295],[-111.05259843673272,32.215862993977552],[-111.05259480671086,32.215862196292221],[-111.05259097758476,32.215861139320936],[-111.05258735000233,32.215860083727165],[-111.05258372241998,32.215859028133281],[-111.05258009483771,32.215857972539311],[-111.0525762654615,32.215856829891514],[-111.05257263787941,32.215855774297331],[-111.0525690102974,32.215854718703028],[-111.05256559100877,32.215853063008304],[-111.05256237488436,32.215851237353498],[-111.05255915957889,32.215849325128062],[-111.05255594345473,32.215847499473128],[-111.05255272733071,32.21584567381808],[-111.05254951120682,32.215843848162976],[-111.05254629509159,32.215842021606022],[-111.05254348798604,32.215839683798741],[-111.05254088324298,32.21583726079853],[-111.05253807777535,32.215834749849947],[-111.05253547327452,32.215832413427442],[-111.05253286853187,32.215829990427075],[-111.05253026485012,32.215827567433877],[-111.05252786515145,32.215824887910138],[-111.05252607276472,32.215822041189192],[-111.05252407965347,32.215819106519888],[-111.05252228832774,32.215816259806118],[-111.05252029521674,32.21581332513675],[-111.05251850364078,32.21581039274686],[-111.05251671231538,32.215807546033027],[-111.05251332527715,32.215802368890472],[-111.0525121502114,32.215798409015342],[-111.05251137197486,32.215795225627645],[-111.05251039301382,32.21579195429161],[-111.05250961558771,32.215788685235076],[-111.05250863556603,32.215785413891787],[-111.0525078573297,32.215782230504082],[-111.05250707422294,32.215779562031038],[-111.05250710997109,32.215775782683565],[-111.05250714165054,32.215772433483778],[-111.05250717252818,32.215769169051015],[-111.05250720421616,32.215765818949414],[-111.05250723589559,32.215762469749599],[-111.0525072667732,32.215759205316814],[-111.05250729521134,32.215756198792256],[-111.05250833941882,32.21575268426357],[-111.05250917858265,32.215749426258093],[-111.05251001694464,32.215746253019631],[-111.05251085610836,32.215742995014139],[-111.05251169528053,32.215739736106862],[-111.05274933820175,32.215099774872826],[-111.05287727005749,32.214552823722187],[-111.05288159361943,32.214534341287006],[-111.05288601767266,32.214515215627699],[-111.05288760404676,32.214497101376629],[-111.05288939763869,32.214478387918923],[-111.05289100649804,32.214457782951584],[-111.0528907623291,32.21444085924108],[-111.05289033448923,32.214422044028225],[-111.05288984468245,32.214409671105052],[-111.05288909649583,32.214403308954026],[-111.05288664713088,32.214384566504421],[-111.0528841967146,32.214365823145734],[-111.05288209708252,32.214352838600171],[-111.0528807340297,32.214347331696985],[-111.05287646226242,32.214328919492239],[-111.05287295654287,32.21431498021505],[-111.05287138139619,32.214310588334918],[-111.05286528827999,32.214292507283808],[-111.0528591949068,32.214274341458044],[-111.05285722374563,32.214269087422444],[-111.05285168271371,32.214256679983244],[-111.05284376556422,32.214239102317038],[-111.05283683249411,32.214224366745832],[-111.05283524029865,32.214221778419883],[-111.05282549749532,32.214204875476],[-111.05281575494629,32.214188058207483],[-111.05280560638109,32.214171324739908],[-111.05279403737005,32.214155267861656],[-111.05277070187046,32.214122724380559],[-111.05446641236541,32.214119440659374],[-111.05441921429947,32.206800933047568],[-111.05440210999225,32.206800955279576],[-111.05438314622782,32.206800979256819],[-111.05437090646592,32.206800992275269],[-111.0543593318003,32.206801002614064],[-111.04332524220271,32.206808211688887],[-111.04324287166739,32.206808262235164],[-111.04317384292783,32.206808303899457],[-111.04310733446948,32.206808344001161],[-111.04305132717572,32.206808378169875],[-111.04298821515462,32.206808416426242],[-111.04289501145207,32.206808473049776],[-111.04282249080555,32.206808517444408],[-111.04273813354634,32.206808568359563],[-111.04267595284648,32.206808605682909],[-111.04262982513733,32.206808634009533],[-111.04255598602285,32.206808678154822],[-111.04252215635275,32.206808698578065],[-111.04244663917427,32.206808743683006],[-111.04238736591999,32.206808779324149],[-111.04231992615331,32.206808819786126],[-111.04225985523293,32.206808856163967],[-111.04220714362143,32.206808887500422],[-111.04214444104569,32.2068089254619],[-111.04208022270168,32.206808963728975],[-111.0420327086361,32.206808992167737],[-111.0419747655332,32.206809026897041],[-111.04191850686,32.206809060628323],[-111.04187281723905,32.206809088102389],[-111.04182097542258,32.20680911898318],[-111.04177445419434,32.206809146980177],[-111.04172423528169,32.206809177327791],[-111.04167446505791,32.206809207153363],[-111.04160656388363,32.206809247648764],[-111.0415400278584,32.206809287636808],[-111.04148960105233,32.206809317354057],[-111.04144284964909,32.206809345439353],[-111.04138321788069,32.206809380833292],[-111.04132221034962,32.206809417496004],[-111.04127832184234,32.206809443697658],[-111.04123124586549,32.206809471261039],[-111.04117641811673,32.206809503748019],[-111.04111544453727,32.20680953964424],[-111.04105365632086,32.206809576181989],[-111.04098619323602,32.206809615770837],[-111.04092249677832,32.206809653457],[-111.04085468153424,32.206809693241894],[-111.04080606114623,32.206809721672329],[-111.040761111918,32.206809748462639],[-111.04071288611749,32.206809776885422],[-111.04068256108755,32.206809794944313],[-111.04064849912973,32.206809815060303],[-111.04062231729063,32.206809830247948],[-111.04058253378734,32.206809853989284],[-111.04054494598823,32.20680987579874],[-111.04051586837537,32.2068098925416],[-111.04048792891486,32.206809909048808],[-111.04046101729938,32.20680992455663],[-111.04043239048792,32.206809941699007],[-111.0404026021902,32.20680995890141],[-111.0403746436386,32.20680997525124],[-111.04033993782663,32.206809995330715],[-111.04030335347051,32.206810016808774],[-111.04027364578263,32.206810034539537],[-111.04023760452147,32.206810055254024],[-111.0402133160777,32.20681006905275],[-111.04018444318008,32.206810086236693],[-111.0401500990759,32.206810106066079],[-111.0401070612773,32.206810131445927],[-111.04007283809599,32.206810151190865],[-111.04004554567564,32.206810167577295],[-111.04000685259946,32.206810190581507],[-111.03997973838543,32.206810206385697],[-111.03995441997667,32.206810221109279],[-111.03992978785854,32.206810235175887],[-111.03990226951242,32.206810250866525],[-111.03986570849341,32.206810272379734],[-111.0398427565616,32.206810285455809],[-111.03981815202079,32.206810299691909],[-111.03979082247903,32.206810315765892],[-111.03976942026523,32.206810327853056],[-111.03973648904049,32.206810347449277],[-111.03971204148456,32.206810361851723],[-111.03968912879733,32.206810375172111],[-111.03966771702943,32.206810388077635],[-111.03963790752285,32.206810404952684],[-111.03961152839084,32.206810420366054],[-111.0395915549643,32.206810432414422],[-111.03957298063496,32.206810443343684],[-111.03954643497303,32.206810458490004],[-111.03951459205989,32.206810476560285],[-111.03948448872896,32.206810494066197],[-111.03946309606216,32.206810506167699],[-111.03944056311349,32.206810519372262],[-111.03941940698843,32.206810531303937],[-111.03938843917024,32.20681054910149],[-111.0393685643933,32.20681056089731],[-111.03934555730126,32.206810574402184],[-111.03932614606178,32.206810585800582],[-111.03931025642956,32.20681059457889],[-111.03929325303163,32.206810604644538],[-111.03926864212937,32.206810618729513],[-111.03925403490587,32.20681062738204],[-111.0392346947387,32.206810638357773],[-111.03921209603084,32.206810651065204],[-111.03919824085803,32.206810659519618],[-111.03917909691937,32.206810670946894],[-111.03915662231607,32.206810683603912],[-111.03914185810849,32.206810692055733],[-111.03912398810206,32.20681070239651],[-111.03911062193092,32.206810709726277],[-111.03909916505388,32.206810716779692],[-111.03908978295779,32.206810722000455],[-111.03908009855142,32.20681072782763],[-111.03907232875103,32.206810732514583],[-111.03906308666903,32.206810737803416],[-111.03899609244012,32.206810776879053],[-111.03896848075303,32.206810792620246],[-111.03886279346568,32.206810853398032],[-111.03882176787106,32.206810876979702],[-111.0387789634422,32.206786829038599],[-111.03874496321149,32.206767726557999],[-111.03874260945329,32.206766404356443],[-111.03873923005244,32.206764633133631],[-111.03872698315308,32.206758214503125],[-111.03870912046145,32.206748852063562],[-111.03868941187815,32.20673852175959],[-111.0386767934838,32.206731908453605],[-111.03863727289573,32.206711194808001],[-111.0386370323161,32.206711063273005],[-111.03862087271766,32.206701966966079],[-111.03854265874192,32.206657913818397],[-111.03846265344335,32.206612851652295],[-111.03842552254575,32.206591938099727],[-111.03835894933447,32.206563747815231],[-111.03831470138695,32.206545010517772],[-111.03824047632277,32.206519461695038],[-111.03821555033964,32.206510881603464],[-111.03819917618222,32.206505244995633],[-111.03819502449852,32.206503815598978],[-111.03819429753574,32.206503633788188],[-111.03811692865519,32.206484256853109],[-111.03806827419055,32.206472071344372],[-111.03802793927107,32.206464813543811],[-111.03797906977374,32.206456020112071],[-111.03791763361447,32.206453556777369],[-111.03787497757169,32.206451846216154],[-111.03787188466673,32.206451721908927],[-111.0378716026226,32.206451710930153],[-111.0378589276505,32.20645121249381],[-111.03783938927457,32.206450444497278],[-111.03781287298919,32.206449401632291],[-111.03776562441993,32.206447543675509],[-111.03768936079176,32.206454652041138],[-111.03757840299396,32.206464994806204],[-111.03753746412323,32.20646881079211],[-111.03743536453516,32.20649192007776],[-111.03736283835332,32.206508335922813],[-111.0373352447474,32.206518388857845],[-111.03724587176313,32.206550951157062],[-111.03721047573512,32.206563847388651],[-111.03720955179919,32.206564183659026],[-111.03720297418069,32.206566842508046],[-111.03719086358177,32.206571736394565],[-111.03717632935913,32.206577610850047],[-111.03713968340188,32.206592421078859],[-111.03710924980703,32.206604720518605],[-111.03704677207745,32.206645115534336],[-111.03701341288992,32.206666683496543],[-111.03698925217434,32.206682304720843],[-111.03696911752264,32.206695323300941],[-111.03694658771764,32.206709889895656],[-111.03692976186949,32.206720768892069],[-111.036925587428,32.206723467895969],[-111.036923844431,32.206724594785236],[-111.03692270066759,32.206725398478056],[-111.03690908549797,32.20673496599855],[-111.03685548768735,32.206772629724064],[-111.03682407419639,32.206794703576534],[-111.03679670926014,32.206813932350116],[-111.0367768839774,32.206827863904984],[-111.03675948825962,32.206840088057106],[-111.03674908649889,32.206847397183367],[-111.0367475305011,32.20684849110188],[-111.03674678204766,32.206848999036936],[-111.03674167736563,32.206852467138383],[-111.0367341692962,32.20685756706677],[-111.03666810525303,32.20690244610455],[-111.03659307350716,32.206953416804815],[-111.03646689006389,32.20703913617853],[-111.03646494444534,32.207040264356145],[-111.0363850532693,32.207086614366105],[-111.03635682675231,32.207102989950201],[-111.03632791968273,32.207119760301936],[-111.03630918128277,32.207130631307258],[-111.03630683149113,32.207131652957031],[-111.03620856734089,32.207174375797422],[-111.03607308780612,32.207219727032488],[-111.03592469830234,32.207248325887697],[-111.03575523626614,32.207267914512322],[-111.03571318692492,32.207272775507889],[-111.03570960739268,32.2072729534787],[-111.03559132793271,32.207278828986773],[-111.03544722341745,32.207285986259059],[-111.03529547830098,32.207287224569619],[-111.03502435325986,32.207289436646946],[-111.03479026732671,32.207291345563426],[-111.03461554727969,32.207292770006127],[-111.03447009680114,32.207283206679378],[-111.03425492267827,32.207269058634218],[-111.03420817874807,32.20726598538954],[-111.03411722111026,32.207242333864755],[-111.03406912783518,32.20722982788007],[-111.03400285337051,32.207202210965697],[-111.03396065798424,32.207184628204516],[-111.03390746101368,32.2071559337666],[-111.03382848288605,32.207113333361548],[-111.03382697064009,32.207112639211189],[-111.03372101531923,32.207063998354833],[-111.0336810274862,32.207045639107236],[-111.03368096097032,32.207045607078491],[-111.03368007321717,32.207045160783146],[-111.03358595274899,32.206997810926993],[-111.03354663739393,32.206978032337545],[-111.0335419713241,32.206976272731616],[-111.03349758920773,32.206959539402128],[-111.03348788563265,32.20695658845306],[-111.03344026145993,32.20694210417745],[-111.03342695646263,32.206939512246123],[-111.03335337934273,32.206925176699954],[-111.03333294913469,32.206921196655372],[-111.03330529525643,32.206915808875351],[-111.03325327353467,32.206914478625286],[-111.03320727837806,32.206913303195208],[-111.0331861848464,32.206912764401643],[-111.03317537986564,32.206912487788131],[-111.03317481570643,32.206912473023792],[-111.03317422512697,32.206912448154633],[-111.03316888660376,32.206912221463782],[-111.03311597319535,32.206909974975105],[-111.03307673531388,32.206908309226826],[-111.03307181453765,32.206908100782591],[-111.03307035028223,32.206908039144643],[-111.03307030998639,32.206908037961178],[-111.03306912510511,32.206908044109646],[-111.03305298538568,32.206908136929464],[-111.03299433080585,32.206908472799881],[-111.03293948653808,32.206908786577479],[-111.03292436835183,32.206908872993729],[-111.03288981396017,32.2069122099347],[-111.03278519840359,32.206922314146304],[-111.03274559663157,32.206926138825125],[-111.0327442700213,32.206926212519058],[-111.03269056027359,32.206929203550459],[-111.03263196434141,32.206932467017317],[-111.03256854272433,32.206935998826708],[-111.03252062972452,32.206938667783525],[-111.03251241321883,32.206939125271475],[-111.03250543099507,32.206939513832786],[-111.03249904203031,32.206939869567378],[-111.03249112374928,32.20694031020097],[-111.03248560397728,32.206940617903385],[-111.03248208791831,32.206940814263476],[-111.03248003644997,32.206940927977094],[-111.032479724428,32.206940945635338],[-111.03247934884577,32.206940954732559],[-111.03245564690361,32.206941523064565],[-111.0323736354198,32.206943489944706],[-111.03223492067946,32.206946817796947],[-111.032108600122,32.206949848030803],[-111.03196517363344,32.20695328781671],[-111.03183063271443,32.20695651456721],[-111.03181809635372,32.206956815520108],[-111.03178645626652,32.206957574370286],[-111.03178509611622,32.206957606335024],[-111.03178502185351,32.206957607618918],[-111.03178074387372,32.206957618259935],[-111.03176898024887,32.206957645047652],[-111.0317592140045,32.206957666875816],[-111.03174727324298,32.206957693323538],[-111.03133874040277,32.206958610113396],[-111.03086252487208,32.206959677270582],[-111.03046938874314,32.206960556633156],[-111.03033517953263,32.206960856762365],[-111.03017503944672,32.206961214819835],[-111.03000684834458,32.206961590162948],[-111.02984832377874,32.206961943804977],[-111.02973708387088,32.206962191577553],[-111.02963496951485,32.206962419406686],[-111.02953800930217,32.206962635521528],[-111.02944047628962,32.206962852953374],[-111.0293245213978,32.206963110563279],[-111.02917768303224,32.206963437162386],[-111.02902565976963,32.20696377498605],[-111.02892654308029,32.206963995331947],[-111.02880829911368,32.206964258039307],[-111.02876552791575,32.20696435357555],[-111.0287646369647,32.206964348220367],[-111.02874118161103,32.206964098721933],[-111.02866285590598,32.206963242890367],[-111.02857442687997,32.206962276360521],[-111.02852546509864,32.206961741236476],[-111.02845959726929,32.20696102149099],[-111.02842899457077,32.206960686550843],[-111.02840144428755,32.206960385674478],[-111.02836042432483,32.206959936945758],[-111.02832186602441,32.206959515420515],[-111.02828562302589,32.206959119170683],[-111.02826113471363,32.206958851502982],[-111.02822516217186,32.206958458038088],[-111.02818847053942,32.206958056804133],[-111.02815668208683,32.206957708956089],[-111.02812862908728,32.20695740178185],[-111.02809095957645,32.206956990039828],[-111.02805271416214,32.206956571533347],[-111.0280170651029,32.206956182086529],[-111.0279905828593,32.206955892234973],[-111.02794830608313,32.206955430029282],[-111.02791307809288,32.206955044414819],[-111.0278693557113,32.20695456660966],[-111.02783518726298,32.206954192931192],[-111.02779485033953,32.206953751526413],[-111.02774527342689,32.206953209070043],[-111.02771466967721,32.206952873949618],[-111.02767314699847,32.206952419659586],[-111.02762030130299,32.206951841544033],[-111.02757586939047,32.206951355040708],[-111.02752372369666,32.206950784512891],[-111.02747466648837,32.206950247408969],[-111.02742797230178,32.206949736826424],[-111.02738519280773,32.206949269092931],[-111.02735013558117,32.206948885424552],[-111.02731989137786,32.206948554541299],[-111.0272850409693,32.206948173211522],[-111.02724592481395,32.206947744728396],[-111.02721840212166,32.206947443788323],[-111.02719199306297,32.206947155186214],[-111.02717614020867,32.206946981429006],[-111.02715044599881,32.206946700552969],[-111.0271150271047,32.206946313373038],[-111.02708668987378,32.20694600306593],[-111.02705820097098,32.20694569168527],[-111.02703431509177,32.206945430724382],[-111.0270136004268,32.206945203797794],[-111.02699131288715,32.206944959486833],[-111.02698285669052,32.206944866613341],[-111.02696348687101,32.206944654553162],[-111.02694074115085,32.206944405205356],[-111.02691820224786,32.206944158210774],[-111.02689883773212,32.206943946177979],[-111.02688247578789,32.206943766997512],[-111.02686325975394,32.206943556906118],[-111.02684389842061,32.206943344887335],[-111.02683533509939,32.206943251250031],[-111.02680164499965,32.206942882462592],[-111.02678969198959,32.206942751436685],[-111.02678631395892,32.206942715034742],[-111.02678604244265,32.206942712221817],[-111.02678368883677,32.206942699263251],[-111.0267719600425,32.206942635647685],[-111.02675932225814,32.206942567436542],[-111.02674564078185,32.206942493681474],[-111.02673508719967,32.206942436530944],[-111.02672334567785,32.206942372821267],[-111.0267072374114,32.206942285587118],[-111.02669245284721,32.206942205865154],[-111.02667894426507,32.206942132418042],[-111.02666212641874,32.206942041085021],[-111.02664693032462,32.206941958460753],[-111.02663208954657,32.206941878336004],[-111.02661540958428,32.206941787967416],[-111.02660147673581,32.20694171242711],[-111.02658749615837,32.20694163654921],[-111.02657176018768,32.206941551016968],[-111.02655881375651,32.206941480612855],[-111.02654068492762,32.206941382739437],[-111.02652483652882,32.206941296409802],[-111.02650924268482,32.206941211870429],[-111.02649181389927,32.206941117115115],[-111.0264712741903,32.206941005864401],[-111.02645463135144,32.206940915735998],[-111.02643414679623,32.206940804867578],[-111.02641691210907,32.206940711468654],[-111.02639588873785,32.206940597701838],[-111.02637706199694,32.206940495792352],[-111.02635707171143,32.206940387490157],[-111.02634579051954,32.206940326085189],[-111.02633195843347,32.206940251224758],[-111.02631983507227,32.206940185690478],[-111.02630704137498,32.206940116336156],[-111.02629275320311,32.206940039161346],[-111.02627908127461,32.206939965423032],[-111.02626535207136,32.206939891279838],[-111.02625195167678,32.206939818549046],[-111.0262400118162,32.206939753397634],[-111.02622988674487,32.206939698321015],[-111.02621757246807,32.206939631432341],[-111.02620983812484,32.206939589584692],[-111.02620099751176,32.206939541748632],[-111.02619311467835,32.206939498854112],[-111.02618410330156,32.206939449814122],[-111.02617430809087,32.206939397056374],[-111.02616218897286,32.206939331536873],[-111.02615344699988,32.206939284392256],[-111.02614267916947,32.2069392256832],[-111.0261319686139,32.206939167376639],[-111.02612221370788,32.206939114898731],[-111.02611406358344,32.206939071018404],[-111.02610694972628,32.206939032633244],[-111.02609579157007,32.206938972072571],[-111.02608506934756,32.206938913679906],[-111.02607139954122,32.206938839934033],[-111.02579697361165,32.206937350235535],[-111.02579385314301,32.206937333658608],[-111.02577436349411,32.20693722789008],[-111.02575701320026,32.206937133586557],[-111.02575350352791,32.206937108855065],[-111.02574832552344,32.206937066054358],[-111.02545328538629,32.206934296740449],[-111.02513404935401,32.206931300207259],[-111.02471692982219,32.206927383283485],[-111.02467216848487,32.20692696287685],[-111.02466909162712,32.206926933954172],[-111.02466900889686,32.206926933370475],[-111.02466450220301,32.206926903378161],[-111.02464805789961,32.206926795474125],[-111.02462526560699,32.206926646386535],[-111.02460348411702,32.206926503524997],[-111.02457479249671,32.206926315509278],[-111.02454145417799,32.206926096502471],[-111.02450773826162,32.206925875724146],[-111.02446298947491,32.20692558249057],[-111.02443463514072,32.206925396823245],[-111.02439977373017,32.206925167932248],[-111.02436180143395,32.206924918879629],[-111.02431128802372,32.206924587612789],[-111.02425106225479,32.206924192279921],[-111.02417374306353,32.206923685272315],[-111.0241138004893,32.206923291873181],[-111.02406796136678,32.206922990802369],[-111.024037721203,32.206922792633833],[-111.02398673581185,32.206922457904994],[-111.02393828324757,32.206922140138154],[-111.02389299672315,32.2069218429058],[-111.02385343451978,32.206921583375369],[-111.02381260590842,32.206921314889172],[-111.02375872494638,32.206920961423329],[-111.02370139581529,32.206920585384168],[-111.02362139638326,32.206920060010248],[-111.02356976506739,32.206919720550687],[-111.02351785055177,32.206919379971268],[-111.02344445048402,32.206918897498191],[-111.02338527583935,32.206918508277184],[-111.02332641090376,32.206918121216816],[-111.02327723180956,32.206917798063088],[-111.02322859046241,32.206917478690258],[-111.02318420550463,32.206917186673216],[-111.02314650262753,32.206916939159584],[-111.02309341610841,32.206916590122965],[-111.02303968364961,32.206916237400293],[-111.02298479296924,32.206915876467789],[-111.02294159381439,32.206915592747528],[-111.02289384872523,32.206915278679659],[-111.02287059188438,32.206915125991664],[-111.02285628161418,32.206915032039213],[-111.02284113396921,32.206914660713323],[-111.02280471664446,32.206913766553328],[-111.02262304358028,32.206909309342642],[-111.02232371654716,32.206901964385324],[-111.02198409310742,32.206893629236745],[-111.02172259498627,32.206887211591315],[-111.02133225620659,32.206877630090148],[-111.0208640235163,32.206866135537815],[-111.02045864447103,32.206856182340729],[-111.02041325889115,32.206855067902715],[-111.02032710393165,32.206852951066296],[-111.02029860725474,32.206852250319258],[-111.02028187320104,32.206851838580818],[-111.02027127928854,32.206851894235761],[-111.02023816732937,32.206852069800313],[-111.02012055862514,32.206852692324524],[-111.0199230155559,32.2068537371172],[-111.0197752767323,32.206854518066727],[-111.01959722427095,32.206855458923059],[-111.01942918654279,32.206856347049452],[-111.01924237742745,32.20685733348212],[-111.01906944424992,32.206858246804103],[-111.01890603149289,32.206859109352685],[-111.01873956902166,32.206859987907386],[-111.01857839767023,32.206860838896112],[-111.01843168886963,32.206861612965959],[-111.01828781126832,32.206862371811802],[-111.01819099581002,32.206862882365677],[-111.01809996791201,32.206863362734218],[-111.01791450811221,32.206864340560912],[-111.01774121641228,32.206865254025843],[-111.01759917925338,32.2068660026275],[-111.01741219089088,32.206866987785645],[-111.01725767377522,32.206867801450528],[-111.01712735495327,32.206868487689164],[-111.01700498342332,32.206869132045888],[-111.01687686994318,32.206869806664159],[-111.01677655077251,32.206870334486823],[-111.01665247459171,32.206870987111166],[-111.01653005958025,32.206871630698451],[-111.01641052349596,32.206872259495412],[-111.01631671321249,32.206872753036869],[-111.01624580813859,32.206873126463655],[-111.01620376238864,32.206873347368933],[-111.01619850523041,32.206873373054442],[-111.01619822096089,32.206873372833485],[-111.01619212437036,32.20687333211729],[-111.01611120035115,32.206872786387308],[-111.01591974440719,32.206871496460487],[-111.0156952409169,32.206869982466905],[-111.01542215567441,32.206868140712047],[-111.01513838339946,32.206866226671373],[-111.01490956950035,32.206864683251993],[-111.01487578585737,32.206864454912633],[-111.01486816406873,32.206864403253782],[-111.01486616898633,32.206864390826915],[-111.01486609580215,32.206864390304901],[-111.01486452691034,32.20686439985645],[-111.01486010453102,32.206864426029625],[-111.01485430844441,32.206864460440826],[-111.01485046842787,32.206864483552934],[-111.01481620318147,32.206864689151246],[-111.01471556824309,32.206865293348692],[-111.01461772951825,32.206865880441256],[-111.01452197946189,32.206866455306859],[-111.01441329533635,32.206867108244403],[-111.01428736614777,32.206867864364987],[-111.01417127143831,32.206868560698091],[-111.01407282489001,32.206869151146435],[-111.01398572972282,32.206869673762476],[-111.01388263590535,32.206870292206759],[-111.01379584411798,32.206870813250923],[-111.01369783673061,32.206871401132311],[-111.01363478621397,32.206871779590863],[-111.01358756887038,32.206872062790744],[-111.01348093948772,32.206872701646482],[-111.01339445109029,32.206873220073149],[-111.01331856940597,32.20687367534434],[-111.01323104144855,32.20687419975895],[-111.01316709669844,32.206874583318012],[-111.01312189802171,32.206874853714815],[-111.01312031428111,32.206874863138559],[-111.01311946547492,32.206874886832942],[-111.01311666654368,32.2068749642279],[-111.0130697075132,32.206876263641796],[-111.01302566836176,32.206877482902478],[-111.01297617564732,32.206878852551981],[-111.01291614078329,32.206880513870566],[-111.01285754569679,32.206882135852361],[-111.01277052202738,32.206884544775249],[-111.01272059747566,32.206885926568361],[-111.01266928088155,32.206887347087331],[-111.01262508469469,32.206888570496481],[-111.01256797501468,32.206890150659099],[-111.01251638998623,32.206891578214695],[-111.01246426384293,32.206893020817752],[-111.01241930585407,32.206894264859748],[-111.0123964687684,32.206894896939218],[-111.01236435106978,32.206895785490339],[-111.01235734312424,32.206895979761704],[-111.01235700255171,32.206895988147672],[-111.01235673307777,32.206895993434884],[-111.012350495051,32.206896096716747],[-111.01229604175028,32.206896997738461],[-111.01215389643478,32.206899350118746],[-111.01203662684048,32.206901290533786],[-111.01190009680765,32.206903549335628],[-111.01183990728333,32.206904544385445],[-111.01179814644796,32.206905235718551],[-111.01179547619212,32.206905279735558],[-111.01179516644061,32.206905282027805],[-111.0117935095424,32.206905288205853],[-111.01177555656797,32.206905325650176],[-111.01172355500412,32.206905433225636],[-111.01158623731425,32.206905717350743],[-111.01140015331242,32.206906102172454],[-111.01119952024891,32.206906516896296],[-111.01094122766314,32.206907050331154],[-111.01073004240469,32.206907486112733],[-111.01048993828826,32.206907981213227],[-111.01031988416966,32.206908331435969],[-111.01014085091894,32.206908700016676],[-111.01000636118674,32.206908976549087],[-111.00983159316061,32.206909336499869],[-111.0096354947905,32.206909739782262],[-111.00937743032213,32.206910269854127],[-111.00916696429053,32.206910701872431],[-111.00890853918762,32.206911232005588],[-111.00868495716773,32.206911689894021],[-111.00846658655028,32.206912137025711],[-111.00826572869488,32.206912548183027],[-111.00805476627548,32.206912979291822],[-111.00789100132269,32.206913313727405],[-111.00776585247515,32.206913569343477],[-111.00765377084198,32.206913797942356],[-111.00764711472324,32.206913811410139],[-111.00762018156654,32.206913866665644],[-111.00761588558453,32.206913875457481],[-111.00760913187807,32.206913889123442],[-111.00760388229206,32.206913900076579],[-111.00760286504971,32.206913901780659],[-111.00760275790725,32.206913902813938],[-111.00760224127747,32.206913909019384],[-111.00759889958339,32.206913953530851],[-111.00759653811696,32.206913985250118],[-111.00748465082353,32.206915470446198],[-111.00732426654727,32.206917599656073],[-111.00718381148513,32.206919464398467],[-111.00704442576946,32.206921314132508],[-111.00691766634172,32.206922996644394],[-111.00682802303909,32.206924186794716],[-111.00676854832986,32.20692497624978],[-111.00673270735122,32.206925451491003],[-111.00672567388892,32.206925544261139],[-111.00672542881851,32.20692554881014],[-111.00672536198032,32.206925550132752],[-111.00672489508379,32.206925568416374],[-111.0067068878113,32.206926265792525],[-111.0065319551706,32.206933039233427],[-111.0064351742941,32.20693678672221],[-111.00632141649081,32.206941191079679],[-111.00622911248439,32.206944765028084],[-111.00615698681585,32.20694755714625],[-111.00604624894491,32.206951845024165],[-111.00595416139122,32.20695541041043],[-111.0058791971978,32.206958312688627],[-111.0058047731176,32.206961193562307],[-111.00577745871061,32.206962251220453],[-111.00576115771631,32.20696288229562],[-111.00551781956899,32.206972302541132],[-111.00196188973459,32.206961372506449],[-111.00191944655617,32.206961241284283],[-111.00191407841599,32.206961227695686],[-111.001911782018,32.206961222804381],[-111.00190959910826,32.206961218734172],[-111.0019046424955,32.206961208122735],[-111.00189077177802,32.206961183516249],[-111.00186604060448,32.206961138945211],[-111.00104471129299,32.206959663796304],[-111.00102509266789,32.206959629031537],[-111.0009985350457,32.206959574670378],[-111.0009952596799,32.206959562672246],[-111.00096759993467,32.206959406531958],[-111.00072452235941,32.206958033531933],[-111.00046784614736,32.206956584065509],[-111.00026161573373,32.20695541857198],[-110.9999959134032,32.206953916250029],[-110.99998519019071,32.206953855636236],[-110.99997126167882,32.206953777192069],[-110.99996361542878,32.206953733475366],[-110.999955108984,32.206953685324841],[-110.99995026922481,32.206953657447379],[-110.9999468069866,32.206953558393174],[-110.99986757324933,32.206951283004059],[-110.99972568315312,32.206947208530153],[-110.99964387264383,32.206944858399162],[-110.9996041985282,32.206943718397021],[-110.99954414971842,32.206941994099417],[-110.99950703542214,32.206940928549322],[-110.99950029228999,32.206940734437538],[-110.99950020217207,32.206940730176463],[-110.99950010147492,32.206940723133165],[-110.99949894521616,32.206940625463986],[-110.9992532554564,32.206919891823979],[-110.99900662152677,32.20689907780627],[-110.99895940464013,32.206895092589676],[-110.99867992593867,32.206842486266204],[-110.998439429274,32.206797216571076],[-110.99839067780516,32.206788039881374],[-110.99837652136955,32.206784256689055],[-110.99835154609616,32.206777581201536],[-110.99832462856698,32.206770387477846],[-110.99829944172728,32.206763655431665],[-110.99828835841342,32.206760693574267],[-110.99825231359385,32.206751059916236],[-110.99822078270846,32.206742633223122],[-110.99818542551215,32.206733184005685],[-110.99815427865262,32.206724859287299],[-110.99812797790077,32.206717829626939],[-110.99810075891581,32.206710555206499],[-110.99805798503111,32.206699123052054],[-110.99802153509047,32.20668938177279],[-110.99798782821888,32.206680372861406],[-110.99795664225276,32.206672037890343],[-110.99794122275794,32.206667917205102],[-110.99791014998917,32.206659612805659],[-110.99789079312129,32.206654439021932],[-110.99787355516416,32.206649831652427],[-110.99785572479563,32.206645066664095],[-110.99783934053349,32.206640688246232],[-110.99782833553776,32.206637746758233],[-110.99781463086168,32.206634084024557],[-110.99780656567744,32.206631928652712],[-110.99779341744528,32.206628414253792],[-110.99778534380421,32.206626256113609],[-110.99778010947573,32.206624857208311],[-110.9977736141737,32.206623120871662],[-110.99774298786264,32.206614935110579],[-110.99772869185061,32.206611113856631],[-110.99772582925978,32.206610349039934],[-110.99772554894476,32.206610272150556],[-110.9977239929889,32.206609839686323],[-110.99770577980337,32.206604749940944],[-110.99764289308993,32.206587175182101],[-110.99759758809827,32.20657451421738],[-110.99750415399436,32.206548403348151],[-110.99735129425457,32.206505685085475],[-110.99721999551313,32.206468992554605],[-110.99709725712353,32.206434691579503],[-110.99699378013801,32.206405773841269],[-110.99690228838692,32.206380205131978],[-110.99688008447676,32.206373999530449],[-110.99686450513991,32.206369645781422],[-110.99685815239816,32.206367870754654],[-110.99685438264343,32.206366817045549],[-110.99685408119905,32.206366731884039],[-110.99685049486973,32.206365685822071],[-110.9968446146065,32.206363970145539],[-110.9968247655594,32.206358177570394],[-110.99680577316484,32.206352635620945],[-110.99678477979873,32.20634650915305],[-110.99675586289496,32.206338070453484],[-110.99673674359659,32.206332491497164],[-110.996711271303,32.206325058140898],[-110.99667996740956,32.206315922976998],[-110.99665330003747,32.206308140922872],[-110.9966270419622,32.206300478177781],[-110.9966087518433,32.206295140613975],[-110.99658581569513,32.206288447153113],[-110.99655761693482,32.206280218350251],[-110.99653246406393,32.20627287836777],[-110.99651550018892,32.206267927407893],[-110.99649844007101,32.206262948690394],[-110.99647566998591,32.206256303313502],[-110.99645412353682,32.206250015847097],[-110.99643581651401,32.206244673626287],[-110.99642541821299,32.206241639035106],[-110.99641479147087,32.20623853784852],[-110.99640599966108,32.206235972177033],[-110.99639697306441,32.206233338060507],[-110.99638843084642,32.206230845449205],[-110.99638779101001,32.206230657720262],[-110.99638600162206,32.20623012884834],[-110.9963818623753,32.206228901989725],[-110.99636716985466,32.20622454651842],[-110.99635886281615,32.206222083573763],[-110.99635374956539,32.206220568253158],[-110.99634134134654,32.206216890448594],[-110.99632437297974,32.206211860971294],[-110.99631072532235,32.20620781521275],[-110.99629101896841,32.206201973992442],[-110.99626659595113,32.206194734864582],[-110.99624519964318,32.206188392542309],[-110.99621901264793,32.206180630127342],[-110.99620197767528,32.206175580308553],[-110.99617858366521,32.206168646259464],[-110.9961493847905,32.206159990733553],[-110.99612787111489,32.20615361326751],[-110.99611389457421,32.206149470401066],[-110.99609892288281,32.20614503260326],[-110.99608837808617,32.206141906734842],[-110.99607655894143,32.206138403639642],[-110.99603667251779,32.206126580595807],[-110.99583174133309,32.206065834308852],[-110.99579056794602,32.206053629358564],[-110.99578474192481,32.206051903206195],[-110.99578421525986,32.206051747862602],[-110.99577532938184,32.206049152603846],[-110.99575637418606,32.206043616179798],[-110.9949683223041,32.205813426963275],[-110.99495229249597,32.205808744135425],[-110.99491986800687,32.205799273004892],[-110.99470553112521,32.205743664404572],[-110.99432943084591,32.205646086570212],[-110.99427883225388,32.205632959241029],[-110.99372990686037,32.20553446857663],[-110.99368299133539,32.205526050199886],[-110.99368135234819,32.205525755961965],[-110.99368113189433,32.205525739021482],[-110.99364512391983,32.205522952828112],[-110.99330445893774,32.20549659569059],[-110.99325393503138,32.205492687009418],[-110.99314190171872,32.205484018278533],[-110.99309835065041,32.205519805834506],[-110.99309135131553,32.205525558885718],[-110.99308852548721,32.205527881198648],[-110.99308682380028,32.205529278328854],[-110.99308678742942,32.205529308725424],[-110.99308576029622,32.20553018591788],[-110.99307818311152,32.205536650800511],[-110.99299644736679,32.205606396463864],[-110.99289186535103,32.205695637755305],[-110.99278970438328,32.205782812518187],[-110.99266653405729,32.205887914449903],[-110.99257519609536,32.205965854026388],[-110.99246467083562,32.206060165789964],[-110.99229772218192,32.206202622184392],[-110.99213141816722,32.206344529339553],[-110.99198424212059,32.206470113256849],[-110.99183810780315,32.206594807295019],[-110.99175950939006,32.206661874094145],[-110.99164823669641,32.206756820848106],[-110.99154896543226,32.206841527560613],[-110.99145899510732,32.206918297613143],[-110.99144800562348,32.206927671977795],[-110.99144779485269,32.206927850801343],[-110.99144148750872,32.206933123637072],[-110.99139953339493,32.206968195396193],[-110.99131228525192,32.2070411308408],[-110.99122243208502,32.207116243110313],[-110.9911370793002,32.207187593358405],[-110.99107456070772,32.207239854846456],[-110.99105532618042,32.2072559334392],[-110.99104369773953,32.207265653901167],[-110.9910347661903,32.207273120593776],[-110.99102931354622,32.207277679103555],[-110.99102692581586,32.20727967450636],[-110.99102577688105,32.207280634659824],[-110.99102575226716,32.207280656123523],[-110.99102423248803,32.207281995035949],[-110.99102213690675,32.207283841070158],[-110.99101937776544,32.207286271141029],[-110.99097577291741,32.207324687279026],[-110.99089251239678,32.207398041209501],[-110.99078669042493,32.207491270322414],[-110.99068975792937,32.207576668028985],[-110.99058331798767,32.207670441652645],[-110.99055924567719,32.207685544121482],[-110.99053227294024,32.207702465973455],[-110.99050973248744,32.207716607481515],[-110.99048595692167,32.20773152362738],[-110.99046125475088,32.207747020973436],[-110.9904342488786,32.2077639642051],[-110.99041001318959,32.207779169158172],[-110.99037811382796,32.207799182427628],[-110.99034745490975,32.207818416578171],[-110.99031405994197,32.207839367597792],[-110.99027551100239,32.207863552681317],[-110.99023446834158,32.207889301288731],[-110.99020020329249,32.207910798723326],[-110.99016846182988,32.2079307129924],[-110.99016045539821,32.207935220282486],[-110.99009526349417,32.207971920445353],[-110.99007487881666,32.207983395631601],[-110.99005521530026,32.207994464865706],[-110.99003697917138,32.208004731108133],[-110.9900256303922,32.208011120360133],[-110.99002362691331,32.208012248293961],[-110.99002356078749,32.208012283882489],[-110.99002349573146,32.208012318577005],[-110.99002307985745,32.208012534673522],[-110.99000531474944,32.208021748320981],[-110.98989097284799,32.208081049601958],[-110.98987841462785,32.208087562543575],[-110.98987560910359,32.208089017370682],[-110.98987526788575,32.208089193431597],[-110.9898734040799,32.208090145628262],[-110.98986643937864,32.208093699185426],[-110.98985637084468,32.208098836147286],[-110.98984612636991,32.208104063805166],[-110.98983785445367,32.208108284149922],[-110.98977643345745,32.20813962335653],[-110.98958294718588,32.208238346543972],[-110.98944607831723,32.208308180626993],[-110.98937236098284,32.208352178615314],[-110.98925884793273,32.208419928319962],[-110.98915877070928,32.208479658221336],[-110.98904609083121,32.208546909719757],[-110.98895497565843,32.20860129062779],[-110.98883500010177,32.208672896540008],[-110.98870732450513,32.208749097453946],[-110.98858733469244,32.208820711136923],[-110.98851073305924,32.208882084627895],[-110.98845589409838,32.20893263086613],[-110.98843852421548,32.208948641572754],[-110.98843630153978,32.208950981733842],[-110.98842363990931,32.208964311598564],[-110.98841729889737,32.208970988179338],[-110.98841094823781,32.208977674609073],[-110.98840331093879,32.208985715157517],[-110.98839795529356,32.20899135285012],[-110.98839674477675,32.208992627265182],[-110.98839530802461,32.208994139905727],[-110.98839377583886,32.208995753752262],[-110.98839231871429,32.208997287887094],[-110.98839102884762,32.208998646491438],[-110.9883898558658,32.208999880599706],[-110.98838852096597,32.209001286670336],[-110.98838710994416,32.209002772444819],[-110.98838578256041,32.209004169552315],[-110.98838523466532,32.209004746307507],[-110.98838521320485,32.209004770499305],[-110.98838505859234,32.209004954239091],[-110.98838272300016,32.209007758914026],[-110.9883808620535,32.209009992608735],[-110.98836203774806,32.209032594016243],[-110.98833592319031,32.209063946449255],[-110.98832384254655,32.209078451144123],[-110.98830828747948,32.209099792344205],[-110.9883005443652,32.209110415850148],[-110.98829535610611,32.209117534669332],[-110.98829223755787,32.209121813494988],[-110.98828966763156,32.209125339714468],[-110.98828694280813,32.209129077628127],[-110.98828454607519,32.209132366134526],[-110.98828193850302,32.20913594348167],[-110.98827947614426,32.209139322590794],[-110.98827667387151,32.209143166351353],[-110.98827387804491,32.209147002042712],[-110.98827117794514,32.209150707671732],[-110.98826953853313,32.209152956518949],[-110.98826723427163,32.209156539700416],[-110.98826392015809,32.20916169186367],[-110.98824910738993,32.209184722222382],[-110.98823176078299,32.209211693002047],[-110.98822493935506,32.209224098973621],[-110.98821681244206,32.2092388779906],[-110.98821066212199,32.209250064205634],[-110.98820322900264,32.209263583050223],[-110.9881869913536,32.209293113242509],[-110.98818389728946,32.209298739578102],[-110.98818358928388,32.209299300057545],[-110.9881831351,32.209300258072005],[-110.98816226847219,32.209344289047806],[-110.98814951218897,32.209371205148521],[-110.98814428403244,32.209383709392519],[-110.98811545468479,32.209452659843279],[-110.98811441102136,32.209455154754153],[-110.98811412943748,32.209455829057958],[-110.98811410005737,32.209455901890351],[-110.98811402052151,32.209456108726911],[-110.98811057349971,32.209465256816962],[-110.98808806536192,32.209524991901041],[-110.98807152465632,32.209568887794504],[-110.98806334928257,32.209598033486429],[-110.98805838764305,32.209620633858819],[-110.98805659364018,32.209628803880292],[-110.988054709517,32.209637387179399],[-110.98805338931285,32.20964339989802],[-110.9880533216203,32.209643902621522],[-110.98804919330689,32.209674476775866],[-110.98804654817418,32.209694064918359],[-110.98804536554692,32.209702822913826],[-110.98804414045829,32.209711897139428],[-110.98804268361199,32.209722692156539],[-110.98804113652326,32.209744246235573],[-110.98803943743661,32.209767918496773],[-110.98803630234197,32.209811608033633],[-110.98803315614906,32.209855449897709],[-110.98803067591361,32.209890020437676],[-110.98803129357943,32.209922034501382],[-110.98803193999468,32.20995560352965],[-110.9880326617494,32.209993032038383],[-110.98803527106752,32.210011728088084],[-110.9880400546737,32.210046001171754],[-110.98804568664616,32.2100863516009],[-110.98804915325547,32.210111186385781],[-110.98805299366562,32.210138694232448],[-110.98805373029305,32.210143971736713],[-110.98805445106784,32.21014913910134],[-110.98805624475001,32.21016198260044],[-110.98805655615323,32.210164219620545],[-110.98805658188874,32.210164401077272],[-110.98805664883909,32.210164806490333],[-110.98805725952957,32.210168489537331],[-110.98806111455927,32.210191740857148],[-110.98810149636139,32.210435265304589],[-110.98810303260885,32.210444528453664],[-110.98810445887177,32.210453132459563],[-110.98810605205942,32.21046274232917],[-110.98810736641828,32.210470667337596],[-110.98810835891415,32.210476653754732],[-110.98810856701712,32.210477887181852],[-110.98810923252292,32.210481813223119],[-110.98811023547226,32.21048771043592],[-110.98811172374583,32.210496475422765],[-110.98811514796979,32.210516611363452],[-110.9881207241946,32.210549404951117],[-110.98812903094949,32.210598260330393],[-110.98813823955722,32.210652419677061],[-110.98814572858686,32.210696463201273],[-110.98815388121277,32.210744412911474],[-110.98816315290448,32.210798943370513],[-110.98817349760508,32.210859785494712],[-110.98818291944077,32.210915200846877],[-110.98819407596119,32.210980814195864],[-110.98820053903171,32.211018827765542],[-110.98821135924362,32.211082464538457],[-110.98823079360197,32.211196765300436],[-110.98823915748888,32.211245959274379],[-110.98823970900477,32.21124920359653],[-110.98823974785176,32.211249451884832],[-110.98824003928094,32.211251358688088],[-110.98824404743189,32.211277922640299],[-110.98826232021329,32.211399020968166],[-110.98826417276959,32.211411294938848],[-110.98826445672151,32.21141581699132],[-110.98826855990423,32.211481158485164],[-110.988268695043,32.211483309438016],[-110.98826867473973,32.211483950489367],[-110.9882682858639,32.21149591490483],[-110.98826784432258,32.211509513047716],[-110.98826748003127,32.211520728223768],[-110.98826712497173,32.211531661195103],[-110.98826647220238,32.21155174554471],[-110.98826579794952,32.211572482660685],[-110.98826575611727,32.211573780987294],[-110.98826575351947,32.21157382786329],[-110.98826572687463,32.21157425784007],[-110.98826539455266,32.211579507651784],[-110.98826273891913,32.21162152961449],[-110.98826241534097,32.211626649626979],[-110.98826213465208,32.211631098091836],[-110.98826182878209,32.211635936863729],[-110.98826161780146,32.211639266670687],[-110.98826134357954,32.211643600650731],[-110.98826090125709,32.211650593791859],[-110.98826045895288,32.211657585129458],[-110.98826001659361,32.211664581877592],[-110.988259572972,32.211671598456704],[-110.98825913694222,32.211678494246478],[-110.98825874513729,32.211684691443537],[-110.9882583545396,32.211690874220182],[-110.98825778456323,32.211699886520712],[-110.98825721577568,32.211708886204399],[-110.98825655977278,32.211719265947757],[-110.98825559531943,32.211734529535342],[-110.98825343115399,32.211768792162069],[-110.98825323403921,32.211771905631821],[-110.98825262765284,32.211777715270053],[-110.98825090962636,32.21179416914854],[-110.9882442209399,32.211858218423927],[-110.98824384845373,32.211861783323812],[-110.98824382879106,32.211861943704996],[-110.9882435711599,32.211863809500741],[-110.98824237470595,32.211872360874629],[-110.98823407263743,32.211931706083682],[-110.98823380732446,32.2119335970742],[-110.988233801627,32.211933635811015],[-110.98823260707782,32.21194064236564],[-110.98823170471179,32.211945932180107],[-110.98822915997356,32.21196085589532],[-110.98822471574914,32.211986914971753],[-110.98822218791757,32.212001740511553],[-110.9882200391101,32.212014341317335],[-110.98821846106181,32.212023595118488],[-110.98821696761385,32.212032352633173],[-110.98821553396502,32.21204075797187],[-110.98821399991252,32.21204975327111],[-110.98821225265219,32.212060000546693],[-110.98821028997085,32.212071508800634],[-110.98820869274326,32.212080875189294],[-110.98820684624879,32.212091701611968],[-110.98820463204976,32.212104682508844],[-110.98820213807539,32.212119307188686],[-110.98819922672888,32.212136380875997],[-110.98819659512861,32.212151813485406],[-110.98819461780187,32.212163405501414],[-110.98819281527325,32.212173976127204],[-110.98819145610629,32.212181941018073],[-110.98819126208456,32.212183079504861],[-110.98819112615338,32.212183825220841],[-110.98818932890643,32.212193667207522],[-110.9880684346417,32.212855627068791],[-110.98806725238835,32.21286319555027],[-110.98806617911066,32.212870061405724],[-110.98806502182367,32.212877469545049],[-110.98806348561789,32.212887299918627],[-110.98806253941405,32.212893352356019],[-110.98806194379661,32.21289716091313],[-110.98806111897861,32.212902437767553],[-110.98806021130365,32.212908247896003],[-110.98805944775006,32.21291313290488],[-110.98805853669116,32.212918962848697],[-110.98805742936391,32.212926047598302],[-110.98805608829056,32.212934630372175],[-110.98805414247164,32.212947084764011],[-110.98805363194175,32.212950349241432],[-110.98805252570189,32.212957431293447],[-110.98805134803676,32.212964965538852],[-110.98804999109504,32.212973648299041],[-110.98804887353268,32.212980800610445],[-110.98804744167157,32.212989966200482],[-110.98804610515978,32.212998517443665],[-110.98804444642002,32.213009131507761],[-110.98804287844762,32.213019164558993],[-110.98804122424316,32.213029749797798],[-110.98803997394346,32.213037750656731],[-110.98803953941963,32.213040529606651],[-110.98803872023228,32.213045774036317],[-110.9880378125451,32.213051585066175],[-110.98803774791484,32.213051994923525],[-110.98803774443027,32.213052024658246],[-110.98803771211853,32.213052281442103],[-110.98803639461858,32.213063032385172],[-110.98802469217961,32.213158518627793],[-110.98802452218727,32.213159901686211],[-110.98802445241064,32.213162174683994],[-110.98802386577221,32.213181381131115],[-110.98802323573825,32.21320203920375],[-110.98802261221974,32.213222473670626],[-110.98802204594089,32.213241033655905],[-110.98802155154408,32.213257217850391],[-110.98802119659744,32.21326897058087],[-110.9880211852106,32.213269464699387],[-110.98802107632076,32.213276942765383],[-110.98802101698982,32.213281005969932],[-110.98802099994552,32.213282161087363],[-110.98801849754422,32.213454578673812],[-110.9880211053525,32.213490129882771],[-110.98802196808943,32.213501892459725],[-110.9880229053356,32.21351467374862],[-110.988023728949,32.213525902155517],[-110.98802430469223,32.213533755902112],[-110.9880259956782,32.213556812753353],[-110.98802694232256,32.213569713152573],[-110.9880277556621,32.213580804405908],[-110.98802848986733,32.213590810177969],[-110.98802951184388,32.213604752742668],[-110.98802982310828,32.213608987311332],[-110.98802985765275,32.213609450203222],[-110.98803005433577,32.213612016448899],[-110.98803126339581,32.213627695506268],[-110.98806056857208,32.214007734866598],[-110.98806223533896,32.214029314342632],[-110.98806769955077,32.214099968566572],[-110.98807384811934,32.214179481068371],[-110.98808605442721,32.21433732130037],[-110.98810309573224,32.214557698273893],[-110.98811247805584,32.214679027964081],[-110.98812798279316,32.214879530863577],[-110.98813688042553,32.214994593787267],[-110.98814379227389,32.215083976984751],[-110.9881505541852,32.215171413835364],[-110.98815769014259,32.215263694447394],[-110.98816441639644,32.215350675609848],[-110.98816721049708,32.215386798130581],[-110.98817248164616,32.215454960068683],[-110.98817678338226,32.215510580371827],[-110.98817984650053,32.215550190434406],[-110.98818412096536,32.215605467841449],[-110.98818416199231,32.215606023669125],[-110.98818442907515,32.215609805193871],[-110.98818626248769,32.215635972587073],[-110.98820189182071,32.215859001335183],[-110.9882032851574,32.215878890572846],[-110.98820339903128,32.215880524620495],[-110.98820340277935,32.215880573346752],[-110.98820349970424,32.215882413788627],[-110.98820475948077,32.215906363880407],[-110.98821220006099,32.216048010098554],[-110.98821233161679,32.216050618250691],[-110.98821308507684,32.216066352573691],[-110.9882273926403,32.216364964653842],[-110.98823728141943,32.216571352159981],[-110.98823816356055,32.216589769464207],[-110.98823871357583,32.216601306084463],[-110.98823871574081,32.216601406203303],[-110.98823856809304,32.216619692393522],[-110.98823399945232,32.217184786823502],[-110.98822498189813,32.217290363455959],[-110.9882231865745,32.217311382707365],[-110.98822143581339,32.217331879225625],[-110.98822024128046,32.217345869531336],[-110.98821827139577,32.217368929239427],[-110.98821663977903,32.217388036013418],[-110.98821512625685,32.217405752133807],[-110.98821408830702,32.217417904761646],[-110.98821235314568,32.217438222832016],[-110.98820998227556,32.217465978119286],[-110.98820870584653,32.217480928270056],[-110.98820696824015,32.217501277886143],[-110.98820595561565,32.217513130390927],[-110.98820554138038,32.217517981889529],[-110.98820507781598,32.217523407490347],[-110.98820459132011,32.217529106176656],[-110.98820431309892,32.217532369652979],[-110.98820401565099,32.217535854837813],[-110.98820364001553,32.217540248491161],[-110.98820329086027,32.217544333011951],[-110.98820303434461,32.217547339626648],[-110.98820286459653,32.217549324205514],[-110.98820269717162,32.217551288961211],[-110.98820246722779,32.217553977425744],[-110.98820232278922,32.217555663685353],[-110.98820200013242,32.217559437270047],[-110.9882017063798,32.217562871979617],[-110.98820146548687,32.217565698343442],[-110.98820130048583,32.217567633356595],[-110.98820112104184,32.217569736905538],[-110.98820071759008,32.217574466736473],[-110.98820043100842,32.21757782213782],[-110.98819999514014,32.217582923283828],[-110.98819962909926,32.217587207886424],[-110.9881994195802,32.217589661123796],[-110.98819913304425,32.217593012016337],[-110.98819891746068,32.217595540060891],[-110.98819872232036,32.217597831074798],[-110.98819849351038,32.217600512332993],[-110.98819820336132,32.217603905584909],[-110.98819793248481,32.217607072619515],[-110.9881977181177,32.21760958534194],[-110.98819742675202,32.217612993915978],[-110.98819707511718,32.217617113589796],[-110.98819685719199,32.217619663261011],[-110.98819656337477,32.217623104282865],[-110.9881962719265,32.217626520972757],[-110.98819611414211,32.217628372168896],[-110.9881958721147,32.217631205738932],[-110.98819571556518,32.217633039809385],[-110.98819550369525,32.217635515575175],[-110.98819546493014,32.217635989652059],[-110.98819545270034,32.217636149185829],[-110.9881953078462,32.217638398183134],[-110.98819514030569,32.217641000530477],[-110.98819490096469,32.217644717911853],[-110.98819482031833,32.217645972664315],[-110.98819468680733,32.217648044986625],[-110.98819455473287,32.217650080344526],[-110.9881897088981,32.217725223852462],[-110.98818740585423,32.217760916625721],[-110.98818730849402,32.217762458938559],[-110.98818730315115,32.217762567118697],[-110.98818727557479,32.217763610331318],[-110.9881869132718,32.217777442615784],[-110.98818476693272,32.217859506739174],[-110.98818401363881,32.217888323633311],[-110.98818400250828,32.217888792502208],[-110.98818400223331,32.217888819555029],[-110.98818403189451,32.217889763085125],[-110.98818441341005,32.217901699779155],[-110.98818628014303,32.217960078905456],[-110.98818630028296,32.217960706725741],[-110.98818640870823,32.217961937615726],[-110.98818753380776,32.217974715766069],[-110.9881921094025,32.218026675736056],[-110.98819260208904,32.218032267081917],[-110.98819264200341,32.218032723700134],[-110.9881926686826,32.218032916887317],[-110.98819283225174,32.218034045373898],[-110.9881945040385,32.218045640733777],[-110.98820840346885,32.218142056265073],[-110.9882359754324,32.21833331737416],[-110.98823624495247,32.21833518974519],[-110.98823643915173,32.218336540306375],[-110.98823644709714,32.218336593572587],[-110.98823662861983,32.218338043241737],[-110.9882370750024,32.218341615054051],[-110.98823788044403,32.218348060924214],[-110.98823828167912,32.218351273477346],[-110.98825572810244,32.218490957707665],[-110.98828184687385,32.218700069731455],[-110.98830353540613,32.218873713679073],[-110.98832634044624,32.219056293916282],[-110.98835817205477,32.219311144390751],[-110.9883999407834,32.219645553134278],[-110.98843232901213,32.219904857277974],[-110.9884372106726,32.219943944077251],[-110.98844052858081,32.219970507432933],[-110.98844306164091,32.219990788302944],[-110.98844594789374,32.220013895389577],[-110.98844635798346,32.220017177447183],[-110.98845098640655,32.220054251309634],[-110.98975024235915,32.21993592348263],[-110.98995610282185,32.21991711381925],[-110.99010397253483,32.219903602647108],[-110.99018535783347,32.219896165713521],[-110.99025382786886,32.219889909255748],[-110.99031509963307,32.219884310648183],[-110.99037899840424,32.219878471535338],[-110.99042936499259,32.21987386883842],[-110.99048223327996,32.219869038252995],[-110.99054153848114,32.219863619018767],[-110.99059589334567,32.219858652279513],[-110.99064089864967,32.219854539592212],[-110.99070368987047,32.219848802223794],[-110.99076009621034,32.219843647530482],[-110.99079670230057,32.219840302042378],[-110.99082502280193,32.219837713813718],[-110.99086196124227,32.219834338275135],[-110.99091144220664,32.219829816376283],[-110.99095081226699,32.219826218734283],[-110.99099831606109,32.219821878018067],[-110.99102588051572,32.219819359059279],[-110.99103279843908,32.219818727034955],[-110.99103867571606,32.219818193805423],[-110.99104896595047,32.219817264522518],[-110.99109355220908,32.219813253216998],[-110.99141880030194,32.219783991961052],[-110.99204053416551,32.21972805581418],[-110.99230964605098,32.219703843085512],[-110.99231009731254,32.219703803999586],[-110.99235803123575,32.219699718428075],[-110.99287305318565,32.219655838037617],[-110.99324491452815,32.219624153129843],[-110.99351763881795,32.219600914738429],[-110.99358751653547,32.219607746870146],[-110.99358957198515,32.219608321014078],[-110.99359312750497,32.219609313738928],[-110.99359316770531,32.219609324854453],[-110.99362913559361,32.219619145990002],[-110.9936457727779,32.219623689144633],[-110.9936919435662,32.219644055896566],[-110.99369503176352,32.219645417661432],[-110.99373925628986,32.21966910514675],[-110.99377274446553,32.219694517885706],[-110.99381965098246,32.21975841401035],[-110.99383749843062,32.219798891216023],[-110.99384942172843,32.219837823624722],[-110.99385554469765,32.21988049054417],[-110.99385586732016,32.219897805300917],[-110.99385829685653,32.220028001978214],[-110.99385045330209,32.220172551104419],[-110.99384034644777,32.220358831144019],[-110.9938281238434,32.220584099807958],[-110.99382179368436,32.220700752889279],[-110.99382641896941,32.220727120948325],[-110.99385355569325,32.220881837437446],[-110.99387176593859,32.220985658999524],[-110.99389806919034,32.221135626674659],[-110.99392096802458,32.221266180180343],[-110.99392324524962,32.221287545785927],[-110.99392964577656,32.221347590245628],[-110.99394376268287,32.221377857653479],[-110.99397908144702,32.221453584978285],[-110.99402905613695,32.22156073706406],[-110.99408509413668,32.221680889050596],[-110.99411183077373,32.221738215018554],[-110.9941379769723,32.221773124435678],[-110.99422147053775,32.221884602755175],[-110.99430751947499,32.221999493246784],[-110.99439813361785,32.222120479080026],[-110.99451005836654,32.222269916088713],[-110.99454055464957,32.222305443348283],[-110.99460733219716,32.222383237023138],[-110.99463442948561,32.222418761108578],[-110.99463645121045,32.222421421820506],[-110.99468332418638,32.222483264814343],[-110.99470120178171,32.222515273042376],[-110.99477727129118,32.22265147096666],[-110.99478019844636,32.222656712097852],[-110.99478065011756,32.222657684857467],[-110.99479065454696,32.222679214122039],[-110.99489028890713,32.222893628058202],[-110.99491437131434,32.222945452285025],[-110.99491564433336,32.222948191402509],[-110.99491569099644,32.222948298158528],[-110.99491712490389,32.222951599386434],[-110.99492691090938,32.222974174069563],[-110.99499446547276,32.223130011103834],[-110.99499672665827,32.223135227533504],[-110.99500109145211,32.223145295806887],[-110.99500434274772,32.223152796572293],[-110.99500783561028,32.223160854625213],[-110.99501428016301,32.223175720458194],[-110.99502132914645,32.223191981317164],[-110.9950274253561,32.223206042884151],[-110.9950327761059,32.223218387345341],[-110.99504163841995,32.22323882967509],[-110.99504789220487,32.223253256728604],[-110.99505106680863,32.223260578371608],[-110.9950511797815,32.223260842529179],[-110.99505120050664,32.223260891378992],[-110.99505141797488,32.223261418730488],[-110.99505229824688,32.223263548954307],[-110.99506668084253,32.223298356171725],[-110.99510543558905,32.223392148401146],[-110.99511665466133,32.223412230042868],[-110.99514760664943,32.223467633163771],[-110.99515520137241,32.223481226779064],[-110.99515684994044,32.223484178758007],[-110.9951584687747,32.223486712973767],[-110.99518208594183,32.223523691469055],[-110.99520221271875,32.223555204686498],[-110.99522278752409,32.2235824807711],[-110.99524788710015,32.223615751823878],[-110.99524860426104,32.22361669946239],[-110.99525153064087,32.223620550859771],[-110.99525463814263,32.223624641660045],[-110.99525607358923,32.223626530632359],[-110.99526174939008,32.223634002170492],[-110.99526954014721,32.223644256836629],[-110.99532387552418,32.223715775596801],[-110.9953520764732,32.223743761977794],[-110.99554143022729,32.223931671696171],[-110.99563248089213,32.22402202743384],[-110.99563483168515,32.224024360458699],[-110.99566584687923,32.224050927960256],[-110.99583959098868,32.224199756401553],[-110.99594744675754,32.224292146221607],[-110.99596464631387,32.224306879323493],[-110.99596660053444,32.224308456426996],[-110.99599199591518,32.224328953289529],[-110.99622831496993,32.224519685017093],[-110.9964258439002,32.224679109199094],[-110.99651674906444,32.224752476413762],[-110.99655147178153,32.22478050189293],[-110.99655377541497,32.224782360195988],[-110.99655384064212,32.224782414780549],[-110.99655426776485,32.22478277321018],[-110.99658784898585,32.224811111420379],[-110.99671632297488,32.224919525562228],[-110.99677537487116,32.224969356603104],[-110.99686105671729,32.225041660178562],[-110.99689164907161,32.225064458271532],[-110.99701276767213,32.225154716193408],[-110.99701829920473,32.225158838116059],[-110.99701913110849,32.225159456510447],[-110.99701917533719,32.225159489298072],[-110.99702276236057,32.225162014363583],[-110.99705557022281,32.22518510720262],[-110.99718276076685,32.225274633570123],[-110.99718609918214,32.225276983671442],[-110.99722544808543,32.225301728404297],[-110.99736022488368,32.225386483197859],[-110.99739590367369,32.225407162797282],[-110.9974323608949,32.225428294453145],[-110.99743316252146,32.225428759313843],[-110.99747151903634,32.225449975114593],[-110.99750681062304,32.225469496625244],[-110.9975071303819,32.225469665788843],[-110.99754926573418,32.225491431205782],[-110.99765189085002,32.225544423968564],[-110.99770180104707,32.225567953930138],[-110.9977979078561,32.225613261599499],[-110.99779985708138,32.225614181205948],[-110.9977999394559,32.225614218779761],[-110.99783960049687,32.225632329039648],[-110.99808490268516,32.225744333525732],[-110.99817818962114,32.225786927555539],[-110.99825436596335,32.225821710001028],[-110.99829310232691,32.225841691908819],[-110.9983299626585,32.225864026570861],[-110.99836680135465,32.225888725658457],[-110.9984054236603,32.225919739669045],[-110.99844121319684,32.225956250472393],[-110.99845695623598,32.225998158266862],[-110.99849683260646,32.226104308153282],[-110.998513860773,32.226187975409147],[-110.99853534324554,32.226304310375198],[-110.99858285517099,32.226620280910915],[-110.99862474450373,32.226954285915347],[-110.99871676838481,32.227738527397698],[-110.99876390891289,32.22805557820837],[-110.9987665467897,32.22837609256058],[-110.9989359819275,32.228767065948375],[-110.99896421324708,32.228825336031043]]]},"properties":{"OBJECTID":15,"AREA_SQMI":4.4691205700000003,"TEAM":"Downtown","SECTOR":0,"TMSECT":" ","INITIALS":"ODD","AREA_SF":124591432.559,"AREA_ACRE":2860.23716543,"Shape_Leng":62989.425168399997,"TEAM_NU":2,"Shape.STArea()":124591930.92608665,"Shape.STLength()":62989.4251684466}},{"type":"Feature","id":16,"geometry":{"type":"Polygon","coordinates":[[[-110.99318900172888,32.205442888032437],[-110.99232788142641,32.205494467632008],[-110.9918901054068,32.20552404604863],[-110.99156721635715,32.205572908754782],[-110.99144927037977,32.20559602986792],[-110.9912735155182,32.205634211285854],[-110.9910854997897,32.20568057338329],[-110.99019213132114,32.205903204019478],[-110.99005073298059,32.205936843154099],[-110.98956398912472,32.206065019598917],[-110.98935114202945,32.20612106933789],[-110.9886826003047,32.206294341333297],[-110.98867775742086,32.206295670255571],[-110.98838288219186,32.206376422488674],[-110.9880486582399,32.206467949569188],[-110.98729479560983,32.206674389830845],[-110.98679027875895,32.206784794075709],[-110.98623229701764,32.206855462330665],[-110.98566301195721,32.206883187238795],[-110.98519902628085,32.206868173052683],[-110.98435866348083,32.206798041900271],[-110.98375498572807,32.206757302857049],[-110.98316361328058,32.206757118670801],[-110.98308773106244,32.20797697744063],[-110.98307469351225,32.20798727564673],[-110.98306387104086,32.207998791444908],[-110.98304953201553,32.208017495905153],[-110.98303946136008,32.208033914184107],[-110.98303134945232,32.208056705722925],[-110.98281036678245,32.20943306623554],[-110.98277359112447,32.209642706931561],[-110.98263148445116,32.210544828530459],[-110.98253648078821,32.2112001364615],[-110.98238646913596,32.211977790986367],[-110.98032961573769,32.211969615710281],[-110.98021732618592,32.211972271340493],[-110.98005594078214,32.211976088129639],[-110.98005573388301,32.211976092909538],[-110.98005572477599,32.211980810304631],[-110.97958329365429,32.211979284270186],[-110.97958770092144,32.212865202362387],[-110.97961306871804,32.214595988851947],[-110.97961315246704,32.214601682710637],[-110.9796291826668,32.21684352551501],[-110.97962983449102,32.216905740199273],[-110.97963054554016,32.216973867701775],[-110.9796318118418,32.217095629185216],[-110.97971144854135,32.218434097289467],[-110.97977872636959,32.219145407940154],[-110.97982756558032,32.219546059363594],[-110.98002510019458,32.22080362023096],[-110.98002148874239,32.22087989072358],[-110.98004849385516,32.220952565243074],[-110.98008898611506,32.221210314286012],[-110.98013646826136,32.221467591137653],[-110.9801776159151,32.221652665876377],[-110.98021674256393,32.221838068319357],[-110.98026355414113,32.222062096101453],[-110.98031036911662,32.222286123886235],[-110.9804835433131,32.222978976904862],[-110.98066501432687,32.2236702614832],[-110.98111652449263,32.225464514335883],[-110.98131281725007,32.226190009197708],[-110.98154592021683,32.227031655314732],[-110.98188401289306,32.2282987591148],[-110.98215406316787,32.229303109600089],[-110.98217141517917,32.229367298204721],[-110.98219242892091,32.229445039465972],[-110.98274503090609,32.231537842006766],[-110.98384055445835,32.235688838127409],[-110.9838564095387,32.235747830821552],[-110.98393666407956,32.235743661570389],[-110.98401658959706,32.235738358951068],[-110.98449345316354,32.235706712616448],[-110.98635882995151,32.235605092977913],[-110.98635194896424,32.235540550977902],[-110.98626999497529,32.234771909714866],[-110.98617176815469,32.233938310846632],[-110.98607540729292,32.233120102586888],[-110.98597057964257,32.232299855014091],[-110.98587243033481,32.231478795215239],[-110.98578398488202,32.230677656826906],[-110.98564159366958,32.229627263761486],[-110.98658213283653,32.229687357979067],[-110.98769946032054,32.229772425876],[-110.98795449922909,32.229774300284639],[-110.98820408568285,32.229772637740872],[-110.98856638109261,32.229749449776925],[-110.98904226021361,32.229710293484246],[-110.98951672916643,32.229654185137505],[-110.98956889956123,32.229648014280407],[-110.98962115869776,32.229642820730881],[-110.9921407872226,32.229392365636009],[-110.99342060916619,32.229269395461067],[-110.99391408255207,32.229218667924755],[-110.99491811085268,32.229136618111397],[-110.99605267257729,32.229037342094735],[-110.99720892645462,32.228931556385319],[-110.99834182846303,32.228841551835536],[-110.998537132255,32.228825859516256],[-110.99863793352702,32.228820712744529],[-110.99870773669387,32.22881934486356],[-110.99888630236393,32.228823516736199],[-110.99896421324708,32.228825336031043],[-110.9989359819275,32.228767065948375],[-110.9987665467897,32.22837609256058],[-110.99876390891289,32.22805557820837],[-110.99871676838481,32.227738527397698],[-110.99862474450373,32.226954285915347],[-110.99858285517099,32.226620280910915],[-110.99853534324554,32.226304310375198],[-110.998513860773,32.226187975409147],[-110.99849683260646,32.226104308153282],[-110.99845695623598,32.225998158266862],[-110.99844121319684,32.225956250472393],[-110.9984054236603,32.225919739669045],[-110.99836680135465,32.225888725658457],[-110.9983299626585,32.225864026570861],[-110.99829310232691,32.225841691908819],[-110.99825436596335,32.225821710001028],[-110.99817818962114,32.225786927555539],[-110.99808490268516,32.225744333525732],[-110.99783960049687,32.225632329039648],[-110.9977999394559,32.225614218779761],[-110.99779985708138,32.225614181205948],[-110.9977979078561,32.225613261599499],[-110.99770180104707,32.225567953930138],[-110.99765189085002,32.225544423968564],[-110.99754926573418,32.225491431205782],[-110.9975071303819,32.225469665788843],[-110.99750681062304,32.225469496625244],[-110.99747151903634,32.225449975114593],[-110.99743316252146,32.225428759313843],[-110.9974323608949,32.225428294453145],[-110.99739590367369,32.225407162797282],[-110.99736022488368,32.225386483197859],[-110.99722544808543,32.225301728404297],[-110.99718609918214,32.225276983671442],[-110.99718276076685,32.225274633570123],[-110.99705557022281,32.22518510720262],[-110.99702276236057,32.225162014363583],[-110.99701917533719,32.225159489298072],[-110.99701913110849,32.225159456510447],[-110.99701829920473,32.225158838116059],[-110.99701276767213,32.225154716193408],[-110.99689164907161,32.225064458271532],[-110.99686105671729,32.225041660178562],[-110.99677537487116,32.224969356603104],[-110.99671632297488,32.224919525562228],[-110.99658784898585,32.224811111420379],[-110.99655426776485,32.22478277321018],[-110.99655384064212,32.224782414780549],[-110.99655377541497,32.224782360195988],[-110.99655147178153,32.22478050189293],[-110.99651674906444,32.224752476413762],[-110.9964258439002,32.224679109199094],[-110.99622831496993,32.224519685017093],[-110.99599199591518,32.224328953289529],[-110.99596660053444,32.224308456426996],[-110.99596464631387,32.224306879323493],[-110.99594744675754,32.224292146221607],[-110.99583959098868,32.224199756401553],[-110.99566584687923,32.224050927960256],[-110.99563483168515,32.224024360458699],[-110.99563248089213,32.22402202743384],[-110.99554143022729,32.223931671696171],[-110.9953520764732,32.223743761977794],[-110.99532387552418,32.223715775596801],[-110.99526954014721,32.223644256836629],[-110.99526174939008,32.223634002170492],[-110.99525607358923,32.223626530632359],[-110.99525463814263,32.223624641660045],[-110.99525153064087,32.223620550859771],[-110.99524860426104,32.22361669946239],[-110.99524788710015,32.223615751823878],[-110.99522278752409,32.2235824807711],[-110.99520221271875,32.223555204686498],[-110.99518208594183,32.223523691469055],[-110.9951584687747,32.223486712973767],[-110.99515684994044,32.223484178758007],[-110.99515520137241,32.223481226779064],[-110.99514760664943,32.223467633163771],[-110.99511665466133,32.223412230042868],[-110.99510543558905,32.223392148401146],[-110.99506668084253,32.223298356171725],[-110.99505229824688,32.223263548954307],[-110.99505141797488,32.223261418730488],[-110.99505120050664,32.223260891378992],[-110.9950511797815,32.223260842529179],[-110.99505106680863,32.223260578371608],[-110.99504789220487,32.223253256728604],[-110.99504163841995,32.22323882967509],[-110.9950327761059,32.223218387345341],[-110.9950274253561,32.223206042884151],[-110.99502132914645,32.223191981317164],[-110.99501428016301,32.223175720458194],[-110.99500783561028,32.223160854625213],[-110.99500434274772,32.223152796572293],[-110.99500109145211,32.223145295806887],[-110.99499672665827,32.223135227533504],[-110.99499446547276,32.223130011103834],[-110.99492691090938,32.222974174069563],[-110.99491712490389,32.222951599386434],[-110.99491569099644,32.222948298158528],[-110.99491564433336,32.222948191402509],[-110.99491437131434,32.222945452285025],[-110.99489028890713,32.222893628058202],[-110.99479065454696,32.222679214122039],[-110.99478065011756,32.222657684857467],[-110.99478019844636,32.222656712097852],[-110.99477727129118,32.22265147096666],[-110.99470120178171,32.222515273042376],[-110.99468332418638,32.222483264814343],[-110.99463645121045,32.222421421820506],[-110.99463442948561,32.222418761108578],[-110.99460733219716,32.222383237023138],[-110.99454055464957,32.222305443348283],[-110.99451005836654,32.222269916088713],[-110.99439813361785,32.222120479080026],[-110.99430751947499,32.221999493246784],[-110.99422147053775,32.221884602755175],[-110.9941379769723,32.221773124435678],[-110.99411183077373,32.221738215018554],[-110.99408509413668,32.221680889050596],[-110.99402905613695,32.22156073706406],[-110.99397908144702,32.221453584978285],[-110.99394376268287,32.221377857653479],[-110.99392964577656,32.221347590245628],[-110.99392324524962,32.221287545785927],[-110.99392096802458,32.221266180180343],[-110.99389806919034,32.221135626674659],[-110.99387176593859,32.220985658999524],[-110.99385355569325,32.220881837437446],[-110.99382641896941,32.220727120948325],[-110.99382179368436,32.220700752889279],[-110.9938281238434,32.220584099807958],[-110.99384034644777,32.220358831144019],[-110.99385045330209,32.220172551104419],[-110.99385829685653,32.220028001978214],[-110.99385586732016,32.219897805300917],[-110.99385554469765,32.21988049054417],[-110.99384942172843,32.219837823624722],[-110.99383749843062,32.219798891216023],[-110.99381965098246,32.21975841401035],[-110.99377274446553,32.219694517885706],[-110.99373925628986,32.21966910514675],[-110.99369503176352,32.219645417661432],[-110.9936919435662,32.219644055896566],[-110.9936457727779,32.219623689144633],[-110.99362913559361,32.219619145990002],[-110.99359316770531,32.219609324854453],[-110.99359312750497,32.219609313738928],[-110.99358957198515,32.219608321014078],[-110.99358751653547,32.219607746870146],[-110.99351763881795,32.219600914738429],[-110.99324491452815,32.219624153129843],[-110.99287305318565,32.219655838037617],[-110.99235803123575,32.219699718428075],[-110.99231009731254,32.219703803999586],[-110.99230964605098,32.219703843085512],[-110.99204053416551,32.21972805581418],[-110.99141880030194,32.219783991961052],[-110.99109355220908,32.219813253216998],[-110.99104896595047,32.219817264522518],[-110.99103867571606,32.219818193805423],[-110.99103279843908,32.219818727034955],[-110.99102588051572,32.219819359059279],[-110.99099831606109,32.219821878018067],[-110.99095081226699,32.219826218734283],[-110.99091144220664,32.219829816376283],[-110.99086196124227,32.219834338275135],[-110.99082502280193,32.219837713813718],[-110.99079670230057,32.219840302042378],[-110.99076009621034,32.219843647530482],[-110.99070368987047,32.219848802223794],[-110.99064089864967,32.219854539592212],[-110.99059589334567,32.219858652279513],[-110.99054153848114,32.219863619018767],[-110.99048223327996,32.219869038252995],[-110.99042936499259,32.21987386883842],[-110.99037899840424,32.219878471535338],[-110.99031509963307,32.219884310648183],[-110.99025382786886,32.219889909255748],[-110.99018535783347,32.219896165713521],[-110.99010397253483,32.219903602647108],[-110.98995610282185,32.21991711381925],[-110.98975024235915,32.21993592348263],[-110.98845098640655,32.220054251309634],[-110.98844635798346,32.220017177447183],[-110.98844594789374,32.220013895389577],[-110.98844306164091,32.219990788302944],[-110.98844052858081,32.219970507432933],[-110.9884372106726,32.219943944077251],[-110.98843232901213,32.219904857277974],[-110.9883999407834,32.219645553134278],[-110.98835817205477,32.219311144390751],[-110.98832634044624,32.219056293916282],[-110.98830353540613,32.218873713679073],[-110.98828184687385,32.218700069731455],[-110.98825572810244,32.218490957707665],[-110.98823828167912,32.218351273477346],[-110.98823788044403,32.218348060924214],[-110.9882370750024,32.218341615054051],[-110.98823662861983,32.218338043241737],[-110.98823644709714,32.218336593572587],[-110.98823643915173,32.218336540306375],[-110.98823624495247,32.21833518974519],[-110.9882359754324,32.21833331737416],[-110.98820840346885,32.218142056265073],[-110.9881945040385,32.218045640733777],[-110.98819283225174,32.218034045373898],[-110.9881926686826,32.218032916887317],[-110.98819264200341,32.218032723700134],[-110.98819260208904,32.218032267081917],[-110.9881921094025,32.218026675736056],[-110.98818753380776,32.217974715766069],[-110.98818640870823,32.217961937615726],[-110.98818630028296,32.217960706725741],[-110.98818628014303,32.217960078905456],[-110.98818441341005,32.217901699779155],[-110.98818403189451,32.217889763085125],[-110.98818400223331,32.217888819555029],[-110.98818400250828,32.217888792502208],[-110.98818401363881,32.217888323633311],[-110.98818476693272,32.217859506739174],[-110.9881869132718,32.217777442615784],[-110.98818727557479,32.217763610331318],[-110.98818730315115,32.217762567118697],[-110.98818730849402,32.217762458938559],[-110.98818740585423,32.217760916625721],[-110.9881897088981,32.217725223852462],[-110.98819455473287,32.217650080344526],[-110.98819468680733,32.217648044986625],[-110.98819482031833,32.217645972664315],[-110.98819490096469,32.217644717911853],[-110.98819514030569,32.217641000530477],[-110.9881953078462,32.217638398183134],[-110.98819545270034,32.217636149185829],[-110.98819546493014,32.217635989652059],[-110.98819550369525,32.217635515575175],[-110.98819571556518,32.217633039809385],[-110.9881958721147,32.217631205738932],[-110.98819611414211,32.217628372168896],[-110.9881962719265,32.217626520972757],[-110.98819656337477,32.217623104282865],[-110.98819685719199,32.217619663261011],[-110.98819707511718,32.217617113589796],[-110.98819742675202,32.217612993915978],[-110.9881977181177,32.21760958534194],[-110.98819793248481,32.217607072619515],[-110.98819820336132,32.217603905584909],[-110.98819849351038,32.217600512332993],[-110.98819872232036,32.217597831074798],[-110.98819891746068,32.217595540060891],[-110.98819913304425,32.217593012016337],[-110.9881994195802,32.217589661123796],[-110.98819962909926,32.217587207886424],[-110.98819999514014,32.217582923283828],[-110.98820043100842,32.21757782213782],[-110.98820071759008,32.217574466736473],[-110.98820112104184,32.217569736905538],[-110.98820130048583,32.217567633356595],[-110.98820146548687,32.217565698343442],[-110.9882017063798,32.217562871979617],[-110.98820200013242,32.217559437270047],[-110.98820232278922,32.217555663685353],[-110.98820246722779,32.217553977425744],[-110.98820269717162,32.217551288961211],[-110.98820286459653,32.217549324205514],[-110.98820303434461,32.217547339626648],[-110.98820329086027,32.217544333011951],[-110.98820364001553,32.217540248491161],[-110.98820401565099,32.217535854837813],[-110.98820431309892,32.217532369652979],[-110.98820459132011,32.217529106176656],[-110.98820507781598,32.217523407490347],[-110.98820554138038,32.217517981889529],[-110.98820595561565,32.217513130390927],[-110.98820696824015,32.217501277886143],[-110.98820870584653,32.217480928270056],[-110.98820998227556,32.217465978119286],[-110.98821235314568,32.217438222832016],[-110.98821408830702,32.217417904761646],[-110.98821512625685,32.217405752133807],[-110.98821663977903,32.217388036013418],[-110.98821827139577,32.217368929239427],[-110.98822024128046,32.217345869531336],[-110.98822143581339,32.217331879225625],[-110.9882231865745,32.217311382707365],[-110.98822498189813,32.217290363455959],[-110.98823399945232,32.217184786823502],[-110.98823856809304,32.216619692393522],[-110.98823871574081,32.216601406203303],[-110.98823871357583,32.216601306084463],[-110.98823816356055,32.216589769464207],[-110.98823728141943,32.216571352159981],[-110.9882273926403,32.216364964653842],[-110.98821308507684,32.216066352573691],[-110.98821233161679,32.216050618250691],[-110.98821220006099,32.216048010098554],[-110.98820475948077,32.215906363880407],[-110.98820349970424,32.215882413788627],[-110.98820340277935,32.215880573346752],[-110.98820339903128,32.215880524620495],[-110.9882032851574,32.215878890572846],[-110.98820189182071,32.215859001335183],[-110.98818626248769,32.215635972587073],[-110.98818442907515,32.215609805193871],[-110.98818416199231,32.215606023669125],[-110.98818412096536,32.215605467841449],[-110.98817984650053,32.215550190434406],[-110.98817678338226,32.215510580371827],[-110.98817248164616,32.215454960068683],[-110.98816721049708,32.215386798130581],[-110.98816441639644,32.215350675609848],[-110.98815769014259,32.215263694447394],[-110.9881505541852,32.215171413835364],[-110.98814379227389,32.215083976984751],[-110.98813688042553,32.214994593787267],[-110.98812798279316,32.214879530863577],[-110.98811247805584,32.214679027964081],[-110.98810309573224,32.214557698273893],[-110.98808605442721,32.21433732130037],[-110.98807384811934,32.214179481068371],[-110.98806769955077,32.214099968566572],[-110.98806223533896,32.214029314342632],[-110.98806056857208,32.214007734866598],[-110.98803126339581,32.213627695506268],[-110.98803005433577,32.213612016448899],[-110.98802985765275,32.213609450203222],[-110.98802982310828,32.213608987311332],[-110.98802951184388,32.213604752742668],[-110.98802848986733,32.213590810177969],[-110.9880277556621,32.213580804405908],[-110.98802694232256,32.213569713152573],[-110.9880259956782,32.213556812753353],[-110.98802430469223,32.213533755902112],[-110.988023728949,32.213525902155517],[-110.9880229053356,32.21351467374862],[-110.98802196808943,32.213501892459725],[-110.9880211053525,32.213490129882771],[-110.98801849754422,32.213454578673812],[-110.98802099994552,32.213282161087363],[-110.98802101698982,32.213281005969932],[-110.98802107632076,32.213276942765383],[-110.9880211852106,32.213269464699387],[-110.98802119659744,32.21326897058087],[-110.98802155154408,32.213257217850391],[-110.98802204594089,32.213241033655905],[-110.98802261221974,32.213222473670626],[-110.98802323573825,32.21320203920375],[-110.98802386577221,32.213181381131115],[-110.98802445241064,32.213162174683994],[-110.98802452218727,32.213159901686211],[-110.98802469217961,32.213158518627793],[-110.98803639461858,32.213063032385172],[-110.98803771211853,32.213052281442103],[-110.98803774443027,32.213052024658246],[-110.98803774791484,32.213051994923525],[-110.9880378125451,32.213051585066175],[-110.98803872023228,32.213045774036317],[-110.98803953941963,32.213040529606651],[-110.98803997394346,32.213037750656731],[-110.98804122424316,32.213029749797798],[-110.98804287844762,32.213019164558993],[-110.98804444642002,32.213009131507761],[-110.98804610515978,32.212998517443665],[-110.98804744167157,32.212989966200482],[-110.98804887353268,32.212980800610445],[-110.98804999109504,32.212973648299041],[-110.98805134803676,32.212964965538852],[-110.98805252570189,32.212957431293447],[-110.98805363194175,32.212950349241432],[-110.98805414247164,32.212947084764011],[-110.98805608829056,32.212934630372175],[-110.98805742936391,32.212926047598302],[-110.98805853669116,32.212918962848697],[-110.98805944775006,32.21291313290488],[-110.98806021130365,32.212908247896003],[-110.98806111897861,32.212902437767553],[-110.98806194379661,32.21289716091313],[-110.98806253941405,32.212893352356019],[-110.98806348561789,32.212887299918627],[-110.98806502182367,32.212877469545049],[-110.98806617911066,32.212870061405724],[-110.98806725238835,32.21286319555027],[-110.9880684346417,32.212855627068791],[-110.98818932890643,32.212193667207522],[-110.98819112615338,32.212183825220841],[-110.98819126208456,32.212183079504861],[-110.98819145610629,32.212181941018073],[-110.98819281527325,32.212173976127204],[-110.98819461780187,32.212163405501414],[-110.98819659512861,32.212151813485406],[-110.98819922672888,32.212136380875997],[-110.98820213807539,32.212119307188686],[-110.98820463204976,32.212104682508844],[-110.98820684624879,32.212091701611968],[-110.98820869274326,32.212080875189294],[-110.98821028997085,32.212071508800634],[-110.98821225265219,32.212060000546693],[-110.98821399991252,32.21204975327111],[-110.98821553396502,32.21204075797187],[-110.98821696761385,32.212032352633173],[-110.98821846106181,32.212023595118488],[-110.9882200391101,32.212014341317335],[-110.98822218791757,32.212001740511553],[-110.98822471574914,32.211986914971753],[-110.98822915997356,32.21196085589532],[-110.98823170471179,32.211945932180107],[-110.98823260707782,32.21194064236564],[-110.988233801627,32.211933635811015],[-110.98823380732446,32.2119335970742],[-110.98823407263743,32.211931706083682],[-110.98824237470595,32.211872360874629],[-110.9882435711599,32.211863809500741],[-110.98824382879106,32.211861943704996],[-110.98824384845373,32.211861783323812],[-110.9882442209399,32.211858218423927],[-110.98825090962636,32.21179416914854],[-110.98825262765284,32.211777715270053],[-110.98825323403921,32.211771905631821],[-110.98825343115399,32.211768792162069],[-110.98825559531943,32.211734529535342],[-110.98825655977278,32.211719265947757],[-110.98825721577568,32.211708886204399],[-110.98825778456323,32.211699886520712],[-110.9882583545396,32.211690874220182],[-110.98825874513729,32.211684691443537],[-110.98825913694222,32.211678494246478],[-110.988259572972,32.211671598456704],[-110.98826001659361,32.211664581877592],[-110.98826045895288,32.211657585129458],[-110.98826090125709,32.211650593791859],[-110.98826134357954,32.211643600650731],[-110.98826161780146,32.211639266670687],[-110.98826182878209,32.211635936863729],[-110.98826213465208,32.211631098091836],[-110.98826241534097,32.211626649626979],[-110.98826273891913,32.21162152961449],[-110.98826539455266,32.211579507651784],[-110.98826572687463,32.21157425784007],[-110.98826575351947,32.21157382786329],[-110.98826575611727,32.211573780987294],[-110.98826579794952,32.211572482660685],[-110.98826647220238,32.21155174554471],[-110.98826712497173,32.211531661195103],[-110.98826748003127,32.211520728223768],[-110.98826784432258,32.211509513047716],[-110.9882682858639,32.21149591490483],[-110.98826867473973,32.211483950489367],[-110.988268695043,32.211483309438016],[-110.98826855990423,32.211481158485164],[-110.98826445672151,32.21141581699132],[-110.98826417276959,32.211411294938848],[-110.98826232021329,32.211399020968166],[-110.98824404743189,32.211277922640299],[-110.98824003928094,32.211251358688088],[-110.98823974785176,32.211249451884832],[-110.98823970900477,32.21124920359653],[-110.98823915748888,32.211245959274379],[-110.98823079360197,32.211196765300436],[-110.98821135924362,32.211082464538457],[-110.98820053903171,32.211018827765542],[-110.98819407596119,32.210980814195864],[-110.98818291944077,32.210915200846877],[-110.98817349760508,32.210859785494712],[-110.98816315290448,32.210798943370513],[-110.98815388121277,32.210744412911474],[-110.98814572858686,32.210696463201273],[-110.98813823955722,32.210652419677061],[-110.98812903094949,32.210598260330393],[-110.9881207241946,32.210549404951117],[-110.98811514796979,32.210516611363452],[-110.98811172374583,32.210496475422765],[-110.98811023547226,32.21048771043592],[-110.98810923252292,32.210481813223119],[-110.98810856701712,32.210477887181852],[-110.98810835891415,32.210476653754732],[-110.98810736641828,32.210470667337596],[-110.98810605205942,32.21046274232917],[-110.98810445887177,32.210453132459563],[-110.98810303260885,32.210444528453664],[-110.98810149636139,32.210435265304589],[-110.98806111455927,32.210191740857148],[-110.98805725952957,32.210168489537331],[-110.98805664883909,32.210164806490333],[-110.98805658188874,32.210164401077272],[-110.98805655615323,32.210164219620545],[-110.98805624475001,32.21016198260044],[-110.98805445106784,32.21014913910134],[-110.98805373029305,32.210143971736713],[-110.98805299366562,32.210138694232448],[-110.98804915325547,32.210111186385781],[-110.98804568664616,32.2100863516009],[-110.9880400546737,32.210046001171754],[-110.98803527106752,32.210011728088084],[-110.9880326617494,32.209993032038383],[-110.98803193999468,32.20995560352965],[-110.98803129357943,32.209922034501382],[-110.98803067591361,32.209890020437676],[-110.98803315614906,32.209855449897709],[-110.98803630234197,32.209811608033633],[-110.98803943743661,32.209767918496773],[-110.98804113652326,32.209744246235573],[-110.98804268361199,32.209722692156539],[-110.98804414045829,32.209711897139428],[-110.98804536554692,32.209702822913826],[-110.98804654817418,32.209694064918359],[-110.98804919330689,32.209674476775866],[-110.9880533216203,32.209643902621522],[-110.98805338931285,32.20964339989802],[-110.988054709517,32.209637387179399],[-110.98805659364018,32.209628803880292],[-110.98805838764305,32.209620633858819],[-110.98806334928257,32.209598033486429],[-110.98807152465632,32.209568887794504],[-110.98808806536192,32.209524991901041],[-110.98811057349971,32.209465256816962],[-110.98811402052151,32.209456108726911],[-110.98811410005737,32.209455901890351],[-110.98811412943748,32.209455829057958],[-110.98811441102136,32.209455154754153],[-110.98811545468479,32.209452659843279],[-110.98814428403244,32.209383709392519],[-110.98814951218897,32.209371205148521],[-110.98816226847219,32.209344289047806],[-110.9881831351,32.209300258072005],[-110.98818358928388,32.209299300057545],[-110.98818389728946,32.209298739578102],[-110.9881869913536,32.209293113242509],[-110.98820322900264,32.209263583050223],[-110.98821066212199,32.209250064205634],[-110.98821681244206,32.2092388779906],[-110.98822493935506,32.209224098973621],[-110.98823176078299,32.209211693002047],[-110.98824910738993,32.209184722222382],[-110.98826392015809,32.20916169186367],[-110.98826723427163,32.209156539700416],[-110.98826953853313,32.209152956518949],[-110.98827117794514,32.209150707671732],[-110.98827387804491,32.209147002042712],[-110.98827667387151,32.209143166351353],[-110.98827947614426,32.209139322590794],[-110.98828193850302,32.20913594348167],[-110.98828454607519,32.209132366134526],[-110.98828694280813,32.209129077628127],[-110.98828966763156,32.209125339714468],[-110.98829223755787,32.209121813494988],[-110.98829535610611,32.209117534669332],[-110.9883005443652,32.209110415850148],[-110.98830828747948,32.209099792344205],[-110.98832384254655,32.209078451144123],[-110.98833592319031,32.209063946449255],[-110.98836203774806,32.209032594016243],[-110.9883808620535,32.209009992608735],[-110.98838272300016,32.209007758914026],[-110.98838505859234,32.209004954239091],[-110.98838521320485,32.209004770499305],[-110.98838523466532,32.209004746307507],[-110.98838578256041,32.209004169552315],[-110.98838710994416,32.209002772444819],[-110.98838852096597,32.209001286670336],[-110.9883898558658,32.208999880599706],[-110.98839102884762,32.208998646491438],[-110.98839231871429,32.208997287887094],[-110.98839377583886,32.208995753752262],[-110.98839530802461,32.208994139905727],[-110.98839674477675,32.208992627265182],[-110.98839795529356,32.20899135285012],[-110.98840331093879,32.208985715157517],[-110.98841094823781,32.208977674609073],[-110.98841729889737,32.208970988179338],[-110.98842363990931,32.208964311598564],[-110.98843630153978,32.208950981733842],[-110.98843852421548,32.208948641572754],[-110.98845589409838,32.20893263086613],[-110.98851073305924,32.208882084627895],[-110.98858733469244,32.208820711136923],[-110.98870732450513,32.208749097453946],[-110.98883500010177,32.208672896540008],[-110.98895497565843,32.20860129062779],[-110.98904609083121,32.208546909719757],[-110.98915877070928,32.208479658221336],[-110.98925884793273,32.208419928319962],[-110.98937236098284,32.208352178615314],[-110.98944607831723,32.208308180626993],[-110.98958294718588,32.208238346543972],[-110.98977643345745,32.20813962335653],[-110.98983785445367,32.208108284149922],[-110.98984612636991,32.208104063805166],[-110.98985637084468,32.208098836147286],[-110.98986643937864,32.208093699185426],[-110.9898734040799,32.208090145628262],[-110.98987526788575,32.208089193431597],[-110.98987560910359,32.208089017370682],[-110.98987841462785,32.208087562543575],[-110.98989097284799,32.208081049601958],[-110.99000531474944,32.208021748320981],[-110.99002307985745,32.208012534673522],[-110.99002349573146,32.208012318577005],[-110.99002356078749,32.208012283882489],[-110.99002362691331,32.208012248293961],[-110.9900256303922,32.208011120360133],[-110.99003697917138,32.208004731108133],[-110.99005521530026,32.207994464865706],[-110.99007487881666,32.207983395631601],[-110.99009526349417,32.207971920445353],[-110.99016045539821,32.207935220282486],[-110.99016846182988,32.2079307129924],[-110.99020020329249,32.207910798723326],[-110.99023446834158,32.207889301288731],[-110.99027551100239,32.207863552681317],[-110.99031405994197,32.207839367597792],[-110.99034745490975,32.207818416578171],[-110.99037811382796,32.207799182427628],[-110.99041001318959,32.207779169158172],[-110.9904342488786,32.2077639642051],[-110.99046125475088,32.207747020973436],[-110.99048595692167,32.20773152362738],[-110.99050973248744,32.207716607481515],[-110.99053227294024,32.207702465973455],[-110.99055924567719,32.207685544121482],[-110.99058331798767,32.207670441652645],[-110.99068975792937,32.207576668028985],[-110.99078669042493,32.207491270322414],[-110.99089251239678,32.207398041209501],[-110.99097577291741,32.207324687279026],[-110.99101937776544,32.207286271141029],[-110.99102213690675,32.207283841070158],[-110.99102423248803,32.207281995035949],[-110.99102575226716,32.207280656123523],[-110.99102577688105,32.207280634659824],[-110.99102692581586,32.20727967450636],[-110.99102931354622,32.207277679103555],[-110.9910347661903,32.207273120593776],[-110.99104369773953,32.207265653901167],[-110.99105532618042,32.2072559334392],[-110.99107456070772,32.207239854846456],[-110.9911370793002,32.207187593358405],[-110.99122243208502,32.207116243110313],[-110.99131228525192,32.2070411308408],[-110.99139953339493,32.206968195396193],[-110.99144148750872,32.206933123637072],[-110.99144779485269,32.206927850801343],[-110.99144800562348,32.206927671977795],[-110.99145899510732,32.206918297613143],[-110.99154896543226,32.206841527560613],[-110.99164823669641,32.206756820848106],[-110.99175950939006,32.206661874094145],[-110.99183810780315,32.206594807295019],[-110.99198424212059,32.206470113256849],[-110.99213141816722,32.206344529339553],[-110.99229772218192,32.206202622184392],[-110.99246467083562,32.206060165789964],[-110.99257519609536,32.205965854026388],[-110.99266653405729,32.205887914449903],[-110.99278970438328,32.205782812518187],[-110.99289186535103,32.205695637755305],[-110.99299644736679,32.205606396463864],[-110.99307818311152,32.205536650800511],[-110.99308576029622,32.20553018591788],[-110.99308678742942,32.205529308725424],[-110.99308682380028,32.205529278328854],[-110.99308852548721,32.205527881198648],[-110.99309135131553,32.205525558885718],[-110.99309835065041,32.205519805834506],[-110.99314190171872,32.205484018278533],[-110.99318900172888,32.205442888032437]]]},"properties":{"OBJECTID":16,"AREA_SQMI":1.0889016899999999,"TEAM":"Downtown","SECTOR":0,"TMSECT":" ","INITIALS":"ODD","AREA_SF":44388928.934199996,"AREA_ACRE":696.89708064000001,"Shape_Leng":39790.1550413,"TEAM_NU":2,"Shape.STArea()":30356836.816620748,"Shape.STLength()":33464.679023059522}},{"type":"Feature","id":17,"geometry":{"type":"Polygon","coordinates":[[[-110.98217141517917,32.229367298204721],[-110.98186473264357,32.229351341343438],[-110.98175921367884,32.22934584877428],[-110.9816783661155,32.229336152160464],[-110.98161022959579,32.229322254143845],[-110.98154393606416,32.229299440749955],[-110.98145610231906,32.229263718817471],[-110.98093189811853,32.2290064112251],[-110.98075504725121,32.228914205781045],[-110.97954948116785,32.228262099315955],[-110.97889262230539,32.227906820042364],[-110.97879851295117,32.227854912447505],[-110.97870228611328,32.227806922832208],[-110.9786039438584,32.227762855716122],[-110.97850348407398,32.227722709274907],[-110.9783927663521,32.227683357764626],[-110.97830183925767,32.227655305073945],[-110.97821029408682,32.227632684835861],[-110.9781783418196,32.22762655414455],[-110.97811544326258,32.227614481475221],[-110.9780613489786,32.227608142134422],[-110.97795599287772,32.22759580186392],[-110.97779515243337,32.227583444345456],[-110.97763453364205,32.227577805968529],[-110.97747413333201,32.227578882200945],[-110.97731395572987,32.227586671270863],[-110.97715399013593,32.227601178510106],[-110.97699424927319,32.227622401308246],[-110.97683472675972,32.227650337814445],[-110.97653464276121,32.227666641183085],[-110.97629898934696,32.227673659184248],[-110.97599971974836,32.227680203276165],[-110.97558942487062,32.22767478787086],[-110.97478840214578,32.227676844384796],[-110.97442515382318,32.227676302964667],[-110.97416665494023,32.227680738791314],[-110.97359647969523,32.227682459198618],[-110.9732738408925,32.227670059078299],[-110.97282791809812,32.227640052852117],[-110.97249371191242,32.22765403562741],[-110.97222496471574,32.227681304489202],[-110.97212238164288,32.227691736735977],[-110.97199199964869,32.22770071840268],[-110.97189310732944,32.227705740044968],[-110.97179151538124,32.227707534537501],[-110.97173332644375,32.227708558647628],[-110.9716749203149,32.227708323061258],[-110.97095930125597,32.227705438594398],[-110.9701952275193,32.227704097282469],[-110.96942008986674,32.227708216452861],[-110.96865361635805,32.22770422262068],[-110.96789313583507,32.227718449910846],[-110.96710736265325,32.227724662874664],[-110.96635027294097,32.22773254307706],[-110.96558446145447,32.227733868991692],[-110.96483180481366,32.227733356728024],[-110.96406684579202,32.227740135899388],[-110.96253838510884,32.227749353573181],[-110.96174161174368,32.227753855689613],[-110.96097566689215,32.227758414555176],[-110.95951727993111,32.227760438390952],[-110.95946258924234,32.227760515684416],[-110.95940786434902,32.227760516040121],[-110.95791214877271,32.227760553101291],[-110.95635593943905,32.227765406521897],[-110.95480383250386,32.227774733312728],[-110.95325766556715,32.227776139449858],[-110.95235644132458,32.227777685772857],[-110.95100164342774,32.227781813900513],[-110.94811091391507,32.227794999121031],[-110.94711573837384,32.227831348671039],[-110.94667654130696,32.227832445356405],[-110.94520268591393,32.227838348032954],[-110.94396998362248,32.227850499649229],[-110.94388008520757,32.227851388621744],[-110.94388056913714,32.227900374793172],[-110.94388551262742,32.228399875057491],[-110.94390788649078,32.228783564048243],[-110.94392415491444,32.229126394989642],[-110.94392354007105,32.229601498690478],[-110.94392851239203,32.230462798065965],[-110.94394880765384,32.23175439481173],[-110.94394605315196,32.232420942081276],[-110.94395275409614,32.232816429571983],[-110.94393379089678,32.23385017084523],[-110.94395254414516,32.234904059460661],[-110.94394704562768,32.235964880202275],[-110.94394656548707,32.236057935373736],[-110.94407950901575,32.236056350581364],[-110.9467574732861,32.236024390422955],[-110.94690869783976,32.236021975309619],[-110.94810448936582,32.236002853472179],[-110.94897030215763,32.235978914926569],[-110.94971527949302,32.235991654530615],[-110.95081768346523,32.2360015335395],[-110.95239792601966,32.235972983697081],[-110.9537345065801,32.235972779434512],[-110.95442405032772,32.235990684500294],[-110.95588615537271,32.236025154906166],[-110.95677284876984,32.236017242384811],[-110.95738026800244,32.236003712955601],[-110.95796184524865,32.236020298404426],[-110.95942863696072,32.236015741532661],[-110.95948685847317,32.236015561193312],[-110.95954507096741,32.236014419416129],[-110.96103659638152,32.235985176975902],[-110.9618388668289,32.235969910626501],[-110.96258137263963,32.235936975777143],[-110.96334971691599,32.235941499313633],[-110.96411834388562,32.235936638644915],[-110.96488026409189,32.235923014781378],[-110.96564836324067,32.235918904669461],[-110.96642068195908,32.235932551460337],[-110.96718012609426,32.235926217907142],[-110.96795892895332,32.235928157767503],[-110.96796026479116,32.235928159679887],[-110.9687189632743,32.235907393824732],[-110.96871993307953,32.235907392983293],[-110.96951179960479,32.235905749941438],[-110.97028510596846,32.235900664067501],[-110.97082914820344,32.235876894371593],[-110.97132071253625,32.235904806473265],[-110.97173692458865,32.235908856419847],[-110.97179511929455,32.235909420523839],[-110.97185332012633,32.23591123818192],[-110.97331535055623,32.23595683418025],[-110.97411225153596,32.235946246579083],[-110.97487966080281,32.235943763406425],[-110.97564170306352,32.235922983584665],[-110.97641336828465,32.235880409639684],[-110.97718815872224,32.235858041546429],[-110.97789231269167,32.235853950615507],[-110.97794082985297,32.235853668033108],[-110.97798934649275,32.235853126604574],[-110.97930071214033,32.235838509690986],[-110.98126110578281,32.235840512498704],[-110.98178843227396,32.235832457481521],[-110.98318688856715,32.235775696174116],[-110.98351959992277,32.235765321390801],[-110.9838564095387,32.235747830821552],[-110.98384055445835,32.235688838127409],[-110.98274503090609,32.231537842006766],[-110.98219242892091,32.229445039465972],[-110.98217141517917,32.229367298204721]]]},"properties":{"OBJECTID":17,"AREA_SQMI":1.2748488600000001,"TEAM":"Downtown","SECTOR":0,"TMSECT":" ","INITIALS":"ODD","AREA_SF":35540604.3442,"AREA_ACRE":815.90327150999997,"Shape_Leng":29728.070703000001,"TEAM_NU":2,"Shape.STArea()":35540746.507039815,"Shape.STLength()":29728.07070302514}},{"type":"Feature","id":18,"geometry":{"type":"Polygon","coordinates":[[[-110.94388008520757,32.227851388621744],[-110.94396998362248,32.227850499649229],[-110.94520268591393,32.227838348032954],[-110.94667654130696,32.227832445356405],[-110.94711573837384,32.227831348671039],[-110.94811091391507,32.227794999121031],[-110.95100164342774,32.227781813900513],[-110.95235644132458,32.227777685772857],[-110.95325766556715,32.227776139449858],[-110.95480383250386,32.227774733312728],[-110.95635593943905,32.227765406521897],[-110.95791214877271,32.227760553101291],[-110.95940786434902,32.227760516040121],[-110.95946258924234,32.227760515684416],[-110.95951727993111,32.227760438390952],[-110.96097566689215,32.227758414555176],[-110.96174161174368,32.227753855689613],[-110.96253838510884,32.227749353573181],[-110.96406684579202,32.227740135899388],[-110.96483180481366,32.227733356728024],[-110.96558446145447,32.227733868991692],[-110.96635027294097,32.22773254307706],[-110.96710736265325,32.227724662874664],[-110.96789313583507,32.227718449910846],[-110.96865361635805,32.22770422262068],[-110.96942008986674,32.227708216452861],[-110.9701952275193,32.227704097282469],[-110.97095930125597,32.227705438594398],[-110.9716749203149,32.227708323061258],[-110.97173332644375,32.227708558647628],[-110.97179151538124,32.227707534537501],[-110.97189310732944,32.227705740044968],[-110.97199199964869,32.22770071840268],[-110.97212238164288,32.227691736735977],[-110.97222496471574,32.227681304489202],[-110.97249371191242,32.22765403562741],[-110.97282791809812,32.227640052852117],[-110.9732738408925,32.227670059078299],[-110.97359647969523,32.227682459198618],[-110.97416665494023,32.227680738791314],[-110.97442515382318,32.227676302964667],[-110.97478840214578,32.227676844384796],[-110.97558942487062,32.22767478787086],[-110.97599971974836,32.227680203276165],[-110.97629898934696,32.227673659184248],[-110.97653464276121,32.227666641183085],[-110.97683472675972,32.227650337814445],[-110.97699424927319,32.227622401308246],[-110.97715399013593,32.227601178510106],[-110.97731395572987,32.227586671270863],[-110.97747413333201,32.227578882200945],[-110.97763453364205,32.227577805968529],[-110.97779515243337,32.227583444345456],[-110.97795599287772,32.22759580186392],[-110.9780613489786,32.227608142134422],[-110.97811544326258,32.227614481475221],[-110.9781783418196,32.22762655414455],[-110.97821029408682,32.227632684835861],[-110.97830183925767,32.227655305073945],[-110.9783927663521,32.227683357764626],[-110.97850348407398,32.227722709274907],[-110.9786039438584,32.227762855716122],[-110.97870228611328,32.227806922832208],[-110.97879851295117,32.227854912447505],[-110.97889262230539,32.227906820042364],[-110.97954948116785,32.228262099315955],[-110.98075504725121,32.228914205781045],[-110.98093189811853,32.2290064112251],[-110.98145610231906,32.229263718817471],[-110.98154393606416,32.229299440749955],[-110.98161022959579,32.229322254143845],[-110.9816783661155,32.229336152160464],[-110.98175921367884,32.22934584877428],[-110.98186473264357,32.229351341343438],[-110.98217141517917,32.229367298204721],[-110.98215406316787,32.229303109600089],[-110.98188401289306,32.2282987591148],[-110.98154592021683,32.227031655314732],[-110.98131281725007,32.226190009197708],[-110.98111652449263,32.225464514335883],[-110.98066501432687,32.2236702614832],[-110.9804835433131,32.222978976904862],[-110.98031036911662,32.222286123886235],[-110.98026355414113,32.222062096101453],[-110.98021674256393,32.221838068319357],[-110.9801776159151,32.221652665876377],[-110.98013646826136,32.221467591137653],[-110.98008898611506,32.221210314286012],[-110.98004849385516,32.220952565243074],[-110.98002148874239,32.22087989072358],[-110.98002510019458,32.22080362023096],[-110.97982756558032,32.219546059363594],[-110.97977872636959,32.219145407940154],[-110.97971144854135,32.218434097289467],[-110.9796318118418,32.217095629185216],[-110.97963054554016,32.216973867701775],[-110.97962983449102,32.216905740199273],[-110.9796291826668,32.21684352551501],[-110.97961315246704,32.214601682710637],[-110.97961306871804,32.214595988851947],[-110.97960547969153,32.21459764967684],[-110.9791242612567,32.214723371241583],[-110.97842541530487,32.214924429737181],[-110.9778574254272,32.215036174271489],[-110.97764349439193,32.215107342940648],[-110.9764938354128,32.215363196317554],[-110.9757911006074,32.215509150128732],[-110.97551090284267,32.215558947320439],[-110.97505184637676,32.21566857182367],[-110.97434921210046,32.215824394211872],[-110.97415443398835,32.215860482446594],[-110.97396578541635,32.215870326034654],[-110.97313825858774,32.215927891371983],[-110.97199996897942,32.215981063230636],[-110.97022089490238,32.21608990618779],[-110.97019128177379,32.215944343421874],[-110.96931997208925,32.215956111966257],[-110.9692720729017,32.215956440180435],[-110.96856130077781,32.21596030352476],[-110.9677877428043,32.21595767641216],[-110.96703918368262,32.215961417088977],[-110.96626288806867,32.215969585595268],[-110.96548500500059,32.215975246543259],[-110.96472189921346,32.215978347286175],[-110.96395916623537,32.215984457426039],[-110.96347653473391,32.215990378423214],[-110.96348241538936,32.215683370072654],[-110.96347750273056,32.215160663711274],[-110.9634775161843,32.215159374201939],[-110.96347753410693,32.215157656359047],[-110.9634775502232,32.215156111653073],[-110.96347756636769,32.215154564241857],[-110.96347737616297,32.215153273196833],[-110.96347698813507,32.21515172634529],[-110.96347700428896,32.215150178032303],[-110.96347681815078,32.21514880224634],[-110.96347683515143,32.215147172775396],[-110.96347604302646,32.215145619269514],[-110.96347585282177,32.21514432822449],[-110.96347546479394,32.215142781372933],[-110.96347528047158,32.21514123154828],[-110.96347448654032,32.215139851179309],[-110.9634742989888,32.21513830583941],[-110.96347370783161,32.215137011771041],[-110.96347332073525,32.215135375645779],[-110.9634727263583,32.215134085160429],[-110.96347213605733,32.215132709032339],[-110.96347134396079,32.215131152821172],[-110.96347074962155,32.215129858728787],[-110.9634701611176,32.21512831036555],[-110.96346956677839,32.215127016273158],[-110.96346897650572,32.215125637439847],[-110.9634679780319,32.215124340300086],[-110.96346738952805,32.215122791936814],[-110.96346639105428,32.215121494797089],[-110.96346579989732,32.215120200728677],[-110.96346439817339,32.215118815776577],[-110.96346380697884,32.215117525315179],[-110.96346280849578,32.215116229077161],[-110.96346181320429,32.215114931961359],[-110.96346101657326,32.21511381039592],[-110.96345961396511,32.215112510208748],[-110.96345881642151,32.215111476113499],[-110.96345782115837,32.21511017629242],[-110.96345641943471,32.21510879134027],[-110.96345542462535,32.215107753052038],[-110.96345422245594,32.215106457983502],[-110.96345281714777,32.215105416599862],[-110.96345141771261,32.215104117338342],[-110.96345041653905,32.21510307900207],[-110.96344921488932,32.215102039154118],[-110.96344801413343,32.215100913639418],[-110.96344661200757,32.215099872279737],[-110.96344541035793,32.215098832431728],[-110.96344400504999,32.215097791048009],[-110.9634423992659,32.21509674815254],[-110.96344119853839,32.215095619932534],[-110.96343999330421,32.215094923653062],[-110.96343838752021,32.215093880757557],[-110.96343698627899,32.215092754632792],[-110.96343537779481,32.215091970540868],[-110.9634337711265,32.215091012410255],[-110.96343256767068,32.215090145699044],[-110.9634309592242,32.215089358000057],[-110.96342935392229,32.21508857393205],[-110.96342794273222,32.215087791327775],[-110.96342633425762,32.215087006333995],[-110.96342472581127,32.21508621863493],[-110.9634229177732,32.215085344659137],[-110.96342130836722,32.215084648939005],[-110.96341969811446,32.215084034376787],[-110.96341788508785,32.21508333351386],[-110.96341627483514,32.215082718951592],[-110.96341466546689,32.215082019624369],[-110.96341265104216,32.215081405621547],[-110.96341103989569,32.215080876725928],[-110.96340942464501,32.215080436178255],[-110.96340781757456,32.215079821639904],[-110.9634060059238,32.215079293937706],[-110.96340439480562,32.215078762336724],[-110.96340257728178,32.215078492512369],[-110.96340056196335,32.215077964176061],[-110.9633985431072,32.215077774899562],[-110.96339693281709,32.215077163944059],[-110.96339511846605,32.215076895045335],[-110.9633931023009,32.215076447866871],[-110.9633914825811,32.215076435652492],[-110.96338946867606,32.215076076869913],[-110.96338785482942,32.21507580677762],[-110.9633858368578,32.215075532735966],[-110.96338381796409,32.215075347066211],[-110.96338220411747,32.215075076973839],[-110.96338038392159,32.215075063247539],[-110.96337816277345,32.215075046497532],[-110.96337634616246,32.215074689202574],[-110.96337472962486,32.215074677011991],[-110.96337270895286,32.215074661773727],[-110.96337048780472,32.215074645023591],[-110.96241991452096,32.215072197639948],[-110.96242253050499,32.214802236941168],[-110.96241828024988,32.214686926285012],[-110.96118995813549,32.214693283937166],[-110.96113260736402,32.214695895908015],[-110.95981173279354,32.214695657027022],[-110.95689195073233,32.214724204203385],[-110.95659583491238,32.214711304163814],[-110.95642363871725,32.214679809468379],[-110.95635719502427,32.214667654961012],[-110.95635964186734,32.214758828214691],[-110.95648439300813,32.215412574457211],[-110.95654312625918,32.215620552118104],[-110.95661434492635,32.215835248476083],[-110.9566757464907,32.215966317067277],[-110.95657161270732,32.215900817564105],[-110.95646182647616,32.215833254952834],[-110.95554444611834,32.215268691284429],[-110.95515425581991,32.215142472513513],[-110.95509287351614,32.215119893768978],[-110.95372087640109,32.214810220010435],[-110.95363843232229,32.214772664949081],[-110.95355809957046,32.214735285543313],[-110.95345073297612,32.214701377742458],[-110.95338885296542,32.214686734048897],[-110.95330811222591,32.214677702038145],[-110.95279081859407,32.214674272840654],[-110.9516071434409,32.214681819267881],[-110.95038597353242,32.214719134827433],[-110.9491835525385,32.214760446385803],[-110.94799271612743,32.21479530695764],[-110.9464110464818,32.214795241568048],[-110.94622434589118,32.215028444948963],[-110.94547904845442,32.21593314281138],[-110.94497194760265,32.216557009617439],[-110.9447198633614,32.21690687199294],[-110.9444049112799,32.217446238292212],[-110.9443354572393,32.21761432606359],[-110.94415912233703,32.218041061386586],[-110.9440382311063,32.21848169447798],[-110.94400347612071,32.218729746720882],[-110.94394745719985,32.219472136384276],[-110.94394068859046,32.220050565778884],[-110.94395051554612,32.220475024774871],[-110.94394875095891,32.221390745401465],[-110.9439486508727,32.221442679694221],[-110.94394767331167,32.221494626172053],[-110.94392872270174,32.222503819958035],[-110.94392375263989,32.222652520188248],[-110.94386381127316,32.223861502745557],[-110.94386344015365,32.223868954352092],[-110.94386935624419,32.225157527930783],[-110.94386937774964,32.225161584492085],[-110.94388029410896,32.226546527115403],[-110.94388009361381,32.22780239722124],[-110.94388008520757,32.227851388621744]]]},"properties":{"OBJECTID":18,"AREA_SQMI":1.8354211199999999,"TEAM":"Downtown","SECTOR":2,"TMSECT":" ","INITIALS":"ODD","AREA_SF":51168399.336999997,"AREA_ACRE":1174.6695135699999,"Shape_Leng":33965.196435999998,"TEAM_NU":2,"Shape.STArea()":51168604.011167772,"Shape.STLength()":33965.19643601089}},{"type":"Feature","id":19,"geometry":{"type":"Polygon","coordinates":[[[-110.98580758608489,32.163232293617106],[-110.98631341863972,32.163291851333838],[-110.98771814924342,32.163278804641642],[-110.98833905873958,32.163272971935704],[-110.98905467876773,32.163245562472802],[-110.98964642438558,32.163221570202481],[-110.99014340695315,32.1632078989701],[-110.99076303983375,32.163188512057495],[-110.99138295975077,32.163181194379881],[-110.99243900201505,32.163166579108371],[-110.99349503987953,32.163162262973167],[-110.99458249112907,32.163177578993022],[-110.99520775441142,32.16316035860018],[-111.00125390675426,32.163162208332665],[-111.00169020501991,32.163156166458279],[-111.00286006174427,32.163151132408451],[-111.00424787848746,32.163142424388901],[-111.00632859304221,32.163132360314115],[-111.00635662825219,32.163042249288566],[-111.00649004092536,32.161771373312867],[-111.00661744284844,32.160840702768745],[-111.00671318440192,32.160270671201225],[-111.00682606832926,32.15970291094456],[-111.00694672991489,32.159124725275895],[-111.0071749464001,32.158128293136535],[-111.00723645801425,32.157872580637616],[-111.00734268918788,32.157404758678808],[-111.00740072019518,32.157153660106168],[-111.00806495063013,32.154263853929066],[-111.00810678726207,32.154118038337202],[-111.0081546690257,32.153973553954756],[-111.00820819030822,32.153830571015838],[-111.0082675516496,32.153689175725653],[-111.00833234765145,32.153549623993698],[-111.00840298047019,32.153412089145625],[-111.00847884268572,32.153276567713981],[-111.0085603368596,32.153143406179012],[-111.00864705613911,32.153012687285013],[-111.00873879846833,32.152884580921139],[-111.00883576437863,32.152759175091589],[-111.0089377499085,32.15263672534558],[-111.00904455151759,32.152517231113002],[-111.00915616791356,32.152401035973369],[-111.00927239642728,32.152288051884142],[-111.00939303310754,32.152178534394778],[-111.00951807708651,32.152072570965075],[-111.00964712280619,32.151970330024803],[-111.00978037082156,32.151871898673946],[-111.00991741663981,32.151777445350639],[-111.01005826025875,32.151686970944638],[-111.01020249507087,32.151600643880435],[-111.010350120239,32.151518549815535],[-111.01050113513989,32.151440860083468],[-111.01069651700729,32.15132844140679],[-111.01088790994102,32.151210925529597],[-111.01107510997481,32.151088568936075],[-111.01125771133118,32.150961454416048],[-111.01143571314419,32.150829668559517],[-111.01160891337462,32.150693381290168],[-111.01172050079785,32.150599946933184],[-111.0118280800021,32.150503390503182],[-111.01193185236797,32.150403715253653],[-111.01203141426555,32.150301003081452],[-111.01212676399766,32.15019542623579],[-111.01217689713013,32.150128782346762],[-111.01224242880291,32.150036564078285],[-111.01230412427439,32.1499443183585],[-111.01236937309318,32.149839814933138],[-111.01243264829789,32.14973065830241],[-111.01249045557299,32.149623008323772],[-111.01254795063217,32.14950616543014],[-111.01259811923165,32.149394939135739],[-111.01263204115004,32.149313490963323],[-111.01264755481466,32.149276234932628],[-111.012684292719,32.149175392941757],[-111.01271841114445,32.149074016374378],[-111.01275537118413,32.148950755289945],[-111.01278411493922,32.148841438384366],[-111.01279908521056,32.148777377555227],[-111.0128185750166,32.148685002352927],[-111.01283030407733,32.148621863497759],[-111.01283690324907,32.148587550506477],[-111.01159251333246,32.148592744699634],[-111.01159104788455,32.148414061607284],[-111.01159240437367,32.148297160329129],[-111.01160143387352,32.147444664627137],[-111.01160730050889,32.146891766499614],[-111.01161337516677,32.146338182608901],[-111.01161914560217,32.145794990208799],[-111.01162988924106,32.144789259314891],[-111.01174368586383,32.134105435715071],[-111.01174593282283,32.133898259801363],[-111.01174311606927,32.133692765691407],[-111.01174314829197,32.133689502154006],[-111.01177739587585,32.127807192917345],[-111.01028422610503,32.127805101267626],[-111.00975770039361,32.127804336296798],[-111.00944558113598,32.127803817972506],[-111.00834728819736,32.127804103358642],[-111.00762716984788,32.127801254064018],[-111.00762526306261,32.127932410701362],[-111.00761908004124,32.128393050128395],[-111.00761420322189,32.128742372737165],[-111.00769596462879,32.128742874149388],[-111.00767719022453,32.130473290444208],[-111.0076666521593,32.131800635622675],[-111.0074510396677,32.131798914923557],[-111.00536739469625,32.131781956114452],[-111.00537231841271,32.131185241775448],[-111.0044807979893,32.131179968782995],[-111.00305288912162,32.131170451502086],[-111.00306465361366,32.129803822014189],[-111.00306645927034,32.129642857143295],[-111.00307311109862,32.129481928144024],[-111.00308480681119,32.129321292565329],[-111.00309110492101,32.129256568618608],[-111.00309982300098,32.129192120963388],[-111.00311096192685,32.129127861224866],[-111.00312472130892,32.129063964898329],[-111.00314069759784,32.129000513843962],[-111.00315929454808,32.128937510974403],[-111.00318010561992,32.128875125606747],[-111.00320353542122,32.128813274984402],[-111.00322917955062,32.128752126636115],[-111.00330960066458,32.128563038646412],[-111.00332589599391,32.128528281072072],[-111.00334078212354,32.128493168824818],[-111.00335425989043,32.128457618039882],[-111.00336612584611,32.128421625446315],[-111.00337658174411,32.128385364751956],[-111.00338562843946,32.128348750288282],[-111.00339306075013,32.12831195282731],[-111.00339908215456,32.12827497293538],[-111.00340349023769,32.128237810054344],[-111.00340648656463,32.128200550411641],[-111.00340786765177,32.128163194343145],[-111.00340783613284,32.128125827182103],[-111.00340618959316,32.1280884483701],[-111.00340292631881,32.128051230146653],[-111.00339824958142,32.128014087401183],[-111.00339195506236,32.127977104334576],[-111.00338424622137,32.127940283316306],[-111.00337512135317,32.127903795683835],[-111.00336437784621,32.127867554300195],[-111.00335221831541,32.127831646301736],[-111.00333843950203,32.127796155896682],[-111.00332344516144,32.127761085997463],[-111.00318093439471,32.127454767892218],[-111.00315696734272,32.1274083800391],[-111.00313502783477,32.127361233933307],[-111.00311511203239,32.127313501800081],[-111.00309701965558,32.127265181293133],[-111.00308095119378,32.127216359535133],[-111.00306710818663,32.127167124558063],[-111.00305508582014,32.127117473441189],[-111.00304508565189,32.127067492412792],[-111.00303730815219,32.127017270398753],[-111.00303155303196,32.126966805954012],[-111.00302781733264,32.126916182928767],[-111.00302610143582,32.126865575381515],[-111.00302483317874,32.12658767790694],[-111.0030150233855,32.124654845681576],[-111.00301216271268,32.123057762358783],[-111.00320597076347,32.123057529390181],[-111.00508899198708,32.123070070498841],[-111.00625175063271,32.12307774991455],[-111.0070551988705,32.123081634616781],[-111.00693355221181,32.121546748247816],[-111.00637505546518,32.121516447999262],[-111.00596990433779,32.121494378362932],[-111.00524252886504,32.121454870651121],[-111.00519594485458,32.120921779392447],[-111.00518181246989,32.120759411656429],[-111.0050751425956,32.119711429237022],[-111.00486115818678,32.119711262823316],[-111.00464743768437,32.119704913105416],[-111.00443398007182,32.119692380077765],[-111.00422098692863,32.119673750869943],[-111.00403427487144,32.119651359765015],[-111.00384690721911,32.119633945442736],[-111.00365908652805,32.119621595937538],[-111.00347081150132,32.119614225562593],[-111.00327238559711,32.119612708594964],[-111.00326693145527,32.119613012850941],[-111.00326127256207,32.119613659231952],[-111.00325581349753,32.119614564079683],[-111.00325055233067,32.119615814859038],[-111.00324528859467,32.119617323546869],[-111.00324022277424,32.119619176362811],[-111.00323515458187,32.119621373665659],[-111.0032304864874,32.119623830880137],[-111.00322581688329,32.119626546010736],[-111.00322154736801,32.119629521954813],[-111.00321747853449,32.119632670696838],[-111.00321360866701,32.119636164476489],[-111.00321013974174,32.119639833400747],[-111.00320687149821,32.119643675122958],[-111.00320400525656,32.119647691997464],[-111.00320154017248,32.119651968791452],[-111.00319927746796,32.119656247947333],[-111.00319741571479,32.119660701346135],[-111.00319390527989,32.119665239347505],[-111.00319486504799,32.119329106662882],[-110.99471076396108,32.119308930954858],[-110.98885504080823,32.119347942671091],[-110.98884631959361,32.1194134976814],[-110.98814544133725,32.121464815786695],[-110.98742348611532,32.123560472054969],[-110.9869663326255,32.125301923856476],[-110.98674645071357,32.126359631868851],[-110.98658943475328,32.127408953188628],[-110.98644153729686,32.128574133802125],[-110.98630146024823,32.130027623028262],[-110.98627999333718,32.131083381088018],[-110.98628740579115,32.133816517896619],[-110.98628774226253,32.133941233964485],[-110.9862877924362,32.133959887081524],[-110.98628801871779,32.134042315079057],[-110.98629027227415,32.134124767896132],[-110.98629761573281,32.1342520750392],[-110.98632714272863,32.136204670686055],[-110.9863343052061,32.138453804598356],[-110.98637354083665,32.140902719710638],[-110.98648276389426,32.14854055639065],[-110.98682525790156,32.148539637325143],[-110.98682207212272,32.150961994417486],[-110.98677788971605,32.152031983692737],[-110.98665192101593,32.153956418616858],[-110.98658389649229,32.154748776581421],[-110.98591740147884,32.161251220345754],[-110.98580758608489,32.163232293617106]]]},"properties":{"OBJECTID":19,"AREA_SQMI":3.9284409600000001,"TEAM":"South","SECTOR":4,"TMSECT":"South 4","INITIALS":"ODS","AREA_SF":109518648.376,"AREA_ACRE":2514.20221249,"Shape_Leng":51894.254830700003,"TEAM_NU":1,"Shape.STArea()":109519086.45200846,"Shape.STLength()":51894.254830726735}},{"type":"Feature","id":20,"geometry":{"type":"Polygon","coordinates":[[[-110.94336667836238,32.163293200328987],[-110.94342484085041,32.16329330956475],[-110.94551880486263,32.163297283738281],[-110.94762695021815,32.163297213202377],[-110.94854734738749,32.163304170959798],[-110.94942796431673,32.163300857182847],[-110.94986851039418,32.163305513982884],[-110.95054828110783,32.163310706595787],[-110.95145744883055,32.16331962172346],[-110.95188437716523,32.163323048442138],[-110.95237256789433,32.163329227701446],[-110.95305700346267,32.163332460162607],[-110.95318126177989,32.163333015991455],[-110.95330551631284,32.163333327273037],[-110.95403824198651,32.163335160833178],[-110.95505586779268,32.163343927432905],[-110.95609916330223,32.163351000419794],[-110.95615727420571,32.163351391995747],[-110.95621538856363,32.163351454402509],[-110.95848297172637,32.163353782155156],[-110.95928645272038,32.163358575938545],[-110.96014354152322,32.163356008746966],[-110.96028107857661,32.163355597436194],[-110.96041861143594,32.163354369785672],[-110.96190081524719,32.163341137550354],[-110.96257151041956,32.163335757451136],[-110.96372970811971,32.163282222714635],[-110.96414890694332,32.16326583033976],[-110.96456852542161,32.163263103404574],[-110.96807969132966,32.163252544273142],[-110.96814157018844,32.163252330015062],[-110.96820932725468,32.16325207321659],[-110.9689635927941,32.163249220999305],[-110.96918591279095,32.163254585412695],[-110.97157580142282,32.163246357415908],[-110.97323122803893,32.163247676624948],[-110.97367371536885,32.163240408582851],[-110.97637707496953,32.163229819280048],[-110.97743825881425,32.163226604356332],[-110.97750288185941,32.163226666519606],[-110.97756751049285,32.163226183983276],[-110.97864470109835,32.16321813298601],[-110.98066537268366,32.163210505262661],[-110.98164175932943,32.1632139451999],[-110.98261776170163,32.163235115664243],[-110.98369539912719,32.163271368186123],[-110.98437784893282,32.163232248509118],[-110.98491196482853,32.163241163025091],[-110.98544621945983,32.163236765216951],[-110.98580758608489,32.163232293617106],[-110.98591740147884,32.161251220345754],[-110.98658389649229,32.154748776581421],[-110.98665192101593,32.153956418616858],[-110.98677788971605,32.152031983692737],[-110.98682207212272,32.150961994417486],[-110.98682525790156,32.148539637325143],[-110.98648276389426,32.14854055639065],[-110.98618284032466,32.148545393986559],[-110.9818472656835,32.148623996498451],[-110.98022277027728,32.14863535096422],[-110.97938040886451,32.148663216104651],[-110.97762308433848,32.148688715907959],[-110.97755846450565,32.148689651378433],[-110.97749384717353,32.148688481947936],[-110.97496062892129,32.14864262528021],[-110.97468059465889,32.148637427117755],[-110.97427196369659,32.148628798844953],[-110.97388612231917,32.148623176208829],[-110.97358551770209,32.148615354052367],[-110.9734493972705,32.148616829560183],[-110.97332886081378,32.14861507437422],[-110.97231746591994,32.148585282029117],[-110.97184277663273,32.1485789901364],[-110.97148840709855,32.148576343949578],[-110.97114686785116,32.148563056275485],[-110.97087790935103,32.148561046491267],[-110.97062487352508,32.148561818287973],[-110.96922435496286,32.148550997316811],[-110.96902748482387,32.148549434895884],[-110.96804287008975,32.148546868507758],[-110.96674816441953,32.148555623735135],[-110.96392927395267,32.148581080682881],[-110.96183596622241,32.148584630320741],[-110.96177433885423,32.148585570385997],[-110.9617079182899,32.148586586079333],[-110.96111462632366,32.148586918088107],[-110.96054786944008,32.148587626357831],[-110.96050200232881,32.148587681131744],[-110.95954759584826,32.148590527341895],[-110.95787692049954,32.148631748322295],[-110.95618769061035,32.148616020611463],[-110.95614124722316,32.148615837659115],[-110.95609479063025,32.148616307517358],[-110.95406070893969,32.148633875979492],[-110.95206413785617,32.148617468551798],[-110.95190453977327,32.148623985180976],[-110.95004960721786,32.148638090369907],[-110.94933255644273,32.148654945294872],[-110.94797530973315,32.148658389463115],[-110.94733251976105,32.14866085988637],[-110.94351859883049,32.14867492042908],[-110.94346044502988,32.148675466143601],[-110.94344436930166,32.150644544311746],[-110.94343975311757,32.151383033730703],[-110.94343213002347,32.152100404280851],[-110.94343070635492,32.152842480322484],[-110.94342404172842,32.153716797583733],[-110.94342335555145,32.154446294950532],[-110.9434159768703,32.155178574316082],[-110.94340612020052,32.155973114128813],[-110.94340724762168,32.156437065558933],[-110.94339692609549,32.158091837868419],[-110.94338946108361,32.15963037036267],[-110.94337811553326,32.160165690285893],[-110.9433668587418,32.163243726387051],[-110.94336667836238,32.163293200328987]]]},"properties":{"OBJECTID":20,"AREA_SQMI":2.5472433200000002,"TEAM":"South","SECTOR":5,"TMSECT":"South 5","INITIALS":"ODS","AREA_SF":71013068.208399996,"AREA_ACRE":1630.2357256299999,"Shape_Leng":37235.1733169,"TEAM_NU":1,"Shape.STArea()":71013352.261494085,"Shape.STLength()":37235.173316887791}},{"type":"Feature","id":21,"geometry":{"type":"Polygon","coordinates":[[[-110.94343856191014,32.133933047194731],[-110.94343597893112,32.134130274812456],[-110.94343602849665,32.134187686889852],[-110.94343807746691,32.136486434586736],[-110.94343957787655,32.137713994951483],[-110.94344677310652,32.141332917698101],[-110.94345412423961,32.145280786884406],[-110.94346044502988,32.148675466143601],[-110.94351859883049,32.14867492042908],[-110.94733251976105,32.14866085988637],[-110.94797530973315,32.148658389463115],[-110.94933255644273,32.148654945294872],[-110.95004960721786,32.148638090369907],[-110.95190453977327,32.148623985180976],[-110.95206413785617,32.148617468551798],[-110.95406070893969,32.148633875979492],[-110.95609479063025,32.148616307517358],[-110.95614124722316,32.148615837659115],[-110.95618769061035,32.148616020611463],[-110.95787692049954,32.148631748322295],[-110.95954759584826,32.148590527341895],[-110.96050200232881,32.148587681131744],[-110.96054786944008,32.148587626357831],[-110.96111462632366,32.148586918088107],[-110.9617079182899,32.148586586079333],[-110.96177433885423,32.148585570385997],[-110.96183596622241,32.148584630320741],[-110.96392927395267,32.148581080682881],[-110.96674816441953,32.148555623735135],[-110.96804287008975,32.148546868507758],[-110.96902748482387,32.148549434895884],[-110.96922435496286,32.148550997316811],[-110.97062487352508,32.148561818287973],[-110.97087790935103,32.148561046491267],[-110.97114686785116,32.148563056275485],[-110.97148840709855,32.148576343949578],[-110.97184277663273,32.1485789901364],[-110.97231746591994,32.148585282029117],[-110.97332886081378,32.14861507437422],[-110.9734493972705,32.148616829560183],[-110.97358551770209,32.148615354052367],[-110.97388612231917,32.148623176208829],[-110.97427196369659,32.148628798844953],[-110.97468059465889,32.148637427117755],[-110.97496062892129,32.14864262528021],[-110.97749384717353,32.148688481947936],[-110.97755846450565,32.148689651378433],[-110.97762308433848,32.148688715907959],[-110.97938040886451,32.148663216104651],[-110.98022277027728,32.14863535096422],[-110.9818472656835,32.148623996498451],[-110.98618284032466,32.148545393986559],[-110.98648276389426,32.14854055639065],[-110.98637354083665,32.140902719710638],[-110.9863343052061,32.138453804598356],[-110.98632714272863,32.136204670686055],[-110.98629761573281,32.1342520750392],[-110.98629027227415,32.134124767896132],[-110.98628801871779,32.134042315079057],[-110.9862877924362,32.133959887081524],[-110.98628774226253,32.133941233964485],[-110.98628740579115,32.133816517896619],[-110.98627999333718,32.131083381088018],[-110.98630146024823,32.130027623028262],[-110.98644153729686,32.128574133802125],[-110.98658943475328,32.127408953188628],[-110.98674645071357,32.126359631868851],[-110.9869663326255,32.125301923856476],[-110.98742348611532,32.123560472054969],[-110.98814544133725,32.121464815786695],[-110.98884631959361,32.1194134976814],[-110.98885504080823,32.119347942671091],[-110.97760678192664,32.119422119620921],[-110.9605120135008,32.119541828415691],[-110.96047446465442,32.119541888449518],[-110.95997543302218,32.119542241940337],[-110.96047142714025,32.130402038406416],[-110.95938630289551,32.130356900744623],[-110.95939017502654,32.130353494026721],[-110.95908225782441,32.130336647403077],[-110.95659399005892,32.132486001455199],[-110.95649660019878,32.132589459149699],[-110.95642622406358,32.13267748835338],[-110.95634910308949,32.132792609817102],[-110.95629847721543,32.132884053422323],[-110.95628874873883,32.132174617663885],[-110.95113305936789,32.132172335085642],[-110.95110936467437,32.133386606047821],[-110.9511064724916,32.133527030459987],[-110.9510981703678,32.133950883077638],[-110.9455296056648,32.133937918785058],[-110.9455383153183,32.132296526771782],[-110.94451112522701,32.132270344961441],[-110.94450073107085,32.133935518666753],[-110.94344036057629,32.133933039379762],[-110.94343856191014,32.133933047194731]]]},"properties":{"OBJECTID":21,"AREA_SQMI":4.2012526299999999,"TEAM":"South","SECTOR":6,"TMSECT":"South 6","INITIALS":"ODS","AREA_SF":117124201.383,"AREA_ACRE":2688.8016846400001,"Shape_Leng":50068.353285500001,"TEAM_NU":1,"Shape.STArea()":117124669.88092327,"Shape.STLength()":50068.353285527955}},{"type":"Feature","id":22,"geometry":{"type":"Polygon","coordinates":[[[-110.97903179377808,32.199569638980229],[-110.97907189105049,32.199757714379224],[-110.97914093601202,32.200117798431435],[-110.97920208723119,32.200479117130556],[-110.97923518456744,32.200719360999798],[-110.97938020994917,32.201517625431691],[-110.97949484055013,32.202356728240034],[-110.97952460381886,32.202959433034295],[-110.9795317779089,32.203232158783912],[-110.97953780053604,32.203675540843307],[-110.97954343557947,32.20449159454666],[-110.97955748069593,32.20668857184512],[-110.97955753984961,32.206750559481129],[-110.97955759755651,32.206815274235844],[-110.97958304348384,32.211928999191862],[-110.97958329365429,32.211979284270186],[-110.98005572477599,32.211980810304631],[-110.98005573388301,32.211976092909538],[-110.98005594078214,32.211976088129639],[-110.98021732618592,32.211972271340493],[-110.98032961573769,32.211969615710281],[-110.98238646913596,32.211977790986367],[-110.98253648078821,32.2112001364615],[-110.98263148445116,32.210544828530459],[-110.98277359112447,32.209642706931561],[-110.98281036678245,32.20943306623554],[-110.98303134945232,32.208056705722925],[-110.98303946136008,32.208033914184107],[-110.98304953201553,32.208017495905153],[-110.98306387104086,32.207998791444908],[-110.98307469351225,32.20798727564673],[-110.98308773106244,32.20797697744063],[-110.98316361328058,32.206757118670801],[-110.98375498572807,32.206757302857049],[-110.98435866348083,32.206798041900271],[-110.98519902628085,32.206868173052683],[-110.98566301195721,32.206883187238795],[-110.98623229701764,32.206855462330665],[-110.98679027875895,32.206784794075709],[-110.98729479560983,32.206674389830845],[-110.9880486582399,32.206467949569188],[-110.98838288219186,32.206376422488674],[-110.98867775742086,32.206295670255571],[-110.9886826003047,32.206294341333297],[-110.98935114202945,32.20612106933789],[-110.98956398912472,32.206065019598917],[-110.99005073298059,32.205936843154099],[-110.99019213132114,32.205903204019478],[-110.9910854997897,32.20568057338329],[-110.9912735155182,32.205634211285854],[-110.99144927037977,32.20559602986792],[-110.99156721635715,32.205572908754782],[-110.9918901054068,32.20552404604863],[-110.99232788142641,32.205494467632008],[-110.99318900172888,32.205442888032437],[-110.99314190171872,32.205484018278533],[-110.99325393503138,32.205492687009418],[-110.99330445893774,32.20549659569059],[-110.99364512391983,32.205522952828112],[-110.99368113189433,32.205525739021482],[-110.99368135234819,32.205525755961965],[-110.99368299133539,32.205526050199886],[-110.99372990686037,32.20553446857663],[-110.99427883225388,32.205632959241029],[-110.99432943084591,32.205646086570212],[-110.99470553112521,32.205743664404572],[-110.99491986800687,32.205799273004892],[-110.99495229249597,32.205808744135425],[-110.9949683223041,32.205813426963275],[-110.99575637418606,32.206043616179798],[-110.99577532938184,32.206049152603846],[-110.99578421525986,32.206051747862602],[-110.99578474192481,32.206051903206195],[-110.99579056794602,32.206053629358564],[-110.99583174133309,32.206065834308852],[-110.99603667251779,32.206126580595807],[-110.99607655894143,32.206138403639642],[-110.99608837808617,32.206141906734842],[-110.99609892288281,32.20614503260326],[-110.99611389457421,32.206149470401066],[-110.99612787111489,32.20615361326751],[-110.9961493847905,32.206159990733553],[-110.99617858366521,32.206168646259464],[-110.99620197767528,32.206175580308553],[-110.99621901264793,32.206180630127342],[-110.99624519964318,32.206188392542309],[-110.99626659595113,32.206194734864582],[-110.99629101896841,32.206201973992442],[-110.99631072532235,32.20620781521275],[-110.99632437297974,32.206211860971294],[-110.99634134134654,32.206216890448594],[-110.99635374956539,32.206220568253158],[-110.99635886281615,32.206222083573763],[-110.99636716985466,32.20622454651842],[-110.9963818623753,32.206228901989725],[-110.99638600162206,32.20623012884834],[-110.99638779101001,32.206230657720262],[-110.99638843084642,32.206230845449205],[-110.99639697306441,32.206233338060507],[-110.99640599966108,32.206235972177033],[-110.99641479147087,32.20623853784852],[-110.99642541821299,32.206241639035106],[-110.99643581651401,32.206244673626287],[-110.99645412353682,32.206250015847097],[-110.99647566998591,32.206256303313502],[-110.99649844007101,32.206262948690394],[-110.99651550018892,32.206267927407893],[-110.99653246406393,32.20627287836777],[-110.99655761693482,32.206280218350251],[-110.99658581569513,32.206288447153113],[-110.9966087518433,32.206295140613975],[-110.9966270419622,32.206300478177781],[-110.99665330003747,32.206308140922872],[-110.99667996740956,32.206315922976998],[-110.996711271303,32.206325058140898],[-110.99673674359659,32.206332491497164],[-110.99675586289496,32.206338070453484],[-110.99678477979873,32.20634650915305],[-110.99680577316484,32.206352635620945],[-110.9968247655594,32.206358177570394],[-110.9968446146065,32.206363970145539],[-110.99685049486973,32.206365685822071],[-110.99685408119905,32.206366731884039],[-110.99685438264343,32.206366817045549],[-110.99685815239816,32.206367870754654],[-110.99686450513991,32.206369645781422],[-110.99688008447676,32.206373999530449],[-110.99690228838692,32.206380205131978],[-110.99699378013801,32.206405773841269],[-110.99709725712353,32.206434691579503],[-110.99721999551313,32.206468992554605],[-110.99735129425457,32.206505685085475],[-110.99750415399436,32.206548403348151],[-110.99759758809827,32.20657451421738],[-110.99764289308993,32.206587175182101],[-110.99770577980337,32.206604749940944],[-110.9977239929889,32.206609839686323],[-110.99772554894476,32.206610272150556],[-110.99772582925978,32.206610349039934],[-110.99772869185061,32.206611113856631],[-110.99774298786264,32.206614935110579],[-110.9977736141737,32.206623120871662],[-110.99778010947573,32.206624857208311],[-110.99778534380421,32.206626256113609],[-110.99779341744528,32.206628414253792],[-110.99780656567744,32.206631928652712],[-110.99781463086168,32.206634084024557],[-110.99782833553776,32.206637746758233],[-110.99783934053349,32.206640688246232],[-110.99785572479563,32.206645066664095],[-110.99787355516416,32.206649831652427],[-110.99789079312129,32.206654439021932],[-110.99791014998917,32.206659612805659],[-110.99794122275794,32.206667917205102],[-110.99795664225276,32.206672037890343],[-110.99798782821888,32.206680372861406],[-110.99802153509047,32.20668938177279],[-110.99805798503111,32.206699123052054],[-110.99810075891581,32.206710555206499],[-110.99812797790077,32.206717829626939],[-110.99815427865262,32.206724859287299],[-110.99818542551215,32.206733184005685],[-110.99822078270846,32.206742633223122],[-110.99825231359385,32.206751059916236],[-110.99828835841342,32.206760693574267],[-110.99829944172728,32.206763655431665],[-110.99832462856698,32.206770387477846],[-110.99835154609616,32.206777581201536],[-110.99837652136955,32.206784256689055],[-110.99839067780516,32.206788039881374],[-110.998439429274,32.206797216571076],[-110.99867992593867,32.206842486266204],[-110.99895940464013,32.206895092589676],[-110.99900662152677,32.20689907780627],[-110.9992532554564,32.206919891823979],[-110.99949894521616,32.206940625463986],[-110.99950010147492,32.206940723133165],[-110.99950020217207,32.206940730176463],[-110.99950029228999,32.206940734437538],[-110.99950703542214,32.206940928549322],[-110.99954414971842,32.206941994099417],[-110.9996041985282,32.206943718397021],[-110.99964387264383,32.206944858399162],[-110.99972568315312,32.206947208530153],[-110.99986757324933,32.206951283004059],[-110.9999468069866,32.206953558393174],[-110.99995026922481,32.206953657447379],[-110.999955108984,32.206953685324841],[-110.99996361542878,32.206953733475366],[-110.99997126167882,32.206953777192069],[-110.99998519019071,32.206953855636236],[-110.9999959134032,32.206953916250029],[-111.00026161573373,32.20695541857198],[-111.00046784614736,32.206956584065509],[-111.00072452235941,32.206958033531933],[-111.00096759993467,32.206959406531958],[-111.0009952596799,32.206959562672246],[-111.0009985350457,32.206959574670378],[-111.00102509266789,32.206959629031537],[-111.00104471129299,32.206959663796304],[-111.00186604060448,32.206961138945211],[-111.00189077177802,32.206961183516249],[-111.0019046424955,32.206961208122735],[-111.00190959910826,32.206961218734172],[-111.001911782018,32.206961222804381],[-111.00191407841599,32.206961227695686],[-111.00191944655617,32.206961241284283],[-111.00196188973459,32.206961372506449],[-111.00551781956899,32.206972302541132],[-111.00576115771631,32.20696288229562],[-111.00577745871061,32.206962251220453],[-111.0058047731176,32.206961193562307],[-111.0058791971978,32.206958312688627],[-111.00595416139122,32.20695541041043],[-111.00604624894491,32.206951845024165],[-111.00615698681585,32.20694755714625],[-111.00622911248439,32.206944765028084],[-111.00632141649081,32.206941191079679],[-111.0064351742941,32.20693678672221],[-111.0065319551706,32.206933039233427],[-111.0067068878113,32.206926265792525],[-111.00672489508379,32.206925568416374],[-111.00672536198032,32.206925550132752],[-111.00672542881851,32.20692554881014],[-111.00672567388892,32.206925544261139],[-111.00673270735122,32.206925451491003],[-111.00676854832986,32.20692497624978],[-111.00682802303909,32.206924186794716],[-111.00691766634172,32.206922996644394],[-111.00704442576946,32.206921314132508],[-111.00718381148513,32.206919464398467],[-111.00732426654727,32.206917599656073],[-111.00748465082353,32.206915470446198],[-111.00759653811696,32.206913985250118],[-111.00759889958339,32.206913953530851],[-111.00760224127747,32.206913909019384],[-111.00760275790725,32.206913902813938],[-111.00760286504971,32.206913901780659],[-111.00760388229206,32.206913900076579],[-111.00760913187807,32.206913889123442],[-111.00761588558453,32.206913875457481],[-111.00762018156654,32.206913866665644],[-111.00764711472324,32.206913811410139],[-111.00765377084198,32.206913797942356],[-111.00776585247515,32.206913569343477],[-111.00789100132269,32.206913313727405],[-111.00805476627548,32.206912979291822],[-111.00826572869488,32.206912548183027],[-111.00846658655028,32.206912137025711],[-111.00868495716773,32.206911689894021],[-111.00890853918762,32.206911232005588],[-111.00916696429053,32.206910701872431],[-111.00937743032213,32.206910269854127],[-111.0096354947905,32.206909739782262],[-111.00983159316061,32.206909336499869],[-111.01000636118674,32.206908976549087],[-111.01014085091894,32.206908700016676],[-111.01031988416966,32.206908331435969],[-111.01048993828826,32.206907981213227],[-111.01073004240469,32.206907486112733],[-111.01094122766314,32.206907050331154],[-111.01119952024891,32.206906516896296],[-111.01140015331242,32.206906102172454],[-111.01158623731425,32.206905717350743],[-111.01172355500412,32.206905433225636],[-111.01177555656797,32.206905325650176],[-111.0117935095424,32.206905288205853],[-111.01179516644061,32.206905282027805],[-111.01179547619212,32.206905279735558],[-111.01179814644796,32.206905235718551],[-111.01183990728333,32.206904544385445],[-111.01190009680765,32.206903549335628],[-111.01203662684048,32.206901290533786],[-111.01215389643478,32.206899350118746],[-111.01229604175028,32.206896997738461],[-111.012350495051,32.206896096716747],[-111.01235673307777,32.206895993434884],[-111.01235700255171,32.206895988147672],[-111.01235734312424,32.206895979761704],[-111.01236435106978,32.206895785490339],[-111.0123964687684,32.206894896939218],[-111.01241930585407,32.206894264859748],[-111.01246426384293,32.206893020817752],[-111.01251638998623,32.206891578214695],[-111.01256797501468,32.206890150659099],[-111.01262508469469,32.206888570496481],[-111.01266928088155,32.206887347087331],[-111.01272059747566,32.206885926568361],[-111.01277052202738,32.206884544775249],[-111.01285754569679,32.206882135852361],[-111.01291614078329,32.206880513870566],[-111.01297617564732,32.206878852551981],[-111.01302566836176,32.206877482902478],[-111.0130697075132,32.206876263641796],[-111.01311666654368,32.2068749642279],[-111.01311946547492,32.206874886832942],[-111.01312031428111,32.206874863138559],[-111.01312189802171,32.206874853714815],[-111.01316709669844,32.206874583318012],[-111.01323104144855,32.20687419975895],[-111.01331856940597,32.20687367534434],[-111.01339445109029,32.206873220073149],[-111.01348093948772,32.206872701646482],[-111.01358756887038,32.206872062790744],[-111.01363478621397,32.206871779590863],[-111.01369783673061,32.206871401132311],[-111.01379584411798,32.206870813250923],[-111.01388263590535,32.206870292206759],[-111.01398572972282,32.206869673762476],[-111.01407282489001,32.206869151146435],[-111.01417127143831,32.206868560698091],[-111.01428736614777,32.206867864364987],[-111.01441329533635,32.206867108244403],[-111.01452197946189,32.206866455306859],[-111.01461772951825,32.206865880441256],[-111.01471556824309,32.206865293348692],[-111.01481620318147,32.206864689151246],[-111.01485046842787,32.206864483552934],[-111.01485430844441,32.206864460440826],[-111.01486010453102,32.206864426029625],[-111.01486452691034,32.20686439985645],[-111.01486609580215,32.206864390304901],[-111.01486616898633,32.206864390826915],[-111.01486816406873,32.206864403253782],[-111.01487578585737,32.206864454912633],[-111.01490956950035,32.206864683251993],[-111.01513838339946,32.206866226671373],[-111.01542215567441,32.206868140712047],[-111.0156952409169,32.206869982466905],[-111.01591974440719,32.206871496460487],[-111.01611120035115,32.206872786387308],[-111.01619212437036,32.20687333211729],[-111.01619822096089,32.206873372833485],[-111.01619850523041,32.206873373054442],[-111.01620376238864,32.206873347368933],[-111.01624580813859,32.206873126463655],[-111.01631671321249,32.206872753036869],[-111.01641052349596,32.206872259495412],[-111.01653005958025,32.206871630698451],[-111.01665247459171,32.206870987111166],[-111.01677655077251,32.206870334486823],[-111.01687686994318,32.206869806664159],[-111.01700498342332,32.206869132045888],[-111.01712735495327,32.206868487689164],[-111.01725767377522,32.206867801450528],[-111.01741219089088,32.206866987785645],[-111.01759917925338,32.2068660026275],[-111.01774121641228,32.206865254025843],[-111.01791450811221,32.206864340560912],[-111.01809996791201,32.206863362734218],[-111.01819099581002,32.206862882365677],[-111.01828781126832,32.206862371811802],[-111.01843168886963,32.206861612965959],[-111.01857839767023,32.206860838896112],[-111.01873956902166,32.206859987907386],[-111.01890603149289,32.206859109352685],[-111.01906944424992,32.206858246804103],[-111.01924237742745,32.20685733348212],[-111.01942918654279,32.206856347049452],[-111.01959722427095,32.206855458923059],[-111.0197752767323,32.206854518066727],[-111.0199230155559,32.2068537371172],[-111.02012055862514,32.206852692324524],[-111.02023816732937,32.206852069800313],[-111.02027127928854,32.206851894235761],[-111.02028187320104,32.206851838580818],[-111.02029860725474,32.206852250319258],[-111.02032710393165,32.206852951066296],[-111.02041325889115,32.206855067902715],[-111.02045864447103,32.206856182340729],[-111.0208640235163,32.206866135537815],[-111.02133225620659,32.206877630090148],[-111.02172259498627,32.206887211591315],[-111.02198409310742,32.206893629236745],[-111.02232371654716,32.206901964385324],[-111.02262304358028,32.206909309342642],[-111.02280471664446,32.206913766553328],[-111.02284113396921,32.206914660713323],[-111.02285628161418,32.206915032039213],[-111.02287059188438,32.206915125991664],[-111.02289384872523,32.206915278679659],[-111.02294159381439,32.206915592747528],[-111.02298479296924,32.206915876467789],[-111.02303968364961,32.206916237400293],[-111.02309341610841,32.206916590122965],[-111.02314650262753,32.206916939159584],[-111.02318420550463,32.206917186673216],[-111.02322859046241,32.206917478690258],[-111.02327723180956,32.206917798063088],[-111.02332641090376,32.206918121216816],[-111.02338527583935,32.206918508277184],[-111.02344445048402,32.206918897498191],[-111.02351785055177,32.206919379971268],[-111.02356976506739,32.206919720550687],[-111.02362139638326,32.206920060010248],[-111.02370139581529,32.206920585384168],[-111.02375872494638,32.206920961423329],[-111.02381260590842,32.206921314889172],[-111.02385343451978,32.206921583375369],[-111.02389299672315,32.2069218429058],[-111.02393828324757,32.206922140138154],[-111.02398673581185,32.206922457904994],[-111.024037721203,32.206922792633833],[-111.02406796136678,32.206922990802369],[-111.0241138004893,32.206923291873181],[-111.02417374306353,32.206923685272315],[-111.02425106225479,32.206924192279921],[-111.02431128802372,32.206924587612789],[-111.02436180143395,32.206924918879629],[-111.02439977373017,32.206925167932248],[-111.02443463514072,32.206925396823245],[-111.02446298947491,32.20692558249057],[-111.02450773826162,32.206925875724146],[-111.02454145417799,32.206926096502471],[-111.02457479249671,32.206926315509278],[-111.02460348411702,32.206926503524997],[-111.02462526560699,32.206926646386535],[-111.02464805789961,32.206926795474125],[-111.02466450220301,32.206926903378161],[-111.02466900889686,32.206926933370475],[-111.02466909162712,32.206926933954172],[-111.02467216848487,32.20692696287685],[-111.02471692982219,32.206927383283485],[-111.02513404935401,32.206931300207259],[-111.02545328538629,32.206934296740449],[-111.02574832552344,32.206937066054358],[-111.02575350352791,32.206937108855065],[-111.02575701320026,32.206937133586557],[-111.02577436349411,32.20693722789008],[-111.02579385314301,32.206937333658608],[-111.02579697361165,32.206937350235535],[-111.02607139954122,32.206938839934033],[-111.02608506934756,32.206938913679906],[-111.02609579157007,32.206938972072571],[-111.02610694972628,32.206939032633244],[-111.02611406358344,32.206939071018404],[-111.02612221370788,32.206939114898731],[-111.0261319686139,32.206939167376639],[-111.02614267916947,32.2069392256832],[-111.02615344699988,32.206939284392256],[-111.02616218897286,32.206939331536873],[-111.02617430809087,32.206939397056374],[-111.02618410330156,32.206939449814122],[-111.02619311467835,32.206939498854112],[-111.02620099751176,32.206939541748632],[-111.02620983812484,32.206939589584692],[-111.02621757246807,32.206939631432341],[-111.02622988674487,32.206939698321015],[-111.0262400118162,32.206939753397634],[-111.02625195167678,32.206939818549046],[-111.02626535207136,32.206939891279838],[-111.02627908127461,32.206939965423032],[-111.02629275320311,32.206940039161346],[-111.02630704137498,32.206940116336156],[-111.02631983507227,32.206940185690478],[-111.02633195843347,32.206940251224758],[-111.02634579051954,32.206940326085189],[-111.02635707171143,32.206940387490157],[-111.02637706199694,32.206940495792352],[-111.02639588873785,32.206940597701838],[-111.02641691210907,32.206940711468654],[-111.02643414679623,32.206940804867578],[-111.02645463135144,32.206940915735998],[-111.0264712741903,32.206941005864401],[-111.02649181389927,32.206941117115115],[-111.02650924268482,32.206941211870429],[-111.02652483652882,32.206941296409802],[-111.02654068492762,32.206941382739437],[-111.02655881375651,32.206941480612855],[-111.02657176018768,32.206941551016968],[-111.02658749615837,32.20694163654921],[-111.02660147673581,32.20694171242711],[-111.02661540958428,32.206941787967416],[-111.02663208954657,32.206941878336004],[-111.02664693032462,32.206941958460753],[-111.02666212641874,32.206942041085021],[-111.02667894426507,32.206942132418042],[-111.02669245284721,32.206942205865154],[-111.0267072374114,32.206942285587118],[-111.02672334567785,32.206942372821267],[-111.02673508719967,32.206942436530944],[-111.02674564078185,32.206942493681474],[-111.02675932225814,32.206942567436542],[-111.0267719600425,32.206942635647685],[-111.02678368883677,32.206942699263251],[-111.02678604244265,32.206942712221817],[-111.02678631395892,32.206942715034742],[-111.02678969198959,32.206942751436685],[-111.02680164499965,32.206942882462592],[-111.02683533509939,32.206943251250031],[-111.02684389842061,32.206943344887335],[-111.02686325975394,32.206943556906118],[-111.02688247578789,32.206943766997512],[-111.02689883773212,32.206943946177979],[-111.02691820224786,32.206944158210774],[-111.02694074115085,32.206944405205356],[-111.02696348687101,32.206944654553162],[-111.02698285669052,32.206944866613341],[-111.02699131288715,32.206944959486833],[-111.0270136004268,32.206945203797794],[-111.02703431509177,32.206945430724382],[-111.02705820097098,32.20694569168527],[-111.02708668987378,32.20694600306593],[-111.0271150271047,32.206946313373038],[-111.02715044599881,32.206946700552969],[-111.02717614020867,32.206946981429006],[-111.02719199306297,32.206947155186214],[-111.02721840212166,32.206947443788323],[-111.02724592481395,32.206947744728396],[-111.0272850409693,32.206948173211522],[-111.02731989137786,32.206948554541299],[-111.02735013558117,32.206948885424552],[-111.02738519280773,32.206949269092931],[-111.02742797230178,32.206949736826424],[-111.02747466648837,32.206950247408969],[-111.02752372369666,32.206950784512891],[-111.02757586939047,32.206951355040708],[-111.02762030130299,32.206951841544033],[-111.02767314699847,32.206952419659586],[-111.02771466967721,32.206952873949618],[-111.02774527342689,32.206953209070043],[-111.02779485033953,32.206953751526413],[-111.02783518726298,32.206954192931192],[-111.0278693557113,32.20695456660966],[-111.02791307809288,32.206955044414819],[-111.02794830608313,32.206955430029282],[-111.0279905828593,32.206955892234973],[-111.0280170651029,32.206956182086529],[-111.02805271416214,32.206956571533347],[-111.02809095957645,32.206956990039828],[-111.02812862908728,32.20695740178185],[-111.02815668208683,32.206957708956089],[-111.02818847053942,32.206958056804133],[-111.02822516217186,32.206958458038088],[-111.02826113471363,32.206958851502982],[-111.02828562302589,32.206959119170683],[-111.02832186602441,32.206959515420515],[-111.02836042432483,32.206959936945758],[-111.02840144428755,32.206960385674478],[-111.02842899457077,32.206960686550843],[-111.02845959726929,32.20696102149099],[-111.02852546509864,32.206961741236476],[-111.02857442687997,32.206962276360521],[-111.02866285590598,32.206963242890367],[-111.02874118161103,32.206964098721933],[-111.0287646369647,32.206964348220367],[-111.02876552791575,32.20696435357555],[-111.02880829911368,32.206964258039307],[-111.02892654308029,32.206963995331947],[-111.02902565976963,32.20696377498605],[-111.02917768303224,32.206963437162386],[-111.0293245213978,32.206963110563279],[-111.02944047628962,32.206962852953374],[-111.02953800930217,32.206962635521528],[-111.02963496951485,32.206962419406686],[-111.02973708387088,32.206962191577553],[-111.02984832377874,32.206961943804977],[-111.03000684834458,32.206961590162948],[-111.03017503944672,32.206961214819835],[-111.03033517953263,32.206960856762365],[-111.03046938874314,32.206960556633156],[-111.03086252487208,32.206959677270582],[-111.03133874040277,32.206958610113396],[-111.03174727324298,32.206957693323538],[-111.0317592140045,32.206957666875816],[-111.03176898024887,32.206957645047652],[-111.03178074387372,32.206957618259935],[-111.03178502185351,32.206957607618918],[-111.03178509611622,32.206957606335024],[-111.03178645626652,32.206957574370286],[-111.03181809635372,32.206956815520108],[-111.03183063271443,32.20695651456721],[-111.03196517363344,32.20695328781671],[-111.032108600122,32.206949848030803],[-111.03223492067946,32.206946817796947],[-111.0323736354198,32.206943489944706],[-111.03245564690361,32.206941523064565],[-111.03247934884577,32.206940954732559],[-111.032479724428,32.206940945635338],[-111.03248003644997,32.206940927977094],[-111.03248208791831,32.206940814263476],[-111.03248560397728,32.206940617903385],[-111.03249112374928,32.20694031020097],[-111.03249904203031,32.206939869567378],[-111.03250543099507,32.206939513832786],[-111.03251241321883,32.206939125271475],[-111.03252062972452,32.206938667783525],[-111.03256854272433,32.206935998826708],[-111.03263196434141,32.206932467017317],[-111.03269056027359,32.206929203550459],[-111.0327442700213,32.206926212519058],[-111.03274559663157,32.206926138825125],[-111.03278519840359,32.206922314146304],[-111.03288981396017,32.2069122099347],[-111.03292436835183,32.206908872993729],[-111.03293948653808,32.206908786577479],[-111.03299433080585,32.206908472799881],[-111.03305298538568,32.206908136929464],[-111.03306912510511,32.206908044109646],[-111.03307030998639,32.206908037961178],[-111.03307035028223,32.206908039144643],[-111.03307181453765,32.206908100782591],[-111.03307673531388,32.206908309226826],[-111.03311597319535,32.206909974975105],[-111.03316888660376,32.206912221463782],[-111.03317422512697,32.206912448154633],[-111.03317481570643,32.206912473023792],[-111.03317537986564,32.206912487788131],[-111.0331861848464,32.206912764401643],[-111.03320727837806,32.206913303195208],[-111.03325327353467,32.206914478625286],[-111.03330529525643,32.206915808875351],[-111.03333294913469,32.206921196655372],[-111.03335337934273,32.206925176699954],[-111.03342695646263,32.206939512246123],[-111.03344026145993,32.20694210417745],[-111.03348788563265,32.20695658845306],[-111.03349758920773,32.206959539402128],[-111.0335419713241,32.206976272731616],[-111.03354663739393,32.206978032337545],[-111.03358595274899,32.206997810926993],[-111.03368007321717,32.207045160783146],[-111.03368096097032,32.207045607078491],[-111.0336810274862,32.207045639107236],[-111.03372101531923,32.207063998354833],[-111.03382697064009,32.207112639211189],[-111.03382848288605,32.207113333361548],[-111.03390746101368,32.2071559337666],[-111.03396065798424,32.207184628204516],[-111.03400285337051,32.207202210965697],[-111.03406912783518,32.20722982788007],[-111.03411722111026,32.207242333864755],[-111.03420817874807,32.20726598538954],[-111.03425492267827,32.207269058634218],[-111.03447009680114,32.207283206679378],[-111.03461554727969,32.207292770006127],[-111.03479026732671,32.207291345563426],[-111.03502435325986,32.207289436646946],[-111.03529547830098,32.207287224569619],[-111.03544722341745,32.207285986259059],[-111.03559132793271,32.207278828986773],[-111.03570960739268,32.2072729534787],[-111.03571318692492,32.207272775507889],[-111.03575523626614,32.207267914512322],[-111.03592469830234,32.207248325887697],[-111.03607308780612,32.207219727032488],[-111.03620856734089,32.207174375797422],[-111.03630683149113,32.207131652957031],[-111.03630918128277,32.207130631307258],[-111.03632791968273,32.207119760301936],[-111.03635682675231,32.207102989950201],[-111.0363850532693,32.207086614366105],[-111.03646494444534,32.207040264356145],[-111.03646689006389,32.20703913617853],[-111.03659307350716,32.206953416804815],[-111.03666810525303,32.20690244610455],[-111.0367341692962,32.20685756706677],[-111.03674167736563,32.206852467138383],[-111.03674678204766,32.206848999036936],[-111.0367475305011,32.20684849110188],[-111.03674908649889,32.206847397183367],[-111.03675948825962,32.206840088057106],[-111.0367768839774,32.206827863904984],[-111.03679670926014,32.206813932350116],[-111.03682407419639,32.206794703576534],[-111.03685548768735,32.206772629724064],[-111.03690908549797,32.20673496599855],[-111.03692270066759,32.206725398478056],[-111.036923844431,32.206724594785236],[-111.036925587428,32.206723467895969],[-111.03692976186949,32.206720768892069],[-111.03694658771764,32.206709889895656],[-111.03696911752264,32.206695323300941],[-111.03698925217434,32.206682304720843],[-111.03701341288992,32.206666683496543],[-111.03704677207745,32.206645115534336],[-111.03710924980703,32.206604720518605],[-111.03713968340188,32.206592421078859],[-111.03717632935913,32.206577610850047],[-111.03719086358177,32.206571736394565],[-111.03720297418069,32.206566842508046],[-111.03720955179919,32.206564183659026],[-111.03721047573512,32.206563847388651],[-111.03724587176313,32.206550951157062],[-111.0373352447474,32.206518388857845],[-111.03736283835332,32.206508335922813],[-111.03743536453516,32.20649192007776],[-111.03753746412323,32.20646881079211],[-111.03757840299396,32.206464994806204],[-111.03768936079176,32.206454652041138],[-111.03776562441993,32.206447543675509],[-111.03781287298919,32.206449401632291],[-111.03783938927457,32.206450444497278],[-111.0378589276505,32.20645121249381],[-111.0378716026226,32.206451710930153],[-111.03787188466673,32.206451721908927],[-111.03787497757169,32.206451846216154],[-111.03791763361447,32.206453556777369],[-111.03797906977374,32.206456020112071],[-111.03802793927107,32.206464813543811],[-111.03806827419055,32.206472071344372],[-111.03811692865519,32.206484256853109],[-111.03819429753574,32.206503633788188],[-111.03819502449852,32.206503815598978],[-111.03819917618222,32.206505244995633],[-111.03821555033964,32.206510881603464],[-111.03824047632277,32.206519461695038],[-111.03831470138695,32.206545010517772],[-111.03835894933447,32.206563747815231],[-111.03842552254575,32.206591938099727],[-111.03846265344335,32.206612851652295],[-111.03854265874192,32.206657913818397],[-111.03862087271766,32.206701966966079],[-111.0386370323161,32.206711063273005],[-111.03863727289573,32.206711194808001],[-111.0386767934838,32.206731908453605],[-111.03868941187815,32.20673852175959],[-111.03870912046145,32.206748852063562],[-111.03872698315308,32.206758214503125],[-111.03873923005244,32.206764633133631],[-111.03874260945329,32.206766404356443],[-111.03874496321149,32.206767726557999],[-111.0387789634422,32.206786829038599],[-111.03882176787106,32.206810876979702],[-111.03886279346568,32.206810853398032],[-111.03896848075303,32.206810792620246],[-111.03899609244012,32.206810776879053],[-111.03906308666903,32.206810737803416],[-111.03907232875103,32.206810732514583],[-111.03908009855142,32.20681072782763],[-111.03908978295779,32.206810722000455],[-111.03909916505388,32.206810716779692],[-111.03911062193092,32.206810709726277],[-111.03912398810206,32.20681070239651],[-111.03914185810849,32.206810692055733],[-111.03915662231607,32.206810683603912],[-111.03917909691937,32.206810670946894],[-111.03919824085803,32.206810659519618],[-111.03921209603084,32.206810651065204],[-111.0392346947387,32.206810638357773],[-111.03925403490587,32.20681062738204],[-111.03926864212937,32.206810618729513],[-111.03929325303163,32.206810604644538],[-111.03931025642956,32.20681059457889],[-111.03932614606178,32.206810585800582],[-111.03934555730126,32.206810574402184],[-111.0393685643933,32.20681056089731],[-111.03938843917024,32.20681054910149],[-111.03941940698843,32.206810531303937],[-111.03944056311349,32.206810519372262],[-111.03946309606216,32.206810506167699],[-111.03948448872896,32.206810494066197],[-111.03951459205989,32.206810476560285],[-111.03954643497303,32.206810458490004],[-111.03957298063496,32.206810443343684],[-111.0395915549643,32.206810432414422],[-111.03961152839084,32.206810420366054],[-111.03963790752285,32.206810404952684],[-111.03966771702943,32.206810388077635],[-111.03968912879733,32.206810375172111],[-111.03971204148456,32.206810361851723],[-111.03973648904049,32.206810347449277],[-111.03976942026523,32.206810327853056],[-111.03979082247903,32.206810315765892],[-111.03981815202079,32.206810299691909],[-111.0398427565616,32.206810285455809],[-111.03986570849341,32.206810272379734],[-111.03990226951242,32.206810250866525],[-111.03992978785854,32.206810235175887],[-111.03995441997667,32.206810221109279],[-111.03997973838543,32.206810206385697],[-111.04000685259946,32.206810190581507],[-111.04004554567564,32.206810167577295],[-111.04007283809599,32.206810151190865],[-111.0401070612773,32.206810131445927],[-111.0401500990759,32.206810106066079],[-111.04018444318008,32.206810086236693],[-111.0402133160777,32.20681006905275],[-111.04023760452147,32.206810055254024],[-111.04027364578263,32.206810034539537],[-111.04030335347051,32.206810016808774],[-111.04033993782663,32.206809995330715],[-111.0403746436386,32.20680997525124],[-111.0404026021902,32.20680995890141],[-111.04043239048792,32.206809941699007],[-111.04046101729938,32.20680992455663],[-111.04048792891486,32.206809909048808],[-111.04051586837537,32.2068098925416],[-111.04054494598823,32.20680987579874],[-111.04058253378734,32.206809853989284],[-111.04062231729063,32.206809830247948],[-111.04064849912973,32.206809815060303],[-111.04068256108755,32.206809794944313],[-111.04071288611749,32.206809776885422],[-111.040761111918,32.206809748462639],[-111.04080606114623,32.206809721672329],[-111.04085468153424,32.206809693241894],[-111.04092249677832,32.206809653457],[-111.04098619323602,32.206809615770837],[-111.04105365632086,32.206809576181989],[-111.04111544453727,32.20680953964424],[-111.04117641811673,32.206809503748019],[-111.04123124586549,32.206809471261039],[-111.04127832184234,32.206809443697658],[-111.04132221034962,32.206809417496004],[-111.04138321788069,32.206809380833292],[-111.04144284964909,32.206809345439353],[-111.04148960105233,32.206809317354057],[-111.0415400278584,32.206809287636808],[-111.04160656388363,32.206809247648764],[-111.04167446505791,32.206809207153363],[-111.04172423528169,32.206809177327791],[-111.04177445419434,32.206809146980177],[-111.04182097542258,32.20680911898318],[-111.04187281723905,32.206809088102389],[-111.04191850686,32.206809060628323],[-111.0419747655332,32.206809026897041],[-111.0420327086361,32.206808992167737],[-111.04208022270168,32.206808963728975],[-111.04214444104569,32.2068089254619],[-111.04220714362143,32.206808887500422],[-111.04225985523293,32.206808856163967],[-111.04231992615331,32.206808819786126],[-111.04238736591999,32.206808779324149],[-111.04244663917427,32.206808743683006],[-111.04252215635275,32.206808698578065],[-111.04255598602285,32.206808678154822],[-111.04262982513733,32.206808634009533],[-111.04267595284648,32.206808605682909],[-111.04273813354634,32.206808568359563],[-111.04282249080555,32.206808517444408],[-111.04289501145207,32.206808473049776],[-111.04298821515462,32.206808416426242],[-111.04305132717572,32.206808378169875],[-111.04310733446948,32.206808344001161],[-111.04317384292783,32.206808303899457],[-111.04324287166739,32.206808262235164],[-111.04332524220271,32.206808211688887],[-111.0543593318003,32.206801002614064],[-111.05437090646592,32.206800992275269],[-111.05438314622782,32.206800979256819],[-111.05440210999225,32.206800955279576],[-111.05441921429947,32.206800933047568],[-111.05873136503736,32.206795354227587],[-111.05879704741621,32.203112922022754],[-111.05463093184038,32.203098330893177],[-111.05441009060407,32.203097426572612],[-111.05444733096043,32.199577755424684],[-111.04602154418652,32.19952044968322],[-111.04601810901924,32.199520426030304],[-111.04609935769983,32.192197235793451],[-111.04608929607572,32.191704873918603],[-111.04606998146176,32.190805108777141],[-111.04604366391733,32.189431385592719],[-111.04603813332913,32.189227076626295],[-111.04603572942227,32.189140043497829],[-111.04602175534207,32.18835842855367],[-111.04600331084582,32.187537096431903],[-111.04600103208891,32.187436920746684],[-111.04595122302199,32.185008181270589],[-111.04282060069404,32.1849807488734],[-111.04037386807265,32.185010893623428],[-111.03801245538401,32.185033852314483],[-111.03682692153133,32.185043134258471],[-111.03620102414803,32.185047712227856],[-111.03487104305083,32.185057344577963],[-111.03386127508854,32.185065591080637],[-111.03308706305613,32.18507358510977],[-111.03223183514746,32.185082295711325],[-111.03119010137033,32.185095365664971],[-111.02889424853679,32.185127975868227],[-111.02886596203447,32.185128378839167],[-111.02023754564246,32.185129279435657],[-111.01982966988713,32.185129308001976],[-111.01922947371459,32.185129346046679],[-111.01860240884383,32.185129361808009],[-111.01795332338476,32.185129389336055],[-111.01730383505162,32.185129411569037],[-111.01660081096843,32.185129478763308],[-111.015968897481,32.185129532633248],[-111.0159679054923,32.185009501151605],[-111.01595931074331,32.183969472633798],[-111.01595402948143,32.183336352507474],[-111.01592987989082,32.179736631075954],[-111.01591667121849,32.177856875039879],[-111.01491307372898,32.17798501701175],[-111.01390509963178,32.178085630871578],[-111.01289375985401,32.178158554203605],[-111.01188027023539,32.178203707254916],[-111.01187410699343,32.177744270469447],[-111.01163013329051,32.177739776291176],[-111.01163432085053,32.176601718509808],[-111.01163552907158,32.17590774142063],[-111.01164505094462,32.174168938578681],[-111.00739459125948,32.174138886075703],[-111.00736631415866,32.174138682816846],[-111.00504731854431,32.174169752445565],[-111.00416497748139,32.174173011511385],[-111.00313074476956,32.174175511193113],[-111.00254251468139,32.174198233901386],[-111.00231506900201,32.174198308088116],[-111.0027332187867,32.172719557522591],[-111.00310303390148,32.172014327110894],[-111.00349738960087,32.17131872296823],[-111.00391648027318,32.170633517335951],[-111.00409665735118,32.170369558231023],[-111.00415670818614,32.170302645857369],[-111.00423598630165,32.170191375517085],[-111.00437291226072,32.170010942362467],[-111.00447880231511,32.169884316102078],[-111.00459757331703,32.169742063601632],[-111.00482580495492,32.169479480622428],[-111.00514790011043,32.169810884715517],[-111.00519970564625,32.169882210879862],[-111.00521702733728,32.169927690849285],[-111.00522371766534,32.169965707277093],[-111.00522747316434,32.170257965484979],[-111.00523126333417,32.170506071813335],[-111.00639110069187,32.170502482417355],[-111.0067683973317,32.170499269819409],[-111.00686681774448,32.170498431922823],[-111.00738677707403,32.170493580267042],[-111.00743323814807,32.170493140427119],[-111.00903210372483,32.170478078909156],[-111.00907775690416,32.170477633570435],[-111.01064814503032,32.170462347308657],[-111.01166766423057,32.170452550500663],[-111.01167079412387,32.169870428763069],[-111.01167688589855,32.16868238894363],[-111.01167933331159,32.168210214207704],[-111.01168691519567,32.166850899587835],[-111.00980841429718,32.166841485893556],[-111.0086336155008,32.166830826484563],[-111.00866680032034,32.166661841164093],[-111.0086302774374,32.166678673362476],[-111.00859295777381,32.166694382454459],[-111.00855504380569,32.166708971696409],[-111.00851653449187,32.166722439276633],[-111.00847763317668,32.166734700979795],[-111.00843813650938,32.166745841922072],[-111.00839824889462,32.166755777895908],[-111.00835796736342,32.166764594554103],[-111.00766876964134,32.166769694659521],[-111.00766351945288,32.166769571262535],[-111.00765847346807,32.166769277081613],[-111.0076532266917,32.166768810108643],[-111.00764818220806,32.166768258012603],[-111.00764314133701,32.166767448918662],[-111.00763810026559,32.166766553246667],[-111.00763306109631,32.166765572815457],[-111.00762802343723,32.166764333567549],[-111.00762318912223,32.166763010105988],[-111.00761815507602,32.166761513860003],[-111.00761352474666,32.166759934840101],[-111.00760869469509,32.166758182134032],[-111.00760406884741,32.166756258644135],[-111.00759944279056,32.166754249478025],[-111.00759502092866,32.166752070429887],[-111.00759060077759,32.166749719142921],[-111.00758618147756,32.16674728218738],[-111.00758216695459,32.16674476246574],[-111.00757795270957,32.166742069057868],[-111.00757394074853,32.166739291428868],[-111.00757013192231,32.166736343910316],[-111.00756632501631,32.166733309829056],[-111.00756272039429,32.166730191526675],[-111.00755931805621,32.166726989003266],[-111.00755591848923,32.166723614248681],[-111.0075527212062,32.166720155273076],[-111.00754952392342,32.166716696297371],[-111.00754673226842,32.166713068887312],[-111.00754394147347,32.166709354906985],[-111.00754135296245,32.166705556705608],[-111.00753876636267,32.166701672843388],[-111.00753638120484,32.166697789526822],[-111.00753440166578,32.166693738677729],[-111.00753242213584,32.166689686926851],[-111.00753044260607,32.166685635175931],[-111.00752886870391,32.166681414990741],[-111.00752729480192,32.166677194805487],[-111.00752612483465,32.166672976621115],[-111.00752495570943,32.166668673670074],[-111.00752398802598,32.16666437126473],[-111.00752322282655,32.166660071216306],[-111.00752245848702,32.166655684597657],[-111.00752209807311,32.166651300881632],[-111.00752194014315,32.166646919522535],[-111.00752178116197,32.166642537254027],[-111.00752182552452,32.166638070772251],[-111.007522071529,32.166633691413963],[-111.00752644307781,32.166051149373459],[-111.00735516270527,32.16605163643959],[-111.00735269565813,32.166055998932563],[-111.0073498263809,32.166060188087265],[-111.00734655490047,32.166064201198274],[-111.00734308368143,32.166068042426303],[-111.00733941169055,32.166071709058421],[-111.00733533918054,32.166075030113461],[-111.00733106502969,32.166078264044486],[-111.00732659286925,32.166081152050289],[-111.00732171933865,32.166083780147311],[-111.00644355944699,32.166405603252223],[-111.00596404060809,32.166408251527947],[-111.00630446884516,32.163209894486549],[-111.00632859304221,32.163132360314115],[-111.00424787848746,32.163142424388901],[-111.00286006174427,32.163151132408451],[-111.00169020501991,32.163156166458279],[-111.00125390675426,32.163162208332665],[-110.99520775441142,32.16316035860018],[-110.99458249112907,32.163177578993022],[-110.99349503987953,32.163162262973167],[-110.99243900201505,32.163166579108371],[-110.99138295975077,32.163181194379881],[-110.99076303983375,32.163188512057495],[-110.99014340695315,32.1632078989701],[-110.98964642438558,32.163221570202481],[-110.98905467876773,32.163245562472802],[-110.98833905873958,32.163272971935704],[-110.98771814924342,32.163278804641642],[-110.98631341863972,32.163291851333838],[-110.98580758608489,32.163232293617106],[-110.9858078834185,32.163342247584261],[-110.98577535957286,32.164475029160862],[-110.98576265738258,32.16572408838605],[-110.98577524682068,32.167981542470919],[-110.9857763844942,32.170907898614708],[-110.98577918231477,32.171943440549668],[-110.98577364732535,32.173559515463083],[-110.98578318126695,32.177784733501852],[-110.98578591516227,32.17783619420095],[-110.98578844087938,32.177883728588426],[-110.98577888881826,32.180291681164853],[-110.98575659196547,32.180636489858749],[-110.98572726074295,32.180997912628364],[-110.98568210665788,32.181385502825272],[-110.98516596735398,32.182199466663199],[-110.9850582028154,32.182565462758241],[-110.98502921594739,32.182734040762625],[-110.9849019697596,32.183287242587781],[-110.98483219005108,32.183493747775657],[-110.98475838547988,32.18369901931279],[-110.98468034748703,32.183903228806948],[-110.98459807604726,32.18410637624995],[-110.98451177964456,32.184308292723564],[-110.9844210523129,32.184508541445723],[-110.98432670221938,32.184707734395623],[-110.98422791938722,32.184905432713968],[-110.98412552045332,32.185101729889311],[-110.98401848596284,32.185296450654356],[-110.98390782931872,32.185489423908344],[-110.98379315283279,32.185680649413882],[-110.98164791250363,32.189179126752826],[-110.98004893356472,32.191717646766762],[-110.97945717917584,32.192683840819832],[-110.97939638151828,32.192780971907133],[-110.97933397902081,32.192876974600658],[-110.9792693605287,32.192972186161477],[-110.979202733679,32.19306652515705],[-110.97913389432006,32.193159732147095],[-110.97906344923824,32.193251895497212],[-110.97902623495015,32.193299008962661],[-110.97899139754354,32.193343101773806],[-110.97891713510553,32.193433002896789],[-110.97884126834292,32.193522033532766],[-110.9787633912612,32.193609760494496],[-110.97868370712672,32.193696528883414],[-110.97860222209832,32.193781738122723],[-110.97851933087442,32.193865991756248],[-110.97843443250581,32.193948941725132],[-110.97834792926648,32.194030763259889],[-110.97832447219989,32.194052320609579],[-110.97787861115118,32.194462188545828],[-110.97784638116313,32.19449218583437],[-110.9778149513091,32.194522961923312],[-110.97778392461805,32.194553824867619],[-110.97778127169045,32.194556553949077],[-110.97775349759215,32.194585468732157],[-110.97772387280646,32.194617376469175],[-110.97769464906898,32.194649886893849],[-110.97766663161828,32.1946826641922],[-110.97763901519768,32.194716045982666],[-110.97763574048714,32.194720144832829],[-110.97761200147569,32.194749603590047],[-110.97758579230697,32.194783509861537],[-110.97756018228131,32.194817938227217],[-110.97753886663807,32.194847498836907],[-110.97753517955869,32.194852713792976],[-110.97751117775272,32.194887926058193],[-110.97748757644591,32.194923484890253],[-110.97746498014618,32.194959392073677],[-110.97745975032183,32.194967975628394],[-110.9774664338215,32.197286162958846],[-110.97846986118884,32.199572774701522],[-110.97850884825392,32.199573751167172],[-110.97854843103035,32.199575589680464],[-110.9788149693304,32.199571984578128],[-110.97903179377808,32.199569638980229]]]},"properties":{"OBJECTID":22,"AREA_SQMI":7.88162611,"TEAM":"South","SECTOR":1,"TMSECT":"South 1","INITIALS":"ODS","AREA_SF":219727125.21700001,"AREA_ACRE":5044.2407074700004,"Shape_Leng":87170.534406000006,"TEAM_NU":1,"Shape.STArea()":233760273.80197886,"Shape.STLength()":89895.734618055692}},{"type":"Feature","id":23,"geometry":{"type":"Polygon","coordinates":[[[-110.91168792224107,32.123414530751155],[-110.90976588575496,32.123418655635007],[-110.90975384719691,32.123417206239466],[-110.90974043385837,32.12341559169537],[-110.90948988158554,32.123385433589263],[-110.90929723727668,32.123362245193121],[-110.90911880861401,32.123340766782533],[-110.90058805945543,32.123244844347376],[-110.90059591591657,32.125851266240893],[-110.90059906647687,32.126933194264417],[-110.90061002152328,32.130625837106749],[-110.90444629423743,32.130619977202251],[-110.90792621862035,32.130614512169728],[-110.90897755992414,32.130612821172797],[-110.90921837056243,32.130612432806231],[-110.90986435273079,32.130601509673689],[-110.90987131920585,32.13266924896157],[-110.90988500997602,32.134069604345456],[-110.90988939313931,32.134479293075856],[-110.90879091961703,32.134489964201514],[-110.90819079812826,32.134495750237726],[-110.90709070952632,32.134506394633142],[-110.90273730396169,32.134539199925342],[-110.90129967405186,32.134546058943101],[-110.90086656020159,32.134548768697201],[-110.89883450793728,32.134557269841252],[-110.89854432068036,32.13456198028716],[-110.89751917738174,32.134569020168861],[-110.89626304096819,32.134577540127744],[-110.8962654077597,32.134691376332668],[-110.89753915147203,32.135478166947777],[-110.89854338249259,32.136100341721679],[-110.89911770705376,32.136454912994985],[-110.89966636853345,32.136793556622386],[-110.90043002234249,32.137263718162707],[-110.90118846150155,32.137731427241029],[-110.90119741325526,32.138381240753674],[-110.90120103120597,32.139075077477152],[-110.90120535839732,32.14028792319489],[-110.9012080272614,32.140466099975832],[-110.90299733624529,32.140454844689536],[-110.90403773274519,32.140443845790237],[-110.90580528330102,32.140428082187697],[-110.9058057776586,32.141023883247414],[-110.90580276162621,32.142797935562818],[-110.90506616700688,32.142796431259697],[-110.90488242194883,32.142796078933365],[-110.90345284733164,32.142793146571385],[-110.90437841992265,32.143381317199626],[-110.90448910208025,32.143451866899568],[-110.90542270840943,32.14404516252128],[-110.90561059123867,32.144164775226351],[-110.90608281339895,32.144464984267543],[-110.90649708909112,32.144728223033603],[-110.90693763497951,32.14500816180238],[-110.90748486635589,32.145355608504737],[-110.90772148821313,32.145505671028133],[-110.90817987795792,32.145797945922659],[-110.90772063661018,32.146187961748076],[-110.90866133106933,32.146783866857525],[-110.90865182921362,32.147353732504932],[-110.90900004259076,32.147493085763472],[-110.90899940674683,32.148799091782777],[-110.90901900718252,32.14916500604955],[-110.90900936455216,32.152372575490297],[-110.90890597871982,32.152371752184919],[-110.90890536048654,32.152538047955474],[-110.90908951589516,32.15253960008323],[-110.90908408431504,32.154299715686079],[-110.90950057285335,32.15434821384283],[-110.90990109932406,32.154342296303781],[-110.91075088003514,32.154876818643089],[-110.91126114226454,32.15519517816081],[-110.91128801724042,32.155212142247507],[-110.91269486786534,32.156089862717728],[-110.91313958279191,32.156088236525527],[-110.91342839628977,32.156086145655429],[-110.91392435074583,32.156089647627645],[-110.91434599358422,32.156092559030952],[-110.91460124098373,32.1560943227488],[-110.91482034073911,32.156095886330583],[-110.91500995921209,32.156097215258406],[-110.9152070487187,32.156098603933714],[-110.91541867843968,32.156100020781871],[-110.91562101827239,32.156101449455434],[-110.91584940989897,32.156102826842229],[-110.9160543735553,32.156104447824923],[-110.91606386293114,32.155790475554184],[-110.91644735192504,32.155643957275849],[-110.91614580218176,32.154982039034444],[-110.91608049422325,32.154767376226886],[-110.91637806873048,32.154425101434384],[-110.91665539524486,32.154105944787339],[-110.91694499121034,32.153772624711173],[-110.91715277972591,32.153533404818724],[-110.91726115161423,32.153410565930663],[-110.91652365220509,32.152947669661593],[-110.91726156745813,32.15209553842238],[-110.91230971156969,32.149003561685156],[-110.90950059953246,32.147220646375722],[-110.90950252534867,32.14587006829926],[-110.90950382369454,32.14586217590427],[-110.90950508709236,32.145857462178363],[-110.90950592590731,32.145854633503461],[-110.90950779734375,32.14584966669333],[-110.90950986272455,32.145845474294077],[-110.90951253532015,32.14584120015153],[-110.90951500168724,32.145837268866373],[-110.90951827381475,32.145833515341046],[-110.90952031842461,32.145831212108092],[-110.90952317539775,32.145828486069348],[-110.90952582709427,32.145826016320015],[-110.90952908411194,32.145823637061547],[-110.90953213880651,32.145821341866693],[-110.90953701866664,32.145818288328904],[-110.90953986147188,32.145816850890654],[-110.90954310905084,32.145815330097953],[-110.9095491956575,32.145812715433479],[-110.90955486993573,32.145810871256806],[-110.90955810995999,32.145810037597272],[-110.90956458716308,32.145808629080264],[-110.90956782435185,32.145808053321019],[-110.9095738873432,32.145807586624151],[-110.90957772595794,32.145807359247478],[-110.90958095747608,32.145807299288983],[-110.90958640772007,32.14580751400738],[-110.90959165173621,32.145808071583176],[-110.90959769962944,32.145808978250614],[-110.90960092265192,32.145809691091472],[-110.90960515186445,32.145810669862058],[-110.9096105841658,32.145812516747164],[-110.90961420345675,32.145813919934682],[-110.90962063155965,32.145816977783241],[-110.90962765259381,32.14582115681393],[-110.91015768396596,32.146154882702994],[-110.91046298786524,32.146156108313519],[-110.910622119876,32.146155053920261],[-110.91080063825925,32.146153895488659],[-110.91097996522306,32.146152658458654],[-110.91123118320124,32.14615104632356],[-110.91147511821637,32.146150664557219],[-110.91147541820371,32.145828888861871],[-110.91147585092872,32.145642233482441],[-110.91147627768777,32.145474474981363],[-110.91147680696038,32.145315823962612],[-110.91147726585805,32.145145231258738],[-110.91256777135955,32.1451362788344],[-110.91256303961013,32.144333598583103],[-110.91255864852394,32.143610463217001],[-110.91255604069458,32.14318515586735],[-110.91255451131154,32.142937753794051],[-110.91255338678666,32.142690354923474],[-110.91255185738177,32.142442952831395],[-110.91254992428101,32.142195633201069],[-110.91254822363305,32.1419086303802],[-110.91254735969495,32.14163735308113],[-110.91254661990939,32.141557461310384],[-110.9131928150057,32.141552622010138],[-110.91485979683063,32.141540143601176],[-110.91525316850796,32.141537157583073],[-110.91570207208794,32.141533750995706],[-110.91740762346963,32.141520942517275],[-110.91792940960545,32.141518532698441],[-110.92621236896009,32.141404952271245],[-110.92631976118496,32.148804395345792],[-110.92629718358458,32.163191416728154],[-110.93055405676523,32.163206313872756],[-110.93131743646467,32.163211700515603],[-110.93345494108225,32.163194773385293],[-110.93349717588417,32.163195689586153],[-110.93473855308623,32.163222578464818],[-110.93545919218255,32.163225742508892],[-110.93549192529902,32.163225889044028],[-110.93564479313163,32.163226884171003],[-110.93697924526616,32.163235570374951],[-110.93858177484043,32.163262485019416],[-110.94013074483756,32.163274450126018],[-110.94330851191154,32.163292865578306],[-110.94336667836238,32.163293200328987],[-110.9433668587418,32.163243726387051],[-110.94337811553326,32.160165690285893],[-110.94338946108361,32.15963037036267],[-110.94339692609549,32.158091837868419],[-110.94340724762168,32.156437065558933],[-110.94340612020052,32.155973114128813],[-110.9434159768703,32.155178574316082],[-110.94342335555145,32.154446294950532],[-110.94342404172842,32.153716797583733],[-110.94343070635492,32.152842480322484],[-110.94343213002347,32.152100404280851],[-110.94343975311757,32.151383033730703],[-110.94344436930166,32.150644544311746],[-110.94346044502988,32.148675466143601],[-110.94345412423961,32.145280786884406],[-110.94344677310652,32.141332917698101],[-110.94343957787655,32.137713994951483],[-110.94343807746691,32.136486434586736],[-110.94343602849665,32.134187686889852],[-110.94343597893112,32.134130274812456],[-110.94343856191014,32.133933047194731],[-110.93912508973723,32.133951070645359],[-110.93911477444196,32.132268043729319],[-110.93910413392592,32.13053974447655],[-110.93935307427078,32.130539432786293],[-110.93936090461891,32.126831973143211],[-110.93936040951597,32.126726913636311],[-110.93911090452879,32.126724300060644],[-110.93911061144054,32.126751785733781],[-110.93692886651554,32.12672796230467],[-110.93692411494209,32.126114686772667],[-110.93691507094387,32.124996288066029],[-110.9369131727623,32.124777142759029],[-110.93690915512941,32.124303030416165],[-110.93690748029614,32.12411970771209],[-110.93555496398507,32.123281159478232],[-110.93555672866712,32.123116245522581],[-110.93474604845136,32.123109960646168],[-110.9347504637372,32.122697675837721],[-110.93474998984692,32.122383708140973],[-110.93474856594214,32.119556991230063],[-110.92620473144818,32.119559929154072],[-110.92620473124568,32.119559849791045],[-110.92620479403716,32.119479276767059],[-110.92606345141527,32.119478098846294],[-110.92603604498346,32.119477869988344],[-110.92376190137755,32.119497903644024],[-110.92354889278189,32.119499777238886],[-110.91197931027288,32.119601043332516],[-110.91221361585443,32.119765737333481],[-110.91746695361694,32.123189517269836],[-110.91768724397517,32.123352574685079],[-110.91777498575291,32.123369986073854],[-110.91771732956758,32.123370593518146],[-110.9174926698432,32.123386171940439],[-110.91551313632137,32.123395874309253],[-110.91344618428606,32.123405969496019],[-110.91168792224107,32.123414530751155]]]},"properties":{"OBJECTID":23,"AREA_SQMI":4.4600028500000004,"TEAM":"South","SECTOR":7,"TMSECT":"South 7","INITIALS":"ODS","AREA_SF":124337743.398,"AREA_ACRE":2854.4018227299998,"Shape_Leng":74931.047215500002,"TEAM_NU":1,"Shape.STArea()":136728139.99787503,"Shape.STLength()":83433.360695666881}},{"type":"Feature","id":24,"geometry":{"type":"Polygon","coordinates":[[[-110.89641678881485,32.163277505109392],[-110.8965866722542,32.163282534544344],[-110.89669654768251,32.1632820460052],[-110.89685489081299,32.163281948056444],[-110.89701000276851,32.163281823868388],[-110.89717804232265,32.163281545739395],[-110.89733961664935,32.163281473220692],[-110.89750765334306,32.163281452552667],[-110.89783080489525,32.163281048568024],[-110.89797622046838,32.163281103033157],[-110.89815072241723,32.163280875644752],[-110.89833814909809,32.163280752045203],[-110.89852234459455,32.163280603067228],[-110.89860959605907,32.163280445742686],[-110.89901679851543,32.163277107729414],[-110.8993496494237,32.163276262937472],[-110.89940129967293,32.163281058403705],[-110.90011580742505,32.163285684871276],[-110.90011647226898,32.164644438919971],[-110.90094525087225,32.164654015512546],[-110.90095333009016,32.165345652336342],[-110.90156934663722,32.165345356877225],[-110.90156837714686,32.165232391865537],[-110.90218086038783,32.165241084224867],[-110.90218156449984,32.165560204400819],[-110.90299203270742,32.165564381250476],[-110.90298156708221,32.164649130237144],[-110.90377928297082,32.164655089993936],[-110.90378433215601,32.164928890428477],[-110.90501547577917,32.164935219335462],[-110.9050121419927,32.16465206986561],[-110.90510585450288,32.164652217661668],[-110.90579096498823,32.164649705238986],[-110.90581035241217,32.164649860144792],[-110.9064372940576,32.164647480057724],[-110.90652777440172,32.164647687566621],[-110.90654758978032,32.165487593672182],[-110.90725528012257,32.16548937592119],[-110.90726859360271,32.166040352623931],[-110.9078631960783,32.166040972170386],[-110.90788910413566,32.166035938244846],[-110.90791183578811,32.166025898201809],[-110.90793141093768,32.166009045844035],[-110.90794462667614,32.165982780020286],[-110.90794561500817,32.165599850912102],[-110.90794550356213,32.165023467695782],[-110.90794299362427,32.164664733691289],[-110.90781696674097,32.164664502572919],[-110.90781500112104,32.164549639331462],[-110.9078126549531,32.16446930578342],[-110.90780677400355,32.16342687484633],[-110.90810483523728,32.162917464728508],[-110.9080665272148,32.160839950542318],[-110.90806011401439,32.160670506591188],[-110.90804865265963,32.160500936719814],[-110.90803343433073,32.160324034801981],[-110.90799656912208,32.160132272256121],[-110.90797234337518,32.159984762100763],[-110.90793071099621,32.159822338534788],[-110.90788471754331,32.159652578992073],[-110.90783484708868,32.15948639672758],[-110.90777609047244,32.159320229259805],[-110.9077169697477,32.159168746915164],[-110.90764076623988,32.159009741447917],[-110.90755491649173,32.158828153910001],[-110.90747675543938,32.15868184578548],[-110.90737437384199,32.158497720191022],[-110.90729556234247,32.158373826185091],[-110.90719686573955,32.158240153697314],[-110.90708160894023,32.158088223179078],[-110.90697927429443,32.157954864189556],[-110.90685109315062,32.157802831231137],[-110.90672682869402,32.157680292095854],[-110.90658564398109,32.157535541945322],[-110.90646150109177,32.157420305617165],[-110.90632831172657,32.15730138872442],[-110.90616318131302,32.157167184056618],[-110.9060198693797,32.157050591175867],[-110.90587227397593,32.156937829147736],[-110.90571458228742,32.156825072859874],[-110.90555542475876,32.156717028434876],[-110.90540902921261,32.156623774765833],[-110.90525007323724,32.156534114414676],[-110.90491875455399,32.156343604272863],[-110.8964286124901,32.151475914571549],[-110.89601585576619,32.151239371049833],[-110.89219041651853,32.149206926676641],[-110.89218300567948,32.149923694200858],[-110.89242938670361,32.150084601208626],[-110.89239678949379,32.152475763930241],[-110.89239597200208,32.15254885752492],[-110.89235434072636,32.155981985806768],[-110.89231822449722,32.159318692262481],[-110.89231260108994,32.159460293689094],[-110.89229055148425,32.162838858571767],[-110.8922892894394,32.162962444309869],[-110.89233879712981,32.162985276226379],[-110.89237478493709,32.163000086961596],[-110.8924609562813,32.163024234713774],[-110.89260839319253,32.163042005506824],[-110.89281735713286,32.163048507040386],[-110.89332459770256,32.163057336400016],[-110.89641730976764,32.163057057282643],[-110.89641678881485,32.163277505109392]]]},"properties":{"OBJECTID":24,"AREA_SQMI":0.65818717999999998,"TEAM":"South","SECTOR":7,"TMSECT":"South 7","INITIALS":"ODS","AREA_SF":18349205.593600001,"AREA_ACRE":421.23979782999999,"Shape_Leng":20558.886790799999,"TEAM_NU":1,"Shape.STArea()":18349278.990649499,"Shape.STLength()":20558.886790778481}},{"type":"Feature","id":25,"geometry":{"type":"Polygon","coordinates":[[[-110.92637977823304,32.177988654450544],[-110.92644149192508,32.177991275826678],[-110.93198859446849,32.177944866315755],[-110.93443177770794,32.177948086510298],[-110.94137044025821,32.177901164196371],[-110.94150940072581,32.177900256965167],[-110.94445133400264,32.177882642092626],[-110.94521021948555,32.177880827920383],[-110.94551608808932,32.177882656311581],[-110.94068812553162,32.175150847329412],[-110.92631850161747,32.167040348032522],[-110.92632135007649,32.167553463597649],[-110.92612260505348,32.167441441819349],[-110.92211400642464,32.16518898529656],[-110.92195335376417,32.16510388476275],[-110.92195303207274,32.166917727407096],[-110.91959394646837,32.166918741809781],[-110.91738526417112,32.1669075857168],[-110.91738727270831,32.167167618152618],[-110.9173851905077,32.168542329512412],[-110.91738505231272,32.168739981800805],[-110.91782258375866,32.168735963653056],[-110.91977147963379,32.168717835998073],[-110.92081527737469,32.168720816404146],[-110.92081523052174,32.16905925824738],[-110.92081531297694,32.169645691816733],[-110.92081544977893,32.169892996417843],[-110.92130014299899,32.169898872571039],[-110.92131306270642,32.170493824761508],[-110.92131747706581,32.170737898388978],[-110.92153987191588,32.170736985834338],[-110.9217079203937,32.170737190292733],[-110.92197291291482,32.170738157733879],[-110.92228960241923,32.170740132510907],[-110.9224544222551,32.170740053578015],[-110.92261601062764,32.17073994903793],[-110.92280021928941,32.170740022007855],[-110.92298443168927,32.170739751142662],[-110.9231201645938,32.170739786458164],[-110.9234562672677,32.1707396769553],[-110.92362068320988,32.170739593331298],[-110.92378267555507,32.170739490471647],[-110.92394426397185,32.170739384234679],[-110.92410908386434,32.170739303145659],[-110.92428359817416,32.170739297891906],[-110.92444518660763,32.170739191014988],[-110.92460354357551,32.170739058589973],[-110.92477159496151,32.170739001979342],[-110.92493965007648,32.170738601578371],[-110.92511416441644,32.170738595178655],[-110.92567649072403,32.170738362510974],[-110.92633997695293,32.17074123880726],[-110.92637977823304,32.177988654450544]]]},"properties":{"OBJECTID":25,"AREA_SQMI":0.54187377999999997,"TEAM":"South","SECTOR":7,"TMSECT":"South 7","INITIALS":"ODS","AREA_SF":15106573.951099999,"AREA_ACRE":346.79921833999998,"Shape_Leng":23732.222407900001,"TEAM_NU":1,"Shape.STArea()":15106634.377586568,"Shape.STLength()":23732.222407883743}},{"type":"Feature","id":26,"geometry":{"type":"Polygon","coordinates":[[[-110.97745168250239,32.189448593058131],[-110.97744548730039,32.190287870181642],[-110.97745012159392,32.19247249729505],[-110.97745395053484,32.192866889872739],[-110.97745474304521,32.19292736889885],[-110.97745034509033,32.193316202789418],[-110.97745075569601,32.193492642632442],[-110.97746073601532,32.194330579305948],[-110.97746220470498,32.194502302291859],[-110.97745963827902,32.194929117641507],[-110.97745975032183,32.194967975628394],[-110.97746498014618,32.194959392073677],[-110.97748757644591,32.194923484890253],[-110.97751117775272,32.194887926058193],[-110.97753517955869,32.194852713792976],[-110.97753886663807,32.194847498836907],[-110.97756018228131,32.194817938227217],[-110.97758579230697,32.194783509861537],[-110.97761200147569,32.194749603590047],[-110.97763574048714,32.194720144832829],[-110.97763901519768,32.194716045982666],[-110.97766663161828,32.1946826641922],[-110.97769464906898,32.194649886893849],[-110.97772387280646,32.194617376469175],[-110.97775349759215,32.194585468732157],[-110.97778127169045,32.194556553949077],[-110.97778392461805,32.194553824867619],[-110.9778149513091,32.194522961923312],[-110.97784638116313,32.19449218583437],[-110.97787861115118,32.194462188545828],[-110.97832447219989,32.194052320609579],[-110.97834792926648,32.194030763259889],[-110.97843443250581,32.193948941725132],[-110.97851933087442,32.193865991756248],[-110.97860222209832,32.193781738122723],[-110.97868370712672,32.193696528883414],[-110.9787633912612,32.193609760494496],[-110.97884126834292,32.193522033532766],[-110.97891713510553,32.193433002896789],[-110.97899139754354,32.193343101773806],[-110.97902623495015,32.193299008962661],[-110.97906344923824,32.193251895497212],[-110.97913389432006,32.193159732147095],[-110.979202733679,32.19306652515705],[-110.9792693605287,32.192972186161477],[-110.97933397902081,32.192876974600658],[-110.97939638151828,32.192780971907133],[-110.97945717917584,32.192683840819832],[-110.98004893356472,32.191717646766762],[-110.98164791250363,32.189179126752826],[-110.98379315283279,32.185680649413882],[-110.98390782931872,32.185489423908344],[-110.98401848596284,32.185296450654356],[-110.98412552045332,32.185101729889311],[-110.98422791938722,32.184905432713968],[-110.98432670221938,32.184707734395623],[-110.9844210523129,32.184508541445723],[-110.98451177964456,32.184308292723564],[-110.98459807604726,32.18410637624995],[-110.98468034748703,32.183903228806948],[-110.98475838547988,32.18369901931279],[-110.98483219005108,32.183493747775657],[-110.9849019697596,32.183287242587781],[-110.98502921594739,32.182734040762625],[-110.9850582028154,32.182565462758241],[-110.98516596735398,32.182199466663199],[-110.98568210665788,32.181385502825272],[-110.98572726074295,32.180997912628364],[-110.98575659196547,32.180636489858749],[-110.98577888881826,32.180291681164853],[-110.98578844087938,32.177883728588426],[-110.98578591516227,32.17783619420095],[-110.98578318126695,32.177784733501852],[-110.98577364732535,32.173559515463083],[-110.98577918231477,32.171943440549668],[-110.9857763844942,32.170907898614708],[-110.98577524682068,32.167981542470919],[-110.98576265738258,32.16572408838605],[-110.98577535957286,32.164475029160862],[-110.9858078834185,32.163342247584261],[-110.98580758608489,32.163232293617106],[-110.98544621945983,32.163236765216951],[-110.98491196482853,32.163241163025091],[-110.98437784893282,32.163232248509118],[-110.98369539912719,32.163271368186123],[-110.98261776170163,32.163235115664243],[-110.98164175932943,32.1632139451999],[-110.98066537268366,32.163210505262661],[-110.97864470109835,32.16321813298601],[-110.97756751049285,32.163226183983276],[-110.97750288185941,32.163226666519606],[-110.97743825881425,32.163226604356332],[-110.97637707496953,32.163229819280048],[-110.97367371536885,32.163240408582851],[-110.97323122803893,32.163247676624948],[-110.97157580142282,32.163246357415908],[-110.96918591279095,32.163254585412695],[-110.9689635927941,32.163249220999305],[-110.96820932725468,32.16325207321659],[-110.96814157018844,32.163252330015062],[-110.96807969132966,32.163252544273142],[-110.96456852542161,32.163263103404574],[-110.96414890694332,32.16326583033976],[-110.96372970811971,32.163282222714635],[-110.96257151041956,32.163335757451136],[-110.96190081524719,32.163341137550354],[-110.96041861143594,32.163354369785672],[-110.96028107857661,32.163355597436194],[-110.96014354152322,32.163356008746966],[-110.95928645272038,32.163358575938545],[-110.95848297172637,32.163353782155156],[-110.95621538856363,32.163351454402509],[-110.95615727420571,32.163351391995747],[-110.95609916330223,32.163351000419794],[-110.95505586779268,32.163343927432905],[-110.95403824198651,32.163335160833178],[-110.95330551631284,32.163333327273037],[-110.95318126177989,32.163333015991455],[-110.95305700346267,32.163332460162607],[-110.95237256789433,32.163329227701446],[-110.95188437716523,32.163323048442138],[-110.95145744883055,32.16331962172346],[-110.95054828110783,32.163310706595787],[-110.94986851039418,32.163305513982884],[-110.94942796431673,32.163300857182847],[-110.94854734738749,32.163304170959798],[-110.94762695021815,32.163297213202377],[-110.94551880486263,32.163297283738281],[-110.94342484085041,32.16329330956475],[-110.94336667836238,32.163293200328987],[-110.94330851191154,32.163292865578306],[-110.94013074483756,32.163274450126018],[-110.93858177484043,32.163262485019416],[-110.93697924526616,32.163235570374951],[-110.93564479313163,32.163226884171003],[-110.93549192529902,32.163225889044028],[-110.93545919218255,32.163225742508892],[-110.93473855308623,32.163222578464818],[-110.93349717588417,32.163195689586153],[-110.93345494108225,32.163194773385293],[-110.93131743646467,32.163211700515603],[-110.93055405676523,32.163206313872756],[-110.92629718358458,32.163191416728154],[-110.92629717208311,32.163198359816647],[-110.92631850161747,32.167040348032522],[-110.94068812553162,32.175150847329412],[-110.94551608808932,32.177882656311581],[-110.9458624189368,32.177884725076076],[-110.94707126979623,32.177884766999604],[-110.94707239802419,32.177884767531481],[-110.94739087051126,32.177884775222388],[-110.94796163022927,32.177884106387715],[-110.94881662752972,32.177890651402819],[-110.9500507778011,32.177916836519266],[-110.95083886271621,32.177918907400951],[-110.95236897122903,32.177901135872894],[-110.95245634188119,32.177903921216426],[-110.95253977071346,32.177902520823373],[-110.95430598300229,32.177872877866271],[-110.95623534307025,32.177865569065119],[-110.95635148598635,32.177866128927825],[-110.95958942865472,32.17790965543648],[-110.9608237760509,32.177888324096713],[-110.96154692200383,32.17787949620881],[-110.96156303254101,32.18492803235722],[-110.96155165184041,32.184973216460641],[-110.96154935380333,32.185019325892036],[-110.96154279028114,32.185299651566034],[-110.96153882752324,32.185485680819923],[-110.96155215927926,32.185756965274287],[-110.96155831243502,32.185844370171473],[-110.96157262138793,32.185911792594112],[-110.96159437568569,32.185911901864209],[-110.96265395869658,32.186241591543514],[-110.96332071007119,32.186427007758503],[-110.96331835375094,32.186207345759826],[-110.9638383781361,32.186321130052235],[-110.965130682226,32.186672051563704],[-110.96536834361078,32.186741528088142],[-110.96601918362929,32.186884375773197],[-110.96664181946298,32.18735041982913],[-110.96693221846701,32.187496997441876],[-110.96734775595611,32.187693820439691],[-110.96735224112402,32.187689902287701],[-110.96735692508192,32.187686244452948],[-110.96736201144608,32.187682846660095],[-110.96736729572044,32.187679793949812],[-110.96737277880358,32.18767699975313],[-110.96737845995887,32.187674637215885],[-110.96738434097405,32.187672534101893],[-110.96739041989964,32.187670776070384],[-110.9673966958465,32.187669448788462],[-110.9674029692876,32.187668465084677],[-110.96740923810223,32.187667824943063],[-110.96741247199976,32.187667676966605],[-110.96741570499879,32.187667615558986],[-110.96742216832941,32.187667749745053],[-110.96742842660815,32.187668226890779],[-110.96743165426307,32.187668680387603],[-110.96743790524833,32.187669758096924],[-110.96744415372832,32.187671179384338],[-110.96744999267945,32.187673026868829],[-110.96745603149121,32.187675133776459],[-110.96746166183465,32.187677666889179],[-110.96746447566815,32.187679062397081],[-110.96746969753407,32.187682022616599],[-110.96747491584399,32.18768532550456],[-110.96747972745447,32.187688884165162],[-110.96748413149518,32.187692782462072],[-110.96748833138294,32.187696937150008],[-110.96749212441864,32.187701260131981],[-110.96749571329201,32.187705840406799],[-110.96749869490628,32.187710586569835],[-110.9675000825671,32.187713088740708],[-110.96750147129777,32.187715590017795],[-110.96750364024932,32.187720674580632],[-110.96750540535845,32.187725841786417],[-110.9675061857601,32.187728509845577],[-110.96750696615243,32.187731178806487],[-110.96750792038596,32.187736512176073],[-110.96750829587528,32.187739263771995],[-110.96750864373833,32.187744677362758],[-110.96809195728545,32.187757043133502],[-110.96861350673852,32.187764131962389],[-110.96984041701928,32.187761726693601],[-110.97051538666312,32.187760593382201],[-110.97124032658405,32.188065373780375],[-110.97158172178565,32.188243761637032],[-110.97237805954148,32.188678176052704],[-110.97308791530691,32.188683990163725],[-110.97308757872226,32.188638289195097],[-110.97440940734744,32.188620656718086],[-110.9754103768198,32.188607236798845],[-110.97593727219244,32.188605830999933],[-110.97614454182991,32.188606599738115],[-110.97745567114399,32.188588082961168],[-110.97745168250239,32.189448593058131]]]},"properties":{"OBJECTID":26,"AREA_SQMI":4.0897343700000004,"TEAM":"South","SECTOR":3,"TMSECT":"South 3","INITIALS":"ODS","AREA_SF":114015250.572,"AREA_ACRE":2617.4299947600002,"Shape_Leng":54643.701315300001,"TEAM_NU":1,"Shape.STArea()":114015706.63424329,"Shape.STLength()":54643.701315338963}},{"type":"Feature","id":27,"geometry":{"type":"Polygon","coordinates":[[[-110.94182549353425,32.206918588973046],[-110.9418221589109,32.206932886035815],[-110.94243370084413,32.207319525301429],[-110.94339253840081,32.207925723599629],[-110.94391087044229,32.208253420935741],[-110.94510073301545,32.209040915414363],[-110.94567322438004,32.209476770003889],[-110.94616560120423,32.209870882948657],[-110.94648003018882,32.210124857565972],[-110.94682804927412,32.210409432791039],[-110.94720965310519,32.210717776988531],[-110.94765912925116,32.211054276720965],[-110.94830395802596,32.211512490938922],[-110.94862944308505,32.211695391015837],[-110.94868647704092,32.211727438488673],[-110.94903609041408,32.211349130170632],[-110.94961431750913,32.210595787441846],[-110.95033518509985,32.21103772695713],[-110.95154725644248,32.211780645820575],[-110.95207729710586,32.212106382074403],[-110.95211731911276,32.212124641874631],[-110.95215058488967,32.212131767589391],[-110.95219278168472,32.21213543800328],[-110.9522950042342,32.212133875807076],[-110.95237649708906,32.212132630669075],[-110.95316026357381,32.212121770502442],[-110.9546940631348,32.212118249172008],[-110.95623204973478,32.212115635646192],[-110.95631291798465,32.212115782856635],[-110.95639369074706,32.212114518835165],[-110.95978657674797,32.21206137482406],[-110.96081280851587,32.212085610250057],[-110.96086236917556,32.212086780382492],[-110.96094303321614,32.212085968052435],[-110.96162690646666,32.212079074391291],[-110.96237104151484,32.212075166976518],[-110.96240050067632,32.21207501238942],[-110.96241672149318,32.212074751555313],[-110.96317174710138,32.212062644670446],[-110.96392209803932,32.212058854363853],[-110.9646901493353,32.21206266542611],[-110.96545620055083,32.212059102377928],[-110.96623602932999,32.2120438865674],[-110.96701465607632,32.212060820556928],[-110.96775088972055,32.212073651092133],[-110.96849916910826,32.212040235437001],[-110.96854718624053,32.212039485419879],[-110.96859669395013,32.2120391253303],[-110.96859754155101,32.212039120864951],[-110.96930809930524,32.212033960334622],[-110.97006840793777,32.212024624940597],[-110.97083041438324,32.212026804986067],[-110.97160096667933,32.212023634263304],[-110.97237726233588,32.212011911838431],[-110.97313460197711,32.212016106511918],[-110.97389739373341,32.212020852250753],[-110.97432104306344,32.212011471915744],[-110.97560395348643,32.211999038300988],[-110.97626355619145,32.211996644589789],[-110.978554105329,32.211975953788468],[-110.97958304348384,32.211928999191862],[-110.97955759755651,32.206815274235844],[-110.97955753984961,32.206750559481129],[-110.97955748069593,32.20668857184512],[-110.97954343557947,32.20449159454666],[-110.97953780053604,32.203675540843307],[-110.9795317779089,32.203232158783912],[-110.97952460381886,32.202959433034295],[-110.97949484055013,32.202356728240034],[-110.97938020994917,32.201517625431691],[-110.97923518456744,32.200719360999798],[-110.97920208723119,32.200479117130556],[-110.97914093601202,32.200117798431435],[-110.97907189105049,32.199757714379224],[-110.97903179377808,32.199569638980229],[-110.9788149693304,32.199571984578128],[-110.97854843103035,32.199575589680464],[-110.97850884825392,32.199573751167172],[-110.97846986118884,32.199572774701522],[-110.9774664338215,32.197286162958846],[-110.97746871454515,32.198077566165445],[-110.9774720549967,32.198952045571531],[-110.97747616180604,32.199594688233226],[-110.9775086904877,32.199594757592756],[-110.97758586740231,32.199595330795987],[-110.9776073634055,32.203108339941586],[-110.97601350608711,32.203131024098475],[-110.97585169080848,32.203127929904191],[-110.97473161681968,32.203134880997339],[-110.97447746283157,32.203131612947594],[-110.97320598696156,32.203144551158914],[-110.97227972639878,32.203147600392022],[-110.97166644979498,32.203150920915661],[-110.9714188935866,32.203154395711429],[-110.96990021773854,32.203175503213636],[-110.96859259906559,32.203185891432192],[-110.96834469335799,32.203203617287471],[-110.96800889012958,32.203202128980337],[-110.96707092926832,32.203203334263925],[-110.96680626427751,32.203200486791268],[-110.96554004860941,32.203212700190022],[-110.96527073819136,32.20320972978498],[-110.96398596143094,32.203199797782958],[-110.96372740291184,32.20321210811089],[-110.96245049402621,32.203222749900242],[-110.96220586065189,32.203217296105272],[-110.96091445707708,32.203222830359081],[-110.96091377960796,32.20276592894961],[-110.96088788673507,32.199754197948423],[-110.96088554204394,32.199495279950632],[-110.96088455016957,32.199203645744674],[-110.9608824860219,32.19905322061814],[-110.96091461856693,32.199052604058473],[-110.9609330941005,32.197149993431154],[-110.96098237322506,32.196649315665958],[-110.96106304862678,32.19606366407276],[-110.96150374389836,32.193622561824625],[-110.9615345194818,32.193364838853952],[-110.96158232365887,32.192908044967062],[-110.96160774299139,32.192544110105487],[-110.96162806230066,32.192339565586167],[-110.96163936470874,32.190696313233268],[-110.96161128679945,32.188742065786101],[-110.96161120192214,32.188730898696072],[-110.96159625577442,32.186215570192132],[-110.96159437568569,32.185911901864209],[-110.96157262138793,32.185911792594112],[-110.96155831243502,32.185844370171473],[-110.96155215927926,32.185756965274287],[-110.96153882752324,32.185485680819923],[-110.96154279028114,32.185299651566034],[-110.96154935380333,32.185019325892036],[-110.96155165184041,32.184973216460641],[-110.96156303254101,32.18492803235722],[-110.96154692200383,32.17787949620881],[-110.9608237760509,32.177888324096713],[-110.95958942865472,32.17790965543648],[-110.95635148598635,32.177866128927825],[-110.95623534307025,32.177865569065119],[-110.95430598300229,32.177872877866271],[-110.95253977071346,32.177902520823373],[-110.95245634188119,32.177903921216426],[-110.95236897122903,32.177901135872894],[-110.95083886271621,32.177918907400951],[-110.9500507778011,32.177916836519266],[-110.94881662752972,32.177890651402819],[-110.94796163022927,32.177884106387715],[-110.94739087051126,32.177884775222388],[-110.94707239802419,32.177884767531481],[-110.94707126979623,32.177884766999604],[-110.9458624189368,32.177884725076076],[-110.94551608808932,32.177882656311581],[-110.94521021948555,32.177880827920383],[-110.94445133400264,32.177882642092626],[-110.94150940072581,32.177900256965167],[-110.94137044025821,32.177901164196371],[-110.93443177770794,32.177948086510298],[-110.93198859446849,32.177944866315755],[-110.92644149192508,32.177991275826678],[-110.92637977823304,32.177988654450544],[-110.92647221734445,32.18356948548098],[-110.92647216249458,32.183574552410818],[-110.92549582741209,32.183575409073043],[-110.92483806926582,32.183575922433903],[-110.92411647419439,32.183576532032397],[-110.92387890543348,32.183576729016622],[-110.92380214445063,32.183576384374867],[-110.92372475271731,32.183578267654582],[-110.92364774272444,32.183582301130507],[-110.9235715163266,32.183588488860536],[-110.92349486367758,32.183596820443711],[-110.92341879221759,32.183607390366063],[-110.92334289983079,32.183620022319943],[-110.92326819619893,32.183634897386561],[-110.92319367255077,32.183651749721967],[-110.9231199326064,32.183670841089224],[-110.92304677662688,32.183691912900215],[-110.92297481032351,32.183715141261601],[-110.92291314521611,32.183738451422585],[-110.92285226940623,32.183763484830607],[-110.92279299086375,32.183790248737708],[-110.92273450253468,32.18381865113038],[-110.92267680348564,32.183848777675713],[-110.92262070262832,32.183880549059047],[-110.92256599837596,32.183913877122734],[-110.92251228778586,32.183948759603076],[-110.92246017632407,32.183985200358983],[-110.92240966491107,32.184023114628033],[-110.92236035050475,32.18406241176649],[-110.92231283960373,32.184103098347656],[-110.92226713209872,32.184145086895704],[-110.92222262158977,32.184188459219719],[-110.92218052285003,32.184232967852687],[-110.92117834031119,32.18525312087742],[-110.92113054066945,32.185301620837116],[-110.91978240734583,32.186643392515052],[-110.91932941849174,32.187093710257862],[-110.918756448355,32.187652944375614],[-110.91871418046409,32.18769418585223],[-110.91867010802932,32.187734124366905],[-110.91862443358467,32.187772761515966],[-110.91857715805516,32.18781001253366],[-110.91852828239574,32.18784578994871],[-110.91847861461471,32.187880101038644],[-110.9184267401522,32.187912934637097],[-110.91837367250173,32.1879441264931],[-110.91832371592714,32.18796786946789],[-110.91827235976668,32.187990226993421],[-110.91822041497124,32.188011034123782],[-110.91816788060783,32.188030376524218],[-110.91811394948964,32.188048074670469],[-110.91806023575673,32.188064315358389],[-110.91800512632432,32.188078912700142],[-110.91795003376292,32.188091963522389],[-110.91789394951681,32.188103374186838],[-110.91790103175119,32.18843525721482],[-110.91791377759561,32.189044036823923],[-110.91791807125475,32.189242839962937],[-110.91795057247801,32.190799066633701],[-110.91795162068347,32.191017514669355],[-110.917952635497,32.191202119694402],[-110.91856862196873,32.191479797232688],[-110.92092183010122,32.192540471717926],[-110.91989825913635,32.192545897327612],[-110.92002492885696,32.192609599512238],[-110.92085193541608,32.192996714070027],[-110.9227416427463,32.194148849489878],[-110.92569561008204,32.195930038148525],[-110.93526765989007,32.201875297690272],[-110.93991886821985,32.204604617174475],[-110.94179963713921,32.206918647522926],[-110.94182549353425,32.206918588973046]]]},"properties":{"OBJECTID":27,"AREA_SQMI":5.0349445399999997,"TEAM":"Downtown","SECTOR":0,"TMSECT":" ","INITIALS":"ODS","AREA_SF":140365636.44499999,"AREA_ACRE":3222.3645066300001,"Shape_Leng":43873.566028900001,"TEAM_NU":1,"Shape.STArea()":140366198.00499237,"Shape.STLength()":62223.934064960871}},{"type":"Feature","id":28,"geometry":{"type":"Polygon","coordinates":[[[-110.93665941904111,32.106999221344772],[-110.93677020249312,32.107093834546497],[-110.93854483316436,32.10860939131026],[-110.93862822453779,32.108681520451881],[-110.94019599397512,32.11003752497637],[-110.94110717278529,32.11082560059733],[-110.94296164068912,32.110832699643055],[-110.94625731605529,32.110857998232966],[-110.95744911911827,32.110927679507178],[-110.95744741861826,32.109649964635402],[-110.95743055694834,32.109275794382881],[-110.9574522557204,32.106372841289982],[-110.95614119457935,32.106383957596037],[-110.95614680714081,32.105454148961449],[-110.95927223747391,32.105393601313239],[-110.95830075797795,32.089862967445413],[-110.94329225044564,32.089987135091128],[-110.94329857434272,32.089390674612673],[-110.94331534310031,32.088197785151948],[-110.94347785530618,32.075742390391646],[-110.94347721676576,32.075650300126625],[-110.94323911050712,32.075651392147577],[-110.94274332689476,32.075653423512911],[-110.94224734117519,32.075655537058175],[-110.94149387953611,32.075658674037776],[-110.94073618065595,32.075661859573223],[-110.93998675432893,32.075665018667785],[-110.93923571400272,32.075668160876972],[-110.93849293250464,32.075672565448698],[-110.9376816045896,32.075671711310619],[-110.93703237624314,32.07566385802064],[-110.93670622200169,32.075671901893195],[-110.93632204198256,32.075671936743056],[-110.93557627989469,32.075672091349851],[-110.93477381872353,32.075672232372511],[-110.93397478811781,32.075672394015925],[-110.93317111772917,32.075672515506469],[-110.93277059322487,32.075672584066425],[-110.93236805223255,32.075672635694971],[-110.93196853711675,32.075672709560038],[-110.93156962676986,32.075672787768752],[-110.93086442670162,32.075672542781447],[-110.93054360655475,32.075672365843005],[-110.93020240558498,32.075672286443506],[-110.92984990724423,32.075672119040192],[-110.92950668874785,32.075672022053524],[-110.92916710390044,32.075671866781477],[-110.92781176629123,32.07567332252637],[-110.92747280757797,32.075671192566986],[-110.9274746927429,32.074540586424646],[-110.92747548529985,32.074167184423153],[-110.92747558364648,32.073783295783009],[-110.92747657033985,32.073391855724424],[-110.92747766957646,32.072633879372418],[-110.92747851923662,32.072255151432202],[-110.92747906827894,32.071904338525272],[-110.92747991322207,32.071526039782228],[-110.92748186051701,32.070445685821582],[-110.92748501859853,32.068934292330709],[-110.92748893315243,32.066883965389088],[-110.92749143430487,32.06665162349131],[-110.92749100112502,32.06588590380052],[-110.92748981163048,32.063897212165458],[-110.92749400711467,32.063826119299925],[-110.92749544468231,32.063130250766989],[-110.92749342045934,32.062268652363528],[-110.92749308361257,32.061343930802686],[-110.92749266867177,32.060445236591548],[-110.92749193635251,32.059519823579521],[-110.94490057977383,32.059736018897134],[-110.9512711185384,32.059679991030961],[-110.9514920449064,32.059678065378932],[-110.95327781338852,32.059662274486243],[-110.95326822402808,32.058998874796828],[-110.95325568166331,32.058136077820627],[-110.95323712725713,32.056865204512675],[-110.95321584763101,32.055411599712123],[-110.95097368518576,32.048836002064938],[-110.95001243462566,32.048842763281172],[-110.94975547027023,32.048840631240722],[-110.94894597086646,32.048841756290059],[-110.94894782124668,32.048033356412667],[-110.94894929900065,32.047317898878269],[-110.94897574029542,32.046856297156076],[-110.94896204594777,32.046566620235417],[-110.94893992478069,32.046119422715321],[-110.94889681659319,32.045251321487747],[-110.94775365756993,32.045258653144515],[-110.94752490410821,32.045260169254583],[-110.94467336037171,32.045278366964268],[-110.94461493830019,32.030669418016615],[-110.94461802260871,32.029747464100559],[-110.94452492752612,32.023363348343594],[-110.94180214443335,32.023359970972244],[-110.94159342695782,32.023359826451916],[-110.94022336364188,32.023358218630364],[-110.94020396336707,32.020301532451214],[-110.94014790931357,32.019711647142735],[-110.94011338503938,32.016084630677206],[-110.927160555521,32.016067047253884],[-110.92755103340629,32.001565070350971],[-110.91042994346911,32.001490815141118],[-110.89338857526573,32.001414978514411],[-110.8916579886978,32.001408071062436],[-110.89164665560189,32.001408025488736],[-110.89164631220383,32.001439648675969],[-110.89133024305984,32.030535974236955],[-110.89133018551733,32.03054123331826],[-110.8932647530663,32.030551851233795],[-110.9103265951115,32.03072414321209],[-110.91028160825307,32.045160849541958],[-110.9102889339475,32.059382071803249],[-110.91028919632907,32.059597683335419],[-110.91026766206214,32.061467628222182],[-110.90924336104736,32.061462209194183],[-110.90833960550941,32.061457341509652],[-110.9074540055316,32.061452611956426],[-110.90641710806815,32.061447013859919],[-110.90529044095133,32.061440947951304],[-110.90440464057757,32.061436109812192],[-110.90351319229407,32.061431305103113],[-110.90261569146161,32.061426446596016],[-110.90171213926821,32.061421618944756],[-110.89990705379786,32.061411789161212],[-110.89809046966714,32.061401926021652],[-110.89708928224911,32.061396452920064],[-110.89612965032973,32.061391219965209],[-110.89517425546934,32.061386013893937],[-110.89422612299005,32.061380860110923],[-110.89333830980075,32.061375927471971],[-110.89334810665321,32.059553806968815],[-110.89284618637004,32.05955336070754],[-110.89105372825294,32.059554416801546],[-110.88885032728588,32.059555722016974],[-110.88752974034331,32.059556430917816],[-110.88694066040226,32.059556800133443],[-110.88617001531745,32.059557236205066],[-110.88454601269667,32.059558108828732],[-110.87664807209876,32.059562190262447],[-110.87659715223404,32.063011054878338],[-110.87654972596931,32.067411546320685],[-110.88016472136813,32.067441383594378],[-110.88004363611125,32.075930358424131],[-110.89244162245508,32.075922554149862],[-110.89243597056665,32.075488456307255],[-110.89244832310379,32.075257778865556],[-110.89245515697992,32.074726850690602],[-110.89245356695135,32.074416996486157],[-110.89246206460817,32.074107310384719],[-110.89248064678527,32.073797877130097],[-110.8925091103436,32.07348895300003],[-110.89254305703426,32.073194933633296],[-110.89258788741293,32.072901948231511],[-110.89264339634853,32.072610336920441],[-110.89270957980906,32.072320357577787],[-110.8927864348135,32.072032268988991],[-110.89288065787277,32.071615985619381],[-110.89298629550423,32.071189229333584],[-110.89308105797861,32.070760580495339],[-110.89307800210794,32.075634348267933],[-110.89306742659817,32.075923640577273],[-110.90067265594008,32.075936596061851],[-110.90066917200069,32.0769756950721],[-110.90064868296956,32.083083282416553],[-110.89644405976243,32.083057824497011],[-110.89637310830072,32.090387344673445],[-110.8974093915071,32.090401952263669],[-110.90062107463658,32.090447172213267],[-110.90906699604787,32.090565746066005],[-110.90911370225066,32.095908060608387],[-110.9091863003416,32.104204974489811],[-110.90919229464089,32.10489011170943],[-110.90983725930158,32.104885099791218],[-110.90983734168984,32.104892750710029],[-110.91677039545925,32.104920879034793],[-110.92068287081759,32.104936590789244],[-110.9212554638675,32.104938859710018],[-110.91724211551325,32.101454817150433],[-110.91525912723149,32.099733214377643],[-110.91785989055116,32.09760691019391],[-110.91930105916776,32.096428587870058],[-110.91993738844469,32.095908299333274],[-110.92445343785634,32.099813098163715],[-110.93119710866924,32.105357347285462],[-110.93686322384829,32.105341381686863],[-110.93707102253725,32.105518853908428],[-110.9371792637621,32.105611298013066],[-110.93773550137591,32.106086351981183],[-110.93768384433167,32.106130174282818],[-110.93665941904111,32.106999221344772]]]},"properties":{"OBJECTID":28,"AREA_SQMI":14.762064840000001,"TEAM":"South","SECTOR":7,"TMSECT":"South 7","INITIALS":"ODS","AREA_SF":411542748.55400002,"AREA_ACRE":9447.7215003199999,"Shape_Leng":138387.01853500001,"TEAM_NU":1,"Shape.STArea()":514294380.50260055,"Shape.STLength()":171797.31950391695}},{"type":"Feature","id":29,"geometry":{"type":"Polygon","coordinates":[[[-110.88374077640498,32.119307336518418],[-110.88373974666311,32.11937523497761],[-110.8837388413321,32.119434910667898],[-110.88373553860156,32.119652571832056],[-110.883733304629,32.119994260388779],[-110.88373047563553,32.120406639378594],[-110.88372974284674,32.120520795977747],[-110.88372898638038,32.120638465006948],[-110.88372779862405,32.120823487244309],[-110.88372520371732,32.121215166600535],[-110.88372262235771,32.121623510043293],[-110.88372145563363,32.121795181745036],[-110.88372057435163,32.121924864802374],[-110.88371985885344,32.122030048315828],[-110.88371444995818,32.12286855281684],[-110.88371435028736,32.1228773998481],[-110.88371323114701,32.123043145986358],[-110.88371284033099,32.123101069077343],[-110.88359649793102,32.123100531925147],[-110.88356749578008,32.123100398075856],[-110.88150059402814,32.123089184829183],[-110.88051252729316,32.123084055583689],[-110.87836693351082,32.123072890214978],[-110.8781096505132,32.123071549182477],[-110.8753878965404,32.123057267697149],[-110.87527868462256,32.123056694068644],[-110.87521952396575,32.124355107358518],[-110.87521257823843,32.124607197648288],[-110.87520853140295,32.124754101851316],[-110.87519868400231,32.12492120526565],[-110.87518502311518,32.125152997865058],[-110.87516926789829,32.12547361316286],[-110.87516260059496,32.125726447898529],[-110.87515862777988,32.125877081738949],[-110.87515745293709,32.125980494556295],[-110.87515278818762,32.12604082090612],[-110.87514325378521,32.126164116075763],[-110.87510568948888,32.126520715164126],[-110.8751008785655,32.126553232454711],[-110.87507833425025,32.126706474868826],[-110.87499542471771,32.12727005254068],[-110.87495382776228,32.130433025725189],[-110.87493048113149,32.131830645270917],[-110.8749248385127,32.132168391537945],[-110.8749226691159,32.132298275497647],[-110.8748315500093,32.13230154502439],[-110.8748250616532,32.132791784068282],[-110.8748096566128,32.133969332605112],[-110.87488368989565,32.134176268988853],[-110.87490612837979,32.134238989907949],[-110.87490664136516,32.134282717376671],[-110.87492874912297,32.136103355494186],[-110.87492882998124,32.136110041396485],[-110.8749307224699,32.136265970978215],[-110.87493205767288,32.136376010158187],[-110.87493231232372,32.136396963476976],[-110.87493257962254,32.136418948588791],[-110.87493284518736,32.136440806528761],[-110.87493313288144,32.136464540449019],[-110.87493323442192,32.136472949910761],[-110.87493374778271,32.136515711512146],[-110.87493488710274,32.136611281982695],[-110.87493804652203,32.136877568506975],[-110.87494503904185,32.137466955787744],[-110.87494536333078,32.137494276567139],[-110.87494569348551,32.137522106926291],[-110.87494607297744,32.137554081581442],[-110.87494645439169,32.137586260064843],[-110.87494677808195,32.137613540256638],[-110.87494702036329,32.137633996563657],[-110.87494764337427,32.137686505092276],[-110.87494810848858,32.137725678825433],[-110.87494840602407,32.137750784499197],[-110.87494870679015,32.137775885690324],[-110.87496135298072,32.138827221948993],[-110.87684879373835,32.139900757853582],[-110.87848010148655,32.1408240764192],[-110.87872781220334,32.140646623080514],[-110.87899756750004,32.140418152412501],[-110.87912891778197,32.140288515861933],[-110.87924041356621,32.14016848951816],[-110.87937157171251,32.140026083072911],[-110.87949880274303,32.139840296225039],[-110.87962595717737,32.139659919566988],[-110.87972277086473,32.139487236583186],[-110.87980423088187,32.139319651116324],[-110.87989213556166,32.139072661169813],[-110.87996320982371,32.138840628965482],[-110.88001554597197,32.138605007280347],[-110.88030090205285,32.137886050675689],[-110.88087912544,32.138015013138563],[-110.88147166250285,32.138174545632687],[-110.88226617369037,32.13843856597299],[-110.88295246692475,32.138712521314005],[-110.88343260290367,32.138934527792856],[-110.8839878342184,32.139225629923104],[-110.8843162096133,32.139406681941196],[-110.88461989164968,32.139592313255626],[-110.88500826567841,32.139847795305506],[-110.88527771323638,32.140045831109433],[-110.88560103132289,32.140291834190528],[-110.88587036151966,32.140510047072951],[-110.88616352759351,32.140754841820765],[-110.88642448079216,32.141007447747299],[-110.88665186618638,32.141233556645027],[-110.88693767233714,32.141535865963178],[-110.88727738003075,32.14193294504625],[-110.88764982308793,32.142416173061498],[-110.88792487563563,32.142819757179147],[-110.88818995750763,32.143251185647088],[-110.88838750736238,32.143608465912664],[-110.88892038951334,32.144508734880063],[-110.88949095050454,32.145472636400932],[-110.88967405922727,32.145781974486582],[-110.8898147687828,32.146043426701951],[-110.88999662477408,32.146353700173179],[-110.89019101321294,32.14664789987409],[-110.89040856025161,32.14693874019725],[-110.89055027825255,32.147111548424903],[-110.8906671618215,32.147245275613457],[-110.89078490445775,32.147373691588562],[-110.89100885873128,32.147599956141192],[-110.89110556579703,32.147692065146558],[-110.89124794284854,32.147821560512277],[-110.89135660562567,32.147914581453946],[-110.89146593446991,32.148004936489407],[-110.8927443127002,32.147997828732457],[-110.89275479301804,32.148822543779076],[-110.89288966289254,32.148904895827691],[-110.89292793891633,32.148905033224594],[-110.89313410634782,32.149014246406011],[-110.89502959684138,32.149016305265214],[-110.89501422776128,32.14845176835091],[-110.89623845541492,32.148424451699704],[-110.89579623369052,32.147915884520458],[-110.89545072736303,32.147517274191166],[-110.8951103995467,32.14708924114079],[-110.89453361077513,32.146249600246449],[-110.89441851214347,32.146082329476258],[-110.89399776241822,32.145442933725093],[-110.89359934450377,32.144793409228051],[-110.89319554846851,32.144083452735075],[-110.89280588365637,32.143338305441098],[-110.89242904278879,32.142548335290194],[-110.89209177569076,32.141903595413659],[-110.89205739458282,32.139687550179573],[-110.89199489482048,32.135634496120126],[-110.89194029653537,32.135479521336606],[-110.89189865173277,32.13532164560592],[-110.89177696244126,32.134648327486516],[-110.89172266022973,32.134178105537707],[-110.89191512507315,32.134178363379768],[-110.89193962342375,32.134064162059595],[-110.89197939428087,32.133878763257705],[-110.89198041556074,32.133744288149288],[-110.89198129129352,32.133629086641548],[-110.89198373269917,32.133307774962638],[-110.89199627002215,32.131657480302657],[-110.89199712009845,32.131545606298289],[-110.8920034394322,32.130713840231472],[-110.89200424534933,32.130607713209251],[-110.89200763901664,32.130160977294977],[-110.8920177563846,32.128828970987612],[-110.89201776018069,32.128828346952517],[-110.8920213375867,32.12831204438853],[-110.89202373766193,32.127965534095608],[-110.89203216800777,32.126748689934139],[-110.89203218545053,32.126745517439097],[-110.89203154470719,32.126425375394227],[-110.89203085788373,32.126082140711986],[-110.89203062616818,32.125966238400444],[-110.8920292828838,32.125295057934743],[-110.89202866069948,32.124984338286524],[-110.89202527204786,32.12329169793972],[-110.89202405133729,32.122682143848571],[-110.89202542038571,32.122395489295556],[-110.89202746577995,32.121967324112873],[-110.89202808249929,32.121838168985725],[-110.89202199090316,32.121652999196648],[-110.8920216012102,32.121458572267855],[-110.89202120638582,32.121261379378318],[-110.89201766116842,32.119491462554244],[-110.89201776701033,32.119411053496393],[-110.89201787755098,32.119327568331677],[-110.88996682018265,32.119322605367344],[-110.88841549602532,32.119318829679763],[-110.88383934429439,32.119307580583907],[-110.88374077640498,32.119307336518418]]]},"properties":{"OBJECTID":29,"AREA_SQMI":0.54548653999999996,"TEAM":"South","SECTOR":7,"TMSECT":"South 7","INITIALS":"ODS","AREA_SF":15207291.9814,"AREA_ACRE":349.11138617,"Shape_Leng":22303.927730300002,"TEAM_NU":1,"Shape.STArea()":39798991.651067339,"Shape.STLength()":33114.46646610149}},{"type":"Feature","id":30,"geometry":{"type":"Polygon","coordinates":[[[-110.86962832768413,32.273656913851113],[-110.86966556701287,32.273953395665366],[-110.8701017078412,32.273848770608687],[-110.87056730591166,32.27376206976566],[-110.87249832995269,32.273583784411315],[-110.8731717581348,32.273542536975917],[-110.87387293617905,32.273541989082403],[-110.87473750748138,32.273574791509439],[-110.87482381123408,32.27361372752393],[-110.8748146285287,32.273196363970193],[-110.87534774570285,32.273196878690761],[-110.87530249780485,32.268829924759501],[-110.87530249641306,32.268829767833488],[-110.87505244974943,32.268847350839032],[-110.87505166645639,32.268765222154791],[-110.87505094452609,32.268689614046011],[-110.8750449087473,32.268058388054861],[-110.87504441582799,32.268006863704748],[-110.87504417972093,32.267982192802499],[-110.87504417272284,32.267981411779147],[-110.87504417089878,32.267981292725466],[-110.87504416231479,32.267980929226077],[-110.87504405086867,32.267976841313555],[-110.87504374251877,32.267965461562056],[-110.87504191816166,32.267898181566196],[-110.87503982167773,32.267820903686349],[-110.87503068524457,32.267484022908391],[-110.87502864404408,32.267408781762079],[-110.87502859544705,32.267406996683306],[-110.87502874937928,32.267403463767359],[-110.87502912947022,32.267394721168351],[-110.8750294358818,32.267387689593193],[-110.87502974686797,32.267380536311663],[-110.87502992531176,32.267376437262485],[-110.87503248912378,32.267317489182958],[-110.87503291103498,32.267307780190535],[-110.87503315871676,32.267302080101324],[-110.87505704088322,32.266752935288999],[-110.87505705668829,32.266752573794292],[-110.87505991158959,32.266686908736773],[-110.87506039666161,32.266675758273017],[-110.87506040559438,32.266675533796459],[-110.875060975851,32.266661850856309],[-110.87506368185662,32.26659676894139],[-110.87506418679025,32.266584623045148],[-110.87506464936774,32.266573490431831],[-110.87508538163077,32.266074820828685],[-110.87508820907108,32.266006816246289],[-110.87508857514364,32.265997998679381],[-110.87508858854767,32.26599766151368],[-110.87508862971742,32.265996473270022],[-110.87508913818695,32.265981322576749],[-110.87509007106564,32.265953548265216],[-110.87509103456313,32.265924858870726],[-110.87511369378673,32.265250120722712],[-110.87511619490412,32.265175648375845],[-110.87511628036285,32.265173091552256],[-110.87511628702812,32.265172786796022],[-110.87511628829361,32.265172304339018],[-110.87511626209103,32.265164191455504],[-110.8751160850325,32.265110747031926],[-110.87511315745564,32.264227953503593],[-110.87511304362495,32.264193689255507],[-110.87511295410984,32.264166774044675],[-110.87511290697425,32.264152595423759],[-110.875112902073,32.26415088735817],[-110.87511290189752,32.264150809801187],[-110.87511291934688,32.264149653826678],[-110.87511295818049,32.264147090305521],[-110.87511332873778,32.264122732809859],[-110.87511700237822,32.26388120829732],[-110.87511724836654,32.263865061641404],[-110.87511751289557,32.26384766342818],[-110.87511786281605,32.263824647652221],[-110.87511810101648,32.263808996926599],[-110.87511816506532,32.263804783303733],[-110.87511817214111,32.263804163819636],[-110.87511817310889,32.263803986171339],[-110.87511816141954,32.26380277945519],[-110.87511809029145,32.263794882633576],[-110.87511408351762,32.263353889577466],[-110.87511372206247,32.263314078062074],[-110.87511342414875,32.263281340856736],[-110.87511339824366,32.263278498142562],[-110.87511338620116,32.263276671880902],[-110.87511336303533,32.263271173363108],[-110.8751080401028,32.261684519765865],[-110.87510795280073,32.261658617294238],[-110.87510791216728,32.2616464704967],[-110.8751078544467,32.261629222025981],[-110.87510779143273,32.261610392640712],[-110.87510778146451,32.261607269594698],[-110.87510778211289,32.261607119899786],[-110.87510780465561,32.261604867367318],[-110.87510852671049,32.261534584540421],[-110.87510972370762,32.261418256565769],[-110.8751104269823,32.26134989623835],[-110.87511046890637,32.261345853775111],[-110.87511051747309,32.261341229699923],[-110.87511052085152,32.261341026820794],[-110.8751105607579,32.261339391268663],[-110.87511109319773,32.261317119177455],[-110.87511555642428,32.261130583454772],[-110.87512421860426,32.26076856328492],[-110.87512549154914,32.260715370662815],[-110.87512606446978,32.260691411618652],[-110.87512608281548,32.260690641625104],[-110.87512619618064,32.260688707277936],[-110.87512674602827,32.260679314061086],[-110.8751280264437,32.260657435011012],[-110.87513813409147,32.260484708315794],[-110.87519311254263,32.2595452006803],[-110.8751972753218,32.259474073247084],[-110.87519770926583,32.259466649525216],[-110.87519774407548,32.259466017644066],[-110.87519774972071,32.259465895044549],[-110.87519779502368,32.259464437192769],[-110.87519795287324,32.259459350487326],[-110.87519863486871,32.259437360986446],[-110.87521399936493,32.258941985028166],[-110.87521557000429,32.258891338847356],[-110.8752158923827,32.258880951761761],[-110.87521625830172,32.258869168132698],[-110.87521645665019,32.258862765119218],[-110.87521646464363,32.258862529812937],[-110.87521670460858,32.258855084651152],[-110.8752175749449,32.258828125026803],[-110.87522528460028,32.258589504944943],[-110.87524414241365,32.258005831807836],[-110.87524615645285,32.257943489200521],[-110.87524659479652,32.257929916075199],[-110.87524663628633,32.257928606088313],[-110.87524663796528,32.257928551993579],[-110.87524668572055,32.257923347143951],[-110.87525621888985,32.256891634055982],[-110.87525628390486,32.256884545467827],[-110.87525636511236,32.256875759807755],[-110.87525649395974,32.256861872102469],[-110.87525675823075,32.256833241830698],[-110.87525675916763,32.256833159773748],[-110.87525682603561,32.256825908875108],[-110.87525688277508,32.256819823932581],[-110.87525692844844,32.256814894116751],[-110.87525693179447,32.256814601056249],[-110.87525698099125,32.256810942820842],[-110.87525724622101,32.25679143075228],[-110.87525765405839,32.256761473298383],[-110.87526482958222,32.256234035211676],[-110.87526720471951,32.256059465362803],[-110.8752680678013,32.255996046406679],[-110.87526825085632,32.255982429689247],[-110.8752688277237,32.255939060109135],[-110.87527817318723,32.255233707381947],[-110.87527817441227,32.2552336000767],[-110.87527823613487,32.255228937327615],[-110.87527838117023,32.255217999571691],[-110.87527856009854,32.255204464883249],[-110.87527880480607,32.255186005052479],[-110.87527904344911,32.255167983451145],[-110.87527919285924,32.255156662462056],[-110.87527924494428,32.255152657954554],[-110.87528236554695,32.254907667390249],[-110.87528895399814,32.254390327284391],[-110.87528904198989,32.254383456219017],[-110.87528920897452,32.254370316423021],[-110.87528993258861,32.25431353091507],[-110.87528993651151,32.25431328024429],[-110.87529021094348,32.254299466780139],[-110.87530307188906,32.253654235854626],[-110.87530365618336,32.253624898482009],[-110.87530440635759,32.253587258610871],[-110.87530457565649,32.25357874962625],[-110.87530460638349,32.253577173515794],[-110.87530461702983,32.253576519791345],[-110.87530470686666,32.253570137521301],[-110.87530497690285,32.253551037609434],[-110.87531396847139,32.252915547625257],[-110.87531397524531,32.252915047176543],[-110.87531482297874,32.252855100030821],[-110.8753150528113,32.252838498701038],[-110.8753152373029,32.252824939704439],[-110.87531555597901,32.252800834243814],[-110.87531597836096,32.2527688523273],[-110.87531637366831,32.252738963288564],[-110.87531766139873,32.252641585632936],[-110.87531781772941,32.252629749762789],[-110.87532368416055,32.252186011064055],[-110.87532377195942,32.252179342000169],[-110.8753239060924,32.252169171589507],[-110.87532407956962,32.25215601921704],[-110.87532426492666,32.252142012026489],[-110.8753245231556,32.252122457500718],[-110.87532452739721,32.252122178876348],[-110.87532469026114,32.252109863296113],[-110.87532470046141,32.252108969686361],[-110.8753247063779,32.252108265421413],[-110.87532486884868,32.252086780232517],[-110.8753334553398,32.250951481875781],[-110.87533433802875,32.250834820149834],[-110.87533492048603,32.25075775714356],[-110.87533493543364,32.250755796731148],[-110.87533552187209,32.250678477642616],[-110.87533773413527,32.250599200596803],[-110.8753727894605,32.24934327212133],[-110.87537415044343,32.249294502604165],[-110.87537465879043,32.249276274890661],[-110.87537493918227,32.249266304980914],[-110.87541607859771,32.247806839893435],[-110.87541666182257,32.247786140027472],[-110.87541715191055,32.247768766173685],[-110.87541781857178,32.247745125288631],[-110.87541822345096,32.247730754664033],[-110.87541824790672,32.247729913476135],[-110.87541825822461,32.247729567265864],[-110.87541873596847,32.24771448390949],[-110.87541922453534,32.247699103044674],[-110.87541965191399,32.247685643434274],[-110.87542467692211,32.247527341307276],[-110.87542887066486,32.247395200168988],[-110.87544787247795,32.246796548964547],[-110.87544830011183,32.246783065907117],[-110.87544986761752,32.246733670410649],[-110.87545075314655,32.246705726079981],[-110.87545076005576,32.246705492567905],[-110.8754708311449,32.245922326951742],[-110.87547195079202,32.245878605559469],[-110.87547276188084,32.245846953266295],[-110.87547280621594,32.245845299710254],[-110.87547284459245,32.24584407536716],[-110.87547298662886,32.245839625198521],[-110.8754732039778,32.245832852585345],[-110.87547339357613,32.245826931053067],[-110.8754738416597,32.245812956674932],[-110.87551567585341,32.244508048874167],[-110.87551624779573,32.244490192314494],[-110.87551683431784,32.244471894889244],[-110.87551774527326,32.2444434836192],[-110.87551812599767,32.244431598179304],[-110.87551814611541,32.244430857958072],[-110.87551833427032,32.244422644008409],[-110.87552422681146,32.244161005883193],[-110.87553290353424,32.243775771298246],[-110.87553313339519,32.243765575510103],[-110.87553384124917,32.243734130673523],[-110.87553752328834,32.243570622941476],[-110.87553863469039,32.243521291295806],[-110.87553927525586,32.243492860658854],[-110.87553972372183,32.243472990235773],[-110.87554037337701,32.243444227806918],[-110.8755391280319,32.243395639673004],[-110.87553707610573,32.243315531996068],[-110.87552476547081,32.242835087025597],[-110.8755132537255,32.242385817012043],[-110.87551138968961,32.242313052518568],[-110.87551021993083,32.242267420235464],[-110.87550865547688,32.242206344784783],[-110.8755071922205,32.242149234530807],[-110.87550580443471,32.242095089152784],[-110.87550431112393,32.242036799982543],[-110.87550313477163,32.241990908823304],[-110.87550285950699,32.241980157863232],[-110.87550083375866,32.241901106406175],[-110.87550047560354,32.241887110946777],[-110.87549949088442,32.241848698285288],[-110.87549882358573,32.241822643057667],[-110.87549820464874,32.241798487443631],[-110.87549782155054,32.241783516018337],[-110.87549762612633,32.241775904921937],[-110.87549725599517,32.241761471083151],[-110.87549689755251,32.241747500871782],[-110.8754965252774,32.241732975932301],[-110.87549614057178,32.241717959403026],[-110.87549589742544,32.241708485672383],[-110.87549574039524,32.241702345746958],[-110.87549442851697,32.241651127369387],[-110.87549380215999,32.241626692131995],[-110.87549376824964,32.241625386029362],[-110.87549376451713,32.241625155134827],[-110.87549374395171,32.241623516373721],[-110.8754936632493,32.241616545606867],[-110.87549332315726,32.241586829014054],[-110.87549151725933,32.241429164837847],[-110.87548961161572,32.24126285056051],[-110.87548758255272,32.241085775746967],[-110.8754863759676,32.240980495523743],[-110.87548429587345,32.240798964430461],[-110.87548369680331,32.240746651709259],[-110.87548361647085,32.240739648479313],[-110.87548355768548,32.240734477006527],[-110.87548353919053,32.24073284277128],[-110.87548344428367,32.240724605742791],[-110.87548341763012,32.240722291474313],[-110.87548341411072,32.240721855870241],[-110.87548341213724,32.240721470780372],[-110.87548340681359,32.240719612102566],[-110.87548295757529,32.240561616396242],[-110.87548288773488,32.240537229929373],[-110.87548281267053,32.240510789994005],[-110.87548275486157,32.240490371597822],[-110.87548270777499,32.240473850018489],[-110.8754826638182,32.240458542303529],[-110.87548260992358,32.240439455013586],[-110.87548216042281,32.240281202281992],[-110.87548173002779,32.240129738543288],[-110.87548143265916,32.240025026723764],[-110.87548115041191,32.239925686218463],[-110.87548101914928,32.239879523192705],[-110.87548094458018,32.239853411518283],[-110.87548087876186,32.239830253349652],[-110.87548081981051,32.239809469708121],[-110.87548080968109,32.2398059859255],[-110.87548080050539,32.239802883617159],[-110.87548080304319,32.23980247511728],[-110.87548080900054,32.239802045903943],[-110.87548083067706,32.239800982846369],[-110.87548103230223,32.239791121391583],[-110.87548203438446,32.239742064771264],[-110.87548294484942,32.239697504731431],[-110.87548379481257,32.239655922877319],[-110.87548453655702,32.239619641883223],[-110.87548480266481,32.23960663904689],[-110.87548506446984,32.239593827359187],[-110.87548517501331,32.239588415595179],[-110.87548632222573,32.23953230980382],[-110.87549750765265,32.238985118465919],[-110.8754984902624,32.238937022108509],[-110.87549886416656,32.238918754478867],[-110.87549908281892,32.23890805087057],[-110.87549908998972,32.238907515253374],[-110.87549913166667,32.238898094367073],[-110.875501293163,32.238355309723374],[-110.87550172249541,32.238247346517781],[-110.87550180620114,32.238226426971181],[-110.87550189808994,32.238203301659603],[-110.87550198033628,32.238182603044784],[-110.87550236506483,32.238086084366017],[-110.8755025593544,32.238037237511378],[-110.8755026681764,32.238009836847489],[-110.87550266991255,32.238008940460567],[-110.87550267051418,32.238007957490332],[-110.87550266398407,32.238003041658786],[-110.87550149831759,32.237188769627004],[-110.87550149783661,32.237188346673101],[-110.87550139436617,32.237111556510342],[-110.87550136050301,32.237083269087307],[-110.87550121405744,32.236929500778082],[-110.87550093305458,32.236635339024829],[-110.87550076699367,32.236461520550343],[-110.87550072177773,32.236414227336368],[-110.87550065055285,32.23633935287959],[-110.87550057600458,32.236261792797428],[-110.87550056411855,32.236249252998903],[-110.87550049067671,32.236172060864206],[-110.87550029046562,32.236100773653277],[-110.8754996376541,32.235868508300392],[-110.8754990242702,32.235650553223714],[-110.87549895697553,32.235626684399818],[-110.87549889451753,32.235604345089556],[-110.87549883211571,32.235582279930647],[-110.87549873687672,32.235548395347323],[-110.87549866483066,32.235522617346959],[-110.87549860154446,32.235500071514451],[-110.87549855001311,32.235481797664292],[-110.87549850887801,32.235467263715975],[-110.87549847034209,32.235453525187616],[-110.87549842519762,32.235437668247322],[-110.8754983793868,32.235421404584073],[-110.8754983304045,32.235404023549037],[-110.87549828670453,32.235388319026832],[-110.87549820653435,32.23535981117255],[-110.87549812936214,32.235332528906014],[-110.87549808153783,32.23531541842403],[-110.8754980121133,32.235290619812702],[-110.875497994483,32.235284351168943],[-110.87549798746952,32.235282640372866],[-110.87549797580473,32.235280593162436],[-110.87549793937328,32.23527532176837],[-110.87549765923545,32.235234577376126],[-110.87549724692836,32.235174628699546],[-110.87549687937407,32.235121082358063],[-110.87549649561791,32.235065235358945],[-110.87549587946206,32.234975621682239],[-110.87549533842027,32.234896911536651],[-110.87549484976559,32.234825887970011],[-110.87549436830608,32.234755814972331],[-110.87549393530804,32.234692749456734],[-110.87549339342463,32.234613833687568],[-110.87549293442439,32.234547093971941],[-110.87549228681405,32.234452795112638],[-110.87549200840665,32.234412363658549],[-110.8754917553038,32.234375853493844],[-110.87549174297679,32.234374236442278],[-110.87549120145371,32.234314732188686],[-110.87549079541481,32.23427014142419],[-110.87549044073938,32.234231187411481],[-110.87549004765114,32.234187972919187],[-110.87548969269604,32.23414895036592],[-110.87548922606547,32.23409767125856],[-110.87548866678911,32.234036188279255],[-110.87548823072667,32.233988275889523],[-110.8754876428121,32.233923722001123],[-110.87548700985704,32.233854093241121],[-110.87548626102684,32.23377183183544],[-110.87548573085175,32.233713564956936],[-110.87548486186095,32.233618116254149],[-110.87548416737469,32.23354178831913],[-110.87548353225027,32.233471977371025],[-110.87548353182531,32.233471828568426],[-110.87548348108143,32.233466323485509],[-110.87548346453315,32.233464239259938],[-110.87548346141246,32.233463675601293],[-110.87548345573447,32.233457196030088],[-110.87548343968446,32.233440368974215],[-110.8754827817996,32.232764673118858],[-110.8754827593896,32.232742077112178],[-110.87548273280611,32.232714264985617],[-110.87548269845753,32.232678574558086],[-110.87548267276937,32.232652451534101],[-110.87548264724199,32.232626686531006],[-110.8754826408117,32.232620272785105],[-110.87548263004673,32.232608843120488],[-110.87548261147708,32.232590189870649],[-110.87548260684586,32.232585292988738],[-110.87548257816017,32.232556362596284],[-110.87548257134252,32.232549610667284],[-110.87548257147449,32.232549506058106],[-110.87548256188055,32.232548114481844],[-110.87548254382202,32.232545697474613],[-110.87548233061759,32.232516479687028],[-110.8754816582489,32.232424255666096],[-110.87548117633823,32.232358220055374],[-110.8754805181149,32.232268011700555],[-110.87547987382895,32.232179651273981],[-110.87547906889523,32.232069372763377],[-110.8754784586931,32.231985745329183],[-110.87547788542494,32.231907159332557],[-110.87547740261087,32.231841016393503],[-110.87547698390949,32.231783672069135],[-110.87547658433074,32.231728930534096],[-110.87547653406521,32.23172208085051],[-110.87547644556199,32.231709931798896],[-110.87547635404236,32.231697302957912],[-110.87547629734472,32.231689621749737],[-110.87547612585155,32.23166604965126],[-110.87547602703941,32.231652292582062],[-110.87547602303242,32.231651713585109],[-110.87547584647017,32.23161630514938],[-110.87547549628589,32.231546346827564],[-110.87547506072984,32.231459312874307],[-110.87547469471403,32.231386090759074],[-110.87547433284125,32.231313621691065],[-110.87547366556309,32.231180199268536],[-110.87547310822715,32.23106876846046],[-110.8754725242153,32.230951954508491],[-110.87547185320457,32.230817742059585],[-110.87547146164719,32.230740711370075],[-110.87547142037296,32.230733352235141],[-110.87547097421614,32.230665203052133],[-110.87547046194986,32.230586848406489],[-110.87547012575551,32.23053547926299],[-110.87546966051886,32.230464444118695],[-110.87546924050119,32.230400236071702],[-110.87546873303717,32.230322762533945],[-110.87546840800493,32.230273019449463],[-110.8754680545058,32.23021898079395],[-110.87546773518518,32.230170132354402],[-110.8754671684145,32.230083438187286],[-110.87546655629708,32.229989834854493],[-110.87546581968996,32.229877282497256],[-110.87546532675144,32.229801977032018],[-110.875465317916,32.229800425840452],[-110.8754649110228,32.229729111606822],[-110.87546449996019,32.22965686035409],[-110.87546401538107,32.229571703547172],[-110.875463608171,32.229500137702559],[-110.87546310358385,32.229411524980257],[-110.87546256666096,32.229317281068198],[-110.87546189826485,32.229199862175001],[-110.87546108283088,32.22905653928408],[-110.87546074044074,32.228996408059217],[-110.87546064423897,32.228979444157709],[-110.87546039967134,32.228936506809546],[-110.8754603988023,32.228936303894372],[-110.87546033564129,32.228925281411286],[-110.87546030124307,32.228919459020915],[-110.87546029482087,32.228918626594272],[-110.87546024528315,32.228913387552417],[-110.87545980910109,32.228866598783931],[-110.87545974196637,32.228859460378111],[-110.87545931516291,32.228814082122639],[-110.87545850803897,32.228728274243657],[-110.8754575644146,32.228627919890833],[-110.87545649914058,32.228514600966612],[-110.87545613100697,32.228475428570178],[-110.87545597288575,32.228458591312929],[-110.87545582053357,32.228442364630837],[-110.87545578246817,32.228437608153278],[-110.87545561260023,32.228413520219263],[-110.87545505745464,32.228331759044273],[-110.87545472965451,32.228283559826551],[-110.87545463393796,32.228269437541378],[-110.87545457920656,32.228261397423687],[-110.87545451353819,32.228251804293087],[-110.87545442445484,32.228238775060369],[-110.87545398456498,32.228173981551066],[-110.8754536632717,32.228126793318687],[-110.87545343683443,32.228093430667855],[-110.87545291414783,32.22801645207317],[-110.87544486037763,32.227948730772233],[-110.87543359531932,32.227854012477167],[-110.87542290543054,32.22776412181738],[-110.87541810459439,32.227723749556866],[-110.87541323786631,32.227682829352261],[-110.87540911172452,32.227648138663994],[-110.87540803738987,32.227627728085395],[-110.87540398043649,32.227550684294449],[-110.87540276749611,32.22752763567081],[-110.875401586702,32.227505210465075],[-110.87540122137553,32.22749826439275],[-110.87540056727491,32.2274858464421],[-110.87539975370331,32.227470387164104],[-110.87539866789436,32.227449773582329],[-110.8753979755593,32.227436614927655],[-110.87539696567407,32.227417437658495],[-110.87539594888592,32.227398121453099],[-110.8753944995657,32.227370588867991],[-110.87539365708551,32.227354594576113],[-110.87539331445748,32.227348077052042],[-110.8753930335657,32.22734275133238],[-110.87539274397814,32.227337257803697],[-110.87539214931716,32.22732595408219],[-110.8753918249464,32.227319789317647],[-110.87539160780979,32.22731566443705],[-110.87539140020361,32.227311727212189],[-110.87539130345796,32.227309884009998],[-110.87538790234375,32.227245293351309],[-110.87538728152425,32.227233492514841],[-110.87538726946939,32.227233247122228],[-110.87538726606923,32.227233173145507],[-110.87538724891915,32.227232537225632],[-110.87538718216464,32.227230110797123],[-110.87538421461123,32.227122009400695],[-110.87538160894962,32.227027109927946],[-110.87537378849612,32.226742251851988],[-110.87537293684117,32.226711245893057],[-110.87537232379853,32.226688901114578],[-110.87537202161661,32.226677906418338],[-110.87537175094116,32.226668056383176],[-110.87537167385969,32.226665233071387],[-110.87537167244751,32.226665170834622],[-110.87537161519313,32.226663492989502],[-110.87537108720791,32.226648017124397],[-110.87536953377548,32.226602448306984],[-110.87536828310392,32.226565776571867],[-110.87536801350582,32.226557878972038],[-110.8753677756677,32.226550917716409],[-110.87536746880672,32.226541915087786],[-110.87536722941253,32.226534904219584],[-110.87536701223593,32.226528550054773],[-110.87536508396428,32.226472031933824],[-110.87536507433964,32.226471759506794],[-110.87536458212419,32.22645733364709],[-110.87536438389888,32.226451550486416],[-110.87536437595377,32.226451316851175],[-110.87536409348066,32.226443897106371],[-110.87536319039778,32.226420192707714],[-110.87536263274744,32.226405550775269],[-110.87536222043988,32.226394723810387],[-110.87536166018307,32.226380031354864],[-110.87536129759425,32.226370519643922],[-110.87536084190587,32.226358565956268],[-110.87535481160134,32.226200307487069],[-110.87534390343934,32.225914006283915],[-110.87534103336165,32.225838670366521],[-110.87534093569215,32.225836350096827],[-110.87534037014296,32.225823703811862],[-110.8753396143553,32.225807086175259],[-110.87533673446546,32.225743775862448],[-110.87533325479639,32.225667286009738],[-110.87533317807623,32.225665547582473],[-110.87533009100079,32.225593239968632],[-110.87532599395198,32.225497206329507],[-110.87532267548363,32.225419420091967],[-110.87531714957785,32.225289876802726],[-110.87531416929474,32.225220021194573],[-110.87531190388974,32.225166928078899],[-110.87530962687411,32.225113550795797],[-110.87530828335601,32.225082046582529],[-110.87530581868413,32.225024285838963],[-110.87530402811569,32.224982304275535],[-110.87530202990038,32.224935459322325],[-110.87530136029116,32.224919751421851],[-110.87530070254124,32.224904306046909],[-110.87530066939392,32.224903491435882],[-110.87529970852319,32.224878716102332],[-110.87529810855735,32.224837510766534],[-110.87529681284904,32.224804140191075],[-110.8752966895502,32.224800904368706],[-110.87529662855971,32.224799275190307],[-110.87529611537175,32.224785107974654],[-110.87529318378401,32.224704192014649],[-110.87528557655912,32.224494160901202],[-110.87528294031435,32.224421397063693],[-110.87528127258301,32.22437534301482],[-110.87528021624831,32.22434619399683],[-110.87527926739773,32.224319992992321],[-110.87527782306583,32.224280119110915],[-110.87527689765825,32.224254560390882],[-110.87527628446055,32.224237627388391],[-110.87527584078882,32.224225365375403],[-110.875275435707,32.224214184955308],[-110.87527518389118,32.224207240716524],[-110.87527393550776,32.224172791056397],[-110.87527276710647,32.224140537972204],[-110.87527276000645,32.224140323281979],[-110.87527238693075,32.224130057564828],[-110.87527235840913,32.224129302511535],[-110.87527184675102,32.224116304057958],[-110.87527037059074,32.22407875659318],[-110.87524542077713,32.223444405307148],[-110.87524263919804,32.223373690985618],[-110.87524242291215,32.223368189941198],[-110.87524238424223,32.223367208448813],[-110.87524219054305,32.223364006314618],[-110.87524163891975,32.223354885330806],[-110.87522972293706,32.223157749783539],[-110.87520820327069,32.222801763501295],[-110.87520377098028,32.222728445560648],[-110.87520353677489,32.22272451623013],[-110.87520353064502,32.222724402551016],[-110.87520347054263,32.222722230487257],[-110.87520283979828,32.222699487849212],[-110.87520028223679,32.222607270704167],[-110.8751945056886,32.222398970759606],[-110.87519108352967,32.222275586099009],[-110.87518635506447,32.222105065466685],[-110.87518196995734,32.221946951212779],[-110.87517771345982,32.22179346792943],[-110.87517558033481,32.221716595934055],[-110.8751746645474,32.221683591002403],[-110.87517382090911,32.221653190203014],[-110.87517343121787,32.221639172797495],[-110.87517322597375,32.22163177352342],[-110.87517252598398,32.221606544910756],[-110.87505187098364,32.221606212592761],[-110.87497001278099,32.221605988887127],[-110.87195447116795,32.221597806246713],[-110.87084579214945,32.22158773226235],[-110.86886642729461,32.221594359706813],[-110.86865951860914,32.221596256056714],[-110.86755193845451,32.221585075600544],[-110.8668993440661,32.221578489364397],[-110.86627685803805,32.221572198671204],[-110.86590074965657,32.221568396159952],[-110.86580204761808,32.221567397922158],[-110.86575108851878,32.221566882247629],[-110.86572583967532,32.221566627222735],[-110.86570149034952,32.221566380573996],[-110.86568120259534,32.221566175809187],[-110.86566284433961,32.221565989790726],[-110.86564604218304,32.221565820316393],[-110.86562428849528,32.221565599745432],[-110.86560754043798,32.221565430715827],[-110.86558579098327,32.221565211075259],[-110.86556530381692,32.22156500373174],[-110.86554341965602,32.221564782061876],[-110.86552524066012,32.221564598416002],[-110.86550825712438,32.221564426513112],[-110.8655046620196,32.221564411945437],[-110.86547510988279,32.221564286114031],[-110.86546296036413,32.221564236472979],[-110.86536015125893,32.221563832296177],[-110.86258199272415,32.221552906493947],[-110.86237583578541,32.22155209338424],[-110.86236527960651,32.221552051324885],[-110.86235584577686,32.221552013215707],[-110.8623557481867,32.221552012401652],[-110.86235016897129,32.221551931594334],[-110.86232580925819,32.221551575991057],[-110.86228361305393,32.221550959768493],[-110.86216124808027,32.221549174210075],[-110.86155367775038,32.221540306309613],[-110.85989681132595,32.221516107074926],[-110.85968411059815,32.221504433855849],[-110.85942249706071,32.221459002132484],[-110.85901722165596,32.221383165335048],[-110.85898523909179,32.221377183825325],[-110.85895389705917,32.221372413390775],[-110.85866254070918,32.221328098350618],[-110.85806827163547,32.221284157079914],[-110.85802804641025,32.221281185081217],[-110.85793112117392,32.221274019069675],[-110.85783414680354,32.221271092893318],[-110.857286831957,32.221238243093261],[-110.85709618894367,32.221213282741161],[-110.85706455335254,32.221209140647382],[-110.85705287723259,32.221207611587765],[-110.85704576966037,32.221206680852241],[-110.85702899641909,32.221204485005423],[-110.85674518287038,32.221156912833216],[-110.85670508294567,32.221150191730672],[-110.85664280771992,32.221137817858946],[-110.8564868064403,32.221106820899379],[-110.85639523428281,32.221088626165376],[-110.85625315241792,32.221060394303045],[-110.85623296947348,32.221056384157187],[-110.85493330778807,32.22103515599693],[-110.85175051011281,32.221020665667169],[-110.84954823146857,32.221026700408174],[-110.84737264637738,32.221022142338342],[-110.84524490977725,32.221030713036832],[-110.84109166172854,32.221026381826917],[-110.84097933024773,32.221026260058103],[-110.84086696668619,32.2210258899186],[-110.83714876583804,32.221013446446356],[-110.83458954868894,32.220997705057705],[-110.832367769885,32.220978190470802],[-110.83099083556606,32.2209764656413],[-110.82990791675356,32.220982785809127],[-110.82988948421081,32.220982893356997],[-110.82992981046498,32.221156488347297],[-110.82998492222772,32.221393731134945],[-110.83001620361938,32.221528385788147],[-110.83003424262648,32.221606039598441],[-110.83004765230403,32.221676807076378],[-110.83011109333097,32.222011620436668],[-110.8301895257971,32.222425547519364],[-110.83028009018982,32.222903496292908],[-110.83028488463189,32.222928796255523],[-110.83028506028998,32.222929725726246],[-110.8302854703763,32.222931638379563],[-110.83028767155709,32.222941906352354],[-110.8302892204571,32.222949128722327],[-110.83029117742961,32.222958254710143],[-110.83029322481973,32.222967806226848],[-110.83029495361225,32.222975869726604],[-110.83029667335155,32.222983891665308],[-110.83029904544802,32.222994952894737],[-110.83030095817259,32.223003874693347],[-110.83030283975127,32.223012650131224],[-110.83030477662643,32.223021682157956],[-110.83030707635008,32.223032406390594],[-110.83030885541609,32.223040702988797],[-110.83031116215845,32.223051461550398],[-110.8303139453313,32.223064441753834],[-110.83031688329352,32.223078143832552],[-110.83031915486278,32.223088737962534],[-110.83032198625182,32.223101945835914],[-110.83032442867157,32.223113338632864],[-110.83032879090368,32.223133682146596],[-110.83033188166608,32.223148095261465],[-110.8303344879413,32.223160250592834],[-110.83033945123705,32.223183397583774],[-110.83034130062623,32.223192025749505],[-110.83034305859093,32.223200223868616],[-110.83034434818167,32.22320623648752],[-110.83034550203345,32.223211620281091],[-110.83034685291008,32.223217921103597],[-110.83034955568176,32.223230526364517],[-110.8303510452874,32.223237472270533],[-110.83035283742156,32.223245830303227],[-110.83035413502775,32.223251882670475],[-110.83035581158749,32.223259700428365],[-110.83035735643681,32.223266907431736],[-110.83035969636124,32.223277820486629],[-110.83036194378973,32.223288304387523],[-110.83036346556142,32.223295400270018],[-110.83036574318362,32.223306021505188],[-110.83036771319894,32.22331521163202],[-110.83036954353238,32.223323747648998],[-110.83037246240657,32.223337361184832],[-110.83037462241985,32.22334743491313],[-110.830375998436,32.223353852284575],[-110.83037740462383,32.223360408793837],[-110.83037879770821,32.223366907474713],[-110.83037945307007,32.223369962121502],[-110.83038120701256,32.223378142169203],[-110.83038327052385,32.223387766869152],[-110.83038550492883,32.223398186629176],[-110.83038754229803,32.223407690262007],[-110.8303885896114,32.223412577144828],[-110.83039025007302,32.223420321717299],[-110.83039172858435,32.223427219731505],[-110.83039419112038,32.223438706487755],[-110.83039650995653,32.22344952016163],[-110.83039927706979,32.22346242537462],[-110.83040064303913,32.223468795765356],[-110.83040208739466,32.223475532963981],[-110.83040367148669,32.223482919763754],[-110.83040587975303,32.223493218456383],[-110.83040844785,32.223505195801451],[-110.83040986908507,32.22351182548605],[-110.83041128532747,32.223518428975261],[-110.83041232863607,32.223523295983647],[-110.83041376897533,32.223530014209594],[-110.83041625969528,32.223541629264318],[-110.83041866596533,32.223552852208329],[-110.83042065609068,32.223562136295016],[-110.83042252464075,32.22357084939393],[-110.83042386046294,32.223577078843185],[-110.83042495303739,32.223582174432323],[-110.83042663662633,32.223590026518181],[-110.83042899565918,32.223601029014723],[-110.83043113257321,32.223610994326286],[-110.83043345037819,32.223621806186856],[-110.83043527868736,32.223630334970785],[-110.83043876246253,32.22364658303281],[-110.83049861595779,32.223925740862974],[-110.8305719668637,32.224267843629278],[-110.83057780168247,32.224295058940491],[-110.83057878359196,32.224299648564362],[-110.83057881163174,32.224299788585618],[-110.83058046936884,32.224308746063691],[-110.83059469801967,32.22438564648639],[-110.83059570279944,32.224391078595545],[-110.83059735156088,32.224399988200361],[-110.83059936611411,32.224410878613966],[-110.83060133382416,32.224421515216889],[-110.83060294766814,32.224430238749058],[-110.83060405016475,32.224436196550222],[-110.83060641563959,32.224448980169328],[-110.83060934832825,32.224464827596059],[-110.83061028432277,32.224469888470807],[-110.8306131442185,32.224485344788924],[-110.83061636698233,32.224502760247233],[-110.83061781739035,32.224510596799043],[-110.83062014198227,32.224523160927035],[-110.83062248353582,32.224535815381572],[-110.83062529358088,32.224551003433909],[-110.83062738295955,32.224562293089157],[-110.83062946532067,32.224573548415293],[-110.83063165533076,32.224585386332755],[-110.8306732091568,32.224809969895603],[-110.83069378774411,32.224921191774079],[-110.83075576910542,32.225256174328585],[-110.8307202916088,32.225746581186478],[-110.8307170224266,32.225791767951158],[-110.83071119233252,32.22587236204545],[-110.83071109048628,32.225874681522555],[-110.83071098279909,32.225877135318854],[-110.83070970709308,32.225951581239869],[-110.83070916955131,32.225982955934803],[-110.83070320148518,32.226331191038277],[-110.83070210879131,32.226394973744846],[-110.83069912159331,32.226569264858398],[-110.83069899006973,32.226576934507008],[-110.83069858783315,32.226600409621675],[-110.83069818562836,32.22662388203112],[-110.83069780090901,32.226646330136845],[-110.83069741864415,32.22666866102854],[-110.83069594506294,32.226754657399844],[-110.83069561680905,32.226773784631547],[-110.83069432745114,32.226849017702918],[-110.83069287521542,32.226933753527675],[-110.83069035665645,32.227080676077392],[-110.83068976638458,32.22711514441653],[-110.83068957971946,32.227126023125017],[-110.83068944439752,32.22713392270132],[-110.83068831546272,32.227199768424768],[-110.83068809987101,32.227212365730423],[-110.83068789567598,32.227224272349105],[-110.83068768521989,32.227236527011812],[-110.8306874709683,32.22724901160295],[-110.83068729811099,32.227259086017192],[-110.83068707877699,32.22727190874253],[-110.83068682557484,32.227286687198131],[-110.83068656488901,32.227301916493346],[-110.83068635070119,32.227314395674],[-110.83068614129439,32.227326651247381],[-110.83068593371055,32.227338753529033],[-110.83068566363161,32.227361463239752],[-110.83068506574645,32.2274117365967],[-110.83068501747847,32.227415795219173],[-110.83075503011416,32.227684607090403],[-110.83078954196594,32.227817113160832],[-110.83084375764591,32.228025272529912],[-110.83087469727495,32.228144062948815],[-110.8308959869611,32.22822580264743],[-110.83094262995969,32.228404886653919],[-110.83099357818705,32.228600498983425],[-110.831009951171,32.228663363069678],[-110.83102354716839,32.228715562868793],[-110.83102732764917,32.228730079278435],[-110.83104351401708,32.228792223917665],[-110.83105593003052,32.228839893716149],[-110.83112714974689,32.228978700300054],[-110.83121161121296,32.229143312176305],[-110.83131542411418,32.229345639658419],[-110.83140575733711,32.229521695270073],[-110.83148688393496,32.229679807853735],[-110.83156883727126,32.229839529094079],[-110.83163588689416,32.229970204959649],[-110.83171151638112,32.230117602719545],[-110.83174552927068,32.230183889903309],[-110.83175639129087,32.230205059297589],[-110.8318775191406,32.230382578336673],[-110.83199508522772,32.230554875886043],[-110.83204481370549,32.230627754816872],[-110.83208874213283,32.230692134014049],[-110.83213788887753,32.230764159315136],[-110.83224272520083,32.230917800816584],[-110.83231282450028,32.231020532931524],[-110.83246704739842,32.231149615224332],[-110.8325983617539,32.231259523180135],[-110.83271843463933,32.231360022515517],[-110.83275900527711,32.231393979061188],[-110.83282116552243,32.231446006309291],[-110.83285356619274,32.231473125590931],[-110.83317050331753,32.231751582728187],[-110.83345910608296,32.232005143503528],[-110.83361915814052,32.232145760701592],[-110.8338255827001,32.23232711922649],[-110.83384353635705,32.23234289237206],[-110.83401720241075,32.232495469164924],[-110.8340609589783,32.232533911130744],[-110.83443274585098,32.232856512279987],[-110.83454100687884,32.232950450009362],[-110.83463211426049,32.233029503432391],[-110.8347187416644,32.233104669519726],[-110.83478607078898,32.233163090600819],[-110.83485667977459,32.233224356971348],[-110.83492462239529,32.233283309887391],[-110.83494566313729,32.233301567632267],[-110.83498205678363,32.233333145726732],[-110.83504586597137,32.233388511879419],[-110.83511702666513,32.233450256278047],[-110.83514937503394,32.233478325038327],[-110.83520807308152,32.233529255564264],[-110.8352673330365,32.233580675142527],[-110.83527280654297,32.233586961588529],[-110.83527837216977,32.233593353432319],[-110.83528529439694,32.233601303484754],[-110.83529275675117,32.233609874093425],[-110.83529800520243,32.233615902499132],[-110.83530228226132,32.233620815172522],[-110.83530797246168,32.233627349664786],[-110.83531719546791,32.233637942761924],[-110.83532452593913,32.233646361638336],[-110.83533120322544,32.233654030933785],[-110.83534113385295,32.233665436300278],[-110.83534901387507,32.233674486633994],[-110.83535772084417,32.233684486432203],[-110.83536562705011,32.233693565846849],[-110.83537275550104,32.233701753030921],[-110.83538542029572,32.2337162975345],[-110.83539632547193,32.233728822262457],[-110.83540731858081,32.233741447842469],[-110.8354165803504,32.2337520845509],[-110.83542741645581,32.233764529326159],[-110.83543187146714,32.233769647326348],[-110.83543998495765,32.233778963881733],[-110.83545246762334,32.233793300306402],[-110.83546546530137,32.233808228213078],[-110.83547397969669,32.233818006314678],[-110.83548740552142,32.233833424858389],[-110.83549960976255,32.233847441460085],[-110.83551266712605,32.233862437508193],[-110.83552517284444,32.233876800275461],[-110.83553608539957,32.233889332269122],[-110.83554575856782,32.233900442329656],[-110.83555809891732,32.233914614299351],[-110.83557233809931,32.233930967752606],[-110.83558394047648,32.233944292921741],[-110.83559471067693,32.23395666226898],[-110.83560186429916,32.23396487761174],[-110.83561028974312,32.233974553940897],[-110.83562343298311,32.233989648107595],[-110.83563438010479,32.234002220068142],[-110.83565077985794,32.234021053930263],[-110.83566524518386,32.234037666322934],[-110.83567852452221,32.23405291675914],[-110.83569513050375,32.23407198775152],[-110.83570988264557,32.234088930850561],[-110.83572205137507,32.234102905644214],[-110.83573409029705,32.234116732331735],[-110.83575234809769,32.234137701322155],[-110.83576534797348,32.234152631020855],[-110.83577652960464,32.23416547281203],[-110.83579124515742,32.234182372302008],[-110.83580451719664,32.234197615448259],[-110.83625281854646,32.234712468309411],[-110.83695892547462,32.235562257166748],[-110.83723880932058,32.23600358146787],[-110.83734019836707,32.236107829825869],[-110.83831719160375,32.237112358100831],[-110.83855535137535,32.237417942307545],[-110.83868362760123,32.237582533491128],[-110.83899527800264,32.237982407336666],[-110.83900279730777,32.237992054973475],[-110.83901757669398,32.238011018875277],[-110.83903009216529,32.238027075880503],[-110.83906883322314,32.238076785640416],[-110.83912902022031,32.238154009350602],[-110.83914154201095,32.238170073613297],[-110.83914839973023,32.23817887150814],[-110.8391518364144,32.238183281794711],[-110.83915440872414,32.238186580898059],[-110.83917299798637,32.23821043530684],[-110.83919008112531,32.238232354216613],[-110.83919489542969,32.238238531166459],[-110.83922555708381,32.238277873344124],[-110.83923146052072,32.238285447461067],[-110.839239520254,32.238295788672993],[-110.83924306252746,32.238300333324958],[-110.83924438263422,32.23830202825561],[-110.83924446105588,32.238302126319503],[-110.83924518990428,32.238303033439792],[-110.83924923792527,32.238308059460088],[-110.83925043005807,32.238309539571091],[-110.84000352586486,32.239244538131359],[-110.84021802065261,32.239510837777416],[-110.84082363500676,32.240131058067675],[-110.84126358321681,32.240581594676961],[-110.84134529022977,32.240692959863694],[-110.84225836192931,32.241937242200478],[-110.84226357529506,32.241944346780961],[-110.84226871241937,32.241951347906891],[-110.84226904031641,32.241951797089705],[-110.84227027247934,32.241953490339583],[-110.84227624211594,32.241961701555226],[-110.84301190822841,32.242973617121329],[-110.8430569848755,32.243035617037414],[-110.84306287528845,32.243043719326316],[-110.84307886850468,32.243065715931927],[-110.84308366458562,32.243072312823053],[-110.84308689330136,32.243076753702134],[-110.84313844836028,32.243147665285278],[-110.84319454366819,32.243224829776125],[-110.84324792525929,32.243298251232488],[-110.84330069180038,32.243370834171643],[-110.84331695869183,32.243393209126062],[-110.84351288273893,32.243605562612181],[-110.84378399877197,32.243899412157937],[-110.84389194126605,32.244016405731536],[-110.8439853409114,32.244117636605594],[-110.84430234761246,32.244461219747564],[-110.84433479852648,32.244496390601903],[-110.84433765059379,32.244499481854483],[-110.84434416781532,32.244506545111534],[-110.8444645709819,32.244637041207298],[-110.84450359793149,32.244679339797003],[-110.84453672796297,32.244715246827084],[-110.84456601262802,32.244746986432823],[-110.84457740315626,32.244759331431993],[-110.84458369932433,32.244766155625868],[-110.84458382715928,32.244766293785283],[-110.84458400123444,32.24476647021298],[-110.84459811882024,32.244780716814695],[-110.84459849425015,32.244781096053877],[-110.84459884451203,32.244781449828949],[-110.84460574494027,32.244788414420078],[-110.84467366074077,32.244856960790578],[-110.84467548757853,32.244858804253823],[-110.84477273833429,32.244956907297293],[-110.8451930602286,32.245380909516463],[-110.84525527963304,32.24544367267832],[-110.84529718645994,32.245485945848863],[-110.84534113518268,32.245530278913229],[-110.84537547765596,32.245564921753974],[-110.84558240662956,32.245773659867353],[-110.84563647374871,32.245828199591905],[-110.84568945549854,32.24588164431745],[-110.84575201221898,32.245944747373848],[-110.84575732509626,32.245950105855066],[-110.84575793007804,32.24595072781915],[-110.8457612805788,32.245954214649288],[-110.84577746106295,32.245971111883861],[-110.84631006835693,32.246527282298075],[-110.84670800615612,32.246942820348671],[-110.84679255439676,32.247031107233923],[-110.846793949721,32.247032563744845],[-110.84679399795853,32.247032612850937],[-110.84680412375909,32.247042549037261],[-110.84700178952266,32.247236487123971],[-110.84765476624635,32.247877139581384],[-110.84852574006329,32.249144499610708],[-110.84852576626301,32.249144527788253],[-110.84875866445739,32.249357836970816],[-110.84896157556375,32.249543673960929],[-110.84898289871605,32.24956320153828],[-110.84899267256193,32.249572153411364],[-110.84899308308759,32.249572529327104],[-110.84899405532047,32.249573420412688],[-110.84901179294624,32.249589664865297],[-110.84901876032961,32.249596045413995],[-110.84901990685634,32.249597095788573],[-110.84908978962184,32.249661097810055],[-110.84909899128549,32.249669524497229],[-110.84918769744921,32.24975076845903],[-110.84921460216111,32.249775409511969],[-110.84923986583783,32.249798546908515],[-110.84930811205108,32.249861049707327],[-110.84931681817528,32.249869023092295],[-110.84931851173329,32.249870574079765],[-110.84932087935709,32.2498727421873],[-110.84933114569743,32.249882144590018],[-110.84934086082357,32.249891041832072],[-110.84934207245944,32.249892151371334],[-110.8493495438627,32.249898993376434],[-110.84935200912481,32.249901251587197],[-110.84935344124753,32.249902563190233],[-110.8493598385524,32.249908422168765],[-110.84936427667029,32.249912486231757],[-110.84936485413976,32.249913015060244],[-110.84938521675872,32.249931663310292],[-110.84938617011062,32.249932536197285],[-110.84938935564385,32.249935453400568],[-110.84941609457407,32.249959942408928],[-110.84945171396116,32.249992564076521],[-110.8495081002587,32.250044205317259],[-110.84965061390925,32.250174725497985],[-110.84966650490328,32.250189278705911],[-110.849676275742,32.250198226894355],[-110.84968047027746,32.25020206975001],[-110.84968443804306,32.250205703274688],[-110.85036517785063,32.250481494207371],[-110.85036607561817,32.250481857998658],[-110.85104804800064,32.250758142670925],[-110.85104813143769,32.250758176741599],[-110.85306518584287,32.250750454921238],[-110.85321025158241,32.250792391850204],[-110.85335658136228,32.250829957370101],[-110.85350478209152,32.250863158387453],[-110.85365404413155,32.25089198808292],[-110.85380457015341,32.250916446354005],[-110.85395595683404,32.250936445935139],[-110.85410780089106,32.250951895955765],[-110.85426050457616,32.250962972041954],[-110.85788839642511,32.250933816602497],[-110.85794096179795,32.250933484282172],[-110.85794447288684,32.251467107233388],[-110.85794690960726,32.251814581657896],[-110.85795392395958,32.25254588313588],[-110.85804489038027,32.25263144785572],[-110.85817154043848,32.252736974521952],[-110.85828328388192,32.252828858076931],[-110.85856396098357,32.253069638256015],[-110.85875299880524,32.253230992952524],[-110.8594089233851,32.253789541312777],[-110.85968969290946,32.254022945720116],[-110.86027756538125,32.25346497433798],[-110.86083397744569,32.253875200629764],[-110.86211826241878,32.254111546001852],[-110.86222908051228,32.254133865533611],[-110.86284385602609,32.254248485842503],[-110.86402368690167,32.255065027973849],[-110.86553303084918,32.256463217410158],[-110.8655347107978,32.256188876046252],[-110.86582491043141,32.256196324355592],[-110.86597583919102,32.256594011147577],[-110.86652484131081,32.258049639988243],[-110.86661960578088,32.258051686692497],[-110.866618348768,32.258109524535087],[-110.86661796312158,32.258143021700761],[-110.86660793354471,32.258926321034252],[-110.86660639636908,32.259709605196505],[-110.86660473009766,32.260802547367312],[-110.86660346129128,32.261640825769923],[-110.86800311376017,32.261642385930045],[-110.86839368003444,32.26245485076484],[-110.8689361899377,32.263579426180485],[-110.86939335372689,32.264527100940981],[-110.86974486664377,32.265259950799603],[-110.87090316463957,32.265259478718832],[-110.87091056750309,32.265647161325234],[-110.87183428667478,32.266419452495917],[-110.87168184222176,32.266630272123855],[-110.8719490237538,32.266769696982273],[-110.87205853725212,32.266826845832199],[-110.87202538556625,32.266964333581072],[-110.87200808266964,32.268844994844137],[-110.87199458735375,32.27007570320805],[-110.87092836189231,32.269953323617422],[-110.86863653656121,32.268815687862137],[-110.86659268819442,32.267886569637383],[-110.86662631668693,32.268846577271681],[-110.86833466688083,32.27046738845786],[-110.86810870404496,32.270986048917351],[-110.8685875018479,32.271498721601461],[-110.86881620440886,32.271743606662938],[-110.86893733520029,32.272112251137862],[-110.86916735883864,32.272471834681845],[-110.86939499844635,32.272827876485223],[-110.86952535973084,32.273290998031023],[-110.86962832768413,32.273656913851113]]]},"properties":{"OBJECTID":30,"AREA_SQMI":5.2552200200000003,"TEAM":"East","SECTOR":1,"TMSECT":"East 1","INITIALS":"ODE","AREA_SF":146507125.67699999,"AREA_ACRE":3363.3408098499999,"Shape_Leng":64487.816304100001,"TEAM_NU":4,"Shape.STArea()":146507711.7073397,"Shape.STLength()":64487.816304079592}},{"type":"Feature","id":31,"geometry":{"type":"Polygon","coordinates":[[[-110.79370235558061,32.255748956179254],[-110.79367645550776,32.255951628020938],[-110.79367005871941,32.256185877485379],[-110.79367004133337,32.256187720608068],[-110.79367003472603,32.256188084876136],[-110.79366894606095,32.256304522702806],[-110.79366892206743,32.256306730093492],[-110.79369230250285,32.25677669676238],[-110.79369049744892,32.257514444205448],[-110.79369059121181,32.257514758865007],[-110.79376544302083,32.257765325366414],[-110.79376963865992,32.258308357361528],[-110.7937741757619,32.258895455133072],[-110.79377498465199,32.259002844000534],[-110.79377577121203,32.259107305429318],[-110.79377578406502,32.259109019862812],[-110.79377578105371,32.25910952303969],[-110.79374948100811,32.260556926605901],[-110.79374944003315,32.260559133844218],[-110.79373242007071,32.261482737000556],[-110.79375355013551,32.261541669797566],[-110.79376857418266,32.261583558428171],[-110.79382432331785,32.261604407615948],[-110.79431197817425,32.261604965902933],[-110.79528385091977,32.261605953427846],[-110.79532481808444,32.261595665987315],[-110.79541714807119,32.261699903887489],[-110.79541734970024,32.261699905677347],[-110.79592796061401,32.26170373754362],[-110.79660890019311,32.261708845197134],[-110.79690506796139,32.261711127552203],[-110.79722999947543,32.261719999275229],[-110.79728099660319,32.261719863261867],[-110.79732509596522,32.261719746360889],[-110.79760471729152,32.261719389673203],[-110.79775060365742,32.261710202291781],[-110.79793135036749,32.261710515543179],[-110.79798479999501,32.261721038586707],[-110.79942567554268,32.261727091364605],[-110.80058047999141,32.261731889839865],[-110.80203469937001,32.261738030754451],[-110.80215002553099,32.261734500635114],[-110.80214998779005,32.261812879295036],[-110.80214954141265,32.262740545504585],[-110.80214923944582,32.263367207628562],[-110.80200379581095,32.263323490901861],[-110.80200444137805,32.264395397544952],[-110.80199752886513,32.265374297015775],[-110.8013621524434,32.265365595679974],[-110.80092165476034,32.265359472261132],[-110.8006566286207,32.265355842085789],[-110.7997212531389,32.265342935651397],[-110.79965939392822,32.265342045002058],[-110.79948574265346,32.265339649707009],[-110.79892374932902,32.265331928766223],[-110.79887907284107,32.26533127546751],[-110.79796452103923,32.265318625985365],[-110.79794673131823,32.26531838274331],[-110.79794866690879,32.265622043502148],[-110.79794887456818,32.265654599358626],[-110.79795165088572,32.266070963473439],[-110.79795494682963,32.266593327719818],[-110.79795829260641,32.267128148001838],[-110.79796221941314,32.26773091665423],[-110.79796121328295,32.267730478486357],[-110.79796442569972,32.26801250458746],[-110.79797062602012,32.268545287628072],[-110.79796403736194,32.268703278366914],[-110.79796040981539,32.268998901567379],[-110.7993797375304,32.269007256305557],[-110.79938438705099,32.269007297438357],[-110.79971960774448,32.269009231819929],[-110.80024872229539,32.26901236451851],[-110.80077864460583,32.269015501235152],[-110.80090602090323,32.269016197362646],[-110.80185021786738,32.269021786758245],[-110.80201439135902,32.269022720904964],[-110.8021534950019,32.269023432704394],[-110.80234697832468,32.269025139993403],[-110.80250305639436,32.269026689247454],[-110.80249255052087,32.268446881720514],[-110.8024925715133,32.268445163979514],[-110.8024925925057,32.268443446238507],[-110.8024926218951,32.268441041401118],[-110.8024926502266,32.268438723127041],[-110.80249267961598,32.268436318289645],[-110.80249727371867,32.268192756879436],[-110.80249730206081,32.268190437703602],[-110.80249733144979,32.268188032866085],[-110.8024973597919,32.268185713690215],[-110.80247855833579,32.26758304084845],[-110.80247643891011,32.267515108596676],[-110.8030716689568,32.267517695270811],[-110.8035411411375,32.267519686661501],[-110.80380984445473,32.267520851597112],[-110.80425929897483,32.267522836176163],[-110.80488243138728,32.267525487826752],[-110.80487630700877,32.2672981526146],[-110.80486349363871,32.26682346266832],[-110.80484983701308,32.266318443171095],[-110.80515856875547,32.266319786210282],[-110.80654412100522,32.266325616325133],[-110.80653007356196,32.265436808309033],[-110.8065281264256,32.264384388418222],[-110.8065275208277,32.264058659377525],[-110.8065273560582,32.263970108416096],[-110.80652697501549,32.263764893333118],[-110.8065268515257,32.263679315062454],[-110.80652682453739,32.263660957790208],[-110.80652665453417,32.263611281560095],[-110.80652664743718,32.263609074793798],[-110.80652733947011,32.263609071858284],[-110.80732108473171,32.263605231444473],[-110.80775621633687,32.263603040161144],[-110.80897486539862,32.26359706912811],[-110.81076391819565,32.26358818035424],[-110.81079559139606,32.263588050059006],[-110.81082393393309,32.263587932979618],[-110.81082397108719,32.263587932403091],[-110.81081746598845,32.262157012212313],[-110.81081453499499,32.261510112401723],[-110.81081423143452,32.261443072593977],[-110.81081422105964,32.261440864895292],[-110.81105465981129,32.2614417649107],[-110.81215098551537,32.261445860861997],[-110.8135827387883,32.262145312266789],[-110.81355460744567,32.262214516073563],[-110.81404460253115,32.26182126528623],[-110.81421606847422,32.261820013293971],[-110.81511381179952,32.261815648883015],[-110.81511216958863,32.261215131491909],[-110.81944588543878,32.260294245027332],[-110.81944650328845,32.259873185556032],[-110.82504015510501,32.259908594379972],[-110.8251144714598,32.26006780147577],[-110.82523853508592,32.260192221188305],[-110.82536790043122,32.260312992802362],[-110.82550155819058,32.260429850569203],[-110.82564072132996,32.260542804050552],[-110.82578357508403,32.260651580541733],[-110.82593092596339,32.260756186994733],[-110.82608237382645,32.260856447694799],[-110.82623771798679,32.260952103880989],[-110.82639716011161,32.261043242049176],[-110.82656009522611,32.261129685620269],[-110.82672632376,32.261211348089134],[-110.8268960483347,32.261288058044769],[-110.82706825865743,32.261359806757909],[-110.82724376538745,32.261426430769411],[-110.82742155615318,32.261488006104621],[-110.82760163507136,32.261544274873643],[-110.82809650856777,32.261685546250938],[-110.82809719593322,32.261712695537639],[-110.83213875090959,32.261702279698618],[-110.83222755723152,32.261715239968758],[-110.83231659283157,32.261725968378137],[-110.83240625994816,32.261734554050378],[-110.83240853105794,32.262087695385333],[-110.83241148213347,32.262451665079325],[-110.83241463129917,32.262798972933915],[-110.8324152993391,32.262895784537925],[-110.83272829048119,32.262997166073987],[-110.83449359037472,32.263575098721304],[-110.83454266113216,32.263597250799293],[-110.83457583869931,32.263612652873626],[-110.83482875929096,32.263699170519757],[-110.83509484733474,32.263749551528399],[-110.83538039972085,32.263778280379107],[-110.83750206112632,32.264008333380247],[-110.84070781459154,32.264328762860799],[-110.84072414894342,32.260356859654379],[-110.84083817009618,32.260357572922288],[-110.84083909083415,32.260142409272056],[-110.84088781677896,32.260142308433593],[-110.84089890620231,32.257830917464261],[-110.84089878461067,32.257824130346144],[-110.84079222958599,32.257824855114762],[-110.84077333640349,32.256735692448984],[-110.84134467935013,32.256769590977278],[-110.84133156649862,32.256304174907832],[-110.84132907817305,32.256223668507332],[-110.84131547823171,32.25578247164605],[-110.84130224328128,32.2553617217905],[-110.84129406389764,32.255095200227224],[-110.84127091521893,32.25479513662394],[-110.84125982560803,32.25450110232935],[-110.84124269466035,32.254050684992045],[-110.84122656309479,32.253618485390547],[-110.84120992084368,32.253178121875052],[-110.84119458497733,32.252764140054637],[-110.84156824238892,32.252759074423345],[-110.84194533671207,32.252753950351369],[-110.84196798077531,32.252753799400914],[-110.84216834346388,32.252752240114049],[-110.84230585634985,32.252748685097337],[-110.84263264991974,32.252740383379717],[-110.84293111614616,32.252734158594208],[-110.84326480373787,32.252724110222658],[-110.84356247750523,32.252716502857851],[-110.84356074843197,32.252554143241042],[-110.84354697944403,32.251043612775419],[-110.84393680809917,32.251038075900119],[-110.84428631254657,32.251040528225516],[-110.84505399675255,32.251033384531922],[-110.84505217665961,32.250947386355193],[-110.84527924503919,32.250943642586854],[-110.84527927932753,32.25094072282819],[-110.8452795162962,32.250937803886551],[-110.84527955058452,32.250934884127858],[-110.84528039344016,32.25093197032453],[-110.84528062933707,32.250929052275609],[-110.84528167486233,32.250926140191034],[-110.84528271830985,32.250923314662252],[-110.84528376281841,32.250920489142452],[-110.84528460466778,32.250917661002177],[-110.84528564710912,32.250914921136456],[-110.84528709488978,32.250912184708234],[-110.84528874326237,32.250909536554531],[-110.8452899873672,32.250906884070602],[-110.8452916347442,32.250904320678231],[-110.84529328211055,32.250901758187553],[-110.84529533274903,32.250899284788453],[-110.84529718072834,32.250896808768836],[-110.84529922934408,32.250894507597536],[-110.84530107636176,32.250892203814743],[-110.84530352926608,32.250889905170126],[-110.84530598014776,32.250887778753317],[-110.84530843102931,32.250885652336493],[-110.8453108809048,32.250883611582687],[-110.84531332977424,32.25088165649192],[-110.84531577864357,32.250879701401111],[-110.84531883137693,32.250877923676249],[-110.84532147988723,32.250876228195018],[-110.84532717811264,32.250873011977909],[-110.84533042948082,32.250871579525537],[-110.84533632325736,32.250868880799644],[-110.84533957159688,32.250867706238004],[-110.84534281894101,32.250866616437641],[-110.84534606526853,32.250865613202009],[-110.84534931057948,32.250864696531089],[-110.84535255489503,32.250863864621465],[-110.84535620146619,32.250863208367925],[-110.84535944375922,32.250862548686015],[-110.84536288669941,32.250862062950546],[-110.84536612597464,32.25086166025774],[-110.84536976851143,32.250861347557887],[-110.8453734100317,32.250861121422744],[-110.84537664527271,32.250861062283739],[-110.84538048638966,32.250861009184177],[-110.84538371960829,32.25086112227288],[-110.8454306178761,32.250861348608858],[-110.84543092156294,32.250801050987825],[-110.85018916250422,32.250764602573277],[-110.85104813143769,32.250758176741599],[-110.85104804800064,32.250758142670925],[-110.85036607561817,32.250481857998658],[-110.85036517785063,32.250481494207371],[-110.84968443804306,32.250205703274688],[-110.84968047027746,32.25020206975001],[-110.849676275742,32.250198226894355],[-110.84966650490328,32.250189278705911],[-110.84965061390925,32.250174725497985],[-110.8495081002587,32.250044205317259],[-110.84945171396116,32.249992564076521],[-110.84941609457407,32.249959942408928],[-110.84938935564385,32.249935453400568],[-110.84938617011062,32.249932536197285],[-110.84938521675872,32.249931663310292],[-110.84936485413976,32.249913015060244],[-110.84936427667029,32.249912486231757],[-110.8493598385524,32.249908422168765],[-110.84935344124753,32.249902563190233],[-110.84935200912481,32.249901251587197],[-110.8493495438627,32.249898993376434],[-110.84934207245944,32.249892151371334],[-110.84934086082357,32.249891041832072],[-110.84933114569743,32.249882144590018],[-110.84932087935709,32.2498727421873],[-110.84931851173329,32.249870574079765],[-110.84931681817528,32.249869023092295],[-110.84930811205108,32.249861049707327],[-110.84923986583783,32.249798546908515],[-110.84921460216111,32.249775409511969],[-110.84918769744921,32.24975076845903],[-110.84909899128549,32.249669524497229],[-110.84908978962184,32.249661097810055],[-110.84901990685634,32.249597095788573],[-110.84901876032961,32.249596045413995],[-110.84901179294624,32.249589664865297],[-110.84899405532047,32.249573420412688],[-110.84899308308759,32.249572529327104],[-110.84899267256193,32.249572153411364],[-110.84898289871605,32.24956320153828],[-110.84896157556375,32.249543673960929],[-110.84875866445739,32.249357836970816],[-110.84852576626301,32.249144527788253],[-110.84852574006329,32.249144499610708],[-110.84765476624635,32.247877139581384],[-110.84700178952266,32.247236487123971],[-110.84680412375909,32.247042549037261],[-110.84679399795853,32.247032612850937],[-110.846793949721,32.247032563744845],[-110.84679255439676,32.247031107233923],[-110.84670800615612,32.246942820348671],[-110.84631006835693,32.246527282298075],[-110.84577746106295,32.245971111883861],[-110.8457612805788,32.245954214649288],[-110.84575793007804,32.24595072781915],[-110.84575732509626,32.245950105855066],[-110.84575201221898,32.245944747373848],[-110.84568945549854,32.24588164431745],[-110.84563647374871,32.245828199591905],[-110.84558240662956,32.245773659867353],[-110.84537547765596,32.245564921753974],[-110.84534113518268,32.245530278913229],[-110.84529718645994,32.245485945848863],[-110.84525527963304,32.24544367267832],[-110.8451930602286,32.245380909516463],[-110.84477273833429,32.244956907297293],[-110.84467548757853,32.244858804253823],[-110.84467366074077,32.244856960790578],[-110.84460574494027,32.244788414420078],[-110.84459884451203,32.244781449828949],[-110.84459849425015,32.244781096053877],[-110.84459811882024,32.244780716814695],[-110.84458400123444,32.24476647021298],[-110.84458382715928,32.244766293785283],[-110.84458369932433,32.244766155625868],[-110.84457740315626,32.244759331431993],[-110.84456601262802,32.244746986432823],[-110.84453672796297,32.244715246827084],[-110.84450359793149,32.244679339797003],[-110.8444645709819,32.244637041207298],[-110.84434416781532,32.244506545111534],[-110.84433765059379,32.244499481854483],[-110.84433479852648,32.244496390601903],[-110.84430234761246,32.244461219747564],[-110.8439853409114,32.244117636605594],[-110.84389194126605,32.244016405731536],[-110.84378399877197,32.243899412157937],[-110.84351288273893,32.243605562612181],[-110.84331695869183,32.243393209126062],[-110.84330069180038,32.243370834171643],[-110.84324792525929,32.243298251232488],[-110.84319454366819,32.243224829776125],[-110.84313844836028,32.243147665285278],[-110.84308689330136,32.243076753702134],[-110.84308366458562,32.243072312823053],[-110.84307886850468,32.243065715931927],[-110.84306287528845,32.243043719326316],[-110.8430569848755,32.243035617037414],[-110.84301190822841,32.242973617121329],[-110.84227624211594,32.241961701555226],[-110.84227027247934,32.241953490339583],[-110.84226904031641,32.241951797089705],[-110.84226871241937,32.241951347906891],[-110.84226357529506,32.241944346780961],[-110.84225836192931,32.241937242200478],[-110.84134529022977,32.240692959863694],[-110.84126358321681,32.240581594676961],[-110.84082363500676,32.240131058067675],[-110.84021802065261,32.239510837777416],[-110.84000352586486,32.239244538131359],[-110.83925043005807,32.238309539571091],[-110.83924923792527,32.238308059460088],[-110.83924518990428,32.238303033439792],[-110.83924446105588,32.238302126319503],[-110.83924438263422,32.23830202825561],[-110.83924306252746,32.238300333324958],[-110.839239520254,32.238295788672993],[-110.83923146052072,32.238285447461067],[-110.83922555708381,32.238277873344124],[-110.83919489542969,32.238238531166459],[-110.83919008112531,32.238232354216613],[-110.83917299798637,32.23821043530684],[-110.83915440872414,32.238186580898059],[-110.8391518364144,32.238183281794711],[-110.83914839973023,32.23817887150814],[-110.83914154201095,32.238170073613297],[-110.83912902022031,32.238154009350602],[-110.83906883322314,32.238076785640416],[-110.83903009216529,32.238027075880503],[-110.83901757669398,32.238011018875277],[-110.83900279730777,32.237992054973475],[-110.83899527800264,32.237982407336666],[-110.83868362760123,32.237582533491128],[-110.83855535137535,32.237417942307545],[-110.83831719160375,32.237112358100831],[-110.83734019836707,32.236107829825869],[-110.83723880932058,32.23600358146787],[-110.83695892547462,32.235562257166748],[-110.8369458032752,32.235562301058259],[-110.83692178391698,32.235562382598758],[-110.83689824628956,32.235562461938343],[-110.83687552886803,32.235562538362302],[-110.83684799844686,32.235562631369824],[-110.83681988655823,32.235562726616919],[-110.83679177360882,32.23556282184871],[-110.8367493861453,32.235562964624897],[-110.83343577101168,32.235574113904214],[-110.83343490308658,32.235574114580452],[-110.83343462193329,32.235574113072133],[-110.83342933883142,32.235574046140655],[-110.83342049122503,32.235573934223915],[-110.8333724234711,32.235573326469058],[-110.83331772318596,32.235572635681976],[-110.83327285284071,32.235572071533653],[-110.83308848950207,32.235569742257091],[-110.83308008321657,32.235569635904461],[-110.83307491786654,32.235569570869686],[-110.83291062398641,32.235567493690148],[-110.83244439660955,32.235561599588721],[-110.8324414155779,32.235561562287714],[-110.83244100182108,32.235561558737658],[-110.83244058696052,32.235561558785328],[-110.8324396277328,32.235561564082154],[-110.83154277512953,32.235566172762724],[-110.83154169282511,32.235566177897653],[-110.83154158141836,32.235566177842777],[-110.83154023404603,32.23556616717439],[-110.83102614563417,32.235561662253922],[-110.83102408432039,32.23556164093732],[-110.83101146670528,32.23556145678301],[-110.83096803810201,32.235560822138403],[-110.83092500732123,32.235560192700618],[-110.83090577962142,32.235559912061554],[-110.83089017999143,32.235559684236776],[-110.83089013437213,32.235559683844791],[-110.83088875930916,32.235559681949582],[-110.83061750691887,32.235559308775493],[-110.8303795499493,32.235558981364072],[-110.83037811335352,32.235558978934364],[-110.83027395129191,32.235558834674691],[-110.83027248923423,32.235558832024871],[-110.82989013062829,32.23555785193151],[-110.82988871739427,32.235557847893546],[-110.8281110298273,32.235553278234647],[-110.82811087809519,32.235553278731189],[-110.82810956457702,32.235553276434118],[-110.82394579780367,32.235552695743543],[-110.82394448850897,32.235552695243278],[-110.82384473571238,32.235552677598378],[-110.82383463586778,32.235552675924637],[-110.82383337221393,32.235552674014322],[-110.82372346478822,32.235552356529269],[-110.82363425716747,32.235552099863028],[-110.81958804594686,32.235540471339782],[-110.81958677913349,32.235540467555957],[-110.81733002871623,32.235535961683219],[-110.81732996612257,32.235535961138687],[-110.81391126044925,32.235524726875099],[-110.81391020586321,32.235524721279177],[-110.81390885851019,32.235524709521123],[-110.81308165873651,32.235515596933688],[-110.81308031142758,32.235515581559952],[-110.81189536855102,32.235500554340625],[-110.81189402230382,32.235500538963556],[-110.81069338485665,32.235488361758009],[-110.81069203751655,32.235488349063964],[-110.81016003424169,32.235483532102073],[-110.80958909795864,32.235478372717012],[-110.8095844342276,32.235478330956298],[-110.80958368308441,32.235478326179141],[-110.80958166091044,32.235478315677248],[-110.80957505004544,32.235478287518603],[-110.80957330263516,32.235478280325623],[-110.80956559578885,32.235478247975301],[-110.80955641526786,32.235478209025935],[-110.80954977045394,32.235478180568563],[-110.80954203920687,32.235478148003011],[-110.80687259492568,32.235466772762798],[-110.80685908241021,32.235466722625837],[-110.80682848615506,32.235466609018275],[-110.80680755427291,32.235466531588344],[-110.80678573860249,32.235466450901505],[-110.80673266781237,32.235466254400308],[-110.8067058008685,32.235466154581815],[-110.80669882074929,32.235466128440045],[-110.80664925328699,32.235465944640367],[-110.80664336064996,32.235465923539216],[-110.80576797543026,32.235462947302693],[-110.80483135741584,32.235459757212134],[-110.8047417348571,32.235459451991161],[-110.80465511061284,32.235459156859392],[-110.80423074566953,32.235457707795611],[-110.80419054433237,32.235457570314168],[-110.804157512016,32.235457455354791],[-110.80414175554736,32.235457397796715],[-110.80362646570907,32.235455426620277],[-110.80362588215722,32.235455425989279],[-110.80250882083229,32.235453432880291],[-110.80247716917941,32.235453382861216],[-110.80247577919843,32.235453386837833],[-110.80131909883423,32.235461975444501],[-110.80131781697737,32.235461987577153],[-110.80106636029345,32.235465017253368],[-110.80106162746675,32.235465073766342],[-110.80105616135801,32.235465140037789],[-110.80105589501636,32.235465142195395],[-110.80105456444613,32.235465146680902],[-110.80067682673216,32.235466253529204],[-110.79838640738322,32.23547293902692],[-110.7983831913262,32.235472948441597],[-110.79838230748462,32.235472949637895],[-110.79838219608993,32.235472948652102],[-110.79838059744361,32.235472923682941],[-110.79830996131361,32.23547179805464],[-110.79830988067403,32.235471798242756],[-110.79830862089767,32.235471826772702],[-110.79822852465568,32.235473652841229],[-110.79822848434142,32.235473652484401],[-110.798227138013,32.235473644175393],[-110.79746833607767,32.235470352658787],[-110.79746793397393,32.235470350901004],[-110.79601837524265,32.235464230504995],[-110.79490746526898,32.235459529238618],[-110.79489381919382,32.235459471225305],[-110.79489245263235,32.235459469013755],[-110.79234124689333,32.235460295480536],[-110.79233896788159,32.235460291435452],[-110.79233762155586,32.235460283063695],[-110.78974254182617,32.235432903807279],[-110.78624331368985,32.235434600814408],[-110.78389485106592,32.235450337508361],[-110.78335366168896,32.235442562199701],[-110.78126088055265,32.235442417484215],[-110.7796322310877,32.235437737227137],[-110.77786041296707,32.235438359599577],[-110.77621990380977,32.235444951559806],[-110.77507881337738,32.235444343187659],[-110.77486005631853,32.235444225324663],[-110.77464896927755,32.235444111471637],[-110.77445969440255,32.235444008658128],[-110.77431483109376,32.235443930105639],[-110.77418511364468,32.235443859367578],[-110.77403451985673,32.235443777380155],[-110.77387528313099,32.235443690095337],[-110.7737208633711,32.23544360559783],[-110.77354414552316,32.235443509478181],[-110.77338207168725,32.235443420254839],[-110.77324290389835,32.235443343306301],[-110.77311492971218,32.235443272814628],[-110.77297804414904,32.235443197289911],[-110.77292988300869,32.235443170802114],[-110.77292119162267,32.239092922705467],[-110.77289535418801,32.239092813276599],[-110.77289522445156,32.239114596850449],[-110.77289508137225,32.239114583831906],[-110.77287139251521,32.239114563285383],[-110.77257531359226,32.239114310425016],[-110.77245778103774,32.239114608788405],[-110.77221227482691,32.239115231459444],[-110.77210635407398,32.2391155607203],[-110.76612539912198,32.239075758580654],[-110.76579517148078,32.239295909171517],[-110.76509002526079,32.239625253537717],[-110.76454381309209,32.239789489324451],[-110.76422856759885,32.239783092944428],[-110.7642122468548,32.241203666953098],[-110.76419453442665,32.242734346370369],[-110.76472418863727,32.242730329819679],[-110.76548874879079,32.242724671196086],[-110.76642190910664,32.242717708602541],[-110.76723377524303,32.242711611554334],[-110.7671049824875,32.244047839330229],[-110.76709535279562,32.244147747484782],[-110.76707425995352,32.244366582236161],[-110.76706756190917,32.244448981613886],[-110.76856417589258,32.244452969936034],[-110.76900806616926,32.244454167565131],[-110.76895283733518,32.245277325099927],[-110.76888113541762,32.246027921240533],[-110.76884663857066,32.246456230170295],[-110.76808382478791,32.246449125361899],[-110.76808166993955,32.246684546904902],[-110.7680754940759,32.247303630197088],[-110.76807465507028,32.247392871593689],[-110.76807399375578,32.24746319220295],[-110.7680695200643,32.247938778067535],[-110.76804896378974,32.250034470085268],[-110.76804781254874,32.250151872608441],[-110.76804099478949,32.250846875568037],[-110.76804094922031,32.250882607930251],[-110.76458583098412,32.250883080533605],[-110.76413769801079,32.250883134923839],[-110.76413810055314,32.250851270937552],[-110.76377626220315,32.250849515921701],[-110.76377577162366,32.250888336455567],[-110.76258789869466,32.250888312854109],[-110.76258823332783,32.250861859935057],[-110.76225507305035,32.250862337473073],[-110.76222474870545,32.250862403950158],[-110.76190452606984,32.250862913119057],[-110.76186085983413,32.250862944125409],[-110.76186090969367,32.250890946231657],[-110.76103287480616,32.250891018880139],[-110.76099405976535,32.250891093963574],[-110.76029742690986,32.250891160788164],[-110.75970106421502,32.250891197924972],[-110.7596666972143,32.250891226764047],[-110.75939826325933,32.250891279530684],[-110.75934863765255,32.250891289344722],[-110.75934549979519,32.25112793491509],[-110.75936627277972,32.253028144030466],[-110.7593736202127,32.253691929583823],[-110.75938808253629,32.254623517662367],[-110.75892469808795,32.254625283894136],[-110.75866591456256,32.254626262064527],[-110.75822557865065,32.254627893429699],[-110.75778200632261,32.254629665811017],[-110.75733479657224,32.254631317580923],[-110.757231516416,32.254627301779514],[-110.75723271362357,32.254650919037132],[-110.75724377545571,32.255621119394547],[-110.75692975672507,32.255622344491854],[-110.75494890466965,32.255610944341178],[-110.75496869000885,32.258165673308184],[-110.75496923916992,32.258236624256455],[-110.75495624786112,32.258399448938825],[-110.75526641411638,32.258396889469587],[-110.75544065400408,32.258396928583572],[-110.75620145135005,32.258397098297465],[-110.75624626257705,32.258397107772957],[-110.75625301652136,32.258397109399098],[-110.75799430074744,32.258397813971328],[-110.75811675132614,32.258397863097741],[-110.75945380741717,32.258398386112773],[-110.75945361996949,32.25831755568926],[-110.76061766211312,32.258323147275632],[-110.7623109863317,32.258329356598296],[-110.76234292819083,32.258329476257579],[-110.76359241734187,32.258340559273506],[-110.76364801248469,32.25834105233411],[-110.76388035501002,32.258342373972098],[-110.7638833444974,32.25805295761333],[-110.76387908657846,32.257558072398147],[-110.7638821275126,32.257125528102854],[-110.76390087103803,32.256794226406079],[-110.76388637582707,32.256341508490479],[-110.76389791475746,32.255876401193156],[-110.76388889965676,32.255654113915895],[-110.76378446117951,32.255654801156417],[-110.76368155739586,32.25565547796986],[-110.76367742422126,32.254606993403875],[-110.76444517402278,32.254605299825528],[-110.76464784351577,32.254604852282405],[-110.76492158470732,32.254604084799084],[-110.76561584379699,32.254602166735069],[-110.7656081380626,32.252617382403713],[-110.76560769048399,32.252044022890999],[-110.76643566424444,32.252049674191831],[-110.76643584939286,32.252131191013603],[-110.7679641364943,32.252134360146933],[-110.76796588119728,32.253504933719647],[-110.76796913627126,32.254594984706394],[-110.76800310370032,32.254594692080126],[-110.76860601120786,32.254590638210985],[-110.76864402147936,32.254590382154554],[-110.76906817817054,32.254589254639349],[-110.76905866507579,32.253867039757381],[-110.76905517051301,32.253502035818414],[-110.76905173645545,32.252939384847487],[-110.76905002153357,32.252465051528915],[-110.76905018647017,32.252387660875399],[-110.77003995288932,32.252388488085941],[-110.7702902020641,32.252390501329103],[-110.77180374620174,32.252402690394703],[-110.77184059722907,32.252402986480313],[-110.77195287776718,32.252403890325915],[-110.77203792194183,32.252404574346528],[-110.77206656109279,32.25240480497812],[-110.77206679160415,32.252446737904798],[-110.77207007320445,32.253063118553293],[-110.77211939509465,32.253063565429542],[-110.77211997161304,32.253210968396338],[-110.77212035508548,32.253262194815427],[-110.77212646748514,32.254078921589276],[-110.77212963597225,32.254596488534382],[-110.77210116623907,32.254596233290634],[-110.77198575190016,32.254595196534694],[-110.77198573481151,32.25459740397725],[-110.77198538102986,32.254664581891994],[-110.77198340958157,32.255038342357842],[-110.77198339816013,32.255040520994108],[-110.7719668910234,32.255069998124796],[-110.77196664678333,32.255070433282739],[-110.77196665641007,32.255070511826247],[-110.77197989241084,32.255179078176653],[-110.77198138674561,32.25519133179818],[-110.77197880012314,32.255221128957253],[-110.77197823192142,32.255227675358078],[-110.77197839535678,32.255227675035499],[-110.77197820422076,32.25522988270427],[-110.77197860643115,32.255229882741773],[-110.77198052831493,32.25522988482664],[-110.77223048413856,32.255230111527709],[-110.77227978359824,32.255230155952965],[-110.77229518523184,32.255230170129821],[-110.77244362844526,32.255229847389259],[-110.77247107504793,32.255229787582365],[-110.7727051919574,32.255229159262278],[-110.77281030210041,32.255228870213159],[-110.77334567814025,32.255227398956215],[-110.77348558316665,32.25522694721213],[-110.77405571264005,32.255225405086492],[-110.77428538245573,32.255224733611264],[-110.77465940450259,32.255223648882982],[-110.775156145747,32.255222289602344],[-110.77518319881177,32.255222215729866],[-110.77518465170331,32.255222211724451],[-110.7751846496249,32.255221953791789],[-110.77518463687019,32.255220004893935],[-110.77518467932639,32.255220004375765],[-110.77518467724796,32.255219746443139],[-110.77518295925425,32.254966510014626],[-110.77518226251412,32.254863857609159],[-110.77518174694106,32.254793624628199],[-110.77517944676563,32.254480055424033],[-110.77517792838324,32.254273196573727],[-110.7751778723223,32.254245365715875],[-110.77517682041159,32.254080013567254],[-110.7751753151359,32.253843271980308],[-110.77517488903827,32.253776233961617],[-110.77632579170775,32.253780663027548],[-110.77633480639335,32.253780697509441],[-110.77633740398863,32.253780465749166],[-110.77642984557113,32.25377220735826],[-110.77647408818525,32.253778142824594],[-110.77651408597758,32.253782034367177],[-110.77652452317584,32.253783050204483],[-110.77653409865265,32.253783981610788],[-110.77653340211127,32.253774926692586],[-110.77651643054277,32.253554290445678],[-110.77651329380527,32.253513516237305],[-110.77650482225027,32.253403378146771],[-110.7765007087353,32.253349905032444],[-110.77650044059043,32.253340283142457],[-110.77650030058186,32.253335267886868],[-110.77649970817055,32.253313976520893],[-110.77649414985021,32.253114504740232],[-110.77649317250248,32.253079435849685],[-110.77649159735323,32.252871440153626],[-110.77649107721216,32.252811762637855],[-110.77648580169695,32.252295717476201],[-110.77648533895221,32.252250466524089],[-110.77647379683974,32.251791831794392],[-110.77646942343581,32.25161804122618],[-110.77646865905112,32.251587669908716],[-110.77646562862725,32.251467241788689],[-110.77646561786128,32.251466829570127],[-110.77646742750545,32.251381218439171],[-110.77646957501638,32.251279611568911],[-110.77647776612307,32.25125704767747],[-110.77648506811666,32.25123693225688],[-110.77649504019931,32.251226317021242],[-110.77651031127868,32.251210061972998],[-110.7765104736762,32.251209889391745],[-110.77649361861828,32.250955672981533],[-110.77649341228735,32.250952568034329],[-110.7764926303133,32.250809397926339],[-110.77649225242749,32.250740118434628],[-110.77659324451876,32.250742102109058],[-110.77662912538808,32.250741941643383],[-110.77720570945311,32.250739326729466],[-110.77758093365733,32.250737642437336],[-110.77760779588247,32.250732858922731],[-110.77771078508266,32.250735954492676],[-110.77784177316212,32.250730771373348],[-110.77786841664798,32.250736369129449],[-110.77827032688707,32.250734579757783],[-110.77867475403185,32.250732725206326],[-110.77897791655226,32.250731333599276],[-110.77986543575224,32.250727297609053],[-110.77994371742864,32.250726979365744],[-110.78009938932634,32.250726347338542],[-110.7810359826497,32.250722539906185],[-110.78104285740068,32.250722511525133],[-110.78108052066398,32.250717524964543],[-110.78125625342005,32.250735047376232],[-110.78138553083517,32.250737359887403],[-110.78144395320462,32.250755392395163],[-110.781447154196,32.250756380672577],[-110.7814617082493,32.250756822574921],[-110.78153566556787,32.250759066174361],[-110.78157958857233,32.2507610912795],[-110.78169944831482,32.250766616728015],[-110.7817393230843,32.250768454807925],[-110.78177349096929,32.25077104420842],[-110.78189240219695,32.250780054519403],[-110.78194250161204,32.250783851099897],[-110.78195920591833,32.250785721769333],[-110.78207338825123,32.250798507649222],[-110.78219686539236,32.25081233460444],[-110.78266070356212,32.25087018401085],[-110.78268814263508,32.250869688132418],[-110.78276689389172,32.250885475767795],[-110.78286684488393,32.25090551351532],[-110.78293873405813,32.250913823970741],[-110.78298272330288,32.250915907800575],[-110.78300648809706,32.250927573899332],[-110.78324722260912,32.250979210211],[-110.78324762469792,32.250979303998307],[-110.78346250544224,32.251029243425016],[-110.78351734725906,32.251042888980379],[-110.78359685888184,32.251062672478007],[-110.78366807109983,32.251080391224271],[-110.78382440382033,32.251121883543242],[-110.78386633887604,32.251133013524075],[-110.78387641569326,32.251135687534052],[-110.78416805314598,32.251220111612405],[-110.78424951192554,32.251243692497049],[-110.7842567233855,32.251245779873528],[-110.78462124353943,32.251362880869706],[-110.78463164533919,32.251366222357611],[-110.78463245287253,32.251366482097382],[-110.7848152304978,32.251429535898545],[-110.78501085029036,32.251500349023544],[-110.78501266046375,32.251501052409324],[-110.78501447169828,32.251501755804632],[-110.78501471404877,32.251501809378091],[-110.78504884703854,32.251509296154026],[-110.78516256655364,32.251557712386159],[-110.78520022232496,32.251571395368813],[-110.78528839569252,32.251609883841404],[-110.78530971778751,32.251624568500496],[-110.78531379829839,32.251626692707298],[-110.78538115419275,32.251661754520804],[-110.78542943187051,32.251686885296571],[-110.78556762026437,32.251759244792041],[-110.78558813494411,32.251769814483232],[-110.78570010377948,32.251827500382952],[-110.78570743023639,32.251831275070323],[-110.78585612489439,32.251904157566926],[-110.78600321227144,32.2519762526641],[-110.78623188246075,32.252088246367968],[-110.78648466507103,32.252212137282939],[-110.78657106734622,32.252254655397579],[-110.7868266638108,32.252379945150231],[-110.78705814897978,32.252493336895881],[-110.7870589987844,32.252493612328884],[-110.78721954581781,32.252545610761331],[-110.78736519808403,32.252616877138848],[-110.78749159781023,32.25268807406961],[-110.78762134989344,32.25276366193571],[-110.78774360160219,32.252823035036421],[-110.78776868242993,32.252841470090793],[-110.78788782376074,32.252873067814008],[-110.78804832342036,32.252951719246951],[-110.78831370627806,32.253102314068101],[-110.78873045948366,32.253312906652155],[-110.78873281132208,32.253314094578641],[-110.78938668820014,32.253634655342736],[-110.78988666990014,32.253877649890278],[-110.79005688015151,32.253960425479349],[-110.79080404557561,32.25432355701998],[-110.791339805647,32.254583958358864],[-110.79194349115447,32.254877602862642],[-110.79194411566166,32.254877734674785],[-110.79197615699418,32.254884507492747],[-110.79207172276662,32.254940035277599],[-110.79207408409631,32.25494140719421],[-110.79207638750596,32.254942312365074],[-110.79218647788431,32.254985590373437],[-110.79220574317708,32.255005431903726],[-110.79228517558643,32.255043617709298],[-110.79239325322386,32.255095574574298],[-110.79247683210129,32.255138063575487],[-110.79264890215471,32.255225574990916],[-110.7934162819768,32.255615843962012],[-110.79344366489495,32.255624849326601],[-110.79347295016819,32.255627256903836],[-110.79358168108227,32.255695825204462],[-110.79360337115189,32.255705375108953],[-110.79361620427872,32.255711025345697],[-110.79370235558061,32.255748956179254]]]},"properties":{"OBJECTID":31,"AREA_SQMI":6.7455122799999998,"TEAM":"East","SECTOR":2,"TMSECT":"East 2","INITIALS":"ODE","AREA_SF":188054089.56600001,"AREA_ACRE":4317.1278596399998,"Shape_Leng":72126.893981500005,"TEAM_NU":4,"Shape.STArea()":205565360.94955778,"Shape.STLength()":97298.654189818}},{"type":"Feature","id":32,"geometry":{"type":"Polygon","coordinates":[[[-110.86155367775038,32.221540306309613],[-110.86216124808027,32.221549174210075],[-110.86228361305393,32.221550959768493],[-110.86232580925819,32.221551575991057],[-110.86235016897129,32.221551931594334],[-110.8623557481867,32.221552012401652],[-110.86235584577686,32.221552013215707],[-110.86236527960651,32.221552051324885],[-110.86237583578541,32.22155209338424],[-110.86258199272415,32.221552906493947],[-110.86536015125893,32.221563832296177],[-110.86546296036413,32.221564236472979],[-110.86547510988279,32.221564286114031],[-110.8655046620196,32.221564411945437],[-110.86550825712438,32.221564426513112],[-110.86552524066012,32.221564598416002],[-110.86554341965602,32.221564782061876],[-110.86556530381692,32.22156500373174],[-110.86558579098327,32.221565211075259],[-110.86560754043798,32.221565430715827],[-110.86562428849528,32.221565599745432],[-110.86564604218304,32.221565820316393],[-110.86566284433961,32.221565989790726],[-110.86568120259534,32.221566175809187],[-110.86570149034952,32.221566380573996],[-110.86572583967532,32.221566627222735],[-110.86575108851878,32.221566882247629],[-110.86580204761808,32.221567397922158],[-110.86590074965657,32.221568396159952],[-110.86627685803805,32.221572198671204],[-110.8668993440661,32.221578489364397],[-110.86755193845451,32.221585075600544],[-110.86865951860914,32.221596256056714],[-110.86886642729461,32.221594359706813],[-110.87084579214945,32.22158773226235],[-110.87195447116795,32.221597806246713],[-110.87497001278099,32.221605988887127],[-110.87505187098364,32.221606212592761],[-110.87517252598398,32.221606544910756],[-110.87517160143936,32.221496530373258],[-110.87516750937613,32.221010072411985],[-110.8751931843202,32.219741744804921],[-110.87516471507939,32.216944808567376],[-110.87516468371554,32.21694188372301],[-110.87516539588786,32.215776420798548],[-110.87516540123215,32.215771764771063],[-110.87515300931931,32.215342497856092],[-110.87514194299658,32.214363341028879],[-110.87513823257233,32.212100714949479],[-110.87511863216648,32.210460463555741],[-110.87510713121412,32.209900657668193],[-110.87508478331847,32.208643831704677],[-110.87508473582615,32.208637017190924],[-110.87507326517473,32.206985539375417],[-110.87507265493107,32.206898088824921],[-110.87507196096078,32.206810632172576],[-110.87506576592331,32.206034332740828],[-110.87508397356126,32.205195790676484],[-110.87508054853312,32.204441275612133],[-110.87508426803007,32.203671492041366],[-110.87508405060355,32.202511863777865],[-110.87511802738746,32.199680065376832],[-110.87509938364349,32.19880544742054],[-110.87510110634906,32.196510260912753],[-110.87509834203547,32.193933463771835],[-110.87517527041994,32.19228769739366],[-110.87502419612471,32.192284916368394],[-110.86652512608374,32.192271809824362],[-110.86064531970956,32.192222842491041],[-110.85967012181823,32.19224785299356],[-110.85896949506385,32.192229155663156],[-110.85797069398329,32.192136634747079],[-110.85792608748928,32.192132500720653],[-110.85792488600474,32.192050424482538],[-110.85784901257934,32.186874730984648],[-110.85788998655593,32.184679090769485],[-110.85785540308032,32.181119003859187],[-110.8550242491511,32.181143982317842],[-110.85446742580854,32.1811526225856],[-110.85438224263609,32.18114692283082],[-110.85428855339021,32.181126122786701],[-110.85420963645444,32.181102955945448],[-110.85412480368909,32.181067367326357],[-110.85405188752082,32.181031793095379],[-110.85399351747553,32.180996344645827],[-110.85391177196463,32.180955712709491],[-110.85383909164311,32.180900127210592],[-110.85376684230407,32.180807182101624],[-110.85370890766934,32.180734282907373],[-110.8536714886971,32.18066902946984],[-110.8536316450398,32.180568793990574],[-110.85361759424903,32.180508806051868],[-110.85361589830758,32.180411381101678],[-110.85360914251414,32.178837160561216],[-110.85361968373215,32.177860412979172],[-110.85361150822641,32.177816622345425],[-110.85359438463962,32.177777738147007],[-110.85357430803654,32.177732643559622],[-110.85354823857244,32.177698752382057],[-110.85351931250925,32.177667327107592],[-110.85349451479526,32.177645815939421],[-110.85345667694499,32.177616724498684],[-110.85340714823612,32.177585211691181],[-110.8533552915631,32.177562958998351],[-110.85329893455683,32.177545560811481],[-110.85326102067525,32.177540262230707],[-110.85320818946198,32.17753234379277],[-110.85313560140403,32.17752108211171],[-110.85302846553586,32.177527740283516],[-110.85182697047235,32.177529142865922],[-110.8502895612104,32.177530104929119],[-110.84949943157201,32.177540192376036],[-110.84871766088646,32.177526636688391],[-110.84718031481925,32.177521979232552],[-110.84538406733445,32.177512360951972],[-110.84431394818327,32.177507500947783],[-110.84305260800559,32.177463497913799],[-110.84238640328626,32.177442597171449],[-110.84102919256627,32.177393740300083],[-110.84093929820391,32.177390502133875],[-110.84093923036126,32.177396272278024],[-110.84093921031295,32.177398518531405],[-110.84093913009949,32.177410030433364],[-110.84093904391749,32.177423402731101],[-110.84093898408094,32.177432730607762],[-110.84093891365315,32.177443770943057],[-110.84093888542048,32.177448066052968],[-110.84093886189507,32.177451780433287],[-110.84093886082431,32.177451961689215],[-110.8409388362705,32.177455853718605],[-110.84093881330696,32.177459430125872],[-110.84092937056184,32.178936546027956],[-110.84092667384762,32.179358331220563],[-110.84092663604692,32.179364161138295],[-110.84092662796687,32.179366291158509],[-110.84092662660937,32.179367218213635],[-110.84092662620527,32.179370318652943],[-110.84092680165864,32.179572546927119],[-110.84092691224831,32.17970021251616],[-110.84092697162063,32.179769289403076],[-110.84092705920945,32.179870053629095],[-110.84092721144894,32.180045847668104],[-110.84092721713748,32.180054381598637],[-110.84092721668125,32.180054871280674],[-110.84092717833772,32.180061558819943],[-110.84092680770034,32.180125902924189],[-110.8409256126093,32.180333312173055],[-110.84092464607303,32.180501084052125],[-110.84092348364013,32.180702827459122],[-110.84092344038454,32.180710653949063],[-110.84092343946158,32.180711273488548],[-110.84092350056302,32.180763248348065],[-110.84092403372036,32.18121900793593],[-110.84092425279164,32.181406695650324],[-110.84092426044003,32.181413078765686],[-110.84092426358794,32.18141416367655],[-110.84092428616921,32.181416842260738],[-110.84092451003376,32.181441088573457],[-110.84092756920873,32.181772029479312],[-110.84093092712195,32.182135366119915],[-110.8409384238232,32.182946399985198],[-110.84093965364217,32.183079513876315],[-110.84093972877457,32.183087552395136],[-110.84093968597402,32.18309200339143],[-110.84093963762776,32.183096655445368],[-110.84093092162453,32.183930031744289],[-110.84093085145102,32.183936719910669],[-110.84093084665598,32.183938029305509],[-110.84092969779579,32.184680585837512],[-110.84092969485278,32.184688500141625],[-110.84092973551279,32.184870603102297],[-110.84092980763428,32.185128563398152],[-110.84093019136888,32.186509237195466],[-110.84093027560591,32.186811867121868],[-110.84093036617975,32.187138929955083],[-110.840930370865,32.187146826284824],[-110.84093053520202,32.18734608094141],[-110.84093084095539,32.187713898583084],[-110.840930936956,32.187829072854797],[-110.84093100517785,32.187911537169619],[-110.84093108965675,32.188012994739481],[-110.84093127978291,32.188241517079909],[-110.84093143131541,32.188422110345549],[-110.84093143953926,32.18842997604213],[-110.8409318906198,32.188810762050075],[-110.84093227946668,32.189136972400625],[-110.84093258013172,32.189389628196459],[-110.84093279385846,32.189569616842007],[-110.84093298790584,32.189732255308328],[-110.8409330200915,32.189740067098278],[-110.84093306975699,32.189752343018178],[-110.8409331109583,32.189762363428265],[-110.84093320275775,32.189784760769278],[-110.84093338548786,32.189829268666706],[-110.84093386834446,32.189940308667794],[-110.84093600494822,32.190431302516849],[-110.84093722383257,32.19071146148849],[-110.84093857127996,32.191021167680901],[-110.84094019105476,32.191393364682291],[-110.84094224448188,32.191865271722094],[-110.84094228189066,32.191873270229493],[-110.84094230053903,32.191876733354263],[-110.84094235571591,32.191885745651859],[-110.8409424079677,32.191894375555357],[-110.84094246042103,32.191902988326106],[-110.84094251492957,32.191912057432248],[-110.84094257511856,32.191921905754086],[-110.84094263574205,32.191931807286615],[-110.84094270171596,32.191942786532493],[-110.84094275089485,32.191950866303209],[-110.84094289439064,32.192036479439537],[-110.84094719782902,32.194595265976282],[-110.84095162029871,32.195017492185798],[-110.8409501943576,32.195868643295832],[-110.84095533643058,32.196623514852426],[-110.84095601287363,32.196837698590016],[-110.84095577004739,32.197343811324842],[-110.84097378638157,32.198178632469158],[-110.84095843353104,32.199014414126239],[-110.84096665987609,32.200169957309718],[-110.84096578527323,32.200552250913539],[-110.840960563632,32.200919900848696],[-110.84095947731679,32.201312783496498],[-110.84095794083667,32.20167487710907],[-110.84096260996913,32.202093668157119],[-110.84095364006424,32.202855846264264],[-110.84096835300015,32.203173105553056],[-110.84095152031759,32.203653733915409],[-110.84095692664648,32.206387228855036],[-110.84095711736495,32.206483397013365],[-110.84095727737622,32.206579650581212],[-110.8409593609952,32.207820178328063],[-110.84096306105101,32.208621761820034],[-110.84096450213772,32.209383384753828],[-110.84095714714509,32.21011971810114],[-110.84096104012445,32.210904598700232],[-110.8409654753877,32.211652505947022],[-110.84096532675355,32.21242332069086],[-110.84095911220582,32.21349706070427],[-110.84096146313905,32.214001210238102],[-110.84093466085828,32.215745690498629],[-110.84093473164261,32.21695791769406],[-110.84094649678647,32.218730427184383],[-110.84097792439995,32.220928453102452],[-110.84097933024773,32.221026260058103],[-110.84109166172854,32.221026381826917],[-110.84524490977725,32.221030713036832],[-110.84737264637738,32.221022142338342],[-110.84954823146857,32.221026700408174],[-110.85175051011281,32.221020665667169],[-110.85493330778807,32.22103515599693],[-110.85623296947348,32.221056384157187],[-110.85625315241792,32.221060394303045],[-110.85639523428281,32.221088626165376],[-110.8564868064403,32.221106820899379],[-110.85664280771992,32.221137817858946],[-110.85670508294567,32.221150191730672],[-110.85674518287038,32.221156912833216],[-110.85702899641909,32.221204485005423],[-110.85704576966037,32.221206680852241],[-110.85705287723259,32.221207611587765],[-110.85706455335254,32.221209140647382],[-110.85709618894367,32.221213282741161],[-110.857286831957,32.221238243093261],[-110.85783414680354,32.221271092893318],[-110.85793112117392,32.221274019069675],[-110.85802804641025,32.221281185081217],[-110.85806827163547,32.221284157079914],[-110.85866254070918,32.221328098350618],[-110.85895389705917,32.221372413390775],[-110.85898523909179,32.221377183825325],[-110.85901722165596,32.221383165335048],[-110.85942249706071,32.221459002132484],[-110.85968411059815,32.221504433855849],[-110.85989681132595,32.221516107074926],[-110.86155367775038,32.221540306309613]]]},"properties":{"OBJECTID":32,"AREA_SQMI":4.95289731,"TEAM":"East","SECTOR":3,"TMSECT":"East 3","INITIALS":"ODE","AREA_SF":138078852.31799999,"AREA_ACRE":3169.8542772699998,"Shape_Leng":52857.673229799999,"TEAM_NU":4,"Shape.STArea()":138079404.6350233,"Shape.STLength()":52857.673229836299}},{"type":"Feature","id":33,"geometry":{"type":"Polygon","coordinates":[[[-110.78974254182617,32.235432903807279],[-110.79233762155586,32.235460283063695],[-110.79233896788159,32.235460291435452],[-110.79234124689333,32.235460295480536],[-110.79489245263235,32.235459469013755],[-110.79489381919382,32.235459471225305],[-110.79490746526898,32.235459529238618],[-110.79601837524265,32.235464230504995],[-110.79746793397393,32.235470350901004],[-110.79746833607767,32.235470352658787],[-110.798227138013,32.235473644175393],[-110.79822848434142,32.235473652484401],[-110.79822852465568,32.235473652841229],[-110.79830862089767,32.235471826772702],[-110.79830988067403,32.235471798242756],[-110.79830996131361,32.23547179805464],[-110.79838059744361,32.235472923682941],[-110.79838219608993,32.235472948652102],[-110.79838230748462,32.235472949637895],[-110.7983831913262,32.235472948441597],[-110.79838640738322,32.23547293902692],[-110.80067682673216,32.235466253529204],[-110.80105456444613,32.235465146680902],[-110.80105589501636,32.235465142195395],[-110.80105616135801,32.235465140037789],[-110.80106162746675,32.235465073766342],[-110.80106636029345,32.235465017253368],[-110.80131781697737,32.235461987577153],[-110.80131909883423,32.235461975444501],[-110.80247577919843,32.235453386837833],[-110.80247716917941,32.235453382861216],[-110.80250882083229,32.235453432880291],[-110.80362588215722,32.235455425989279],[-110.80362646570907,32.235455426620277],[-110.80414175554736,32.235457397796715],[-110.804157512016,32.235457455354791],[-110.80419054433237,32.235457570314168],[-110.80423074566953,32.235457707795611],[-110.80465511061284,32.235459156859392],[-110.8047417348571,32.235459451991161],[-110.80483135741584,32.235459757212134],[-110.80576797543026,32.235462947302693],[-110.80664336064996,32.235465923539216],[-110.80664925328699,32.235465944640367],[-110.80669882074929,32.235466128440045],[-110.8067058008685,32.235466154581815],[-110.80673266781237,32.235466254400308],[-110.80678573860249,32.235466450901505],[-110.80680755427291,32.235466531588344],[-110.80682848615506,32.235466609018275],[-110.80685908241021,32.235466722625837],[-110.80687259492568,32.235466772762798],[-110.80954203920687,32.235478148003011],[-110.80954977045394,32.235478180568563],[-110.80955641526786,32.235478209025935],[-110.80956559578885,32.235478247975301],[-110.80957330263516,32.235478280325623],[-110.80957505004544,32.235478287518603],[-110.80958166091044,32.235478315677248],[-110.80958368308441,32.235478326179141],[-110.8095844342276,32.235478330956298],[-110.80958909795864,32.235478372717012],[-110.81016003424169,32.235483532102073],[-110.81069203751655,32.235488349063964],[-110.81069338485665,32.235488361758009],[-110.81189402230382,32.235500538963556],[-110.81189536855102,32.235500554340625],[-110.81308031142758,32.235515581559952],[-110.81308165873651,32.235515596933688],[-110.81390885851019,32.235524709521123],[-110.81391020586321,32.235524721279177],[-110.81391126044925,32.235524726875099],[-110.81732996612257,32.235535961138687],[-110.81733002871623,32.235535961683219],[-110.81958677913349,32.235540467555957],[-110.81958804594686,32.235540471339782],[-110.82363425716747,32.235552099863028],[-110.82372346478822,32.235552356529269],[-110.82383337221393,32.235552674014322],[-110.82383463586778,32.235552675924637],[-110.82384473571238,32.235552677598378],[-110.82394448850897,32.235552695243278],[-110.82394579780367,32.235552695743543],[-110.82810956457702,32.235553276434118],[-110.82811087809519,32.235553278731189],[-110.8281110298273,32.235553278234647],[-110.82988871739427,32.235557847893546],[-110.82989013062829,32.23555785193151],[-110.83027248923423,32.235558832024871],[-110.83027395129191,32.235558834674691],[-110.83037811335352,32.235558978934364],[-110.8303795499493,32.235558981364072],[-110.83061750691887,32.235559308775493],[-110.83088875930916,32.235559681949582],[-110.83089013437213,32.235559683844791],[-110.83089017999143,32.235559684236776],[-110.83090577962142,32.235559912061554],[-110.83092500732123,32.235560192700618],[-110.83096803810201,32.235560822138403],[-110.83101146670528,32.23556145678301],[-110.83102408432039,32.23556164093732],[-110.83102614563417,32.235561662253922],[-110.83154023404603,32.23556616717439],[-110.83154158141836,32.235566177842777],[-110.83154169282511,32.235566177897653],[-110.83154277512953,32.235566172762724],[-110.8324396277328,32.235561564082154],[-110.83244058696052,32.235561558785328],[-110.83244100182108,32.235561558737658],[-110.8324414155779,32.235561562287714],[-110.83244439660955,32.235561599588721],[-110.83291062398641,32.235567493690148],[-110.83307491786654,32.235569570869686],[-110.83308008321657,32.235569635904461],[-110.83308848950207,32.235569742257091],[-110.83327285284071,32.235572071533653],[-110.83331772318596,32.235572635681976],[-110.8333724234711,32.235573326469058],[-110.83342049122503,32.235573934223915],[-110.83342933883142,32.235574046140655],[-110.83343462193329,32.235574113072133],[-110.83343490308658,32.235574114580452],[-110.83343577101168,32.235574113904214],[-110.8367493861453,32.235562964624897],[-110.83679177360882,32.23556282184871],[-110.83681988655823,32.235562726616919],[-110.83684799844686,32.235562631369824],[-110.83687552886803,32.235562538362302],[-110.83689824628956,32.235562461938343],[-110.83692178391698,32.235562382598758],[-110.8369458032752,32.235562301058259],[-110.83695892547462,32.235562257166748],[-110.83625281854646,32.234712468309411],[-110.83580451719664,32.234197615448259],[-110.83579124515742,32.234182372302008],[-110.83577652960464,32.23416547281203],[-110.83576534797348,32.234152631020855],[-110.83575234809769,32.234137701322155],[-110.83573409029705,32.234116732331735],[-110.83572205137507,32.234102905644214],[-110.83570988264557,32.234088930850561],[-110.83569513050375,32.23407198775152],[-110.83567852452221,32.23405291675914],[-110.83566524518386,32.234037666322934],[-110.83565077985794,32.234021053930263],[-110.83563438010479,32.234002220068142],[-110.83562343298311,32.233989648107595],[-110.83561028974312,32.233974553940897],[-110.83560186429916,32.23396487761174],[-110.83559471067693,32.23395666226898],[-110.83558394047648,32.233944292921741],[-110.83557233809931,32.233930967752606],[-110.83555809891732,32.233914614299351],[-110.83554575856782,32.233900442329656],[-110.83553608539957,32.233889332269122],[-110.83552517284444,32.233876800275461],[-110.83551266712605,32.233862437508193],[-110.83549960976255,32.233847441460085],[-110.83548740552142,32.233833424858389],[-110.83547397969669,32.233818006314678],[-110.83546546530137,32.233808228213078],[-110.83545246762334,32.233793300306402],[-110.83543998495765,32.233778963881733],[-110.83543187146714,32.233769647326348],[-110.83542741645581,32.233764529326159],[-110.8354165803504,32.2337520845509],[-110.83540731858081,32.233741447842469],[-110.83539632547193,32.233728822262457],[-110.83538542029572,32.2337162975345],[-110.83537275550104,32.233701753030921],[-110.83536562705011,32.233693565846849],[-110.83535772084417,32.233684486432203],[-110.83534901387507,32.233674486633994],[-110.83534113385295,32.233665436300278],[-110.83533120322544,32.233654030933785],[-110.83532452593913,32.233646361638336],[-110.83531719546791,32.233637942761924],[-110.83530797246168,32.233627349664786],[-110.83530228226132,32.233620815172522],[-110.83529800520243,32.233615902499132],[-110.83529275675117,32.233609874093425],[-110.83528529439694,32.233601303484754],[-110.83527837216977,32.233593353432319],[-110.83527280654297,32.233586961588529],[-110.8352673330365,32.233580675142527],[-110.83520807308152,32.233529255564264],[-110.83514937503394,32.233478325038327],[-110.83511702666513,32.233450256278047],[-110.83504586597137,32.233388511879419],[-110.83498205678363,32.233333145726732],[-110.83494566313729,32.233301567632267],[-110.83492462239529,32.233283309887391],[-110.83485667977459,32.233224356971348],[-110.83478607078898,32.233163090600819],[-110.8347187416644,32.233104669519726],[-110.83463211426049,32.233029503432391],[-110.83454100687884,32.232950450009362],[-110.83443274585098,32.232856512279987],[-110.8340609589783,32.232533911130744],[-110.83401720241075,32.232495469164924],[-110.83384353635705,32.23234289237206],[-110.8338255827001,32.23232711922649],[-110.83361915814052,32.232145760701592],[-110.83345910608296,32.232005143503528],[-110.83317050331753,32.231751582728187],[-110.83285356619274,32.231473125590931],[-110.83282116552243,32.231446006309291],[-110.83275900527711,32.231393979061188],[-110.83271843463933,32.231360022515517],[-110.8325983617539,32.231259523180135],[-110.83246704739842,32.231149615224332],[-110.83231282450028,32.231020532931524],[-110.83224272520083,32.230917800816584],[-110.83213788887753,32.230764159315136],[-110.83208874213283,32.230692134014049],[-110.83204481370549,32.230627754816872],[-110.83199508522772,32.230554875886043],[-110.8318775191406,32.230382578336673],[-110.83175639129087,32.230205059297589],[-110.83174552927068,32.230183889903309],[-110.83171151638112,32.230117602719545],[-110.83163588689416,32.229970204959649],[-110.83156883727126,32.229839529094079],[-110.83148688393496,32.229679807853735],[-110.83140575733711,32.229521695270073],[-110.83131542411418,32.229345639658419],[-110.83121161121296,32.229143312176305],[-110.83112714974689,32.228978700300054],[-110.83105593003052,32.228839893716149],[-110.83104351401708,32.228792223917665],[-110.83102732764917,32.228730079278435],[-110.83102354716839,32.228715562868793],[-110.831009951171,32.228663363069678],[-110.83099357818705,32.228600498983425],[-110.83094262995969,32.228404886653919],[-110.8308959869611,32.22822580264743],[-110.83087469727495,32.228144062948815],[-110.83084375764591,32.228025272529912],[-110.83078954196594,32.227817113160832],[-110.83075503011416,32.227684607090403],[-110.83068501747847,32.227415795219173],[-110.83068506574645,32.2274117365967],[-110.83068566363161,32.227361463239752],[-110.83068593371055,32.227338753529033],[-110.83068614129439,32.227326651247381],[-110.83068635070119,32.227314395674],[-110.83068656488901,32.227301916493346],[-110.83068682557484,32.227286687198131],[-110.83068707877699,32.22727190874253],[-110.83068729811099,32.227259086017192],[-110.8306874709683,32.22724901160295],[-110.83068768521989,32.227236527011812],[-110.83068789567598,32.227224272349105],[-110.83068809987101,32.227212365730423],[-110.83068831546272,32.227199768424768],[-110.83068944439752,32.22713392270132],[-110.83068957971946,32.227126023125017],[-110.83068976638458,32.22711514441653],[-110.83069035665645,32.227080676077392],[-110.83069287521542,32.226933753527675],[-110.83069432745114,32.226849017702918],[-110.83069561680905,32.226773784631547],[-110.83069594506294,32.226754657399844],[-110.83069741864415,32.22666866102854],[-110.83069780090901,32.226646330136845],[-110.83069818562836,32.22662388203112],[-110.83069858783315,32.226600409621675],[-110.83069899006973,32.226576934507008],[-110.83069912159331,32.226569264858398],[-110.83070210879131,32.226394973744846],[-110.83070320148518,32.226331191038277],[-110.83070916955131,32.225982955934803],[-110.83070970709308,32.225951581239869],[-110.83071098279909,32.225877135318854],[-110.83071109048628,32.225874681522555],[-110.83071119233252,32.22587236204545],[-110.8307170224266,32.225791767951158],[-110.8307202916088,32.225746581186478],[-110.83075576910542,32.225256174328585],[-110.83069378774411,32.224921191774079],[-110.8306732091568,32.224809969895603],[-110.83063165533076,32.224585386332755],[-110.83062946532067,32.224573548415293],[-110.83062738295955,32.224562293089157],[-110.83062529358088,32.224551003433909],[-110.83062248353582,32.224535815381572],[-110.83062014198227,32.224523160927035],[-110.83061781739035,32.224510596799043],[-110.83061636698233,32.224502760247233],[-110.8306131442185,32.224485344788924],[-110.83061028432277,32.224469888470807],[-110.83060934832825,32.224464827596059],[-110.83060641563959,32.224448980169328],[-110.83060405016475,32.224436196550222],[-110.83060294766814,32.224430238749058],[-110.83060133382416,32.224421515216889],[-110.83059936611411,32.224410878613966],[-110.83059735156088,32.224399988200361],[-110.83059570279944,32.224391078595545],[-110.83059469801967,32.22438564648639],[-110.83058046936884,32.224308746063691],[-110.83057881163174,32.224299788585618],[-110.83057878359196,32.224299648564362],[-110.83057780168247,32.224295058940491],[-110.8305719668637,32.224267843629278],[-110.83049861595779,32.223925740862974],[-110.83043876246253,32.22364658303281],[-110.83043527868736,32.223630334970785],[-110.83043345037819,32.223621806186856],[-110.83043113257321,32.223610994326286],[-110.83042899565918,32.223601029014723],[-110.83042663662633,32.223590026518181],[-110.83042495303739,32.223582174432323],[-110.83042386046294,32.223577078843185],[-110.83042252464075,32.22357084939393],[-110.83042065609068,32.223562136295016],[-110.83041866596533,32.223552852208329],[-110.83041625969528,32.223541629264318],[-110.83041376897533,32.223530014209594],[-110.83041232863607,32.223523295983647],[-110.83041128532747,32.223518428975261],[-110.83040986908507,32.22351182548605],[-110.83040844785,32.223505195801451],[-110.83040587975303,32.223493218456383],[-110.83040367148669,32.223482919763754],[-110.83040208739466,32.223475532963981],[-110.83040064303913,32.223468795765356],[-110.83039927706979,32.22346242537462],[-110.83039650995653,32.22344952016163],[-110.83039419112038,32.223438706487755],[-110.83039172858435,32.223427219731505],[-110.83039025007302,32.223420321717299],[-110.8303885896114,32.223412577144828],[-110.83038754229803,32.223407690262007],[-110.83038550492883,32.223398186629176],[-110.83038327052385,32.223387766869152],[-110.83038120701256,32.223378142169203],[-110.83037945307007,32.223369962121502],[-110.83037879770821,32.223366907474713],[-110.83037740462383,32.223360408793837],[-110.830375998436,32.223353852284575],[-110.83037462241985,32.22334743491313],[-110.83037246240657,32.223337361184832],[-110.83036954353238,32.223323747648998],[-110.83036771319894,32.22331521163202],[-110.83036574318362,32.223306021505188],[-110.83036346556142,32.223295400270018],[-110.83036194378973,32.223288304387523],[-110.83035969636124,32.223277820486629],[-110.83035735643681,32.223266907431736],[-110.83035581158749,32.223259700428365],[-110.83035413502775,32.223251882670475],[-110.83035283742156,32.223245830303227],[-110.8303510452874,32.223237472270533],[-110.83034955568176,32.223230526364517],[-110.83034685291008,32.223217921103597],[-110.83034550203345,32.223211620281091],[-110.83034434818167,32.22320623648752],[-110.83034305859093,32.223200223868616],[-110.83034130062623,32.223192025749505],[-110.83033945123705,32.223183397583774],[-110.8303344879413,32.223160250592834],[-110.83033188166608,32.223148095261465],[-110.83032879090368,32.223133682146596],[-110.83032442867157,32.223113338632864],[-110.83032198625182,32.223101945835914],[-110.83031915486278,32.223088737962534],[-110.83031688329352,32.223078143832552],[-110.8303139453313,32.223064441753834],[-110.83031116215845,32.223051461550398],[-110.83030885541609,32.223040702988797],[-110.83030707635008,32.223032406390594],[-110.83030477662643,32.223021682157956],[-110.83030283975127,32.223012650131224],[-110.83030095817259,32.223003874693347],[-110.83029904544802,32.222994952894737],[-110.83029667335155,32.222983891665308],[-110.83029495361225,32.222975869726604],[-110.83029322481973,32.222967806226848],[-110.83029117742961,32.222958254710143],[-110.8302892204571,32.222949128722327],[-110.83028767155709,32.222941906352354],[-110.8302854703763,32.222931638379563],[-110.83028506028998,32.222929725726246],[-110.83028488463189,32.222928796255523],[-110.83028009018982,32.222903496292908],[-110.8301895257971,32.222425547519364],[-110.83011109333097,32.222011620436668],[-110.83004765230403,32.221676807076378],[-110.83003424262648,32.221606039598441],[-110.83001620361938,32.221528385788147],[-110.82998492222772,32.221393731134945],[-110.82992981046498,32.221156488347297],[-110.82989890506795,32.220975006879776],[-110.82989845563978,32.22097461884502],[-110.82971252794613,32.220110035149162],[-110.82964336867832,32.219747028702685],[-110.82941960924062,32.218572531735433],[-110.82940703432016,32.218514770023937],[-110.82928851166679,32.217970351060266],[-110.82909157565761,32.217065733994531],[-110.82899814879525,32.216652724898914],[-110.82874390575211,32.215528787354046],[-110.82862587252423,32.214954307316738],[-110.82844211511566,32.214059922529984],[-110.82837069019214,32.213690617276619],[-110.82832360981622,32.213447182407464],[-110.82827900770114,32.213216562824059],[-110.82814954516193,32.212547155829533],[-110.8280036512505,32.211896803076137],[-110.82783677961777,32.211152924914288],[-110.82718263270617,32.209755665806966],[-110.82657300564227,32.208426288543627],[-110.8265726954981,32.208425612217326],[-110.82657249459334,32.208425203768712],[-110.82656532565487,32.208410589445919],[-110.8265517436696,32.208382905804847],[-110.82621648067445,32.20769953660664],[-110.8259548599771,32.207166266970312],[-110.82585432312558,32.206959766129067],[-110.82581748794922,32.206884107484896],[-110.82577213952072,32.206790963222453],[-110.82572941257135,32.206703202825572],[-110.82569866825787,32.206640055211288],[-110.82567036521982,32.206581921979001],[-110.82565034357336,32.206540798003658],[-110.82562840105091,32.206524639391404],[-110.8255695551037,32.206481303682196],[-110.825532648533,32.206454124747665],[-110.82550950951895,32.206437084640086],[-110.82382060257189,32.206437690439984],[-110.82381925550314,32.206437690519223],[-110.82369031687489,32.206437500241321],[-110.82368896984931,32.206437496712311],[-110.82006307304648,32.20642562589196],[-110.82006172604405,32.206425620520882],[-110.81760514445534,32.206414843293402],[-110.8176037974757,32.206414836092726],[-110.81532737768724,32.206401297984421],[-110.8153260306761,32.206401293464594],[-110.81121054725958,32.206398650840036],[-110.81120920022822,32.206398648079777],[-110.81017392556264,32.206394908531401],[-110.81017348967998,32.20639490381469],[-110.81017284268964,32.206394901759381],[-110.81017257856445,32.206394903054935],[-110.80938720171974,32.206403053720237],[-110.80921833815907,32.206404805819808],[-110.80898575998557,32.206407218716954],[-110.80892394634746,32.206407860292224],[-110.8087698005187,32.206409459384226],[-110.80861714725926,32.206411042511839],[-110.80855166744593,32.206411722113899],[-110.80854247125056,32.20641181736184],[-110.80853694971529,32.206411874476821],[-110.80853639812157,32.206411877758327],[-110.80853423532838,32.206411883150075],[-110.80852473363478,32.206411892752648],[-110.80849652554595,32.206411921453991],[-110.80847396246664,32.206411944620591],[-110.80843917806993,32.206411980594005],[-110.80840735300777,32.206412013641859],[-110.80837240950451,32.206412050005774],[-110.80834498102151,32.206412078293106],[-110.80830862149661,32.20641211575284],[-110.80828249660495,32.206412142829727],[-110.80824864244796,32.206412176986305],[-110.80823824552638,32.206412187736618],[-110.80822492534088,32.206412200812366],[-110.80818615806557,32.206412238770149],[-110.80815747374015,32.206412266827449],[-110.80812295348193,32.206412300520746],[-110.80811068975352,32.206412312026117],[-110.8080857581658,32.206412335998664],[-110.80805959510593,32.206412361792999],[-110.80803210194109,32.206412388543441],[-110.80801094535194,32.206412409532064],[-110.80798133716377,32.20641243846589],[-110.80795467770409,32.206412464394369],[-110.8079235696985,32.206412494590644],[-110.80789559286094,32.20641252157867],[-110.80788136578167,32.206412535682666],[-110.80785553260327,32.206412560720665],[-110.80783394644128,32.206412581519324],[-110.80780654873986,32.206412608156178],[-110.8077847122513,32.206412629456288],[-110.8077671333847,32.206412646613835],[-110.80773982054005,32.206412673078688],[-110.80772087231669,32.206412691745761],[-110.80770342286148,32.206412708225983],[-110.80768633933499,32.206412725208203],[-110.80766190839225,32.206412748979631],[-110.80763669254206,32.206412773075456],[-110.80761284497741,32.206412796544043],[-110.80758914379312,32.206412819488676],[-110.80757254501211,32.20641283529713],[-110.80755780138273,32.206412849342193],[-110.80754157384428,32.206412864796221],[-110.80752585543301,32.206412880205711],[-110.80750596107484,32.206412899558117],[-110.80748083856642,32.206412923539922],[-110.80745548800328,32.206412948221292],[-110.8074381509802,32.206412964749525],[-110.80741116695724,32.206412990421107],[-110.80738966777487,32.20641301100526],[-110.80737460487148,32.206413025834813],[-110.80735031712892,32.206413048998854],[-110.80733061157443,32.206413068176701],[-110.80731232310239,32.206413086258905],[-110.80729531382806,32.206413102938029],[-110.80727097941002,32.206413126579072],[-110.80723763865193,32.206413158657242],[-110.80720207786365,32.206413192887872],[-110.80716375609018,32.206413229932501],[-110.80713120979641,32.206413260838509],[-110.80710747043422,32.206413283357769],[-110.80708252930694,32.206413307048606],[-110.80706057614853,32.206413328101434],[-110.80703507814698,32.206413353208063],[-110.80701330212547,32.206413374003773],[-110.8069851481569,32.206413401039136],[-110.8069535299594,32.206413431929327],[-110.80693170089896,32.206413453147221],[-110.8069094157399,32.2064134748668],[-110.80690801456618,32.206413476094475],[-110.80687246968903,32.206413510372002],[-110.80681188077848,32.206413570079071],[-110.80681045204099,32.206413570161878],[-110.80681039689151,32.206413569677721],[-110.80680894625442,32.206413538906801],[-110.80680325612624,32.206413416809873],[-110.80679086210999,32.206413151992052],[-110.80676324598289,32.206412561452382],[-110.80671342603327,32.20641149640975],[-110.80671209519659,32.206411470296736],[-110.80670547583667,32.206411354466105],[-110.8060600350229,32.206400347428406],[-110.80506332339806,32.206383354215134],[-110.80506192784631,32.206383329319365],[-110.80506176348047,32.206383326070551],[-110.80505644384756,32.206383178294807],[-110.80450408978076,32.206367909089998],[-110.80450298598397,32.206367878638353],[-110.80450271134129,32.20636787261509],[-110.804502071831,32.20636786608754],[-110.8010584310577,32.206340698062277],[-110.80105708409688,32.206340689783616],[-110.79967112887651,32.206332661813541],[-110.79966978193843,32.206332651716664],[-110.79887187530265,32.206324825769187],[-110.79887052834297,32.20632481746722],[-110.79785070219077,32.206322315678008],[-110.79784935514326,32.20632231457882],[-110.79617991231028,32.206322284072918],[-110.79617847084012,32.206322284824488],[-110.79617843053875,32.206322284467305],[-110.79617520368878,32.206322306369366],[-110.7956382385898,32.206325957325603],[-110.79519274761631,32.206328984496835],[-110.79519137392278,32.206328993954607],[-110.79518928760896,32.20632899077836],[-110.79436428630487,32.206327865181827],[-110.79317783476078,32.206326237095375],[-110.79317780082282,32.206326236793792],[-110.79317151873346,32.206326125957183],[-110.79316947949566,32.206326089799113],[-110.79252247437255,32.20631466427578],[-110.7925211519639,32.206314643499162],[-110.79252111588264,32.206314644981944],[-110.79250685364227,32.206316400233092],[-110.79249532040832,32.206317819928401],[-110.7924773731022,32.20632002848189],[-110.79246062192817,32.20632208985316],[-110.7924471064692,32.206323753441261],[-110.79243321283992,32.206325463264342],[-110.79241967189328,32.206327129328251],[-110.79240198909616,32.206329305052741],[-110.79238928841677,32.206330867663539],[-110.79237410516771,32.206332736453028],[-110.7923549712792,32.206335091351022],[-110.79232534945164,32.206338736343838],[-110.79231368131052,32.206340171957031],[-110.79228830223983,32.206343295554127],[-110.79225396810257,32.206347520866458],[-110.79222289517779,32.206351345013864],[-110.7922042286947,32.206353641821508],[-110.79217481505907,32.206357261576414],[-110.79213453422543,32.206362219435746],[-110.79213382780925,32.20636230603823],[-110.79213376415338,32.206362307275654],[-110.79212478181226,32.206362522269238],[-110.79210624843604,32.206362966133881],[-110.79208862432702,32.206363388324299],[-110.79206635307264,32.206363922481195],[-110.79203609680397,32.206364648028206],[-110.79199929741186,32.206365529990848],[-110.79196090229142,32.206366450051554],[-110.79189967147454,32.20636791724263],[-110.79167252190237,32.206373360402132],[-110.79167117339607,32.206373391689112],[-110.7916711203458,32.206373393020677],[-110.79167004573073,32.206373405101537],[-110.79049122803427,32.206386649904545],[-110.79048977257776,32.206386666699132],[-110.78978543288032,32.206383571247059],[-110.78979111220134,32.206670926228199],[-110.78979262636811,32.206747522835407],[-110.78979332448131,32.206782861789854],[-110.78979465963016,32.206850407184],[-110.78979552038854,32.206893974757286],[-110.78979654581732,32.206945864755426],[-110.78979762162189,32.207000292882164],[-110.78979871917188,32.207055796154215],[-110.78979949467804,32.20709500905047],[-110.7897912926107,32.207170429666803],[-110.78978258812545,32.207250465751471],[-110.78977837353656,32.207289212122035],[-110.78976884357351,32.20737683675133],[-110.78976445901131,32.207417151648329],[-110.7897591376816,32.207466082157858],[-110.78975475913526,32.20750633849012],[-110.78975010174686,32.207549165186592],[-110.78974434621801,32.20760208141008],[-110.78974456777064,32.207667032295831],[-110.78974476722323,32.207725517942691],[-110.78974563154354,32.207978408043743],[-110.78975201503869,32.209847236680567],[-110.78975135799627,32.210146410897245],[-110.78973913122144,32.211776625061979],[-110.78974560414181,32.212398660983297],[-110.78973777558026,32.213180684728904],[-110.78973123066272,32.213563985231843],[-110.78973174164761,32.213620940536181],[-110.78973445143166,32.213923088985787],[-110.78973554110773,32.21404458166014],[-110.78973710832642,32.214219290452782],[-110.7897387143182,32.214398337264967],[-110.7897400504668,32.214547403890535],[-110.78974162705941,32.214723243616007],[-110.78974313424024,32.214891294737157],[-110.78974418857987,32.215008857016251],[-110.78974776187913,32.215407397925439],[-110.78975056712775,32.21572020376373],[-110.78975181689438,32.215859587821292],[-110.78975358428816,32.215944196404472],[-110.78976083762664,32.216291554813473],[-110.78975309734156,32.216876279518424],[-110.78974597901643,32.217414009502313],[-110.78974774106382,32.218426785111269],[-110.78974785266477,32.218490828597389],[-110.78974978692605,32.219532869101371],[-110.78975128702808,32.220341116640355],[-110.78975209723097,32.220777589497963],[-110.78975218666531,32.220825885473161],[-110.78975455963558,32.222069270613687],[-110.78975600733868,32.222827806380742],[-110.78975665272853,32.223166355320835],[-110.78974623771576,32.223682846786836],[-110.78974332529573,32.225337593900456],[-110.78974039214226,32.227003736489074],[-110.78973934134274,32.227600380380252],[-110.78973851652481,32.228068754765644],[-110.78974035992795,32.228115903002326],[-110.78973850824616,32.228164243838968],[-110.78974046738038,32.228858601293446],[-110.78974080716357,32.228979183401222],[-110.78973103417304,32.2297710192598],[-110.78974729237481,32.230340916493098],[-110.78974171059699,32.231051796924234],[-110.78974415817983,32.231789308747643],[-110.78974288025702,32.233611991066844],[-110.78975260693225,32.234098345451208],[-110.78974254182617,32.235432903807279]]]},"properties":{"OBJECTID":33,"AREA_SQMI":4.7422258900000003,"TEAM":"East","SECTOR":4,"TMSECT":"East 4","INITIALS":"ODE","AREA_SF":132205670.377,"AREA_ACRE":3035.0245724699998,"Shape_Leng":47698.155844599998,"TEAM_NU":4,"Shape.STArea()":132206199.20115019,"Shape.STLength()":47698.155844584813}},{"type":"Feature","id":34,"geometry":{"type":"Polygon","coordinates":[[[-110.82657300564227,32.208426288543627],[-110.82718263270617,32.209755665806966],[-110.82783677961777,32.211152924914288],[-110.8280036512505,32.211896803076137],[-110.82814954516193,32.212547155829533],[-110.82827900770114,32.213216562824059],[-110.82832360981622,32.213447182407464],[-110.82837069019214,32.213690617276619],[-110.82844211511566,32.214059922529984],[-110.82862587252423,32.214954307316738],[-110.82874390575211,32.215528787354046],[-110.82899814879525,32.216652724898914],[-110.82909157565761,32.217065733994531],[-110.82928851166679,32.217970351060266],[-110.82940703432016,32.218514770023937],[-110.82941960924062,32.218572531735433],[-110.82964336867832,32.219747028702685],[-110.82971252794613,32.220110035149162],[-110.82989845563978,32.22097461884502],[-110.82990791675356,32.220982785809127],[-110.83099083556606,32.2209764656413],[-110.832367769885,32.220978190470802],[-110.83458954868894,32.220997705057705],[-110.83714876583804,32.221013446446356],[-110.84086696668619,32.2210258899186],[-110.84097933024773,32.221026260058103],[-110.84097792439995,32.220928453102452],[-110.84094649678647,32.218730427184383],[-110.84093473164261,32.21695791769406],[-110.84093466085828,32.215745690498629],[-110.84096146313905,32.214001210238102],[-110.84095911220582,32.21349706070427],[-110.84096532675355,32.21242332069086],[-110.8409654753877,32.211652505947022],[-110.84096104012445,32.210904598700232],[-110.84095714714509,32.21011971810114],[-110.84096450213772,32.209383384753828],[-110.84096306105101,32.208621761820034],[-110.8409593609952,32.207820178328063],[-110.84095727737622,32.206579650581212],[-110.84095711736495,32.206483397013365],[-110.84095692664648,32.206387228855036],[-110.84095152031759,32.203653733915409],[-110.84096835300015,32.203173105553056],[-110.84095364006424,32.202855846264264],[-110.84096260996913,32.202093668157119],[-110.84095794083667,32.20167487710907],[-110.84095947731679,32.201312783496498],[-110.840960563632,32.200919900848696],[-110.84096578527323,32.200552250913539],[-110.84096665987609,32.200169957309718],[-110.84095843353104,32.199014414126239],[-110.84097378638157,32.198178632469158],[-110.84095577004739,32.197343811324842],[-110.84095601287363,32.196837698590016],[-110.84095533643058,32.196623514852426],[-110.8409501943576,32.195868643295832],[-110.84095162029871,32.195017492185798],[-110.84094719782902,32.194595265976282],[-110.84094289439064,32.192036479439537],[-110.84094275089485,32.191950866303209],[-110.84085244660764,32.191950787972218],[-110.83977306484709,32.191949853176226],[-110.83911043167276,32.191949274914542],[-110.83810298347227,32.191948388687194],[-110.83711161705122,32.19194750817271],[-110.83611727321392,32.191944084695251],[-110.8348079922082,32.191940210375094],[-110.83371675470694,32.191936971614389],[-110.83293685296289,32.191934650553833],[-110.83239199154274,32.191934020057623],[-110.83156520169874,32.191931763750254],[-110.83072244121331,32.191929457775764],[-110.83002209296838,32.191927536739783],[-110.82897075535251,32.191924646760626],[-110.82862274691573,32.191924042747132],[-110.82791297979202,32.191922807249696],[-110.82734023595737,32.191921807601759],[-110.82678674015769,32.191920839587084],[-110.82654532711764,32.191920083473711],[-110.82527694833111,32.1919143564023],[-110.82395661404236,32.191908381398697],[-110.82385963946814,32.191907942005557],[-110.82376266781078,32.191907791143031],[-110.82152539879787,32.19190426969562],[-110.81962986142396,32.191901255052997],[-110.81730125027281,32.191887472234882],[-110.81453926803884,32.19186738394292],[-110.81365482469619,32.191868099922203],[-110.81355258316374,32.191866223304629],[-110.81263764316871,32.191849428928194],[-110.81261292916838,32.191848975081804],[-110.81259339250501,32.191848616032942],[-110.81258469611306,32.191848456237224],[-110.81258335167773,32.191848431873687],[-110.81258316187694,32.191848429314732],[-110.81258231251796,32.191848420095397],[-110.81257826711203,32.191848382971486],[-110.8115060729325,32.191838332638191],[-110.80894941854336,32.191855773394586],[-110.80890879971651,32.191856049748409],[-110.80882635819884,32.191854604281204],[-110.80882114901489,32.191854512652874],[-110.80533104638766,32.191793237121644],[-110.80454331418977,32.191792096945179],[-110.80353000391,32.191790629335216],[-110.80352554234983,32.191790628839826],[-110.79991901797044,32.191795206027408],[-110.79881361261974,32.19179634931681],[-110.7978277935443,32.191798540151723],[-110.79770757231613,32.191798001271223],[-110.79728526569846,32.191796107939609],[-110.79676941358106,32.191793794211598],[-110.79658933632287,32.191792984789622],[-110.79658907440555,32.1917929824697],[-110.79658454450163,32.191792934229952],[-110.79520277102081,32.191777997545174],[-110.79416351060424,32.191763928562096],[-110.79351257815217,32.191759083070835],[-110.79167747277542,32.191758660599547],[-110.79100729130126,32.191763562568958],[-110.79054116141052,32.191779115097972],[-110.78971170146573,32.191779598575721],[-110.78971381373078,32.19187995338693],[-110.7897421541545,32.193226333631117],[-110.78972870302832,32.193530892002229],[-110.78971280339609,32.193739049707482],[-110.78971415394909,32.194121216913125],[-110.78974664637207,32.194927221424308],[-110.78973838173711,32.19540104458504],[-110.78974944925531,32.195847206637595],[-110.78976384584418,32.196973961178912],[-110.7897444318203,32.197532720674936],[-110.7897410367686,32.198299834672561],[-110.78973538697565,32.199020377239584],[-110.78973744133347,32.199902641671706],[-110.789734648593,32.200653356905164],[-110.78973539616948,32.201379365264138],[-110.78973724969278,32.202278123423845],[-110.78972805352602,32.203302450508517],[-110.7897276379334,32.20413925397024],[-110.78972917812231,32.204817166700025],[-110.78978543288032,32.206383571247059],[-110.79048977257776,32.206386666699132],[-110.79049122803427,32.206386649904545],[-110.79167004573073,32.206373405101537],[-110.7916711203458,32.206373393020677],[-110.79167117339607,32.206373391689112],[-110.79167252190237,32.206373360402132],[-110.79189967147454,32.20636791724263],[-110.79196090229142,32.206366450051554],[-110.79199929741186,32.206365529990848],[-110.79203609680397,32.206364648028206],[-110.79206635307264,32.206363922481195],[-110.79208862432702,32.206363388324299],[-110.79210624843604,32.206362966133881],[-110.79212478181226,32.206362522269238],[-110.79213376415338,32.206362307275654],[-110.79213382780925,32.20636230603823],[-110.79213453422543,32.206362219435746],[-110.79217481505907,32.206357261576414],[-110.7922042286947,32.206353641821508],[-110.79222289517779,32.206351345013864],[-110.79225396810257,32.206347520866458],[-110.79228830223983,32.206343295554127],[-110.79231368131052,32.206340171957031],[-110.79232534945164,32.206338736343838],[-110.7923549712792,32.206335091351022],[-110.79237410516771,32.206332736453028],[-110.79238928841677,32.206330867663539],[-110.79240198909616,32.206329305052741],[-110.79241967189328,32.206327129328251],[-110.79243321283992,32.206325463264342],[-110.7924471064692,32.206323753441261],[-110.79246062192817,32.20632208985316],[-110.7924773731022,32.20632002848189],[-110.79249532040832,32.206317819928401],[-110.79250685364227,32.206316400233092],[-110.79252111588264,32.206314644981944],[-110.7925211519639,32.206314643499162],[-110.79252247437255,32.20631466427578],[-110.79316947949566,32.206326089799113],[-110.79317151873346,32.206326125957183],[-110.79317780082282,32.206326236793792],[-110.79317783476078,32.206326237095375],[-110.79436428630487,32.206327865181827],[-110.79518928760896,32.20632899077836],[-110.79519137392278,32.206328993954607],[-110.79519274761631,32.206328984496835],[-110.7956382385898,32.206325957325603],[-110.79617520368878,32.206322306369366],[-110.79617843053875,32.206322284467305],[-110.79617847084012,32.206322284824488],[-110.79617991231028,32.206322284072918],[-110.79784935514326,32.20632231457882],[-110.79785070219077,32.206322315678008],[-110.79887052834297,32.20632481746722],[-110.79887187530265,32.206324825769187],[-110.79966978193843,32.206332651716664],[-110.79967112887651,32.206332661813541],[-110.80105708409688,32.206340689783616],[-110.8010584310577,32.206340698062277],[-110.804502071831,32.20636786608754],[-110.80450271134129,32.20636787261509],[-110.80450298598397,32.206367878638353],[-110.80450408978076,32.206367909089998],[-110.80505644384756,32.206383178294807],[-110.80506176348047,32.206383326070551],[-110.80506192784631,32.206383329319365],[-110.80506332339806,32.206383354215134],[-110.8060600350229,32.206400347428406],[-110.80670547583667,32.206411354466105],[-110.80671209519659,32.206411470296736],[-110.80671342603327,32.20641149640975],[-110.80676324598289,32.206412561452382],[-110.80679086210999,32.206413151992052],[-110.80680325612624,32.206413416809873],[-110.80680894625442,32.206413538906801],[-110.80681039689151,32.206413569677721],[-110.80681045204099,32.206413570161878],[-110.80681188077848,32.206413570079071],[-110.80687246968903,32.206413510372002],[-110.80690801456618,32.206413476094475],[-110.8069094157399,32.2064134748668],[-110.80693170089896,32.206413453147221],[-110.8069535299594,32.206413431929327],[-110.8069851481569,32.206413401039136],[-110.80701330212547,32.206413374003773],[-110.80703507814698,32.206413353208063],[-110.80706057614853,32.206413328101434],[-110.80708252930694,32.206413307048606],[-110.80710747043422,32.206413283357769],[-110.80713120979641,32.206413260838509],[-110.80716375609018,32.206413229932501],[-110.80720207786365,32.206413192887872],[-110.80723763865193,32.206413158657242],[-110.80727097941002,32.206413126579072],[-110.80729531382806,32.206413102938029],[-110.80731232310239,32.206413086258905],[-110.80733061157443,32.206413068176701],[-110.80735031712892,32.206413048998854],[-110.80737460487148,32.206413025834813],[-110.80738966777487,32.20641301100526],[-110.80741116695724,32.206412990421107],[-110.8074381509802,32.206412964749525],[-110.80745548800328,32.206412948221292],[-110.80748083856642,32.206412923539922],[-110.80750596107484,32.206412899558117],[-110.80752585543301,32.206412880205711],[-110.80754157384428,32.206412864796221],[-110.80755780138273,32.206412849342193],[-110.80757254501211,32.20641283529713],[-110.80758914379312,32.206412819488676],[-110.80761284497741,32.206412796544043],[-110.80763669254206,32.206412773075456],[-110.80766190839225,32.206412748979631],[-110.80768633933499,32.206412725208203],[-110.80770342286148,32.206412708225983],[-110.80772087231669,32.206412691745761],[-110.80773982054005,32.206412673078688],[-110.8077671333847,32.206412646613835],[-110.8077847122513,32.206412629456288],[-110.80780654873986,32.206412608156178],[-110.80783394644128,32.206412581519324],[-110.80785553260327,32.206412560720665],[-110.80788136578167,32.206412535682666],[-110.80789559286094,32.20641252157867],[-110.8079235696985,32.206412494590644],[-110.80795467770409,32.206412464394369],[-110.80798133716377,32.20641243846589],[-110.80801094535194,32.206412409532064],[-110.80803210194109,32.206412388543441],[-110.80805959510593,32.206412361792999],[-110.8080857581658,32.206412335998664],[-110.80811068975352,32.206412312026117],[-110.80812295348193,32.206412300520746],[-110.80815747374015,32.206412266827449],[-110.80818615806557,32.206412238770149],[-110.80822492534088,32.206412200812366],[-110.80823824552638,32.206412187736618],[-110.80824864244796,32.206412176986305],[-110.80828249660495,32.206412142829727],[-110.80830862149661,32.20641211575284],[-110.80834498102151,32.206412078293106],[-110.80837240950451,32.206412050005774],[-110.80840735300777,32.206412013641859],[-110.80843917806993,32.206411980594005],[-110.80847396246664,32.206411944620591],[-110.80849652554595,32.206411921453991],[-110.80852473363478,32.206411892752648],[-110.80853423532838,32.206411883150075],[-110.80853639812157,32.206411877758327],[-110.80853694971529,32.206411874476821],[-110.80854247125056,32.20641181736184],[-110.80855166744593,32.206411722113899],[-110.80861714725926,32.206411042511839],[-110.8087698005187,32.206409459384226],[-110.80892394634746,32.206407860292224],[-110.80898575998557,32.206407218716954],[-110.80921833815907,32.206404805819808],[-110.80938720171974,32.206403053720237],[-110.81017257856445,32.206394903054935],[-110.81017284268964,32.206394901759381],[-110.81017348967998,32.20639490381469],[-110.81017392556264,32.206394908531401],[-110.81120920022822,32.206398648079777],[-110.81121054725958,32.206398650840036],[-110.8153260306761,32.206401293464594],[-110.81532737768724,32.206401297984421],[-110.8176037974757,32.206414836092726],[-110.81760514445534,32.206414843293402],[-110.82006172604405,32.206425620520882],[-110.82006307304648,32.20642562589196],[-110.82368896984931,32.206437496712311],[-110.82369031687489,32.206437500241321],[-110.82381925550314,32.206437690519223],[-110.82382060257189,32.206437690439984],[-110.82550950951895,32.206437084640086],[-110.825532648533,32.206454124747665],[-110.8255695551037,32.206481303682196],[-110.82562840105091,32.206524639391404],[-110.82565034357336,32.206540798003658],[-110.82567036521982,32.206581921979001],[-110.82569866825787,32.206640055211288],[-110.82572941257135,32.206703202825572],[-110.82577213952072,32.206790963222453],[-110.82581748794922,32.206884107484896],[-110.82585432312558,32.206959766129067],[-110.8259548599771,32.207166266970312],[-110.82621648067445,32.20769953660664],[-110.8265517436696,32.208382905804847],[-110.82656532565487,32.208410589445919],[-110.82657249459334,32.208425203768712],[-110.8265726954981,32.208425612217326],[-110.82657300564227,32.208426288543627]]]},"properties":{"OBJECTID":34,"AREA_SQMI":3.75652966,"TEAM":"East","SECTOR":5,"TMSECT":"East 5","INITIALS":"ODE","AREA_SF":104726036.485,"AREA_ACRE":2404.1789826700001,"Shape_Leng":51721.225612000002,"TEAM_NU":4,"Shape.STArea()":104726455.39031592,"Shape.STLength()":51721.225612048846}},{"type":"Feature","id":35,"geometry":{"type":"Polygon","coordinates":[[[-110.7694721395228,32.191775283049616],[-110.76840547375001,32.191772731484356],[-110.76840640774927,32.191698353722977],[-110.76739023741925,32.191696767040142],[-110.76739416361863,32.191770158191609],[-110.76707820184264,32.191769605656688],[-110.76540588152052,32.191765558774911],[-110.76425717907274,32.191764200259151],[-110.76402673375236,32.191614701017272],[-110.76336753389319,32.191309598448044],[-110.76328395403569,32.191272930839858],[-110.76319912972998,32.191238829181195],[-110.76300840490615,32.191175845143682],[-110.76294874038328,32.19116516453672],[-110.76288824618497,32.19115619516991],[-110.76282813433852,32.191148946297375],[-110.76276719172918,32.191143494325104],[-110.76270622745095,32.191139760061965],[-110.76264524150038,32.191137743507845],[-110.76258423279289,32.191137530324106],[-110.7625232024061,32.191139034849193],[-110.76246214925531,32.191142342744463],[-110.76240147842066,32.191147372035907],[-110.76234118989876,32.191154122724029],[-110.76228087967237,32.191162592022984],[-110.76222095068194,32.19117286747894],[-110.76216140507562,32.191184778671101],[-110.76210264576007,32.19119841585168],[-110.76204426875229,32.191213773529583],[-110.7619866791222,32.191230770634363],[-110.76192947286425,32.191249403477912],[-110.76187345799282,32.191269678537665],[-110.76181823049116,32.191291593027309],[-110.76176338743558,32.191315057596618],[-110.76171014084461,32.191340082413987],[-110.76165768378067,32.191366575341526],[-110.76143034527946,32.191483294178497],[-110.76136287047221,32.191515146277553],[-110.7612942074752,32.191545098205403],[-110.76122435955025,32.191572892074227],[-110.76115332561892,32.19159861354359],[-110.76108151078346,32.191622179740413],[-110.76100851103257,32.191643587873017],[-110.76093473037528,32.191662841631896],[-110.76086016989915,32.191679855354352],[-110.76078482962068,32.191694628137455],[-110.76070911354984,32.191707163672987],[-110.76063302168069,32.191717462862208],[-110.76055655510176,32.191725440043115],[-110.76047971275852,32.191731179073201],[-110.75955944736506,32.191750162966343],[-110.75944502054615,32.191756503441027],[-110.759330550244,32.191766278382332],[-110.7592168455282,32.191779410425866],[-110.75910390638643,32.191795899573449],[-110.7589913288016,32.191815742128199],[-110.75887992186755,32.191838858925628],[-110.75876928047177,32.191865332832279],[-110.75866021478269,32.191894999926504],[-110.75855191571736,32.191927936670012],[-110.75844559634358,32.191964070307598],[-110.75834044973745,32.192003306879563],[-110.75823687989541,32.192045650089597],[-110.75813529081483,32.19209110364271],[-110.75803568465891,32.192139496220747],[-110.75793806251778,32.192190741265136],[-110.75784242329975,32.192244924441638],[-110.75774917209142,32.192301963795771],[-110.75765831214555,32.19236160234874],[-110.75757024529445,32.192424015131401],[-110.75748457078555,32.192488941461988],[-110.75740128863949,32.192556379541891],[-110.75732120793414,32.19262625292582],[-110.75688944858196,32.193026523198164],[-110.75685347081912,32.193059693383077],[-110.75680032958969,32.193108080962247],[-110.75674518785716,32.193154904477872],[-110.75668844964363,32.19320016673187],[-110.75662971311245,32.193243692693237],[-110.75656897716595,32.1932855689222],[-110.75650705202411,32.193325629703402],[-110.75644312965487,32.193363868523043],[-110.75637801808286,32.193400292792404],[-110.75631171840922,32.193434815946787],[-110.75624382771218,32.193467348615549],[-110.75617434598317,32.193497891698009],[-110.75610408017363,32.193526537367099],[-110.75603262953715,32.19355302492972],[-110.75596039700277,32.193577443753647],[-110.75588697856249,32.193599790128971],[-110.75581277932056,32.193619982101467],[-110.75581283388939,32.193933935201137],[-110.75581577190763,32.199112413518243],[-110.75576728423759,32.199112225352913],[-110.75576728760929,32.202707341650274],[-110.75557498803781,32.202703256373013],[-110.75557624486048,32.206071528736913],[-110.75557285747989,32.206306339155603],[-110.75566944294393,32.20630619541172],[-110.75566964403943,32.206513036067705],[-110.75581871729938,32.206516637833559],[-110.7558130898429,32.220668623909475],[-110.75591009573225,32.220668397484005],[-110.75591198794994,32.226211990493681],[-110.75591182333577,32.226733722395238],[-110.75590883801441,32.227222960017833],[-110.75590978034049,32.228154756666285],[-110.75443789730656,32.228146053803854],[-110.754189729115,32.228144630714631],[-110.75325970760672,32.228139079191088],[-110.75324826288391,32.229100753288535],[-110.75324651302223,32.229238085406962],[-110.7532328241241,32.23037582537944],[-110.75322525976704,32.231001166403267],[-110.75321854449309,32.231559858865296],[-110.7532041972333,32.232749130947724],[-110.75320236606807,32.232892818102236],[-110.75318993995558,32.233931274033175],[-110.75318645062457,32.234236774185185],[-110.75317678523514,32.235026843773859],[-110.75317391173999,32.235252294373353],[-110.75317326395745,32.235334834340911],[-110.75542368524458,32.235335263622027],[-110.7554235160497,32.235253231032473],[-110.75589406638649,32.235252400604054],[-110.77293051457674,32.235222126621778],[-110.77292993788696,32.235429475676135],[-110.77292988300869,32.235443170802114],[-110.77297804414904,32.235443197289911],[-110.77311492971218,32.235443272814628],[-110.77324290389835,32.235443343306301],[-110.77338207168725,32.235443420254839],[-110.77354414552316,32.235443509478181],[-110.7737208633711,32.23544360559783],[-110.77387528313099,32.235443690095337],[-110.77403451985673,32.235443777380155],[-110.77418511364468,32.235443859367578],[-110.77431483109376,32.235443930105639],[-110.77445969440255,32.235444008658128],[-110.77464896927755,32.235444111471637],[-110.77486005631853,32.235444225324663],[-110.77507881337738,32.235444343187659],[-110.77621990380977,32.235444951559806],[-110.77786041296707,32.235438359599577],[-110.7796322310877,32.235437737227137],[-110.78126088055265,32.235442417484215],[-110.78335366168896,32.235442562199701],[-110.78389485106592,32.235450337508361],[-110.78624331368985,32.235434600814408],[-110.78974254182617,32.235432903807279],[-110.78975260693225,32.234098345451208],[-110.78974288025702,32.233611991066844],[-110.78974415817983,32.231789308747643],[-110.78974171059699,32.231051796924234],[-110.78974729237481,32.230340916493098],[-110.78973103417304,32.2297710192598],[-110.78974080716357,32.228979183401222],[-110.78974046738038,32.228858601293446],[-110.78973850824616,32.228164243838968],[-110.78974035992795,32.228115903002326],[-110.78973851652481,32.228068754765644],[-110.78973934134274,32.227600380380252],[-110.78974039214226,32.227003736489074],[-110.78974332529573,32.225337593900456],[-110.78974623771576,32.223682846786836],[-110.78975665272853,32.223166355320835],[-110.78975600733868,32.222827806380742],[-110.78975455963558,32.222069270613687],[-110.78975218666531,32.220825885473161],[-110.78975209723097,32.220777589497963],[-110.78975128702808,32.220341116640355],[-110.78974978692605,32.219532869101371],[-110.78974785266477,32.218490828597389],[-110.78974774106382,32.218426785111269],[-110.78974597901643,32.217414009502313],[-110.78975309734156,32.216876279518424],[-110.78976083762664,32.216291554813473],[-110.78975358428816,32.215944196404472],[-110.78975181689438,32.215859587821292],[-110.78975056712775,32.21572020376373],[-110.78974776187913,32.215407397925439],[-110.78974418857987,32.215008857016251],[-110.78974313424024,32.214891294737157],[-110.78974162705941,32.214723243616007],[-110.7897400504668,32.214547403890535],[-110.7897387143182,32.214398337264967],[-110.78973710832642,32.214219290452782],[-110.78973554110773,32.21404458166014],[-110.78973445143166,32.213923088985787],[-110.78973174164761,32.213620940536181],[-110.78973123066272,32.213563985231843],[-110.78973777558026,32.213180684728904],[-110.78974560414181,32.212398660983297],[-110.78973913122144,32.211776625061979],[-110.78975135799627,32.210146410897245],[-110.78975201503869,32.209847236680567],[-110.78974563154354,32.207978408043743],[-110.78974476722323,32.207725517942691],[-110.78974456777064,32.207667032295831],[-110.78974434621801,32.20760208141008],[-110.78975010174686,32.207549165186592],[-110.78975475913526,32.20750633849012],[-110.7897591376816,32.207466082157858],[-110.78976445901131,32.207417151648329],[-110.78976884357351,32.20737683675133],[-110.78977837353656,32.207289212122035],[-110.78978258812545,32.207250465751471],[-110.7897912926107,32.207170429666803],[-110.78979949467804,32.20709500905047],[-110.78979871917188,32.207055796154215],[-110.78979762162189,32.207000292882164],[-110.78979654581732,32.206945864755426],[-110.78979552038854,32.206893974757286],[-110.78979465963016,32.206850407184],[-110.78979332448131,32.206782861789854],[-110.78979262636811,32.206747522835407],[-110.78979111220134,32.206670926228199],[-110.78978543288032,32.206383571247059],[-110.78972917812231,32.204817166700025],[-110.7897276379334,32.20413925397024],[-110.78972805352602,32.203302450508517],[-110.78973724969278,32.202278123423845],[-110.78973539616948,32.201379365264138],[-110.789734648593,32.200653356905164],[-110.78973744133347,32.199902641671706],[-110.78973538697565,32.199020377239584],[-110.7897410367686,32.198299834672561],[-110.7897444318203,32.197532720674936],[-110.78976384584418,32.196973961178912],[-110.78974944925531,32.195847206637595],[-110.78973838173711,32.19540104458504],[-110.78974664637207,32.194927221424308],[-110.78971415394909,32.194121216913125],[-110.78971280339609,32.193739049707482],[-110.78972870302832,32.193530892002229],[-110.7897421541545,32.193226333631117],[-110.78971381373078,32.19187995338693],[-110.78971170146573,32.191779598575721],[-110.78829597101256,32.191775244347163],[-110.78770135999122,32.191775789033109],[-110.7866184265084,32.191783045857392],[-110.78491656820951,32.191781910475378],[-110.7844484872105,32.191780600757909],[-110.78395052274496,32.191762555545772],[-110.78394634410984,32.191762403586473],[-110.78394627413532,32.19176240205789],[-110.78385216009806,32.191761580644318],[-110.78374668077096,32.191760660946471],[-110.78363563227497,32.191759692163323],[-110.78339489995919,32.191757592710402],[-110.78332357375524,32.191756970612609],[-110.7832752071577,32.191756548847216],[-110.78320828052148,32.19175596521476],[-110.78316320644447,32.191755572016483],[-110.7831164717997,32.191755163916795],[-110.78307523634263,32.191754804194737],[-110.78304494625141,32.191754539874879],[-110.78302866499951,32.191754397526481],[-110.78302590479672,32.191754373683864],[-110.7830257404253,32.191754373112104],[-110.78302392911384,32.191754370401284],[-110.78302093852723,32.191754367038357],[-110.78296084579277,32.191754297245907],[-110.78289078444509,32.191754215604085],[-110.78283222411959,32.191754147766297],[-110.78278097588961,32.191754087751072],[-110.78273447017629,32.191754033267451],[-110.78267106977052,32.191753959829583],[-110.78261708229098,32.19175389682696],[-110.7825653038139,32.1917538364781],[-110.78251392089597,32.191753776950307],[-110.78246859551021,32.191753723936898],[-110.78241924980109,32.191753666410108],[-110.78215299019229,32.191753356570175],[-110.78214638969781,32.191753348755746],[-110.7821459782224,32.191753348671362],[-110.78214592627457,32.191753347303482],[-110.78214553928876,32.191753339322524],[-110.78214434017981,32.191753313233768],[-110.78214012792836,32.191753221334274],[-110.7821243635545,32.191752875189401],[-110.78207131036275,32.191751702997962],[-110.78183857815482,32.191746564736256],[-110.78181034460799,32.191745941621264],[-110.78177236768457,32.191745103000514],[-110.78173383096684,32.191744252129816],[-110.78170682621044,32.191743656252562],[-110.78166663343713,32.191742768854638],[-110.78164374020629,32.191742263073344],[-110.78161196130816,32.191741561198235],[-110.78160123401526,32.191741326934171],[-110.78157989493369,32.191740865752777],[-110.78125265173675,32.191733834641667],[-110.78124670281925,32.191733707279575],[-110.78124636875232,32.191733707887273],[-110.7812325214268,32.191733902793501],[-110.7801746010343,32.19174943443123],[-110.77968328341942,32.191744407343506],[-110.77881187327733,32.191778495202215],[-110.77777605013112,32.191773078979793],[-110.77627271239183,32.191773572607381],[-110.77425612258142,32.191774205720094],[-110.77405411987797,32.191774272633026],[-110.77360068084994,32.19177443120131],[-110.77268476845181,32.191774747400238],[-110.77267988904485,32.191774749250499],[-110.77267861537575,32.191774749451611],[-110.77267854854892,32.191774750650666],[-110.77267575578797,32.191774786708436],[-110.77071765966944,32.191799835439575],[-110.76947166989483,32.19181575899384],[-110.76947204319505,32.191783299218613],[-110.7694721395228,32.191775283049616]]]},"properties":{"OBJECTID":35,"AREA_SQMI":6.0382968100000003,"TEAM":"East","SECTOR":6,"TMSECT":"East 6","INITIALS":"ODE","AREA_SF":168338053.792,"AREA_ACRE":3864.50995848,"Shape_Leng":54369.236945600001,"TEAM_NU":4,"Shape.STArea()":168338727.14578989,"Shape.STLength()":54369.236945581724}},{"type":"Feature","id":36,"geometry":{"type":"Polygon","coordinates":[[[-110.7694721395228,32.191775283049616],[-110.76947204319505,32.191783299218613],[-110.76947166989483,32.19181575899384],[-110.77071765966944,32.191799835439575],[-110.77267575578797,32.191774786708436],[-110.77267854854892,32.191774750650666],[-110.77267861537575,32.191774749451611],[-110.77267988904485,32.191774749250499],[-110.77268476845181,32.191774747400238],[-110.77360068084994,32.19177443120131],[-110.77405411987797,32.191774272633026],[-110.77425612258142,32.191774205720094],[-110.77627271239183,32.191773572607381],[-110.77777605013112,32.191773078979793],[-110.77881187327733,32.191778495202215],[-110.77968328341942,32.191744407343506],[-110.7801746010343,32.19174943443123],[-110.7812325214268,32.191733902793501],[-110.78124636875232,32.191733707887273],[-110.78124670281925,32.191733707279575],[-110.78125265173675,32.191733834641667],[-110.78157989493369,32.191740865752777],[-110.78160123401526,32.191741326934171],[-110.78161196130816,32.191741561198235],[-110.78164374020629,32.191742263073344],[-110.78166663343713,32.191742768854638],[-110.78170682621044,32.191743656252562],[-110.78173383096684,32.191744252129816],[-110.78177236768457,32.191745103000514],[-110.78181034460799,32.191745941621264],[-110.78183857815482,32.191746564736256],[-110.78207131036275,32.191751702997962],[-110.7821243635545,32.191752875189401],[-110.78214012792836,32.191753221334274],[-110.78214434017981,32.191753313233768],[-110.78214553928876,32.191753339322524],[-110.78214592627457,32.191753347303482],[-110.7821459782224,32.191753348671362],[-110.78214638969781,32.191753348755746],[-110.78215299019229,32.191753356570175],[-110.78241924980109,32.191753666410108],[-110.78246859551021,32.191753723936898],[-110.78251392089597,32.191753776950307],[-110.7825653038139,32.1917538364781],[-110.78261708229098,32.19175389682696],[-110.78267106977052,32.191753959829583],[-110.78273447017629,32.191754033267451],[-110.78278097588961,32.191754087751072],[-110.78283222411959,32.191754147766297],[-110.78289078444509,32.191754215604085],[-110.78296084579277,32.191754297245907],[-110.78302093852723,32.191754367038357],[-110.78302392911384,32.191754370401284],[-110.7830257404253,32.191754373112104],[-110.78302590479672,32.191754373683864],[-110.78302866499951,32.191754397526481],[-110.78304494625141,32.191754539874879],[-110.78307523634263,32.191754804194737],[-110.7831164717997,32.191755163916795],[-110.78316320644447,32.191755572016483],[-110.78320828052148,32.19175596521476],[-110.7832752071577,32.191756548847216],[-110.78332357375524,32.191756970612609],[-110.78339489995919,32.191757592710402],[-110.78363563227497,32.191759692163323],[-110.78374668077096,32.191760660946471],[-110.78385216009806,32.191761580644318],[-110.78394627413532,32.19176240205789],[-110.78394634410984,32.191762403586473],[-110.78395052274496,32.191762555545772],[-110.7844484872105,32.191780600757909],[-110.78491656820951,32.191781910475378],[-110.7866184265084,32.191783045857392],[-110.78770135999122,32.191775789033109],[-110.78829597101256,32.191775244347163],[-110.78971170146573,32.191779598575721],[-110.79054116141052,32.191779115097972],[-110.79100729130126,32.191763562568958],[-110.79167747277542,32.191758660599547],[-110.79351257815217,32.191759083070835],[-110.79416351060424,32.191763928562096],[-110.79520277102081,32.191777997545174],[-110.79658454450163,32.191792934229952],[-110.79658907440555,32.1917929824697],[-110.79658933632287,32.191792984789622],[-110.79676941358106,32.191793794211598],[-110.79728526569846,32.191796107939609],[-110.79770757231613,32.191798001271223],[-110.7978277935443,32.191798540151723],[-110.79881361261974,32.19179634931681],[-110.79991901797044,32.191795206027408],[-110.80352554234983,32.191790628839826],[-110.80353000391,32.191790629335216],[-110.80454331418977,32.191792096945179],[-110.80533104638766,32.191793237121644],[-110.80882114901489,32.191854512652874],[-110.80882635819884,32.191854604281204],[-110.80890879971651,32.191856049748409],[-110.80894941854336,32.191855773394586],[-110.8115060729325,32.191838332638191],[-110.81257826711203,32.191848382971486],[-110.81258231251796,32.191848420095397],[-110.81258316187694,32.191848429314732],[-110.81258335167773,32.191848431873687],[-110.81258469611306,32.191848456237224],[-110.81259339250501,32.191848616032942],[-110.81261292916838,32.191848975081804],[-110.81263764316871,32.191849428928194],[-110.81355258316374,32.191866223304629],[-110.81365482469619,32.191868099922203],[-110.81453926803884,32.19186738394292],[-110.81730125027281,32.191887472234882],[-110.81962986142396,32.191901255052997],[-110.82152539879787,32.19190426969562],[-110.82376266781078,32.191907791143031],[-110.82385963946814,32.191907942005557],[-110.82395661404236,32.191908381398697],[-110.82527694833111,32.1919143564023],[-110.82654532711764,32.191920083473711],[-110.82678674015769,32.191920839587084],[-110.82734023595737,32.191921807601759],[-110.82791297979202,32.191922807249696],[-110.82862274691573,32.191924042747132],[-110.82897075535251,32.191924646760626],[-110.83002209296838,32.191927536739783],[-110.83072244121331,32.191929457775764],[-110.83156520169874,32.191931763750254],[-110.83239199154274,32.191934020057623],[-110.83293685296289,32.191934650553833],[-110.83371675470694,32.191936971614389],[-110.8348079922082,32.191940210375094],[-110.83611727321392,32.191944084695251],[-110.83711161705122,32.19194750817271],[-110.83810298347227,32.191948388687194],[-110.83911043167276,32.191949274914542],[-110.83977306484709,32.191949853176226],[-110.84085244660764,32.191950787972218],[-110.84094275089485,32.191950866303209],[-110.84094270171596,32.191942786532493],[-110.84094263574205,32.191931807286615],[-110.84094257511856,32.191921905754086],[-110.84094251492957,32.191912057432248],[-110.84094246042103,32.191902988326106],[-110.8409424079677,32.191894375555357],[-110.84094235571591,32.191885745651859],[-110.84094230053903,32.191876733354263],[-110.84094228189066,32.191873270229493],[-110.84094224448188,32.191865271722094],[-110.84094019105476,32.191393364682291],[-110.84093857127996,32.191021167680901],[-110.84093722383257,32.19071146148849],[-110.84093600494822,32.190431302516849],[-110.84093386834446,32.189940308667794],[-110.84093338548786,32.189829268666706],[-110.84093320275775,32.189784760769278],[-110.8409331109583,32.189762363428265],[-110.84093306975699,32.189752343018178],[-110.8409330200915,32.189740067098278],[-110.84093298790584,32.189732255308328],[-110.84093279385846,32.189569616842007],[-110.84093258013172,32.189389628196459],[-110.84093227946668,32.189136972400625],[-110.8409318906198,32.188810762050075],[-110.84093143953926,32.18842997604213],[-110.84093143131541,32.188422110345549],[-110.84093127978291,32.188241517079909],[-110.84093108965675,32.188012994739481],[-110.84093100517785,32.187911537169619],[-110.840930936956,32.187829072854797],[-110.84093084095539,32.187713898583084],[-110.84093053520202,32.18734608094141],[-110.840930370865,32.187146826284824],[-110.84093036617975,32.187138929955083],[-110.84093027560591,32.186811867121868],[-110.84093019136888,32.186509237195466],[-110.84092980763428,32.185128563398152],[-110.84092973551279,32.184870603102297],[-110.84092969485278,32.184688500141625],[-110.84092969779579,32.184680585837512],[-110.84093084665598,32.183938029305509],[-110.84093085145102,32.183936719910669],[-110.84093092162453,32.183930031744289],[-110.84093963762776,32.183096655445368],[-110.84093968597402,32.18309200339143],[-110.84093972877457,32.183087552395136],[-110.84093965364217,32.183079513876315],[-110.8409384238232,32.182946399985198],[-110.84093092712195,32.182135366119915],[-110.84092756920873,32.181772029479312],[-110.84092451003376,32.181441088573457],[-110.84092428616921,32.181416842260738],[-110.84092426358794,32.18141416367655],[-110.84092426044003,32.181413078765686],[-110.84092425279164,32.181406695650324],[-110.84092403372036,32.18121900793593],[-110.84092350056302,32.180763248348065],[-110.84092343946158,32.180711273488548],[-110.84092344038454,32.180710653949063],[-110.84092348364013,32.180702827459122],[-110.84092464607303,32.180501084052125],[-110.8409256126093,32.180333312173055],[-110.84092680770034,32.180125902924189],[-110.84092717833772,32.180061558819943],[-110.84092721668125,32.180054871280674],[-110.84092721713748,32.180054381598637],[-110.84092721144894,32.180045847668104],[-110.84092705920945,32.179870053629095],[-110.84092697162063,32.179769289403076],[-110.84092691224831,32.17970021251616],[-110.84092680165864,32.179572546927119],[-110.84092662620527,32.179370318652943],[-110.84092662660937,32.179367218213635],[-110.84092662796687,32.179366291158509],[-110.84092663604692,32.179364161138295],[-110.84092667384762,32.179358331220563],[-110.84092937056184,32.178936546027956],[-110.84093881330696,32.177459430125872],[-110.8409388362705,32.177455853718605],[-110.84093886082431,32.177451961689215],[-110.84093886189507,32.177451780433287],[-110.84093888542048,32.177448066052968],[-110.84093891365315,32.177443770943057],[-110.84093898408094,32.177432730607762],[-110.84093904391749,32.177423402731101],[-110.84093913009949,32.177410030433364],[-110.84093921031295,32.177398518531405],[-110.84093923036126,32.177396272278024],[-110.84093929820391,32.177390502133875],[-110.84093911564004,32.177362470333563],[-110.84093900418033,32.177345255520109],[-110.84093895206613,32.177337242440892],[-110.8409230372813,32.174873257587848],[-110.84092301367713,32.174869583386958],[-110.84092299276629,32.174866311419095],[-110.84092298705083,32.174865444724915],[-110.84092298757011,32.174865220177033],[-110.84092299734441,32.174864388785409],[-110.84092304629105,32.174861127331646],[-110.84092583404086,32.174672344944845],[-110.84093351617332,32.174152919785243],[-110.84093361794349,32.174146066845069],[-110.84093351604709,32.174138409556171],[-110.84093326707422,32.174119722702052],[-110.84093282810302,32.174086622302006],[-110.84092895505138,32.173795548811633],[-110.84092672739828,32.173628146395096],[-110.84092471845602,32.173477134547824],[-110.84092233814685,32.173298184866539],[-110.84092160678132,32.173243236369181],[-110.84091977024488,32.173105158030445],[-110.84091821602856,32.172988341516458],[-110.84091505025231,32.1727503864889],[-110.84091417867957,32.172684906280729],[-110.8409112541981,32.172465118589393],[-110.8409110201428,32.172447507724854],[-110.84090958155176,32.172339345114608],[-110.84090947719497,32.172331536297449],[-110.8409093746619,32.172323842928364],[-110.84090935955167,32.172322332256748],[-110.84090932781102,32.172316914773418],[-110.84090931582648,32.172314326457332],[-110.84090733148508,32.171898481850967],[-110.84090694252431,32.171817021034919],[-110.84090578425551,32.171574250200727],[-110.84090530995245,32.171474974163957],[-110.84090495165674,32.171399833536327],[-110.84090488114741,32.171385176608332],[-110.84090390351322,32.171186296921221],[-110.84088368486336,32.167072529030555],[-110.84086288289657,32.162840551419826],[-110.84078626506404,32.162840703423313],[-110.84078606359692,32.162840706219193],[-110.8407853690257,32.162840719250909],[-110.84078259484336,32.162840783136218],[-110.84077435820474,32.162840971915088],[-110.84076025189289,32.162841294748986],[-110.84074413917855,32.162841663645921],[-110.84073793436288,32.162841808377614],[-110.84073325128369,32.162841920959224],[-110.84073015784938,32.162841996557475],[-110.84068711059994,32.162843052634699],[-110.84059166793016,32.162845392756417],[-110.84044665177446,32.162848948823132],[-110.84025452458368,32.162853659549249],[-110.84003391377601,32.162859069097031],[-110.83985406062318,32.162863478745862],[-110.83969486679734,32.162867381324475],[-110.83948504216924,32.162872524609803],[-110.83938689840554,32.162874930104152],[-110.83931254770704,32.162876752649041],[-110.83924952406375,32.162878297356478],[-110.83911482319289,32.162881599753],[-110.83909256146491,32.162882145129906],[-110.8390431799086,32.162883355918339],[-110.83902253117927,32.162883861814443],[-110.83901369431166,32.162884064304166],[-110.83897846563298,32.162884869857798],[-110.83892694393388,32.162886049745488],[-110.83892664806704,32.16288605624333],[-110.8388894073212,32.162887028603265],[-110.83888925037714,32.162887031775377],[-110.83884883109214,32.162887473831731],[-110.83877356660604,32.162888297177041],[-110.83875241752548,32.162888528220812],[-110.8387522998254,32.162888529923492],[-110.83874515520895,32.162888625066728],[-110.83873709763508,32.162888732271192],[-110.83870081470624,32.162889214030855],[-110.83865666505922,32.162889800998386],[-110.83855189329766,32.162891192540862],[-110.83847085843961,32.162892269544749],[-110.83837455671544,32.162893549151413],[-110.83829306697861,32.16289463118266],[-110.83817430181668,32.16289620885518],[-110.83808502700759,32.162897394832399],[-110.83797190395373,32.162898896865286],[-110.83786013071339,32.162900381448488],[-110.83775280139008,32.162901806433233],[-110.83764022651997,32.162903302022265],[-110.8375768103848,32.162904143639409],[-110.83750205595598,32.162905136512464],[-110.83742854319229,32.162906112878595],[-110.83734141452197,32.162907269743357],[-110.83721242549569,32.162908982040882],[-110.83712177329519,32.162910185345837],[-110.83695196940988,32.162912439202358],[-110.83681178311939,32.162914299924722],[-110.83668991643452,32.162915917366753],[-110.83653665925137,32.162917951182514],[-110.83645585554449,32.162919023457178],[-110.83618195319539,32.162922657317772],[-110.83550048435852,32.162931697571459],[-110.83549011310647,32.162931835299005],[-110.8354775395173,32.162932002001462],[-110.83546515042352,32.16293216667205],[-110.83545415992877,32.162932312631952],[-110.83544522226882,32.162932431043622],[-110.83543519669654,32.162932563604492],[-110.83542880280255,32.162932648743322],[-110.83542159987016,32.162932744102164],[-110.83540902098056,32.162932910752509],[-110.83539992638713,32.162933031427016],[-110.83538988914337,32.162933164786359],[-110.83538024529338,32.162933292488901],[-110.83536691992032,32.16293346898793],[-110.83535184603875,32.16293366841785],[-110.83534111638591,32.162933811186377],[-110.83533247775183,32.162933924931245],[-110.83532111613542,32.162934075824019],[-110.83531002915261,32.162934222750359],[-110.83529493723907,32.162934422921182],[-110.83527896841045,32.162934635434929],[-110.83526372275428,32.162934836993422],[-110.83524817913225,32.162935043217722],[-110.83523459502662,32.162935223803977],[-110.8352220288578,32.162935390544433],[-110.83520857094348,32.162935568599295],[-110.83519415977811,32.162935759246132],[-110.83517782089854,32.162935975798469],[-110.83516619844006,32.162936129858515],[-110.83515340324206,32.162936299143446],[-110.83514193877714,32.162936450944564],[-110.83512906087208,32.162936621323674],[-110.8351146719682,32.16293681215177],[-110.83509977092099,32.16293700942186],[-110.83508961491691,32.162937144447568],[-110.8350774686436,32.162937305745082],[-110.83506766467974,32.162937435662251],[-110.8350546362016,32.162937608353786],[-110.83504119206813,32.162937786508643],[-110.83503014961889,32.162937932889349],[-110.83502041352102,32.162938061579403],[-110.83501090433214,32.162938187699567],[-110.83500174399263,32.162938309586984],[-110.83499375640331,32.162938415347533],[-110.83498045435158,32.162938592005212],[-110.83497144458511,32.162938711570526],[-110.8349587649563,32.162938880020185],[-110.83494778719279,32.16293902514311],[-110.83493560168603,32.162939186993384],[-110.83492542130016,32.16293932179746],[-110.83491309265149,32.162939485127097],[-110.83490299073236,32.162939618796635],[-110.83488998663579,32.162939791679676],[-110.83487786898432,32.162939953202738],[-110.83486676185986,32.162940099917975],[-110.83484019486947,32.162940452620738],[-110.83482339156022,32.162940675076008],[-110.83480851277434,32.162940872502112],[-110.8347972826387,32.162941021766649],[-110.83478715950737,32.162941156147362],[-110.83477798538681,32.162941277900686],[-110.83476689310331,32.162941424734093],[-110.83475630978289,32.162941565097057],[-110.83474518992681,32.162941712594559],[-110.8347351208805,32.162941845629966],[-110.83471899304041,32.162942056713185],[-110.83471116026429,32.162942160172527],[-110.83470880099361,32.16294219140007],[-110.83470831323197,32.162942198050608],[-110.834707580668,32.162942196294949],[-110.83470534057315,32.162942190665262],[-110.8346949977835,32.162942162636632],[-110.83468614556358,32.162942138336341],[-110.83467110420924,32.162942097178046],[-110.83466361426889,32.162942077312003],[-110.83465011648798,32.162942040333945],[-110.83463688585628,32.162942004737396],[-110.83462812056251,32.162941981176473],[-110.83461713214584,32.162941951227033],[-110.83460975882433,32.162941931453368],[-110.83460313608803,32.162941913589684],[-110.83459462099299,32.16294189036266],[-110.83458479237122,32.162941864017085],[-110.83457334809117,32.162941832870395],[-110.83456347388631,32.162941806133283],[-110.8345523773317,32.162941776155172],[-110.83454327173332,32.162941751481334],[-110.8345324126565,32.16294172172897],[-110.8345193018242,32.162941686242966],[-110.83450569166544,32.16294164919011],[-110.83449489619316,32.162941619978582],[-110.83448432229753,32.162941590857763],[-110.83447640300659,32.162941569111773],[-110.83446074676806,32.162941526276242],[-110.83444528453364,32.162941484196402],[-110.83443488768107,32.16294145568407],[-110.83442607998492,32.162941431746418],[-110.83441424026613,32.162941399908171],[-110.83439294298375,32.162941342176993],[-110.83437753375333,32.162941300542315],[-110.83435908189961,32.162941250913747],[-110.83434334508539,32.162941208276202],[-110.83432100355674,32.162941147912406],[-110.83430511196136,32.162941104847768],[-110.83430348357165,32.162941100836839],[-110.83429047874753,32.16294106623404],[-110.83427781635912,32.162941031854054],[-110.83426426238522,32.162940995255894],[-110.83424649645276,32.16294094697011],[-110.83423653107191,32.162940920329234],[-110.83422823966389,32.162940898089488],[-110.83421129956062,32.162940854158805],[-110.8341957652424,32.16294081143176],[-110.83418050549382,32.162940770150186],[-110.83416450364084,32.16294072702636],[-110.83415294804387,32.162940695790986],[-110.83414426967738,32.162940672940302],[-110.83413993791999,32.162940661127351],[-110.8341380211798,32.162940655548901],[-110.8341351757196,32.162940650140307],[-110.83413490006858,32.162940650487229],[-110.83413438157554,32.162940655970793],[-110.83413105107542,32.162940696011887],[-110.83411463606325,32.162940895542683],[-110.83408843098596,32.162941215111481],[-110.83407292254955,32.162941404357838],[-110.83399733031112,32.162942327567606],[-110.8339334218868,32.162943108133419],[-110.83388276657948,32.162943726136405],[-110.83383032778121,32.162944366730954],[-110.8337507476368,32.162945337727024],[-110.8337403150073,32.162945465767486],[-110.83368942639829,32.162946088910608],[-110.8336291761108,32.162946825784957],[-110.83359545430852,32.16294723872349],[-110.83355468448323,32.162947736508023],[-110.83352372273373,32.162948115339766],[-110.83349262739367,32.162948494823837],[-110.83345826620719,32.162948915779005],[-110.83345129773232,32.162948997702024],[-110.83343505541569,32.162949206739519],[-110.83343477124144,32.162949210619146],[-110.83342295367639,32.162949367357541],[-110.83341035888574,32.162949533672865],[-110.83340564674769,32.162949592526914],[-110.83336509109957,32.162950088476876],[-110.83333277000554,32.162950483578847],[-110.8333032344061,32.1629508448083],[-110.83326202984381,32.162951347793999],[-110.83323742054915,32.162951649287912],[-110.83319341996679,32.16295110474524],[-110.83315715017692,32.162950653449222],[-110.83311635618874,32.162950147163102],[-110.83311337540255,32.162950109910753],[-110.8330595706894,32.162949440772543],[-110.83303309234651,32.162949111179287],[-110.83295274779887,32.162948112772014],[-110.83286529897779,32.162947025499534],[-110.83279701115968,32.162946176268164],[-110.83269374359634,32.162944892936231],[-110.83257895571379,32.16294346481417],[-110.83245743560546,32.162941954546426],[-110.8323495855588,32.162940615430678],[-110.83234923254398,32.162940613306986],[-110.83233121320195,32.162940657271108],[-110.83230362116237,32.162940729208643],[-110.8322876087727,32.162940770527818],[-110.83221762518775,32.162940952557015],[-110.83216872606324,32.162941079007155],[-110.83213798201247,32.162941159060665],[-110.83207319453875,32.162941326933563],[-110.8320178535609,32.162941470246743],[-110.83197573130764,32.162941579870029],[-110.83195617674697,32.162941630458597],[-110.83193828141333,32.16294167723354],[-110.83191515181865,32.162941736844289],[-110.83188727776985,32.162941808978502],[-110.83186919266213,32.162941855920174],[-110.8318532004151,32.162941897357022],[-110.83183507714486,32.162941943966594],[-110.83181984188576,32.162941983773727],[-110.83180212467677,32.162942029351314],[-110.83178734743311,32.162942067671004],[-110.83177087702958,32.162942110408224],[-110.83175343865184,32.162942155664503],[-110.83173824580652,32.162942194923701],[-110.83172635022429,32.162942225481963],[-110.83171549047165,32.162942253198224],[-110.8316956973636,32.162942304406265],[-110.83167838620544,32.162942349841401],[-110.83166364500458,32.16294238845574],[-110.83164856453786,32.162942427766062],[-110.83163078795469,32.162942473712278],[-110.83162686517427,32.162942483357064],[-110.83161290747383,32.162942519666757],[-110.8315941194429,32.162942568656923],[-110.83157587742406,32.162942616014547],[-110.83156497207791,32.162942644228657],[-110.83154083421714,32.162942706846977],[-110.83152270670766,32.162942753375432],[-110.83150259447579,32.162942805423384],[-110.83148502039897,32.162942850380574],[-110.83146759792321,32.162942895733863],[-110.83146322242793,32.162942906901321],[-110.83144434004039,32.162942955961739],[-110.83143929024298,32.162942969460801],[-110.83143660685816,32.162942975301718],[-110.83143408250552,32.162942980703079],[-110.83143361605238,32.162942978505598],[-110.8314328517403,32.162942971949555],[-110.83142656657219,32.162942918036975],[-110.8314185227443,32.162942849038615],[-110.83138728877711,32.162942581114969],[-110.83137777462923,32.162942499501469],[-110.83129412539468,32.162941781917588],[-110.8312238606336,32.162941179109495],[-110.8311616057793,32.162940644986548],[-110.83108476539523,32.16293998568306],[-110.83100620981715,32.162939311614672],[-110.83091761216913,32.162938552220766],[-110.83080390672075,32.162937577274761],[-110.83070904936658,32.162936763107666],[-110.83058341813091,32.162935684696805],[-110.83051056257563,32.162935059251986],[-110.83047737702836,32.162934774349324],[-110.83047480316338,32.16293475315377],[-110.83047439183413,32.162934751426036],[-110.83047087423779,32.16293474467362],[-110.83043496565807,32.162934679872173],[-110.83038010040569,32.162934581258959],[-110.8303057250813,32.162934447664725],[-110.83022772825393,32.162934308178933],[-110.83012456649537,32.162934122071029],[-110.83000477722804,32.162933906695187],[-110.82988957949858,32.162933699985103],[-110.82975668988618,32.162933460220685],[-110.82963843149207,32.162933247729534],[-110.82946811198786,32.162932940374503],[-110.82918574875407,32.162932430902721],[-110.82894878251562,32.1629320026817],[-110.82858348327377,32.162931341541046],[-110.82841812322835,32.162931042057302],[-110.82827551626657,32.162930783886353],[-110.82811857069352,32.162930499583261],[-110.82797280129493,32.162930235505165],[-110.82774752548062,32.16292982627003],[-110.82754053950028,32.16292944963218],[-110.82726632371492,32.162928951001369],[-110.82700783749353,32.162928479934912],[-110.82696468595661,32.162928401366443],[-110.8268709087866,32.162928230307067],[-110.82670094773889,32.162927920509638],[-110.826480003806,32.162927516576509],[-110.82627795504318,32.162927147048457],[-110.82600115787957,32.16292664056153],[-110.82568134279548,32.162926054712834],[-110.82535809601428,32.162925461901757],[-110.82505219447202,32.162924899785381],[-110.82499725720643,32.162924799117562],[-110.82495329959079,32.162924928441534],[-110.82490731591342,32.16292506281215],[-110.82480568044011,32.162925360793622],[-110.82464950958851,32.16292581836074],[-110.82439992100392,32.1629265496397],[-110.8243990569289,32.162926552099819],[-110.82431784440271,32.162926789729767],[-110.824246046586,32.162927000381657],[-110.82420302196641,32.162927126679044],[-110.82417326488584,32.162927214220467],[-110.82412865100746,32.162927344805411],[-110.82410172049211,32.162927421567865],[-110.82386798034577,32.162928079436639],[-110.8238361760685,32.162928166350497],[-110.82383322234929,32.162928171498621],[-110.8238136533178,32.162928192746861],[-110.82379473101483,32.162928212364022],[-110.82378851509625,32.162928219993617],[-110.82378054138897,32.16292822867139],[-110.82376508167089,32.162928244827455],[-110.82375285450256,32.162928255538695],[-110.82374638841846,32.162928260103335],[-110.82364576658202,32.162928283640447],[-110.82347537526444,32.162928322910112],[-110.82326257139566,32.162928371471942],[-110.8229852523245,32.1629284337413],[-110.82271156757577,32.162928494362035],[-110.82242747079813,32.162928557225136],[-110.8221808281272,32.162928610696063],[-110.82207122871691,32.162928634676099],[-110.82194843323258,32.162928661616156],[-110.82180281629839,32.162928692952256],[-110.82163013930948,32.162928729795816],[-110.82152368229097,32.162928752543088],[-110.82150777745987,32.162928755552159],[-110.8214135104067,32.162928775506842],[-110.82141069350261,32.162928776371885],[-110.82136143536763,32.162928787317426],[-110.82131427427524,32.162928797461277],[-110.82130935291951,32.162928798140619],[-110.8212677948937,32.162928806275296],[-110.8212265453698,32.162928815263854],[-110.82121247783265,32.162928817911109],[-110.82118864602941,32.162928822585513],[-110.82108985200568,32.162928843682856],[-110.82099615110306,32.16292886281812],[-110.82094175534206,32.162928874197846],[-110.82091047681091,32.162928881962195],[-110.82089712595653,32.162928884468784],[-110.82086781831937,32.16292889035438],[-110.82083508629479,32.162928897234615],[-110.82080499412116,32.1629289035249],[-110.82076468605034,32.162928911499257],[-110.8207354780713,32.162928917315604],[-110.82068944819744,32.162928927105426],[-110.82065411343682,32.162928933937565],[-110.82064428449699,32.162928936265807],[-110.82061072235435,32.162928943111169],[-110.82056396095921,32.162928952830619],[-110.82054952023704,32.162928955778256],[-110.82052359033584,32.162928961088006],[-110.82047342258629,32.162928971021309],[-110.82045088738016,32.162928975969102],[-110.82040312517447,32.162928985975682],[-110.82035972031369,32.162928994943783],[-110.82034982671037,32.162928996688812],[-110.82031331408733,32.162929004040947],[-110.82027386794294,32.162929012113459],[-110.82024421998503,32.1629290185126],[-110.82022262728864,32.1629290225695],[-110.82019965317245,32.162929027276014],[-110.82016889627586,32.162929033065026],[-110.82015165137261,32.162929036914818],[-110.82013060784595,32.162929041206546],[-110.82010575296434,32.162929046729758],[-110.82008296226215,32.162929051201161],[-110.82007511586689,32.162929052632471],[-110.82005286480432,32.162929056364874],[-110.82003183292809,32.162929061642977],[-110.82002884958344,32.162929061936367],[-110.82000620200165,32.162929066732666],[-110.81999539134314,32.162929068617217],[-110.81999041909488,32.162929069705925],[-110.81996965015904,32.162929073645607],[-110.81996954414144,32.162929073628433],[-110.8199495014279,32.16292907754724],[-110.81993486139345,32.162929080500575],[-110.81991925129964,32.162929083159341],[-110.81991439247874,32.162929085228335],[-110.81989897427889,32.162929087744487],[-110.8198826877862,32.162929090847818],[-110.81987578388899,32.162929092320965],[-110.81986272670912,32.162929094558791],[-110.81984229172771,32.162929098667227],[-110.81983192315036,32.162929101664922],[-110.81982356044848,32.162929103113591],[-110.81979976999571,32.162929107884764],[-110.81977875722359,32.162929111482754],[-110.81975405925567,32.162929116493657],[-110.81973551140099,32.162929119811814],[-110.81972973340417,32.1629291220206],[-110.81971260301165,32.162929124999721],[-110.81969197189682,32.162929129186971],[-110.81966463407942,32.16292913473864],[-110.81966133480238,32.162929134989454],[-110.81963932333893,32.162929138922976],[-110.81961705742688,32.162929143351768],[-110.81959029635175,32.162929148477481],[-110.81957734199933,32.162929151577508],[-110.81956538527889,32.162929154309069],[-110.81954153652384,32.16292915852609],[-110.81952541435385,32.162929162106565],[-110.8195132615102,32.162929164034239],[-110.81948622372559,32.162929169443771],[-110.81948452107294,32.162929170008923],[-110.81945601282314,32.162929175285242],[-110.81942368473855,32.162929181696057],[-110.81939733607423,32.162929186750375],[-110.81938241403124,32.162929189899366],[-110.81935949925098,32.162929197673364],[-110.81932512069339,32.162929211525636],[-110.8193169021617,32.162929214191259],[-110.81927388215989,32.162929222517491],[-110.81923314579305,32.162929229896001],[-110.81922810143945,32.162929232132889],[-110.81919283984652,32.162929238289614],[-110.81914114862246,32.162929248908092],[-110.81912852081553,32.162929251187634],[-110.81908620371617,32.162929259234957],[-110.8190304361116,32.162929269614963],[-110.81902956569874,32.162929270179788],[-110.81896804025121,32.162929281981825],[-110.81892043709402,32.162929291004772],[-110.81886984634241,32.162929301140785],[-110.81885938978184,32.162929303295293],[-110.81880390417984,32.162929314218758],[-110.81874810158595,32.162929325072419],[-110.81869868023153,32.162929333564414],[-110.81867602629644,32.162929338067357],[-110.81865936450131,32.162929341363323],[-110.81859670890825,32.162929353096487],[-110.81854487139135,32.162929363103331],[-110.81849395624198,32.16292937207696],[-110.81848695374993,32.162929373520292],[-110.81842835121917,32.162929385180028],[-110.81837572598769,32.162929395494302],[-110.81831735140544,32.162929406375966],[-110.8183051020883,32.162929408251863],[-110.81827005146729,32.162929415080995],[-110.81826993060879,32.162929414933558],[-110.818184735598,32.162929430079352],[-110.81811915709248,32.16292944235046],[-110.81802643585526,32.162929459675468],[-110.81794144863336,32.162929475559942],[-110.81787205666927,32.162929487952468],[-110.81780727118552,32.162929499734652],[-110.81775541564635,32.162929510163195],[-110.81775160855531,32.162929509560641],[-110.81775000240194,32.162929508235202],[-110.81773312145799,32.162929486058431],[-110.81773308329556,32.162929485726956],[-110.81766264409762,32.162929391512229],[-110.81757225586364,32.162929270050618],[-110.81749584584021,32.162929168061467],[-110.81743254364646,32.162929083418732],[-110.81738834237144,32.162929024025814],[-110.81738513961645,32.162929020546834],[-110.81738413033514,32.162929019893731],[-110.81737620972942,32.162929021414598],[-110.81719399236117,32.162929054076336],[-110.81719323115725,32.162929053773951],[-110.81699513548458,32.162929088844081],[-110.81658136002468,32.16292916117245],[-110.81597679890989,32.162929265178427],[-110.81574408525601,32.162929303727772],[-110.81558990652888,32.162929329159603],[-110.81551706264811,32.162929341781464],[-110.81548489362554,32.162929346766198],[-110.81544424951051,32.162929354628965],[-110.81523487891063,32.162929388904402],[-110.81389990118076,32.16292959976127],[-110.81186545510747,32.162929893088233],[-110.81110148837554,32.162929994833775],[-110.81036732551175,32.162930088349093],[-110.81034842465358,32.162930090811003],[-110.81022412194774,32.162930105812571],[-110.81006334063393,32.162930125382225],[-110.80986639558823,32.162930149430011],[-110.80976691166389,32.162930161057375],[-110.80964492545584,32.162930175916756],[-110.80912268391894,32.162930236954871],[-110.8085881549858,32.162930297339365],[-110.80825881396187,32.16293033340834],[-110.80803255405571,32.162930355690065],[-110.80774543892723,32.162930382568874],[-110.80769233463788,32.162930387845819],[-110.80767186897411,32.162930389718738],[-110.80756313400427,32.162930399684662],[-110.80748102432474,32.16293040761262],[-110.80745132345427,32.162930410548761],[-110.80739210407765,32.16293041529358],[-110.80733060637412,32.162930420775396],[-110.80724737396086,32.162930429528998],[-110.80716775569894,32.162930437457078],[-110.80709980570961,32.16293044756614],[-110.80704557020974,32.16293045347242],[-110.80703508824814,32.162930453524673],[-110.80702185299593,32.162930454678552],[-110.80701169862678,32.162930454896618],[-110.80699906661627,32.162930455928127],[-110.80699019612599,32.162930455681682],[-110.80697542994568,32.162930459635618],[-110.80696287420518,32.162930465841534],[-110.80695990147053,32.162930465919715],[-110.80695499180335,32.162930465241168],[-110.80695384257443,32.162930465080962],[-110.80695375458919,32.16293046430922],[-110.80695311549123,32.16293044878357],[-110.80694785237526,32.162930307027068],[-110.80691160406853,32.162929330753251],[-110.806834810891,32.162927263830092],[-110.80682206007931,32.162926920210786],[-110.80681358462274,32.162926691651194],[-110.80680566133897,32.162926477854903],[-110.80679462214709,32.162926180811368],[-110.80677992336595,32.162925784928476],[-110.80676605760883,32.162925411682629],[-110.80675102074439,32.162925006517803],[-110.80673689426669,32.162924626472453],[-110.80672473590016,32.162924298862592],[-110.80670934929192,32.162923884311809],[-110.80669455724812,32.162923485797194],[-110.80667417141564,32.162922937200975],[-110.80665230924355,32.162922348594201],[-110.806628282904,32.162921701315852],[-110.80660824999711,32.162921162118224],[-110.80656867595522,32.162920096144695],[-110.80643226314778,32.162916422765001],[-110.80592269608269,32.162902699295344],[-110.80575774533578,32.162898256096916],[-110.80567987652023,32.16289615828655],[-110.80566691481212,32.162895809091722],[-110.80565373051942,32.162895717663147],[-110.8056161101904,32.162895455831588],[-110.80560874894149,32.162895405615195],[-110.80559139842855,32.162895292021837],[-110.80557908335463,32.162895210924468],[-110.80556193214454,32.162895098175618],[-110.80553545425352,32.162894924255241],[-110.805512946406,32.162894776178732],[-110.8054953605598,32.162894660505394],[-110.80547497819249,32.162894526580637],[-110.80499534963536,32.162891376361863],[-110.80495132300986,32.162891086900018],[-110.80494859002719,32.162891074608638],[-110.80494423178305,32.162891063366644],[-110.80290930137602,32.162888494815064],[-110.80251247663233,32.162887989465247],[-110.80247180047053,32.162887937866287],[-110.80246835814434,32.162887932801539],[-110.80246797438022,32.16288793122547],[-110.80245545878131,32.162887863388804],[-110.80242725362862,32.162887710580456],[-110.80239933152353,32.162887559356903],[-110.80239093443836,32.162887513357553],[-110.80238495227145,32.162887480510456],[-110.80052574111652,32.162877371417132],[-110.80015769951297,32.162875366693193],[-110.80010379640744,32.162875073154424],[-110.80006975859648,32.16287488728279],[-110.80003629324047,32.162874704650783],[-110.80000034829403,32.162874509142718],[-110.79995576244552,32.162874266213187],[-110.79991557284323,32.162874047644202],[-110.79987676244579,32.162873835826069],[-110.79983234197968,32.162873593411092],[-110.79979741367757,32.162873403212572],[-110.79977908127694,32.16287330540478],[-110.79880354659271,32.162868140892598],[-110.79879601771844,32.162868101424053],[-110.79856979121146,32.162866903153166],[-110.79852993012669,32.162866696967136],[-110.79852764765322,32.16286669032214],[-110.79764421630559,32.162866175257697],[-110.79652130956499,32.162865511674532],[-110.79551513799194,32.16286490860697],[-110.79466182557495,32.162864390709451],[-110.79445564142554,32.162864264634202],[-110.79439240892218,32.16286422589188],[-110.79433960738102,32.16286419397899],[-110.79429802133301,32.162864168653897],[-110.79422334964563,32.162864123036385],[-110.79418216540508,32.162864097630752],[-110.79406943273196,32.162864028061904],[-110.79385752901601,32.162863898057097],[-110.79375838024468,32.162863836939756],[-110.79359394756368,32.162863735528504],[-110.7932840422189,32.162863543502787],[-110.79326237563006,32.162863529675185],[-110.7931574606675,32.162863461976364],[-110.79281618199977,32.162863240898879],[-110.79215736818934,32.162862812229712],[-110.79203645855705,32.162862733100198],[-110.79151177262358,32.16286238856415],[-110.79110963325526,32.162862123019885],[-110.79075071364096,32.162861884616206],[-110.79049311392914,32.162861712945926],[-110.79027489507703,32.162861567618762],[-110.79009652779845,32.162861448520957],[-110.78990045897989,32.162861316713361],[-110.78977551125367,32.162861232825662],[-110.78973956322294,32.162861208423593],[-110.78969778958373,32.162861180816691],[-110.78968839445452,32.162861171076173],[-110.78968258905338,32.162861162649953],[-110.78937407939939,32.162860515355206],[-110.78937148733996,32.162860510295566],[-110.78718320229257,32.162855897436032],[-110.78714308430827,32.162855812523162],[-110.78714127887831,32.162855809029843],[-110.78714113680866,32.162855809565109],[-110.78713789666772,32.162855830237049],[-110.78712917074367,32.162855887604174],[-110.78710278093824,32.162856059612437],[-110.78705986171103,32.162856340147265],[-110.78583206987491,32.162864346821479],[-110.78576983597944,32.16286475007184],[-110.78576951792955,32.1628647499343],[-110.78564718075287,32.162864038704342],[-110.78524974132553,32.16286172778841],[-110.78274981857722,32.16284716448309],[-110.78274484461589,32.162847135234173],[-110.78273516488679,32.162847079139432],[-110.78272209180334,32.162847002549931],[-110.78270927950432,32.162846927394625],[-110.78270883742847,32.162846926137767],[-110.78270398306337,32.16284691328994],[-110.78090717694909,32.162842597816031],[-110.78079642455961,32.162835210593059],[-110.7807078972326,32.162829306104136],[-110.78058874043343,32.162821358966426],[-110.78021562407645,32.162766184534739],[-110.78021458601272,32.162766026411511],[-110.77996222864216,32.162726310764249],[-110.7799022258336,32.16271686627379],[-110.77988125532443,32.162713565703761],[-110.77986615516268,32.162711189026133],[-110.77986534677302,32.162711061821746],[-110.77986528963106,32.162711053192034],[-110.77986388641095,32.162710846694388],[-110.77978928073819,32.162699874935399],[-110.77946228024379,32.162651813129031],[-110.77911001196057,32.162626539285426],[-110.77910916140176,32.162626478430987],[-110.77909193288235,32.162626115204077],[-110.77907484002709,32.162625754998324],[-110.77904139942005,32.162625050297805],[-110.77894468122321,32.16262301273818],[-110.77876508808221,32.162619228739885],[-110.77875835671668,32.162619087034479],[-110.77875372923555,32.16261898950205],[-110.77875339747369,32.162618983812699],[-110.77875333069058,32.162618983212049],[-110.77875206053834,32.162618988922468],[-110.77827270717611,32.162621249017867],[-110.77818190906659,32.162621677386724],[-110.77805300735406,32.162622284923039],[-110.77792520722578,32.162622886912196],[-110.77784210851058,32.162623278825052],[-110.77777304406798,32.162623604032078],[-110.7777113079311,32.162623895073075],[-110.77765504047065,32.162624159565652],[-110.77752728488313,32.162624760651788],[-110.77752589385187,32.162624767966932],[-110.77752580056755,32.162624767127006],[-110.77752486469006,32.162624746976974],[-110.77706335148461,32.162614433171967],[-110.77705861703237,32.162614327399524],[-110.77662475790838,32.162613164653941],[-110.77584062593925,32.162611059076539],[-110.77523585889232,32.162609432513435],[-110.77465979290579,32.162607879967027],[-110.77267722773959,32.162602517432838],[-110.77266712151108,32.16260249007837],[-110.77266697520204,32.162602490559003],[-110.77266580887985,32.162602501656217],[-110.77264608316723,32.162602691227207],[-110.77262041555372,32.162602938889037],[-110.77259649530339,32.16260316988167],[-110.77258036398413,32.162603325211983],[-110.77256063720024,32.16260351566175],[-110.77254689894804,32.162603649341726],[-110.77254246264074,32.162603694894962],[-110.77236036599098,32.162605583107222],[-110.77081921589415,32.162621556489732],[-110.77036226082654,32.162626289066637],[-110.77035069717094,32.162626407040335],[-110.77024299178372,32.162627497163271],[-110.77019924270617,32.162627939407841],[-110.76937588830806,32.162636257311512],[-110.7688413800403,32.162641653643568],[-110.76840721970498,32.162646035853939],[-110.76792099118997,32.162650941214864],[-110.76768469467063,32.162653324348454],[-110.76761268752607,32.162654050149044],[-110.76751916792959,32.162654993541373],[-110.76745791222991,32.162655611296287],[-110.76733836119168,32.1626568167963],[-110.76721640857306,32.162658046356249],[-110.76718529510936,32.16265835977002],[-110.76704966778783,32.162659727351333],[-110.76687035713933,32.162661534673489],[-110.76677663291096,32.162662479264007],[-110.76662342051112,32.162664022932944],[-110.76652203666831,32.162665044702749],[-110.76306174735841,32.162699864681834],[-110.76233909307882,32.162707125051142],[-110.76209025536163,32.162709624083895],[-110.76204056013395,32.162710122868376],[-110.76197451188484,32.162710786212116],[-110.75855996872883,32.162745022109966],[-110.75852739522935,32.162745348885657],[-110.75849389397516,32.162745684294315],[-110.75846523193418,32.162745971109004],[-110.7584357375538,32.162746266529837],[-110.75840027580033,32.162746621841542],[-110.75836057814676,32.162747019524602],[-110.75832335417914,32.162747392047756],[-110.75828677699778,32.162747757856664],[-110.75825804285122,32.162748045767799],[-110.75822030463719,32.162748423471939],[-110.75788869778154,32.162751742608087],[-110.75749423419727,32.162755689794174],[-110.75709323492553,32.16275970119824],[-110.75653075932671,32.16276532571564],[-110.75649347597626,32.162765698959063],[-110.75644354007142,32.162766197845158],[-110.75638895156712,32.162766743321527],[-110.75632605136404,32.162767372163621],[-110.75628012763315,32.162767831129216],[-110.75624892829471,32.162768142867186],[-110.75621304984429,32.162768501859553],[-110.7561752034858,32.162768879764819],[-110.75613259106899,32.162769305923959],[-110.75609351158361,32.162769695940241],[-110.75606672202649,32.162769964217567],[-110.75603249871465,32.162770305877146],[-110.75599467779745,32.162770683961782],[-110.75595761923394,32.16277105460032],[-110.75591335382211,32.162771496181698],[-110.75587646065968,32.162771865608541],[-110.75582949889613,32.162772334726156],[-110.75580180915719,32.162772610920264],[-110.75576946468729,32.162772934577781],[-110.75573136809072,32.162773315464854],[-110.75567374182224,32.162773891374599],[-110.75564291253087,32.16277419914433],[-110.75562049990531,32.162774422723857],[-110.75558641018226,32.162774763685007],[-110.75553453923231,32.162775281427507],[-110.75549944434877,32.162775632078031],[-110.75547251378367,32.162775900738858],[-110.75544187852609,32.162776206633218],[-110.75540381056256,32.162776586782577],[-110.75536753768588,32.16277694912911],[-110.75534119558181,32.162777212341808],[-110.75530581653848,32.162777565741017],[-110.75526954154184,32.16277792803993],[-110.75522699911211,32.16277835273263],[-110.75518378550392,32.162778784776364],[-110.75513839192203,32.162779238274325],[-110.75510761882497,32.162779545527627],[-110.75506160814972,32.162780005055886],[-110.75501371968159,32.162780483398024],[-110.75501180477569,32.162780502789637],[-110.75501044200659,32.162779536165459],[-110.75501030694068,32.162790179850042],[-110.75401993281849,32.162786579863528],[-110.75188450332716,32.162777761285405],[-110.74846021518078,32.162764398990369],[-110.74651986353921,32.162757118729118],[-110.74653886183398,32.163862014968629],[-110.74656410675722,32.165299819641056],[-110.74658294826163,32.166385387432044],[-110.74659758082579,32.167231435550235],[-110.74738532908881,32.16722669349511],[-110.74867965911645,32.167218980031535],[-110.74868054827773,32.168162222176022],[-110.74946332663963,32.168167729033996],[-110.75025822442652,32.168173170548023],[-110.75061689797377,32.168175618600323],[-110.75085278178585,32.168177276799497],[-110.7508321773587,32.169985045667254],[-110.75168585357375,32.169975645245586],[-110.75288415142541,32.169962452555403],[-110.75386307178701,32.169951612229376],[-110.75561971414297,32.16993218541193],[-110.75564314079755,32.169932400423804],[-110.75571261294711,32.169933038019764],[-110.75571257045259,32.169936387837879],[-110.75566919664709,32.177016561067205],[-110.75576817263487,32.177016610096516],[-110.75858837242623,32.177018841717157],[-110.75858842706457,32.177142190218397],[-110.76039948983856,32.177143039620518],[-110.76158387469233,32.177151370322214],[-110.76158554888143,32.177018760679971],[-110.76396014410051,32.177021783065506],[-110.76418634852072,32.177024016578343],[-110.76418683628575,32.177145651189292],[-110.76523073222343,32.177146225082595],[-110.7661994867476,32.177146794098014],[-110.76845695269958,32.177148066052389],[-110.76973071739994,32.177148713418674],[-110.77247215960479,32.177150178241924],[-110.7729492668019,32.177150370197261],[-110.77294944576548,32.177233005299477],[-110.77295086761282,32.177442434888462],[-110.77294577220943,32.179239614246001],[-110.77294420437127,32.179655856936627],[-110.77294256964421,32.180206700855628],[-110.77294220023917,32.180397818299589],[-110.77294411430699,32.180664803733109],[-110.77294398668275,32.180868894034084],[-110.77294427273152,32.180910642148554],[-110.77294506448015,32.182689148685803],[-110.77294530561778,32.183154540626589],[-110.77294558284167,32.183552418238101],[-110.7729455049237,32.183849449944418],[-110.77293568421373,32.184117874812912],[-110.77293328852438,32.184374084218092],[-110.77293198273289,32.184510820479225],[-110.77292482541323,32.188152445139245],[-110.77292192768455,32.189805591556514],[-110.77300273910099,32.189805378228016],[-110.77300241856284,32.189992544125502],[-110.7728565717473,32.189991482955399],[-110.76949278503206,32.189968572011651],[-110.76947301949679,32.191705142358039],[-110.7694721395228,32.191775283049616]]]},"properties":{"OBJECTID":36,"AREA_SQMI":9.2081120700000003,"TEAM":"East","SECTOR":7,"TMSECT":"East 7","INITIALS":"ODE","AREA_SF":256707431.40400001,"AREA_ACRE":5893.1917218500002,"Shape_Leng":81885.294646299997,"TEAM_NU":4,"Shape.STArea()":256708458.23656067,"Shape.STLength()":81885.294646355615}},{"type":"Feature","id":37,"geometry":{"type":"MultiPolygon","coordinates":[[[[-110.75497455109618,32.162491401354956],[-110.75497254469462,32.16271316873511],[-110.75501180477569,32.162780502789637],[-110.75501371968159,32.162780483398024],[-110.75506160814972,32.162780005055886],[-110.75510761882497,32.162779545527627],[-110.75513839192203,32.162779238274325],[-110.75518378550392,32.162778784776364],[-110.75522699911211,32.16277835273263],[-110.75526954154184,32.16277792803993],[-110.75530581653848,32.162777565741017],[-110.75534119558181,32.162777212341808],[-110.75536753768588,32.16277694912911],[-110.75540381056256,32.162776586782577],[-110.75544187852609,32.162776206633218],[-110.75547251378367,32.162775900738858],[-110.75549944434877,32.162775632078031],[-110.75553453923231,32.162775281427507],[-110.75558641018226,32.162774763685007],[-110.75562049990531,32.162774422723857],[-110.75564291253087,32.16277419914433],[-110.75567374182224,32.162773891374599],[-110.75573136809072,32.162773315464854],[-110.75576946468729,32.162772934577781],[-110.75580180915719,32.162772610920264],[-110.75582949889613,32.162772334726156],[-110.75587646065968,32.162771865608541],[-110.75591335382211,32.162771496181698],[-110.75595761923394,32.16277105460032],[-110.75599467779745,32.162770683961782],[-110.75603249871465,32.162770305877146],[-110.75606672202649,32.162769964217567],[-110.75609351158361,32.162769695940241],[-110.75613259106899,32.162769305923959],[-110.7561752034858,32.162768879764819],[-110.75621304984429,32.162768501859553],[-110.75624892829471,32.162768142867186],[-110.75628012763315,32.162767831129216],[-110.75632605136404,32.162767372163621],[-110.75638895156712,32.162766743321527],[-110.75644354007142,32.162766197845158],[-110.75649347597626,32.162765698959063],[-110.75653075932671,32.16276532571564],[-110.75709323492553,32.16275970119824],[-110.75749423419727,32.162755689794174],[-110.75788869778154,32.162751742608087],[-110.75822030463719,32.162748423471939],[-110.75825804285122,32.162748045767799],[-110.75828677699778,32.162747757856664],[-110.75832335417914,32.162747392047756],[-110.75836057814676,32.162747019524602],[-110.75840027580033,32.162746621841542],[-110.7584357375538,32.162746266529837],[-110.75846523193418,32.162745971109004],[-110.75849389397516,32.162745684294315],[-110.75852739522935,32.162745348885657],[-110.75855996872883,32.162745022109966],[-110.76197451188484,32.162710786212116],[-110.76204056013395,32.162710122868376],[-110.76209025536163,32.162709624083895],[-110.76233909307882,32.162707125051142],[-110.76306174735841,32.162699864681834],[-110.76652203666831,32.162665044702749],[-110.76662342051112,32.162664022932944],[-110.76677663291096,32.162662479264007],[-110.76687035713933,32.162661534673489],[-110.76704966778783,32.162659727351333],[-110.76718529510936,32.16265835977002],[-110.76721640857306,32.162658046356249],[-110.76733836119168,32.1626568167963],[-110.76745791222991,32.162655611296287],[-110.76751916792959,32.162654993541373],[-110.76761268752607,32.162654050149044],[-110.76768469467063,32.162653324348454],[-110.76792099118997,32.162650941214864],[-110.76840721970498,32.162646035853939],[-110.7688413800403,32.162641653643568],[-110.76937588830806,32.162636257311512],[-110.77019924270617,32.162627939407841],[-110.77024299178372,32.162627497163271],[-110.77035069717094,32.162626407040335],[-110.77036226082654,32.162626289066637],[-110.77081921589415,32.162621556489732],[-110.77236036599098,32.162605583107222],[-110.77254246264074,32.162603694894962],[-110.77254689894804,32.162603649341726],[-110.77256063720024,32.16260351566175],[-110.77258036398413,32.162603325211983],[-110.77259649530339,32.16260316988167],[-110.77262041555372,32.162602938889037],[-110.77264608316723,32.162602691227207],[-110.77266580887985,32.162602501656217],[-110.77266697520204,32.162602490559003],[-110.77266712151108,32.16260249007837],[-110.77267722773959,32.162602517432838],[-110.77465979290579,32.162607879967027],[-110.77523585889232,32.162609432513435],[-110.77584062593925,32.162611059076539],[-110.77662475790838,32.162613164653941],[-110.77705861703237,32.162614327399524],[-110.77706335148461,32.162614433171967],[-110.77752486469006,32.162624746976974],[-110.77752580056755,32.162624767127006],[-110.77752589385187,32.162624767966932],[-110.77752728488313,32.162624760651788],[-110.77765504047065,32.162624159565652],[-110.7777113079311,32.162623895073075],[-110.77777304406798,32.162623604032078],[-110.77784210851058,32.162623278825052],[-110.77792520722578,32.162622886912196],[-110.77805300735406,32.162622284923039],[-110.77818190906659,32.162621677386724],[-110.77827270717611,32.162621249017867],[-110.77875206053834,32.162618988922468],[-110.77875333069058,32.162618983212049],[-110.77875339747369,32.162618983812699],[-110.77875372923555,32.16261898950205],[-110.77875835671668,32.162619087034479],[-110.77876508808221,32.162619228739885],[-110.77894468122321,32.16262301273818],[-110.77904139942005,32.162625050297805],[-110.77907484002709,32.162625754998324],[-110.77909193288235,32.162626115204077],[-110.77910916140176,32.162626478430987],[-110.77911001196057,32.162626539285426],[-110.77946228024379,32.162651813129031],[-110.77978928073819,32.162699874935399],[-110.77986388641095,32.162710846694388],[-110.77986528963106,32.162711053192034],[-110.77986534677302,32.162711061821746],[-110.77986615516268,32.162711189026133],[-110.77988125532443,32.162713565703761],[-110.7799022258336,32.16271686627379],[-110.77996222864216,32.162726310764249],[-110.78021458601272,32.162766026411511],[-110.78021562407645,32.162766184534739],[-110.78058874043343,32.162821358966426],[-110.7807078972326,32.162829306104136],[-110.78079642455961,32.162835210593059],[-110.78090717694909,32.162842597816031],[-110.78270398306337,32.16284691328994],[-110.78270883742847,32.162846926137767],[-110.78270927950432,32.162846927394625],[-110.78272209180334,32.162847002549931],[-110.78273516488679,32.162847079139432],[-110.78274484461589,32.162847135234173],[-110.78274981857722,32.16284716448309],[-110.78524974132553,32.16286172778841],[-110.78564718075287,32.162864038704342],[-110.78576951792955,32.1628647499343],[-110.78576983597944,32.16286475007184],[-110.78583206987491,32.162864346821479],[-110.78705986171103,32.162856340147265],[-110.78710278093824,32.162856059612437],[-110.78712917074367,32.162855887604174],[-110.78713789666772,32.162855830237049],[-110.78714113680866,32.162855809565109],[-110.78714127887831,32.162855809029843],[-110.78714308430827,32.162855812523162],[-110.78718320229257,32.162855897436032],[-110.78937148733996,32.162860510295566],[-110.78937407939939,32.162860515355206],[-110.78968258905338,32.162861162649953],[-110.78968839445452,32.162861171076173],[-110.78969778958373,32.162861180816691],[-110.78973956322294,32.162861208423593],[-110.78977551125367,32.162861232825662],[-110.78990045897989,32.162861316713361],[-110.79009652779845,32.162861448520957],[-110.79027489507703,32.162861567618762],[-110.79049311392914,32.162861712945926],[-110.79075071364096,32.162861884616206],[-110.79110963325526,32.162862123019885],[-110.79151177262358,32.16286238856415],[-110.79203645855705,32.162862733100198],[-110.79215736818934,32.162862812229712],[-110.79281618199977,32.162863240898879],[-110.7931574606675,32.162863461976364],[-110.79326237563006,32.162863529675185],[-110.7932840422189,32.162863543502787],[-110.79359394756368,32.162863735528504],[-110.79375838024468,32.162863836939756],[-110.79385752901601,32.162863898057097],[-110.79406943273196,32.162864028061904],[-110.79418216540508,32.162864097630752],[-110.79422334964563,32.162864123036385],[-110.79429802133301,32.162864168653897],[-110.79433960738102,32.16286419397899],[-110.79439240892218,32.16286422589188],[-110.79445564142554,32.162864264634202],[-110.79466182557495,32.162864390709451],[-110.79551513799194,32.16286490860697],[-110.79652130956499,32.162865511674532],[-110.79764421630559,32.162866175257697],[-110.79852764765322,32.16286669032214],[-110.79852993012669,32.162866696967136],[-110.79856979121146,32.162866903153166],[-110.79879601771844,32.162868101424053],[-110.79880354659271,32.162868140892598],[-110.79977908127694,32.16287330540478],[-110.79979741367757,32.162873403212572],[-110.79983234197968,32.162873593411092],[-110.79987676244579,32.162873835826069],[-110.79991557284323,32.162874047644202],[-110.79995576244552,32.162874266213187],[-110.80000034829403,32.162874509142718],[-110.80003629324047,32.162874704650783],[-110.80006975859648,32.16287488728279],[-110.80010379640744,32.162875073154424],[-110.80015769951297,32.162875366693193],[-110.80052574111652,32.162877371417132],[-110.80238495227145,32.162887480510456],[-110.80239093443836,32.162887513357553],[-110.80239933152353,32.162887559356903],[-110.80242725362862,32.162887710580456],[-110.80245545878131,32.162887863388804],[-110.80246797438022,32.16288793122547],[-110.80246835814434,32.162887932801539],[-110.80247180047053,32.162887937866287],[-110.80251247663233,32.162887989465247],[-110.80290930137602,32.162888494815064],[-110.80494423178305,32.162891063366644],[-110.80494859002719,32.162891074608638],[-110.80495132300986,32.162891086900018],[-110.80499534963536,32.162891376361863],[-110.80547497819249,32.162894526580637],[-110.8054953605598,32.162894660505394],[-110.805512946406,32.162894776178732],[-110.80553545425352,32.162894924255241],[-110.80556193214454,32.162895098175618],[-110.80557908335463,32.162895210924468],[-110.80559139842855,32.162895292021837],[-110.80560874894149,32.162895405615195],[-110.8056161101904,32.162895455831588],[-110.80565373051942,32.162895717663147],[-110.80566691481212,32.162895809091722],[-110.80567987652023,32.16289615828655],[-110.80575774533578,32.162898256096916],[-110.80592269608269,32.162902699295344],[-110.80643226314778,32.162916422765001],[-110.80656867595522,32.162920096144695],[-110.80660824999711,32.162921162118224],[-110.806628282904,32.162921701315852],[-110.80665230924355,32.162922348594201],[-110.80667417141564,32.162922937200975],[-110.80669455724812,32.162923485797194],[-110.80670934929192,32.162923884311809],[-110.80672473590016,32.162924298862592],[-110.80673689426669,32.162924626472453],[-110.80675102074439,32.162925006517803],[-110.80676605760883,32.162925411682629],[-110.80677992336595,32.162925784928476],[-110.80679462214709,32.162926180811368],[-110.80680566133897,32.162926477854903],[-110.80681358462274,32.162926691651194],[-110.80682206007931,32.162926920210786],[-110.806834810891,32.162927263830092],[-110.80691160406853,32.162929330753251],[-110.80694785237526,32.162930307027068],[-110.80695311549123,32.16293044878357],[-110.80695375458919,32.16293046430922],[-110.80695384257443,32.162930465080962],[-110.80695499180335,32.162930465241168],[-110.80695990147053,32.162930465919715],[-110.80696287420518,32.162930465841534],[-110.80697542994568,32.162930459635618],[-110.80699019612599,32.162930455681682],[-110.80699906661627,32.162930455928127],[-110.80701169862678,32.162930454896618],[-110.80702185299593,32.162930454678552],[-110.80703508824814,32.162930453524673],[-110.80704557020974,32.16293045347242],[-110.80709980570961,32.16293044756614],[-110.80716775569894,32.162930437457078],[-110.80724737396086,32.162930429528998],[-110.80733060637412,32.162930420775396],[-110.80739210407765,32.16293041529358],[-110.80745132345427,32.162930410548761],[-110.80748102432474,32.16293040761262],[-110.80756313400427,32.162930399684662],[-110.80767186897411,32.162930389718738],[-110.80769233463788,32.162930387845819],[-110.80774543892723,32.162930382568874],[-110.80803255405571,32.162930355690065],[-110.80825881396187,32.16293033340834],[-110.8085881549858,32.162930297339365],[-110.80912268391894,32.162930236954871],[-110.80964492545584,32.162930175916756],[-110.80976691166389,32.162930161057375],[-110.80986639558823,32.162930149430011],[-110.81006334063393,32.162930125382225],[-110.81022412194774,32.162930105812571],[-110.81034842465358,32.162930090811003],[-110.81036732551175,32.162930088349093],[-110.81110148837554,32.162929994833775],[-110.81186545510747,32.162929893088233],[-110.81389990118076,32.16292959976127],[-110.81523487891063,32.162929388904402],[-110.81544424951051,32.162929354628965],[-110.81548489362554,32.162929346766198],[-110.81551706264811,32.162929341781464],[-110.81558990652888,32.162929329159603],[-110.81574408525601,32.162929303727772],[-110.81597679890989,32.162929265178427],[-110.81658136002468,32.16292916117245],[-110.81699513548458,32.162929088844081],[-110.81719323115725,32.162929053773951],[-110.81719399236117,32.162929054076336],[-110.81737620972942,32.162929021414598],[-110.81738413033514,32.162929019893731],[-110.81738513961645,32.162929020546834],[-110.81738834237144,32.162929024025814],[-110.81743254364646,32.162929083418732],[-110.81749584584021,32.162929168061467],[-110.81757225586364,32.162929270050618],[-110.81766264409762,32.162929391512229],[-110.81773308329556,32.162929485726956],[-110.81773312145799,32.162929486058431],[-110.81775000240194,32.162929508235202],[-110.81775160855531,32.162929509560641],[-110.81775541564635,32.162929510163195],[-110.81780727118552,32.162929499734652],[-110.81787205666927,32.162929487952468],[-110.81794144863336,32.162929475559942],[-110.81802643585526,32.162929459675468],[-110.81811915709248,32.16292944235046],[-110.818184735598,32.162929430079352],[-110.81826993060879,32.162929414933558],[-110.81827005146729,32.162929415080995],[-110.8183051020883,32.162929408251863],[-110.81831735140544,32.162929406375966],[-110.81837572598769,32.162929395494302],[-110.81842835121917,32.162929385180028],[-110.81848695374993,32.162929373520292],[-110.81849395624198,32.16292937207696],[-110.81854487139135,32.162929363103331],[-110.81859670890825,32.162929353096487],[-110.81865936450131,32.162929341363323],[-110.81867602629644,32.162929338067357],[-110.81869868023153,32.162929333564414],[-110.81874810158595,32.162929325072419],[-110.81880390417984,32.162929314218758],[-110.81885938978184,32.162929303295293],[-110.81886984634241,32.162929301140785],[-110.81892043709402,32.162929291004772],[-110.81896804025121,32.162929281981825],[-110.81902956569874,32.162929270179788],[-110.8190304361116,32.162929269614963],[-110.81908620371617,32.162929259234957],[-110.81912852081553,32.162929251187634],[-110.81914114862246,32.162929248908092],[-110.81919283984652,32.162929238289614],[-110.81922810143945,32.162929232132889],[-110.81923314579305,32.162929229896001],[-110.81927388215989,32.162929222517491],[-110.8193169021617,32.162929214191259],[-110.81932512069339,32.162929211525636],[-110.81935949925098,32.162929197673364],[-110.81938241403124,32.162929189899366],[-110.81939733607423,32.162929186750375],[-110.81942368473855,32.162929181696057],[-110.81945601282314,32.162929175285242],[-110.81948452107294,32.162929170008923],[-110.81948622372559,32.162929169443771],[-110.8195132615102,32.162929164034239],[-110.81952541435385,32.162929162106565],[-110.81954153652384,32.16292915852609],[-110.81956538527889,32.162929154309069],[-110.81957734199933,32.162929151577508],[-110.81959029635175,32.162929148477481],[-110.81961705742688,32.162929143351768],[-110.81963932333893,32.162929138922976],[-110.81966133480238,32.162929134989454],[-110.81966463407942,32.16292913473864],[-110.81969197189682,32.162929129186971],[-110.81971260301165,32.162929124999721],[-110.81972973340417,32.1629291220206],[-110.81973551140099,32.162929119811814],[-110.81975405925567,32.162929116493657],[-110.81977875722359,32.162929111482754],[-110.81979976999571,32.162929107884764],[-110.81982356044848,32.162929103113591],[-110.81983192315036,32.162929101664922],[-110.81984229172771,32.162929098667227],[-110.81986272670912,32.162929094558791],[-110.81987578388899,32.162929092320965],[-110.8198826877862,32.162929090847818],[-110.81989897427889,32.162929087744487],[-110.81991439247874,32.162929085228335],[-110.81991925129964,32.162929083159341],[-110.81993486139345,32.162929080500575],[-110.8199495014279,32.16292907754724],[-110.81996954414144,32.162929073628433],[-110.81996965015904,32.162929073645607],[-110.81999041909488,32.162929069705925],[-110.81999539134314,32.162929068617217],[-110.82000620200165,32.162929066732666],[-110.82002884958344,32.162929061936367],[-110.82003183292809,32.162929061642977],[-110.82005286480432,32.162929056364874],[-110.82007511586689,32.162929052632471],[-110.82008296226215,32.162929051201161],[-110.82010575296434,32.162929046729758],[-110.82013060784595,32.162929041206546],[-110.82015165137261,32.162929036914818],[-110.82016889627586,32.162929033065026],[-110.82019965317245,32.162929027276014],[-110.82022262728864,32.1629290225695],[-110.82024421998503,32.1629290185126],[-110.82027386794294,32.162929012113459],[-110.82031331408733,32.162929004040947],[-110.82034982671037,32.162928996688812],[-110.82035972031369,32.162928994943783],[-110.82040312517447,32.162928985975682],[-110.82045088738016,32.162928975969102],[-110.82047342258629,32.162928971021309],[-110.82052359033584,32.162928961088006],[-110.82054952023704,32.162928955778256],[-110.82056396095921,32.162928952830619],[-110.82061072235435,32.162928943111169],[-110.82064428449699,32.162928936265807],[-110.82065411343682,32.162928933937565],[-110.82068944819744,32.162928927105426],[-110.8207354780713,32.162928917315604],[-110.82076468605034,32.162928911499257],[-110.82080499412116,32.1629289035249],[-110.82083508629479,32.162928897234615],[-110.82086781831937,32.16292889035438],[-110.82089712595653,32.162928884468784],[-110.82091047681091,32.162928881962195],[-110.82094175534206,32.162928874197846],[-110.82099615110306,32.16292886281812],[-110.82108985200568,32.162928843682856],[-110.82118864602941,32.162928822585513],[-110.82121247783265,32.162928817911109],[-110.8212265453698,32.162928815263854],[-110.8212677948937,32.162928806275296],[-110.82130935291951,32.162928798140619],[-110.82131427427524,32.162928797461277],[-110.82136143536763,32.162928787317426],[-110.82141069350261,32.162928776371885],[-110.8214135104067,32.162928775506842],[-110.82150777745987,32.162928755552159],[-110.82152368229097,32.162928752543088],[-110.82163013930948,32.162928729795816],[-110.82180281629839,32.162928692952256],[-110.82194843323258,32.162928661616156],[-110.82207122871691,32.162928634676099],[-110.8221808281272,32.162928610696063],[-110.82242747079813,32.162928557225136],[-110.82271156757577,32.162928494362035],[-110.8229852523245,32.1629284337413],[-110.82326257139566,32.162928371471942],[-110.82347537526444,32.162928322910112],[-110.82364576658202,32.162928283640447],[-110.82374638841846,32.162928260103335],[-110.82375285450256,32.162928255538695],[-110.82376508167089,32.162928244827455],[-110.82378054138897,32.16292822867139],[-110.82378851509625,32.162928219993617],[-110.82379473101483,32.162928212364022],[-110.8238136533178,32.162928192746861],[-110.82383322234929,32.162928171498621],[-110.8238361760685,32.162928166350497],[-110.82386798034577,32.162928079436639],[-110.82410172049211,32.162927421567865],[-110.82412865100746,32.162927344805411],[-110.82417326488584,32.162927214220467],[-110.82420302196641,32.162927126679044],[-110.824246046586,32.162927000381657],[-110.82431784440271,32.162926789729767],[-110.8243990569289,32.162926552099819],[-110.82439992100392,32.1629265496397],[-110.82464950958851,32.16292581836074],[-110.82480568044011,32.162925360793622],[-110.82490731591342,32.16292506281215],[-110.82495329959079,32.162924928441534],[-110.82499725720643,32.162924799117562],[-110.82505219447202,32.162924899785381],[-110.82535809601428,32.162925461901757],[-110.82568134279548,32.162926054712834],[-110.82600115787957,32.16292664056153],[-110.82627795504318,32.162927147048457],[-110.826480003806,32.162927516576509],[-110.82670094773889,32.162927920509638],[-110.8268709087866,32.162928230307067],[-110.82696468595661,32.162928401366443],[-110.82700783749353,32.162928479934912],[-110.82726632371492,32.162928951001369],[-110.82754053950028,32.16292944963218],[-110.82774752548062,32.16292982627003],[-110.82797280129493,32.162930235505165],[-110.82811857069352,32.162930499583261],[-110.82827551626657,32.162930783886353],[-110.82841812322835,32.162931042057302],[-110.82858348327377,32.162931341541046],[-110.82894878251562,32.1629320026817],[-110.82918574875407,32.162932430902721],[-110.82946811198786,32.162932940374503],[-110.82963843149207,32.162933247729534],[-110.82975668988618,32.162933460220685],[-110.82988957949858,32.162933699985103],[-110.83000477722804,32.162933906695187],[-110.83012456649537,32.162934122071029],[-110.83022772825393,32.162934308178933],[-110.8303057250813,32.162934447664725],[-110.83038010040569,32.162934581258959],[-110.83043496565807,32.162934679872173],[-110.83047087423779,32.16293474467362],[-110.83047439183413,32.162934751426036],[-110.83047480316338,32.16293475315377],[-110.83047737702836,32.162934774349324],[-110.83051056257563,32.162935059251986],[-110.83058341813091,32.162935684696805],[-110.83070904936658,32.162936763107666],[-110.83080390672075,32.162937577274761],[-110.83091761216913,32.162938552220766],[-110.83100620981715,32.162939311614672],[-110.83108476539523,32.16293998568306],[-110.8311616057793,32.162940644986548],[-110.8312238606336,32.162941179109495],[-110.83129412539468,32.162941781917588],[-110.83137777462923,32.162942499501469],[-110.83138728877711,32.162942581114969],[-110.8314185227443,32.162942849038615],[-110.83142656657219,32.162942918036975],[-110.8314328517403,32.162942971949555],[-110.83143361605238,32.162942978505598],[-110.83143408250552,32.162942980703079],[-110.83143660685816,32.162942975301718],[-110.83143929024298,32.162942969460801],[-110.83144434004039,32.162942955961739],[-110.83146322242793,32.162942906901321],[-110.83146759792321,32.162942895733863],[-110.83148502039897,32.162942850380574],[-110.83150259447579,32.162942805423384],[-110.83152270670766,32.162942753375432],[-110.83154083421714,32.162942706846977],[-110.83156497207791,32.162942644228657],[-110.83157587742406,32.162942616014547],[-110.8315941194429,32.162942568656923],[-110.83161290747383,32.162942519666757],[-110.83162686517427,32.162942483357064],[-110.83163078795469,32.162942473712278],[-110.83164856453786,32.162942427766062],[-110.83166364500458,32.16294238845574],[-110.83167838620544,32.162942349841401],[-110.8316956973636,32.162942304406265],[-110.83171549047165,32.162942253198224],[-110.83172635022429,32.162942225481963],[-110.83173824580652,32.162942194923701],[-110.83175343865184,32.162942155664503],[-110.83177087702958,32.162942110408224],[-110.83178734743311,32.162942067671004],[-110.83180212467677,32.162942029351314],[-110.83181984188576,32.162941983773727],[-110.83183507714486,32.162941943966594],[-110.8318532004151,32.162941897357022],[-110.83186919266213,32.162941855920174],[-110.83188727776985,32.162941808978502],[-110.83191515181865,32.162941736844289],[-110.83193828141333,32.16294167723354],[-110.83195617674697,32.162941630458597],[-110.83197573130764,32.162941579870029],[-110.8320178535609,32.162941470246743],[-110.83207319453875,32.162941326933563],[-110.83213798201247,32.162941159060665],[-110.83216872606324,32.162941079007155],[-110.83221762518775,32.162940952557015],[-110.8322876087727,32.162940770527818],[-110.83230362116237,32.162940729208643],[-110.83233121320195,32.162940657271108],[-110.83234923254398,32.162940613306986],[-110.8323495855588,32.162940615430678],[-110.83245743560546,32.162941954546426],[-110.83257895571379,32.16294346481417],[-110.83269374359634,32.162944892936231],[-110.83279701115968,32.162946176268164],[-110.83286529897779,32.162947025499534],[-110.83295274779887,32.162948112772014],[-110.83303309234651,32.162949111179287],[-110.8330595706894,32.162949440772543],[-110.83311337540255,32.162950109910753],[-110.83311635618874,32.162950147163102],[-110.83315715017692,32.162950653449222],[-110.83319341996679,32.16295110474524],[-110.83323742054915,32.162951649287912],[-110.83326202984381,32.162951347793999],[-110.8333032344061,32.1629508448083],[-110.83333277000554,32.162950483578847],[-110.83336509109957,32.162950088476876],[-110.83340564674769,32.162949592526914],[-110.83341035888574,32.162949533672865],[-110.83342295367639,32.162949367357541],[-110.83343477124144,32.162949210619146],[-110.83343505541569,32.162949206739519],[-110.83345129773232,32.162948997702024],[-110.83345826620719,32.162948915779005],[-110.83349262739367,32.162948494823837],[-110.83352372273373,32.162948115339766],[-110.83355468448323,32.162947736508023],[-110.83359545430852,32.16294723872349],[-110.8336291761108,32.162946825784957],[-110.83368942639829,32.162946088910608],[-110.8337403150073,32.162945465767486],[-110.8337507476368,32.162945337727024],[-110.83383032778121,32.162944366730954],[-110.83388276657948,32.162943726136405],[-110.8339334218868,32.162943108133419],[-110.83399733031112,32.162942327567606],[-110.83407292254955,32.162941404357838],[-110.83408843098596,32.162941215111481],[-110.83411463606325,32.162940895542683],[-110.83413105107542,32.162940696011887],[-110.83413438157554,32.162940655970793],[-110.83413490006858,32.162940650487229],[-110.8341351757196,32.162940650140307],[-110.8341380211798,32.162940655548901],[-110.83413993791999,32.162940661127351],[-110.83414426967738,32.162940672940302],[-110.83415294804387,32.162940695790986],[-110.83416450364084,32.16294072702636],[-110.83418050549382,32.162940770150186],[-110.8341957652424,32.16294081143176],[-110.83421129956062,32.162940854158805],[-110.83422823966389,32.162940898089488],[-110.83423653107191,32.162940920329234],[-110.83424649645276,32.16294094697011],[-110.83426426238522,32.162940995255894],[-110.83427781635912,32.162941031854054],[-110.83429047874753,32.16294106623404],[-110.83430348357165,32.162941100836839],[-110.83430511196136,32.162941104847768],[-110.83432100355674,32.162941147912406],[-110.83434334508539,32.162941208276202],[-110.83435908189961,32.162941250913747],[-110.83437753375333,32.162941300542315],[-110.83439294298375,32.162941342176993],[-110.83441424026613,32.162941399908171],[-110.83442607998492,32.162941431746418],[-110.83443488768107,32.16294145568407],[-110.83444528453364,32.162941484196402],[-110.83446074676806,32.162941526276242],[-110.83447640300659,32.162941569111773],[-110.83448432229753,32.162941590857763],[-110.83449489619316,32.162941619978582],[-110.83450569166544,32.16294164919011],[-110.8345193018242,32.162941686242966],[-110.8345324126565,32.16294172172897],[-110.83454327173332,32.162941751481334],[-110.8345523773317,32.162941776155172],[-110.83456347388631,32.162941806133283],[-110.83457334809117,32.162941832870395],[-110.83458479237122,32.162941864017085],[-110.83459462099299,32.16294189036266],[-110.83460313608803,32.162941913589684],[-110.83460975882433,32.162941931453368],[-110.83461713214584,32.162941951227033],[-110.83462812056251,32.162941981176473],[-110.83463688585628,32.162942004737396],[-110.83465011648798,32.162942040333945],[-110.83466361426889,32.162942077312003],[-110.83467110420924,32.162942097178046],[-110.83468614556358,32.162942138336341],[-110.8346949977835,32.162942162636632],[-110.83470534057315,32.162942190665262],[-110.834707580668,32.162942196294949],[-110.83470831323197,32.162942198050608],[-110.83470880099361,32.16294219140007],[-110.83471116026429,32.162942160172527],[-110.83471899304041,32.162942056713185],[-110.8347351208805,32.162941845629966],[-110.83474518992681,32.162941712594559],[-110.83475630978289,32.162941565097057],[-110.83476689310331,32.162941424734093],[-110.83477798538681,32.162941277900686],[-110.83478715950737,32.162941156147362],[-110.8347972826387,32.162941021766649],[-110.83480851277434,32.162940872502112],[-110.83482339156022,32.162940675076008],[-110.83484019486947,32.162940452620738],[-110.83486676185986,32.162940099917975],[-110.83487786898432,32.162939953202738],[-110.83488998663579,32.162939791679676],[-110.83490299073236,32.162939618796635],[-110.83491309265149,32.162939485127097],[-110.83492542130016,32.16293932179746],[-110.83493560168603,32.162939186993384],[-110.83494778719279,32.16293902514311],[-110.8349587649563,32.162938880020185],[-110.83497144458511,32.162938711570526],[-110.83498045435158,32.162938592005212],[-110.83499375640331,32.162938415347533],[-110.83500174399263,32.162938309586984],[-110.83501090433214,32.162938187699567],[-110.83502041352102,32.162938061579403],[-110.83503014961889,32.162937932889349],[-110.83504119206813,32.162937786508643],[-110.8350546362016,32.162937608353786],[-110.83506766467974,32.162937435662251],[-110.8350774686436,32.162937305745082],[-110.83508961491691,32.162937144447568],[-110.83509977092099,32.16293700942186],[-110.8351146719682,32.16293681215177],[-110.83512906087208,32.162936621323674],[-110.83514193877714,32.162936450944564],[-110.83515340324206,32.162936299143446],[-110.83516619844006,32.162936129858515],[-110.83517782089854,32.162935975798469],[-110.83519415977811,32.162935759246132],[-110.83520857094348,32.162935568599295],[-110.8352220288578,32.162935390544433],[-110.83523459502662,32.162935223803977],[-110.83524817913225,32.162935043217722],[-110.83526372275428,32.162934836993422],[-110.83527896841045,32.162934635434929],[-110.83529493723907,32.162934422921182],[-110.83531002915261,32.162934222750359],[-110.83532111613542,32.162934075824019],[-110.83533247775183,32.162933924931245],[-110.83534111638591,32.162933811186377],[-110.83535184603875,32.16293366841785],[-110.83536691992032,32.16293346898793],[-110.83538024529338,32.162933292488901],[-110.83538988914337,32.162933164786359],[-110.83539992638713,32.162933031427016],[-110.83540902098056,32.162932910752509],[-110.83542159987016,32.162932744102164],[-110.83542880280255,32.162932648743322],[-110.83543519669654,32.162932563604492],[-110.83544522226882,32.162932431043622],[-110.83545415992877,32.162932312631952],[-110.83546515042352,32.16293216667205],[-110.8354775395173,32.162932002001462],[-110.83549011310647,32.162931835299005],[-110.83550048435852,32.162931697571459],[-110.83618195319539,32.162922657317772],[-110.83645585554449,32.162919023457178],[-110.83653665925137,32.162917951182514],[-110.83668991643452,32.162915917366753],[-110.83681178311939,32.162914299924722],[-110.83695196940988,32.162912439202358],[-110.83712177329519,32.162910185345837],[-110.83721242549569,32.162908982040882],[-110.83734141452197,32.162907269743357],[-110.83742854319229,32.162906112878595],[-110.83750205595598,32.162905136512464],[-110.8375768103848,32.162904143639409],[-110.83764022651997,32.162903302022265],[-110.83775280139008,32.162901806433233],[-110.83786013071339,32.162900381448488],[-110.83797190395373,32.162898896865286],[-110.83808502700759,32.162897394832399],[-110.83817430181668,32.16289620885518],[-110.83829306697861,32.16289463118266],[-110.83837455671544,32.162893549151413],[-110.83847085843961,32.162892269544749],[-110.83855189329766,32.162891192540862],[-110.83865666505922,32.162889800998386],[-110.83870081470624,32.162889214030855],[-110.83873709763508,32.162888732271192],[-110.83874515520895,32.162888625066728],[-110.8387522998254,32.162888529923492],[-110.83875241752548,32.162888528220812],[-110.83877356660604,32.162888297177041],[-110.83884883109214,32.162887473831731],[-110.83888925037714,32.162887031775377],[-110.8388894073212,32.162887028603265],[-110.83892664806704,32.16288605624333],[-110.83892694393388,32.162886049745488],[-110.83897846563298,32.162884869857798],[-110.83901369431166,32.162884064304166],[-110.83902253117927,32.162883861814443],[-110.8390431799086,32.162883355918339],[-110.83909256146491,32.162882145129906],[-110.83911482319289,32.162881599753],[-110.83924952406375,32.162878297356478],[-110.83931254770704,32.162876752649041],[-110.83938689840554,32.162874930104152],[-110.83948504216924,32.162872524609803],[-110.83969486679734,32.162867381324475],[-110.83985406062318,32.162863478745862],[-110.84003391377601,32.162859069097031],[-110.84025452458368,32.162853659549249],[-110.84044665177446,32.162848948823132],[-110.84059166793016,32.162845392756417],[-110.84068711059994,32.162843052634699],[-110.84073015784938,32.162841996557475],[-110.84073325128369,32.162841920959224],[-110.84073793436288,32.162841808377614],[-110.84074413917855,32.162841663645921],[-110.84076025189289,32.162841294748986],[-110.84077435820474,32.162840971915088],[-110.84078259484336,32.162840783136218],[-110.8407853690257,32.162840719250909],[-110.84078606359692,32.162840706219193],[-110.84078626506404,32.162840703423313],[-110.84086288289657,32.162840551419826],[-110.84086184835463,32.16266542758575],[-110.84086143600079,32.162595776666876],[-110.84086139850099,32.162589765730274],[-110.84086123755871,32.162565029294456],[-110.8408610782392,32.162540515621444],[-110.8408604389667,32.162442359907786],[-110.8408599497303,32.162367162151227],[-110.84085782517954,32.162040847334737],[-110.84085781999252,32.162040115916071],[-110.84085772730963,32.162028065033311],[-110.8408576123841,32.162013125437738],[-110.84085750395016,32.161999076893672],[-110.84085737100345,32.161981791515679],[-110.84085726510408,32.161967978367656],[-110.84085725784908,32.161967062058707],[-110.84082298927396,32.161635403874136],[-110.84080913628581,32.161501329092786],[-110.84080015154697,32.161159046021602],[-110.84079895994115,32.161113667213499],[-110.84070244740053,32.160764461447442],[-110.84065477160485,32.160591952081404],[-110.84060716486415,32.160087960088212],[-110.84060269491378,32.160040636124656],[-110.84060050094348,32.160017409167942],[-110.84059933369211,32.160005054248082],[-110.84059835411533,32.159994681317635],[-110.84059744895551,32.159985102620304],[-110.84059716794225,32.159982132345839],[-110.84059715974786,32.1599820177452],[-110.84059710516433,32.159981159651643],[-110.84059596266108,32.159962279383947],[-110.84059383922261,32.159927188703264],[-110.84059107560282,32.159881532283634],[-110.84058922026132,32.159850871811258],[-110.84058785052189,32.15982823443845],[-110.84058649133078,32.159805782028059],[-110.84058538958026,32.159787583881176],[-110.84058415028491,32.159767107472788],[-110.84058247063362,32.159739358662272],[-110.84058061426822,32.159708695475004],[-110.84057909617428,32.15968361742096],[-110.84057799084293,32.159665363330504],[-110.84057635389431,32.159638311086567],[-110.8405751190967,32.159617903254151],[-110.84057372080413,32.159594809317483],[-110.84057267414954,32.159577516162493],[-110.84057168435764,32.159561157775045],[-110.84057075637902,32.159545854139104],[-110.84057059777062,32.159543203247388],[-110.84057011571242,32.159535239697433],[-110.8405695176607,32.159525238854762],[-110.84056275735649,32.159410758626109],[-110.84056871195781,32.158786053722324],[-110.84057038432266,32.158610567730776],[-110.84057136355871,32.158507766029494],[-110.84057427087247,32.158202756004606],[-110.84057626124492,32.15799398296582],[-110.84057840038602,32.157769482564802],[-110.84058148112292,32.15744618780014],[-110.84058149127443,32.157445053398426],[-110.84058150982862,32.157442843198375],[-110.84058162670458,32.157428388037182],[-110.84058176779303,32.157411060789038],[-110.84058179278959,32.157408031792293],[-110.84058191564193,32.157392977874167],[-110.84058202531239,32.157379496615867],[-110.84058214910742,32.157364272261965],[-110.8405822831277,32.157347817012301],[-110.84058238847329,32.157334433113562],[-110.84058251540287,32.157318310574652],[-110.84058259601736,32.157308113493194],[-110.84058271252032,32.157293329164638],[-110.84058286103385,32.157274558167352],[-110.84058302157349,32.157254222616672],[-110.84058313929475,32.157239334589185],[-110.84058319479655,32.157232356787212],[-110.84058458746826,32.157055941304677],[-110.84058554278548,32.156934961412361],[-110.8405874082714,32.156698735903234],[-110.84058827489285,32.156588909847933],[-110.84058830415785,32.156585246908421],[-110.84059019323018,32.156346018529973],[-110.84059198122765,32.156119628479779],[-110.84059376662455,32.155893457541538],[-110.84059378341765,32.155891306845987],[-110.84059384303619,32.155883797906185],[-110.84059628377402,32.155574703959253],[-110.8405991111147,32.155216558835676],[-110.84059967853959,32.155144726555164],[-110.84060033027292,32.155062201219771],[-110.84060113972222,32.154959668563478],[-110.84060315416389,32.154704522278827],[-110.84060439276533,32.154547694733232],[-110.84061132589009,32.153669609902948],[-110.84061733258567,32.152908320726688],[-110.84062572169097,32.151845264121867],[-110.84063248056057,32.150988676822379],[-110.84066311242367,32.147105703275031],[-110.84066311300626,32.147105653679859],[-110.840691446294,32.144123222708693],[-110.84032141719666,32.143949743967212],[-110.83872825744157,32.142970772164894],[-110.83669591169377,32.141721748706139],[-110.83554524893047,32.141014602102985],[-110.83465480136051,32.14046729291362],[-110.83457285928431,32.14007103049822],[-110.83457603742528,32.139648093968752],[-110.83458406753603,32.138489392669726],[-110.83458808876692,32.137362354086989],[-110.83351591368407,32.137366067698615],[-110.83351363221213,32.135560463234327],[-110.83244620052878,32.135557595599728],[-110.83244734313899,32.133754425383309],[-110.8324577429817,32.130690687846112],[-110.83247396411926,32.130616523908571],[-110.83261869756889,32.130208800937275],[-110.83267244223163,32.130068731231638],[-110.8340765366479,32.126415885949363],[-110.83545859248643,32.122756047143476],[-110.83621458947255,32.120754018456665],[-110.83679352989364,32.120756295570104],[-110.83677768250587,32.119222181260518],[-110.83678365564384,32.118029271040967],[-110.83402942027237,32.116506044794662],[-110.83476422228769,32.117068692187168],[-110.8348443039189,32.117124952226746],[-110.83492418630733,32.117180953494511],[-110.83499937322755,32.117241467906709],[-110.83507476162067,32.117302068767501],[-110.83514505284244,32.117366921430673],[-110.83521534517364,32.117431688391733],[-110.83528156426514,32.117499512878851],[-110.83534371315508,32.117570137002694],[-110.83540586417075,32.117640588866394],[-110.83546232211238,32.11771451460762],[-110.83551877913406,32.117788525989482],[-110.83556914546256,32.117865492020542],[-110.83561950985457,32.11794262936175],[-110.83566358420421,32.118022461738029],[-110.83570745832328,32.118102206716294],[-110.83574524779735,32.118184390570114],[-110.83578283601084,32.118266573596202],[-110.83581414225478,32.118350763650518],[-110.83584464217984,32.118434861140422],[-110.83587088767219,32.118520211011443],[-110.83589187310827,32.11860663243359],[-110.83591245484909,32.11869296383064],[-110.83592616172912,32.118780353900135],[-110.83594006994996,32.118867745685925],[-110.83594670359992,32.118955762565101],[-110.83595374196433,32.119043697224214],[-110.83595371109749,32.119131915135803],[-110.83595327759215,32.119220129609388],[-110.83593692855966,32.119374091842069],[-110.83591493377784,32.119527490934615],[-110.83588588076836,32.119680228251319],[-110.83585118806847,32.119831973203596],[-110.83581004716586,32.119982631407382],[-110.83576306818784,32.120131951947172],[-110.83570984842879,32.120279844802901],[-110.83246752204259,32.128925127680795],[-110.83240641421614,32.129090387973065],[-110.8320975368818,32.129925252839726],[-110.83194293998955,32.130347407307134],[-110.8311609746418,32.132361981217954],[-110.83098791823127,32.1328077704934],[-110.83006391221751,32.132800958447262],[-110.82696162350233,32.132777983547861],[-110.82406202386686,32.13275651006132],[-110.82380466128102,32.132751797510871],[-110.82394412379271,32.119189207707826],[-110.8239298722664,32.11081294151078],[-110.82146198165722,32.109467407603432],[-110.81984583961516,32.108586272820745],[-110.81719037405165,32.107138273169788],[-110.81488290006615,32.105880161150914],[-110.8142079396502,32.105511794977495],[-110.813185676168,32.104954514953036],[-110.81276679204798,32.104725896592342],[-110.81397030839463,32.104728221100281],[-110.80993176787776,32.10235345866414],[-110.81000202535114,32.096376903200024],[-110.80945262426003,32.096364800500169],[-110.80947055039292,32.095598139684483],[-110.8072532142166,32.095597549447902],[-110.80725170574591,32.095722346720777],[-110.8068913067069,32.095718760189108],[-110.80509452472862,32.095737020084087],[-110.80476956427557,32.095423558447855],[-110.80440368474959,32.095389422513129],[-110.80440521426435,32.095329821866081],[-110.80441068863176,32.091613724139016],[-110.80441152555308,32.091344782590667],[-110.80441377001443,32.090160173665851],[-110.80441308683564,32.0899500599756],[-110.80440729498578,32.08836268718877],[-110.80443704661344,32.085640217282474],[-110.8044312105046,32.084805917561596],[-110.80443395053075,32.084529776947349],[-110.80444376794451,32.084418967639657],[-110.80446203256682,32.084310466308914],[-110.80448949632149,32.084208831058675],[-110.8045129496001,32.08410509992423],[-110.80455360205156,32.083980817494414],[-110.80467013585748,32.083722511887665],[-110.80488847633545,32.083338743239487],[-110.80669249030529,32.083887392575427],[-110.80693596209083,32.083961422626864],[-110.80753566503434,32.083996137999819],[-110.80922226409932,32.084411094939263],[-110.81841998604412,32.090138759878805],[-110.82389266361251,32.090124672002823],[-110.84095180919768,32.090171476541798],[-110.85468332328459,32.090351765907783],[-110.85464898259315,32.092901484323747],[-110.85776421151442,32.092947063641226],[-110.85825352052456,32.092954245574482],[-110.85826366471193,32.090394101384128],[-110.87496819328099,32.090298068490313],[-110.87487650250262,32.075558912364642],[-110.87571686912253,32.075560579603717],[-110.8759384721955,32.059524125512134],[-110.85888859217036,32.059385720085551],[-110.85840449337823,32.059379617197244],[-110.85858778771764,32.048800609895054],[-110.84207005132515,32.048715346260202],[-110.84208194495642,32.045211941245562],[-110.84641441348367,32.045243610871985],[-110.84643723767039,32.04160096460474],[-110.85492961636162,32.041662836888463],[-110.8549069272925,32.045305490206232],[-110.85917891056171,32.045336302594478],[-110.85926534731803,32.0365546080792],[-110.8592877789356,32.03423446250769],[-110.85931637351391,32.030429927669488],[-110.8762563072777,32.030489049181973],[-110.89130329273401,32.030572647987213],[-110.89130372631111,32.030535828354331],[-110.89133024305984,32.030535974236955],[-110.89164631220383,32.001439648675969],[-110.89164665560189,32.001408025488736],[-110.8916579886978,32.001408071062436],[-110.89165799344372,32.001407644527262],[-110.89165804598518,32.001402827286434],[-110.87609751595642,32.001339651002247],[-110.85923320610623,32.001394768032291],[-110.85938315553324,31.990576495880006],[-110.84262519161257,31.990707455443594],[-110.84095070937516,31.990682188570563],[-110.82561723657662,31.990720661656795],[-110.82409201018467,31.990689155210436],[-110.80878669631606,31.990718534651354],[-110.80727447096048,31.990679551709672],[-110.79155717270791,31.99083948576369],[-110.79011156722787,31.990793329798159],[-110.79010790580944,31.990598132989085],[-110.7857826412137,31.990571253277288],[-110.78578393637923,31.990608079504032],[-110.7857443315516,31.990607832925342],[-110.78574672282761,31.990675801146029],[-110.77724716473135,31.9906074897136],[-110.77724756760826,31.990542295299605],[-110.77443475836121,31.990502488116256],[-110.77327341540949,31.990455348786533],[-110.77229404235192,31.990473348121952],[-110.77232609963755,31.990704317889154],[-110.7723331677801,31.990838325406035],[-110.77234757914962,31.99108401985346],[-110.77235335388698,31.991322193576661],[-110.77242767876149,31.991665165188486],[-110.77247756770193,31.991866530718315],[-110.77255290956484,31.992127656599987],[-110.77262862132592,31.992359019890277],[-110.7727134331719,31.992560701106985],[-110.77280669966252,31.992784781543175],[-110.77292680505101,31.99295701401914],[-110.77302090245004,31.99311413082135],[-110.77310617855953,31.993278608163624],[-110.77320036891618,31.993428283752046],[-110.77328601490989,31.993562999334412],[-110.77335419932716,31.993697557510551],[-110.77342238288036,31.993832115642359],[-110.7734901984589,31.993996435394553],[-110.77355810655904,31.994153315827692],[-110.77363428385648,31.994347475809697],[-110.77367572206536,31.994526441658333],[-110.77370907707019,31.994653243945564],[-110.7737423388058,31.99478748730159],[-110.77377569291662,31.994914290462702],[-110.77379121694737,31.995070697970927],[-110.77381473325921,31.995286708306054],[-110.7738382496653,31.995502718632157],[-110.77383516860493,31.996455179681661],[-110.77385028695555,31.997348274614655],[-110.77383529803176,31.999260558444703],[-110.77383537051774,32.001366450863472],[-110.77381635469686,32.002899190507613],[-110.77382537405427,32.005222201460839],[-110.77381668613621,32.011552194511459],[-110.77379597044335,32.017911838852022],[-110.77378556863519,32.019687734749546],[-110.77378925197934,32.023377408056582],[-110.77831415106289,32.023378588147949],[-110.77835906365641,32.019909950499823],[-110.79072623648379,32.019936257318321],[-110.79072542335857,32.020002735789006],[-110.79105044580696,32.020005620997615],[-110.7910513870856,32.019730751233219],[-110.80836772464957,32.019732078826983],[-110.80805896271575,32.03414899265502],[-110.80805853325029,32.034234801768562],[-110.80798758428243,32.048638300074906],[-110.79951522507001,32.048676098888542],[-110.79948320420463,32.055876394950729],[-110.79110431986528,32.055821245820276],[-110.79069120093251,32.055885608359077],[-110.77561094409387,32.055783210161998],[-110.7755791130888,32.055682335934499],[-110.77554363975207,32.055582374016851],[-110.77550411856082,32.055483492101573],[-110.77545754191866,32.055367968413968],[-110.77540408083226,32.055254529961758],[-110.77535061879934,32.05514117805351],[-110.77529107597114,32.055030175626577],[-110.77522910324969,32.054919925053902],[-110.77516239434922,32.054801213267609],[-110.77509325132259,32.05468359688296],[-110.77501964437366,32.0545680874962],[-110.77493995030731,32.054455443341446],[-110.77484994506392,32.054328447506109],[-110.77475344510906,32.054204656796209],[-110.77465409706286,32.054082816249156],[-110.77456190057356,32.053969887864596],[-110.77447458245764,32.053853996694201],[-110.77439172970332,32.05373591188895],[-110.77431293674874,32.053615802952308],[-110.7741576256967,32.053354902261667],[-110.77401124039359,32.053090045284293],[-110.77395058634107,32.052971301779259],[-110.77389681897827,32.052850301745458],[-110.77384264836917,32.052729297150961],[-110.77379738673694,32.052605624102739],[-110.77375252861536,32.052481954676196],[-110.77371697640689,32.052356136230841],[-110.77368102089805,32.052230314137674],[-110.77361258157654,32.05199149991634],[-110.77353464368578,32.05138100146096],[-110.77352129503139,32.048560823330483],[-110.77358023676702,32.03421099843851],[-110.75683860588929,32.034102936955001],[-110.75683959127018,32.033896788903959],[-110.74018580245206,32.033773588380278],[-110.72322606844774,32.033890560515644],[-110.71889404896841,32.03389042524541],[-110.71883262107053,32.034116359309529],[-110.70618007588779,32.03409523286318],[-110.70614748350283,32.040127798786827],[-110.70736689571198,32.041110084151562],[-110.70746249493583,32.041110308863551],[-110.70809659724138,32.041111717532829],[-110.70937690453711,32.041114467461178],[-110.71025948610888,32.041116341188179],[-110.7108766466668,32.041117746067755],[-110.71146758946142,32.041118984370954],[-110.71203554002129,32.041120173688888],[-110.71257969054288,32.041121392330794],[-110.71310528663642,32.041122517255531],[-110.71361434494382,32.041123569635133],[-110.71436623470781,32.04112511955465],[-110.71468772322251,32.041125848634465],[-110.71610800400504,32.041128827741765],[-110.71631182743826,32.041120106447458],[-110.72319027202218,32.041188913833665],[-110.72315465413239,32.048378341859006],[-110.72313978963581,32.051823231984436],[-110.72737459994994,32.051856337228728],[-110.72736263711415,32.055463001928452],[-110.73587814676084,32.055533172798334],[-110.73586693276926,32.059107120258822],[-110.73990000597831,32.059073250830302],[-110.73990613983618,32.062753702478204],[-110.74005378893558,32.062755674937925],[-110.74186446100508,32.062957154024588],[-110.74444142673578,32.062963408223766],[-110.74866936814594,32.062975903748601],[-110.74864074848101,32.06649729668171],[-110.75295428387875,32.066550640849599],[-110.75291588364485,32.070155868629207],[-110.75669552423875,32.07019473405088],[-110.75671545547235,32.066442619583441],[-110.76308266007423,32.066508043860416],[-110.76515261716835,32.066540013725991],[-110.76527404717598,32.066541889970075],[-110.76525245086928,32.070164975693039],[-110.76530752480934,32.073755427550751],[-110.76530779976913,32.073830076410708],[-110.77167111393459,32.073893752146766],[-110.77296024026893,32.073906683766353],[-110.77296254689247,32.074758559446231],[-110.77296391016156,32.075264857707744],[-110.7729782411285,32.075475094232267],[-110.77295625057118,32.082912065071461],[-110.76990485670103,32.082878382403116],[-110.76961995732646,32.082876576023956],[-110.76844890119436,32.082867771178698],[-110.76850020308669,32.081734207197812],[-110.7685090127182,32.081481488080357],[-110.76850823683358,32.079542240429269],[-110.76775484825698,32.07911863185975],[-110.76693095469776,32.078654006408961],[-110.76620003837233,32.078241674227819],[-110.76532486004838,32.07774882740371],[-110.76415798044626,32.077090888456233],[-110.76416330191543,32.076409505731156],[-110.76417563404577,32.075683948838396],[-110.76291336668896,32.075683455738151],[-110.76164155414206,32.07567186805948],[-110.76016287683605,32.075680369512227],[-110.75980652066983,32.075682785983282],[-110.75942414272681,32.075476487549899],[-110.75811785685352,32.075478894893401],[-110.75665828878985,32.075476363879773],[-110.7556604384865,32.075500294737154],[-110.7399682843882,32.075355444269299],[-110.74000457225809,32.070002184786006],[-110.73582063585498,32.069963349793447],[-110.73583881067398,32.067293377798933],[-110.73584378491051,32.066403950344572],[-110.73173948248889,32.066366926174609],[-110.73180974920173,32.062763731539434],[-110.72309527667483,32.062770514624589],[-110.723080712214,32.062835659887462],[-110.72307130683784,32.062876373050926],[-110.72303379850629,32.062813056799897],[-110.7229733541874,32.062713876624137],[-110.7229484835627,32.06267163848576],[-110.72285017588732,32.062505444783774],[-110.72276725531101,32.062366109553921],[-110.72274644705814,32.062321762424602],[-110.7225073221644,32.062404290867541],[-110.7222362097924,32.062495449851575],[-110.722110165828,32.062538671710307],[-110.72193589021748,32.062598617428172],[-110.72178755456257,32.062649530510129],[-110.72163921650854,32.062700615639649],[-110.72145562117099,32.062763565126708],[-110.72137097114495,32.062788364762802],[-110.72128713241817,32.062812827500828],[-110.72107264223655,32.062862428514826],[-110.72086680494515,32.062898195800258],[-110.72076937001019,32.062913253823687],[-110.72066393013154,32.062923339366669],[-110.72053667472808,32.062935538382874],[-110.72042039692391,32.062941312654296],[-110.72034775683291,32.062942344899035],[-110.7202428332505,32.062943759501337],[-110.72012180370727,32.062942616804797],[-110.71896476162074,32.062931686794023],[-110.71884978362341,32.062930600076015],[-110.71867751835481,32.062928971710363],[-110.71860449724984,32.062928281395763],[-110.7184419143566,32.062926744245821],[-110.71819219028419,32.062924382808006],[-110.71799975349876,32.062922562753798],[-110.71787751603537,32.062921234241649],[-110.7175093177099,32.06290744293284],[-110.71744081844733,32.062900353072266],[-110.71733525062353,32.062889303302796],[-110.71721926310376,32.062872830510507],[-110.71712990096714,32.062856694409817],[-110.71704536881724,32.062841463397781],[-110.71698099478373,32.062827453936855],[-110.71682368393803,32.062792979843884],[-110.71673959570636,32.062774660509362],[-110.71659475662133,32.062742967283071],[-110.71652032614303,32.062726628562281],[-110.7163618109762,32.062691713231139],[-110.71618800598758,32.062653560541712],[-110.71612805986361,32.06264036545128],[-110.71592850739933,32.062596471026851],[-110.71583553287719,32.062578925426699],[-110.71571921334571,32.062557036333928],[-110.71563381875919,32.062546090655111],[-110.71551620034936,32.062530975222437],[-110.71562645652909,32.062738947890566],[-110.71589920715233,32.063325809241675],[-110.71596945219828,32.06347722575137],[-110.71607344352074,32.063701631058692],[-110.71613819923647,32.063840884098994],[-110.71627045115738,32.06412585770078],[-110.71640152273403,32.064408586190126],[-110.71661972683208,32.064878366203502],[-110.71663110355578,32.06490321251421],[-110.71678061846654,32.065228012663134],[-110.71694695461427,32.065589348378914],[-110.71700069008652,32.06570753757471],[-110.71713249442827,32.065996285542113],[-110.71717721796611,32.066093945222761],[-110.71728383160142,32.066365188443136],[-110.71743731710907,32.066755071460989],[-110.71751294602046,32.066951609842313],[-110.71759264179857,32.067158714440822],[-110.71761058517075,32.067206041904051],[-110.71770267055462,32.067462628981801],[-110.71774062609562,32.06756838674491],[-110.71774139600684,32.067571229333481],[-110.71780873404191,32.067766688977045],[-110.71785219763927,32.067892848255582],[-110.71788879434567,32.067994983154698],[-110.71800983691932,32.068335854252389],[-110.71827692578283,32.069049785641347],[-110.71842758535168,32.069440413557551],[-110.71856691649496,32.069802501782419],[-110.71864106660182,32.069995528254651],[-110.71875385747451,32.070288818446492],[-110.71877806033731,32.070351322927024],[-110.71883074524932,32.070488570263244],[-110.71883076084036,32.070796858237202],[-110.718830100799,32.071775914404228],[-110.71882975953386,32.073070905835337],[-110.71882965046365,32.073852917905135],[-110.71882944177507,32.074673496797288],[-110.71882926142474,32.075306218211331],[-110.72156869654054,32.075319202407407],[-110.72143254295027,32.089842182575282],[-110.72140282829851,32.097083407054079],[-110.72999744948817,32.097170238239521],[-110.72995708634767,32.100791043658589],[-110.72992730857344,32.104341853872342],[-110.72992493796342,32.105523781140022],[-110.72992467501005,32.105575317165879],[-110.72992000738701,32.107153210450647],[-110.72991908954116,32.107973092852653],[-110.73416391435865,32.107994506962335],[-110.73412464591514,32.111666944468219],[-110.73410469583891,32.113496116795893],[-110.73409486485413,32.114415127488932],[-110.73408492981247,32.115373477642606],[-110.73407549045908,32.11623073126853],[-110.73406634468478,32.117096491589109],[-110.73405629575385,32.118032249945351],[-110.73404560828295,32.119017479082785],[-110.73861943457904,32.119081937273513],[-110.73864970783742,32.126247005471804],[-110.74278614791137,32.126317383677225],[-110.74274630497878,32.129838462541656],[-110.74470211080705,32.129845590251541],[-110.74687993537334,32.129857402671],[-110.74681796225744,32.13363725936626],[-110.74680463862136,32.133637136226149],[-110.74681235394192,32.137777458315007],[-110.74682992598318,32.140955647537588],[-110.74686084101739,32.144575127537671],[-110.74260763857573,32.144570100323165],[-110.74258681588809,32.14638379672612],[-110.74361450317933,32.147307014573158],[-110.74467215407203,32.148257301649608],[-110.74676343004572,32.148249766920529],[-110.74684864841109,32.148249438286541],[-110.74783935908515,32.148245879946266],[-110.74782661920274,32.149339147028755],[-110.74781796551173,32.150080531298165],[-110.74780772821896,32.150914326171197],[-110.7477964116085,32.151895939687627],[-110.74680482965248,32.151901379258774],[-110.74671152257073,32.151902320204734],[-110.74473289790305,32.151905656752355],[-110.74383344941339,32.151907201718764],[-110.74365291361192,32.151907504135423],[-110.74248084394439,32.151909517706095],[-110.74135522230952,32.151911351238006],[-110.74015690122555,32.151913357357429],[-110.73887093807524,32.151915481488814],[-110.73822189814202,32.151916568352476],[-110.73822965371117,32.151596330910976],[-110.73715874693814,32.15158360449135],[-110.73703073908433,32.151582067638529],[-110.73573612224909,32.151566641981184],[-110.73570260596583,32.151566243512953],[-110.7341265349082,32.151547401468349],[-110.73413352331323,32.15160046496441],[-110.73414455329628,32.151653308312703],[-110.73415801176742,32.151705745996708],[-110.73417309110485,32.151757768664922],[-110.73419019513597,32.151809380090512],[-110.73442550166733,32.152352987399503],[-110.73443059952609,32.1523648026836],[-110.73451701714171,32.152584733360939],[-110.73677408635177,32.152631568633026],[-110.7382034307784,32.152661209370521],[-110.73818921030077,32.153232720649321],[-110.73817487677134,32.153812993664914],[-110.73815540631088,32.154604095136719],[-110.73813341386507,32.155496960670675],[-110.73861969228273,32.155497365980679],[-110.73900095975279,32.155497737183033],[-110.73998482557312,32.155498557858159],[-110.74013951468605,32.155498621954528],[-110.7415034370123,32.155499787082462],[-110.74161612109719,32.15549988850087],[-110.74239117912984,32.155500469995786],[-110.74294692561328,32.155500987518074],[-110.7431302898547,32.155501142605083],[-110.74345137978104,32.155501371507704],[-110.74421795641391,32.15550194883825],[-110.74449623362776,32.155502207633518],[-110.74496999267997,32.155502558220405],[-110.7450055341216,32.155502630320164],[-110.74554795419625,32.155503013011668],[-110.74665864161429,32.155503925653484],[-110.74865693100557,32.155484936551495],[-110.74885041129365,32.155483630127392],[-110.75089261048801,32.155473600657231],[-110.75088062281407,32.15641518045112],[-110.75087456370714,32.156891080233628],[-110.75238711649203,32.156894356153536],[-110.7550253028828,32.156899878523639],[-110.75500674038538,32.158935986130743],[-110.75497455109618,32.162491401354956]],[[-110.89161977164271,32.001439542453987],[-110.87605923673553,32.001376258544482],[-110.89161977278658,32.001439439652707],[-110.89161977164271,32.001439542453987]]],[[[-110.82369100378313,32.106564323047543],[-110.82396172002885,32.106746616350115],[-110.83947391662464,32.115413823343438],[-110.83947327821767,32.117908574935342],[-110.83947301672082,32.118841690926708],[-110.84005793279505,32.119193696870688],[-110.84141797807381,32.119928865497052],[-110.8414170578736,32.119938478341133],[-110.84141827875193,32.120591834955718],[-110.84138019736268,32.122875128712657],[-110.84131919145305,32.125202035687778],[-110.8412172470201,32.125201598977796],[-110.84120817959162,32.126439149868823],[-110.84129154389998,32.126440372983609],[-110.84129413146646,32.127940786819856],[-110.84127318553428,32.129863879488909],[-110.8412671844131,32.130306549475499],[-110.8412666568649,32.131194650822927],[-110.84126064147696,32.132103148838397],[-110.84125843469775,32.132360052963762],[-110.84124552986449,32.132616693942282],[-110.84122253712717,32.132872819934086],[-110.84118708700035,32.133140951540263],[-110.84115876149731,32.133558951650144],[-110.84112960803083,32.133737802208159],[-110.84191272037371,32.1337600012397],[-110.84314430753082,32.133794847518914],[-110.8442382456814,32.133825766929931],[-110.84522400196849,32.133853613985416],[-110.84532088255428,32.133856323319996],[-110.84637788605731,32.133886224448887],[-110.84743368028695,32.133916106541818],[-110.84848019087714,32.133945644471318],[-110.84957817062141,32.13397663754116],[-110.84952838555448,32.13421218166571],[-110.84952670836137,32.134356219341356],[-110.84957191983072,32.13468688058029],[-110.8495592773461,32.1357726184931],[-110.84956196523494,32.137535796724222],[-110.85257956075441,32.137599426220312],[-110.85382321524557,32.137625938763748],[-110.85382497133863,32.13928491392263],[-110.85381588846448,32.141268924576885],[-110.8557666319944,32.14130195523456],[-110.85772797165085,32.141344235870207],[-110.85821513091156,32.141350028879017],[-110.85821420555412,32.141552980971717],[-110.87499362597299,32.141568499711326],[-110.87499491520988,32.141568468838287],[-110.87496936358141,32.139493002969054],[-110.87496135298072,32.138827221948993],[-110.87494870679015,32.137775885690324],[-110.87494840602407,32.137750784499197],[-110.87494810848858,32.137725678825433],[-110.87494764337427,32.137686505092276],[-110.87494702036329,32.137633996563657],[-110.87494677808195,32.137613540256638],[-110.87494645439169,32.137586260064843],[-110.87494607297744,32.137554081581442],[-110.87494569348551,32.137522106926291],[-110.87494536333078,32.137494276567139],[-110.87494503904185,32.137466955787744],[-110.87493804652203,32.136877568506975],[-110.87493488710274,32.136611281982695],[-110.87493374778271,32.136515711512146],[-110.87493323442192,32.136472949910761],[-110.87493313288144,32.136464540449019],[-110.87493284518736,32.136440806528761],[-110.87493257962254,32.136418948588791],[-110.87493231232372,32.136396963476976],[-110.87493205767288,32.136376010158187],[-110.8749307224699,32.136265970978215],[-110.87492882998124,32.136110041396485],[-110.87492874912297,32.136103355494186],[-110.87490664136516,32.134282717376671],[-110.87490612837979,32.134238989907949],[-110.87488368989565,32.134176268988853],[-110.87482049473039,32.133999625780049],[-110.8748096566128,32.133969332605112],[-110.8748250616532,32.132791784068282],[-110.8748315500093,32.13230154502439],[-110.8749226691159,32.132298275497647],[-110.8749248385127,32.132168391537945],[-110.87493048113149,32.131830645270917],[-110.87495382776228,32.130433025725189],[-110.87499542471771,32.12727005254068],[-110.87507833425025,32.126706474868826],[-110.8751008785655,32.126553232454711],[-110.87510568948888,32.126520715164126],[-110.87514325378521,32.126164116075763],[-110.87515278818762,32.12604082090612],[-110.87515745293709,32.125980494556295],[-110.87515862777988,32.125877081738949],[-110.87516260059496,32.125726447898529],[-110.87516926789829,32.12547361316286],[-110.87518502311518,32.125152997865058],[-110.87519868400231,32.12492120526565],[-110.87520853140295,32.124754101851316],[-110.87521257823843,32.124607197648288],[-110.87521952396575,32.124355107358518],[-110.87526519368664,32.123352789378053],[-110.87527703926197,32.123057126037587],[-110.87527868462256,32.123056694068644],[-110.8753878965404,32.123057267697149],[-110.8781096505132,32.123071549182477],[-110.87836693351082,32.123072890214978],[-110.88051252729316,32.123084055583689],[-110.88150059402814,32.123089184829183],[-110.88356749578008,32.123100398075856],[-110.88359649793102,32.123100531925147],[-110.88371284033099,32.123101069077343],[-110.88371323114701,32.123043145986358],[-110.88371435028736,32.1228773998481],[-110.88371444995818,32.12286855281684],[-110.88371985885344,32.122030048315828],[-110.88372057435163,32.121924864802374],[-110.88372145563363,32.121795181745036],[-110.88372262235771,32.121623510043293],[-110.88372520371732,32.121215166600535],[-110.88372779862405,32.120823487244309],[-110.88372798281141,32.120794719490398],[-110.88372898638038,32.120638465006948],[-110.88372974284674,32.120520795977747],[-110.88373047563553,32.120406639378594],[-110.883733304629,32.119994260388779],[-110.88373553860156,32.119652571832056],[-110.8837388413321,32.119434910667898],[-110.88373974666311,32.11937523497761],[-110.88374077640498,32.119307336518418],[-110.88383934429439,32.119307580583907],[-110.88841549602532,32.119318829679763],[-110.88996682018265,32.119322605367344],[-110.89201787755098,32.119327568331677],[-110.89203777541398,32.11912583294788],[-110.89206889595593,32.118810313320218],[-110.89208712764993,32.118625469242019],[-110.89211881392572,32.104852007522723],[-110.89243912352133,32.104852709111931],[-110.8924337929345,32.101225642243108],[-110.87504204325759,32.101125803590044],[-110.87505412051433,32.104738057671227],[-110.8750539849858,32.104749995889662],[-110.85796499806166,32.105139059402163],[-110.84103313167141,32.104685253571297],[-110.83858602713462,32.104688926295147],[-110.83839609636389,32.104483041248152],[-110.83816673974904,32.104214372342703],[-110.8378718629571,32.103836396449367],[-110.83759108453411,32.103426757860348],[-110.83739365989683,32.103103470019619],[-110.83721134994968,32.102799294138393],[-110.83703528309654,32.102530733819847],[-110.83683046887211,32.102235385611202],[-110.83668508302812,32.102052555151822],[-110.83637751393329,32.101725062731241],[-110.83603328978558,32.101425516436436],[-110.83565540275775,32.101156778656879],[-110.83283551094569,32.099340998463909],[-110.82862250488974,32.096628181000696],[-110.82366571263287,32.093436966342288],[-110.82369100378313,32.106564323047543]]],[[[-110.84102219200669,32.141001002085076],[-110.84102239012456,32.140937089001184],[-110.84112806217114,32.140940474263701],[-110.84244480972274,32.140982651764894],[-110.84314670059494,32.141005129421877],[-110.84316131314492,32.139757948599943],[-110.84518883187141,32.139793511026625],[-110.84519555070391,32.139206711844565],[-110.84519624680682,32.139093887192175],[-110.84520607342186,32.137500820617859],[-110.84520383837493,32.137359302196792],[-110.84416889871758,32.137349826324289],[-110.84314308480735,32.137337656207144],[-110.84239651013996,32.137328793212653],[-110.84173843015756,32.137320977703411],[-110.84153146478369,32.13726791071268],[-110.84112744476559,32.137259656184163],[-110.84112675030082,32.13735991120447],[-110.83943147182072,32.137354648691677],[-110.83888726946601,32.137352954031812],[-110.83887718499278,32.137352925877209],[-110.83887709196394,32.137353085609234],[-110.83886977033161,32.138930638648858],[-110.83886982822713,32.138930762691345],[-110.83886977011862,32.138930746865555],[-110.83886678538241,32.139573664860521],[-110.83886155410708,32.140699481539748],[-110.83886024695022,32.140982246255803],[-110.84037185113377,32.140994251332494],[-110.84102219200669,32.141001002085076]]],[[[-110.84313264477643,32.145630102319821],[-110.84418959482333,32.146279780420336],[-110.84420435641377,32.144673948265243],[-110.84313579332496,32.144655010025964],[-110.84313264477643,32.145630102319821]]]]},"properties":{"OBJECTID":37,"AREA_SQMI":77.726269149999993,"TEAM":"East","SECTOR":8,"TMSECT":"East 8","INITIALS":"ODE","AREA_SF":2166884022.0100002,"AREA_ACRE":49744.8122592,"Shape_Leng":496402.50628199999,"TEAM_NU":4,"Shape.STArea()":2177211779.785305,"Shape.STLength()":497260.75248952082}},{"type":"Feature","id":38,"geometry":{"type":"Polygon","coordinates":[[[-110.97958329365429,32.211979284270186],[-110.97958304348384,32.211928999191862],[-110.978554105329,32.211975953788468],[-110.97626355619145,32.211996644589789],[-110.97560395348643,32.211999038300988],[-110.97432104306344,32.212011471915744],[-110.97389739373341,32.212020852250753],[-110.97313460197711,32.212016106511918],[-110.97237726233588,32.212011911838431],[-110.97160096667933,32.212023634263304],[-110.97083041438324,32.212026804986067],[-110.97006840793777,32.212024624940597],[-110.96930809930524,32.212033960334622],[-110.96859754155101,32.212039120864951],[-110.96859669395013,32.2120391253303],[-110.96854718624053,32.212039485419879],[-110.96849916910826,32.212040235437001],[-110.96775088972055,32.212073651092133],[-110.96701465607632,32.212060820556928],[-110.96623602932999,32.2120438865674],[-110.96545620055083,32.212059102377928],[-110.9646901493353,32.21206266542611],[-110.96392209803932,32.212058854363853],[-110.96317174710138,32.212062644670446],[-110.96241672149318,32.212074751555313],[-110.96240050067632,32.21207501238942],[-110.96237104151484,32.212075166976518],[-110.96162690646666,32.212079074391291],[-110.96094303321614,32.212085968052435],[-110.96086236917556,32.212086780382492],[-110.96081280851587,32.212085610250057],[-110.95978657674797,32.21206137482406],[-110.95639369074706,32.212114518835165],[-110.95631291798465,32.212115782856635],[-110.95623204973478,32.212115635646192],[-110.9546940631348,32.212118249172008],[-110.95316026357381,32.212121770502442],[-110.95237649708906,32.212132630669075],[-110.9522950042342,32.212133875807076],[-110.95219278168472,32.21213543800328],[-110.95215058488967,32.212131767589391],[-110.95211731911276,32.212124641874631],[-110.95207729710586,32.212106382074403],[-110.95154725644248,32.211780645820575],[-110.95033518509985,32.21103772695713],[-110.94961431750913,32.210595787441846],[-110.94903609041408,32.211349130170632],[-110.94868647704092,32.211727438488673],[-110.94871207676091,32.211741826514761],[-110.94871608169341,32.211744077471494],[-110.94872304649392,32.211747998724299],[-110.94872842031452,32.211751003265185],[-110.94868112226735,32.211824769283048],[-110.94847382906835,32.212126474447381],[-110.94838871135217,32.212250360872318],[-110.94838567667,32.212254848554167],[-110.9483137954899,32.212361073072138],[-110.94830320549416,32.212376717965924],[-110.94774076040261,32.213134276691306],[-110.9464110464818,32.214795241568048],[-110.94799271612743,32.21479530695764],[-110.9491835525385,32.214760446385803],[-110.95038597353242,32.214719134827433],[-110.9516071434409,32.214681819267881],[-110.95279081859407,32.214674272840654],[-110.95330811222591,32.214677702038145],[-110.95338885296542,32.214686734048897],[-110.95345073297612,32.214701377742458],[-110.95355809957046,32.214735285543313],[-110.95363843232229,32.214772664949081],[-110.95372087640109,32.214810220010435],[-110.95509287351614,32.215119893768978],[-110.95515425581991,32.215142472513513],[-110.95554444611834,32.215268691284429],[-110.95646182647616,32.215833254952834],[-110.95657161270732,32.215900817564105],[-110.9566757464907,32.215966317067277],[-110.95661434492635,32.215835248476083],[-110.95654312625918,32.215620552118104],[-110.95648439300813,32.215412574457211],[-110.95635964186734,32.214758828214691],[-110.95635719502427,32.214667654961012],[-110.95642363871725,32.214679809468379],[-110.95659583491238,32.214711304163814],[-110.95689195073233,32.214724204203385],[-110.95981173279354,32.214695657027022],[-110.96113260736402,32.214695895908015],[-110.96118995813549,32.214693283937166],[-110.96241828024988,32.214686926285012],[-110.96242253050499,32.214802236941168],[-110.96241991452096,32.215072197639948],[-110.96337048780472,32.215074645023591],[-110.96337270895286,32.215074661773727],[-110.96337472962486,32.215074677011991],[-110.96337634616246,32.215074689202574],[-110.96337816277345,32.215075046497532],[-110.96338038392159,32.215075063247539],[-110.96338220411747,32.215075076973839],[-110.96338381796409,32.215075347066211],[-110.9633858368578,32.215075532735966],[-110.96338785482942,32.21507580677762],[-110.96338946867606,32.215076076869913],[-110.9633914825811,32.215076435652492],[-110.9633931023009,32.215076447866871],[-110.96339511846605,32.215076895045335],[-110.96339693281709,32.215077163944059],[-110.9633985431072,32.215077774899562],[-110.96340056196335,32.215077964176061],[-110.96340257728178,32.215078492512369],[-110.96340439480562,32.215078762336724],[-110.9634060059238,32.215079293937706],[-110.96340781757456,32.215079821639904],[-110.96340942464501,32.215080436178255],[-110.96341103989569,32.215080876725928],[-110.96341265104216,32.215081405621547],[-110.96341466546689,32.215082019624369],[-110.96341627483514,32.215082718951592],[-110.96341788508785,32.21508333351386],[-110.96341969811446,32.215084034376787],[-110.96342130836722,32.215084648939005],[-110.9634229177732,32.215085344659137],[-110.96342472581127,32.21508621863493],[-110.96342633425762,32.215087006333995],[-110.96342794273222,32.215087791327775],[-110.96342935392229,32.21508857393205],[-110.9634309592242,32.215089358000057],[-110.96343256767068,32.215090145699044],[-110.9634337711265,32.215091012410255],[-110.96343537779481,32.215091970540868],[-110.96343698627899,32.215092754632792],[-110.96343838752021,32.215093880757557],[-110.96343999330421,32.215094923653062],[-110.96344119853839,32.215095619932534],[-110.9634423992659,32.21509674815254],[-110.96344400504999,32.215097791048009],[-110.96344541035793,32.215098832431728],[-110.96344661200757,32.215099872279737],[-110.96344801413343,32.215100913639418],[-110.96344921488932,32.215102039154118],[-110.96345041653905,32.21510307900207],[-110.96345141771261,32.215104117338342],[-110.96345281714777,32.215105416599862],[-110.96345422245594,32.215106457983502],[-110.96345542462535,32.215107753052038],[-110.96345641943471,32.21510879134027],[-110.96345782115837,32.21511017629242],[-110.96345881642151,32.215111476113499],[-110.96345961396511,32.215112510208748],[-110.96346101657326,32.21511381039592],[-110.96346181320429,32.215114931961359],[-110.96346280849578,32.215116229077161],[-110.96346380697884,32.215117525315179],[-110.96346439817339,32.215118815776577],[-110.96346579989732,32.215120200728677],[-110.96346639105428,32.215121494797089],[-110.96346738952805,32.215122791936814],[-110.9634679780319,32.215124340300086],[-110.96346897650572,32.215125637439847],[-110.96346956677839,32.215127016273158],[-110.9634701611176,32.21512831036555],[-110.96347074962155,32.215129858728787],[-110.96347134396079,32.215131152821172],[-110.96347213605733,32.215132709032339],[-110.9634727263583,32.215134085160429],[-110.96347332073525,32.215135375645779],[-110.96347370783161,32.215137011771041],[-110.9634742989888,32.21513830583941],[-110.96347448654032,32.215139851179309],[-110.96347528047158,32.21514123154828],[-110.96347546479394,32.215142781372933],[-110.96347585282177,32.21514432822449],[-110.96347604302646,32.215145619269514],[-110.96347683515143,32.215147172775396],[-110.96347681815078,32.21514880224634],[-110.96347700428896,32.215150178032303],[-110.96347698813507,32.21515172634529],[-110.96347737616297,32.215153273196833],[-110.96347756636769,32.215154564241857],[-110.9634775502232,32.215156111653073],[-110.96347753410693,32.215157656359047],[-110.9634775161843,32.215159374201939],[-110.96347750273056,32.215160663711274],[-110.96348241538936,32.215683370072654],[-110.96347653473391,32.215990378423214],[-110.96395916623537,32.215984457426039],[-110.96472189921346,32.215978347286175],[-110.96548500500059,32.215975246543259],[-110.96626288806867,32.215969585595268],[-110.96703918368262,32.215961417088977],[-110.9677877428043,32.21595767641216],[-110.96856130077781,32.21596030352476],[-110.9692720729017,32.215956440180435],[-110.96931997208925,32.215956111966257],[-110.97019128177379,32.215944343421874],[-110.97022089490238,32.21608990618779],[-110.97199996897942,32.215981063230636],[-110.97313825858774,32.215927891371983],[-110.97396578541635,32.215870326034654],[-110.97415443398835,32.215860482446594],[-110.97434921210046,32.215824394211872],[-110.97505184637676,32.21566857182367],[-110.97551090284267,32.215558947320439],[-110.9757911006074,32.215509150128732],[-110.9764938354128,32.215363196317554],[-110.97764349439193,32.215107342940648],[-110.9778574254272,32.215036174271489],[-110.97842541530487,32.214924429737181],[-110.9791242612567,32.214723371241583],[-110.97960547969153,32.21459764967684],[-110.97961306871804,32.214595988851947],[-110.97958770092144,32.212865202362387],[-110.9795845965466,32.212241149602178],[-110.97958329365429,32.211979284270186]]]},"properties":{"OBJECTID":38,"AREA_SQMI":0.42822654999999998,"TEAM":"Downtown","SECTOR":0,"TMSECT":" ","INITIALS":" ","AREA_SF":0,"AREA_ACRE":274.06499245999998,"Shape_Leng":0,"TEAM_NU":2,"Shape.STArea()":11938271.037390003,"Shape.STLength()":23800.775701650004}}]}