{
"type": "FeatureCollection",
"name": "indianapolis",
"crs": { "type": "name", "properties": { "name": "urn:ogc:def:crs:OGC:1.3:CRS84" } },
"features": [
{ "type": "Feature", "properties": { "DISTRICT": "Downtown", "OBJECTID": 8, "JURISDCTN": "IMPD", "POLICEZONE": "DT10", "SHAPE.STArea()": 25720150.165867876, "SHAPE.STLength()": 40990.21436626411, "TOTAL": 20713.640253702524, "WHITE": 13367.856562705996, "BLACK": 3436.2514997542739, "AMERICAN_INDIAN": 14.363553821101107, "ASIAN": 1730.6821598489901, "PACIFIC_ISLANDER": 10.0, "OTHER": 58.245761208557617, "TWO_OR_MORE": 624.32357094534734, "HISPANIC": 1471.9171454182585, "WHITE_PCT": 0.645, "BLACK_PCT": 0.166, "AMERICAN_INDIAN_PCT": 0.001, "ASIAN_PCT": 0.084, "PACIFIC_ISLANDER_PCT": 0.0, "OTHER_PCT": 0.003, "TWO_OR_MORE_PCT": 0.03, "HISPANIC_PCT": 0.071 }, "geometry": { "type": "MultiPolygon", "coordinates": [ [ [ [ -86.142883211581918, 39.766007679183247 ], [ -86.142915304609829, 39.765099204525079 ], [ -86.142942233902318, 39.764336593691539 ], [ -86.142984417312107, 39.763142225445947 ], [ -86.143036930456446, 39.761745351264608 ], [ -86.143054035760372, 39.760703104239404 ], [ -86.143079940569464, 39.759985794095599 ], [ -86.143104027150727, 39.759566264840572 ], [ -86.143277217360477, 39.759664482001071 ], [ -86.14332002692332, 39.759688448082635 ], [ -86.143361967524342, 39.759711967376163 ], [ -86.143363190489765, 39.759707729149163 ], [ -86.143104423117123, 39.759559372999426 ], [ -86.143104372739231, 39.759559344384407 ], [ -86.143138927863944, 39.758958079366032 ], [ -86.143183746708857, 39.758477483340975 ], [ -86.143218602312757, 39.758130103011901 ], [ -86.143218605590093, 39.758130070573898 ], [ -86.143222297614713, 39.758093121147738 ], [ -86.143222272680745, 39.758093059103039 ], [ -86.14307997924432, 39.757737518045815 ], [ -86.143436006222757, 39.756600470719661 ], [ -86.143581884017067, 39.755685709500597 ], [ -86.143652089421451, 39.755034661747388 ], [ -86.143756378499489, 39.754412987362784 ], [ -86.143871390596999, 39.753727377910963 ], [ -86.143923394736717, 39.753413433795465 ], [ -86.144031343645679, 39.752761751213733 ], [ -86.144136558313235, 39.752121639074346 ], [ -86.144158771665829, 39.751886676606901 ], [ -86.144164724325989, 39.751823708791072 ], [ -86.144162558366574, 39.751593486014734 ], [ -86.14437051075474, 39.751590534500522 ], [ -86.144856717446274, 39.751589172923822 ], [ -86.145248762762407, 39.751588075081678 ], [ -86.14557100907065, 39.751587170239354 ], [ -86.145838737207157, 39.751593817526569 ], [ -86.146033663334393, 39.751662503987809 ], [ -86.146389317776013, 39.751881381354224 ], [ -86.146734779487758, 39.752094366075212 ], [ -86.147019739867801, 39.752270049774282 ], [ -86.147268479948821, 39.752370389306357 ], [ -86.147387660503739, 39.75237337512695 ], [ -86.148042041304834, 39.75238546502915 ], [ -86.148847593746893, 39.752400343263766 ], [ -86.149281898949184, 39.752408362089241 ], [ -86.150460328138507, 39.752371823610538 ], [ -86.150824775592838, 39.752301083885591 ], [ -86.15123044108384, 39.752180756800549 ], [ -86.151566647003733, 39.75209032572463 ], [ -86.151896174123337, 39.752056946521812 ], [ -86.152036366886364, 39.752048075013306 ], [ -86.152955656890896, 39.752028326731782 ], [ -86.153773741697222, 39.751970466510862 ], [ -86.154284228597646, 39.751927242120914 ], [ -86.154574092229197, 39.751910779133254 ], [ -86.155076350536348, 39.751831522512497 ], [ -86.155369856612992, 39.75181193575753 ], [ -86.155664107966814, 39.751800905209357 ], [ -86.15582586493332, 39.751795396000105 ], [ -86.156029689946493, 39.751788454568576 ], [ -86.156287535749357, 39.751779671804314 ], [ -86.156556848645678, 39.751772429777013 ], [ -86.159179176439054, 39.751720016733792 ], [ -86.159182332348919, 39.751719953805662 ], [ -86.160824846002924, 39.751703925589844 ], [ -86.162203750340424, 39.751676710882997 ], [ -86.163069194604745, 39.751664615057813 ], [ -86.164104126226576, 39.751653033121698 ], [ -86.165799168520593, 39.751627087407783 ], [ -86.167037680423135, 39.751610283161753 ], [ -86.168236977650551, 39.751590179237624 ], [ -86.170276482379009, 39.751564715640548 ], [ -86.171175718547019, 39.75154915409248 ], [ -86.174436616343201, 39.75149346695332 ], [ -86.174591201251289, 39.751797533762343 ], [ -86.174621790347473, 39.752088399517028 ], [ -86.174351192856619, 39.752403918723736 ], [ -86.17422174625564, 39.752787450345892 ], [ -86.174125266344447, 39.75315779850812 ], [ -86.174061853057907, 39.753528345189878 ], [ -86.173949231599835, 39.753956071408503 ], [ -86.173851334924038, 39.754322993868783 ], [ -86.173772081290608, 39.754595122683298 ], [ -86.173757297571257, 39.754837458062212 ], [ -86.173726571876145, 39.755156730853521 ], [ -86.173613113778899, 39.755463325811355 ], [ -86.173449469657129, 39.7556939565142 ], [ -86.173318887044658, 39.755924100413445 ], [ -86.173370945409502, 39.756255708586309 ], [ -86.173461882684251, 39.756530868785902 ], [ -86.173457137721726, 39.75674021689148 ], [ -86.173560079645341, 39.757250388915978 ], [ -86.173680555892247, 39.757900493319845 ], [ -86.173809947426875, 39.758530655315859 ], [ -86.173822479643732, 39.759132845516667 ], [ -86.173860420205017, 39.759918171781408 ], [ -86.173881474374028, 39.760341196272847 ], [ -86.173914637589988, 39.760694847809148 ], [ -86.173947368105004, 39.760989478690547 ], [ -86.173995241273303, 39.761272375942234 ], [ -86.174013640259261, 39.761696783651352 ], [ -86.173985117392675, 39.761968004203922 ], [ -86.173925884286504, 39.762227691538897 ], [ -86.173821286969854, 39.762546600458741 ], [ -86.173424759508379, 39.763188667618152 ], [ -86.173267097931756, 39.763931644448533 ], [ -86.173195009194501, 39.764268482977108 ], [ -86.173112506913341, 39.76465244814198 ], [ -86.173220660806308, 39.765375132317672 ], [ -86.173383081072615, 39.766436557526738 ], [ -86.173744176142762, 39.767174893563904 ], [ -86.174062267566853, 39.767420640954718 ], [ -86.172886904109419, 39.767407477788119 ], [ -86.171965034451873, 39.767387571036487 ], [ -86.171945282402092, 39.76789150183469 ], [ -86.171916845273131, 39.768628843712797 ], [ -86.171911310863393, 39.76877113196192 ], [ -86.171901714582788, 39.768816319403321 ], [ -86.171892506945341, 39.768862623795961 ], [ -86.171877754859679, 39.768936806740733 ], [ -86.171842591351933, 39.769113635313225 ], [ -86.171826075068779, 39.769196689515276 ], [ -86.171808467540572, 39.769264264880391 ], [ -86.171797491499248, 39.769286768394466 ], [ -86.171777905957939, 39.769316224794515 ], [ -86.171755065299124, 39.769341862064579 ], [ -86.171712803958158, 39.769376240271782 ], [ -86.171676888482722, 39.769397209455207 ], [ -86.171598604897881, 39.769425977302532 ], [ -86.171528662466642, 39.769436944710939 ], [ -86.171487416625965, 39.769437798727495 ], [ -86.171253547560909, 39.769432909056682 ], [ -86.170865461596549, 39.769424793522965 ], [ -86.170651772683527, 39.769426931240979 ], [ -86.170486355077713, 39.769433705591211 ], [ -86.170199133198537, 39.769434302649771 ], [ -86.170162198030127, 39.770473564249791 ], [ -86.170126220939267, 39.771450282832099 ], [ -86.170125777473814, 39.771462308824432 ], [ -86.170124103368536, 39.771493984871221 ], [ -86.170124057921456, 39.771515945430849 ], [ -86.170125445763205, 39.771540626129223 ], [ -86.170128108300531, 39.77156243893922 ], [ -86.170131150409546, 39.771581559773544 ], [ -86.170132423707756, 39.771585870305202 ], [ -86.170061548414978, 39.771578063515122 ], [ -86.170029683874475, 39.771575645589259 ], [ -86.169994192070888, 39.771573760375027 ], [ -86.169929087070003, 39.771572156676946 ], [ -86.169762889487671, 39.771568062186702 ], [ -86.169684192398392, 39.771566122770977 ], [ -86.169570476680022, 39.771563320880617 ], [ -86.169324543075888, 39.771557260994932 ], [ -86.168648298522371, 39.771540594432352 ], [ -86.16784648573784, 39.771520790555321 ], [ -86.167776320103286, 39.771519057088717 ], [ -86.167576047342095, 39.771514109532674 ], [ -86.167470391482965, 39.77151149867035 ], [ -86.167379392385428, 39.771509250501943 ], [ -86.167284279360729, 39.771506900216799 ], [ -86.16721437875438, 39.771505173373342 ], [ -86.167201085528802, 39.771504844311785 ], [ -86.16718115445407, 39.771504352029837 ], [ -86.167156075130521, 39.771503732432429 ], [ -86.167114899649391, 39.771502714783388 ], [ -86.167083672867349, 39.771502277495038 ], [ -86.167052502089945, 39.771502320919595 ], [ -86.16703215226822, 39.771502672552643 ], [ -86.166991713623915, 39.771504119544709 ], [ -86.16694873108753, 39.771506777193061 ], [ -86.166939997693831, 39.771507199427973 ], [ -86.166916792535559, 39.772121533927653 ], [ -86.166885529673479, 39.772917110729708 ], [ -86.166867056238289, 39.773390749415967 ], [ -86.166848906935769, 39.773617312392979 ], [ -86.166804581154679, 39.77389855129843 ], [ -86.16674134252581, 39.774316447921265 ], [ -86.166712067474634, 39.774595904313429 ], [ -86.166700279255835, 39.77481832191107 ], [ -86.166697770044749, 39.77509388910989 ], [ -86.166704700732097, 39.775314167087011 ], [ -86.166719599595993, 39.775506271717951 ], [ -86.166737186141091, 39.775670225754986 ], [ -86.166847067870194, 39.775728775525756 ], [ -86.167017248971035, 39.775792555782502 ], [ -86.169912819522338, 39.777556458018594 ], [ -86.169917945374053, 39.777453600838861 ], [ -86.169921905160678, 39.777374152841503 ], [ -86.169926610769821, 39.777231871183801 ], [ -86.169952250847984, 39.776568472456624 ], [ -86.170511518686766, 39.776580419770909 ], [ -86.170508698693837, 39.776657440925163 ], [ -86.172025352957164, 39.77669604641148 ], [ -86.173261689401485, 39.776719837440268 ], [ -86.173296646404737, 39.775845072008394 ], [ -86.174185466051554, 39.775868161259574 ], [ -86.174214078220928, 39.775869605118153 ], [ -86.174251549219264, 39.775871743377948 ], [ -86.174316543100048, 39.775875452715631 ], [ -86.174357898059924, 39.77587781173137 ], [ -86.174396617398628, 39.775880021041182 ], [ -86.174423545891798, 39.77588155777827 ], [ -86.174498845246617, 39.775885854203082 ], [ -86.174547749780075, 39.775888644866619 ], [ -86.174590236413437, 39.775891876108076 ], [ -86.174675060054525, 39.775899419112747 ], [ -86.174770203246894, 39.775909621614375 ], [ -86.17482967382152, 39.775917160212032 ], [ -86.174864990948834, 39.775921637759659 ], [ -86.174959362392102, 39.775935457007492 ], [ -86.175053263831572, 39.775951071488123 ], [ -86.175185022052389, 39.775978245058866 ], [ -86.175333429917515, 39.77600885274979 ], [ -86.175280717653948, 39.776154815343219 ], [ -86.175208629865637, 39.776354426156075 ], [ -86.175118325097699, 39.776604480862119 ], [ -86.175061471247446, 39.776767214104552 ], [ -86.175031140273859, 39.776877124345262 ], [ -86.174992839437522, 39.777071509877352 ], [ -86.174979460237878, 39.77718340930403 ], [ -86.174970663522913, 39.777344145049085 ], [ -86.174955969818441, 39.777773078152372 ], [ -86.174923154528358, 39.778674240455679 ], [ -86.175065085256222, 39.778679843384374 ], [ -86.175257155466241, 39.778678277694212 ], [ -86.175554001651449, 39.778652794148897 ], [ -86.175689972414901, 39.778631507484526 ], [ -86.175741816793533, 39.778621744604969 ], [ -86.175875204761127, 39.778592301704393 ], [ -86.176055890213973, 39.778542012927495 ], [ -86.176144173515411, 39.778512806409466 ], [ -86.176268920669017, 39.778465955755308 ], [ -86.17640672185685, 39.778406469663025 ], [ -86.176632181949728, 39.778317886441485 ], [ -86.176769801942314, 39.778272993500174 ], [ -86.177001951976877, 39.77821157162689 ], [ -86.177156704154967, 39.778179960846941 ], [ -86.177240113856357, 39.778165873899638 ], [ -86.177418970218611, 39.778142410538997 ], [ -86.177706311459289, 39.778128295653268 ], [ -86.177928438867241, 39.778126032966554 ], [ -86.178048466210313, 39.778124809728233 ], [ -86.178439951753163, 39.778145659556984 ], [ -86.1785629666566, 39.778152210775296 ], [ -86.178568024801976, 39.778971844161589 ], [ -86.179092524256774, 39.778969529508906 ], [ -86.179093264874354, 39.779069388901227 ], [ -86.179396943343065, 39.779068091793825 ], [ -86.179392700084378, 39.778874290960573 ], [ -86.179388046097529, 39.778784957966622 ], [ -86.179375084949882, 39.778672268362094 ], [ -86.179362466954942, 39.778562556680647 ], [ -86.179352201662994, 39.778437342040483 ], [ -86.179347912150106, 39.778337021858434 ], [ -86.179346784200092, 39.778161568459204 ], [ -86.178942754350643, 39.778162277147345 ], [ -86.178660703601523, 39.778154198862794 ], [ -86.178646782655036, 39.777335225033035 ], [ -86.178627911006998, 39.776383975890525 ], [ -86.181362981554429, 39.776374678779518 ], [ -86.181362486338315, 39.778170474613788 ], [ -86.181361847953212, 39.778617873900039 ], [ -86.181375526515254, 39.778616303700353 ], [ -86.181397039402086, 39.778616208288888 ], [ -86.181436313995306, 39.778616250255141 ], [ -86.182802652744513, 39.778609223473175 ], [ -86.182782513573812, 39.778167202677544 ], [ -86.183400941154446, 39.778157101286453 ], [ -86.183437264377389, 39.778145728815957 ], [ -86.183461256757525, 39.778132562151626 ], [ -86.183481045525241, 39.778106580441822 ], [ -86.183493329887824, 39.778077974246969 ], [ -86.183497567229011, 39.778048015041129 ], [ -86.183497060315503, 39.777989141782811 ], [ -86.183496626977856, 39.777938856160532 ], [ -86.183495847006697, 39.777848315379138 ], [ -86.183495239724508, 39.77777789587406 ], [ -86.183493085689577, 39.777527843028182 ], [ -86.183492404621532, 39.777448806160415 ], [ -86.183491951128318, 39.777396136528452 ], [ -86.183489586934556, 39.777385467717146 ], [ -86.183485481194793, 39.777375118295701 ], [ -86.183463513735788, 39.777347627448556 ], [ -86.183430930172534, 39.77731379085477 ], [ -86.183411687026563, 39.777297513017594 ], [ -86.183373388714315, 39.777265115916585 ], [ -86.183342997527376, 39.777233324883937 ], [ -86.183327281202381, 39.777209918676604 ], [ -86.183315503838941, 39.777185176339437 ], [ -86.183307851594378, 39.777159485237185 ], [ -86.183305614202922, 39.777146411947314 ], [ -86.183304500606766, 39.77709879625283 ], [ -86.18330188306534, 39.776986795973997 ], [ -86.18329916118725, 39.776870363019626 ], [ -86.18329798363952, 39.776819969015456 ], [ -86.183295900509918, 39.776730887710329 ], [ -86.183293181906976, 39.776614577228322 ], [ -86.183289152295202, 39.776442196355887 ], [ -86.183287507799903, 39.776371811171757 ], [ -86.183285911829131, 39.776303544165891 ], [ -86.183287629986594, 39.776275588472686 ], [ -86.18329081365583, 39.776247710919471 ], [ -86.183301540316947, 39.776192366030379 ], [ -86.183309066477008, 39.776164989737524 ], [ -86.183328386582374, 39.776111052179026 ], [ -86.183353289515424, 39.776058493019192 ], [ -86.183367779603245, 39.776032837537834 ], [ -86.183400734727797, 39.775982988685911 ], [ -86.183438793317066, 39.775935353484385 ], [ -86.183498150883935, 39.775867884158281 ], [ -86.183542601863451, 39.775817359900984 ], [ -86.183598147844776, 39.775754224448974 ], [ -86.183676927801471, 39.775664680260498 ], [ -86.183707627903843, 39.775626445703878 ], [ -86.183724440848763, 39.775601756163461 ], [ -86.183753645753384, 39.775550746729721 ], [ -86.183776755482057, 39.775497906346722 ], [ -86.183785966448013, 39.775470936825407 ], [ -86.183793583065636, 39.77544367358071 ], [ -86.183799594089152, 39.775416173405794 ], [ -86.183803992894539, 39.775388486768342 ], [ -86.183806677252988, 39.775340558719357 ], [ -86.183806315085405, 39.775251457124192 ], [ -86.183805673453378, 39.775093350398052 ], [ -86.183804651546666, 39.774841848612873 ], [ -86.183906604306543, 39.774849083376878 ], [ -86.183920793947223, 39.77485009194443 ], [ -86.183925300810614, 39.774850574436606 ], [ -86.183934261972652, 39.774851534250693 ], [ -86.183951530106143, 39.774853382936925 ], [ -86.183963264541433, 39.774854639320715 ], [ -86.183969315037203, 39.774855504024046 ], [ -86.183980447345576, 39.774857095440233 ], [ -86.183988154349393, 39.774858295917404 ], [ -86.184029291485786, 39.774865743093009 ], [ -86.18405323967896, 39.774871005279408 ], [ -86.184097050372927, 39.774882421510895 ], [ -86.184130073670104, 39.774892633880221 ], [ -86.184160228716905, 39.774903426456767 ], [ -86.184266505870568, 39.774941462837056 ], [ -86.184391428634015, 39.774986171933811 ], [ -86.18449178193643, 39.775021832422951 ], [ -86.184911407210365, 39.775170945520998 ], [ -86.185413533216575, 39.775349372025524 ], [ -86.185917122450164, 39.77552831669707 ], [ -86.186118504085556, 39.775599873297018 ], [ -86.186169057772858, 39.775614094798712 ], [ -86.186209659312055, 39.775624269048905 ], [ -86.186250788828914, 39.775633094407155 ], [ -86.186302825091985, 39.775642206870813 ], [ -86.186344862883828, 39.775647944206717 ], [ -86.186402889930676, 39.775653380251953 ], [ -86.18641845416883, 39.775654458915447 ], [ -86.186483009739021, 39.775656947485871 ], [ -86.186525699592153, 39.775656727451882 ], [ -86.186568336860375, 39.775655103480432 ], [ -86.186600234914067, 39.775652962879462 ], [ -86.186642599234375, 39.775648883053307 ], [ -86.186660509125446, 39.775646631275158 ], [ -86.186705618309261, 39.7756401541318 ], [ -86.186747176838409, 39.775632613869668 ], [ -86.186788274519017, 39.775623708428398 ], [ -86.186828843765085, 39.77561345342297 ], [ -86.186846134707892, 39.775608062824567 ], [ -86.186868884500925, 39.775601684030136 ], [ -86.186903009534532, 39.775593945556388 ], [ -86.186915646219632, 39.775591761509318 ], [ -86.18694834358422, 39.775586955725579 ], [ -86.186973066381555, 39.77558465354231 ], [ -86.187000326777095, 39.77558327758284 ], [ -86.187034181015704, 39.775580968672301 ], [ -86.187069247272106, 39.77557638821083 ], [ -86.187086575231305, 39.775573281530647 ], [ -86.187107131202353, 39.775568850786428 ], [ -86.187143990390354, 39.77555885008686 ], [ -86.18722562863816, 39.775532810109397 ], [ -86.187549232599409, 39.775429590559547 ], [ -86.187877258186532, 39.775324958702448 ], [ -86.188133115777063, 39.775243346391875 ], [ -86.188333999004513, 39.775179268250533 ], [ -86.188613957367522, 39.775089362084685 ], [ -86.188621496990876, 39.775095895922611 ], [ -86.188412264115499, 39.775162498870543 ], [ -86.189147377972574, 39.775974167759209 ], [ -86.190407152437771, 39.777363924349487 ], [ -86.190519088808642, 39.777487406463919 ], [ -86.190678435761569, 39.778222300367077 ], [ -86.190538938310667, 39.778987819835081 ], [ -86.190307644829531, 39.779394190183517 ], [ -86.190274102380315, 39.77945312063904 ], [ -86.190217372873349, 39.779552827583714 ], [ -86.19012063462263, 39.779722708411455 ], [ -86.189626080890577, 39.780282458240961 ], [ -86.189619624822058, 39.780382458924144 ], [ -86.18895509283756, 39.780704796539872 ], [ -86.188199494887456, 39.780385345821081 ], [ -86.186792339906489, 39.780407628936587 ], [ -86.184578667641105, 39.780513338454504 ], [ -86.182551006677201, 39.780586241026064 ], [ -86.179798886628291, 39.780646347294699 ], [ -86.178951324245176, 39.780777837477686 ], [ -86.17808377360943, 39.781005217339029 ], [ -86.177341806125085, 39.781423658238751 ], [ -86.176799316446676, 39.781877960858864 ], [ -86.176242063267665, 39.78143939584249 ], [ -86.175455260770292, 39.780926377708596 ], [ -86.173433824605809, 39.780928219393843 ], [ -86.172606584341594, 39.780930456058648 ], [ -86.17232742106944, 39.780973194879806 ], [ -86.172220141586209, 39.780983613845315 ], [ -86.171753209490504, 39.780962738200067 ], [ -86.170853362056675, 39.780966952701988 ], [ -86.170858906684373, 39.781570584468454 ], [ -86.170860407912187, 39.781732457651252 ], [ -86.170728474145221, 39.781830496693942 ], [ -86.170642891323027, 39.781880969473924 ], [ -86.170522408642455, 39.781941202145134 ], [ -86.170459671704407, 39.781968240843518 ], [ -86.17032986719515, 39.782015816927419 ], [ -86.170263077292134, 39.782036009945081 ], [ -86.170126280537062, 39.782069889815176 ], [ -86.170021452208445, 39.782088875071352 ], [ -86.169843858226869, 39.782108862063545 ], [ -86.168360113452692, 39.782117344629604 ], [ -86.167574663664183, 39.782172897467426 ], [ -86.167479136862625, 39.782293758267556 ], [ -86.167407200669928, 39.782609087895437 ], [ -86.167371017783978, 39.78274101675035 ], [ -86.167319756978841, 39.782832861132391 ], [ -86.16723172973569, 39.782976337803326 ], [ -86.167150849881423, 39.783085467765858 ], [ -86.167055098523335, 39.783183337574094 ], [ -86.16695193424917, 39.783286729788692 ], [ -86.166782116644285, 39.783413743917109 ], [ -86.16667866335726, 39.783476987629449 ], [ -86.166456913348483, 39.783603881859982 ], [ -86.16624980192482, 39.783702230525705 ], [ -86.166131408937346, 39.783760047530194 ], [ -86.165791783003471, 39.783839748759853 ], [ -86.16490843773056, 39.783946148814564 ], [ -86.164831221933056, 39.783908732900578 ], [ -86.164701323898996, 39.783859532495462 ], [ -86.164568679876169, 39.783814805681814 ], [ -86.164290913807648, 39.78372986345687 ], [ -86.164157521311751, 39.783689256377826 ], [ -86.163991641841022, 39.783638493622206 ], [ -86.163703725296443, 39.783564232287929 ], [ -86.163549545351131, 39.783524399851515 ], [ -86.163418036954766, 39.783490647015952 ], [ -86.163322177611605, 39.78346600674481 ], [ -86.16318487400126, 39.783430562654196 ], [ -86.162970761075755, 39.783375200570667 ], [ -86.162678223584081, 39.783299927872122 ], [ -86.162498618732556, 39.783257456532517 ], [ -86.162357284008067, 39.783225460264475 ], [ -86.162167747528954, 39.783185776997655 ], [ -86.162024887835685, 39.783158247891436 ], [ -86.161881484892774, 39.783132436718141 ], [ -86.161689393074099, 39.783100999369353 ], [ -86.161544744074718, 39.783079654150995 ], [ -86.161399717553962, 39.783060026152519 ], [ -86.161220097025392, 39.783038487349145 ], [ -86.161010955397359, 39.783017073119503 ], [ -86.160766905718532, 39.782996835713838 ], [ -86.160571229465162, 39.782984628633209 ], [ -86.160080807889742, 39.782968870524869 ], [ -86.159802880672245, 39.782969022356589 ], [ -86.159426332947405, 39.782954836500458 ], [ -86.159205665245466, 39.782946508868157 ], [ -86.158865651531784, 39.782933194707553 ], [ -86.158556945273048, 39.782905335112815 ], [ -86.158267099523457, 39.782879110596248 ], [ -86.157489724804293, 39.782866273400693 ], [ -86.153942165095245, 39.782792793351632 ], [ -86.153031749077371, 39.782774543943191 ], [ -86.152335687645348, 39.782759957881836 ], [ -86.151707995477167, 39.782743366126908 ], [ -86.150789960157482, 39.782716316036883 ], [ -86.149426395410998, 39.782676012081055 ], [ -86.148677954017472, 39.782660591579067 ], [ -86.147909425069244, 39.782666184010161 ], [ -86.147475680532807, 39.782717053464609 ], [ -86.147017403315687, 39.782814006063731 ], [ -86.146737203674135, 39.78286320765416 ], [ -86.146366791707138, 39.782971461570156 ], [ -86.145944361024362, 39.783227144976529 ], [ -86.145457643146784, 39.783320433226258 ], [ -86.145007341381003, 39.783494213355759 ], [ -86.144719042757146, 39.783605320039264 ], [ -86.144510513882167, 39.783685682587873 ], [ -86.144132736560465, 39.783831363956594 ], [ -86.143960439220891, 39.783871536804696 ], [ -86.143463474056588, 39.783931229321219 ], [ -86.14310394505037, 39.78392618586124 ], [ -86.142854680601133, 39.783899069927045 ], [ -86.142644754573809, 39.783860124737899 ], [ -86.14243995822747, 39.78380743180481 ], [ -86.142243642160381, 39.783742693215665 ], [ -86.142055136356333, 39.783665568599204 ], [ -86.141790207093564, 39.783526988072893 ], [ -86.14152552674723, 39.783343795328534 ], [ -86.141318303762517, 39.783155905930123 ], [ -86.141126852443975, 39.782924713716007 ], [ -86.140979523602354, 39.782674123982119 ], [ -86.140878685722583, 39.782408931434929 ], [ -86.140832989704094, 39.782190869371988 ], [ -86.140820535258158, 39.782052970555874 ], [ -86.140789190527997, 39.781236381411588 ], [ -86.140762206383641, 39.780536448239317 ], [ -86.140755894820344, 39.780199149153887 ], [ -86.140764297487152, 39.779786981366648 ], [ -86.140784888725776, 39.779449915494958 ], [ -86.140805475940681, 39.779225748807569 ], [ -86.140841452804494, 39.778927053805162 ], [ -86.140887164570501, 39.778629348475356 ], [ -86.14094255625254, 39.778332633031802 ], [ -86.141033335264893, 39.777935227412833 ], [ -86.141083488946848, 39.777742167211294 ], [ -86.141129223731568, 39.777577607221701 ], [ -86.141274478249329, 39.777115121645622 ], [ -86.141412914249187, 39.776793015684632 ], [ -86.141563550571959, 39.776442720600876 ], [ -86.141718810085905, 39.776093779014978 ], [ -86.141871990777801, 39.775766121562327 ], [ -86.142000184862411, 39.775491755850403 ], [ -86.142144019316333, 39.775179578436493 ], [ -86.142321101976108, 39.774723137842621 ], [ -86.142363367541307, 39.774576218707097 ], [ -86.142349970032285, 39.774558605889872 ], [ -86.142328496407941, 39.774530317991903 ], [ -86.142342122389181, 39.774495490512805 ], [ -86.14237310408808, 39.774408433544274 ], [ -86.142403116561383, 39.774320479859661 ], [ -86.142431107901714, 39.774232444383429 ], [ -86.142457075861472, 39.77414450816277 ], [ -86.142481112747774, 39.774055497235118 ], [ -86.142504088591181, 39.773966491552144 ], [ -86.142511825373006, 39.773961963639159 ], [ -86.142553065540113, 39.773776440989209 ], [ -86.142639876583317, 39.772375495600464 ], [ -86.142675233129268, 39.771451512407388 ], [ -86.14269395580574, 39.77097580631721 ], [ -86.142714125521067, 39.770468576750709 ], [ -86.142750396562406, 39.769556452344908 ], [ -86.142802060139957, 39.768257166600279 ], [ -86.142851765088906, 39.766897277276328 ], [ -86.142883211581918, 39.766007679183247 ] ] ], [ [ [ -86.175766203127665, 39.776345784079787 ], [ -86.175767801253699, 39.776306985751305 ], [ -86.175768519661816, 39.776192038020575 ], [ -86.175768931950913, 39.776122361530071 ], [ -86.17577083951484, 39.775821060005832 ], [ -86.175771241100335, 39.775754842163259 ], [ -86.175772017589239, 39.775633360644946 ], [ -86.175740936809476, 39.775625590824511 ], [ -86.175725722711277, 39.775622582641518 ], [ -86.175715250454033, 39.775620898371315 ], [ -86.175704708469937, 39.775619572876025 ], [ -86.175694134096773, 39.775618604190505 ], [ -86.175683457095175, 39.775617964701816 ], [ -86.175672781348069, 39.775617653954299 ], [ -86.175662108234846, 39.775617700763611 ], [ -86.175502919275814, 39.775612009392354 ], [ -86.175504761754368, 39.775581330508594 ], [ -86.175632595844604, 39.775586259608232 ], [ -86.175771915857979, 39.775585648547597 ], [ -86.175771800380105, 39.775347853708404 ], [ -86.175770295050711, 39.775165398145234 ], [ -86.175985503360977, 39.775100174284624 ], [ -86.176062956486632, 39.775252331851696 ], [ -86.176072881016296, 39.775249075570883 ], [ -86.176113675143654, 39.775324391386349 ], [ -86.176450640542456, 39.775224082111663 ], [ -86.176362457222027, 39.775047399615367 ], [ -86.176596402562325, 39.774978069902978 ], [ -86.176614962808188, 39.775015049475655 ], [ -86.176685467070797, 39.774994150155187 ], [ -86.176713149216894, 39.774635427817095 ], [ -86.176751219118117, 39.774637344675192 ], [ -86.176721994555081, 39.774983008556916 ], [ -86.176741270175881, 39.774977104558637 ], [ -86.176765716608955, 39.775026054375338 ], [ -86.176638202470144, 39.775064032542495 ], [ -86.176684638935711, 39.775156810940658 ], [ -86.177052066781329, 39.775047800596454 ], [ -86.177040872919349, 39.7750255310075 ], [ -86.177018294696722, 39.775032163816334 ], [ -86.177006845995592, 39.775009209027552 ], [ -86.177025661809523, 39.775003635751659 ], [ -86.177013166286585, 39.774978653635785 ], [ -86.177071138942239, 39.774961570419528 ], [ -86.177058860612817, 39.774936917001632 ], [ -86.177155845399028, 39.774908022703734 ], [ -86.177169387981266, 39.774935058249348 ], [ -86.177226045411857, 39.774918337409652 ], [ -86.177237674015686, 39.774941620133312 ], [ -86.177254285232479, 39.774936414088252 ], [ -86.177265011660637, 39.77495797237588 ], [ -86.177244600691921, 39.774964238124518 ], [ -86.177268182843875, 39.775011491155922 ], [ -86.177288736217918, 39.775005223875922 ], [ -86.177299171828111, 39.775026124142883 ], [ -86.177281069199367, 39.775031694325378 ], [ -86.177304757609733, 39.775078945980496 ], [ -86.177321619900681, 39.77507406756888 ], [ -86.177332923687544, 39.775096667195726 ], [ -86.177315600442796, 39.775101877285486 ], [ -86.177330693936398, 39.775132007924228 ], [ -86.17733982886017, 39.775150169542577 ], [ -86.17735878707883, 39.7751445946855 ], [ -86.177369332558584, 39.775165825011129 ], [ -86.177353746877174, 39.775170340242894 ], [ -86.177362237097796, 39.775187817478447 ], [ -86.177427736017407, 39.775168642015181 ], [ -86.177443019478716, 39.775200145337585 ], [ -86.177452867760607, 39.775218639760332 ], [ -86.177455098138878, 39.775220343034782 ], [ -86.177457111259088, 39.775221710411572 ], [ -86.177459174516528, 39.775223070362244 ], [ -86.177461279847165, 39.775224437333144 ], [ -86.1774634995121, 39.775225796595372 ], [ -86.177465577885854, 39.775226990754554 ], [ -86.177467980830954, 39.775228352812739 ], [ -86.177470702426945, 39.775229713468427 ], [ -86.177472749929379, 39.775230678991008 ], [ -86.177474851530079, 39.775231699216839 ], [ -86.177477093478842, 39.775232599034695 ], [ -86.177479386523558, 39.775233621119853 ], [ -86.177481929339891, 39.775234640304298 ], [ -86.177485000465055, 39.77523575533737 ], [ -86.17748915567968, 39.775237146610536 ], [ -86.17749246887422, 39.775238164205376 ], [ -86.177494161934973, 39.775238710670749 ], [ -86.177497191173288, 39.77523937014449 ], [ -86.177500968850083, 39.775240218168463 ], [ -86.177504782762, 39.775241230856977 ], [ -86.177508667672058, 39.775241900074356 ], [ -86.177511570799737, 39.77524239527866 ], [ -86.177514542841976, 39.775242738865579 ], [ -86.177518422781091, 39.775243051435787 ], [ -86.177522375287538, 39.775243390706841 ], [ -86.177525348297394, 39.775243707268849 ], [ -86.177528318870259, 39.775243694193179 ], [ -86.177531288275901, 39.775243681122554 ], [ -86.177534278691482, 39.775243667959387 ], [ -86.17753723058884, 39.775243654965706 ], [ -86.177540254853781, 39.775243641653368 ], [ -86.177543205481285, 39.775243299016786 ], [ -86.177546176054122, 39.775243285940654 ], [ -86.177549143990092, 39.775242916207361 ], [ -86.177552059600927, 39.775242573724682 ], [ -86.177554973844764, 39.775242204227574 ], [ -86.177557888137116, 39.775241683416212 ], [ -86.177561741889548, 39.775240980134875 ], [ -86.177565579249503, 39.775240112101422 ], [ -86.17756934297465, 39.775239230881802 ], [ -86.1775721648538, 39.77523836731838 ], [ -86.177574915432601, 39.775237490558574 ], [ -86.177578589085599, 39.775236267477318 ], [ -86.177695249247364, 39.775202466582734 ], [ -86.177830794057272, 39.775163106272309 ], [ -86.177830478567586, 39.775221445510638 ], [ -86.177717866908637, 39.775254198337748 ], [ -86.177756978433365, 39.775337399215964 ], [ -86.177814289237958, 39.775319824972094 ], [ -86.177814271469828, 39.775317422940773 ], [ -86.17781439863424, 39.77531536252895 ], [ -86.177814547077759, 39.775313811807479 ], [ -86.177814799286622, 39.775311929179303 ], [ -86.177815122550683, 39.775309868804499 ], [ -86.177815502097118, 39.775308316164505 ], [ -86.177815897880649, 39.775306433804658 ], [ -86.177816487270874, 39.775304372257771 ], [ -86.177817219061893, 39.775302310083731 ], [ -86.177818004551639, 39.775300248573828 ], [ -86.177818701477875, 39.775298364887668 ], [ -86.177819400835801, 39.775296809938453 ], [ -86.177820208751811, 39.775295255411805 ], [ -86.177821016919651, 39.775293892728527 ], [ -86.177822194640427, 39.775291993414612 ], [ -86.177823496034478, 39.775289928731809 ], [ -86.177824497708826, 39.775288373351756 ], [ -86.177825555668207, 39.775287010468993 ], [ -86.177827071875825, 39.775285108763534 ], [ -86.177828640614919, 39.775283207727377 ], [ -86.177830299488406, 39.775281499039444 ], [ -86.177832029297008, 39.775279596393148 ], [ -86.177833885475806, 39.775278050759624 ], [ -86.177835757743679, 39.775276313210682 ], [ -86.177837720093933, 39.775274603185999 ], [ -86.177839791086228, 39.775273220529726 ], [ -86.177841895630536, 39.775271481957631 ], [ -86.177843541965402, 39.775270445230902 ], [ -86.177845189467433, 39.775269408498971 ], [ -86.177847455391742, 39.775268025884699 ], [ -86.177849777494515, 39.775266821357263 ], [ -86.177852169630356, 39.775265616521338 ], [ -86.177854597856637, 39.775264398916882 ], [ -86.177857116097428, 39.775263357448864 ], [ -86.177859670528605, 39.77526231672212 ], [ -86.177861584208301, 39.775261443641732 ], [ -86.177863537877457, 39.775260927053871 ], [ -86.177865526563167, 39.775260410311731 ], [ -86.177867530118647, 39.775259536835364 ], [ -86.177870229488832, 39.775258838628467 ], [ -86.177872306883117, 39.775258321495478 ], [ -86.177874386563971, 39.775257955666383 ], [ -86.17787715728646, 39.775257435479389 ], [ -86.177879926841726, 39.775256915297447 ], [ -86.177882771051159, 39.775256546100628 ], [ -86.177885579276648, 39.775256204082588 ], [ -86.177888458502622, 39.775255834731354 ], [ -86.177891304183348, 39.775255822196506 ], [ -86.17789416610087, 39.775255479941769 ], [ -86.177896335961606, 39.775255470383733 ], [ -86.177898489481279, 39.775255460897633 ], [ -86.177901337600787, 39.775255778000137 ], [ -86.177904218298096, 39.775255765310739 ], [ -86.177906338272678, 39.77525611264096 ], [ -86.177908491844562, 39.775256267978598 ], [ -86.177911340064071, 39.775256598590616 ], [ -86.177910848471825, 39.774985683858347 ], [ -86.177978229445728, 39.774985387023158 ], [ -86.17797812587969, 39.77496650025013 ], [ -86.178081084696728, 39.774966046607531 ], [ -86.178080800621657, 39.774889179447612 ], [ -86.178473109522827, 39.774888137293928 ], [ -86.17847367736978, 39.775012714844976 ], [ -86.17846527925694, 39.775012751879402 ], [ -86.17846583224636, 39.775130439302693 ], [ -86.178501722516287, 39.775119656623609 ], [ -86.178500192352203, 39.775446350269853 ], [ -86.177807007246201, 39.775444244346424 ], [ -86.177802561424997, 39.775434655488326 ], [ -86.177726706736976, 39.775434303219342 ], [ -86.177651196198383, 39.775273707871307 ], [ -86.17750588656007, 39.775315857121456 ], [ -86.177434703966313, 39.775336430276312 ], [ -86.177444562049871, 39.775355932515431 ], [ -86.177461674183419, 39.775351052983979 ], [ -86.177472003681942, 39.775371953700969 ], [ -86.177455567365229, 39.775376830259582 ], [ -86.177480123005495, 39.775425780341223 ], [ -86.177498866525724, 39.775420207307029 ], [ -86.17751002685317, 39.775442806645835 ], [ -86.177490290323391, 39.775448740721139 ], [ -86.177513146847531, 39.775494266688604 ], [ -86.177530684944202, 39.775489055623808 ], [ -86.177541555416866, 39.775510969918102 ], [ -86.17752519027286, 39.775515846173199 ], [ -86.177548482931542, 39.775562414099689 ], [ -86.177565983485152, 39.775557175273818 ], [ -86.177577722341383, 39.775580815044407 ], [ -86.177559474854817, 39.775586385907687 ], [ -86.177572221942896, 39.775611723522751 ], [ -86.177551063792478, 39.775617993514807 ], [ -86.177561138298486, 39.77563818200791 ], [ -86.177527449960621, 39.775648295406995 ], [ -86.177553196672321, 39.775699655847404 ], [ -86.177683871805542, 39.7756606467943 ], [ -86.177750574238203, 39.775794514536152 ], [ -86.177699488828438, 39.775809509714229 ], [ -86.177491565518366, 39.775871506373122 ], [ -86.177456701456393, 39.775881597906022 ], [ -86.177546209433629, 39.776073043031296 ], [ -86.17695905507189, 39.776236553967387 ], [ -86.176967963565872, 39.776252656755574 ], [ -86.176996541074899, 39.77630675013534 ], [ -86.177012777681043, 39.776337384665759 ], [ -86.176978213580071, 39.776348461879174 ], [ -86.176960457332157, 39.776315475148991 ], [ -86.176932682161507, 39.776264122599819 ], [ -86.17688840436108, 39.776278565096412 ], [ -86.176864173844265, 39.776231581449494 ], [ -86.176788270305721, 39.776254139339841 ], [ -86.176756419389378, 39.776190324862206 ], [ -86.176720844239355, 39.776200897559569 ], [ -86.176728137293949, 39.776215278163413 ], [ -86.176583739632576, 39.776258449923148 ], [ -86.176603984686196, 39.776299553498134 ], [ -86.176228949502203, 39.776410325118157 ], [ -86.176191667198424, 39.776333621307089 ], [ -86.175983825808146, 39.776339667465535 ], [ -86.175766203127665, 39.776345784079787 ] ] ], [ [ [ -86.175757574786019, 39.778313821014912 ], [ -86.175707410130769, 39.778314041055062 ], [ -86.175371157749083, 39.778315515418583 ], [ -86.175365324416035, 39.777523201793706 ], [ -86.175755117401536, 39.777521492609281 ], [ -86.176175898716409, 39.777519646076144 ], [ -86.176181172089699, 39.778234764981548 ], [ -86.176247981947824, 39.778214211799067 ], [ -86.176298090962746, 39.778312491727092 ], [ -86.176170218191942, 39.778351130242235 ], [ -86.176150325404251, 39.778312097520597 ], [ -86.175760955203955, 39.778313806186418 ], [ -86.175757574786019, 39.778313821014912 ] ] ] ] } },
{ "type": "Feature", "properties": { "DISTRICT": "Excluded", "OBJECTID": 1, "JURISDCTN": "Speedway", "POLICEZONE": "Excluded", "SHAPE.STArea()": 131612373.77087533, "SHAPE.STLength()": 76214.474074156809, "TOTAL": 86793.696845498271, "WHITE": 46760.290926674475, "BLACK": 20568.464168975413, "AMERICAN_INDIAN": 37.875399621952326, "ASIAN": 1393.4538823209841, "PACIFIC_ISLANDER": 69.967166000295677, "OTHER": 460.98396631210755, "TWO_OR_MORE": 3959.1298792488956, "HISPANIC": 13543.531456344141, "WHITE_PCT": 0.539, "BLACK_PCT": 0.237, "AMERICAN_INDIAN_PCT": 0.0, "ASIAN_PCT": 0.016, "PACIFIC_ISLANDER_PCT": 0.001, "OTHER_PCT": 0.005, "TWO_OR_MORE_PCT": 0.046, "HISPANIC_PCT": 0.156 }, "geometry": { "type": "MultiPolygon", "coordinates": [ [ [ [ -86.05240486082333, 39.709841391015438 ], [ -86.052818467283259, 39.709829156548345 ], [ -86.05312372511915, 39.709820124770729 ], [ -86.053526252309197, 39.70980821558183 ], [ -86.054003716053728, 39.709797875331283 ], [ -86.054542748744907, 39.709786197987256 ], [ -86.055014150043149, 39.709775985519848 ], [ -86.055445856914204, 39.70978622545902 ], [ -86.055660841636268, 39.709802459116801 ], [ -86.055910175508032, 39.709830707740828 ], [ -86.056227372291787, 39.709881640847399 ], [ -86.056401477942373, 39.70991696713272 ], [ -86.05672484221742, 39.709997112816758 ], [ -86.057169694522614, 39.710138699539691 ], [ -86.057593386602761, 39.710312374474128 ], [ -86.05778932079653, 39.710406904173453 ], [ -86.058215449934011, 39.710648870734978 ], [ -86.058577921902327, 39.710856042538914 ], [ -86.0591874300749, 39.71030867449911 ], [ -86.059625561115055, 39.709924565329793 ], [ -86.060045602066808, 39.70958306804377 ], [ -86.060611778472165, 39.709127830462016 ], [ -86.061269634790719, 39.708671933587809 ], [ -86.06187285212026, 39.708287254693914 ], [ -86.062475957923411, 39.707874433624639 ], [ -86.0631432380207, 39.707468253559036 ], [ -86.063838098093015, 39.707069181738625 ], [ -86.064606366614598, 39.70666985417931 ], [ -86.065539345582948, 39.706212991562964 ], [ -86.066326330462147, 39.705884622258509 ], [ -86.0672415362653, 39.705526980490902 ], [ -86.068028748603339, 39.70524080977404 ], [ -86.068816147769766, 39.704997183556053 ], [ -86.069566972794192, 39.704768092684965 ], [ -86.070070705137837, 39.704631480373891 ], [ -86.070894963294037, 39.704416195473868 ], [ -86.071829419251884, 39.70421458995984 ], [ -86.072598965301097, 39.704056105864517 ], [ -86.073368755577604, 39.703939824942772 ], [ -86.074285234396115, 39.703809297509828 ], [ -86.075183466496455, 39.70369255449021 ], [ -86.076283666801658, 39.703603916151316 ], [ -86.077475800303787, 39.70355715219354 ], [ -86.078894469105649, 39.703560969950374 ], [ -86.078889325046873, 39.703223803375202 ], [ -86.078885356992686, 39.702760134912701 ], [ -86.079481919912126, 39.702749834514421 ], [ -86.079476875464223, 39.702129851148236 ], [ -86.079476693437655, 39.702111238992536 ], [ -86.079476485430661, 39.702019186293541 ], [ -86.079481571085878, 39.702019094356096 ], [ -86.08177629359642, 39.701977583245984 ], [ -86.081777077107603, 39.702091809818988 ], [ -86.081782239535897, 39.702710145268362 ], [ -86.082141058416795, 39.702703946829693 ], [ -86.082565481871555, 39.7026988993819 ], [ -86.08242352003721, 39.694625174169879 ], [ -86.082422842311274, 39.694586055886681 ], [ -86.09192260053689, 39.694411300107845 ], [ -86.094454401267598, 39.6943464079093 ], [ -86.094914414182924, 39.694334417376957 ], [ -86.095786161469448, 39.694315413565207 ], [ -86.096313760048233, 39.69430272546726 ], [ -86.096314204774473, 39.694371825887117 ], [ -86.096318622865311, 39.695084438671053 ], [ -86.096620678279905, 39.695083320642993 ], [ -86.096611644618847, 39.695374191407957 ], [ -86.096666085682529, 39.695373989820055 ], [ -86.09672660684295, 39.695373765688444 ], [ -86.0967715587566, 39.695373599194916 ], [ -86.096772360085126, 39.695502708736868 ], [ -86.097821496413985, 39.695498817978041 ], [ -86.097820656751693, 39.695363861291362 ], [ -86.098969927596656, 39.695359588312662 ], [ -86.098972545859425, 39.697944220328893 ], [ -86.096614011762355, 39.697960526858544 ], [ -86.096627393637732, 39.699320778475112 ], [ -86.096615691646889, 39.699430291032762 ], [ -86.096607664972026, 39.699908690958196 ], [ -86.096600807646325, 39.700316051635596 ], [ -86.096595861406783, 39.70061180586849 ], [ -86.096724026619825, 39.704024870032114 ], [ -86.095630154962592, 39.704004702175354 ], [ -86.095626146144184, 39.704269115866957 ], [ -86.095271045142951, 39.704266309231365 ], [ -86.094912919184608, 39.704881232060067 ], [ -86.095261641893629, 39.704963653821643 ], [ -86.095700274799967, 39.705119545896544 ], [ -86.095948497102881, 39.705338114305306 ], [ -86.096120967907936, 39.705489980669469 ], [ -86.095924429455224, 39.705830440053703 ], [ -86.096044314452712, 39.705992881378599 ], [ -86.09618306382923, 39.706180883760609 ], [ -86.096306245540831, 39.706362330700799 ], [ -86.096438920427772, 39.706557760721772 ], [ -86.096670113526272, 39.706602202306769 ], [ -86.097088308650896, 39.706705514864169 ], [ -86.0974617077689, 39.706707364452882 ], [ -86.097820325601759, 39.706691827648839 ], [ -86.098163435948322, 39.706676962540243 ], [ -86.098292368460079, 39.706764914966278 ], [ -86.098465850582215, 39.706883256622419 ], [ -86.098659488949025, 39.707015348631671 ], [ -86.098883913809331, 39.707168438811813 ], [ -86.099131867120761, 39.706982513626869 ], [ -86.099573118765861, 39.706651641528907 ], [ -86.099824009473807, 39.706463508019112 ], [ -86.100223903264236, 39.706361551525568 ], [ -86.101204969886538, 39.70611140907625 ], [ -86.10148935701757, 39.706198195125118 ], [ -86.101496379253319, 39.706415173211724 ], [ -86.101508579338329, 39.706792139644172 ], [ -86.101194642543504, 39.706795067682073 ], [ -86.100709690030556, 39.706799588119331 ], [ -86.100094496881852, 39.706805319636885 ], [ -86.09993528572484, 39.706993733128741 ], [ -86.099647387812212, 39.70733443689943 ], [ -86.099402437275032, 39.707624314224603 ], [ -86.099208255489884, 39.707980871891863 ], [ -86.099040190285081, 39.708442721787577 ], [ -86.098904543888281, 39.708818980586074 ], [ -86.099052054724595, 39.708977212308703 ], [ -86.099224987081172, 39.709162715717902 ], [ -86.099477484690411, 39.70943356265991 ], [ -86.099703905601388, 39.709676435374732 ], [ -86.099896991392868, 39.709883550314892 ], [ -86.100254516945384, 39.710109390589722 ], [ -86.100280585618492, 39.710348055460351 ], [ -86.100304287946244, 39.710565054039122 ], [ -86.100324738185535, 39.710752286127217 ], [ -86.100343764647988, 39.710926482428462 ], [ -86.10035856397225, 39.711061966629678 ], [ -86.100524669226203, 39.711305972639053 ], [ -86.100707620003135, 39.711574722236016 ], [ -86.100709318944041, 39.711845814623906 ], [ -86.100498731498263, 39.712240637398523 ], [ -86.100105663421701, 39.712977570209603 ], [ -86.099959383746281, 39.713251811568213 ], [ -86.099985340475143, 39.713582511091126 ], [ -86.100037903607671, 39.714252184075654 ], [ -86.100424971936476, 39.714242845017822 ], [ -86.100430435819931, 39.714290525136661 ], [ -86.100538796012245, 39.714290120255505 ], [ -86.100545996750014, 39.714906689332246 ], [ -86.100556933063814, 39.715843017103225 ], [ -86.100541965376962, 39.716096174902312 ], [ -86.101662493869469, 39.716069322561566 ], [ -86.11115683896675, 39.715950316335515 ], [ -86.111196510543067, 39.719448020900643 ], [ -86.111220525151154, 39.720489082724036 ], [ -86.111240418747968, 39.721251514148996 ], [ -86.111256525398005, 39.722240754196058 ], [ -86.111359574433521, 39.72224086031563 ], [ -86.112796554171652, 39.722221209252723 ], [ -86.113205315998272, 39.722215601808522 ], [ -86.113566730048319, 39.72221066966911 ], [ -86.113568543767428, 39.722335889880213 ], [ -86.113580386736118, 39.723153243143258 ], [ -86.113580581483419, 39.723166968880619 ], [ -86.113581380470421, 39.72324954179232 ], [ -86.111266123187121, 39.723284680861994 ], [ -86.111277387103314, 39.724646618570304 ], [ -86.11128299535045, 39.725528523643845 ], [ -86.111309077866295, 39.730073260248389 ], [ -86.111315509935281, 39.730624696580399 ], [ -86.110107945311597, 39.730638237631609 ], [ -86.108918998867239, 39.730653067845104 ], [ -86.106537921854226, 39.730680301675555 ], [ -86.105341910015383, 39.73069374937856 ], [ -86.104164238683026, 39.73070848919285 ], [ -86.102969899056333, 39.730722934742211 ], [ -86.101769380852787, 39.730735676253019 ], [ -86.101771079800017, 39.731589113295101 ], [ -86.10178378869378, 39.734335045577893 ], [ -86.091999650337826, 39.734369932620375 ], [ -86.091981838421034, 39.731298010848796 ], [ -86.091890048156372, 39.731238131642371 ], [ -86.091754252207991, 39.731149543771323 ], [ -86.09172124837373, 39.731130804220996 ], [ -86.090109557947073, 39.730061555044848 ], [ -86.089425324851007, 39.730693379831848 ], [ -86.085914009136133, 39.728411127708362 ], [ -86.086600550140304, 39.727777229012361 ], [ -86.086391529091742, 39.727642229586159 ], [ -86.086055050410081, 39.727425029637246 ], [ -86.084906528328659, 39.72668338513656 ], [ -86.083300503585221, 39.725646303231969 ], [ -86.083018792221282, 39.725464340811953 ], [ -86.082664470491252, 39.72519657801665 ], [ -86.082699335940191, 39.725362344587118 ], [ -86.082736850105235, 39.725531732324718 ], [ -86.082962920704574, 39.72659026380606 ], [ -86.083074384346915, 39.727148875310249 ], [ -86.08309364476591, 39.727349556107008 ], [ -86.083104811655303, 39.727561934340144 ], [ -86.083103349758488, 39.72771601849626 ], [ -86.083101134992617, 39.727763382818921 ], [ -86.083080329022835, 39.727971070551412 ], [ -86.083014551243508, 39.728321331847944 ], [ -86.082958257242936, 39.728521254075638 ], [ -86.082844938294897, 39.728892618596674 ], [ -86.082666527261324, 39.729470114390551 ], [ -86.082395712588891, 39.73035987326751 ], [ -86.079808830193599, 39.72871609633205 ], [ -86.077402475557122, 39.727114517817768 ], [ -86.076463605799987, 39.726441805991065 ], [ -86.073466763877747, 39.72401177471874 ], [ -86.071154195243508, 39.722179817316352 ], [ -86.070658275977621, 39.721810928425867 ], [ -86.06996874515707, 39.721350743419592 ], [ -86.06939583148106, 39.720959810924541 ], [ -86.068478350490466, 39.720364856391519 ], [ -86.067579017914142, 39.719774293871133 ], [ -86.064574606749446, 39.717816933946224 ], [ -86.063939247020102, 39.717422756562463 ], [ -86.063272280981138, 39.716988190406362 ], [ -86.062406679010806, 39.716423552498334 ], [ -86.061941946320601, 39.716122122682712 ], [ -86.061324682180867, 39.71572031963359 ], [ -86.060579710439725, 39.715236930639811 ], [ -86.059962460910867, 39.714835120213088 ], [ -86.059150098681087, 39.714305623179136 ], [ -86.058639292424104, 39.713974137369789 ], [ -86.057873082628973, 39.713480165344883 ], [ -86.057149499718676, 39.713018300394197 ], [ -86.056804034765136, 39.712781788312775 ], [ -86.056677637885187, 39.712695253950479 ], [ -86.05227855524636, 39.709845127808883 ], [ -86.05240486082333, 39.709841391015438 ] ] ], [ [ [ -86.264436168965901, 39.714570482769275 ], [ -86.26423759025468, 39.714565351525856 ], [ -86.264124734547153, 39.714553234467324 ], [ -86.264054550158377, 39.714542614454579 ], [ -86.263950136232779, 39.714523934628559 ], [ -86.263847020968029, 39.714501130995465 ], [ -86.263779057992579, 39.714483978427047 ], [ -86.263676388708873, 39.714454994546578 ], [ -86.263575630990829, 39.71442222597436 ], [ -86.263477063568388, 39.71438567128245 ], [ -86.263380853841923, 39.714345672777171 ], [ -86.263256652588396, 39.714286601002357 ], [ -86.263196451495091, 39.714254996337907 ], [ -86.263137568614511, 39.714221669063797 ], [ -86.263080120646279, 39.714187304904875 ], [ -86.262996725372275, 39.714132484319592 ], [ -86.262917668695138, 39.714075239264233 ], [ -86.262867201652824, 39.714035691729514 ], [ -86.262818666541989, 39.713994589576842 ], [ -86.262756612130488, 39.713938115460643 ], [ -86.262697874173114, 39.713879565317789 ], [ -86.262656022121632, 39.713834310852349 ], [ -86.262566435131262, 39.713724615941068 ], [ -86.262498554615902, 39.713626648176302 ], [ -86.262448509879562, 39.713542316197298 ], [ -86.262425868355336, 39.713499537225026 ], [ -86.262396685691371, 39.713438605165862 ], [ -86.262374319829775, 39.713385701061128 ], [ -86.262354004656046, 39.713332443268925 ], [ -86.262336239835932, 39.71327848696621 ], [ -86.262311550636284, 39.713187847930058 ], [ -86.262293712266924, 39.713096314487458 ], [ -86.262280901564694, 39.712985539118264 ], [ -86.26227772385748, 39.712874371167459 ], [ -86.262282286660607, 39.712781694214904 ], [ -86.262290871719188, 39.712707870497027 ], [ -86.262300256962618, 39.712652916543455 ], [ -86.262320827546205, 39.712561530107443 ], [ -86.262342089289746, 39.712489357153167 ], [ -86.262367521189489, 39.712417849120904 ], [ -86.262397017741492, 39.712347350611232 ], [ -86.262439760753466, 39.712260825769803 ], [ -86.262499011677562, 39.712159459359057 ], [ -86.262531824992237, 39.712109876631828 ], [ -86.262734747499067, 39.711855925130266 ], [ -86.263080090799249, 39.711430004246587 ], [ -86.2637834314271, 39.710604517683997 ], [ -86.263813623333874, 39.710563526200865 ], [ -86.263840797831392, 39.710526668166203 ], [ -86.263903380414803, 39.710441929460593 ], [ -86.264314965676434, 39.709917611776284 ], [ -86.264456981764852, 39.709733691912163 ], [ -86.265233222243623, 39.71045807126913 ], [ -86.265317858144485, 39.710554064157783 ], [ -86.265407909187942, 39.710646596543114 ], [ -86.265503211070936, 39.710736356483501 ], [ -86.265603538645337, 39.710822659705585 ], [ -86.265655497275503, 39.710864599608009 ], [ -86.265763051967184, 39.710945373922122 ], [ -86.265875077273932, 39.71102269344911 ], [ -86.265991452982874, 39.711095873374667 ], [ -86.266111905662527, 39.711165255556907 ], [ -86.266173563235782, 39.711198223854169 ], [ -86.266299679666815, 39.711261057430185 ], [ -86.26642931617765, 39.711319754748558 ], [ -86.266562133297654, 39.71137363122898 ], [ -86.26662966611282, 39.711399019376422 ], [ -86.266766867012251, 39.711446009742083 ], [ -86.266906639225496, 39.711488525554657 ], [ -86.266977398529619, 39.711508063076252 ], [ -86.267048701050925, 39.711526225100371 ], [ -86.267192719480818, 39.71155876783282 ], [ -86.267338528349683, 39.711586495063706 ], [ -86.267411998941284, 39.711598468744207 ], [ -86.26755985434589, 39.711618636459754 ], [ -86.267634182010752, 39.711626830789491 ], [ -86.267783414515137, 39.711639441543667 ], [ -86.267858319346615, 39.711643857967417 ], [ -86.268008316013635, 39.711648571765963 ], [ -86.268083354845899, 39.711649212576354 ], [ -86.268241694791868, 39.711648735435993 ], [ -86.269391933481202, 39.711644485792007 ], [ -86.269620026520442, 39.711643644646841 ], [ -86.269754983218917, 39.71164328777455 ], [ -86.269965471194212, 39.711642536495582 ], [ -86.270164682050137, 39.711641501192062 ], [ -86.270796937127599, 39.711698266301923 ], [ -86.276410542389399, 39.71159891626877 ], [ -86.276570738591175, 39.711594986408528 ], [ -86.276650857115555, 39.711592163385276 ], [ -86.276810856297274, 39.711584802617061 ], [ -86.276970609687538, 39.711574697630979 ], [ -86.277130060127348, 39.711561848728579 ], [ -86.277289158155654, 39.711546600233163 ], [ -86.277447785267782, 39.711528607807026 ], [ -86.277605893170772, 39.711508215768127 ], [ -86.27776341934063, 39.71148508038582 ], [ -86.277841954421305, 39.711472656362197 ], [ -86.277998447757525, 39.71144575312649 ], [ -86.278076467328219, 39.711431614952119 ], [ -86.278231816989361, 39.71140094175108 ], [ -86.278309150097257, 39.711384748969948 ], [ -86.278463190466098, 39.711350307583992 ], [ -86.278616265597321, 39.711313812114213 ], [ -86.278692404403188, 39.711294193760978 ], [ -86.278843947458029, 39.711253931294344 ], [ -86.278919236015071, 39.711232600568934 ], [ -86.279069024240428, 39.7111885731901 ], [ -86.279143464882125, 39.711165531886564 ], [ -86.279291388608087, 39.711117737482269 ], [ -86.27936486937304, 39.711092986196384 ], [ -86.279438012365546, 39.711067892584794 ], [ -86.279510816184597, 39.711041771233894 ], [ -86.279655297876218, 39.710988162595712 ], [ -86.279726976904982, 39.710960674402976 ], [ -86.279798314420461, 39.710932158485967 ], [ -86.279939756905847, 39.710874103547205 ], [ -86.280079624608902, 39.710813653727136 ], [ -86.280148936462155, 39.710782403007208 ], [ -86.280217802090434, 39.710750811442757 ], [ -86.280354297037817, 39.710685918919928 ], [ -86.280488993290092, 39.710618633617493 ], [ -86.280555611664511, 39.710584308443678 ], [ -86.280817484959215, 39.710441197958588 ], [ -86.282411667473099, 39.709511367479699 ], [ -86.283814272208076, 39.708676214752224 ], [ -86.285254241882086, 39.707818884555202 ], [ -86.287120633995073, 39.706707378116143 ], [ -86.28870162647992, 39.705762431568495 ], [ -86.291364821095215, 39.704170963587877 ], [ -86.295291505837781, 39.701830685542028 ], [ -86.298326005685752, 39.700026001465716 ], [ -86.301858587430814, 39.697916533802193 ], [ -86.304667922279464, 39.696245033299689 ], [ -86.305320910368408, 39.695858475088912 ], [ -86.306498761961464, 39.69520512993742 ], [ -86.306941039072328, 39.694960077550462 ], [ -86.307476511881319, 39.694687741676397 ], [ -86.308748696277917, 39.694074347038274 ], [ -86.309700146897043, 39.693634295967605 ], [ -86.310493463751513, 39.693273354894885 ], [ -86.312127216376865, 39.692545703986212 ], [ -86.3131845523246, 39.69208650498728 ], [ -86.314279155835138, 39.69160649880488 ], [ -86.316510562020937, 39.690627688583135 ], [ -86.318787965053019, 39.689628673776681 ], [ -86.320090718638895, 39.689056848908791 ], [ -86.322850618070206, 39.687848454844982 ], [ -86.326619933835914, 39.686197417519693 ], [ -86.326637876210114, 39.690461102493622 ], [ -86.326159460032599, 39.690533139294779 ], [ -86.326171685133531, 39.693918360085682 ], [ -86.326189250905443, 39.697858440554903 ], [ -86.326319591389179, 39.704211673614303 ], [ -86.326330750186983, 39.70538350492258 ], [ -86.326273475930762, 39.709848694626046 ], [ -86.326239401732423, 39.712563289401231 ], [ -86.326439749582491, 39.719804892368607 ], [ -86.326507321301321, 39.728164817032578 ], [ -86.322800606149627, 39.729065891787556 ], [ -86.32293278675138, 39.729651788092582 ], [ -86.321069745148876, 39.730151174104471 ], [ -86.321005047235971, 39.730004877259404 ], [ -86.319362879137287, 39.730429660881953 ], [ -86.319109172707599, 39.730382199848783 ], [ -86.318888274112524, 39.730456771887482 ], [ -86.318792385322354, 39.730359537118836 ], [ -86.314022664060943, 39.731486188827496 ], [ -86.30862146076511, 39.732811687161316 ], [ -86.308559281471901, 39.73293424802781 ], [ -86.306979601397657, 39.733285181219316 ], [ -86.30540035623072, 39.733684976813223 ], [ -86.303844566443871, 39.734064777491376 ], [ -86.302251758736162, 39.734455406067809 ], [ -86.299689910862583, 39.735083276881262 ], [ -86.29819756107797, 39.735450822829016 ], [ -86.296748920617773, 39.735779205648576 ], [ -86.296322606785097, 39.735863191639197 ], [ -86.295892848352011, 39.735935526411822 ], [ -86.295227228641451, 39.73604276566244 ], [ -86.294498374259859, 39.736186033502662 ], [ -86.294017846462054, 39.736296725712258 ], [ -86.288830901081113, 39.737569280777031 ], [ -86.282597584744565, 39.739098352749977 ], [ -86.277279786375061, 39.740565679304886 ], [ -86.27740901684362, 39.739846030779113 ], [ -86.27604105201533, 39.739832265545878 ], [ -86.275998207194831, 39.740149599574046 ], [ -86.275725934259057, 39.740327201669537 ], [ -86.274663329245513, 39.740228936093729 ], [ -86.274665606835242, 39.738607685214575 ], [ -86.269836617540776, 39.738722549609797 ], [ -86.269835105677828, 39.742507293094057 ], [ -86.264560089202135, 39.743783221904636 ], [ -86.264563482599826, 39.742871676517424 ], [ -86.264550203155679, 39.739730716085198 ], [ -86.264535603886571, 39.736835635244255 ], [ -86.264544938444757, 39.735547355962673 ], [ -86.264536413059361, 39.732106875694619 ], [ -86.264485500486771, 39.729897570870271 ], [ -86.264503872627856, 39.729433546097972 ], [ -86.264482508341743, 39.724660158675377 ], [ -86.26447459153276, 39.723743398648679 ], [ -86.264473990567367, 39.720846438226438 ], [ -86.26447382280405, 39.720035985133663 ], [ -86.264476873856651, 39.717977186014267 ], [ -86.264436168965901, 39.714570482769275 ] ] ], [ [ [ -86.16703215226822, 39.771502672552643 ], [ -86.167052502089945, 39.771502320919595 ], [ -86.167083672867349, 39.771502277495038 ], [ -86.167114899649391, 39.771502714783388 ], [ -86.167156075130521, 39.771503732432429 ], [ -86.16718115445407, 39.771504352029837 ], [ -86.167201085528802, 39.771504844311785 ], [ -86.16721437875438, 39.771505173373342 ], [ -86.167284279360729, 39.771506900216799 ], [ -86.167379392385428, 39.771509250501943 ], [ -86.167470391482965, 39.77151149867035 ], [ -86.167576047342095, 39.771514109532674 ], [ -86.167776320103286, 39.771519057088717 ], [ -86.16784648573784, 39.771520790555321 ], [ -86.168648298522371, 39.771540594432352 ], [ -86.169324543075888, 39.771557260994932 ], [ -86.169570476680022, 39.771563320880617 ], [ -86.169684192398392, 39.771566122770977 ], [ -86.169762889487671, 39.771568062186702 ], [ -86.169929087070003, 39.771572156676946 ], [ -86.169994192070888, 39.771573760375027 ], [ -86.170029683874475, 39.771575645589259 ], [ -86.170061548414978, 39.771578063515122 ], [ -86.170132423707756, 39.771585870305202 ], [ -86.170131150409546, 39.771581559773544 ], [ -86.170128108300531, 39.77156243893922 ], [ -86.170125445763205, 39.771540626129223 ], [ -86.170124057921456, 39.771515945430849 ], [ -86.170124103368536, 39.771493984871221 ], [ -86.170125777473814, 39.771462308824432 ], [ -86.170126220939267, 39.771450282832099 ], [ -86.170162198030127, 39.770473564249791 ], [ -86.170199133198537, 39.769434302649771 ], [ -86.170486355077713, 39.769433705591211 ], [ -86.170651772683527, 39.769426931240979 ], [ -86.170865461596549, 39.769424793522965 ], [ -86.171253547560909, 39.769432909056682 ], [ -86.171487416625965, 39.769437798727495 ], [ -86.171528662466642, 39.769436944710939 ], [ -86.171598604897881, 39.769425977302532 ], [ -86.171676888482722, 39.769397209455207 ], [ -86.171712803958158, 39.769376240271782 ], [ -86.171755065299124, 39.769341862064579 ], [ -86.171777905957939, 39.769316224794515 ], [ -86.171797491499248, 39.769286768394466 ], [ -86.171808467540572, 39.769264264880391 ], [ -86.171826075068779, 39.769196689515276 ], [ -86.171842591351933, 39.769113635313225 ], [ -86.171877754859679, 39.768936806740733 ], [ -86.171892506945341, 39.768862623795961 ], [ -86.171901714582788, 39.768816319403321 ], [ -86.171911310863393, 39.76877113196192 ], [ -86.171916845273131, 39.768628843712797 ], [ -86.171945282402092, 39.76789150183469 ], [ -86.171965034451873, 39.767387571036487 ], [ -86.172886904109419, 39.767407477788119 ], [ -86.174062267566853, 39.767420640954718 ], [ -86.174724271613186, 39.767891299012163 ], [ -86.175693717552136, 39.768400432435001 ], [ -86.176747549948047, 39.768710459117742 ], [ -86.179993588856362, 39.769457938054366 ], [ -86.1803582809586, 39.769439764620486 ], [ -86.182011047688093, 39.769482120127577 ], [ -86.183022623055265, 39.769875080349699 ], [ -86.18418579335129, 39.770449522699309 ], [ -86.185178048122665, 39.771124081699426 ], [ -86.18631361245626, 39.77222647316605 ], [ -86.187065467768775, 39.77298314571302 ], [ -86.188613957367522, 39.775089362084685 ], [ -86.188333999004513, 39.775179268250533 ], [ -86.188133115777063, 39.775243346391875 ], [ -86.187877258186532, 39.775324958702448 ], [ -86.187549232599409, 39.775429590559547 ], [ -86.18722562863816, 39.775532810109397 ], [ -86.187143990390354, 39.77555885008686 ], [ -86.187107131202353, 39.775568850786428 ], [ -86.187086575231305, 39.775573281530647 ], [ -86.187069247272106, 39.77557638821083 ], [ -86.187034181015704, 39.775580968672301 ], [ -86.187000326777095, 39.77558327758284 ], [ -86.186973066381555, 39.77558465354231 ], [ -86.18694834358422, 39.775586955725579 ], [ -86.186915646219632, 39.775591761509318 ], [ -86.186903009534532, 39.775593945556388 ], [ -86.186868884500925, 39.775601684030136 ], [ -86.186846134707892, 39.775608062824567 ], [ -86.186828843765085, 39.77561345342297 ], [ -86.186788274519017, 39.775623708428398 ], [ -86.186747176838409, 39.775632613869668 ], [ -86.186705618309261, 39.7756401541318 ], [ -86.186660509125446, 39.775646631275158 ], [ -86.186642599234375, 39.775648883053307 ], [ -86.186600234914067, 39.775652962879462 ], [ -86.186568336860375, 39.775655103480432 ], [ -86.186525699592153, 39.775656727451882 ], [ -86.186483009739021, 39.775656947485871 ], [ -86.18641845416883, 39.775654458915447 ], [ -86.186402889930676, 39.775653380251953 ], [ -86.186344862883828, 39.775647944206717 ], [ -86.186302825091985, 39.775642206870813 ], [ -86.186250788828914, 39.775633094407155 ], [ -86.186209659312055, 39.775624269048905 ], [ -86.186169057772858, 39.775614094798712 ], [ -86.186118504085556, 39.775599873297018 ], [ -86.185917122450164, 39.77552831669707 ], [ -86.185413533216575, 39.775349372025524 ], [ -86.184911407210365, 39.775170945520998 ], [ -86.18449178193643, 39.775021832422951 ], [ -86.184391428634015, 39.774986171933811 ], [ -86.184266505870568, 39.774941462837056 ], [ -86.184160228716905, 39.774903426456767 ], [ -86.184130073670104, 39.774892633880221 ], [ -86.184097050372927, 39.774882421510895 ], [ -86.18405323967896, 39.774871005279408 ], [ -86.184029291485786, 39.774865743093009 ], [ -86.183988154349393, 39.774858295917404 ], [ -86.183980447345576, 39.774857095440233 ], [ -86.183969315037203, 39.774855504024046 ], [ -86.183963264541433, 39.774854639320715 ], [ -86.183951530106143, 39.774853382936925 ], [ -86.183934261972652, 39.774851534250693 ], [ -86.183925300810614, 39.774850574436606 ], [ -86.183920793947223, 39.77485009194443 ], [ -86.183906604306543, 39.774849083376878 ], [ -86.183804651546666, 39.774841848612873 ], [ -86.183805673453378, 39.775093350398052 ], [ -86.183806315085405, 39.775251457124192 ], [ -86.183806677252988, 39.775340558719357 ], [ -86.183803992894539, 39.775388486768342 ], [ -86.183799594089152, 39.775416173405794 ], [ -86.183793583065636, 39.77544367358071 ], [ -86.183785966448013, 39.775470936825407 ], [ -86.183776755482057, 39.775497906346722 ], [ -86.183753645753384, 39.775550746729721 ], [ -86.183724440848763, 39.775601756163461 ], [ -86.183707627903843, 39.775626445703878 ], [ -86.183676927801471, 39.775664680260498 ], [ -86.183598147844776, 39.775754224448974 ], [ -86.183542601863451, 39.775817359900984 ], [ -86.183498150883935, 39.775867884158281 ], [ -86.183438793317066, 39.775935353484385 ], [ -86.183400734727797, 39.775982988685911 ], [ -86.183367779603245, 39.776032837537834 ], [ -86.183353289515424, 39.776058493019192 ], [ -86.183328386582374, 39.776111052179026 ], [ -86.183309066477008, 39.776164989737524 ], [ -86.183301540316947, 39.776192366030379 ], [ -86.18329081365583, 39.776247710919471 ], [ -86.183287629986594, 39.776275588472686 ], [ -86.183285911829131, 39.776303544165891 ], [ -86.183287507799903, 39.776371811171757 ], [ -86.183289152295202, 39.776442196355887 ], [ -86.183293181906976, 39.776614577228322 ], [ -86.183295900509918, 39.776730887710329 ], [ -86.18329798363952, 39.776819969015456 ], [ -86.18329916118725, 39.776870363019626 ], [ -86.18330188306534, 39.776986795973997 ], [ -86.183304500606766, 39.77709879625283 ], [ -86.183305614202922, 39.777146411947314 ], [ -86.183307851594378, 39.777159485237185 ], [ -86.183315503838941, 39.777185176339437 ], [ -86.183327281202381, 39.777209918676604 ], [ -86.183342997527376, 39.777233324883937 ], [ -86.183373388714315, 39.777265115916585 ], [ -86.183411687026563, 39.777297513017594 ], [ -86.183430930172534, 39.77731379085477 ], [ -86.183463513735788, 39.777347627448556 ], [ -86.183485481194793, 39.777375118295701 ], [ -86.183489586934556, 39.777385467717146 ], [ -86.183491951128318, 39.777396136528452 ], [ -86.183492404621532, 39.777448806160415 ], [ -86.183493085689577, 39.777527843028182 ], [ -86.183495239724508, 39.77777789587406 ], [ -86.183495847006697, 39.777848315379138 ], [ -86.183496626977856, 39.777938856160532 ], [ -86.183497060315503, 39.777989141782811 ], [ -86.183497567229011, 39.778048015041129 ], [ -86.183493329887824, 39.778077974246969 ], [ -86.183481045525241, 39.778106580441822 ], [ -86.183461256757525, 39.778132562151626 ], [ -86.183437264377389, 39.778145728815957 ], [ -86.183400941154446, 39.778157101286453 ], [ -86.182782513573812, 39.778167202677544 ], [ -86.182802652744513, 39.778609223473175 ], [ -86.181436313995306, 39.778616250255141 ], [ -86.181397039402086, 39.778616208288888 ], [ -86.181375526515254, 39.778616303700353 ], [ -86.181361847953212, 39.778617873900039 ], [ -86.181362486338315, 39.778170474613788 ], [ -86.181362981554429, 39.776374678779518 ], [ -86.178627911006998, 39.776383975890525 ], [ -86.178646782655036, 39.777335225033035 ], [ -86.178660703601523, 39.778154198862794 ], [ -86.178942754350643, 39.778162277147345 ], [ -86.179346784200092, 39.778161568459204 ], [ -86.179347912150106, 39.778337021858434 ], [ -86.179352201662994, 39.778437342040483 ], [ -86.179362466954942, 39.778562556680647 ], [ -86.179375084949882, 39.778672268362094 ], [ -86.179388046097529, 39.778784957966622 ], [ -86.179392700084378, 39.778874290960573 ], [ -86.179396943343065, 39.779068091793825 ], [ -86.179093264874354, 39.779069388901227 ], [ -86.179092524256774, 39.778969529508906 ], [ -86.178568024801976, 39.778971844161589 ], [ -86.1785629666566, 39.778152210775296 ], [ -86.178439951753163, 39.778145659556984 ], [ -86.178048466210313, 39.778124809728233 ], [ -86.177928438867241, 39.778126032966554 ], [ -86.177706311459289, 39.778128295653268 ], [ -86.177418970218611, 39.778142410538997 ], [ -86.177240113856357, 39.778165873899638 ], [ -86.177156704154967, 39.778179960846941 ], [ -86.177001951976877, 39.77821157162689 ], [ -86.176769801942314, 39.778272993500174 ], [ -86.176632181949728, 39.778317886441485 ], [ -86.17640672185685, 39.778406469663025 ], [ -86.176268920669017, 39.778465955755308 ], [ -86.176144173515411, 39.778512806409466 ], [ -86.176055890213973, 39.778542012927495 ], [ -86.175875204761127, 39.778592301704393 ], [ -86.175741816793533, 39.778621744604969 ], [ -86.175689972414901, 39.778631507484526 ], [ -86.175554001651449, 39.778652794148897 ], [ -86.175257155466241, 39.778678277694212 ], [ -86.175065085256222, 39.778679843384374 ], [ -86.174923154528358, 39.778674240455679 ], [ -86.174955969818441, 39.777773078152372 ], [ -86.174970663522913, 39.777344145049085 ], [ -86.174979460237878, 39.77718340930403 ], [ -86.174992839437522, 39.777071509877352 ], [ -86.175031140273859, 39.776877124345262 ], [ -86.175061471247446, 39.776767214104552 ], [ -86.175118325097699, 39.776604480862119 ], [ -86.175208629865637, 39.776354426156075 ], [ -86.175280717653948, 39.776154815343219 ], [ -86.175333429917515, 39.77600885274979 ], [ -86.175185022052389, 39.775978245058866 ], [ -86.175053263831572, 39.775951071488123 ], [ -86.174959362392102, 39.775935457007492 ], [ -86.174864990948834, 39.775921637759659 ], [ -86.17482967382152, 39.775917160212032 ], [ -86.174770203246894, 39.775909621614375 ], [ -86.174675060054525, 39.775899419112747 ], [ -86.174590236413437, 39.775891876108076 ], [ -86.174547749780075, 39.775888644866619 ], [ -86.174498845246617, 39.775885854203082 ], [ -86.174423545891798, 39.77588155777827 ], [ -86.174396617398628, 39.775880021041182 ], [ -86.174357898059924, 39.77587781173137 ], [ -86.174316543100048, 39.775875452715631 ], [ -86.174251549219264, 39.775871743377948 ], [ -86.174214078220928, 39.775869605118153 ], [ -86.174185466051554, 39.775868161259574 ], [ -86.173296646404737, 39.775845072008394 ], [ -86.173261689401485, 39.776719837440268 ], [ -86.172025352957164, 39.77669604641148 ], [ -86.170508698693837, 39.776657440925163 ], [ -86.170511518686766, 39.776580419770909 ], [ -86.169952250847984, 39.776568472456624 ], [ -86.169926610769821, 39.777231871183801 ], [ -86.169921905160678, 39.777374152841503 ], [ -86.169917945374053, 39.777453600838861 ], [ -86.169912819522338, 39.777556458018594 ], [ -86.167017248971035, 39.775792555782502 ], [ -86.166847067870194, 39.775728775525756 ], [ -86.166737186141091, 39.775670225754986 ], [ -86.166719599595993, 39.775506271717951 ], [ -86.166704700732097, 39.775314167087011 ], [ -86.166697770044749, 39.77509388910989 ], [ -86.166700279255835, 39.77481832191107 ], [ -86.166712067474634, 39.774595904313429 ], [ -86.16674134252581, 39.774316447921265 ], [ -86.166804581154679, 39.77389855129843 ], [ -86.166848906935769, 39.773617312392979 ], [ -86.166867056238289, 39.773390749415967 ], [ -86.166885529673479, 39.772917110729708 ], [ -86.166916792535559, 39.772121533927653 ], [ -86.166939997693831, 39.771507199427973 ], [ -86.16694873108753, 39.771506777193061 ], [ -86.166991713623915, 39.771504119544709 ], [ -86.16703215226822, 39.771502672552643 ] ], [ [ -86.176728137293949, 39.776215278163413 ], [ -86.176720844239355, 39.776200897559569 ], [ -86.176756419389378, 39.776190324862206 ], [ -86.176788270305721, 39.776254139339841 ], [ -86.176864173844265, 39.776231581449494 ], [ -86.17688840436108, 39.776278565096412 ], [ -86.176932682161507, 39.776264122599819 ], [ -86.176960457332157, 39.776315475148991 ], [ -86.176978213580071, 39.776348461879174 ], [ -86.177012777681043, 39.776337384665759 ], [ -86.176996541074899, 39.77630675013534 ], [ -86.176967963565872, 39.776252656755574 ], [ -86.17695905507189, 39.776236553967387 ], [ -86.177546209433629, 39.776073043031296 ], [ -86.177456701456393, 39.775881597906022 ], [ -86.177491565518366, 39.775871506373122 ], [ -86.177699488828438, 39.775809509714229 ], [ -86.177750574238203, 39.775794514536152 ], [ -86.177683871805542, 39.7756606467943 ], [ -86.177553196672321, 39.775699655847404 ], [ -86.177527449960621, 39.775648295406995 ], [ -86.177561138298486, 39.77563818200791 ], [ -86.177551063792478, 39.775617993514807 ], [ -86.177572221942896, 39.775611723522751 ], [ -86.177559474854817, 39.775586385907687 ], [ -86.177577722341383, 39.775580815044407 ], [ -86.177565983485152, 39.775557175273818 ], [ -86.177548482931542, 39.775562414099689 ], [ -86.17752519027286, 39.775515846173199 ], [ -86.177541555416866, 39.775510969918102 ], [ -86.177530684944202, 39.775489055623808 ], [ -86.177513146847531, 39.775494266688604 ], [ -86.177490290323391, 39.775448740721139 ], [ -86.17751002685317, 39.775442806645835 ], [ -86.177498866525724, 39.775420207307029 ], [ -86.177480123005495, 39.775425780341223 ], [ -86.177455567365229, 39.775376830259582 ], [ -86.177472003681942, 39.775371953700969 ], [ -86.177461674183419, 39.775351052983979 ], [ -86.177444562049871, 39.775355932515431 ], [ -86.177434703966313, 39.775336430276312 ], [ -86.17750588656007, 39.775315857121456 ], [ -86.177651196198383, 39.775273707871307 ], [ -86.177726706736976, 39.775434303219342 ], [ -86.177802561424997, 39.775434655488326 ], [ -86.177807007246201, 39.775444244346424 ], [ -86.178500192352203, 39.775446350269853 ], [ -86.178501722516287, 39.775119656623609 ], [ -86.17846583224636, 39.775130439302693 ], [ -86.17846527925694, 39.775012751879402 ], [ -86.17847367736978, 39.775012714844976 ], [ -86.178473109522827, 39.774888137293928 ], [ -86.178080800621657, 39.774889179447612 ], [ -86.178081084696728, 39.774966046607531 ], [ -86.17797812587969, 39.77496650025013 ], [ -86.177978229445728, 39.774985387023158 ], [ -86.177910848471825, 39.774985683858347 ], [ -86.177911340064071, 39.775256598590616 ], [ -86.177908491844562, 39.775256267978598 ], [ -86.177906338272678, 39.77525611264096 ], [ -86.177904218298096, 39.775255765310739 ], [ -86.177901337600787, 39.775255778000137 ], [ -86.177898489481279, 39.775255460897633 ], [ -86.177896335961606, 39.775255470383733 ], [ -86.17789416610087, 39.775255479941769 ], [ -86.177891304183348, 39.775255822196506 ], [ -86.177888458502622, 39.775255834731354 ], [ -86.177885579276648, 39.775256204082588 ], [ -86.177882771051159, 39.775256546100628 ], [ -86.177879926841726, 39.775256915297447 ], [ -86.17787715728646, 39.775257435479389 ], [ -86.177874386563971, 39.775257955666383 ], [ -86.177872306883117, 39.775258321495478 ], [ -86.177870229488832, 39.775258838628467 ], [ -86.177867530118647, 39.775259536835364 ], [ -86.177865526563167, 39.775260410311731 ], [ -86.177863537877457, 39.775260927053871 ], [ -86.177861584208301, 39.775261443641732 ], [ -86.177859670528605, 39.77526231672212 ], [ -86.177857116097428, 39.775263357448864 ], [ -86.177854597856637, 39.775264398916882 ], [ -86.177852169630356, 39.775265616521338 ], [ -86.177849777494515, 39.775266821357263 ], [ -86.177847455391742, 39.775268025884699 ], [ -86.177845189467433, 39.775269408498971 ], [ -86.177843541965402, 39.775270445230902 ], [ -86.177841895630536, 39.775271481957631 ], [ -86.177839791086228, 39.775273220529726 ], [ -86.177837720093933, 39.775274603185999 ], [ -86.177835757743679, 39.775276313210682 ], [ -86.177833885475806, 39.775278050759624 ], [ -86.177832029297008, 39.775279596393148 ], [ -86.177830299488406, 39.775281499039444 ], [ -86.177828640614919, 39.775283207727377 ], [ -86.177827071875825, 39.775285108763534 ], [ -86.177825555668207, 39.775287010468993 ], [ -86.177824497708826, 39.775288373351756 ], [ -86.177823496034478, 39.775289928731809 ], [ -86.177822194640427, 39.775291993414612 ], [ -86.177821016919651, 39.775293892728527 ], [ -86.177820208751811, 39.775295255411805 ], [ -86.177819400835801, 39.775296809938453 ], [ -86.177818701477875, 39.775298364887668 ], [ -86.177818004551639, 39.775300248573828 ], [ -86.177817219061893, 39.775302310083731 ], [ -86.177816487270874, 39.775304372257771 ], [ -86.177815897880649, 39.775306433804658 ], [ -86.177815502097118, 39.775308316164505 ], [ -86.177815122550683, 39.775309868804499 ], [ -86.177814799286622, 39.775311929179303 ], [ -86.177814547077759, 39.775313811807479 ], [ -86.17781439863424, 39.77531536252895 ], [ -86.177814271469828, 39.775317422940773 ], [ -86.177814289237958, 39.775319824972094 ], [ -86.177756978433365, 39.775337399215964 ], [ -86.177717866908637, 39.775254198337748 ], [ -86.177830478567586, 39.775221445510638 ], [ -86.177830794057272, 39.775163106272309 ], [ -86.177695249247364, 39.775202466582734 ], [ -86.177578589085599, 39.775236267477318 ], [ -86.177574915432601, 39.775237490558574 ], [ -86.1775721648538, 39.77523836731838 ], [ -86.17756934297465, 39.775239230881802 ], [ -86.177565579249503, 39.775240112101422 ], [ -86.177561741889548, 39.775240980134875 ], [ -86.177557888137116, 39.775241683416212 ], [ -86.177554973844764, 39.775242204227574 ], [ -86.177552059600927, 39.775242573724682 ], [ -86.177549143990092, 39.775242916207361 ], [ -86.177546176054122, 39.775243285940654 ], [ -86.177543205481285, 39.775243299016786 ], [ -86.177540254853781, 39.775243641653368 ], [ -86.17753723058884, 39.775243654965706 ], [ -86.177534278691482, 39.775243667959387 ], [ -86.177531288275901, 39.775243681122554 ], [ -86.177528318870259, 39.775243694193179 ], [ -86.177525348297394, 39.775243707268849 ], [ -86.177522375287538, 39.775243390706841 ], [ -86.177518422781091, 39.775243051435787 ], [ -86.177514542841976, 39.775242738865579 ], [ -86.177511570799737, 39.77524239527866 ], [ -86.177508667672058, 39.775241900074356 ], [ -86.177504782762, 39.775241230856977 ], [ -86.177500968850083, 39.775240218168463 ], [ -86.177497191173288, 39.77523937014449 ], [ -86.177494161934973, 39.775238710670749 ], [ -86.17749246887422, 39.775238164205376 ], [ -86.17748915567968, 39.775237146610536 ], [ -86.177485000465055, 39.77523575533737 ], [ -86.177481929339891, 39.775234640304298 ], [ -86.177479386523558, 39.775233621119853 ], [ -86.177477093478842, 39.775232599034695 ], [ -86.177474851530079, 39.775231699216839 ], [ -86.177472749929379, 39.775230678991008 ], [ -86.177470702426945, 39.775229713468427 ], [ -86.177467980830954, 39.775228352812739 ], [ -86.177465577885854, 39.775226990754554 ], [ -86.1774634995121, 39.775225796595372 ], [ -86.177461279847165, 39.775224437333144 ], [ -86.177459174516528, 39.775223070362244 ], [ -86.177457111259088, 39.775221710411572 ], [ -86.177455098138878, 39.775220343034782 ], [ -86.177452867760607, 39.775218639760332 ], [ -86.177443019478716, 39.775200145337585 ], [ -86.177427736017407, 39.775168642015181 ], [ -86.177362237097796, 39.775187817478447 ], [ -86.177353746877174, 39.775170340242894 ], [ -86.177369332558584, 39.775165825011129 ], [ -86.17735878707883, 39.7751445946855 ], [ -86.17733982886017, 39.775150169542577 ], [ -86.177330693936398, 39.775132007924228 ], [ -86.177315600442796, 39.775101877285486 ], [ -86.177332923687544, 39.775096667195726 ], [ -86.177321619900681, 39.77507406756888 ], [ -86.177304757609733, 39.775078945980496 ], [ -86.177281069199367, 39.775031694325378 ], [ -86.177299171828111, 39.775026124142883 ], [ -86.177288736217918, 39.775005223875922 ], [ -86.177268182843875, 39.775011491155922 ], [ -86.177244600691921, 39.774964238124518 ], [ -86.177265011660637, 39.77495797237588 ], [ -86.177254285232479, 39.774936414088252 ], [ -86.177237674015686, 39.774941620133312 ], [ -86.177226045411857, 39.774918337409652 ], [ -86.177169387981266, 39.774935058249348 ], [ -86.177155845399028, 39.774908022703734 ], [ -86.177058860612817, 39.774936917001632 ], [ -86.177071138942239, 39.774961570419528 ], [ -86.177013166286585, 39.774978653635785 ], [ -86.177025661809523, 39.775003635751659 ], [ -86.177006845995592, 39.775009209027552 ], [ -86.177018294696722, 39.775032163816334 ], [ -86.177040872919349, 39.7750255310075 ], [ -86.177052066781329, 39.775047800596454 ], [ -86.176684638935711, 39.775156810940658 ], [ -86.176638202470144, 39.775064032542495 ], [ -86.176765716608955, 39.775026054375338 ], [ -86.176741270175881, 39.774977104558637 ], [ -86.176721994555081, 39.774983008556916 ], [ -86.176751219118117, 39.774637344675192 ], [ -86.176713149216894, 39.774635427817095 ], [ -86.176685467070797, 39.774994150155187 ], [ -86.176614962808188, 39.775015049475655 ], [ -86.176596402562325, 39.774978069902978 ], [ -86.176362457222027, 39.775047399615367 ], [ -86.176450640542456, 39.775224082111663 ], [ -86.176113675143654, 39.775324391386349 ], [ -86.176072881016296, 39.775249075570883 ], [ -86.176062956486632, 39.775252331851696 ], [ -86.175985503360977, 39.775100174284624 ], [ -86.175770295050711, 39.775165398145234 ], [ -86.175771800380105, 39.775347853708404 ], [ -86.175771915857979, 39.775585648547597 ], [ -86.175632595844604, 39.775586259608232 ], [ -86.175504761754368, 39.775581330508594 ], [ -86.175502919275814, 39.775612009392354 ], [ -86.175662108234846, 39.775617700763611 ], [ -86.175672781348069, 39.775617653954299 ], [ -86.175683457095175, 39.775617964701816 ], [ -86.175694134096773, 39.775618604190505 ], [ -86.175704708469937, 39.775619572876025 ], [ -86.175715250454033, 39.775620898371315 ], [ -86.175725722711277, 39.775622582641518 ], [ -86.175740936809476, 39.775625590824511 ], [ -86.175772017589239, 39.775633360644946 ], [ -86.175771241100335, 39.775754842163259 ], [ -86.17577083951484, 39.775821060005832 ], [ -86.175768931950913, 39.776122361530071 ], [ -86.175768519661816, 39.776192038020575 ], [ -86.175767801253699, 39.776306985751305 ], [ -86.175766203127665, 39.776345784079787 ], [ -86.175983825808146, 39.776339667465535 ], [ -86.176191667198424, 39.776333621307089 ], [ -86.176228949502203, 39.776410325118157 ], [ -86.176603984686196, 39.776299553498134 ], [ -86.176583739632576, 39.776258449923148 ], [ -86.176728137293949, 39.776215278163413 ] ], [ [ -86.176181172089699, 39.778234764981548 ], [ -86.176175898716409, 39.777519646076144 ], [ -86.175755117401536, 39.777521492609281 ], [ -86.175365324416035, 39.777523201793706 ], [ -86.175371157749083, 39.778315515418583 ], [ -86.175707410130769, 39.778314041055062 ], [ -86.175757574786019, 39.778313821014912 ], [ -86.175760955203955, 39.778313806186418 ], [ -86.176150325404251, 39.778312097520597 ], [ -86.176170218191942, 39.778351130242235 ], [ -86.176298090962746, 39.778312491727092 ], [ -86.176247981947824, 39.778214211799067 ], [ -86.176181172089699, 39.778234764981548 ] ] ], [ [ [ -85.95233138826579, 39.771637054662847 ], [ -85.952309970653843, 39.770382169459751 ], [ -85.952306955448762, 39.769888133780775 ], [ -85.952309300356816, 39.769824604576954 ], [ -85.952366139544026, 39.769847823014153 ], [ -85.952545118933244, 39.769846834693389 ], [ -85.953188484649914, 39.769834623773285 ], [ -85.953190518554877, 39.770213468894148 ], [ -85.952551594706506, 39.770225586024779 ], [ -85.952582512558706, 39.771653883446014 ], [ -85.952585172712659, 39.771841242496315 ], [ -85.952731189052699, 39.771810245945957 ], [ -85.953746155033187, 39.771510589968891 ], [ -85.954463680001467, 39.77141344139077 ], [ -85.955862967805359, 39.770895248639064 ], [ -85.95586719653663, 39.771174461742056 ], [ -85.955875965787939, 39.771756880439035 ], [ -85.955876800846269, 39.771811948851372 ], [ -85.95588507920327, 39.772361809000387 ], [ -85.955887147207136, 39.772498959019273 ], [ -85.955889559430716, 39.772658950408768 ], [ -85.955894675409112, 39.772997264956608 ], [ -85.955901966939336, 39.773481103765008 ], [ -85.955907340118259, 39.773838444556148 ], [ -85.959171627964778, 39.773673974389077 ], [ -85.959278764273378, 39.773668543414836 ], [ -85.959297568007358, 39.773360538905159 ], [ -85.959388833252746, 39.771919462191278 ], [ -85.961861864396838, 39.77206105932369 ], [ -85.961856218163121, 39.771630283102496 ], [ -85.962493061011614, 39.771603020986348 ], [ -85.962487526734833, 39.770941887458356 ], [ -85.963572604363904, 39.770943893092138 ], [ -85.965576013480032, 39.770947563119364 ], [ -85.966496728342065, 39.770949224234137 ], [ -85.966494942224216, 39.770791758746462 ], [ -85.966486270759063, 39.770022963040731 ], [ -85.966629813226902, 39.770022656099648 ], [ -85.966914994389938, 39.770022017787944 ], [ -85.967194679986491, 39.770023679841145 ], [ -85.967479279794361, 39.770022750727385 ], [ -85.967795115040758, 39.770021711958741 ], [ -85.969430218485556, 39.770019155969131 ], [ -85.970017311355832, 39.770018231868434 ], [ -85.971137335758357, 39.770012474583247 ], [ -85.971187810598735, 39.770004615197855 ], [ -85.971204292938836, 39.771389598859614 ], [ -85.971225133788749, 39.773140712849688 ], [ -85.971256723379526, 39.775794689320783 ], [ -85.971275009700889, 39.777330981504662 ], [ -85.971317752125529, 39.780532129800491 ], [ -85.97134239941893, 39.782377891753619 ], [ -85.9713423633155, 39.78238373457031 ], [ -85.97134226022753, 39.782389741486909 ], [ -85.971342091770822, 39.782395749475768 ], [ -85.971341937315515, 39.782399902924361 ], [ -85.971341585786348, 39.782407281330606 ], [ -85.971341145866248, 39.782414469925094 ], [ -85.971340687842371, 39.782420729964265 ], [ -85.971340181892231, 39.782426710917974 ], [ -85.971339749206194, 39.782431304629611 ], [ -85.971339293644931, 39.78243574078202 ], [ -85.971338889565814, 39.782439409418465 ], [ -85.971338151114395, 39.782445611649521 ], [ -85.971337197832497, 39.782452865540002 ], [ -85.971336374416097, 39.782458596036925 ], [ -85.971335143721348, 39.782466475728711 ], [ -85.971333700621187, 39.782474898188418 ], [ -85.971332519314515, 39.782481270910125 ], [ -85.971331647127982, 39.782485736977961 ], [ -85.971330134955863, 39.782493056283919 ], [ -85.971328027565917, 39.782502527079465 ], [ -85.971326880443442, 39.782507386566195 ], [ -85.971326042219701, 39.782510818562308 ], [ -85.971307917794164, 39.782511438973188 ], [ -85.968957801296199, 39.782524991355949 ], [ -85.967586002134951, 39.782532880565952 ], [ -85.9661950392249, 39.782540863368141 ], [ -85.964971894016486, 39.782547868666214 ], [ -85.962070384804292, 39.782561267269429 ], [ -85.961965589415627, 39.782561750128572 ], [ -85.961858263697309, 39.782565643906182 ], [ -85.960379952112206, 39.782582450018225 ], [ -85.95838872366933, 39.782605056352367 ], [ -85.95720106644886, 39.7826185240637 ], [ -85.954585255283178, 39.782648143723982 ], [ -85.954493419116531, 39.782585360718514 ], [ -85.954223006722074, 39.782587878346341 ], [ -85.954219271230642, 39.78258791372167 ], [ -85.954020197413641, 39.782589766829275 ], [ -85.95399511356915, 39.78259000006377 ], [ -85.953817388091977, 39.782591654957841 ], [ -85.953770955895266, 39.782592086873656 ], [ -85.953614614941984, 39.782593541741882 ], [ -85.953546798201501, 39.782594172349988 ], [ -85.953381633297781, 39.782595709061795 ], [ -85.953322640491578, 39.782596257393358 ], [ -85.953098517790536, 39.782598342818069 ], [ -85.953076031303979, 39.782598558635272 ], [ -85.952874360048398, 39.782600426995693 ], [ -85.952683221739974, 39.782602204198803 ], [ -85.952650201126431, 39.782602511643987 ], [ -85.952552711686351, 39.782603417440221 ], [ -85.952522349954251, 39.782598825795127 ], [ -85.952433168920138, 39.777480077017209 ], [ -85.952419616168172, 39.776702067295282 ], [ -85.95233138826579, 39.771637054662847 ] ] ], [ [ [ -86.257860838345621, 39.809119071024199 ], [ -86.255839193960654, 39.809140523915126 ], [ -86.25567217553052, 39.809154433385025 ], [ -86.255681344484444, 39.809359593947953 ], [ -86.255839669621835, 39.809637428047708 ], [ -86.255837613144266, 39.809637437589068 ], [ -86.255277216090775, 39.809658468975066 ], [ -86.255058359585647, 39.809658549516833 ], [ -86.254876305732168, 39.809650208250588 ], [ -86.254695024306628, 39.809634654713321 ], [ -86.254443562999896, 39.809600583755696 ], [ -86.254301517553031, 39.809574880227629 ], [ -86.254126159948868, 39.809536305268914 ], [ -86.253855557547624, 39.809462180724857 ], [ -86.253595966150442, 39.809387656695243 ], [ -86.253271921012015, 39.809294242127073 ], [ -86.253168017471737, 39.809266970851127 ], [ -86.253026717094173, 39.809237144123486 ], [ -86.252882931098071, 39.809215908674354 ], [ -86.252700990258944, 39.809201042560332 ], [ -86.252177643272404, 39.809202998274962 ], [ -86.251696653772044, 39.809208855942401 ], [ -86.248283231522208, 39.809256556816372 ], [ -86.246745286042596, 39.809269746979474 ], [ -86.245036933819222, 39.809290627594962 ], [ -86.243971405929173, 39.809303826440804 ], [ -86.240689912551971, 39.809346529602038 ], [ -86.240686466515058, 39.808946940288642 ], [ -86.240841245311145, 39.808708997931973 ], [ -86.240024148250427, 39.808719434005702 ], [ -86.23986814296569, 39.808621474943635 ], [ -86.23987151889753, 39.808803261544007 ], [ -86.239862421777218, 39.808803287569255 ], [ -86.239858245212147, 39.806036783789509 ], [ -86.239856080425071, 39.805568387341332 ], [ -86.239851381303765, 39.805236920861887 ], [ -86.237653572117139, 39.805260453363182 ], [ -86.237660099041406, 39.805726770408747 ], [ -86.234991608982369, 39.805750851930156 ], [ -86.234936992678612, 39.80852004558939 ], [ -86.23439995815643, 39.808520958669526 ], [ -86.232749184123662, 39.808521474446827 ], [ -86.232741364207968, 39.80211547301294 ], [ -86.225678097901223, 39.802127762012297 ], [ -86.225667505821534, 39.801533215659859 ], [ -86.225603530415583, 39.798514673724569 ], [ -86.225586153347578, 39.797693926641294 ], [ -86.225544381734096, 39.792238596549304 ], [ -86.225522569916933, 39.787771065597333 ], [ -86.225629812744202, 39.787775161458136 ], [ -86.225712957556709, 39.787773879191015 ], [ -86.225712241531426, 39.787646469509127 ], [ -86.225707105974848, 39.787627733181779 ], [ -86.22565954831137, 39.787454217495402 ], [ -86.225657076252062, 39.787148760848268 ], [ -86.22565658563488, 39.787088137849857 ], [ -86.225666504390006, 39.787088000005028 ], [ -86.225665632630921, 39.787087463798954 ], [ -86.225659441439078, 39.787083980086393 ], [ -86.225658667304003, 39.787083533477563 ], [ -86.225735550465629, 39.7869807392116 ], [ -86.225743761429072, 39.786969809588555 ], [ -86.225749270829539, 39.786962476767513 ], [ -86.22574366921485, 39.786957984164552 ], [ -86.225733082900675, 39.786949493158666 ], [ -86.22572016954885, 39.786936492872059 ], [ -86.225708211301892, 39.786922498140697 ], [ -86.225703243147606, 39.786915495003804 ], [ -86.225694166221842, 39.786900495647977 ], [ -86.225686243858007, 39.78688548982911 ], [ -86.225681942458962, 39.786877493637157 ], [ -86.225677286657316, 39.786861481339429 ], [ -86.22567407493915, 39.786845462085395 ], [ -86.225672204287235, 39.786828535695939 ], [ -86.225671176291513, 39.786820522834965 ], [ -86.225660018440436, 39.785703466921255 ], [ -86.225659310330542, 39.785675544884576 ], [ -86.225654270077527, 39.785564407776342 ], [ -86.22564916965905, 39.785481466606839 ], [ -86.225645257147619, 39.785426445162969 ], [ -86.225636977974531, 39.785343519301883 ], [ -86.225631229341161, 39.785287515056147 ], [ -86.225617145337694, 39.785177412241289 ], [ -86.225605303398737, 39.785094503533998 ], [ -86.225587264131235, 39.784983519085721 ], [ -86.225572156236751, 39.784901526777176 ], [ -86.225561021299868, 39.784846541008648 ], [ -86.225544084198162, 39.784764557503728 ], [ -86.225531119302275, 39.784709489575363 ], [ -86.225511003965579, 39.784627431301224 ], [ -86.225490117776644, 39.784545466801802 ], [ -86.225474947215943, 39.784491490296809 ], [ -86.22545223913734, 39.784410435237028 ], [ -86.225427124745167, 39.784329482725667 ], [ -86.225401143494452, 39.784248443412849 ], [ -86.225302123179944, 39.783959486114462 ], [ -86.225285219375621, 39.783905517921937 ], [ -86.22527700839791, 39.783878442597235 ], [ -86.225270145283318, 39.783851450851657 ], [ -86.225263282174225, 39.783824459105496 ], [ -86.225257190692005, 39.783797463644746 ], [ -86.225252148826584, 39.783769472387974 ], [ -86.225248174933412, 39.78374246673399 ], [ -86.225244193032637, 39.783714470374775 ], [ -86.225240989598817, 39.78368746101193 ], [ -86.225239127177034, 39.783659544518471 ], [ -86.225236982536089, 39.783632530059158 ], [ -86.225211100754635, 39.782027477840714 ], [ -86.225115897633444, 39.781948123476845 ], [ -86.224630679922768, 39.781758671837984 ], [ -86.224829791635244, 39.781457560404604 ], [ -86.225229255267962, 39.780730564312364 ], [ -86.225428212595332, 39.780368467752538 ], [ -86.225419447046875, 39.780359232987855 ], [ -86.225429322573689, 39.780359065651012 ], [ -86.22658263533566, 39.780338751332188 ], [ -86.227022699570142, 39.780349667358877 ], [ -86.227101188373382, 39.780348258884807 ], [ -86.231848664415466, 39.780263124373974 ], [ -86.234262563373477, 39.780220459462086 ], [ -86.234269935690619, 39.778492281282944 ], [ -86.234275413830261, 39.776221452289263 ], [ -86.239048682021917, 39.776168658872855 ], [ -86.23919609280081, 39.776135372303003 ], [ -86.239492265786581, 39.776231588343428 ], [ -86.239910836283087, 39.775822532864311 ], [ -86.239942184264919, 39.775648764474198 ], [ -86.240850697594681, 39.776066202457415 ], [ -86.243474613025356, 39.776177539511544 ], [ -86.243759604299782, 39.776233143679889 ], [ -86.243980788055495, 39.776302276592105 ], [ -86.244998229085596, 39.776612518004683 ], [ -86.245693377332231, 39.776824016324106 ], [ -86.245877120006341, 39.776870911862702 ], [ -86.247595528176703, 39.77719989828028 ], [ -86.247909665690457, 39.777429613680155 ], [ -86.248652754348456, 39.777673957547684 ], [ -86.2493672786985, 39.777908901895515 ], [ -86.249425035289477, 39.777889222137631 ], [ -86.25035206933552, 39.77814761312473 ], [ -86.250359463787674, 39.777936014328084 ], [ -86.250349326950939, 39.77752851926693 ], [ -86.250332585182392, 39.7768554993064 ], [ -86.250326146085015, 39.776580044534413 ], [ -86.250319047419353, 39.776276383882447 ], [ -86.250286227443013, 39.774872415932577 ], [ -86.25025916818629, 39.773494287904988 ], [ -86.250288188808327, 39.773205007604908 ], [ -86.250299673886786, 39.773090529665375 ], [ -86.250243630648143, 39.772444300194756 ], [ -86.248223159597345, 39.772331935527724 ], [ -86.248122788013944, 39.77238047964051 ], [ -86.239014251732058, 39.771877045858275 ], [ -86.238915160519738, 39.771812676702417 ], [ -86.237362894926179, 39.771732431821022 ], [ -86.235813713064175, 39.771652325777168 ], [ -86.235369590972951, 39.771629356830012 ], [ -86.235167215908334, 39.771672213592467 ], [ -86.234291699066546, 39.771633358183408 ], [ -86.233906303073866, 39.771598643389197 ], [ -86.233869484975585, 39.771487983246189 ], [ -86.22876944558557, 39.771645642920312 ], [ -86.228616351249826, 39.766052514697968 ], [ -86.23167382762648, 39.765946250426552 ], [ -86.231771864889893, 39.765974497575662 ], [ -86.234258710710762, 39.76588070459669 ], [ -86.234255553819864, 39.77156789357587 ], [ -86.235179198449629, 39.771615189747159 ], [ -86.235362328155759, 39.771570711476528 ], [ -86.238929442159048, 39.771758386406695 ], [ -86.23901603835958, 39.771817669799411 ], [ -86.247916806179816, 39.772309672517402 ], [ -86.248122288540372, 39.77232111581791 ], [ -86.24821132978019, 39.772273657052153 ], [ -86.250322482575143, 39.772394832099408 ], [ -86.250366495788541, 39.773009944209136 ], [ -86.250362538328446, 39.773177637717062 ], [ -86.250327242290751, 39.773498063475202 ], [ -86.250406656975201, 39.776858214283365 ], [ -86.250418354551755, 39.777319165674534 ], [ -86.250430317436695, 39.777812601279656 ], [ -86.250438212601594, 39.778171624196347 ], [ -86.25064921661793, 39.778230435074796 ], [ -86.250650477355734, 39.778298113634797 ], [ -86.250604657731444, 39.779967461472317 ], [ -86.253253352513795, 39.779917043103957 ], [ -86.256949161000065, 39.779847173670412 ], [ -86.256888860897348, 39.78067586228336 ], [ -86.256984803866146, 39.780778321507533 ], [ -86.256955890800697, 39.780829943076391 ], [ -86.256853032330497, 39.780946109330173 ], [ -86.256702765349431, 39.780999033326374 ], [ -86.256491120410402, 39.781234142477217 ], [ -86.256408009672199, 39.781332365585314 ], [ -86.256361874768203, 39.781444125246921 ], [ -86.256353785718616, 39.781532014622734 ], [ -86.256269556253571, 39.783785613988691 ], [ -86.25635047245018, 39.784940955244934 ], [ -86.269655673019045, 39.7875114618016 ], [ -86.269641191785809, 39.788158044446348 ], [ -86.26965653913868, 39.788909821148891 ], [ -86.269741212071651, 39.789704819300596 ], [ -86.269762832982082, 39.790054039531576 ], [ -86.269729892740187, 39.790662627450253 ], [ -86.269750943015353, 39.791500506479821 ], [ -86.269821603714206, 39.794249509091365 ], [ -86.269882311517733, 39.801987708747419 ], [ -86.270009261312978, 39.801757134240624 ], [ -86.270559284833254, 39.801359300549272 ], [ -86.270763387453229, 39.80121411265327 ], [ -86.270930441724062, 39.801118531793612 ], [ -86.270986359549752, 39.80106470825551 ], [ -86.271196850941521, 39.800931496781814 ], [ -86.271351081784331, 39.800908731194788 ], [ -86.271541323232398, 39.800831902202965 ], [ -86.271680221897157, 39.800785538334928 ], [ -86.27188560348182, 39.800729562355549 ], [ -86.271981560186319, 39.800669353593435 ], [ -86.272120149934366, 39.800638431930395 ], [ -86.272226421510155, 39.800619346966798 ], [ -86.272442267079612, 39.800589738408156 ], [ -86.272623748015292, 39.800573348834284 ], [ -86.272733083928173, 39.800567631390109 ], [ -86.272884951473955, 39.800598750702079 ], [ -86.272989539748139, 39.800565261281676 ], [ -86.273167933539852, 39.800570848972285 ], [ -86.273310158209242, 39.800580400199678 ], [ -86.273416413834298, 39.80059116970331 ], [ -86.273522189676555, 39.80060434190937 ], [ -86.273696994748875, 39.800631909538083 ], [ -86.27380088881209, 39.800652298510308 ], [ -86.274007214789833, 39.800697544855723 ], [ -86.274142557458973, 39.800733897248421 ], [ -86.274275772405417, 39.800774721651763 ], [ -86.274374108105391, 39.800808179141399 ], [ -86.274502885068145, 39.80085657595636 ], [ -86.274719324440994, 39.80093882889939 ], [ -86.274943354310892, 39.801024130050685 ], [ -86.275273939673383, 39.801174029245082 ], [ -86.275276072945545, 39.801497074602999 ], [ -86.275288427490338, 39.801921481962651 ], [ -86.275294635815072, 39.802553218296914 ], [ -86.275325280208207, 39.804296637657004 ], [ -86.275336828664649, 39.804953572619354 ], [ -86.275338072697295, 39.805191460371113 ], [ -86.275353324431393, 39.8055195705156 ], [ -86.275350539401316, 39.805733581873731 ], [ -86.275353754203081, 39.80591645347365 ], [ -86.275359662125581, 39.806252561912977 ], [ -86.275371997023385, 39.806954211735388 ], [ -86.2753879931212, 39.807722971959464 ], [ -86.275406969984829, 39.808544301196413 ], [ -86.275417007008414, 39.80878669105644 ], [ -86.275408051476859, 39.808787010943156 ], [ -86.275282379049159, 39.80879154397168 ], [ -86.275267547710314, 39.80879207209928 ], [ -86.275235961346183, 39.808793228505216 ], [ -86.275048366037097, 39.808799977444792 ], [ -86.274965449953257, 39.808802934937241 ], [ -86.274199081960816, 39.808830461167808 ], [ -86.273848206702212, 39.808837522560694 ], [ -86.273599134802225, 39.808842429228555 ], [ -86.273332146952569, 39.808847428133994 ], [ -86.273083171514372, 39.808852423257107 ], [ -86.272789122617723, 39.808858463908869 ], [ -86.271787155992243, 39.808878466363119 ], [ -86.270192649158147, 39.808909652414151 ], [ -86.270198913671479, 39.809258780143523 ], [ -86.270014413326336, 39.809262953249061 ], [ -86.270024496950882, 39.810744992078028 ], [ -86.269904450435149, 39.810755094005948 ], [ -86.268424904579405, 39.810761188710124 ], [ -86.26505613117871, 39.81081464301031 ], [ -86.263565127993232, 39.810837763810639 ], [ -86.261628732197423, 39.810868299228218 ], [ -86.260608058974455, 39.810884120211774 ], [ -86.260571773058871, 39.809191075361461 ], [ -86.258203173198169, 39.809115434896611 ], [ -86.257860838345621, 39.809119071024199 ] ] ], [ [ [ -86.200635219076233, 39.817453910416404 ], [ -86.200613616694653, 39.817404155866548 ], [ -86.200583360779518, 39.81732646717915 ], [ -86.200549086043821, 39.817221619213989 ], [ -86.200528072480751, 39.817142130771963 ], [ -86.200511077471859, 39.817062130267686 ], [ -86.200498030921437, 39.81698161712481 ], [ -86.200491598467806, 39.816927811783685 ], [ -86.200485347235798, 39.8168468557663 ], [ -86.200483117266558, 39.8167657443446 ], [ -86.200485017471365, 39.816684667960153 ], [ -86.200488479531415, 39.816630653171103 ], [ -86.200493794531909, 39.816576711817554 ], [ -86.200509801897852, 39.816469298835969 ], [ -86.200547227307325, 39.816309682550283 ], [ -86.20068042775759, 39.81584808603386 ], [ -86.200895567616499, 39.815009957344373 ], [ -86.20109484689695, 39.814291432068515 ], [ -86.201332311073045, 39.813513622921825 ], [ -86.201459063162204, 39.813126260495579 ], [ -86.202117003911823, 39.811262104184117 ], [ -86.202191778680344, 39.81105048028396 ], [ -86.202258530805423, 39.810861556979773 ], [ -86.20233565648789, 39.810643275160238 ], [ -86.202384357014381, 39.810505439285606 ], [ -86.202433271058865, 39.810367000752585 ], [ -86.202483617907959, 39.810224507056915 ], [ -86.202564581760598, 39.809995357839419 ], [ -86.203075709769024, 39.809989360959442 ], [ -86.203324858093822, 39.809986425573641 ], [ -86.203538413920256, 39.809983927244453 ], [ -86.204962083627763, 39.809967228513322 ], [ -86.205182685391222, 39.809964640430181 ], [ -86.205492342198056, 39.809961006142757 ], [ -86.205661245930926, 39.809959028286642 ], [ -86.205705896661641, 39.809958504731391 ], [ -86.205926429242012, 39.809955888535448 ], [ -86.206232525535199, 39.809952295840205 ], [ -86.206657886999025, 39.809946665760158 ], [ -86.206658064568245, 39.809955777937141 ], [ -86.206666413875539, 39.810385838956634 ], [ -86.206666596118907, 39.810394951111142 ], [ -86.206669809336105, 39.810556056527432 ], [ -86.206669986909375, 39.810565168703398 ], [ -86.2066730777982, 39.810723473593377 ], [ -86.206673256547489, 39.810732586664273 ], [ -86.20667638153374, 39.810890918411069 ], [ -86.206676560284109, 39.810900031481701 ], [ -86.206679685296919, 39.811058364124364 ], [ -86.206679864041391, 39.811067476294092 ], [ -86.206682729897494, 39.811212686443575 ], [ -86.20668298906665, 39.811225808031395 ], [ -86.206683167833361, 39.811234922902749 ], [ -86.206686238741696, 39.811391112188126 ], [ -86.206686417544731, 39.811400231562416 ], [ -86.206689563392132, 39.811561219275703 ], [ -86.20668974332186, 39.811570333240446 ], [ -86.206692811144379, 39.811725974021662 ], [ -86.206692989963756, 39.81173509519666 ], [ -86.206696135836481, 39.811896081099015 ], [ -86.206696309936348, 39.811905195991017 ], [ -86.206696439331097, 39.811912030589319 ], [ -86.206696618109419, 39.811921146360191 ], [ -86.206701348801332, 39.812161825352035 ], [ -86.206701526406448, 39.812170940227297 ], [ -86.206704787012555, 39.812337477325698 ], [ -86.206704965800768, 39.812346593996516 ], [ -86.206705972007057, 39.81239786727371 ], [ -86.206706150795682, 39.81240698394442 ], [ -86.206708340836258, 39.812518647173199 ], [ -86.206708489261743, 39.812527763985031 ], [ -86.206709098436093, 39.812565312867328 ], [ -86.206709279561494, 39.812574429526919 ], [ -86.206712437214634, 39.81273272954688 ], [ -86.206712619516082, 39.812741847101378 ], [ -86.20671577623952, 39.812900175041825 ], [ -86.206715956206395, 39.812909292606925 ], [ -86.206719023723565, 39.81306487480925 ], [ -86.206719203684486, 39.813073991473438 ], [ -86.2067222700597, 39.813229574577235 ], [ -86.206722452364488, 39.813238692130923 ], [ -86.206725549821101, 39.813393916618161 ], [ -86.206725727476737, 39.813403036895238 ], [ -86.206726750802275, 39.81345559714331 ], [ -86.206727572471337, 39.813497760973682 ], [ -86.206728807376251, 39.813560044789924 ], [ -86.206728984722858, 39.813569125438626 ], [ -86.206734159257948, 39.813834543749138 ], [ -86.206734331507491, 39.813843271357783 ], [ -86.206739643352037, 39.814112199834888 ], [ -86.206739810842791, 39.814120617634174 ], [ -86.206743711425233, 39.814318157320749 ], [ -86.20674234623651, 39.814318170880568 ], [ -86.206694981680499, 39.814318658834615 ], [ -86.206695113823983, 39.81432778382549 ], [ -86.206700714263732, 39.814714634079671 ], [ -86.206700848324346, 39.814723854532197 ], [ -86.20670410052989, 39.814947196055705 ], [ -86.206703443045853, 39.814947203619205 ], [ -86.206708178480099, 39.815236197189272 ], [ -86.206708295399167, 39.815245017822562 ], [ -86.206711817774035, 39.815510182552742 ], [ -86.206711970170147, 39.815519656007339 ], [ -86.206716248727844, 39.815785181076578 ], [ -86.206716386279041, 39.815794548320575 ], [ -86.206719305290434, 39.815993804696397 ], [ -86.206719443919027, 39.816003160226323 ], [ -86.206723733597286, 39.8162957621063 ], [ -86.206723866968588, 39.81630489339301 ], [ -86.206728947894248, 39.816652619867696 ], [ -86.206729080071355, 39.816661747556722 ], [ -86.206734554441624, 39.817036900321753 ], [ -86.206734681949087, 39.817046028031896 ], [ -86.206735841843596, 39.817128558349147 ], [ -86.206740357084911, 39.817423541397304 ], [ -86.20674049623139, 39.81743266364866 ], [ -86.206748087676175, 39.817929043153597 ], [ -86.206748223472033, 39.817937886211638 ], [ -86.20675669392314, 39.818491777535868 ], [ -86.206756823806998, 39.818500312591084 ], [ -86.206764067988061, 39.818974521802126 ], [ -86.206764215932409, 39.818984170001897 ], [ -86.206795598091929, 39.821037537224022 ], [ -86.206795738588582, 39.821046680178739 ], [ -86.206798582336972, 39.821232215905972 ], [ -86.206798721645541, 39.821241356163888 ], [ -86.206805687776495, 39.821698599610436 ], [ -86.206805828227445, 39.821707736259619 ], [ -86.206809250469959, 39.821974456615948 ], [ -86.20575520644627, 39.821986566916515 ], [ -86.205208034919366, 39.821992850257061 ], [ -86.205204035730034, 39.818388415571143 ], [ -86.201155633282383, 39.818426156810773 ], [ -86.200635219076233, 39.817453910416404 ] ] ], [ [ [ -86.168854161353124, 39.836574608050199 ], [ -86.168850640964408, 39.836558363506363 ], [ -86.168847902680369, 39.836542029112714 ], [ -86.16884595250572, 39.836525627360011 ], [ -86.168844784775771, 39.836509182590923 ], [ -86.168844164512478, 39.836488022249632 ], [ -86.168837623305905, 39.835782692271138 ], [ -86.168837909528435, 39.835757987472029 ], [ -86.168839535109626, 39.8357272568011 ], [ -86.168841080383103, 39.835702503319787 ], [ -86.168841533663084, 39.835677797797231 ], [ -86.168837503451954, 39.835277287541651 ], [ -86.168832933100717, 39.834815752930346 ], [ -86.17591256658244, 39.83477209462044 ], [ -86.175923226315717, 39.834168043606233 ], [ -86.175926392932709, 39.834031773725933 ], [ -86.175928032703993, 39.833964324396597 ], [ -86.175928795148366, 39.833933262362784 ], [ -86.175928953619135, 39.833921975377656 ], [ -86.175928441489887, 39.833907679497294 ], [ -86.175928013634632, 39.833897043567859 ], [ -86.175927684404783, 39.833888847119205 ], [ -86.175926927475629, 39.833876679694704 ], [ -86.17592574818579, 39.833864111524903 ], [ -86.175924150269722, 39.833847060759126 ], [ -86.175920602409718, 39.833805946358368 ], [ -86.17591931788688, 39.83376220197465 ], [ -86.175920270493691, 39.83254560839449 ], [ -86.175915087451429, 39.832038321700381 ], [ -86.177571981554735, 39.832026492295917 ], [ -86.177640894085712, 39.832024514460599 ], [ -86.177683563270747, 39.832022784578719 ], [ -86.177726181261107, 39.832020452358584 ], [ -86.177768739891704, 39.832017519637574 ], [ -86.177843020114523, 39.832010937228979 ], [ -86.177885332853222, 39.83200635372031 ], [ -86.177927529027386, 39.832001175367196 ], [ -86.178001051243172, 39.831990680986394 ], [ -86.178074098547285, 39.831978373802919 ], [ -86.178115597374415, 39.831970532472887 ], [ -86.178156902591596, 39.831962104744903 ], [ -86.178228681891667, 39.831945959896608 ], [ -86.178304072654939, 39.83192689621881 ], [ -86.178350044631102, 39.831914188574366 ], [ -86.178399910307888, 39.831899441733697 ], [ -86.178449324350879, 39.83188381600884 ], [ -86.178488514025148, 39.831870691495567 ], [ -86.178537053166167, 39.831853509633071 ], [ -86.178575507021378, 39.831839151717269 ], [ -86.178623085024682, 39.831820442921021 ], [ -86.178670093742753, 39.831800901696752 ], [ -86.178707276647685, 39.831784672350366 ], [ -86.178753200742889, 39.831763651575542 ], [ -86.17878948358252, 39.831746253503532 ], [ -86.178834249744028, 39.831723792232928 ], [ -86.178869569668521, 39.831705257238063 ], [ -86.178913092884343, 39.831681391876252 ], [ -86.178947396409868, 39.831661754422136 ], [ -86.178997901183507, 39.831631965118497 ], [ -86.182780694862615, 39.829281630654705 ], [ -86.182847685200073, 39.829414977649776 ], [ -86.183794103551151, 39.831349370267262 ], [ -86.183918572327684, 39.831604013852562 ], [ -86.183983627250782, 39.831737113869103 ], [ -86.18397909405806, 39.831739535267573 ], [ -86.183971392507701, 39.831743647839986 ], [ -86.183830122667302, 39.831789107585223 ], [ -86.183777432155409, 39.831813801933343 ], [ -86.183704001658171, 39.831841060125512 ], [ -86.183617682819047, 39.831864038975596 ], [ -86.183579551630274, 39.831878757390847 ], [ -86.183540886851674, 39.831893671814761 ], [ -86.18344279168241, 39.831922495205724 ], [ -86.183403563082763, 39.83193809750486 ], [ -86.183392344322158, 39.831942567958727 ], [ -86.183350594206971, 39.831959197425711 ], [ -86.183306572919449, 39.831976743965825 ], [ -86.183200052495309, 39.83201213722667 ], [ -86.183104143831372, 39.832047812798216 ], [ -86.183018462362142, 39.83207968247774 ], [ -86.182827323097413, 39.832141642545295 ], [ -86.18275105766665, 39.832170915835974 ], [ -86.182751078210543, 39.832173660985511 ], [ -86.182633356476074, 39.832216104457466 ], [ -86.182451747586853, 39.83228581771705 ], [ -86.182257780156064, 39.832360279905274 ], [ -86.182062181070251, 39.832435627170369 ], [ -86.181862048619834, 39.832518763412629 ], [ -86.181669268186695, 39.83261875062535 ], [ -86.18147252837845, 39.832703600420402 ], [ -86.181350306379159, 39.832749055483831 ], [ -86.181294276000742, 39.832765527797477 ], [ -86.181281378988629, 39.832769318280612 ], [ -86.181195600748154, 39.83279800227502 ], [ -86.18109695044474, 39.832824437568725 ], [ -86.180947299543774, 39.832901912839816 ], [ -86.180802119618903, 39.832967700831084 ], [ -86.180765675433008, 39.832989329788241 ], [ -86.180685556044224, 39.833036876269951 ], [ -86.180581868128144, 39.833084991844807 ], [ -86.180491627852049, 39.833140818746017 ], [ -86.180396349471309, 39.83318497179183 ], [ -86.180335784922988, 39.833209645401766 ], [ -86.180208015557781, 39.833280187652839 ], [ -86.180038171078422, 39.833357228744852 ], [ -86.180026388327676, 39.833362580422055 ], [ -86.179951858083982, 39.833405268671932 ], [ -86.179913760303933, 39.833419986634468 ], [ -86.179838662246183, 39.83346284304664 ], [ -86.179749005037749, 39.833525583931127 ], [ -86.179654275047241, 39.833581401213479 ], [ -86.17959206185364, 39.833614290425878 ], [ -86.17946819585498, 39.833692610797492 ], [ -86.179399259012015, 39.833731129087091 ], [ -86.179329230419341, 39.833799903845012 ], [ -86.179293941372933, 39.833818947716807 ], [ -86.179107855771434, 39.833910279875525 ], [ -86.178917275619582, 39.833995978078448 ], [ -86.17878554777576, 39.834061346579887 ], [ -86.178748544707005, 39.834070019437945 ], [ -86.178736209507406, 39.834072901985493 ], [ -86.178688555194256, 39.834095540781277 ], [ -86.178630855453036, 39.834136645278441 ], [ -86.178580978321108, 39.834162176881698 ], [ -86.178556298093909, 39.834180788230803 ], [ -86.17847841153079, 39.834246551079488 ], [ -86.178404483813225, 39.834322673025191 ], [ -86.178338316888741, 39.834388905571181 ], [ -86.178338338682067, 39.834391842557892 ], [ -86.178337058069857, 39.834393074917521 ], [ -86.178262746389493, 39.834464568123849 ], [ -86.178202208997462, 39.834521660992515 ], [ -86.178163545845422, 39.834546758384462 ], [ -86.178101920250228, 39.834601277381701 ], [ -86.177922579358338, 39.834733645720384 ], [ -86.17786768459834, 39.834778662591312 ], [ -86.177821743110599, 39.834806783962662 ], [ -86.177765129657587, 39.834859990037202 ], [ -86.17771361483004, 39.834919239632221 ], [ -86.177688114991895, 39.834960845790761 ], [ -86.177663829457728, 39.83500047052658 ], [ -86.177623261551417, 39.835090363970522 ], [ -86.17757689997751, 39.835157853546754 ], [ -86.177520022781181, 39.835291111243762 ], [ -86.177506020197384, 39.835309291664288 ], [ -86.17744337485378, 39.835365570201425 ], [ -86.177399746124664, 39.835422258555795 ], [ -86.177388039953044, 39.835452535648074 ], [ -86.177387811557765, 39.835459081816794 ], [ -86.177382811357376, 39.835602147212981 ], [ -86.177382446017219, 39.835668281358018 ], [ -86.177382027820912, 39.835746522530194 ], [ -86.177387985801431, 39.83589696209394 ], [ -86.177391093587858, 39.835975215661598 ], [ -86.17741632319769, 39.836025753721231 ], [ -86.177420262684052, 39.836033643352103 ], [ -86.177427659047524, 39.836070699443724 ], [ -86.177463009102766, 39.836083637735335 ], [ -86.177467524194213, 39.836092266080875 ], [ -86.17746332474664, 39.836095808888871 ], [ -86.177449051079606, 39.83610785693719 ], [ -86.177413184961154, 39.836121302412728 ], [ -86.17740313644731, 39.836129966954466 ], [ -86.177388592559808, 39.836156797065847 ], [ -86.177390690900864, 39.836159806871329 ], [ -86.177401549830662, 39.836175380272351 ], [ -86.177400448181061, 39.836185323105212 ], [ -86.177400173146239, 39.836185730517762 ], [ -86.177354623977692, 39.836253249742619 ], [ -86.177355238167749, 39.836259672412403 ], [ -86.177356360243579, 39.836271414900196 ], [ -86.177364830071795, 39.836289990843774 ], [ -86.177362042276698, 39.836295792616653 ], [ -86.177333022916031, 39.836356181423525 ], [ -86.177333783158545, 39.836361186697914 ], [ -86.177337552430714, 39.836386001553201 ], [ -86.177349404822763, 39.836414088984966 ], [ -86.177353355297342, 39.836423460169812 ], [ -86.177365425755653, 39.836452122167401 ], [ -86.177364207121286, 39.836508734582956 ], [ -86.177363121168497, 39.836510387587765 ], [ -86.177332375037722, 39.836557218116305 ], [ -86.177321226193982, 39.836595261013748 ], [ -86.177321262921339, 39.836600062318801 ], [ -86.177322056538941, 39.836702486512131 ], [ -86.177322383056563, 39.836746573724788 ], [ -86.177346329571847, 39.836772904754895 ], [ -86.177354191967282, 39.836781546290041 ], [ -86.17735762473238, 39.836802723921224 ], [ -86.177355705145288, 39.836807761707007 ], [ -86.17734312878909, 39.836840780652381 ], [ -86.177342393560451, 39.836848617907833 ], [ -86.177328905066418, 39.836992573565432 ], [ -86.177322897048256, 39.837056535800436 ], [ -86.177322434730755, 39.837057369152895 ], [ -86.177307259860427, 39.837084689289554 ], [ -86.177301705249874, 39.837113648629874 ], [ -86.177302015714858, 39.83711471185407 ], [ -86.177307369449196, 39.837133087155252 ], [ -86.1773101456982, 39.837142600410452 ], [ -86.177312081238526, 39.837221270728989 ], [ -86.177326806442764, 39.837281354387635 ], [ -86.177338655726288, 39.837309001402488 ], [ -86.177335711744476, 39.837314227433218 ], [ -86.177307935790765, 39.837363519913609 ], [ -86.177303486095568, 39.837382975934766 ], [ -86.17730394743819, 39.837384692380468 ], [ -86.177313116884534, 39.837418841413054 ], [ -86.177315992942667, 39.837456026380302 ], [ -86.177328385918727, 39.837484989581483 ], [ -86.177325675563083, 39.837523022349281 ], [ -86.177325013306884, 39.837523992582739 ], [ -86.177299995635835, 39.837560663553781 ], [ -86.177292760539487, 39.837588778255274 ], [ -86.177293394813518, 39.837590655159559 ], [ -86.177309690344373, 39.837638914228158 ], [ -86.177334437150762, 39.837667411444912 ], [ -86.177351368753293, 39.837703271801288 ], [ -86.177356385234503, 39.837712227586273 ], [ -86.177373057766772, 39.83774213115499 ], [ -86.177376308048139, 39.837748128811498 ], [ -86.177435172932789, 39.83781553961763 ], [ -86.177452082124915, 39.837843631788019 ], [ -86.177462752949481, 39.837861373916354 ], [ -86.177460595843527, 39.837869048105844 ], [ -86.177451095499009, 39.837902851506364 ], [ -86.177451058047694, 39.837907731495072 ], [ -86.177450663119387, 39.837959926092744 ], [ -86.17746815550457, 39.837984885868089 ], [ -86.177470350525326, 39.837988006027658 ], [ -86.177528229743828, 39.838032881885759 ], [ -86.177567035088927, 39.83807476863192 ], [ -86.177584122341145, 39.838189307090268 ], [ -86.177595981451688, 39.838218244689138 ], [ -86.177599353399671, 39.838226465554257 ], [ -86.177625254139613, 39.838276150359974 ], [ -86.177652266939532, 39.838312405793125 ], [ -86.177664726683872, 39.838359953058948 ], [ -86.177719459051175, 39.838503836983129 ], [ -86.1777301354971, 39.83853192864435 ], [ -86.177756102372612, 39.838580734974478 ], [ -86.17777478624636, 39.838651176824811 ], [ -86.177812848735144, 39.838794667590555 ], [ -86.177827869197472, 39.838851291299221 ], [ -86.177873032627872, 39.838934217711312 ], [ -86.177896662423464, 39.838970487089142 ], [ -86.177897282217188, 39.838991677992389 ], [ -86.177909695855092, 39.839018472221632 ], [ -86.177913675811737, 39.839046125926018 ], [ -86.177937274715333, 39.839073337406234 ], [ -86.177942229932967, 39.83908377593405 ], [ -86.177950622079749, 39.839101418173861 ], [ -86.177957685829881, 39.839165377748564 ], [ -86.177956147403151, 39.839212520121208 ], [ -86.17797389805645, 39.839277119803967 ], [ -86.178245290012327, 39.839274975861279 ], [ -86.178250810100636, 39.839274932605186 ], [ -86.178300018887342, 39.839274543568784 ], [ -86.178353799640917, 39.839437904719475 ], [ -86.178355206652114, 39.839532085029902 ], [ -86.178360893922601, 39.83991268607484 ], [ -86.178374915328561, 39.840851008163128 ], [ -86.178377237084021, 39.841005610255145 ], [ -86.178396608543707, 39.84220418815945 ], [ -86.178466184399326, 39.843960227110564 ], [ -86.178478649911213, 39.844784296683812 ], [ -86.178478448413287, 39.844788789202909 ], [ -86.178477239508595, 39.844794196741624 ], [ -86.178473611664344, 39.844801926966433 ], [ -86.178467955588005, 39.844808893366263 ], [ -86.17846318471365, 39.844812963816402 ], [ -86.178460580206817, 39.844814843291687 ], [ -86.178460242547018, 39.844814845681995 ], [ -86.177900392402179, 39.844818703053875 ], [ -86.177346812774431, 39.844825976075541 ], [ -86.17625274772098, 39.84483434834717 ], [ -86.175155815869815, 39.844842993066742 ], [ -86.174059602756657, 39.844852176379788 ], [ -86.172770189929309, 39.844862188755805 ], [ -86.171480780198067, 39.844872521834972 ], [ -86.170983234600385, 39.84560219763425 ], [ -86.170888075938848, 39.845710939097224 ], [ -86.170781733054952, 39.845838760193161 ], [ -86.170640679342867, 39.845999136215042 ], [ -86.170501375738823, 39.846160847356948 ], [ -86.170052923010346, 39.846674277072438 ], [ -86.1689236427287, 39.84668153789184 ], [ -86.168435130603115, 39.846642739967301 ], [ -86.166537492276277, 39.846656975841846 ], [ -86.165345261163949, 39.846664788295215 ], [ -86.164332803935253, 39.846672247929781 ], [ -86.164300822602257, 39.846673809980757 ], [ -86.164269058136, 39.846677087765556 ], [ -86.16423767166053, 39.846682064381284 ], [ -86.164210404453115, 39.846687909578534 ], [ -86.164216160815812, 39.846660622575428 ], [ -86.164219943675562, 39.846636092874519 ], [ -86.164222276835275, 39.846611452304344 ], [ -86.164223149015299, 39.846586756754796 ], [ -86.164217510302592, 39.845790240155232 ], [ -86.164183112582876, 39.842684482918735 ], [ -86.164181546618451, 39.842659346574145 ], [ -86.164177989253233, 39.842634795197448 ], [ -86.164172517246925, 39.842610455582495 ], [ -86.164165898316597, 39.842589414630233 ], [ -86.164194781654999, 39.842596129538364 ], [ -86.164226107734137, 39.842601334349553 ], [ -86.164257890792598, 39.842604453045368 ], [ -86.164289540930497, 39.84260566738886 ], [ -86.165302540887609, 39.842597177343841 ], [ -86.166493197333992, 39.84258718812135 ], [ -86.16711952630429, 39.842581926402517 ], [ -86.167731907678316, 39.842576779187659 ], [ -86.168328467474097, 39.84257176290734 ], [ -86.16873271850875, 39.842568362273518 ], [ -86.168771765317018, 39.842565656998609 ], [ -86.168809777845766, 39.842558266407309 ], [ -86.168845819194019, 39.842546372888577 ], [ -86.168878995343562, 39.842530271230409 ], [ -86.168908485471405, 39.842510359481494 ], [ -86.168933561740175, 39.842487128958098 ], [ -86.168953603259467, 39.842461156077057 ], [ -86.16896811462837, 39.842433081559747 ], [ -86.168976736378198, 39.842403600479344 ], [ -86.168979256510852, 39.842373442395761 ], [ -86.168973681458795, 39.842075103016548 ], [ -86.168958027005687, 39.841184749215039 ], [ -86.16893827667549, 39.840019826136547 ], [ -86.168927911382383, 39.839408370948235 ], [ -86.168917493951923, 39.838375624412137 ], [ -86.168907793978676, 39.837481402903343 ], [ -86.168900588682433, 39.836760082741264 ], [ -86.168897539616722, 39.836727228718807 ], [ -86.168891833069594, 39.83669458885096 ], [ -86.168883492133915, 39.836662285528327 ], [ -86.168872678845247, 39.836630750370169 ], [ -86.168863816270729, 39.836607508235311 ], [ -86.168863523290113, 39.836606742133334 ], [ -86.168858454363217, 39.836590743871099 ], [ -86.168854161353124, 39.836574608050199 ] ] ], [ [ [ -85.991185467301619, 39.837783684877067 ], [ -85.99118502153253, 39.837688974980317 ], [ -85.991184407791707, 39.837558576393185 ], [ -85.991168383474189, 39.837428564965464 ], [ -85.991182624748035, 39.837179736782076 ], [ -85.991249912150806, 39.837168019034657 ], [ -85.991273086983384, 39.838319525547575 ], [ -85.991432056263321, 39.838268543903055 ], [ -85.99598511295892, 39.838201480369825 ], [ -85.995989570623081, 39.838811862511335 ], [ -85.995990086531961, 39.838879512359625 ], [ -85.996461055463257, 39.838876553277942 ], [ -85.996845098302998, 39.838874470180869 ], [ -85.997143079689806, 39.838872540930716 ], [ -85.997493102819533, 39.838870462524419 ], [ -85.997707050174199, 39.838869491965042 ], [ -85.9979220524243, 39.838867526358655 ], [ -85.998041075847567, 39.838867546718824 ], [ -85.998304072034784, 39.838865534276074 ], [ -85.998609088520098, 39.83886349108252 ], [ -85.998698072272873, 39.838809547360917 ], [ -85.9988680764707, 39.83870952016661 ], [ -85.999064035244402, 39.838595546203855 ], [ -85.99923510282359, 39.83849650616235 ], [ -85.999483053204287, 39.838352474706255 ], [ -85.999583186054281, 39.838292462911589 ], [ -85.999685076869753, 39.838237490650783 ], [ -85.999773093678343, 39.838185186299114 ], [ -85.999994242093337, 39.838062518993951 ], [ -86.000010070561331, 39.838062519449629 ], [ -86.00007502109429, 39.83806152130407 ], [ -86.000231049723084, 39.838061523133305 ], [ -86.000405091087899, 39.838059491457415 ], [ -86.000456072272812, 39.838059524923651 ], [ -86.000499958563083, 39.838059146460495 ], [ -86.000576092695638, 39.838064504323341 ], [ -86.000678055105226, 39.838093035937945 ], [ -86.000743818647464, 39.838115151738549 ], [ -86.000948747235114, 39.83818422305874 ], [ -86.00109677551697, 39.838234582659808 ], [ -86.001184166854088, 39.838264528455532 ], [ -86.001476762154638, 39.838261709239745 ], [ -86.001508061546645, 39.838272509839456 ], [ -86.001568097165489, 39.838271525943767 ], [ -86.001721128814964, 39.838269462872994 ], [ -86.001789068495484, 39.838268546102753 ], [ -86.001919071677918, 39.838267540028909 ], [ -86.002067091242523, 39.838265490084659 ], [ -86.002154108129687, 39.838263527206735 ], [ -86.002304055833832, 39.838261562352308 ], [ -86.002386065036248, 39.838260514460345 ], [ -86.002630068376476, 39.838257465465219 ], [ -86.002761127955665, 39.838255554716135 ], [ -86.003354958605811, 39.838250499478782 ], [ -86.005377562884348, 39.838232090857062 ], [ -86.005377240295815, 39.838215178971815 ], [ -86.005417275017223, 39.83821415600498 ], [ -86.005367079426932, 39.837682928312269 ], [ -86.005357590388911, 39.837187040297884 ], [ -86.005357021805906, 39.837071289315311 ], [ -86.00550508776756, 39.837040474574017 ], [ -86.005502571439507, 39.836646103488619 ], [ -86.005500087049555, 39.836238489691681 ], [ -86.005498549108168, 39.836056042200376 ], [ -86.008441099719676, 39.836010327594998 ], [ -86.009812453663898, 39.836005169960522 ], [ -86.010138472334603, 39.836004074625905 ], [ -86.010125367816471, 39.835674340208143 ], [ -86.010122657849109, 39.835601720681431 ], [ -86.010106002119926, 39.834585454352478 ], [ -86.01009588998167, 39.833948424782314 ], [ -86.010087769563668, 39.833466147402582 ], [ -86.010332962439648, 39.833453502748881 ], [ -86.011095044105573, 39.833444723750247 ], [ -86.011346300973855, 39.833443977559426 ], [ -86.011999437503945, 39.833422817646216 ], [ -86.012928927591346, 39.833390878956969 ], [ -86.01374115219015, 39.833362715251674 ], [ -86.015809728588906, 39.833356508547212 ], [ -86.016111224611151, 39.8333556008374 ], [ -86.016173351112485, 39.838016848590151 ], [ -86.018939915899537, 39.837998529498826 ], [ -86.019620998083951, 39.837993714174992 ], [ -86.019613405992914, 39.837423754929659 ], [ -86.02333523380004, 39.835639284510705 ], [ -86.02330028655328, 39.833303527889917 ], [ -86.023568833332305, 39.833300642240623 ], [ -86.025017690469454, 39.833289657054323 ], [ -86.025191446583165, 39.833278824642861 ], [ -86.025374392838486, 39.833259386449605 ], [ -86.025618171458049, 39.833211619149957 ], [ -86.025933846225868, 39.83312382438649 ], [ -86.026264051855136, 39.833059317458741 ], [ -86.026368998130721, 39.833051442691044 ], [ -86.026486174251701, 39.83304147096117 ], [ -86.026800893675599, 39.833048043901393 ], [ -86.02767548036158, 39.833052188009745 ], [ -86.027809503357645, 39.833061379276543 ], [ -86.027947754178783, 39.833070557223067 ], [ -86.028289622036183, 39.833076356168718 ], [ -86.029869790476766, 39.833067988534644 ], [ -86.030141964783397, 39.833067136154014 ], [ -86.030363779147407, 39.833043791796655 ], [ -86.030426593161351, 39.833043594868407 ], [ -86.03136427957979, 39.833038593046602 ], [ -86.032721395344979, 39.833050789681359 ], [ -86.032913989442036, 39.833057044984329 ], [ -86.033219811698743, 39.833074952755403 ], [ -86.033365724501408, 39.833112238854383 ], [ -86.033417776987179, 39.833144159885663 ], [ -86.033417286384918, 39.833203699506683 ], [ -86.033366350386515, 39.833229939490685 ], [ -86.032964856761453, 39.833447397174574 ], [ -86.031674953237356, 39.834109979475635 ], [ -86.031760806006289, 39.834194468034468 ], [ -86.033282298647393, 39.833484141686654 ], [ -86.034256184750618, 39.833067213628027 ], [ -86.034560584914416, 39.832943741969487 ], [ -86.035278553833308, 39.832583893278994 ], [ -86.035794239874903, 39.832324527082918 ], [ -86.036554991773855, 39.831957570343377 ], [ -86.037156482757169, 39.831668772405671 ], [ -86.03745038645377, 39.831519589941159 ], [ -86.038611659218702, 39.830937997478813 ], [ -86.040296895927185, 39.830122390267888 ], [ -86.042110064690974, 39.829247664843969 ], [ -86.043391457430317, 39.828630633688263 ], [ -86.044631299748289, 39.828039461354599 ], [ -86.04538023887639, 39.82767533121897 ], [ -86.045873577821041, 39.827466420852723 ], [ -86.045897621112729, 39.829370325856843 ], [ -86.045910135373006, 39.829976984616181 ], [ -86.045914838802631, 39.830275515311108 ], [ -86.045928776625729, 39.831373570103032 ], [ -86.045967247394358, 39.833168838866506 ], [ -86.045979266778261, 39.834413083896287 ], [ -86.045993823633054, 39.835329949457069 ], [ -86.046015000986003, 39.83672172026165 ], [ -86.046033247343587, 39.837894224569943 ], [ -86.046071669592223, 39.840397077822331 ], [ -86.049032200333841, 39.840392162180549 ], [ -86.050214057580334, 39.840391007029822 ], [ -86.051288573822049, 39.840388821336518 ], [ -86.052322430224095, 39.840389850163966 ], [ -86.053379485204587, 39.840387258216701 ], [ -86.05506193617326, 39.840383113087128 ], [ -86.055580248752591, 39.840385374764949 ], [ -86.055594844339652, 39.841855453411256 ], [ -86.055595106290752, 39.84190768334286 ], [ -86.055595238536227, 39.843841978839379 ], [ -86.055595632536665, 39.843894208310424 ], [ -86.055618512479597, 39.845412868373288 ], [ -86.05561934700313, 39.845465094551763 ], [ -86.055640597640391, 39.846721932134336 ], [ -86.055641599277564, 39.846774155038482 ], [ -86.055660496176856, 39.847655592847666 ], [ -86.053977218231097, 39.847661221371133 ], [ -86.052854732427008, 39.847653639427399 ], [ -86.051377830573898, 39.847658546626235 ], [ -86.050905211107946, 39.847660112994696 ], [ -86.050906441621194, 39.847712320767755 ], [ -86.05093833482654, 39.84847947796181 ], [ -86.050939600438909, 39.848531685610823 ], [ -86.050958640174699, 39.851290176011297 ], [ -86.050959640670712, 39.851342394420357 ], [ -86.051007393805094, 39.852862360022705 ], [ -86.05100835931384, 39.85291457853306 ], [ -86.051013210659107, 39.853784387412375 ], [ -86.051928982783778, 39.853781349617549 ], [ -86.05192895811787, 39.853833581306809 ], [ -86.051921225823619, 39.855012700811677 ], [ -86.051921295464226, 39.855054209712357 ], [ -86.049348235070852, 39.855042137277898 ], [ -86.047006224554096, 39.855057485521655 ], [ -86.047017876277337, 39.85598615595768 ], [ -86.047059116415269, 39.857811328724523 ], [ -86.047083614559952, 39.859426405553279 ], [ -86.047104037054254, 39.860302967174349 ], [ -86.047091571632464, 39.860867411799653 ], [ -86.047111397949763, 39.86163589769199 ], [ -86.04715131858849, 39.863220901795934 ], [ -86.047175954493014, 39.864859992943821 ], [ -86.04717692952029, 39.865330375969215 ], [ -86.047192686258725, 39.866216892650591 ], [ -86.04720362682562, 39.867563115614004 ], [ -86.043087407101964, 39.867304806295188 ], [ -86.042815106849261, 39.867330433674518 ], [ -86.042517315462945, 39.867395664295287 ], [ -86.042173416390426, 39.867527462231322 ], [ -86.041146071140574, 39.868048423096319 ], [ -86.039911056519813, 39.868674668363333 ], [ -86.03933245443703, 39.868990446374703 ], [ -86.038988006357286, 39.869257447452135 ], [ -86.038858630221171, 39.869474079489358 ], [ -86.038789950558126, 39.869612747674736 ], [ -86.03875471221113, 39.869713857912394 ], [ -86.038715057183325, 39.869792568306742 ], [ -86.038565971403145, 39.870120757676169 ], [ -86.038532702117536, 39.870258470031288 ], [ -86.038530286509427, 39.870398826893272 ], [ -86.038550649828082, 39.870509943526457 ], [ -86.038727297443316, 39.870945526737309 ], [ -86.039220247156138, 39.872130570106968 ], [ -86.039255004937189, 39.872268063200785 ], [ -86.039268689337476, 39.872379544277869 ], [ -86.039267944842095, 39.872519552579732 ], [ -86.039258043862262, 39.872603315748059 ], [ -86.039233813277576, 39.872713888247908 ], [ -86.039197155980162, 39.872822099476203 ], [ -86.039148402025063, 39.872927605207579 ], [ -86.039070984732859, 39.873054477591161 ], [ -86.038205615120305, 39.874161521998722 ], [ -86.038059077352912, 39.874324302173001 ], [ -86.037915920469047, 39.874453444062389 ], [ -86.037864811418089, 39.874494098890757 ], [ -86.036084281460347, 39.875550863619623 ], [ -86.03595413181425, 39.875646332569936 ], [ -86.035857592647574, 39.875728653650611 ], [ -86.035768314093417, 39.875815411643543 ], [ -86.035648694122543, 39.875953740960334 ], [ -86.03554732250447, 39.876100590059579 ], [ -86.035484693917311, 39.876215401677946 ], [ -86.035435126672184, 39.876326398844171 ], [ -86.033986828149565, 39.876287756246406 ], [ -86.033041027232628, 39.876290747657528 ], [ -86.033040576234498, 39.876205990101617 ], [ -86.027180872390858, 39.876221263943521 ], [ -86.023684002244963, 39.876235167788757 ], [ -86.022838999649423, 39.876244285619485 ], [ -86.02148133706622, 39.876258399139196 ], [ -86.021236966099806, 39.877345570511011 ], [ -86.020947672242301, 39.878586613067618 ], [ -86.020255997136644, 39.878915748330449 ], [ -86.019970101994645, 39.879022998097035 ], [ -86.018353286745409, 39.879442784639728 ], [ -86.017433326423969, 39.879663815314522 ], [ -86.01627023854256, 39.87996381172421 ], [ -86.016270065683557, 39.876903567092533 ], [ -86.016151309676118, 39.876979075673653 ], [ -86.015908400432636, 39.877065253546988 ], [ -86.015740423015657, 39.877041052138509 ], [ -86.014079492081578, 39.876095158705269 ], [ -86.013538388014922, 39.87618943065025 ], [ -86.013237967745027, 39.876286410891275 ], [ -86.013080251515333, 39.876541846284873 ], [ -86.013183321585359, 39.876822238273313 ], [ -86.013602838825449, 39.877036827959813 ], [ -86.013759289697887, 39.877380885436793 ], [ -86.013449090332372, 39.878090769977554 ], [ -86.013042777630133, 39.878499306725097 ], [ -86.010389666629891, 39.879544210211421 ], [ -86.00909648144652, 39.879315721200854 ], [ -86.006180546482582, 39.879006189002787 ], [ -86.005379924832354, 39.878786853383588 ], [ -86.004153121634488, 39.879316827461345 ], [ -86.00376573477304, 39.879475803846745 ], [ -86.003704601741418, 39.879645842622097 ], [ -86.00373981290862, 39.879810110946188 ], [ -86.004002665018405, 39.880084899204405 ], [ -86.004231396894014, 39.880428760958068 ], [ -86.004239443006057, 39.880662081158185 ], [ -86.003972000401703, 39.880848505392912 ], [ -86.003579896596491, 39.880876068784964 ], [ -86.003346053459055, 39.880898023352408 ], [ -86.003140567742761, 39.881094560410887 ], [ -86.002915775604734, 39.881556409952132 ], [ -86.00294602427995, 39.882118408810051 ], [ -86.003238897882994, 39.882519392158649 ], [ -86.004009868078171, 39.882963595105288 ], [ -86.004556333181796, 39.883539530894232 ], [ -86.004861764259729, 39.884079451508676 ], [ -86.004725403180316, 39.884339615336124 ], [ -86.004388789250754, 39.884457268180938 ], [ -86.004044984723905, 39.88451660487511 ], [ -86.003496543266763, 39.884936846165445 ], [ -86.00317533857293, 39.885383192621163 ], [ -86.002660540948966, 39.885660237319954 ], [ -86.002330434082765, 39.885698595987222 ], [ -86.001855270496904, 39.885620358612471 ], [ -86.001559671438415, 39.885690187268004 ], [ -86.001306030016735, 39.885892349531865 ], [ -86.001123915396263, 39.886640263820745 ], [ -86.001201542055, 39.887042901972364 ], [ -86.001411794033572, 39.887821595600983 ], [ -86.00131142395017, 39.888410393118022 ], [ -86.000644316314109, 39.889917729237986 ], [ -85.998910184505178, 39.892723868773956 ], [ -85.998671243960231, 39.89329041324013 ], [ -85.998324665488781, 39.894101932181236 ], [ -85.997653423200859, 39.895387927097161 ], [ -85.997222466287695, 39.896213410278094 ], [ -85.996784036170382, 39.896922582432452 ], [ -85.996216110610632, 39.897757716608758 ], [ -85.995934555180639, 39.898225889454288 ], [ -85.9957681438745, 39.898468285369518 ], [ -85.994612141054219, 39.899943684107114 ], [ -85.99442558415285, 39.899852246608155 ], [ -85.994274599469492, 39.899745953661053 ], [ -85.994110449462454, 39.899599890180625 ], [ -85.993914784646222, 39.89936092192842 ], [ -85.993461670823123, 39.898772321099194 ], [ -85.993327994234107, 39.898639211310062 ], [ -85.993130587701017, 39.898490152605611 ], [ -85.993033517893068, 39.898431059500261 ], [ -85.992817332498007, 39.898326319803203 ], [ -85.99258332778318, 39.898244964165421 ], [ -85.992337132666535, 39.898188693337644 ], [ -85.992083380427914, 39.898158865051926 ], [ -85.991936946232471, 39.898153784510143 ], [ -85.990574485617657, 39.898164804065793 ], [ -85.989460175008929, 39.898175118083991 ], [ -85.985659480070154, 39.89820793863386 ], [ -85.982129586447087, 39.898225143645654 ], [ -85.976149763358634, 39.898253265991265 ], [ -85.976142803286891, 39.901076059034907 ], [ -85.976101835812585, 39.901241911086032 ], [ -85.976035984434773, 39.901373171086355 ], [ -85.975921626367736, 39.901517257957636 ], [ -85.975825883921928, 39.901602614186757 ], [ -85.975628949900951, 39.901725644509213 ], [ -85.975435312351905, 39.901801654710304 ], [ -85.975226282566837, 39.901848192616306 ], [ -85.974863241956314, 39.90186563021954 ], [ -85.973142782263935, 39.90189283688543 ], [ -85.972480001912984, 39.901898018075443 ], [ -85.967221037314488, 39.901929267650033 ], [ -85.962843217691031, 39.901953913875069 ], [ -85.962504794913698, 39.901959581826496 ], [ -85.96124975897952, 39.90206572245193 ], [ -85.959999121416445, 39.902198604281494 ], [ -85.95864182431211, 39.902370518366126 ], [ -85.957164674682886, 39.902544087665447 ], [ -85.957145515621065, 39.905682952372331 ], [ -85.95713756940188, 39.907006169044124 ], [ -85.957139042995777, 39.910335428236493 ], [ -85.957137583570955, 39.912825000705759 ], [ -85.95445291334336, 39.912864293896085 ], [ -85.951333523981972, 39.912912828567514 ], [ -85.949373547981679, 39.912943016696559 ], [ -85.94541423995588, 39.912996867395009 ], [ -85.938284824746944, 39.913027512906901 ], [ -85.938086554285917, 39.869817752942119 ], [ -85.954109129758379, 39.869645666563315 ], [ -85.953740348074462, 39.857561003780418 ], [ -85.953650315781672, 39.841475110330904 ], [ -85.991246647707456, 39.840993052946764 ], [ -85.991201380738786, 39.837902028389365 ], [ -85.991185467301619, 39.837783684877067 ] ] ] ] } },
{ "type": "Feature", "properties": { "DISTRICT": "North", "OBJECTID": 3, "JURISDCTN": "IMPD", "POLICEZONE": "ND70", "SHAPE.STArea()": 627461833.06604183, "SHAPE.STLength()": 170676.18897615033, "TOTAL": 219197.11685065742, "WHITE": 120763.82279151039, "BLACK": 65620.202251116221, "AMERICAN_INDIAN": 75.05427527803289, "ASIAN": 5127.8139520989998, "PACIFIC_ISLANDER": 14.031936674793233, "OTHER": 1867.8197992328753, "TWO_OR_MORE": 8930.2474899449426, "HISPANIC": 16798.124354801144, "WHITE_PCT": 0.551, "BLACK_PCT": 0.299, "AMERICAN_INDIAN_PCT": 0.0, "ASIAN_PCT": 0.023, "PACIFIC_ISLANDER_PCT": 0.0, "OTHER_PCT": 0.009, "TWO_OR_MORE_PCT": 0.041, "HISPANIC_PCT": 0.077 }, "geometry": { "type": "Polygon", "coordinates": [ [ [ -86.159045857805111, 39.810126653390206 ], [ -86.159067971667554, 39.810126256022656 ], [ -86.160234868345484, 39.810132916087042 ], [ -86.16081395686335, 39.810132368925153 ], [ -86.161417385452395, 39.810131795252886 ], [ -86.162644697972127, 39.810130399747024 ], [ -86.163001639241713, 39.81012996148818 ], [ -86.163817586837496, 39.81011901711976 ], [ -86.164434388387988, 39.810117490501128 ], [ -86.164841495512007, 39.810116391838221 ], [ -86.165818533077911, 39.810114649076091 ], [ -86.166374238941913, 39.810115590606706 ], [ -86.167002540818345, 39.810103201733995 ], [ -86.167025860107643, 39.810127486911419 ], [ -86.167036665026444, 39.810127486252313 ], [ -86.167083636648002, 39.81018300294658 ], [ -86.167123852820623, 39.810230533665468 ], [ -86.167237151272516, 39.810364438926044 ], [ -86.167237605961972, 39.810364976467845 ], [ -86.16723807611244, 39.810365391451356 ], [ -86.167339020710386, 39.810454441429329 ], [ -86.167493979472582, 39.810575926514083 ], [ -86.167835861545129, 39.810843953429334 ], [ -86.167861141308776, 39.810863771634388 ], [ -86.167915455990325, 39.810899448658333 ], [ -86.168050907318815, 39.810988419187773 ], [ -86.168175055012199, 39.811069964626896 ], [ -86.168241862013147, 39.811103785254993 ], [ -86.168534456667118, 39.811251907544708 ], [ -86.168912201381261, 39.811431091341625 ], [ -86.168937181922686, 39.811442940547686 ], [ -86.168965035220936, 39.81145203296122 ], [ -86.169686629447881, 39.811687599760376 ], [ -86.170722714984436, 39.811866765171942 ], [ -86.170745161897557, 39.811870646831473 ], [ -86.170769646636245, 39.811870674660121 ], [ -86.174562242225605, 39.811874990782343 ], [ -86.174562434928575, 39.811875467295494 ], [ -86.174811971383932, 39.812493210886153 ], [ -86.17509304412755, 39.813036885763374 ], [ -86.175003109509007, 39.813108444660344 ], [ -86.175160857645878, 39.813179638846094 ], [ -86.176636834039911, 39.816409174548106 ], [ -86.177152736334065, 39.817461945092013 ], [ -86.178923578767595, 39.821177584724417 ], [ -86.17915313479277, 39.821651482391779 ], [ -86.179679989548774, 39.822741396243678 ], [ -86.179680283906677, 39.822742025411912 ], [ -86.180492176562538, 39.824479803478752 ], [ -86.18063076135526, 39.824592558890409 ], [ -86.180704990874645, 39.824736246402608 ], [ -86.181079055772571, 39.8254607065494 ], [ -86.181463740423979, 39.826265071689839 ], [ -86.181923337815704, 39.827229014084651 ], [ -86.182371988826148, 39.828163148614927 ], [ -86.182801656687033, 39.829056873363051 ], [ -86.182883016876247, 39.829218051968141 ], [ -86.182929041309336, 39.829189453554584 ], [ -86.182964148185988, 39.829259190227368 ], [ -86.183097243422679, 39.8295351260766 ], [ -86.183319791938374, 39.829996157314696 ], [ -86.183407608159172, 39.830177064766623 ], [ -86.183509161052442, 39.83038627124435 ], [ -86.183596436031991, 39.830566060517171 ], [ -86.183687227147658, 39.830753094347962 ], [ -86.183780936432157, 39.830946138773307 ], [ -86.183840474096243, 39.831068786887798 ], [ -86.183905137814932, 39.83120199498476 ], [ -86.183929137900421, 39.831251435625894 ], [ -86.183984979862231, 39.831363022799394 ], [ -86.18406453468252, 39.831521996506638 ], [ -86.184177275216811, 39.831747280740949 ], [ -86.184181817585127, 39.831756357242277 ], [ -86.18417079075796, 39.831782034982886 ], [ -86.184269362601285, 39.831974144905992 ], [ -86.185070700121301, 39.833583543517541 ], [ -86.186192725741421, 39.835940725545925 ], [ -86.187697117926618, 39.839097265036862 ], [ -86.189143907718432, 39.842081016068498 ], [ -86.190311741737943, 39.844507252513239 ], [ -86.191580126558435, 39.847103832603509 ], [ -86.192949431449762, 39.849925393637797 ], [ -86.194815991955636, 39.853738216729276 ], [ -86.195639893863998, 39.855471190358408 ], [ -86.196557351847503, 39.857394315498027 ], [ -86.198160245891856, 39.860674048555801 ], [ -86.20026867122769, 39.865020011412291 ], [ -86.201273845074098, 39.86709257057484 ], [ -86.201747731492176, 39.868066558932512 ], [ -86.202306261892559, 39.869207845224338 ], [ -86.202875397295685, 39.870369980329798 ], [ -86.203427962232311, 39.871522983380068 ], [ -86.203981832298012, 39.87268160843 ], [ -86.204571623086025, 39.873913189681346 ], [ -86.206048472145326, 39.876996370257331 ], [ -86.207016479979728, 39.879013770308688 ], [ -86.208466466101967, 39.882040282431497 ], [ -86.209795050049607, 39.884774871621325 ], [ -86.2112420249141, 39.88775672203294 ], [ -86.212238821665196, 39.889834623630669 ], [ -86.212634055443601, 39.890655297602564 ], [ -86.213290262794615, 39.89202618448126 ], [ -86.215041170350474, 39.895668017577563 ], [ -86.215763688977972, 39.897143579702885 ], [ -86.217583063247659, 39.900942895814673 ], [ -86.219743079713695, 39.905452251289226 ], [ -86.221647051949788, 39.909402422126597 ], [ -86.22179626969303, 39.909871823614395 ], [ -86.222651351866745, 39.911654509522108 ], [ -86.223537422492953, 39.913496061460847 ], [ -86.224418708260217, 39.915332138566527 ], [ -86.226296782799182, 39.919277203459437 ], [ -86.226943064752376, 39.920627121003989 ], [ -86.227749319422088, 39.922305340841035 ], [ -86.228019479840967, 39.922867827605103 ], [ -86.228388363016762, 39.92362131365789 ], [ -86.229619770370036, 39.926156703577597 ], [ -86.203095656230715, 39.926630402248954 ], [ -86.195322772839518, 39.92671071171501 ], [ -86.188179319946684, 39.926777376300137 ], [ -86.183975240537663, 39.926807356456358 ], [ -86.17717870197967, 39.92685550127127 ], [ -86.175544250341176, 39.926870921651577 ], [ -86.174460797329829, 39.92688596522823 ], [ -86.173601810705009, 39.926900704722208 ], [ -86.170137075443392, 39.926894183388953 ], [ -86.165082285034387, 39.926910187452499 ], [ -86.157934807084715, 39.926997997027435 ], [ -86.146133603412366, 39.927177451870172 ], [ -86.145876491388165, 39.927174610435813 ], [ -86.137072360718065, 39.927076963257292 ], [ -86.132054440898642, 39.92707044659371 ], [ -86.126822844726746, 39.927019608291445 ], [ -86.126822563858056, 39.926877888436628 ], [ -86.106688925447415, 39.926910746428291 ], [ -86.099320860840621, 39.926885629363319 ], [ -86.076101381622081, 39.926952100417786 ], [ -86.069556746461956, 39.926971938165117 ], [ -86.057873030614431, 39.927007484783168 ], [ -86.05066933569465, 39.927034997132019 ], [ -86.041593040871305, 39.927050288268411 ], [ -86.034958869740024, 39.927063658518691 ], [ -86.031049909535739, 39.927095911347223 ], [ -86.029621909323353, 39.927117892640339 ], [ -86.029510106970321, 39.927118356940198 ], [ -86.013744458378724, 39.927347001625435 ], [ -86.013692575147147, 39.927189992913561 ], [ -85.996921306391201, 39.927019358570085 ], [ -85.991653484863932, 39.927030124150647 ], [ -85.97753603847103, 39.927142611426291 ], [ -85.969504809034419, 39.927203326831098 ], [ -85.961880169228806, 39.927252845059598 ], [ -85.957465138329951, 39.927278757263629 ], [ -85.952902031764324, 39.927321680500569 ], [ -85.948427264981134, 39.927360436670206 ], [ -85.945294067683591, 39.927409529303937 ], [ -85.938049756556609, 39.927519017707887 ], [ -85.93805000613456, 39.926975465436641 ], [ -85.938050654811548, 39.926744523066212 ], [ -85.938052223672642, 39.925547607370987 ], [ -85.938110632651629, 39.913024490168539 ], [ -85.938284824746944, 39.913027512906901 ], [ -85.94541423995588, 39.912996867395009 ], [ -85.949373547981679, 39.912943016696559 ], [ -85.951333523981972, 39.912912828567514 ], [ -85.95445291334336, 39.912864293896085 ], [ -85.957137583570955, 39.912825000705759 ], [ -85.957139042995777, 39.910335428236493 ], [ -85.95713756940188, 39.907006169044124 ], [ -85.957145515621065, 39.905682952372331 ], [ -85.957164674682886, 39.902544087665447 ], [ -85.95864182431211, 39.902370518366126 ], [ -85.959999121416445, 39.902198604281494 ], [ -85.96124975897952, 39.90206572245193 ], [ -85.962504794913698, 39.901959581826496 ], [ -85.962843217691031, 39.901953913875069 ], [ -85.967221037314488, 39.901929267650033 ], [ -85.972480001912984, 39.901898018075443 ], [ -85.973142782263935, 39.90189283688543 ], [ -85.974863241956314, 39.90186563021954 ], [ -85.975226282566837, 39.901848192616306 ], [ -85.975435312351905, 39.901801654710304 ], [ -85.975628949900951, 39.901725644509213 ], [ -85.975825883921928, 39.901602614186757 ], [ -85.975921626367736, 39.901517257957636 ], [ -85.976035984434773, 39.901373171086355 ], [ -85.976101835812585, 39.901241911086032 ], [ -85.976142803286891, 39.901076059034907 ], [ -85.976149763358634, 39.898253265991265 ], [ -85.982129586447087, 39.898225143645654 ], [ -85.985659480070154, 39.89820793863386 ], [ -85.989460175008929, 39.898175118083991 ], [ -85.990574485617657, 39.898164804065793 ], [ -85.991936946232471, 39.898153784510143 ], [ -85.992083380427914, 39.898158865051926 ], [ -85.992337132666535, 39.898188693337644 ], [ -85.99258332778318, 39.898244964165421 ], [ -85.992817332498007, 39.898326319803203 ], [ -85.993033517893068, 39.898431059500261 ], [ -85.993130587701017, 39.898490152605611 ], [ -85.993327994234107, 39.898639211310062 ], [ -85.993461670823123, 39.898772321099194 ], [ -85.993914784646222, 39.89936092192842 ], [ -85.994110449462454, 39.899599890180625 ], [ -85.994274599469492, 39.899745953661053 ], [ -85.99442558415285, 39.899852246608155 ], [ -85.994612141054219, 39.899943684107114 ], [ -85.9957681438745, 39.898468285369518 ], [ -85.995934555180639, 39.898225889454288 ], [ -85.996216110610632, 39.897757716608758 ], [ -85.996784036170382, 39.896922582432452 ], [ -85.997222466287695, 39.896213410278094 ], [ -85.997653423200859, 39.895387927097161 ], [ -85.998324665488781, 39.894101932181236 ], [ -85.998671243960231, 39.89329041324013 ], [ -85.998910184505178, 39.892723868773956 ], [ -86.000644316314109, 39.889917729237986 ], [ -86.00131142395017, 39.888410393118022 ], [ -86.001411794033572, 39.887821595600983 ], [ -86.001201542055, 39.887042901972364 ], [ -86.001123915396263, 39.886640263820745 ], [ -86.001306030016735, 39.885892349531865 ], [ -86.001559671438415, 39.885690187268004 ], [ -86.001855270496904, 39.885620358612471 ], [ -86.002330434082765, 39.885698595987222 ], [ -86.002660540948966, 39.885660237319954 ], [ -86.00317533857293, 39.885383192621163 ], [ -86.003496543266763, 39.884936846165445 ], [ -86.004044984723905, 39.88451660487511 ], [ -86.004388789250754, 39.884457268180938 ], [ -86.004725403180316, 39.884339615336124 ], [ -86.004861764259729, 39.884079451508676 ], [ -86.004556333181796, 39.883539530894232 ], [ -86.004009868078171, 39.882963595105288 ], [ -86.003238897882994, 39.882519392158649 ], [ -86.00294602427995, 39.882118408810051 ], [ -86.002915775604734, 39.881556409952132 ], [ -86.003140567742761, 39.881094560410887 ], [ -86.003346053459055, 39.880898023352408 ], [ -86.003579896596491, 39.880876068784964 ], [ -86.003972000401703, 39.880848505392912 ], [ -86.004239443006057, 39.880662081158185 ], [ -86.004231396894014, 39.880428760958068 ], [ -86.004002665018405, 39.880084899204405 ], [ -86.00373981290862, 39.879810110946188 ], [ -86.003704601741418, 39.879645842622097 ], [ -86.00376573477304, 39.879475803846745 ], [ -86.004153121634488, 39.879316827461345 ], [ -86.005379924832354, 39.878786853383588 ], [ -86.006180546482582, 39.879006189002787 ], [ -86.00909648144652, 39.879315721200854 ], [ -86.010389666629891, 39.879544210211421 ], [ -86.013042777630133, 39.878499306725097 ], [ -86.013449090332372, 39.878090769977554 ], [ -86.013759289697887, 39.877380885436793 ], [ -86.013602838825449, 39.877036827959813 ], [ -86.013183321585359, 39.876822238273313 ], [ -86.013080251515333, 39.876541846284873 ], [ -86.013237967745027, 39.876286410891275 ], [ -86.013538388014922, 39.87618943065025 ], [ -86.014079492081578, 39.876095158705269 ], [ -86.015740423015657, 39.877041052138509 ], [ -86.015908400432636, 39.877065253546988 ], [ -86.016151309676118, 39.876979075673653 ], [ -86.016270065683557, 39.876903567092533 ], [ -86.01627023854256, 39.87996381172421 ], [ -86.017433326423969, 39.879663815314522 ], [ -86.018353286745409, 39.879442784639728 ], [ -86.019970101994645, 39.879022998097035 ], [ -86.020255997136644, 39.878915748330449 ], [ -86.020947672242301, 39.878586613067618 ], [ -86.021236966099806, 39.877345570511011 ], [ -86.02148133706622, 39.876258399139196 ], [ -86.022838999649423, 39.876244285619485 ], [ -86.023684002244963, 39.876235167788757 ], [ -86.027180872390858, 39.876221263943521 ], [ -86.033040576234498, 39.876205990101617 ], [ -86.033041027232628, 39.876290747657528 ], [ -86.033986828149565, 39.876287756246406 ], [ -86.035435126672184, 39.876326398844171 ], [ -86.035484693917311, 39.876215401677946 ], [ -86.03554732250447, 39.876100590059579 ], [ -86.035648694122543, 39.875953740960334 ], [ -86.035768314093417, 39.875815411643543 ], [ -86.035857592647574, 39.875728653650611 ], [ -86.03595413181425, 39.875646332569936 ], [ -86.036084281460347, 39.875550863619623 ], [ -86.037864811418089, 39.874494098890757 ], [ -86.037915920469047, 39.874453444062389 ], [ -86.038059077352912, 39.874324302173001 ], [ -86.038205615120305, 39.874161521998722 ], [ -86.039070984732859, 39.873054477591161 ], [ -86.039148402025063, 39.872927605207579 ], [ -86.039197155980162, 39.872822099476203 ], [ -86.039233813277576, 39.872713888247908 ], [ -86.039258043862262, 39.872603315748059 ], [ -86.039267944842095, 39.872519552579732 ], [ -86.039268689337476, 39.872379544277869 ], [ -86.039255004937189, 39.872268063200785 ], [ -86.039220247156138, 39.872130570106968 ], [ -86.038727297443316, 39.870945526737309 ], [ -86.038550649828082, 39.870509943526457 ], [ -86.038530286509427, 39.870398826893272 ], [ -86.038532702117536, 39.870258470031288 ], [ -86.038565971403145, 39.870120757676169 ], [ -86.038715057183325, 39.869792568306742 ], [ -86.03875471221113, 39.869713857912394 ], [ -86.038789950558126, 39.869612747674736 ], [ -86.038858630221171, 39.869474079489358 ], [ -86.038988006357286, 39.869257447452135 ], [ -86.03933245443703, 39.868990446374703 ], [ -86.039911056519813, 39.868674668363333 ], [ -86.041146071140574, 39.868048423096319 ], [ -86.042173416390426, 39.867527462231322 ], [ -86.042517315462945, 39.867395664295287 ], [ -86.042815106849261, 39.867330433674518 ], [ -86.043087407101964, 39.867304806295188 ], [ -86.04720362682562, 39.867563115614004 ], [ -86.047192686258725, 39.866216892650591 ], [ -86.04717692952029, 39.865330375969215 ], [ -86.047175954493014, 39.864859992943821 ], [ -86.04715131858849, 39.863220901795934 ], [ -86.047111397949763, 39.86163589769199 ], [ -86.047091571632464, 39.860867411799653 ], [ -86.047104037054254, 39.860302967174349 ], [ -86.047083614559952, 39.859426405553279 ], [ -86.047059116415269, 39.857811328724523 ], [ -86.047017876277337, 39.85598615595768 ], [ -86.047006224554096, 39.855057485521655 ], [ -86.049348235070852, 39.855042137277898 ], [ -86.051921295464226, 39.855054209712357 ], [ -86.051921225823619, 39.855012700811677 ], [ -86.05192895811787, 39.853833581306809 ], [ -86.051928982783778, 39.853781349617549 ], [ -86.051013210659107, 39.853784387412375 ], [ -86.05100835931384, 39.85291457853306 ], [ -86.051007393805094, 39.852862360022705 ], [ -86.050959640670712, 39.851342394420357 ], [ -86.050958640174699, 39.851290176011297 ], [ -86.050939600438909, 39.848531685610823 ], [ -86.05093833482654, 39.84847947796181 ], [ -86.050906441621194, 39.847712320767755 ], [ -86.050905211107946, 39.847660112994696 ], [ -86.051377830573898, 39.847658546626235 ], [ -86.052854732427008, 39.847653639427399 ], [ -86.053977218231097, 39.847661221371133 ], [ -86.055660496176856, 39.847655592847666 ], [ -86.055641599277564, 39.846774155038482 ], [ -86.055640597640391, 39.846721932134336 ], [ -86.05561934700313, 39.845465094551763 ], [ -86.055618512479597, 39.845412868373288 ], [ -86.055595632536665, 39.843894208310424 ], [ -86.055595238536227, 39.843841978839379 ], [ -86.055595106290752, 39.84190768334286 ], [ -86.055594844339652, 39.841855453411256 ], [ -86.055580248752591, 39.840385374764949 ], [ -86.05506193617326, 39.840383113087128 ], [ -86.053379485204587, 39.840387258216701 ], [ -86.052322430224095, 39.840389850163966 ], [ -86.051288573822049, 39.840388821336518 ], [ -86.050214057580334, 39.840391007029822 ], [ -86.049032200333841, 39.840392162180549 ], [ -86.046071669592223, 39.840397077822331 ], [ -86.046033247343587, 39.837894224569943 ], [ -86.046015000986003, 39.83672172026165 ], [ -86.045993823633054, 39.835329949457069 ], [ -86.045979266778261, 39.834413083896287 ], [ -86.045967247394358, 39.833168838866506 ], [ -86.045928776625729, 39.831373570103032 ], [ -86.045914838802631, 39.830275515311108 ], [ -86.045910135373006, 39.829976984616181 ], [ -86.045897621112729, 39.829370325856843 ], [ -86.045873577821041, 39.827466420852723 ], [ -86.045867403268204, 39.827331757936854 ], [ -86.046135817789278, 39.827201815656124 ], [ -86.046471436643458, 39.827039000661713 ], [ -86.047107773909417, 39.826730295970627 ], [ -86.048322698858186, 39.826140885178084 ], [ -86.048665757450991, 39.825974447461945 ], [ -86.048885424455833, 39.825876403532916 ], [ -86.049178572038912, 39.825734916147105 ], [ -86.049718136905895, 39.825477822981128 ], [ -86.050602125503971, 39.825056607573792 ], [ -86.051487882234596, 39.824634539223375 ], [ -86.051822228289794, 39.824475879453225 ], [ -86.052162398925361, 39.824313818235964 ], [ -86.05261488278353, 39.824098248121764 ], [ -86.054440149716655, 39.823228626699716 ], [ -86.055265064078995, 39.822835593071531 ], [ -86.056171534729941, 39.822403068063075 ], [ -86.057486382967738, 39.821775661196774 ], [ -86.058671522469652, 39.821210126192625 ], [ -86.060365676490903, 39.820401657858767 ], [ -86.061623843103462, 39.819801401234322 ], [ -86.061924094412291, 39.819658149714321 ], [ -86.062366504165624, 39.819447509699032 ], [ -86.063541010126997, 39.818885303514953 ], [ -86.064710875794376, 39.818326638283509 ], [ -86.065621569443593, 39.81802157651628 ], [ -86.066040962622679, 39.817881428041666 ], [ -86.066895394756429, 39.817595896398529 ], [ -86.067496575385391, 39.817394990035226 ], [ -86.068169107535894, 39.817170039655757 ], [ -86.068951779203744, 39.816908242456485 ], [ -86.0692452557563, 39.816809494178585 ], [ -86.069862684801549, 39.816605095708177 ], [ -86.070896659803054, 39.816262791312298 ], [ -86.071112750898934, 39.816192210781232 ], [ -86.071769540996982, 39.815973582002563 ], [ -86.072939004076034, 39.815590596376772 ], [ -86.074113680433271, 39.815204603021385 ], [ -86.074416028246404, 39.815107875753228 ], [ -86.074718072861813, 39.81500979054568 ], [ -86.074818934333507, 39.814978390439471 ], [ -86.074885908734132, 39.814956955648242 ], [ -86.075019196245265, 39.814912882273511 ], [ -86.075151581857284, 39.814867215925069 ], [ -86.075250256905747, 39.814831929524033 ], [ -86.075315741808623, 39.814807912090963 ], [ -86.075413508656979, 39.814771152543656 ], [ -86.075478375668382, 39.814746159062572 ], [ -86.075542986886731, 39.814720776454415 ], [ -86.075735263724169, 39.814642317366861 ], [ -86.075829350357438, 39.814600303297212 ], [ -86.076517140748223, 39.814287466428254 ], [ -86.076666567662301, 39.814216449907434 ], [ -86.076790245854497, 39.814154193203088 ], [ -86.076975448102942, 39.814060437484457 ], [ -86.077128699386265, 39.813981046779489 ], [ -86.077319858775823, 39.81388011987913 ], [ -86.078123934075364, 39.813455585277872 ], [ -86.078588698173078, 39.813213832538374 ], [ -86.078817787155472, 39.813094598288146 ], [ -86.080395877431258, 39.812268477106549 ], [ -86.08160918245305, 39.811633290133202 ], [ -86.082207309278644, 39.811320151028426 ], [ -86.082432740799192, 39.811216422438996 ], [ -86.082627587548217, 39.811145245376203 ], [ -86.08276512059615, 39.811101333413319 ], [ -86.082921283142554, 39.811053722935746 ], [ -86.083240986101714, 39.810979389441549 ], [ -86.083365102189205, 39.810959684646505 ], [ -86.083508804178962, 39.810946703152553 ], [ -86.083490801173483, 39.810022543503685 ], [ -86.083496763385639, 39.809737773570802 ], [ -86.083620611781413, 39.809774080663949 ], [ -86.083754143160675, 39.809813328650719 ], [ -86.08388717619799, 39.809853571720055 ], [ -86.084019699198251, 39.809894806313054 ], [ -86.084151696957434, 39.80993702798277 ], [ -86.084283160115831, 39.80998023316193 ], [ -86.084414073469176, 39.810024417403682 ], [ -86.084544426489757, 39.810069577145072 ], [ -86.084674207476567, 39.810115707926762 ], [ -86.084803403571513, 39.810162807094876 ], [ -86.08489990954773, 39.810198761006824 ], [ -86.08502805222659, 39.810247540777929 ], [ -86.085187405945163, 39.810309800827746 ], [ -86.085707147427129, 39.81051737974834 ], [ -86.086330282292778, 39.810740261381412 ], [ -86.086554039528679, 39.810820099249376 ], [ -86.086750244316136, 39.81087755828753 ], [ -86.086879230058301, 39.810904412320888 ], [ -86.086953993588338, 39.810916376313934 ], [ -86.08702585518904, 39.810925302887064 ], [ -86.087102996208188, 39.810932036957254 ], [ -86.087164889252918, 39.810936027837165 ], [ -86.087226895176912, 39.810938801462832 ], [ -86.08732002386455, 39.810940676842449 ], [ -86.08797833274447, 39.810931781951318 ], [ -86.089029345282171, 39.810917818523286 ], [ -86.089445844974676, 39.810912865641434 ], [ -86.090339703014791, 39.810903016908576 ], [ -86.091190586935056, 39.810894875791327 ], [ -86.092337419692683, 39.810878381878716 ], [ -86.09306994944167, 39.810870223375204 ], [ -86.09373705198135, 39.810861327445572 ], [ -86.094253076629528, 39.810854380550261 ], [ -86.095084808898889, 39.810843995536352 ], [ -86.095433067772703, 39.81084271187872 ], [ -86.095908743263806, 39.810837769306978 ], [ -86.096444491239623, 39.810833218359683 ], [ -86.096624543255771, 39.810831421877957 ], [ -86.097804766319257, 39.810817943991481 ], [ -86.099350680164733, 39.810804307845373 ], [ -86.100953920772142, 39.810786507812779 ], [ -86.102574383572488, 39.810770474519266 ], [ -86.102575355226179, 39.810770473571054 ], [ -86.104193558417904, 39.810768232597638 ], [ -86.104807422276991, 39.810768662441241 ], [ -86.105803039771885, 39.810768179896058 ], [ -86.10735535778899, 39.810765379481289 ], [ -86.108518050707602, 39.810764950509594 ], [ -86.109705324923937, 39.810765103248016 ], [ -86.110870198519606, 39.810763098623333 ], [ -86.111975350150828, 39.810761479043109 ], [ -86.112084068688603, 39.810761319349822 ], [ -86.113706735493153, 39.810758324212998 ], [ -86.116836212949394, 39.810754962582372 ], [ -86.118121604691055, 39.810760860448724 ], [ -86.119301423641843, 39.810759514629289 ], [ -86.120482900791984, 39.810758156632403 ], [ -86.120976456081223, 39.810741713582757 ], [ -86.121130491982129, 39.810755361749841 ], [ -86.121607636544539, 39.810753301012518 ], [ -86.122605123429352, 39.81075500060949 ], [ -86.122816009534503, 39.81074968550935 ], [ -86.124003958062559, 39.810746657614118 ], [ -86.124187467107816, 39.810747160900235 ], [ -86.125192595541108, 39.810744165145756 ], [ -86.126346744516482, 39.810743024755013 ], [ -86.127571768776804, 39.810739136138338 ], [ -86.128157618139525, 39.810737905485219 ], [ -86.12876114253713, 39.810736603287218 ], [ -86.129944631792199, 39.810733790821232 ], [ -86.131146344882637, 39.810732644246045 ], [ -86.131504240835255, 39.810729669088779 ], [ -86.132613848707123, 39.810721840191228 ], [ -86.133878193478836, 39.810708756374595 ], [ -86.140222252051274, 39.810678946659749 ], [ -86.141639989005796, 39.810604790774505 ], [ -86.14231657234356, 39.810525636708412 ], [ -86.142271401553359, 39.809868538804025 ], [ -86.142296626529458, 39.809542093270508 ], [ -86.14246575680059, 39.809307366910858 ], [ -86.142642880307648, 39.809094569547881 ], [ -86.142944500486493, 39.808885721102826 ], [ -86.143190065421422, 39.808694261731809 ], [ -86.143469750884705, 39.808563056346664 ], [ -86.143659553687655, 39.808415405120655 ], [ -86.143815590603367, 39.808258970356626 ], [ -86.144049911186542, 39.808058632410969 ], [ -86.14422824084761, 39.807884947522822 ], [ -86.144417920198308, 39.807719794550664 ], [ -86.144551844659432, 39.807615266520806 ], [ -86.144796863954625, 39.807466699686863 ], [ -86.144986308727354, 39.80733243086928 ], [ -86.145121836095171, 39.807218631233305 ], [ -86.145383442426535, 39.807136566307321 ], [ -86.145571695182255, 39.80705514851882 ], [ -86.14584353255627, 39.80694078357574 ], [ -86.146073996141013, 39.806899339115006 ], [ -86.146356624455422, 39.806825421807233 ], [ -86.146555439869786, 39.806759743075126 ], [ -86.146911365862891, 39.806669392880288 ], [ -86.147288426294239, 39.806595082434207 ], [ -86.147591453633282, 39.806440092581624 ], [ -86.147696283709678, 39.806431422287922 ], [ -86.148082952009815, 39.806235935020609 ], [ -86.148249949871612, 39.806122001152737 ], [ -86.148395980318384, 39.80600815229063 ], [ -86.148615644465437, 39.805926255092835 ], [ -86.148835310423536, 39.805844357471479 ], [ -86.149287952094923, 39.805675701425407 ], [ -86.149777827560385, 39.805654446107141 ], [ -86.149966354911541, 39.805621404276984 ], [ -86.150112833290606, 39.805572066702439 ], [ -86.150280338247214, 39.805531218434751 ], [ -86.150584431874151, 39.805529950648776 ], [ -86.150752218008648, 39.805529250796354 ], [ -86.151066586165541, 39.805581472273296 ], [ -86.15142389817062, 39.805595078119318 ], [ -86.151644354132031, 39.80562641368639 ], [ -86.15200077896958, 39.805608795079195 ], [ -86.15242038445534, 39.805623167663029 ], [ -86.152745219136236, 39.805589550630344 ], [ -86.153089516146537, 39.805555851104877 ], [ -86.153300506814645, 39.805514474826118 ], [ -86.15348868721253, 39.805432699540653 ], [ -86.153708061291752, 39.805310645460182 ], [ -86.153896068678065, 39.805204506093688 ], [ -86.15408418969453, 39.805106602612717 ], [ -86.154314072079359, 39.804992394952819 ], [ -86.15476909403499, 39.804730368828679 ], [ -86.155055586560692, 39.804560674179882 ], [ -86.155170582174733, 39.804503568312775 ], [ -86.155337736537902, 39.804413986827932 ], [ -86.155525624760514, 39.804291718737304 ], [ -86.155776007733039, 39.804104671615256 ], [ -86.156330872477028, 39.803728976636783 ], [ -86.156639525098527, 39.803466624012749 ], [ -86.156673839355008, 39.80654175187221 ], [ -86.156692580620685, 39.808335925368844 ], [ -86.156715039572731, 39.810164164098396 ], [ -86.156954155527401, 39.810160573555521 ], [ -86.15896101418069, 39.810120502416915 ], [ -86.159014301687037, 39.810122437938986 ], [ -86.159045857805111, 39.810126653390206 ] ], [ [ -86.178355206652114, 39.839532085029902 ], [ -86.178353799640917, 39.839437904719475 ], [ -86.178300018887342, 39.839274543568784 ], [ -86.178250810100636, 39.839274932605186 ], [ -86.178245290012327, 39.839274975861279 ], [ -86.17797389805645, 39.839277119803967 ], [ -86.177956147403151, 39.839212520121208 ], [ -86.177957685829881, 39.839165377748564 ], [ -86.177950622079749, 39.839101418173861 ], [ -86.177942229932967, 39.83908377593405 ], [ -86.177937274715333, 39.839073337406234 ], [ -86.177913675811737, 39.839046125926018 ], [ -86.177909695855092, 39.839018472221632 ], [ -86.177897282217188, 39.838991677992389 ], [ -86.177896662423464, 39.838970487089142 ], [ -86.177873032627872, 39.838934217711312 ], [ -86.177827869197472, 39.838851291299221 ], [ -86.177812848735144, 39.838794667590555 ], [ -86.17777478624636, 39.838651176824811 ], [ -86.177756102372612, 39.838580734974478 ], [ -86.1777301354971, 39.83853192864435 ], [ -86.177719459051175, 39.838503836983129 ], [ -86.177664726683872, 39.838359953058948 ], [ -86.177652266939532, 39.838312405793125 ], [ -86.177625254139613, 39.838276150359974 ], [ -86.177599353399671, 39.838226465554257 ], [ -86.177595981451688, 39.838218244689138 ], [ -86.177584122341145, 39.838189307090268 ], [ -86.177567035088927, 39.83807476863192 ], [ -86.177528229743828, 39.838032881885759 ], [ -86.177470350525326, 39.837988006027658 ], [ -86.17746815550457, 39.837984885868089 ], [ -86.177450663119387, 39.837959926092744 ], [ -86.177451058047694, 39.837907731495072 ], [ -86.177451095499009, 39.837902851506364 ], [ -86.177460595843527, 39.837869048105844 ], [ -86.177462752949481, 39.837861373916354 ], [ -86.177452082124915, 39.837843631788019 ], [ -86.177435172932789, 39.83781553961763 ], [ -86.177376308048139, 39.837748128811498 ], [ -86.177373057766772, 39.83774213115499 ], [ -86.177356385234503, 39.837712227586273 ], [ -86.177351368753293, 39.837703271801288 ], [ -86.177334437150762, 39.837667411444912 ], [ -86.177309690344373, 39.837638914228158 ], [ -86.177293394813518, 39.837590655159559 ], [ -86.177292760539487, 39.837588778255274 ], [ -86.177299995635835, 39.837560663553781 ], [ -86.177325013306884, 39.837523992582739 ], [ -86.177325675563083, 39.837523022349281 ], [ -86.177328385918727, 39.837484989581483 ], [ -86.177315992942667, 39.837456026380302 ], [ -86.177313116884534, 39.837418841413054 ], [ -86.17730394743819, 39.837384692380468 ], [ -86.177303486095568, 39.837382975934766 ], [ -86.177307935790765, 39.837363519913609 ], [ -86.177335711744476, 39.837314227433218 ], [ -86.177338655726288, 39.837309001402488 ], [ -86.177326806442764, 39.837281354387635 ], [ -86.177312081238526, 39.837221270728989 ], [ -86.1773101456982, 39.837142600410452 ], [ -86.177307369449196, 39.837133087155252 ], [ -86.177302015714858, 39.83711471185407 ], [ -86.177301705249874, 39.837113648629874 ], [ -86.177307259860427, 39.837084689289554 ], [ -86.177322434730755, 39.837057369152895 ], [ -86.177322897048256, 39.837056535800436 ], [ -86.177328905066418, 39.836992573565432 ], [ -86.177342393560451, 39.836848617907833 ], [ -86.17734312878909, 39.836840780652381 ], [ -86.177355705145288, 39.836807761707007 ], [ -86.17735762473238, 39.836802723921224 ], [ -86.177354191967282, 39.836781546290041 ], [ -86.177346329571847, 39.836772904754895 ], [ -86.177322383056563, 39.836746573724788 ], [ -86.177322056538941, 39.836702486512131 ], [ -86.177321262921339, 39.836600062318801 ], [ -86.177321226193982, 39.836595261013748 ], [ -86.177332375037722, 39.836557218116305 ], [ -86.177363121168497, 39.836510387587765 ], [ -86.177364207121286, 39.836508734582956 ], [ -86.177365425755653, 39.836452122167401 ], [ -86.177353355297342, 39.836423460169812 ], [ -86.177349404822763, 39.836414088984966 ], [ -86.177337552430714, 39.836386001553201 ], [ -86.177333783158545, 39.836361186697914 ], [ -86.177333022916031, 39.836356181423525 ], [ -86.177362042276698, 39.836295792616653 ], [ -86.177364830071795, 39.836289990843774 ], [ -86.177356360243579, 39.836271414900196 ], [ -86.177355238167749, 39.836259672412403 ], [ -86.177354623977692, 39.836253249742619 ], [ -86.177400173146239, 39.836185730517762 ], [ -86.177400448181061, 39.836185323105212 ], [ -86.177401549830662, 39.836175380272351 ], [ -86.177390690900864, 39.836159806871329 ], [ -86.177388592559808, 39.836156797065847 ], [ -86.17740313644731, 39.836129966954466 ], [ -86.177413184961154, 39.836121302412728 ], [ -86.177449051079606, 39.83610785693719 ], [ -86.17746332474664, 39.836095808888871 ], [ -86.177467524194213, 39.836092266080875 ], [ -86.177463009102766, 39.836083637735335 ], [ -86.177427659047524, 39.836070699443724 ], [ -86.177420262684052, 39.836033643352103 ], [ -86.17741632319769, 39.836025753721231 ], [ -86.177391093587858, 39.835975215661598 ], [ -86.177387985801431, 39.83589696209394 ], [ -86.177382027820912, 39.835746522530194 ], [ -86.177382446017219, 39.835668281358018 ], [ -86.177382811357376, 39.835602147212981 ], [ -86.177387811557765, 39.835459081816794 ], [ -86.177388039953044, 39.835452535648074 ], [ -86.177399746124664, 39.835422258555795 ], [ -86.17744337485378, 39.835365570201425 ], [ -86.177506020197384, 39.835309291664288 ], [ -86.177520022781181, 39.835291111243762 ], [ -86.17757689997751, 39.835157853546754 ], [ -86.177623261551417, 39.835090363970522 ], [ -86.177663829457728, 39.83500047052658 ], [ -86.177688114991895, 39.834960845790761 ], [ -86.17771361483004, 39.834919239632221 ], [ -86.177765129657587, 39.834859990037202 ], [ -86.177821743110599, 39.834806783962662 ], [ -86.17786768459834, 39.834778662591312 ], [ -86.177922579358338, 39.834733645720384 ], [ -86.178101920250228, 39.834601277381701 ], [ -86.178163545845422, 39.834546758384462 ], [ -86.178202208997462, 39.834521660992515 ], [ -86.178262746389493, 39.834464568123849 ], [ -86.178337058069857, 39.834393074917521 ], [ -86.178338338682067, 39.834391842557892 ], [ -86.178338316888741, 39.834388905571181 ], [ -86.178404483813225, 39.834322673025191 ], [ -86.17847841153079, 39.834246551079488 ], [ -86.178556298093909, 39.834180788230803 ], [ -86.178580978321108, 39.834162176881698 ], [ -86.178630855453036, 39.834136645278441 ], [ -86.178688555194256, 39.834095540781277 ], [ -86.178736209507406, 39.834072901985493 ], [ -86.178748544707005, 39.834070019437945 ], [ -86.17878554777576, 39.834061346579887 ], [ -86.178917275619582, 39.833995978078448 ], [ -86.179107855771434, 39.833910279875525 ], [ -86.179293941372933, 39.833818947716807 ], [ -86.179329230419341, 39.833799903845012 ], [ -86.179399259012015, 39.833731129087091 ], [ -86.17946819585498, 39.833692610797492 ], [ -86.17959206185364, 39.833614290425878 ], [ -86.179654275047241, 39.833581401213479 ], [ -86.179749005037749, 39.833525583931127 ], [ -86.179838662246183, 39.83346284304664 ], [ -86.179913760303933, 39.833419986634468 ], [ -86.179951858083982, 39.833405268671932 ], [ -86.180026388327676, 39.833362580422055 ], [ -86.180038171078422, 39.833357228744852 ], [ -86.180208015557781, 39.833280187652839 ], [ -86.180335784922988, 39.833209645401766 ], [ -86.180396349471309, 39.83318497179183 ], [ -86.180491627852049, 39.833140818746017 ], [ -86.180581868128144, 39.833084991844807 ], [ -86.180685556044224, 39.833036876269951 ], [ -86.180765675433008, 39.832989329788241 ], [ -86.180802119618903, 39.832967700831084 ], [ -86.180947299543774, 39.832901912839816 ], [ -86.18109695044474, 39.832824437568725 ], [ -86.181195600748154, 39.83279800227502 ], [ -86.181281378988629, 39.832769318280612 ], [ -86.181294276000742, 39.832765527797477 ], [ -86.181350306379159, 39.832749055483831 ], [ -86.18147252837845, 39.832703600420402 ], [ -86.181669268186695, 39.83261875062535 ], [ -86.181862048619834, 39.832518763412629 ], [ -86.182062181070251, 39.832435627170369 ], [ -86.182257780156064, 39.832360279905274 ], [ -86.182451747586853, 39.83228581771705 ], [ -86.182633356476074, 39.832216104457466 ], [ -86.182751078210543, 39.832173660985511 ], [ -86.18275105766665, 39.832170915835974 ], [ -86.182827323097413, 39.832141642545295 ], [ -86.183018462362142, 39.83207968247774 ], [ -86.183104143831372, 39.832047812798216 ], [ -86.183200052495309, 39.83201213722667 ], [ -86.183306572919449, 39.831976743965825 ], [ -86.183350594206971, 39.831959197425711 ], [ -86.183392344322158, 39.831942567958727 ], [ -86.183403563082763, 39.83193809750486 ], [ -86.18344279168241, 39.831922495205724 ], [ -86.183540886851674, 39.831893671814761 ], [ -86.183579551630274, 39.831878757390847 ], [ -86.183617682819047, 39.831864038975596 ], [ -86.183704001658171, 39.831841060125512 ], [ -86.183777432155409, 39.831813801933343 ], [ -86.183830122667302, 39.831789107585223 ], [ -86.183971392507701, 39.831743647839986 ], [ -86.18397909405806, 39.831739535267573 ], [ -86.183983627250782, 39.831737113869103 ], [ -86.183918572327684, 39.831604013852562 ], [ -86.183794103551151, 39.831349370267262 ], [ -86.182847685200073, 39.829414977649776 ], [ -86.182780694862615, 39.829281630654705 ], [ -86.178997901183507, 39.831631965118497 ], [ -86.178947396409868, 39.831661754422136 ], [ -86.178913092884343, 39.831681391876252 ], [ -86.178869569668521, 39.831705257238063 ], [ -86.178834249744028, 39.831723792232928 ], [ -86.17878948358252, 39.831746253503532 ], [ -86.178753200742889, 39.831763651575542 ], [ -86.178707276647685, 39.831784672350366 ], [ -86.178670093742753, 39.831800901696752 ], [ -86.178623085024682, 39.831820442921021 ], [ -86.178575507021378, 39.831839151717269 ], [ -86.178537053166167, 39.831853509633071 ], [ -86.178488514025148, 39.831870691495567 ], [ -86.178449324350879, 39.83188381600884 ], [ -86.178399910307888, 39.831899441733697 ], [ -86.178350044631102, 39.831914188574366 ], [ -86.178304072654939, 39.83192689621881 ], [ -86.178228681891667, 39.831945959896608 ], [ -86.178156902591596, 39.831962104744903 ], [ -86.178115597374415, 39.831970532472887 ], [ -86.178074098547285, 39.831978373802919 ], [ -86.178001051243172, 39.831990680986394 ], [ -86.177927529027386, 39.832001175367196 ], [ -86.177885332853222, 39.83200635372031 ], [ -86.177843020114523, 39.832010937228979 ], [ -86.177768739891704, 39.832017519637574 ], [ -86.177726181261107, 39.832020452358584 ], [ -86.177683563270747, 39.832022784578719 ], [ -86.177640894085712, 39.832024514460599 ], [ -86.177571981554735, 39.832026492295917 ], [ -86.175915087451429, 39.832038321700381 ], [ -86.175920270493691, 39.83254560839449 ], [ -86.17591931788688, 39.83376220197465 ], [ -86.175920602409718, 39.833805946358368 ], [ -86.175924150269722, 39.833847060759126 ], [ -86.17592574818579, 39.833864111524903 ], [ -86.175926927475629, 39.833876679694704 ], [ -86.175927684404783, 39.833888847119205 ], [ -86.175928013634632, 39.833897043567859 ], [ -86.175928441489887, 39.833907679497294 ], [ -86.175928953619135, 39.833921975377656 ], [ -86.175928795148366, 39.833933262362784 ], [ -86.175928032703993, 39.833964324396597 ], [ -86.175926392932709, 39.834031773725933 ], [ -86.175923226315717, 39.834168043606233 ], [ -86.17591256658244, 39.83477209462044 ], [ -86.168832933100717, 39.834815752930346 ], [ -86.168837503451954, 39.835277287541651 ], [ -86.168841533663084, 39.835677797797231 ], [ -86.168841080383103, 39.835702503319787 ], [ -86.168839535109626, 39.8357272568011 ], [ -86.168837909528435, 39.835757987472029 ], [ -86.168837623305905, 39.835782692271138 ], [ -86.168844164512478, 39.836488022249632 ], [ -86.168844784775771, 39.836509182590923 ], [ -86.16884595250572, 39.836525627360011 ], [ -86.168847902680369, 39.836542029112714 ], [ -86.168850640964408, 39.836558363506363 ], [ -86.168854161353124, 39.836574608050199 ], [ -86.168858454363217, 39.836590743871099 ], [ -86.168863523290113, 39.836606742133334 ], [ -86.168863816270729, 39.836607508235311 ], [ -86.168872678845247, 39.836630750370169 ], [ -86.168883492133915, 39.836662285528327 ], [ -86.168891833069594, 39.83669458885096 ], [ -86.168897539616722, 39.836727228718807 ], [ -86.168900588682433, 39.836760082741264 ], [ -86.168907793978676, 39.837481402903343 ], [ -86.168917493951923, 39.838375624412137 ], [ -86.168927911382383, 39.839408370948235 ], [ -86.16893827667549, 39.840019826136547 ], [ -86.168958027005687, 39.841184749215039 ], [ -86.168973681458795, 39.842075103016548 ], [ -86.168979256510852, 39.842373442395761 ], [ -86.168976736378198, 39.842403600479344 ], [ -86.16896811462837, 39.842433081559747 ], [ -86.168953603259467, 39.842461156077057 ], [ -86.168933561740175, 39.842487128958098 ], [ -86.168908485471405, 39.842510359481494 ], [ -86.168878995343562, 39.842530271230409 ], [ -86.168845819194019, 39.842546372888577 ], [ -86.168809777845766, 39.842558266407309 ], [ -86.168771765317018, 39.842565656998609 ], [ -86.16873271850875, 39.842568362273518 ], [ -86.168328467474097, 39.84257176290734 ], [ -86.167731907678316, 39.842576779187659 ], [ -86.16711952630429, 39.842581926402517 ], [ -86.166493197333992, 39.84258718812135 ], [ -86.165302540887609, 39.842597177343841 ], [ -86.164289540930497, 39.84260566738886 ], [ -86.164257890792598, 39.842604453045368 ], [ -86.164226107734137, 39.842601334349553 ], [ -86.164194781654999, 39.842596129538364 ], [ -86.164165898316597, 39.842589414630233 ], [ -86.164172517246925, 39.842610455582495 ], [ -86.164177989253233, 39.842634795197448 ], [ -86.164181546618451, 39.842659346574145 ], [ -86.164183112582876, 39.842684482918735 ], [ -86.164217510302592, 39.845790240155232 ], [ -86.164223149015299, 39.846586756754796 ], [ -86.164222276835275, 39.846611452304344 ], [ -86.164219943675562, 39.846636092874519 ], [ -86.164216160815812, 39.846660622575428 ], [ -86.164210404453115, 39.846687909578534 ], [ -86.16423767166053, 39.846682064381284 ], [ -86.164269058136, 39.846677087765556 ], [ -86.164300822602257, 39.846673809980757 ], [ -86.164332803935253, 39.846672247929781 ], [ -86.165345261163949, 39.846664788295215 ], [ -86.166537492276277, 39.846656975841846 ], [ -86.168435130603115, 39.846642739967301 ], [ -86.1689236427287, 39.84668153789184 ], [ -86.170052923010346, 39.846674277072438 ], [ -86.170501375738823, 39.846160847356948 ], [ -86.170640679342867, 39.845999136215042 ], [ -86.170781733054952, 39.845838760193161 ], [ -86.170888075938848, 39.845710939097224 ], [ -86.170983234600385, 39.84560219763425 ], [ -86.171480780198067, 39.844872521834972 ], [ -86.172770189929309, 39.844862188755805 ], [ -86.174059602756657, 39.844852176379788 ], [ -86.175155815869815, 39.844842993066742 ], [ -86.17625274772098, 39.84483434834717 ], [ -86.177346812774431, 39.844825976075541 ], [ -86.177900392402179, 39.844818703053875 ], [ -86.178460242547018, 39.844814845681995 ], [ -86.178460580206817, 39.844814843291687 ], [ -86.17846318471365, 39.844812963816402 ], [ -86.178467955588005, 39.844808893366263 ], [ -86.178473611664344, 39.844801926966433 ], [ -86.178477239508595, 39.844794196741624 ], [ -86.178478448413287, 39.844788789202909 ], [ -86.178478649911213, 39.844784296683812 ], [ -86.178466184399326, 39.843960227110564 ], [ -86.178396608543707, 39.84220418815945 ], [ -86.178377237084021, 39.841005610255145 ], [ -86.178374915328561, 39.840851008163128 ], [ -86.178360893922601, 39.83991268607484 ], [ -86.178355206652114, 39.839532085029902 ] ] ] } },
{ "type": "Feature", "properties": { "DISTRICT": "Northeast", "OBJECTID": 12, "JURISDCTN": "IMPD", "POLICEZONE": "NE26", "SHAPE.STArea()": 20601275.425331995, "SHAPE.STLength()": 19024.660101774443, "TOTAL": 156383.48039475665, "WHITE": 58125.620192502007, "BLACK": 64307.024348615952, "AMERICAN_INDIAN": 106.35396286706073, "ASIAN": 1468.9025186858835, "PACIFIC_ISLANDER": 0.0, "OTHER": 1025.4427641029367, "TWO_OR_MORE": 8150.3570360782205, "HISPANIC": 23199.779571904579, "WHITE_PCT": 0.372, "BLACK_PCT": 0.411, "AMERICAN_INDIAN_PCT": 0.001, "ASIAN_PCT": 0.009, "PACIFIC_ISLANDER_PCT": 0.0, "OTHER_PCT": 0.007, "TWO_OR_MORE_PCT": 0.052, "HISPANIC_PCT": 0.148 }, "geometry": { "type": "Polygon", "coordinates": [ [ [ -86.102149209325361, 39.769201193157016 ], [ -86.103820196073571, 39.769116328804884 ], [ -86.105000470777995, 39.769058343530311 ], [ -86.105761082425701, 39.769019779881546 ], [ -86.107204622284627, 39.76895147097504 ], [ -86.108405989403536, 39.768884833457648 ], [ -86.109492912854293, 39.768824413388224 ], [ -86.109599822256385, 39.768818514889588 ], [ -86.110590795261089, 39.768765657024225 ], [ -86.111717738534409, 39.768705749367818 ], [ -86.113154202915794, 39.768597627637341 ], [ -86.113839703766786, 39.768549348350682 ], [ -86.114555025822185, 39.768497175186887 ], [ -86.115134564969992, 39.768455473979188 ], [ -86.116437733647857, 39.768361390850316 ], [ -86.117587636002767, 39.768279537155479 ], [ -86.118221559936529, 39.768233149062915 ], [ -86.118732807042193, 39.768195469419993 ], [ -86.119672353905514, 39.76812660582879 ], [ -86.119879421152987, 39.768111727913094 ], [ -86.120738514572324, 39.768048317214756 ], [ -86.120877633662516, 39.768038164400586 ], [ -86.121822822123349, 39.767965829733292 ], [ -86.122978967823116, 39.76787858864035 ], [ -86.124238907641598, 39.767786123552661 ], [ -86.125426904007256, 39.767700104247389 ], [ -86.126451730367165, 39.767626730770324 ], [ -86.127377497202005, 39.767560947846043 ], [ -86.128330267087705, 39.76749304251689 ], [ -86.129463289220197, 39.767408865921105 ], [ -86.130631598364019, 39.767323215916299 ], [ -86.132175141410059, 39.767210999154933 ], [ -86.134209585926612, 39.767072077946906 ], [ -86.135266013984861, 39.766997813940613 ], [ -86.13792967269292, 39.766967468201919 ], [ -86.140809359309074, 39.766933434657496 ], [ -86.141828858480409, 39.766914166376417 ], [ -86.142851765088906, 39.766897277276328 ], [ -86.142802060139957, 39.768257166600279 ], [ -86.142750396562406, 39.769556452344908 ], [ -86.142714125521067, 39.770468576750709 ], [ -86.14269395580574, 39.77097580631721 ], [ -86.142675233129268, 39.771451512407388 ], [ -86.142639876583317, 39.772375495600464 ], [ -86.142553065540113, 39.773776440989209 ], [ -86.142511825373006, 39.773961963639159 ], [ -86.142504088591181, 39.773966491552144 ], [ -86.142481112747774, 39.774055497235118 ], [ -86.142457075861472, 39.77414450816277 ], [ -86.142431107901714, 39.774232444383429 ], [ -86.142403116561383, 39.774320479859661 ], [ -86.14237310408808, 39.774408433544274 ], [ -86.142342122389181, 39.774495490512805 ], [ -86.142328496407941, 39.774530317991903 ], [ -86.142349970032285, 39.774558605889872 ], [ -86.142363367541307, 39.774576218707097 ], [ -86.142321101976108, 39.774723137842621 ], [ -86.142144019316333, 39.775179578436493 ], [ -86.142000184862411, 39.775491755850403 ], [ -86.141871990777801, 39.775766121562327 ], [ -86.141718810085905, 39.776093779014978 ], [ -86.141563550571959, 39.776442720600876 ], [ -86.141412914249187, 39.776793015684632 ], [ -86.141274478249329, 39.777115121645622 ], [ -86.141129223731568, 39.777577607221701 ], [ -86.141083488946848, 39.777742167211294 ], [ -86.141033335264893, 39.777935227412833 ], [ -86.14094255625254, 39.778332633031802 ], [ -86.140887164570501, 39.778629348475356 ], [ -86.140841452804494, 39.778927053805162 ], [ -86.140805475940681, 39.779225748807569 ], [ -86.140784888725776, 39.779449915494958 ], [ -86.140764297487152, 39.779786981366648 ], [ -86.140755894820344, 39.780199149153887 ], [ -86.140762206383641, 39.780536448239317 ], [ -86.140789190527997, 39.781236381411588 ], [ -86.140820535258158, 39.782052970555874 ], [ -86.140832989704094, 39.782190869371988 ], [ -86.140878685722583, 39.782408931434929 ], [ -86.140979523602354, 39.782674123982119 ], [ -86.141126852443975, 39.782924713716007 ], [ -86.141318303762517, 39.783155905930123 ], [ -86.14152552674723, 39.783343795328534 ], [ -86.141790207093564, 39.783526988072893 ], [ -86.142055136356333, 39.783665568599204 ], [ -86.142243642160381, 39.783742693215665 ], [ -86.14243995822747, 39.78380743180481 ], [ -86.142644754573809, 39.783860124737899 ], [ -86.142854680601133, 39.783899069927045 ], [ -86.14310394505037, 39.78392618586124 ], [ -86.143463474056588, 39.783931229321219 ], [ -86.143960439220891, 39.783871536804696 ], [ -86.144132736560465, 39.783831363956594 ], [ -86.144510513882167, 39.783685682587873 ], [ -86.144719042757146, 39.783605320039264 ], [ -86.145007341381003, 39.783494213355759 ], [ -86.145457643146784, 39.783320433226258 ], [ -86.145944361024362, 39.783227144976529 ], [ -86.146366791707138, 39.782971461570156 ], [ -86.146737203674135, 39.78286320765416 ], [ -86.147017403315687, 39.782814006063731 ], [ -86.147475680532807, 39.782717053464609 ], [ -86.147909425069244, 39.782666184010161 ], [ -86.148677954017472, 39.782660591579067 ], [ -86.149426395410998, 39.782676012081055 ], [ -86.150789960157482, 39.782716316036883 ], [ -86.151707995477167, 39.782743366126908 ], [ -86.152335687645348, 39.782759957881836 ], [ -86.153031749077371, 39.782774543943191 ], [ -86.153942165095245, 39.782792793351632 ], [ -86.157489724804293, 39.782866273400693 ], [ -86.157468908305304, 39.783367149111058 ], [ -86.157455698651134, 39.783665631039014 ], [ -86.157434510286294, 39.78422086864758 ], [ -86.157399971439105, 39.785086584769751 ], [ -86.157373662373601, 39.785739991605823 ], [ -86.157336463782215, 39.786709226366078 ], [ -86.157280568296741, 39.788165601844966 ], [ -86.157274895249216, 39.788649110143851 ], [ -86.157288396565576, 39.78949642610398 ], [ -86.157300425379816, 39.790334274846707 ], [ -86.157306500863342, 39.790757420385418 ], [ -86.157310590275131, 39.791071579814158 ], [ -86.157324274010818, 39.792020320720738 ], [ -86.157343014777496, 39.793451318899407 ], [ -86.15735474331558, 39.794146747125012 ], [ -86.157361062269416, 39.794757821010336 ], [ -86.157371278992017, 39.795588262284454 ], [ -86.157357796231594, 39.795901037560391 ], [ -86.157302190057806, 39.796425716382664 ], [ -86.157246382745768, 39.796954080647176 ], [ -86.157198283766235, 39.797323409683607 ], [ -86.157163771352884, 39.797626724777416 ], [ -86.157117780949989, 39.79805631352923 ], [ -86.157112751586013, 39.798108047970793 ], [ -86.15700472025145, 39.79923120813207 ], [ -86.156896122818921, 39.800388744642071 ], [ -86.156825413885301, 39.801089229069248 ], [ -86.156839553893235, 39.802210738444998 ], [ -86.156735143990943, 39.803389161197252 ], [ -86.156639525098527, 39.803466624012749 ], [ -86.156330872477028, 39.803728976636783 ], [ -86.155776007733039, 39.804104671615256 ], [ -86.155525624760514, 39.804291718737304 ], [ -86.155337736537902, 39.804413986827932 ], [ -86.155170582174733, 39.804503568312775 ], [ -86.155055586560692, 39.804560674179882 ], [ -86.15476909403499, 39.804730368828679 ], [ -86.154314072079359, 39.804992394952819 ], [ -86.15408418969453, 39.805106602612717 ], [ -86.153896068678065, 39.805204506093688 ], [ -86.153708061291752, 39.805310645460182 ], [ -86.15348868721253, 39.805432699540653 ], [ -86.153300506814645, 39.805514474826118 ], [ -86.153089516146537, 39.805555851104877 ], [ -86.152745219136236, 39.805589550630344 ], [ -86.15242038445534, 39.805623167663029 ], [ -86.15200077896958, 39.805608795079195 ], [ -86.151644354132031, 39.80562641368639 ], [ -86.15142389817062, 39.805595078119318 ], [ -86.151066586165541, 39.805581472273296 ], [ -86.150752218008648, 39.805529250796354 ], [ -86.150584431874151, 39.805529950648776 ], [ -86.150280338247214, 39.805531218434751 ], [ -86.150112833290606, 39.805572066702439 ], [ -86.149966354911541, 39.805621404276984 ], [ -86.149777827560385, 39.805654446107141 ], [ -86.149287952094923, 39.805675701425407 ], [ -86.148835310423536, 39.805844357471479 ], [ -86.148615644465437, 39.805926255092835 ], [ -86.148395980318384, 39.80600815229063 ], [ -86.148249949871612, 39.806122001152737 ], [ -86.148082952009815, 39.806235935020609 ], [ -86.147696283709678, 39.806431422287922 ], [ -86.147591453633282, 39.806440092581624 ], [ -86.147288426294239, 39.806595082434207 ], [ -86.146911365862891, 39.806669392880288 ], [ -86.146555439869786, 39.806759743075126 ], [ -86.146356624455422, 39.806825421807233 ], [ -86.146073996141013, 39.806899339115006 ], [ -86.14584353255627, 39.80694078357574 ], [ -86.145571695182255, 39.80705514851882 ], [ -86.145383442426535, 39.807136566307321 ], [ -86.145121836095171, 39.807218631233305 ], [ -86.144986308727354, 39.80733243086928 ], [ -86.144796863954625, 39.807466699686863 ], [ -86.144551844659432, 39.807615266520806 ], [ -86.144417920198308, 39.807719794550664 ], [ -86.14422824084761, 39.807884947522822 ], [ -86.144049911186542, 39.808058632410969 ], [ -86.143815590603367, 39.808258970356626 ], [ -86.143659553687655, 39.808415405120655 ], [ -86.143469750884705, 39.808563056346664 ], [ -86.143190065421422, 39.808694261731809 ], [ -86.142944500486493, 39.808885721102826 ], [ -86.142642880307648, 39.809094569547881 ], [ -86.14246575680059, 39.809307366910858 ], [ -86.142296626529458, 39.809542093270508 ], [ -86.142271401553359, 39.809868538804025 ], [ -86.14231657234356, 39.810525636708412 ], [ -86.141639989005796, 39.810604790774505 ], [ -86.140222252051274, 39.810678946659749 ], [ -86.133878193478836, 39.810708756374595 ], [ -86.132613848707123, 39.810721840191228 ], [ -86.131504240835255, 39.810729669088779 ], [ -86.131146344882637, 39.810732644246045 ], [ -86.129944631792199, 39.810733790821232 ], [ -86.12876114253713, 39.810736603287218 ], [ -86.128157618139525, 39.810737905485219 ], [ -86.127571768776804, 39.810739136138338 ], [ -86.126346744516482, 39.810743024755013 ], [ -86.125192595541108, 39.810744165145756 ], [ -86.124187467107816, 39.810747160900235 ], [ -86.124003958062559, 39.810746657614118 ], [ -86.122816009534503, 39.81074968550935 ], [ -86.122605123429352, 39.81075500060949 ], [ -86.121607636544539, 39.810753301012518 ], [ -86.121130491982129, 39.810755361749841 ], [ -86.120976456081223, 39.810741713582757 ], [ -86.120482900791984, 39.810758156632403 ], [ -86.119301423641843, 39.810759514629289 ], [ -86.118121604691055, 39.810760860448724 ], [ -86.116836212949394, 39.810754962582372 ], [ -86.113706735493153, 39.810758324212998 ], [ -86.112084068688603, 39.810761319349822 ], [ -86.111975350150828, 39.810761479043109 ], [ -86.110870198519606, 39.810763098623333 ], [ -86.109705324923937, 39.810765103248016 ], [ -86.108518050707602, 39.810764950509594 ], [ -86.10735535778899, 39.810765379481289 ], [ -86.105803039771885, 39.810768179896058 ], [ -86.104807422276991, 39.810768662441241 ], [ -86.104193558417904, 39.810768232597638 ], [ -86.102575355226179, 39.810770473571054 ], [ -86.102574383572488, 39.810770474519266 ], [ -86.100953920772142, 39.810786507812779 ], [ -86.099350680164733, 39.810804307845373 ], [ -86.097804766319257, 39.810817943991481 ], [ -86.096624543255771, 39.810831421877957 ], [ -86.096444491239623, 39.810833218359683 ], [ -86.095908743263806, 39.810837769306978 ], [ -86.095433067772703, 39.81084271187872 ], [ -86.095084808898889, 39.810843995536352 ], [ -86.094253076629528, 39.810854380550261 ], [ -86.09373705198135, 39.810861327445572 ], [ -86.09306994944167, 39.810870223375204 ], [ -86.092337419692683, 39.810878381878716 ], [ -86.091190586935056, 39.810894875791327 ], [ -86.090339703014791, 39.810903016908576 ], [ -86.089445844974676, 39.810912865641434 ], [ -86.089029345282171, 39.810917818523286 ], [ -86.08797833274447, 39.810931781951318 ], [ -86.08732002386455, 39.810940676842449 ], [ -86.087226895176912, 39.810938801462832 ], [ -86.087164889252918, 39.810936027837165 ], [ -86.087102996208188, 39.810932036957254 ], [ -86.08702585518904, 39.810925302887064 ], [ -86.086953993588338, 39.810916376313934 ], [ -86.086879230058301, 39.810904412320888 ], [ -86.086750244316136, 39.81087755828753 ], [ -86.086554039528679, 39.810820099249376 ], [ -86.086330282292778, 39.810740261381412 ], [ -86.085707147427129, 39.81051737974834 ], [ -86.085187405945163, 39.810309800827746 ], [ -86.08502805222659, 39.810247540777929 ], [ -86.08489990954773, 39.810198761006824 ], [ -86.084803403571513, 39.810162807094876 ], [ -86.084674207476567, 39.810115707926762 ], [ -86.084544426489757, 39.810069577145072 ], [ -86.084414073469176, 39.810024417403682 ], [ -86.084283160115831, 39.80998023316193 ], [ -86.084151696957434, 39.80993702798277 ], [ -86.084019699198251, 39.809894806313054 ], [ -86.08388717619799, 39.809853571720055 ], [ -86.083754143160675, 39.809813328650719 ], [ -86.083620611781413, 39.809774080663949 ], [ -86.083496763385639, 39.809737773570802 ], [ -86.083490801173483, 39.810022543503685 ], [ -86.083508804178962, 39.810946703152553 ], [ -86.083365102189205, 39.810959684646505 ], [ -86.083240986101714, 39.810979389441549 ], [ -86.082921283142554, 39.811053722935746 ], [ -86.08276512059615, 39.811101333413319 ], [ -86.082627587548217, 39.811145245376203 ], [ -86.082432740799192, 39.811216422438996 ], [ -86.082207309278644, 39.811320151028426 ], [ -86.08160918245305, 39.811633290133202 ], [ -86.080395877431258, 39.812268477106549 ], [ -86.078817787155472, 39.813094598288146 ], [ -86.078588698173078, 39.813213832538374 ], [ -86.078123934075364, 39.813455585277872 ], [ -86.077319858775823, 39.81388011987913 ], [ -86.077128699386265, 39.813981046779489 ], [ -86.076975448102942, 39.814060437484457 ], [ -86.076790245854497, 39.814154193203088 ], [ -86.076666567662301, 39.814216449907434 ], [ -86.076517140748223, 39.814287466428254 ], [ -86.075829350357438, 39.814600303297212 ], [ -86.075735263724169, 39.814642317366861 ], [ -86.075542986886731, 39.814720776454415 ], [ -86.075478375668382, 39.814746159062572 ], [ -86.075413508656979, 39.814771152543656 ], [ -86.075315741808623, 39.814807912090963 ], [ -86.075250256905747, 39.814831929524033 ], [ -86.075151581857284, 39.814867215925069 ], [ -86.075019196245265, 39.814912882273511 ], [ -86.074885908734132, 39.814956955648242 ], [ -86.074818934333507, 39.814978390439471 ], [ -86.074718072861813, 39.81500979054568 ], [ -86.074416028246404, 39.815107875753228 ], [ -86.074113680433271, 39.815204603021385 ], [ -86.072939004076034, 39.815590596376772 ], [ -86.071769540996982, 39.815973582002563 ], [ -86.071112750898934, 39.816192210781232 ], [ -86.070896659803054, 39.816262791312298 ], [ -86.069862684801549, 39.816605095708177 ], [ -86.0692452557563, 39.816809494178585 ], [ -86.068951779203744, 39.816908242456485 ], [ -86.068169107535894, 39.817170039655757 ], [ -86.067496575385391, 39.817394990035226 ], [ -86.066895394756429, 39.817595896398529 ], [ -86.066040962622679, 39.817881428041666 ], [ -86.065621569443593, 39.81802157651628 ], [ -86.064710875794376, 39.818326638283509 ], [ -86.063541010126997, 39.818885303514953 ], [ -86.062366504165624, 39.819447509699032 ], [ -86.061924094412291, 39.819658149714321 ], [ -86.061623843103462, 39.819801401234322 ], [ -86.060365676490903, 39.820401657858767 ], [ -86.058671522469652, 39.821210126192625 ], [ -86.057486382967738, 39.821775661196774 ], [ -86.056171534729941, 39.822403068063075 ], [ -86.055265064078995, 39.822835593071531 ], [ -86.054440149716655, 39.823228626699716 ], [ -86.05261488278353, 39.824098248121764 ], [ -86.052162398925361, 39.824313818235964 ], [ -86.051822228289794, 39.824475879453225 ], [ -86.051487882234596, 39.824634539223375 ], [ -86.050602125503971, 39.825056607573792 ], [ -86.049718136905895, 39.825477822981128 ], [ -86.049178572038912, 39.825734916147105 ], [ -86.048885424455833, 39.825876403532916 ], [ -86.048665757450991, 39.825974447461945 ], [ -86.048322698858186, 39.826140885178084 ], [ -86.047107773909417, 39.826730295970627 ], [ -86.046471436643458, 39.827039000661713 ], [ -86.046135817789278, 39.827201815656124 ], [ -86.045867403268204, 39.827331757936854 ], [ -86.045873577821041, 39.827466420852723 ], [ -86.04538023887639, 39.82767533121897 ], [ -86.044631299748289, 39.828039461354599 ], [ -86.043391457430317, 39.828630633688263 ], [ -86.042110064690974, 39.829247664843969 ], [ -86.040296895927185, 39.830122390267888 ], [ -86.038611659218702, 39.830937997478813 ], [ -86.03745038645377, 39.831519589941159 ], [ -86.037156482757169, 39.831668772405671 ], [ -86.036554991773855, 39.831957570343377 ], [ -86.035794239874903, 39.832324527082918 ], [ -86.035278553833308, 39.832583893278994 ], [ -86.034560584914416, 39.832943741969487 ], [ -86.034256184750618, 39.833067213628027 ], [ -86.033282298647393, 39.833484141686654 ], [ -86.031760806006289, 39.834194468034468 ], [ -86.031674953237356, 39.834109979475635 ], [ -86.032964856761453, 39.833447397174574 ], [ -86.033366350386515, 39.833229939490685 ], [ -86.033417286384918, 39.833203699506683 ], [ -86.033417776987179, 39.833144159885663 ], [ -86.033365724501408, 39.833112238854383 ], [ -86.033219811698743, 39.833074952755403 ], [ -86.032913989442036, 39.833057044984329 ], [ -86.032721395344979, 39.833050789681359 ], [ -86.03136427957979, 39.833038593046602 ], [ -86.030426593161351, 39.833043594868407 ], [ -86.030363779147407, 39.833043791796655 ], [ -86.030141964783397, 39.833067136154014 ], [ -86.029869790476766, 39.833067988534644 ], [ -86.028289622036183, 39.833076356168718 ], [ -86.027947754178783, 39.833070557223067 ], [ -86.027809503357645, 39.833061379276543 ], [ -86.02767548036158, 39.833052188009745 ], [ -86.026800893675599, 39.833048043901393 ], [ -86.026486174251701, 39.83304147096117 ], [ -86.026368998130721, 39.833051442691044 ], [ -86.026264051855136, 39.833059317458741 ], [ -86.025933846225868, 39.83312382438649 ], [ -86.025618171458049, 39.833211619149957 ], [ -86.025374392838486, 39.833259386449605 ], [ -86.025191446583165, 39.833278824642861 ], [ -86.025017690469454, 39.833289657054323 ], [ -86.023568833332305, 39.833300642240623 ], [ -86.02330028655328, 39.833303527889917 ], [ -86.02333523380004, 39.835639284510705 ], [ -86.019613405992914, 39.837423754929659 ], [ -86.019620998083951, 39.837993714174992 ], [ -86.018939915899537, 39.837998529498826 ], [ -86.016173351112485, 39.838016848590151 ], [ -86.016111224611151, 39.8333556008374 ], [ -86.015809728588906, 39.833356508547212 ], [ -86.01374115219015, 39.833362715251674 ], [ -86.012928927591346, 39.833390878956969 ], [ -86.011999437503945, 39.833422817646216 ], [ -86.011346300973855, 39.833443977559426 ], [ -86.011095044105573, 39.833444723750247 ], [ -86.010332962439648, 39.833453502748881 ], [ -86.010087769563668, 39.833466147402582 ], [ -86.01009588998167, 39.833948424782314 ], [ -86.010106002119926, 39.834585454352478 ], [ -86.010122657849109, 39.835601720681431 ], [ -86.010125367816471, 39.835674340208143 ], [ -86.010138472334603, 39.836004074625905 ], [ -86.009812453663898, 39.836005169960522 ], [ -86.008441099719676, 39.836010327594998 ], [ -86.005498549108168, 39.836056042200376 ], [ -86.005500087049555, 39.836238489691681 ], [ -86.005502571439507, 39.836646103488619 ], [ -86.00550508776756, 39.837040474574017 ], [ -86.005357021805906, 39.837071289315311 ], [ -86.005357590388911, 39.837187040297884 ], [ -86.005367079426932, 39.837682928312269 ], [ -86.005417275017223, 39.83821415600498 ], [ -86.005377240295815, 39.838215178971815 ], [ -86.005377562884348, 39.838232090857062 ], [ -86.003354958605811, 39.838250499478782 ], [ -86.002761127955665, 39.838255554716135 ], [ -86.002630068376476, 39.838257465465219 ], [ -86.002386065036248, 39.838260514460345 ], [ -86.002304055833832, 39.838261562352308 ], [ -86.002154108129687, 39.838263527206735 ], [ -86.002067091242523, 39.838265490084659 ], [ -86.001919071677918, 39.838267540028909 ], [ -86.001789068495484, 39.838268546102753 ], [ -86.001721128814964, 39.838269462872994 ], [ -86.001568097165489, 39.838271525943767 ], [ -86.001508061546645, 39.838272509839456 ], [ -86.001476762154638, 39.838261709239745 ], [ -86.001184166854088, 39.838264528455532 ], [ -86.00109677551697, 39.838234582659808 ], [ -86.000948747235114, 39.83818422305874 ], [ -86.000743818647464, 39.838115151738549 ], [ -86.000678055105226, 39.838093035937945 ], [ -86.000576092695638, 39.838064504323341 ], [ -86.000499958563083, 39.838059146460495 ], [ -86.000456072272812, 39.838059524923651 ], [ -86.000405091087899, 39.838059491457415 ], [ -86.000231049723084, 39.838061523133305 ], [ -86.00007502109429, 39.83806152130407 ], [ -86.000010070561331, 39.838062519449629 ], [ -85.999994242093337, 39.838062518993951 ], [ -85.999773093678343, 39.838185186299114 ], [ -85.999685076869753, 39.838237490650783 ], [ -85.999583186054281, 39.838292462911589 ], [ -85.999483053204287, 39.838352474706255 ], [ -85.99923510282359, 39.83849650616235 ], [ -85.999064035244402, 39.838595546203855 ], [ -85.9988680764707, 39.83870952016661 ], [ -85.998698072272873, 39.838809547360917 ], [ -85.998609088520098, 39.83886349108252 ], [ -85.998304072034784, 39.838865534276074 ], [ -85.998041075847567, 39.838867546718824 ], [ -85.9979220524243, 39.838867526358655 ], [ -85.997707050174199, 39.838869491965042 ], [ -85.997493102819533, 39.838870462524419 ], [ -85.997143079689806, 39.838872540930716 ], [ -85.996845098302998, 39.838874470180869 ], [ -85.996461055463257, 39.838876553277942 ], [ -85.995990086531961, 39.838879512359625 ], [ -85.995989570623081, 39.838811862511335 ], [ -85.99598511295892, 39.838201480369825 ], [ -85.991432056263321, 39.838268543903055 ], [ -85.991273086983384, 39.838319525547575 ], [ -85.991249912150806, 39.837168019034657 ], [ -85.991182624748035, 39.837179736782076 ], [ -85.991168383474189, 39.837428564965464 ], [ -85.991184407791707, 39.837558576393185 ], [ -85.99118502153253, 39.837688974980317 ], [ -85.991185467301619, 39.837783684877067 ], [ -85.991201380738786, 39.837902028389365 ], [ -85.991246647707456, 39.840993052946764 ], [ -85.953650315781672, 39.841475110330904 ], [ -85.953509760672858, 39.841475457941051 ], [ -85.953327232867196, 39.834138192955869 ], [ -85.95314171330368, 39.826779994055649 ], [ -85.953052013439773, 39.8195522902638 ], [ -85.952948284304554, 39.81207359952932 ], [ -85.952948276305648, 39.812073078957575 ], [ -85.952865530420098, 39.806880663454031 ], [ -85.952795212751838, 39.802467425003272 ], [ -85.952796688043023, 39.80183051801783 ], [ -85.952708837555747, 39.797378249210681 ], [ -85.952494404206249, 39.786239141694573 ], [ -85.952556486644497, 39.783036622608471 ], [ -85.952522672982894, 39.782617364635705 ], [ -85.952522349954251, 39.782598825795127 ], [ -85.952552711686351, 39.782603417440221 ], [ -85.952650201126431, 39.782602511643987 ], [ -85.952683221739974, 39.782602204198803 ], [ -85.952874360048398, 39.782600426995693 ], [ -85.953076031303979, 39.782598558635272 ], [ -85.953098517790536, 39.782598342818069 ], [ -85.953322640491578, 39.782596257393358 ], [ -85.953381633297781, 39.782595709061795 ], [ -85.953546798201501, 39.782594172349988 ], [ -85.953614614941984, 39.782593541741882 ], [ -85.953770955895266, 39.782592086873656 ], [ -85.953817388091977, 39.782591654957841 ], [ -85.95399511356915, 39.78259000006377 ], [ -85.954020197413641, 39.782589766829275 ], [ -85.954219271230642, 39.78258791372167 ], [ -85.954223006722074, 39.782587878346341 ], [ -85.954493419116531, 39.782585360718514 ], [ -85.954585255283178, 39.782648143723982 ], [ -85.95720106644886, 39.7826185240637 ], [ -85.95838872366933, 39.782605056352367 ], [ -85.960379952112206, 39.782582450018225 ], [ -85.961858263697309, 39.782565643906182 ], [ -85.961965589415627, 39.782561750128572 ], [ -85.962070384804292, 39.782561267269429 ], [ -85.964971894016486, 39.782547868666214 ], [ -85.9661950392249, 39.782540863368141 ], [ -85.967586002134951, 39.782532880565952 ], [ -85.968957801296199, 39.782524991355949 ], [ -85.971307917794164, 39.782511438973188 ], [ -85.971326042219701, 39.782510818562308 ], [ -85.971326880443442, 39.782507386566195 ], [ -85.971328027565917, 39.782502527079465 ], [ -85.971330134955863, 39.782493056283919 ], [ -85.971331647127982, 39.782485736977961 ], [ -85.971332519314515, 39.782481270910125 ], [ -85.971333700621187, 39.782474898188418 ], [ -85.971335143721348, 39.782466475728711 ], [ -85.971336374416097, 39.782458596036925 ], [ -85.971337197832497, 39.782452865540002 ], [ -85.971338151114395, 39.782445611649521 ], [ -85.971338889565814, 39.782439409418465 ], [ -85.971339293644931, 39.78243574078202 ], [ -85.971339749206194, 39.782431304629611 ], [ -85.971340181892231, 39.782426710917974 ], [ -85.971340687842371, 39.782420729964265 ], [ -85.971341145866248, 39.782414469925094 ], [ -85.971341585786348, 39.782407281330606 ], [ -85.971341937315515, 39.782399902924361 ], [ -85.971342091770822, 39.782395749475768 ], [ -85.97134226022753, 39.782389741486909 ], [ -85.9713423633155, 39.78238373457031 ], [ -85.97134239941893, 39.782377891753619 ], [ -85.971317752125529, 39.780532129800491 ], [ -85.971275009700889, 39.777330981504662 ], [ -85.971256723379526, 39.775794689320783 ], [ -85.971225133788749, 39.773140712849688 ], [ -85.971204292938836, 39.771389598859614 ], [ -85.971187810598735, 39.770004615197855 ], [ -85.971137335758357, 39.770012474583247 ], [ -85.970017311355832, 39.770018231868434 ], [ -85.969430218485556, 39.770019155969131 ], [ -85.967795115040758, 39.770021711958741 ], [ -85.967479279794361, 39.770022750727385 ], [ -85.967194679986491, 39.770023679841145 ], [ -85.966914994389938, 39.770022017787944 ], [ -85.966629813226902, 39.770022656099648 ], [ -85.966486270759063, 39.770022963040731 ], [ -85.966494942224216, 39.770791758746462 ], [ -85.966496728342065, 39.770949224234137 ], [ -85.965576013480032, 39.770947563119364 ], [ -85.963572604363904, 39.770943893092138 ], [ -85.962487526734833, 39.770941887458356 ], [ -85.962493061011614, 39.771603020986348 ], [ -85.961856218163121, 39.771630283102496 ], [ -85.961861864396838, 39.77206105932369 ], [ -85.959388833252746, 39.771919462191278 ], [ -85.959297568007358, 39.773360538905159 ], [ -85.959278764273378, 39.773668543414836 ], [ -85.959171627964778, 39.773673974389077 ], [ -85.955907340118259, 39.773838444556148 ], [ -85.955901966939336, 39.773481103765008 ], [ -85.955894675409112, 39.772997264956608 ], [ -85.955889559430716, 39.772658950408768 ], [ -85.955887147207136, 39.772498959019273 ], [ -85.95588507920327, 39.772361809000387 ], [ -85.955876800846269, 39.771811948851372 ], [ -85.955875965787939, 39.771756880439035 ], [ -85.95586719653663, 39.771174461742056 ], [ -85.955862967805359, 39.770895248639064 ], [ -85.954463680001467, 39.77141344139077 ], [ -85.953746155033187, 39.771510589968891 ], [ -85.952731189052699, 39.771810245945957 ], [ -85.952585172712659, 39.771841242496315 ], [ -85.952582512558706, 39.771653883446014 ], [ -85.952551594706506, 39.770225586024779 ], [ -85.953190518554877, 39.770213468894148 ], [ -85.953188484649914, 39.769834623773285 ], [ -85.952545118933244, 39.769846834693389 ], [ -85.952366139544026, 39.769847823014153 ], [ -85.952309300356816, 39.769824604576954 ], [ -85.952298587380653, 39.768516792755086 ], [ -85.95227794093779, 39.765133262466165 ], [ -85.952205140364256, 39.755608318349097 ], [ -85.952056962032103, 39.749288675753135 ], [ -85.95187588897582, 39.742381957306307 ], [ -85.951812126312859, 39.740716403550458 ], [ -85.951846899058253, 39.734113829667969 ], [ -85.956298194271355, 39.735044932444318 ], [ -85.957925616257, 39.735383711755723 ], [ -85.9595835923718, 39.735726958519031 ], [ -85.9611690175132, 39.736062235118084 ], [ -85.963314512159428, 39.736519390641902 ], [ -85.970583494523339, 39.738100049272091 ], [ -85.971441500560289, 39.738279146281151 ], [ -85.971687647177475, 39.738328859987689 ], [ -85.972287452497127, 39.738443424426343 ], [ -85.97278184917171, 39.738532473451578 ], [ -85.973350242769882, 39.738631273909064 ], [ -85.976149117949532, 39.739070518085825 ], [ -85.977463494930817, 39.739269450686919 ], [ -85.979310397296757, 39.739571653033266 ], [ -85.981918815942265, 39.740083585158551 ], [ -85.98489998643231, 39.740789957764285 ], [ -85.989669972649423, 39.741917478415417 ], [ -85.990592211691308, 39.742116614939334 ], [ -85.993134474060568, 39.742686242972653 ], [ -85.994099767734724, 39.742918686520269 ], [ -85.996074940897657, 39.743407310098348 ], [ -85.997446764285129, 39.743748937158436 ], [ -85.999193930440384, 39.744164010651694 ], [ -86.001893917660425, 39.744745067346535 ], [ -86.003815789344699, 39.745154638826037 ], [ -86.005579332818201, 39.745527205542437 ], [ -86.008721862276204, 39.746191302770093 ], [ -86.010926981080388, 39.746659972794291 ], [ -86.019264630834854, 39.748436509150842 ], [ -86.026023719010709, 39.749881292785794 ], [ -86.028883811927315, 39.750481550518437 ], [ -86.030812973532704, 39.750886379471524 ], [ -86.031375742002012, 39.75100500909366 ], [ -86.031895866569513, 39.751114647121945 ], [ -86.032416687821922, 39.751222222553707 ], [ -86.033386526525206, 39.7514215061207 ], [ -86.033402498393983, 39.75142478819631 ], [ -86.03340052723982, 39.751427366781485 ], [ -86.033549811143473, 39.751458494687469 ], [ -86.034933303472684, 39.751746953512018 ], [ -86.035441235617483, 39.751853648347875 ], [ -86.035948433086816, 39.75196232029829 ], [ -86.038118637707854, 39.752427275632336 ], [ -86.040538102858861, 39.752953786293951 ], [ -86.041763345227324, 39.753219141856164 ], [ -86.041998017605451, 39.753269964610745 ], [ -86.043228529462311, 39.753536444116342 ], [ -86.043583822719782, 39.753612790398712 ], [ -86.047245650788014, 39.754399100987477 ], [ -86.049765124553787, 39.754908727353296 ], [ -86.053083616648905, 39.755597077385438 ], [ -86.054352242803134, 39.755872510531681 ], [ -86.054513088197879, 39.755883938791456 ], [ -86.054673490786939, 39.755896925591607 ], [ -86.056797510603715, 39.756358614944752 ], [ -86.05931875669566, 39.756906588580193 ], [ -86.059909333693284, 39.757034936275055 ], [ -86.06028592305428, 39.757116857808832 ], [ -86.061394191861027, 39.757357937970873 ], [ -86.062853214921134, 39.757668802748718 ], [ -86.063973700785183, 39.757912086252929 ], [ -86.066346748288495, 39.758432282129817 ], [ -86.068634667746295, 39.758935116761741 ], [ -86.068726991247246, 39.75895053734596 ], [ -86.068819353690188, 39.758965824420486 ], [ -86.070208921848348, 39.759261539954608 ], [ -86.070859190998661, 39.759401054848588 ], [ -86.072107299761939, 39.759668822658959 ], [ -86.073492309814, 39.759965943209181 ], [ -86.073995416175961, 39.760077860288661 ], [ -86.074961625172293, 39.760292790260358 ], [ -86.076034918096838, 39.760526242589428 ], [ -86.07685194845773, 39.76070419729885 ], [ -86.077651873698926, 39.760876907193072 ], [ -86.078772979800249, 39.761121470215087 ], [ -86.080034995175509, 39.761394224505402 ], [ -86.081492340098208, 39.761713770029459 ], [ -86.082995451624811, 39.762039818832889 ], [ -86.082995996173693, 39.762039936670433 ], [ -86.082996007833074, 39.76204109760873 ], [ -86.083006906144377, 39.763213979752258 ], [ -86.083015332071113, 39.764207055584336 ], [ -86.083019998663204, 39.764704963098076 ], [ -86.083032256181554, 39.766103295882864 ], [ -86.083040161385412, 39.767009553646524 ], [ -86.083045756147072, 39.767569226355533 ], [ -86.083063703113567, 39.769127450467607 ], [ -86.083076999884227, 39.770162029226299 ], [ -86.084933086222804, 39.770072996843481 ], [ -86.085903512185638, 39.770026257480794 ], [ -86.08735523227864, 39.769956834650323 ], [ -86.088738428119981, 39.769890043193179 ], [ -86.089608348583212, 39.769843296050261 ], [ -86.090720105713558, 39.769784676150728 ], [ -86.091360525743269, 39.769750077525728 ], [ -86.092583945046144, 39.76968939009317 ], [ -86.092646497851916, 39.769683283581379 ], [ -86.093764876070793, 39.769626982615726 ], [ -86.094966159566411, 39.769565592257166 ], [ -86.0961681103377, 39.769504871515913 ], [ -86.097369335463185, 39.769443798763518 ], [ -86.098571281786562, 39.769383054056995 ], [ -86.099755109473463, 39.769322707675556 ], [ -86.100942660287998, 39.769262678450389 ], [ -86.102148567596856, 39.769201226188009 ], [ -86.102149209325361, 39.769201193157016 ] ] ] } },
{ "type": "Feature", "properties": { "DISTRICT": "Northwest", "OBJECTID": 4, "JURISDCTN": "IMPD", "POLICEZONE": "NW10", "SHAPE.STArea()": 63895978.23522643, "SHAPE.STLength()": 59211.026384653058, "TOTAL": 153616.74591614251, "WHITE": 49038.958392195171, "BLACK": 65696.390641352162, "AMERICAN_INDIAN": 45.983245379026393, "ASIAN": 3575.9438091755287, "PACIFIC_ISLANDER": 14.999999999999995, "OTHER": 673.77460473670044, "TWO_OR_MORE": 6636.9489722201379, "HISPANIC": 27933.746251083772, "WHITE_PCT": 0.319, "BLACK_PCT": 0.428, "AMERICAN_INDIAN_PCT": 0.0, "ASIAN_PCT": 0.023, "PACIFIC_ISLANDER_PCT": 0.0, "OTHER_PCT": 0.004, "TWO_OR_MORE_PCT": 0.043, "HISPANIC_PCT": 0.182 }, "geometry": { "type": "Polygon", "coordinates": [ [ [ -86.225586153347578, 39.797693926641294 ], [ -86.225603530415583, 39.798514673724569 ], [ -86.225667505821534, 39.801533215659859 ], [ -86.225678097901223, 39.802127762012297 ], [ -86.232741364207968, 39.80211547301294 ], [ -86.232749184123662, 39.808521474446827 ], [ -86.23439995815643, 39.808520958669526 ], [ -86.234936992678612, 39.80852004558939 ], [ -86.234991608982369, 39.805750851930156 ], [ -86.237660099041406, 39.805726770408747 ], [ -86.237653572117139, 39.805260453363182 ], [ -86.239851381303765, 39.805236920861887 ], [ -86.239856080425071, 39.805568387341332 ], [ -86.239858245212147, 39.806036783789509 ], [ -86.239862421777218, 39.808803287569255 ], [ -86.23987151889753, 39.808803261544007 ], [ -86.23986814296569, 39.808621474943635 ], [ -86.240024148250427, 39.808719434005702 ], [ -86.240841245311145, 39.808708997931973 ], [ -86.240686466515058, 39.808946940288642 ], [ -86.240689912551971, 39.809346529602038 ], [ -86.243971405929173, 39.809303826440804 ], [ -86.245036933819222, 39.809290627594962 ], [ -86.246745286042596, 39.809269746979474 ], [ -86.248283231522208, 39.809256556816372 ], [ -86.251696653772044, 39.809208855942401 ], [ -86.252177643272404, 39.809202998274962 ], [ -86.252700990258944, 39.809201042560332 ], [ -86.252882931098071, 39.809215908674354 ], [ -86.253026717094173, 39.809237144123486 ], [ -86.253168017471737, 39.809266970851127 ], [ -86.253271921012015, 39.809294242127073 ], [ -86.253595966150442, 39.809387656695243 ], [ -86.253855557547624, 39.809462180724857 ], [ -86.254126159948868, 39.809536305268914 ], [ -86.254301517553031, 39.809574880227629 ], [ -86.254443562999896, 39.809600583755696 ], [ -86.254695024306628, 39.809634654713321 ], [ -86.254876305732168, 39.809650208250588 ], [ -86.255058359585647, 39.809658549516833 ], [ -86.255277216090775, 39.809658468975066 ], [ -86.255837613144266, 39.809637437589068 ], [ -86.255839669621835, 39.809637428047708 ], [ -86.255681344484444, 39.809359593947953 ], [ -86.25567217553052, 39.809154433385025 ], [ -86.255839193960654, 39.809140523915126 ], [ -86.257860838345621, 39.809119071024199 ], [ -86.258203173198169, 39.809115434896611 ], [ -86.260571773058871, 39.809191075361461 ], [ -86.260608058974455, 39.810884120211774 ], [ -86.261628732197423, 39.810868299228218 ], [ -86.263565127993232, 39.810837763810639 ], [ -86.26505613117871, 39.81081464301031 ], [ -86.268424904579405, 39.810761188710124 ], [ -86.269904450435149, 39.810755094005948 ], [ -86.270024496950882, 39.810744992078028 ], [ -86.270014413326336, 39.809262953249061 ], [ -86.270198913671479, 39.809258780143523 ], [ -86.270192649158147, 39.808909652414151 ], [ -86.271787155992243, 39.808878466363119 ], [ -86.272789122617723, 39.808858463908869 ], [ -86.273083171514372, 39.808852423257107 ], [ -86.273332146952569, 39.808847428133994 ], [ -86.273599134802225, 39.808842429228555 ], [ -86.273848206702212, 39.808837522560694 ], [ -86.274199081960816, 39.808830461167808 ], [ -86.274965449953257, 39.808802934937241 ], [ -86.275048366037097, 39.808799977444792 ], [ -86.275235961346183, 39.808793228505216 ], [ -86.275267547710314, 39.80879207209928 ], [ -86.275282379049159, 39.80879154397168 ], [ -86.275408051476859, 39.808787010943156 ], [ -86.275417007008414, 39.80878669105644 ], [ -86.275406969984829, 39.808544301196413 ], [ -86.2753879931212, 39.807722971959464 ], [ -86.275371997023385, 39.806954211735388 ], [ -86.275359662125581, 39.806252561912977 ], [ -86.275353754203081, 39.80591645347365 ], [ -86.275350539401316, 39.805733581873731 ], [ -86.275353324431393, 39.8055195705156 ], [ -86.275338072697295, 39.805191460371113 ], [ -86.275336828664649, 39.804953572619354 ], [ -86.275325280208207, 39.804296637657004 ], [ -86.275294635815072, 39.802553218296914 ], [ -86.275288427490338, 39.801921481962651 ], [ -86.275276072945545, 39.801497074602999 ], [ -86.275273939673383, 39.801174029245082 ], [ -86.274943354310892, 39.801024130050685 ], [ -86.274719324440994, 39.80093882889939 ], [ -86.274502885068145, 39.80085657595636 ], [ -86.274374108105391, 39.800808179141399 ], [ -86.274275772405417, 39.800774721651763 ], [ -86.274142557458973, 39.800733897248421 ], [ -86.274007214789833, 39.800697544855723 ], [ -86.27380088881209, 39.800652298510308 ], [ -86.273696994748875, 39.800631909538083 ], [ -86.273522189676555, 39.80060434190937 ], [ -86.273416413834298, 39.80059116970331 ], [ -86.273310158209242, 39.800580400199678 ], [ -86.273167933539852, 39.800570848972285 ], [ -86.272989539748139, 39.800565261281676 ], [ -86.272884951473955, 39.800598750702079 ], [ -86.272733083928173, 39.800567631390109 ], [ -86.272623748015292, 39.800573348834284 ], [ -86.272442267079612, 39.800589738408156 ], [ -86.272226421510155, 39.800619346966798 ], [ -86.272120149934366, 39.800638431930395 ], [ -86.271981560186319, 39.800669353593435 ], [ -86.27188560348182, 39.800729562355549 ], [ -86.271680221897157, 39.800785538334928 ], [ -86.271541323232398, 39.800831902202965 ], [ -86.271351081784331, 39.800908731194788 ], [ -86.271196850941521, 39.800931496781814 ], [ -86.270986359549752, 39.80106470825551 ], [ -86.270930441724062, 39.801118531793612 ], [ -86.270763387453229, 39.80121411265327 ], [ -86.270559284833254, 39.801359300549272 ], [ -86.270009261312978, 39.801757134240624 ], [ -86.269882311517733, 39.801987708747419 ], [ -86.269821603714206, 39.794249509091365 ], [ -86.269750943015353, 39.791500506479821 ], [ -86.269729892740187, 39.790662627450253 ], [ -86.269762832982082, 39.790054039531576 ], [ -86.269741212071651, 39.789704819300596 ], [ -86.26965653913868, 39.788909821148891 ], [ -86.269641191785809, 39.788158044446348 ], [ -86.269655673019045, 39.7875114618016 ], [ -86.25635047245018, 39.784940955244934 ], [ -86.256269556253571, 39.783785613988691 ], [ -86.256353785718616, 39.781532014622734 ], [ -86.256361874768203, 39.781444125246921 ], [ -86.256408009672199, 39.781332365585314 ], [ -86.256491120410402, 39.781234142477217 ], [ -86.256702765349431, 39.780999033326374 ], [ -86.256853032330497, 39.780946109330173 ], [ -86.256955890800697, 39.780829943076391 ], [ -86.256984803866146, 39.780778321507533 ], [ -86.256888860897348, 39.78067586228336 ], [ -86.256949161000065, 39.779847173670412 ], [ -86.257476506526245, 39.779837452379333 ], [ -86.258440463028634, 39.779819676717885 ], [ -86.259255112846418, 39.779803963305547 ], [ -86.259629391190501, 39.779796803353776 ], [ -86.26036483126876, 39.779782727966257 ], [ -86.261740466207456, 39.779746780720117 ], [ -86.262699086662451, 39.779716554217352 ], [ -86.264280427720365, 39.77966140943812 ], [ -86.266577520771705, 39.779616958052038 ], [ -86.268895047004605, 39.779569953070578 ], [ -86.269725164618194, 39.779556034062423 ], [ -86.270136268311603, 39.779548063426162 ], [ -86.270332494149329, 39.779547729223601 ], [ -86.270754465529677, 39.779534552508942 ], [ -86.272357566171806, 39.779502175955237 ], [ -86.273499504929987, 39.779481454771954 ], [ -86.273614329159685, 39.779477765899991 ], [ -86.274593531938407, 39.779462002809993 ], [ -86.275664600632723, 39.779486928292457 ], [ -86.278581808610951, 39.779427659402089 ], [ -86.27906338584971, 39.779417912911171 ], [ -86.284222686831086, 39.779315422188397 ], [ -86.289181598362802, 39.779217551904487 ], [ -86.293768754816242, 39.779152020096134 ], [ -86.296143342750881, 39.7791175457848 ], [ -86.29668130053733, 39.779109136154709 ], [ -86.298765605424094, 39.779077899446555 ], [ -86.300481443519573, 39.779053785573971 ], [ -86.307974181128117, 39.778941932842038 ], [ -86.311392581631424, 39.778890392779104 ], [ -86.315462215695078, 39.778829279503988 ], [ -86.317491310400086, 39.778799387755605 ], [ -86.319432748411941, 39.778765149408869 ], [ -86.321587858003383, 39.778728300357628 ], [ -86.324125555878226, 39.778685469795242 ], [ -86.326872433289722, 39.778641050802385 ], [ -86.326506162503293, 39.784703964283132 ], [ -86.326525833446425, 39.785872641742195 ], [ -86.326527651205581, 39.785981411927537 ], [ -86.326536380225619, 39.786470359879502 ], [ -86.326657310375836, 39.793312888835317 ], [ -86.326747755990155, 39.797277538131091 ], [ -86.327193520992608, 39.817601126727084 ], [ -86.327195288923292, 39.817681730014762 ], [ -86.327258184020508, 39.820573132937163 ], [ -86.327300921420289, 39.822712455525789 ], [ -86.327444498046631, 39.830789822817323 ], [ -86.32751135464116, 39.834106201457452 ], [ -86.327871464591297, 39.851961642448138 ], [ -86.328136158335397, 39.866130592739395 ], [ -86.326006167988467, 39.86615164108634 ], [ -86.326037521986535, 39.868839369055095 ], [ -86.325985760365214, 39.87919682265413 ], [ -86.325970323247304, 39.882286121201695 ], [ -86.32603220118105, 39.902535050347502 ], [ -86.325995075500046, 39.913662900433181 ], [ -86.32610511670471, 39.924166048339906 ], [ -86.320639278323384, 39.924217250232772 ], [ -86.316978692487453, 39.924222740221829 ], [ -86.316171536325342, 39.924232411643331 ], [ -86.313443428322245, 39.924278544737717 ], [ -86.306754813916399, 39.924400076054475 ], [ -86.302249948989413, 39.924487310259323 ], [ -86.300285101955993, 39.924501838670508 ], [ -86.297231394691082, 39.924535643209225 ], [ -86.294709798036379, 39.924565456906095 ], [ -86.291174679199358, 39.924610973519052 ], [ -86.27868466009096, 39.924712230511084 ], [ -86.275475484651267, 39.924801529508208 ], [ -86.268069625477551, 39.924948270328841 ], [ -86.259770954041286, 39.925114207946102 ], [ -86.255793302464028, 39.925321110537382 ], [ -86.250350839536537, 39.925603985916752 ], [ -86.240798434750076, 39.926126597076866 ], [ -86.231694562611636, 39.926150729330097 ], [ -86.229619770370036, 39.926156703577597 ], [ -86.228388363016762, 39.92362131365789 ], [ -86.228019479840967, 39.922867827605103 ], [ -86.227749319422088, 39.922305340841035 ], [ -86.226943064752376, 39.920627121003989 ], [ -86.226296782799182, 39.919277203459437 ], [ -86.224418708260217, 39.915332138566527 ], [ -86.223537422492953, 39.913496061460847 ], [ -86.222651351866745, 39.911654509522108 ], [ -86.22179626969303, 39.909871823614395 ], [ -86.221647051949788, 39.909402422126597 ], [ -86.219743079713695, 39.905452251289226 ], [ -86.217583063247659, 39.900942895814673 ], [ -86.215763688977972, 39.897143579702885 ], [ -86.215041170350474, 39.895668017577563 ], [ -86.213290262794615, 39.89202618448126 ], [ -86.212634055443601, 39.890655297602564 ], [ -86.212238821665196, 39.889834623630669 ], [ -86.2112420249141, 39.88775672203294 ], [ -86.209795050049607, 39.884774871621325 ], [ -86.208466466101967, 39.882040282431497 ], [ -86.207016479979728, 39.879013770308688 ], [ -86.206048472145326, 39.876996370257331 ], [ -86.204571623086025, 39.873913189681346 ], [ -86.203981832298012, 39.87268160843 ], [ -86.203427962232311, 39.871522983380068 ], [ -86.202875397295685, 39.870369980329798 ], [ -86.202306261892559, 39.869207845224338 ], [ -86.201747731492176, 39.868066558932512 ], [ -86.201273845074098, 39.86709257057484 ], [ -86.20026867122769, 39.865020011412291 ], [ -86.198160245891856, 39.860674048555801 ], [ -86.196557351847503, 39.857394315498027 ], [ -86.195639893863998, 39.855471190358408 ], [ -86.194815991955636, 39.853738216729276 ], [ -86.192949431449762, 39.849925393637797 ], [ -86.191580126558435, 39.847103832603509 ], [ -86.190311741737943, 39.844507252513239 ], [ -86.189143907718432, 39.842081016068498 ], [ -86.187697117926618, 39.839097265036862 ], [ -86.186192725741421, 39.835940725545925 ], [ -86.185070700121301, 39.833583543517541 ], [ -86.184269362601285, 39.831974144905992 ], [ -86.18417079075796, 39.831782034982886 ], [ -86.184181817585127, 39.831756357242277 ], [ -86.184177275216811, 39.831747280740949 ], [ -86.18406453468252, 39.831521996506638 ], [ -86.183984979862231, 39.831363022799394 ], [ -86.183929137900421, 39.831251435625894 ], [ -86.183905137814932, 39.83120199498476 ], [ -86.183840474096243, 39.831068786887798 ], [ -86.183780936432157, 39.830946138773307 ], [ -86.183687227147658, 39.830753094347962 ], [ -86.183596436031991, 39.830566060517171 ], [ -86.183509161052442, 39.83038627124435 ], [ -86.183407608159172, 39.830177064766623 ], [ -86.183319791938374, 39.829996157314696 ], [ -86.183097243422679, 39.8295351260766 ], [ -86.182964148185988, 39.829259190227368 ], [ -86.182929041309336, 39.829189453554584 ], [ -86.182883016876247, 39.829218051968141 ], [ -86.182801656687033, 39.829056873363051 ], [ -86.182371988826148, 39.828163148614927 ], [ -86.181923337815704, 39.827229014084651 ], [ -86.181463740423979, 39.826265071689839 ], [ -86.181079055772571, 39.8254607065494 ], [ -86.180704990874645, 39.824736246402608 ], [ -86.18063076135526, 39.824592558890409 ], [ -86.180492176562538, 39.824479803478752 ], [ -86.179680283906677, 39.822742025411912 ], [ -86.179679989548774, 39.822741396243678 ], [ -86.17915313479277, 39.821651482391779 ], [ -86.178923578767595, 39.821177584724417 ], [ -86.177152736334065, 39.817461945092013 ], [ -86.176636834039911, 39.816409174548106 ], [ -86.175160857645878, 39.813179638846094 ], [ -86.175003109509007, 39.813108444660344 ], [ -86.17509304412755, 39.813036885763374 ], [ -86.174811971383932, 39.812493210886153 ], [ -86.174562434928575, 39.811875467295494 ], [ -86.174562242225605, 39.811874990782343 ], [ -86.170769646636245, 39.811870674660121 ], [ -86.170745161897557, 39.811870646831473 ], [ -86.170722714984436, 39.811866765171942 ], [ -86.169686629447881, 39.811687599760376 ], [ -86.168965035220936, 39.81145203296122 ], [ -86.168937181922686, 39.811442940547686 ], [ -86.168912201381261, 39.811431091341625 ], [ -86.168534456667118, 39.811251907544708 ], [ -86.168241862013147, 39.811103785254993 ], [ -86.168175055012199, 39.811069964626896 ], [ -86.168050907318815, 39.810988419187773 ], [ -86.167915455990325, 39.810899448658333 ], [ -86.167861141308776, 39.810863771634388 ], [ -86.167835861545129, 39.810843953429334 ], [ -86.167493979472582, 39.810575926514083 ], [ -86.167339020710386, 39.810454441429329 ], [ -86.16723807611244, 39.810365391451356 ], [ -86.167237605961972, 39.810364976467845 ], [ -86.167237151272516, 39.810364438926044 ], [ -86.167123852820623, 39.810230533665468 ], [ -86.167083636648002, 39.81018300294658 ], [ -86.167036665026444, 39.810127486252313 ], [ -86.167025860107643, 39.810127486911419 ], [ -86.167002540818345, 39.810103201733995 ], [ -86.166374238941913, 39.810115590606706 ], [ -86.165818533077911, 39.810114649076091 ], [ -86.164841495512007, 39.810116391838221 ], [ -86.164434388387988, 39.810117490501128 ], [ -86.163817586837496, 39.81011901711976 ], [ -86.163001639241713, 39.81012996148818 ], [ -86.162644697972127, 39.810130399747024 ], [ -86.161417385452395, 39.810131795252886 ], [ -86.16081395686335, 39.810132368925153 ], [ -86.160234868345484, 39.810132916087042 ], [ -86.159067971667554, 39.810126256022656 ], [ -86.159045857805111, 39.810126653390206 ], [ -86.159014301687037, 39.810122437938986 ], [ -86.15896101418069, 39.810120502416915 ], [ -86.156954155527401, 39.810160573555521 ], [ -86.156715039572731, 39.810164164098396 ], [ -86.156692580620685, 39.808335925368844 ], [ -86.156673839355008, 39.80654175187221 ], [ -86.156639525098527, 39.803466624012749 ], [ -86.156735143990943, 39.803389161197252 ], [ -86.156839553893235, 39.802210738444998 ], [ -86.156825413885301, 39.801089229069248 ], [ -86.156896122818921, 39.800388744642071 ], [ -86.15700472025145, 39.79923120813207 ], [ -86.157112751586013, 39.798108047970793 ], [ -86.157117780949989, 39.79805631352923 ], [ -86.157163771352884, 39.797626724777416 ], [ -86.157198283766235, 39.797323409683607 ], [ -86.157246382745768, 39.796954080647176 ], [ -86.157302190057806, 39.796425716382664 ], [ -86.157357796231594, 39.795901037560391 ], [ -86.157371278992017, 39.795588262284454 ], [ -86.157361062269416, 39.794757821010336 ], [ -86.15735474331558, 39.794146747125012 ], [ -86.157343014777496, 39.793451318899407 ], [ -86.157324274010818, 39.792020320720738 ], [ -86.157310590275131, 39.791071579814158 ], [ -86.157306500863342, 39.790757420385418 ], [ -86.157300425379816, 39.790334274846707 ], [ -86.157288396565576, 39.78949642610398 ], [ -86.157274895249216, 39.788649110143851 ], [ -86.157280568296741, 39.788165601844966 ], [ -86.157336463782215, 39.786709226366078 ], [ -86.157373662373601, 39.785739991605823 ], [ -86.157399971439105, 39.785086584769751 ], [ -86.157434510286294, 39.78422086864758 ], [ -86.157455698651134, 39.783665631039014 ], [ -86.157468908305304, 39.783367149111058 ], [ -86.157489724804293, 39.782866273400693 ], [ -86.158267099523457, 39.782879110596248 ], [ -86.158556945273048, 39.782905335112815 ], [ -86.158865651531784, 39.782933194707553 ], [ -86.159205665245466, 39.782946508868157 ], [ -86.159426332947405, 39.782954836500458 ], [ -86.159802880672245, 39.782969022356589 ], [ -86.160080807889742, 39.782968870524869 ], [ -86.160571229465162, 39.782984628633209 ], [ -86.160766905718532, 39.782996835713838 ], [ -86.161010955397359, 39.783017073119503 ], [ -86.161220097025392, 39.783038487349145 ], [ -86.161399717553962, 39.783060026152519 ], [ -86.161544744074718, 39.783079654150995 ], [ -86.161689393074099, 39.783100999369353 ], [ -86.161881484892774, 39.783132436718141 ], [ -86.162024887835685, 39.783158247891436 ], [ -86.162167747528954, 39.783185776997655 ], [ -86.162357284008067, 39.783225460264475 ], [ -86.162498618732556, 39.783257456532517 ], [ -86.162678223584081, 39.783299927872122 ], [ -86.162970761075755, 39.783375200570667 ], [ -86.16318487400126, 39.783430562654196 ], [ -86.163322177611605, 39.78346600674481 ], [ -86.163418036954766, 39.783490647015952 ], [ -86.163549545351131, 39.783524399851515 ], [ -86.163703725296443, 39.783564232287929 ], [ -86.163991641841022, 39.783638493622206 ], [ -86.164157521311751, 39.783689256377826 ], [ -86.164290913807648, 39.78372986345687 ], [ -86.164568679876169, 39.783814805681814 ], [ -86.164701323898996, 39.783859532495462 ], [ -86.164831221933056, 39.783908732900578 ], [ -86.16490843773056, 39.783946148814564 ], [ -86.165791783003471, 39.783839748759853 ], [ -86.166131408937346, 39.783760047530194 ], [ -86.16624980192482, 39.783702230525705 ], [ -86.166456913348483, 39.783603881859982 ], [ -86.16667866335726, 39.783476987629449 ], [ -86.166782116644285, 39.783413743917109 ], [ -86.16695193424917, 39.783286729788692 ], [ -86.167055098523335, 39.783183337574094 ], [ -86.167150849881423, 39.783085467765858 ], [ -86.16723172973569, 39.782976337803326 ], [ -86.167319756978841, 39.782832861132391 ], [ -86.167371017783978, 39.78274101675035 ], [ -86.167407200669928, 39.782609087895437 ], [ -86.167479136862625, 39.782293758267556 ], [ -86.167574663664183, 39.782172897467426 ], [ -86.168360113452692, 39.782117344629604 ], [ -86.169843858226869, 39.782108862063545 ], [ -86.170021452208445, 39.782088875071352 ], [ -86.170126280537062, 39.782069889815176 ], [ -86.170263077292134, 39.782036009945081 ], [ -86.17032986719515, 39.782015816927419 ], [ -86.170459671704407, 39.781968240843518 ], [ -86.170522408642455, 39.781941202145134 ], [ -86.170642891323027, 39.781880969473924 ], [ -86.170728474145221, 39.781830496693942 ], [ -86.170860407912187, 39.781732457651252 ], [ -86.170858906684373, 39.781570584468454 ], [ -86.170853362056675, 39.780966952701988 ], [ -86.171753209490504, 39.780962738200067 ], [ -86.172220141586209, 39.780983613845315 ], [ -86.17232742106944, 39.780973194879806 ], [ -86.172606584341594, 39.780930456058648 ], [ -86.173433824605809, 39.780928219393843 ], [ -86.175455260770292, 39.780926377708596 ], [ -86.176242063267665, 39.78143939584249 ], [ -86.176799316446676, 39.781877960858864 ], [ -86.177341806125085, 39.781423658238751 ], [ -86.17808377360943, 39.781005217339029 ], [ -86.178951324245176, 39.780777837477686 ], [ -86.179798886628291, 39.780646347294699 ], [ -86.182551006677201, 39.780586241026064 ], [ -86.184578667641105, 39.780513338454504 ], [ -86.186792339906489, 39.780407628936587 ], [ -86.188199494887456, 39.780385345821081 ], [ -86.18895509283756, 39.780704796539872 ], [ -86.189619624822058, 39.780382458924144 ], [ -86.189610135586207, 39.780529446301145 ], [ -86.189500074496266, 39.780580478292549 ], [ -86.189338087686934, 39.78067939798661 ], [ -86.189284834383642, 39.780717202360755 ], [ -86.18926615837168, 39.78073052821992 ], [ -86.189196018073304, 39.780763544036361 ], [ -86.18912415106189, 39.780797468261106 ], [ -86.189078603202404, 39.780810104449607 ], [ -86.189052081523982, 39.780817431052391 ], [ -86.189013287799639, 39.780831748100333 ], [ -86.188984095490667, 39.780842509281676 ], [ -86.188876451333257, 39.780894971787568 ], [ -86.188861101651142, 39.780902517378131 ], [ -86.188809189353847, 39.780939414822114 ], [ -86.188702090097266, 39.781038537006211 ], [ -86.188629165577751, 39.781136513746489 ], [ -86.188600728758161, 39.781183484966476 ], [ -86.188588080672503, 39.781204530331884 ], [ -86.188548183549727, 39.781251463009738 ], [ -86.18848518893796, 39.781325433383969 ], [ -86.188454852467856, 39.781350432979764 ], [ -86.188434085332972, 39.78136746178366 ], [ -86.188404559387891, 39.78139777171819 ], [ -86.188354202690178, 39.781449525840586 ], [ -86.188332593534213, 39.781482593168867 ], [ -86.188309080523297, 39.781518461150036 ], [ -86.188302059441625, 39.781532455908106 ], [ -86.18825194462373, 39.781590603706725 ], [ -86.188226171075357, 39.781620537360226 ], [ -86.188204603606493, 39.781646307189462 ], [ -86.188151066061209, 39.781710506664055 ], [ -86.188100777270719, 39.781758475723628 ], [ -86.188087105384298, 39.781771509605399 ], [ -86.188071176371253, 39.781791578908816 ], [ -86.188011083011872, 39.781867428308992 ], [ -86.187820734455741, 39.782177265969999 ], [ -86.18777516858755, 39.78225142788606 ], [ -86.187753086802303, 39.782285669006178 ], [ -86.187719107366732, 39.782338519291116 ], [ -86.187677142118503, 39.782430411943722 ], [ -86.187649155130146, 39.782524493522956 ], [ -86.187638138684974, 39.782570484716345 ], [ -86.187629185371947, 39.782634483792158 ], [ -86.187628178408687, 39.782641514494628 ], [ -86.187609148057589, 39.782748527406191 ], [ -86.187602198820784, 39.782797473472577 ], [ -86.187601140968241, 39.782810450673239 ], [ -86.187569017420728, 39.782879417401467 ], [ -86.187560109814612, 39.782898555339642 ], [ -86.187533126019204, 39.782972453612217 ], [ -86.187525118601442, 39.78302149448924 ], [ -86.1875211222318, 39.783053491865097 ], [ -86.187519118990622, 39.783081516415656 ], [ -86.187468180461565, 39.783273439717135 ], [ -86.187465161837721, 39.783294532708673 ], [ -86.187448156756446, 39.783376494070502 ], [ -86.187439065969826, 39.783409595114982 ], [ -86.187431097772176, 39.783438457038557 ], [ -86.187403055312004, 39.783499568610637 ], [ -86.187280139000634, 39.783762440447781 ], [ -86.187247711274296, 39.783778440531052 ], [ -86.187223150378273, 39.783790531507087 ], [ -86.187163189847425, 39.783820527289052 ], [ -86.187110489560496, 39.78385535593808 ], [ -86.187105314064468, 39.783858711652485 ], [ -86.187092091801446, 39.783867509314902 ], [ -86.187074874158313, 39.783882900734525 ], [ -86.187074819651812, 39.783882948714826 ], [ -86.187038237921868, 39.783915493888152 ], [ -86.187027142057602, 39.783925452888475 ], [ -86.18698809541641, 39.783970488877706 ], [ -86.186919115409481, 39.784081419269548 ], [ -86.186908975169629, 39.784115966957515 ], [ -86.186897146144304, 39.784156466682361 ], [ -86.186891200770717, 39.78423648605191 ], [ -86.186893206461917, 39.784285481989905 ], [ -86.186908096651052, 39.784357391032273 ], [ -86.186920335517897, 39.78439688218625 ], [ -86.1869261575564, 39.784415503700139 ], [ -86.186994078590033, 39.784547530237205 ], [ -86.187019104462109, 39.784584262016622 ], [ -86.187028159143892, 39.784597463167792 ], [ -86.18709117763288, 39.784666453440117 ], [ -86.187096538685637, 39.784675167765322 ], [ -86.187127051790625, 39.784724486189745 ], [ -86.187232076672203, 39.784834546191448 ], [ -86.187285105749467, 39.784881511880045 ], [ -86.187419115152693, 39.78497846923014 ], [ -86.187588605943034, 39.785094094909404 ], [ -86.187597120741046, 39.78509946164975 ], [ -86.187638871096922, 39.785119092724742 ], [ -86.187663127582255, 39.785130514294849 ], [ -86.187720095217728, 39.78515043729432 ], [ -86.187813146708095, 39.785179476102272 ], [ -86.187979128136206, 39.785225482945876 ], [ -86.188155344782629, 39.78528774940969 ], [ -86.188231142481541, 39.785314523652033 ], [ -86.188314111743637, 39.785347481178697 ], [ -86.188353978917164, 39.785360093380234 ], [ -86.188472036176208, 39.785397487408218 ], [ -86.18850572666571, 39.785408416044014 ], [ -86.188564132705991, 39.785427521550275 ], [ -86.188765159317569, 39.785459497435504 ], [ -86.188813161502154, 39.78546549703993 ], [ -86.188904092021716, 39.78546851045401 ], [ -86.18900911327853, 39.785488486767079 ], [ -86.189087206952223, 39.785500476315171 ], [ -86.189185099481875, 39.785507422946814 ], [ -86.189193736653777, 39.785507955086764 ], [ -86.189478083614361, 39.785525470670429 ], [ -86.189827101339802, 39.785643437418749 ], [ -86.189908166700931, 39.785666403072767 ], [ -86.189961397580745, 39.785681123295689 ], [ -86.190005924549297, 39.78569343740832 ], [ -86.190057070343201, 39.78570752931099 ], [ -86.190180110116785, 39.785741476553717 ], [ -86.190301171223368, 39.78576849558258 ], [ -86.190502128576483, 39.785816503510539 ], [ -86.190565198972308, 39.785828469806113 ], [ -86.190668115944064, 39.785837464058758 ], [ -86.19071891759296, 39.785844170774446 ], [ -86.190798058480652, 39.78585453322237 ], [ -86.190886152921038, 39.785864494901446 ], [ -86.191028134156952, 39.785894480969247 ], [ -86.191071144915313, 39.785902484580234 ], [ -86.191196154780485, 39.785929484829886 ], [ -86.191266064009824, 39.785941419833328 ], [ -86.191377125825355, 39.785970464426192 ], [ -86.191487134087055, 39.785987442810473 ], [ -86.191538924555346, 39.785997658233889 ], [ -86.191584156834281, 39.786006552283375 ], [ -86.191656146211855, 39.786013523021055 ], [ -86.19166906638668, 39.786015537028781 ], [ -86.191780103486849, 39.786028546603326 ], [ -86.191845073262584, 39.786049512173761 ], [ -86.191941148638591, 39.78607051705545 ], [ -86.192035116697511, 39.786080451275382 ], [ -86.192065177335238, 39.786082476808751 ], [ -86.192158111065893, 39.786095478812406 ], [ -86.192212206050385, 39.786117484162638 ], [ -86.192333606089903, 39.786150805167495 ], [ -86.192460120407347, 39.786185453888294 ], [ -86.19254415036599, 39.786205522099237 ], [ -86.192601259391367, 39.786218414975892 ], [ -86.192637143538718, 39.786226450302394 ], [ -86.192746103112825, 39.786257394529905 ], [ -86.192850083590045, 39.786279443633269 ], [ -86.192925208851108, 39.786293426441524 ], [ -86.192977805933012, 39.786308321981537 ], [ -86.193017085651334, 39.786319494158093 ], [ -86.193056163838065, 39.786329496356096 ], [ -86.193101168791529, 39.786346497832348 ], [ -86.193163873879968, 39.786360806128314 ], [ -86.193228122720953, 39.786375468557011 ], [ -86.193265120588009, 39.786390524812013 ], [ -86.193387148445211, 39.786430417700551 ], [ -86.193478474322603, 39.786459820954263 ], [ -86.193560048702011, 39.786486024173762 ], [ -86.193630133860452, 39.786508497566636 ], [ -86.193682863883069, 39.786528075699316 ], [ -86.193808120573536, 39.786574440151277 ], [ -86.193846363045097, 39.786588408854264 ], [ -86.193882093406771, 39.786601489181386 ], [ -86.193976097380428, 39.786628537215933 ], [ -86.194029139246041, 39.786638474735398 ], [ -86.194066878907478, 39.78666226572431 ], [ -86.194121164691367, 39.786696430245037 ], [ -86.194206127693363, 39.786737481467938 ], [ -86.194255745818907, 39.786753110509061 ], [ -86.194298123996361, 39.78676652075535 ], [ -86.194434111486942, 39.786805538459689 ], [ -86.194509136560285, 39.7868315014911 ], [ -86.194600169303257, 39.78686045395245 ], [ -86.194697178748285, 39.786877398352196 ], [ -86.194698430903074, 39.786877482722502 ], [ -86.194716288118926, 39.786878379604637 ], [ -86.194797082400726, 39.78688243877135 ], [ -86.194916160827802, 39.786876401772325 ], [ -86.194929244493451, 39.786887242200194 ], [ -86.194960062353758, 39.786912505486718 ], [ -86.195034129964483, 39.786964505682846 ], [ -86.195117078768462, 39.787006466982561 ], [ -86.195134563403045, 39.787013593673109 ], [ -86.195223146787214, 39.787049493806016 ], [ -86.195311161831185, 39.787086477271387 ], [ -86.195406113100987, 39.787111447371544 ], [ -86.19553414809063, 39.787130502300144 ], [ -86.195596140084078, 39.787139497636829 ], [ -86.195740491692973, 39.787226850100794 ], [ -86.196193110323719, 39.787490529321737 ], [ -86.196375130161925, 39.787579510456489 ], [ -86.196498133943095, 39.7876455197136 ], [ -86.196611161107739, 39.787691485718398 ], [ -86.196753330701313, 39.787757677382672 ], [ -86.196886124928128, 39.787819498394292 ], [ -86.19703712638821, 39.787919520179862 ], [ -86.197143087779153, 39.787998488101927 ], [ -86.197333152495631, 39.788131482109911 ], [ -86.197543125946183, 39.788298524852848 ], [ -86.197661154650731, 39.788393471824996 ], [ -86.19786741986853, 39.788540381015679 ], [ -86.198120280645838, 39.788705550219383 ], [ -86.198129218298732, 39.788711388900737 ], [ -86.199314096695332, 39.788366529604119 ], [ -86.199946236031877, 39.788179497674896 ], [ -86.199995276318731, 39.788164593994246 ], [ -86.200012145267721, 39.78815946727881 ], [ -86.200079114015182, 39.788139521142263 ], [ -86.200147149715789, 39.788120471638905 ], [ -86.200215201380303, 39.788103493576934 ], [ -86.200283935440666, 39.78808750308081 ], [ -86.200353061208858, 39.78807250148617 ], [ -86.200387973539719, 39.788066485631916 ], [ -86.200458173443877, 39.788053461422372 ], [ -86.200493085755625, 39.788047445536606 ], [ -86.200562916379937, 39.788036494517108 ], [ -86.200634201087524, 39.78802652750862 ], [ -86.200705113985222, 39.788018454487514 ], [ -86.200776035223399, 39.788011462195833 ], [ -86.200850913055305, 39.788005532459486 ], [ -86.200851767259167, 39.788005482593057 ], [ -86.20090318183145, 39.78800249885407 ], [ -86.200953163255861, 39.788002448887276 ], [ -86.202086158975916, 39.787988489626379 ], [ -86.202875960377156, 39.787978537377569 ], [ -86.204153209182408, 39.787963530149071 ], [ -86.20522823670197, 39.78795052831974 ], [ -86.205626026263786, 39.787945529209047 ], [ -86.206217079035795, 39.787938458573052 ], [ -86.206221124174945, 39.787938439765796 ], [ -86.206226131978582, 39.787938506550198 ], [ -86.206243032121279, 39.787944463401928 ], [ -86.206256022265137, 39.787955483116654 ], [ -86.206273266370133, 39.787968555504875 ], [ -86.20629525503594, 39.787972506300754 ], [ -86.206841037565837, 39.78796447210555 ], [ -86.20736516068645, 39.787957436937297 ], [ -86.208424956545571, 39.787942495874908 ], [ -86.209583164513688, 39.787926453397816 ], [ -86.209585957708143, 39.787926530397847 ], [ -86.211036070828229, 39.787887487597899 ], [ -86.211676117643194, 39.78787745729722 ], [ -86.212580100201976, 39.787863479244031 ], [ -86.213644258525179, 39.787852523037415 ], [ -86.214150097688048, 39.78784743482214 ], [ -86.21462994444137, 39.787843548847782 ], [ -86.215818081742526, 39.787837482256123 ], [ -86.217176998428641, 39.787811495563268 ], [ -86.21853411283044, 39.787784510786231 ], [ -86.21854550434017, 39.787784284584745 ], [ -86.219536044004499, 39.787764518597093 ], [ -86.219892115571284, 39.787757506805391 ], [ -86.221161090089851, 39.787732443502286 ], [ -86.222332147957943, 39.787710537235093 ], [ -86.223502136648463, 39.787687452502816 ], [ -86.223726105241511, 39.787683495463106 ], [ -86.223734001674373, 39.787683457558352 ], [ -86.224672125881639, 39.787664537008681 ], [ -86.224702075604029, 39.78766448306348 ], [ -86.224732981170973, 39.787663523838653 ], [ -86.225270172780171, 39.787653552867496 ], [ -86.225509253841807, 39.787649722293551 ], [ -86.225712241531426, 39.787646469509127 ], [ -86.225712957556709, 39.787773879191015 ], [ -86.225629812744202, 39.787775161458136 ], [ -86.225522569916933, 39.787771065597333 ], [ -86.225544381734096, 39.792238596549304 ], [ -86.225586153347578, 39.797693926641294 ] ], [ [ -86.206723866968588, 39.81630489339301 ], [ -86.206723733597286, 39.8162957621063 ], [ -86.206719443919027, 39.816003160226323 ], [ -86.206719305290434, 39.815993804696397 ], [ -86.206716386279041, 39.815794548320575 ], [ -86.206716248727844, 39.815785181076578 ], [ -86.206711970170147, 39.815519656007339 ], [ -86.206711817774035, 39.815510182552742 ], [ -86.206708295399167, 39.815245017822562 ], [ -86.206708178480099, 39.815236197189272 ], [ -86.206703443045853, 39.814947203619205 ], [ -86.20670410052989, 39.814947196055705 ], [ -86.206700848324346, 39.814723854532197 ], [ -86.206700714263732, 39.814714634079671 ], [ -86.206695113823983, 39.81432778382549 ], [ -86.206694981680499, 39.814318658834615 ], [ -86.20674234623651, 39.814318170880568 ], [ -86.206743711425233, 39.814318157320749 ], [ -86.206739810842791, 39.814120617634174 ], [ -86.206739643352037, 39.814112199834888 ], [ -86.206734331507491, 39.813843271357783 ], [ -86.206734159257948, 39.813834543749138 ], [ -86.206728984722858, 39.813569125438626 ], [ -86.206728807376251, 39.813560044789924 ], [ -86.206727572471337, 39.813497760973682 ], [ -86.206726750802275, 39.81345559714331 ], [ -86.206725727476737, 39.813403036895238 ], [ -86.206725549821101, 39.813393916618161 ], [ -86.206722452364488, 39.813238692130923 ], [ -86.2067222700597, 39.813229574577235 ], [ -86.206719203684486, 39.813073991473438 ], [ -86.206719023723565, 39.81306487480925 ], [ -86.206715956206395, 39.812909292606925 ], [ -86.20671577623952, 39.812900175041825 ], [ -86.206712619516082, 39.812741847101378 ], [ -86.206712437214634, 39.81273272954688 ], [ -86.206709279561494, 39.812574429526919 ], [ -86.206709098436093, 39.812565312867328 ], [ -86.206708489261743, 39.812527763985031 ], [ -86.206708340836258, 39.812518647173199 ], [ -86.206706150795682, 39.81240698394442 ], [ -86.206705972007057, 39.81239786727371 ], [ -86.206704965800768, 39.812346593996516 ], [ -86.206704787012555, 39.812337477325698 ], [ -86.206701526406448, 39.812170940227297 ], [ -86.206701348801332, 39.812161825352035 ], [ -86.206696618109419, 39.811921146360191 ], [ -86.206696439331097, 39.811912030589319 ], [ -86.206696309936348, 39.811905195991017 ], [ -86.206696135836481, 39.811896081099015 ], [ -86.206692989963756, 39.81173509519666 ], [ -86.206692811144379, 39.811725974021662 ], [ -86.20668974332186, 39.811570333240446 ], [ -86.206689563392132, 39.811561219275703 ], [ -86.206686417544731, 39.811400231562416 ], [ -86.206686238741696, 39.811391112188126 ], [ -86.206683167833361, 39.811234922902749 ], [ -86.20668298906665, 39.811225808031395 ], [ -86.206682729897494, 39.811212686443575 ], [ -86.206679864041391, 39.811067476294092 ], [ -86.206679685296919, 39.811058364124364 ], [ -86.206676560284109, 39.810900031481701 ], [ -86.20667638153374, 39.810890918411069 ], [ -86.206673256547489, 39.810732586664273 ], [ -86.2066730777982, 39.810723473593377 ], [ -86.206669986909375, 39.810565168703398 ], [ -86.206669809336105, 39.810556056527432 ], [ -86.206666596118907, 39.810394951111142 ], [ -86.206666413875539, 39.810385838956634 ], [ -86.206658064568245, 39.809955777937141 ], [ -86.206657886999025, 39.809946665760158 ], [ -86.206232525535199, 39.809952295840205 ], [ -86.205926429242012, 39.809955888535448 ], [ -86.205705896661641, 39.809958504731391 ], [ -86.205661245930926, 39.809959028286642 ], [ -86.205492342198056, 39.809961006142757 ], [ -86.205182685391222, 39.809964640430181 ], [ -86.204962083627763, 39.809967228513322 ], [ -86.203538413920256, 39.809983927244453 ], [ -86.203324858093822, 39.809986425573641 ], [ -86.203075709769024, 39.809989360959442 ], [ -86.202564581760598, 39.809995357839419 ], [ -86.202483617907959, 39.810224507056915 ], [ -86.202433271058865, 39.810367000752585 ], [ -86.202384357014381, 39.810505439285606 ], [ -86.20233565648789, 39.810643275160238 ], [ -86.202258530805423, 39.810861556979773 ], [ -86.202191778680344, 39.81105048028396 ], [ -86.202117003911823, 39.811262104184117 ], [ -86.201459063162204, 39.813126260495579 ], [ -86.201332311073045, 39.813513622921825 ], [ -86.20109484689695, 39.814291432068515 ], [ -86.200895567616499, 39.815009957344373 ], [ -86.20068042775759, 39.81584808603386 ], [ -86.200547227307325, 39.816309682550283 ], [ -86.200509801897852, 39.816469298835969 ], [ -86.200493794531909, 39.816576711817554 ], [ -86.200488479531415, 39.816630653171103 ], [ -86.200485017471365, 39.816684667960153 ], [ -86.200483117266558, 39.8167657443446 ], [ -86.200485347235798, 39.8168468557663 ], [ -86.200491598467806, 39.816927811783685 ], [ -86.200498030921437, 39.81698161712481 ], [ -86.200511077471859, 39.817062130267686 ], [ -86.200528072480751, 39.817142130771963 ], [ -86.200549086043821, 39.817221619213989 ], [ -86.200583360779518, 39.81732646717915 ], [ -86.200613616694653, 39.817404155866548 ], [ -86.200635219076233, 39.817453910416404 ], [ -86.201155633282383, 39.818426156810773 ], [ -86.205204035730034, 39.818388415571143 ], [ -86.205208034919366, 39.821992850257061 ], [ -86.20575520644627, 39.821986566916515 ], [ -86.206809250469959, 39.821974456615948 ], [ -86.206805828227445, 39.821707736259619 ], [ -86.206805687776495, 39.821698599610436 ], [ -86.206798721645541, 39.821241356163888 ], [ -86.206798582336972, 39.821232215905972 ], [ -86.206795738588582, 39.821046680178739 ], [ -86.206795598091929, 39.821037537224022 ], [ -86.206764215932409, 39.818984170001897 ], [ -86.206764067988061, 39.818974521802126 ], [ -86.206756823806998, 39.818500312591084 ], [ -86.20675669392314, 39.818491777535868 ], [ -86.206748223472033, 39.817937886211638 ], [ -86.206748087676175, 39.817929043153597 ], [ -86.20674049623139, 39.81743266364866 ], [ -86.206740357084911, 39.817423541397304 ], [ -86.206735841843596, 39.817128558349147 ], [ -86.206734681949087, 39.817046028031896 ], [ -86.206734554441624, 39.817036900321753 ], [ -86.206729080071355, 39.816661747556722 ], [ -86.206728947894248, 39.816652619867696 ], [ -86.206723866968588, 39.81630489339301 ] ] ] } },
{ "type": "Feature", "properties": { "DISTRICT": "Southeast", "OBJECTID": 10, "JURISDCTN": "IMPD", "POLICEZONE": "SE50", "SHAPE.STArea()": 343061754.80161381, "SHAPE.STLength()": 74826.652356734761, "TOTAL": 185281.87286903535, "WHITE": 124338.29172982286, "BLACK": 17630.900347350493, "AMERICAN_INDIAN": 191.00197491549531, "ASIAN": 15555.084680857221, "PACIFIC_ISLANDER": 15.000000000000004, "OTHER": 661.48431724407988, "TWO_OR_MORE": 8106.7896550665055, "HISPANIC": 18783.320163778677, "WHITE_PCT": 0.671, "BLACK_PCT": 0.095, "AMERICAN_INDIAN_PCT": 0.001, "ASIAN_PCT": 0.084, "PACIFIC_ISLANDER_PCT": 0.0, "OTHER_PCT": 0.004, "TWO_OR_MORE_PCT": 0.044, "HISPANIC_PCT": 0.101 }, "geometry": { "type": "Polygon", "coordinates": [ [ [ -86.106295727025056, 39.635790032641218 ], [ -86.10972169173597, 39.635725198030755 ], [ -86.113633057459708, 39.635707125464506 ], [ -86.117109489290627, 39.635627337854615 ], [ -86.120590446438854, 39.635547341161946 ], [ -86.13067089067917, 39.635500306612101 ], [ -86.137912343580339, 39.635441643187129 ], [ -86.139429992881233, 39.635405621010364 ], [ -86.139386950589511, 39.635325495071811 ], [ -86.148901285854024, 39.635228735329584 ], [ -86.150606038771926, 39.635214439290692 ], [ -86.15484946465034, 39.635158592035943 ], [ -86.158397313778394, 39.635112742804218 ], [ -86.158416625462635, 39.636335707929931 ], [ -86.158455688485986, 39.636931966558024 ], [ -86.158460756007955, 39.637553420219497 ], [ -86.158456126328858, 39.63867799732958 ], [ -86.15845288381901, 39.639340322824545 ], [ -86.15845139982801, 39.639976903299733 ], [ -86.158447375854564, 39.64108500538191 ], [ -86.158437994565077, 39.64348926978073 ], [ -86.158433254259478, 39.64466086001071 ], [ -86.158428673617223, 39.646058596829192 ], [ -86.158422908111532, 39.648221253986918 ], [ -86.15841874082281, 39.648745286358839 ], [ -86.158415585394536, 39.649584340885418 ], [ -86.158405649435366, 39.651542145206093 ], [ -86.158392773786034, 39.653115959598296 ], [ -86.158421279385209, 39.653340611667332 ], [ -86.158424494910577, 39.656574592372387 ], [ -86.158422335988163, 39.657084545699846 ], [ -86.158428390915972, 39.658111271615198 ], [ -86.158429764869155, 39.658344276133136 ], [ -86.158432430120669, 39.658798615160016 ], [ -86.158457745221511, 39.659175646904217 ], [ -86.158457388287914, 39.659524647751631 ], [ -86.1584569277273, 39.660054840393549 ], [ -86.158458525164619, 39.660640273910211 ], [ -86.15844539838254, 39.66123126036122 ], [ -86.158451933838606, 39.662333479886229 ], [ -86.158454695717012, 39.662816988144954 ], [ -86.158462712004592, 39.664314447295141 ], [ -86.158471458352125, 39.665878294164102 ], [ -86.158477977157432, 39.667079687583644 ], [ -86.158479659512395, 39.667324701212962 ], [ -86.158483469596092, 39.66807347027477 ], [ -86.158495368054886, 39.67038566525693 ], [ -86.158503182931497, 39.67162857519714 ], [ -86.158519056648288, 39.673491206203472 ], [ -86.158522050369655, 39.674054326752888 ], [ -86.158526877775842, 39.674742694567762 ], [ -86.158536765401834, 39.676066238463392 ], [ -86.15854668043113, 39.677370221566804 ], [ -86.158558079774664, 39.678930344627538 ], [ -86.158550624192969, 39.681141280239416 ], [ -86.158543485090647, 39.683534962519211 ], [ -86.158534039201456, 39.686248179754955 ], [ -86.158555649344152, 39.686314456665244 ], [ -86.158647676018745, 39.686728779965655 ], [ -86.158771369360224, 39.687283291473349 ], [ -86.158868554623808, 39.687710214068225 ], [ -86.158916026821515, 39.687918751933175 ], [ -86.15893964719649, 39.688036175959404 ], [ -86.158952950780517, 39.688228502966091 ], [ -86.158944007155412, 39.688365942411096 ], [ -86.158850850574254, 39.688908342436541 ], [ -86.158744191091486, 39.689524606786129 ], [ -86.15861147566325, 39.690311655318233 ], [ -86.158577883781632, 39.69065073076235 ], [ -86.15856797740355, 39.690945711544188 ], [ -86.15854731543017, 39.691311404361869 ], [ -86.158549386894521, 39.691501432583109 ], [ -86.158545720707153, 39.691820339887364 ], [ -86.158524350666497, 39.692145940448263 ], [ -86.158490675929997, 39.692424719301769 ], [ -86.158450604795888, 39.692649908843222 ], [ -86.158413581573512, 39.692839689170846 ], [ -86.158397026146048, 39.69294730367281 ], [ -86.15840236903577, 39.693054559735209 ], [ -86.158408797728882, 39.693148885370789 ], [ -86.158380444991536, 39.693349213882755 ], [ -86.158323882892589, 39.693694880334654 ], [ -86.158284887074302, 39.693840256739797 ], [ -86.15822847330702, 39.694006260645942 ], [ -86.158167131312908, 39.694186767599611 ], [ -86.158189495596829, 39.694391609078401 ], [ -86.158202708791507, 39.694529865134221 ], [ -86.158219812023347, 39.69473887654901 ], [ -86.158228447749963, 39.694864767463528 ], [ -86.158256362523389, 39.695702591287905 ], [ -86.15828058606877, 39.697175831269156 ], [ -86.158302051215287, 39.698481303658973 ], [ -86.158323676446415, 39.699796369230157 ], [ -86.158377342396975, 39.702898940336659 ], [ -86.158394443101386, 39.703874549485946 ], [ -86.158411802410555, 39.704864817902546 ], [ -86.158422231114031, 39.705459699186235 ], [ -86.158462782061719, 39.707772860430033 ], [ -86.158492049315043, 39.709293798054112 ], [ -86.15851287438332, 39.710523804359454 ], [ -86.158527070542803, 39.711366263966724 ], [ -86.158556121938801, 39.713073674714749 ], [ -86.158595856430864, 39.715101503692757 ], [ -86.15865270463496, 39.717502973774437 ], [ -86.158733177991479, 39.720926834644608 ], [ -86.158769793075194, 39.722438635258094 ], [ -86.158861040357763, 39.727743368142029 ], [ -86.158766439182315, 39.731427086063135 ], [ -86.158927814734142, 39.731366646799202 ], [ -86.158964377616016, 39.732885963769938 ], [ -86.158980775491926, 39.733922294974462 ], [ -86.158995016053694, 39.735314142790813 ], [ -86.159009512009519, 39.736171998278159 ], [ -86.159027878573738, 39.737231091654493 ], [ -86.159027918374164, 39.737234717642949 ], [ -86.15903885255041, 39.738221933480808 ], [ -86.159054349737573, 39.740415185926508 ], [ -86.159085950281778, 39.74180622448219 ], [ -86.159102870313092, 39.74310545971295 ], [ -86.159124352904769, 39.745343931656933 ], [ -86.159108965038584, 39.746388334986442 ], [ -86.159120737291815, 39.747852273752883 ], [ -86.159125929820206, 39.748759561202661 ], [ -86.159140357278616, 39.749743761879529 ], [ -86.159149906177305, 39.750734604905986 ], [ -86.159182332348919, 39.751719953805662 ], [ -86.159179176439054, 39.751720016733792 ], [ -86.156556848645678, 39.751772429777013 ], [ -86.156287535749357, 39.751779671804314 ], [ -86.156029689946493, 39.751788454568576 ], [ -86.15582586493332, 39.751795396000105 ], [ -86.155664107966814, 39.751800905209357 ], [ -86.155369856612992, 39.75181193575753 ], [ -86.155076350536348, 39.751831522512497 ], [ -86.154574092229197, 39.751910779133254 ], [ -86.154284228597646, 39.751927242120914 ], [ -86.153773741697222, 39.751970466510862 ], [ -86.152955656890896, 39.752028326731782 ], [ -86.152036366886364, 39.752048075013306 ], [ -86.151896174123337, 39.752056946521812 ], [ -86.151566647003733, 39.75209032572463 ], [ -86.15123044108384, 39.752180756800549 ], [ -86.150824775592838, 39.752301083885591 ], [ -86.150460328138507, 39.752371823610538 ], [ -86.149281898949184, 39.752408362089241 ], [ -86.148847593746893, 39.752400343263766 ], [ -86.148042041304834, 39.75238546502915 ], [ -86.147387660503739, 39.75237337512695 ], [ -86.147268479948821, 39.752370389306357 ], [ -86.147019739867801, 39.752270049774282 ], [ -86.146734779487758, 39.752094366075212 ], [ -86.146389317776013, 39.751881381354224 ], [ -86.146033663334393, 39.751662503987809 ], [ -86.145838737207157, 39.751593817526569 ], [ -86.14557100907065, 39.751587170239354 ], [ -86.145248762762407, 39.751588075081678 ], [ -86.144856717446274, 39.751589172923822 ], [ -86.14437051075474, 39.751590534500522 ], [ -86.144162558366574, 39.751593486014734 ], [ -86.144164724325989, 39.751823708791072 ], [ -86.144158771665829, 39.751886676606901 ], [ -86.144136558313235, 39.752121639074346 ], [ -86.144031343645679, 39.752761751213733 ], [ -86.143923394736717, 39.753413433795465 ], [ -86.143871390596999, 39.753727377910963 ], [ -86.143756378499489, 39.754412987362784 ], [ -86.143652089421451, 39.755034661747388 ], [ -86.143581884017067, 39.755685709500597 ], [ -86.143436006222757, 39.756600470719661 ], [ -86.14307997924432, 39.757737518045815 ], [ -86.143222272680745, 39.758093059103039 ], [ -86.143222297614713, 39.758093121147738 ], [ -86.143218605590093, 39.758130070573898 ], [ -86.143218602312757, 39.758130103011901 ], [ -86.143183746708857, 39.758477483340975 ], [ -86.143138927863944, 39.758958079366032 ], [ -86.143104372739231, 39.759559344384407 ], [ -86.143104423117123, 39.759559372999426 ], [ -86.143363190489765, 39.759707729149163 ], [ -86.143361967524342, 39.759711967376163 ], [ -86.14332002692332, 39.759688448082635 ], [ -86.143277217360477, 39.759664482001071 ], [ -86.143104027150727, 39.759566264840572 ], [ -86.143079940569464, 39.759985794095599 ], [ -86.143054035760372, 39.760703104239404 ], [ -86.143036930456446, 39.761745351264608 ], [ -86.142984417312107, 39.763142225445947 ], [ -86.142942233902318, 39.764336593691539 ], [ -86.142915304609829, 39.765099204525079 ], [ -86.142883211581918, 39.766007679183247 ], [ -86.142851765088906, 39.766897277276328 ], [ -86.141828858480409, 39.766914166376417 ], [ -86.140809359309074, 39.766933434657496 ], [ -86.13792967269292, 39.766967468201919 ], [ -86.135266013984861, 39.766997813940613 ], [ -86.134209585926612, 39.767072077946906 ], [ -86.132175141410059, 39.767210999154933 ], [ -86.130631598364019, 39.767323215916299 ], [ -86.129463289220197, 39.767408865921105 ], [ -86.128330267087705, 39.76749304251689 ], [ -86.127377497202005, 39.767560947846043 ], [ -86.126451730367165, 39.767626730770324 ], [ -86.125426904007256, 39.767700104247389 ], [ -86.124238907641598, 39.767786123552661 ], [ -86.122978967823116, 39.76787858864035 ], [ -86.121822822123349, 39.767965829733292 ], [ -86.120877633662516, 39.768038164400586 ], [ -86.120738514572324, 39.768048317214756 ], [ -86.119879421152987, 39.768111727913094 ], [ -86.119672353905514, 39.76812660582879 ], [ -86.118732807042193, 39.768195469419993 ], [ -86.118221559936529, 39.768233149062915 ], [ -86.117587636002767, 39.768279537155479 ], [ -86.116437733647857, 39.768361390850316 ], [ -86.115134564969992, 39.768455473979188 ], [ -86.114555025822185, 39.768497175186887 ], [ -86.113839703766786, 39.768549348350682 ], [ -86.113154202915794, 39.768597627637341 ], [ -86.111717738534409, 39.768705749367818 ], [ -86.110590795261089, 39.768765657024225 ], [ -86.109599822256385, 39.768818514889588 ], [ -86.109492912854293, 39.768824413388224 ], [ -86.108405989403536, 39.768884833457648 ], [ -86.107204622284627, 39.76895147097504 ], [ -86.105761082425701, 39.769019779881546 ], [ -86.105000470777995, 39.769058343530311 ], [ -86.103820196073571, 39.769116328804884 ], [ -86.102149209325361, 39.769201193157016 ], [ -86.102148567596856, 39.769201226188009 ], [ -86.100942660287998, 39.769262678450389 ], [ -86.099755109473463, 39.769322707675556 ], [ -86.098571281786562, 39.769383054056995 ], [ -86.097369335463185, 39.769443798763518 ], [ -86.0961681103377, 39.769504871515913 ], [ -86.094966159566411, 39.769565592257166 ], [ -86.093764876070793, 39.769626982615726 ], [ -86.092646497851916, 39.769683283581379 ], [ -86.092583945046144, 39.76968939009317 ], [ -86.091360525743269, 39.769750077525728 ], [ -86.090720105713558, 39.769784676150728 ], [ -86.089608348583212, 39.769843296050261 ], [ -86.088738428119981, 39.769890043193179 ], [ -86.08735523227864, 39.769956834650323 ], [ -86.085903512185638, 39.770026257480794 ], [ -86.084933086222804, 39.770072996843481 ], [ -86.083076999884227, 39.770162029226299 ], [ -86.083063703113567, 39.769127450467607 ], [ -86.083045756147072, 39.767569226355533 ], [ -86.083040161385412, 39.767009553646524 ], [ -86.083032256181554, 39.766103295882864 ], [ -86.083019998663204, 39.764704963098076 ], [ -86.083015332071113, 39.764207055584336 ], [ -86.083006906144377, 39.763213979752258 ], [ -86.082996007833074, 39.76204109760873 ], [ -86.082995996173693, 39.762039936670433 ], [ -86.082995451624811, 39.762039818832889 ], [ -86.081492340098208, 39.761713770029459 ], [ -86.080034995175509, 39.761394224505402 ], [ -86.078772979800249, 39.761121470215087 ], [ -86.077651873698926, 39.760876907193072 ], [ -86.07685194845773, 39.76070419729885 ], [ -86.076034918096838, 39.760526242589428 ], [ -86.074961625172293, 39.760292790260358 ], [ -86.073995416175961, 39.760077860288661 ], [ -86.073492309814, 39.759965943209181 ], [ -86.072107299761939, 39.759668822658959 ], [ -86.070859190998661, 39.759401054848588 ], [ -86.070208921848348, 39.759261539954608 ], [ -86.068819353690188, 39.758965824420486 ], [ -86.068726991247246, 39.75895053734596 ], [ -86.068634667746295, 39.758935116761741 ], [ -86.066346748288495, 39.758432282129817 ], [ -86.063973700785183, 39.757912086252929 ], [ -86.062853214921134, 39.757668802748718 ], [ -86.061394191861027, 39.757357937970873 ], [ -86.06028592305428, 39.757116857808832 ], [ -86.059909333693284, 39.757034936275055 ], [ -86.05931875669566, 39.756906588580193 ], [ -86.056797510603715, 39.756358614944752 ], [ -86.054673490786939, 39.755896925591607 ], [ -86.054513088197879, 39.755883938791456 ], [ -86.054352242803134, 39.755872510531681 ], [ -86.053083616648905, 39.755597077385438 ], [ -86.049765124553787, 39.754908727353296 ], [ -86.047245650788014, 39.754399100987477 ], [ -86.043583822719782, 39.753612790398712 ], [ -86.043228529462311, 39.753536444116342 ], [ -86.041998017605451, 39.753269964610745 ], [ -86.041763345227324, 39.753219141856164 ], [ -86.040538102858861, 39.752953786293951 ], [ -86.038118637707854, 39.752427275632336 ], [ -86.035948433086816, 39.75196232029829 ], [ -86.035441235617483, 39.751853648347875 ], [ -86.034933303472684, 39.751746953512018 ], [ -86.033549811143473, 39.751458494687469 ], [ -86.03340052723982, 39.751427366781485 ], [ -86.033402498393983, 39.75142478819631 ], [ -86.033386526525206, 39.7514215061207 ], [ -86.032416687821922, 39.751222222553707 ], [ -86.031895866569513, 39.751114647121945 ], [ -86.031375742002012, 39.75100500909366 ], [ -86.030812973532704, 39.750886379471524 ], [ -86.028883811927315, 39.750481550518437 ], [ -86.026023719010709, 39.749881292785794 ], [ -86.019264630834854, 39.748436509150842 ], [ -86.010926981080388, 39.746659972794291 ], [ -86.008721862276204, 39.746191302770093 ], [ -86.005579332818201, 39.745527205542437 ], [ -86.003815789344699, 39.745154638826037 ], [ -86.001893917660425, 39.744745067346535 ], [ -85.999193930440384, 39.744164010651694 ], [ -85.997446764285129, 39.743748937158436 ], [ -85.996074940897657, 39.743407310098348 ], [ -85.994099767734724, 39.742918686520269 ], [ -85.993134474060568, 39.742686242972653 ], [ -85.990592211691308, 39.742116614939334 ], [ -85.989669972649423, 39.741917478415417 ], [ -85.98489998643231, 39.740789957764285 ], [ -85.981918815942265, 39.740083585158551 ], [ -85.979310397296757, 39.739571653033266 ], [ -85.977463494930817, 39.739269450686919 ], [ -85.976149117949532, 39.739070518085825 ], [ -85.973350242769882, 39.738631273909064 ], [ -85.97278184917171, 39.738532473451578 ], [ -85.972287452497127, 39.738443424426343 ], [ -85.971687647177475, 39.738328859987689 ], [ -85.971441500560289, 39.738279146281151 ], [ -85.970583494523339, 39.738100049272091 ], [ -85.963314512159428, 39.736519390641902 ], [ -85.9611690175132, 39.736062235118084 ], [ -85.9595835923718, 39.735726958519031 ], [ -85.957925616257, 39.735383711755723 ], [ -85.956298194271355, 39.735044932444318 ], [ -85.951846899058253, 39.734113829667969 ], [ -85.951849281359671, 39.733648194378041 ], [ -85.951706494016292, 39.726376236462535 ], [ -85.951607338506875, 39.719601749298178 ], [ -85.951582859663773, 39.714152369863726 ], [ -85.951557359238322, 39.70432043640394 ], [ -85.95159401340976, 39.697150607400879 ], [ -85.951834984178063, 39.697145211558009 ], [ -85.951840881228321, 39.68948369329938 ], [ -85.951940127828195, 39.684417985006803 ], [ -85.952020322588154, 39.674617656098391 ], [ -85.952049246224774, 39.670152990234683 ], [ -85.952085584110122, 39.668865148398858 ], [ -85.952062010234371, 39.668128962752213 ], [ -85.952079763493529, 39.660382205000559 ], [ -85.952080181439626, 39.660199945346491 ], [ -85.952082442849417, 39.65921309486324 ], [ -85.952045294377399, 39.651151498938944 ], [ -85.95201914984014, 39.645696225576586 ], [ -85.95203473862216, 39.644844787649902 ], [ -85.952103259327743, 39.641253708721223 ], [ -85.95215634320455, 39.638470483782399 ], [ -85.97906998592444, 39.63814418805628 ], [ -85.990445350045846, 39.638011804029901 ], [ -85.99691631043089, 39.637873478545366 ], [ -86.009257669018098, 39.637593745027317 ], [ -86.018919680264659, 39.637435472486764 ], [ -86.044645308116927, 39.637222493713907 ], [ -86.047173889075552, 39.637175117399423 ], [ -86.053902476219235, 39.637038607276693 ], [ -86.054071281613147, 39.637034955922061 ], [ -86.054182727790106, 39.637032526088795 ], [ -86.05544929635083, 39.637005643979265 ], [ -86.055607118369238, 39.637002370320083 ], [ -86.059324550767045, 39.636923289480308 ], [ -86.063714533448476, 39.636830811472507 ], [ -86.06634297300198, 39.636768263514483 ], [ -86.068128232971546, 39.636725731572191 ], [ -86.069020954698772, 39.636706170833463 ], [ -86.073033741916433, 39.636620137224405 ], [ -86.075598850236489, 39.636564807898189 ], [ -86.079776227414243, 39.636487913721417 ], [ -86.082838996978154, 39.636436144316292 ], [ -86.101416302084758, 39.635861245388568 ], [ -86.106295727025056, 39.635790032641218 ] ], [ [ -86.113580581483419, 39.723166968880619 ], [ -86.113580386736118, 39.723153243143258 ], [ -86.113568543767428, 39.722335889880213 ], [ -86.113566730048319, 39.72221066966911 ], [ -86.113205315998272, 39.722215601808522 ], [ -86.112796554171652, 39.722221209252723 ], [ -86.111359574433521, 39.72224086031563 ], [ -86.111256525398005, 39.722240754196058 ], [ -86.111240418747968, 39.721251514148996 ], [ -86.111220525151154, 39.720489082724036 ], [ -86.111196510543067, 39.719448020900643 ], [ -86.11115683896675, 39.715950316335515 ], [ -86.101662493869469, 39.716069322561566 ], [ -86.100541965376962, 39.716096174902312 ], [ -86.100556933063814, 39.715843017103225 ], [ -86.100545996750014, 39.714906689332246 ], [ -86.100538796012245, 39.714290120255505 ], [ -86.100430435819931, 39.714290525136661 ], [ -86.100424971936476, 39.714242845017822 ], [ -86.100037903607671, 39.714252184075654 ], [ -86.099985340475143, 39.713582511091126 ], [ -86.099959383746281, 39.713251811568213 ], [ -86.100105663421701, 39.712977570209603 ], [ -86.100498731498263, 39.712240637398523 ], [ -86.100709318944041, 39.711845814623906 ], [ -86.100707620003135, 39.711574722236016 ], [ -86.100524669226203, 39.711305972639053 ], [ -86.10035856397225, 39.711061966629678 ], [ -86.100343764647988, 39.710926482428462 ], [ -86.100324738185535, 39.710752286127217 ], [ -86.100304287946244, 39.710565054039122 ], [ -86.100280585618492, 39.710348055460351 ], [ -86.100254516945384, 39.710109390589722 ], [ -86.099896991392868, 39.709883550314892 ], [ -86.099703905601388, 39.709676435374732 ], [ -86.099477484690411, 39.70943356265991 ], [ -86.099224987081172, 39.709162715717902 ], [ -86.099052054724595, 39.708977212308703 ], [ -86.098904543888281, 39.708818980586074 ], [ -86.099040190285081, 39.708442721787577 ], [ -86.099208255489884, 39.707980871891863 ], [ -86.099402437275032, 39.707624314224603 ], [ -86.099647387812212, 39.70733443689943 ], [ -86.09993528572484, 39.706993733128741 ], [ -86.100094496881852, 39.706805319636885 ], [ -86.100709690030556, 39.706799588119331 ], [ -86.101194642543504, 39.706795067682073 ], [ -86.101508579338329, 39.706792139644172 ], [ -86.101496379253319, 39.706415173211724 ], [ -86.10148935701757, 39.706198195125118 ], [ -86.101204969886538, 39.70611140907625 ], [ -86.100223903264236, 39.706361551525568 ], [ -86.099824009473807, 39.706463508019112 ], [ -86.099573118765861, 39.706651641528907 ], [ -86.099131867120761, 39.706982513626869 ], [ -86.098883913809331, 39.707168438811813 ], [ -86.098659488949025, 39.707015348631671 ], [ -86.098465850582215, 39.706883256622419 ], [ -86.098292368460079, 39.706764914966278 ], [ -86.098163435948322, 39.706676962540243 ], [ -86.097820325601759, 39.706691827648839 ], [ -86.0974617077689, 39.706707364452882 ], [ -86.097088308650896, 39.706705514864169 ], [ -86.096670113526272, 39.706602202306769 ], [ -86.096438920427772, 39.706557760721772 ], [ -86.096306245540831, 39.706362330700799 ], [ -86.09618306382923, 39.706180883760609 ], [ -86.096044314452712, 39.705992881378599 ], [ -86.095924429455224, 39.705830440053703 ], [ -86.096120967907936, 39.705489980669469 ], [ -86.095948497102881, 39.705338114305306 ], [ -86.095700274799967, 39.705119545896544 ], [ -86.095261641893629, 39.704963653821643 ], [ -86.094912919184608, 39.704881232060067 ], [ -86.095271045142951, 39.704266309231365 ], [ -86.095626146144184, 39.704269115866957 ], [ -86.095630154962592, 39.704004702175354 ], [ -86.096724026619825, 39.704024870032114 ], [ -86.096595861406783, 39.70061180586849 ], [ -86.096600807646325, 39.700316051635596 ], [ -86.096607664972026, 39.699908690958196 ], [ -86.096615691646889, 39.699430291032762 ], [ -86.096627393637732, 39.699320778475112 ], [ -86.096614011762355, 39.697960526858544 ], [ -86.098972545859425, 39.697944220328893 ], [ -86.098969927596656, 39.695359588312662 ], [ -86.097820656751693, 39.695363861291362 ], [ -86.097821496413985, 39.695498817978041 ], [ -86.096772360085126, 39.695502708736868 ], [ -86.0967715587566, 39.695373599194916 ], [ -86.09672660684295, 39.695373765688444 ], [ -86.096666085682529, 39.695373989820055 ], [ -86.096611644618847, 39.695374191407957 ], [ -86.096620678279905, 39.695083320642993 ], [ -86.096318622865311, 39.695084438671053 ], [ -86.096314204774473, 39.694371825887117 ], [ -86.096313760048233, 39.69430272546726 ], [ -86.095786161469448, 39.694315413565207 ], [ -86.094914414182924, 39.694334417376957 ], [ -86.094454401267598, 39.6943464079093 ], [ -86.09192260053689, 39.694411300107845 ], [ -86.082422842311274, 39.694586055886681 ], [ -86.08242352003721, 39.694625174169879 ], [ -86.082565481871555, 39.7026988993819 ], [ -86.082141058416795, 39.702703946829693 ], [ -86.081782239535897, 39.702710145268362 ], [ -86.081777077107603, 39.702091809818988 ], [ -86.08177629359642, 39.701977583245984 ], [ -86.079481571085878, 39.702019094356096 ], [ -86.079476485430661, 39.702019186293541 ], [ -86.079476693437655, 39.702111238992536 ], [ -86.079476875464223, 39.702129851148236 ], [ -86.079481919912126, 39.702749834514421 ], [ -86.078885356992686, 39.702760134912701 ], [ -86.078889325046873, 39.703223803375202 ], [ -86.078894469105649, 39.703560969950374 ], [ -86.077475800303787, 39.70355715219354 ], [ -86.076283666801658, 39.703603916151316 ], [ -86.075183466496455, 39.70369255449021 ], [ -86.074285234396115, 39.703809297509828 ], [ -86.073368755577604, 39.703939824942772 ], [ -86.072598965301097, 39.704056105864517 ], [ -86.071829419251884, 39.70421458995984 ], [ -86.070894963294037, 39.704416195473868 ], [ -86.070070705137837, 39.704631480373891 ], [ -86.069566972794192, 39.704768092684965 ], [ -86.068816147769766, 39.704997183556053 ], [ -86.068028748603339, 39.70524080977404 ], [ -86.0672415362653, 39.705526980490902 ], [ -86.066326330462147, 39.705884622258509 ], [ -86.065539345582948, 39.706212991562964 ], [ -86.064606366614598, 39.70666985417931 ], [ -86.063838098093015, 39.707069181738625 ], [ -86.0631432380207, 39.707468253559036 ], [ -86.062475957923411, 39.707874433624639 ], [ -86.06187285212026, 39.708287254693914 ], [ -86.061269634790719, 39.708671933587809 ], [ -86.060611778472165, 39.709127830462016 ], [ -86.060045602066808, 39.70958306804377 ], [ -86.059625561115055, 39.709924565329793 ], [ -86.0591874300749, 39.71030867449911 ], [ -86.058577921902327, 39.710856042538914 ], [ -86.058215449934011, 39.710648870734978 ], [ -86.05778932079653, 39.710406904173453 ], [ -86.057593386602761, 39.710312374474128 ], [ -86.057169694522614, 39.710138699539691 ], [ -86.05672484221742, 39.709997112816758 ], [ -86.056401477942373, 39.70991696713272 ], [ -86.056227372291787, 39.709881640847399 ], [ -86.055910175508032, 39.709830707740828 ], [ -86.055660841636268, 39.709802459116801 ], [ -86.055445856914204, 39.70978622545902 ], [ -86.055014150043149, 39.709775985519848 ], [ -86.054542748744907, 39.709786197987256 ], [ -86.054003716053728, 39.709797875331283 ], [ -86.053526252309197, 39.70980821558183 ], [ -86.05312372511915, 39.709820124770729 ], [ -86.052818467283259, 39.709829156548345 ], [ -86.05240486082333, 39.709841391015438 ], [ -86.05227855524636, 39.709845127808883 ], [ -86.056677637885187, 39.712695253950479 ], [ -86.056804034765136, 39.712781788312775 ], [ -86.057149499718676, 39.713018300394197 ], [ -86.057873082628973, 39.713480165344883 ], [ -86.058639292424104, 39.713974137369789 ], [ -86.059150098681087, 39.714305623179136 ], [ -86.059962460910867, 39.714835120213088 ], [ -86.060579710439725, 39.715236930639811 ], [ -86.061324682180867, 39.71572031963359 ], [ -86.061941946320601, 39.716122122682712 ], [ -86.062406679010806, 39.716423552498334 ], [ -86.063272280981138, 39.716988190406362 ], [ -86.063939247020102, 39.717422756562463 ], [ -86.064574606749446, 39.717816933946224 ], [ -86.067579017914142, 39.719774293871133 ], [ -86.068478350490466, 39.720364856391519 ], [ -86.06939583148106, 39.720959810924541 ], [ -86.06996874515707, 39.721350743419592 ], [ -86.070658275977621, 39.721810928425867 ], [ -86.071154195243508, 39.722179817316352 ], [ -86.073466763877747, 39.72401177471874 ], [ -86.076463605799987, 39.726441805991065 ], [ -86.077402475557122, 39.727114517817768 ], [ -86.079808830193599, 39.72871609633205 ], [ -86.082395712588891, 39.73035987326751 ], [ -86.082666527261324, 39.729470114390551 ], [ -86.082844938294897, 39.728892618596674 ], [ -86.082958257242936, 39.728521254075638 ], [ -86.083014551243508, 39.728321331847944 ], [ -86.083080329022835, 39.727971070551412 ], [ -86.083101134992617, 39.727763382818921 ], [ -86.083103349758488, 39.72771601849626 ], [ -86.083104811655303, 39.727561934340144 ], [ -86.08309364476591, 39.727349556107008 ], [ -86.083074384346915, 39.727148875310249 ], [ -86.082962920704574, 39.72659026380606 ], [ -86.082736850105235, 39.725531732324718 ], [ -86.082699335940191, 39.725362344587118 ], [ -86.082664470491252, 39.72519657801665 ], [ -86.083018792221282, 39.725464340811953 ], [ -86.083300503585221, 39.725646303231969 ], [ -86.084906528328659, 39.72668338513656 ], [ -86.086055050410081, 39.727425029637246 ], [ -86.086391529091742, 39.727642229586159 ], [ -86.086600550140304, 39.727777229012361 ], [ -86.085914009136133, 39.728411127708362 ], [ -86.089425324851007, 39.730693379831848 ], [ -86.090109557947073, 39.730061555044848 ], [ -86.09172124837373, 39.731130804220996 ], [ -86.091754252207991, 39.731149543771323 ], [ -86.091890048156372, 39.731238131642371 ], [ -86.091981838421034, 39.731298010848796 ], [ -86.091999650337826, 39.734369932620375 ], [ -86.10178378869378, 39.734335045577893 ], [ -86.101771079800017, 39.731589113295101 ], [ -86.101769380852787, 39.730735676253019 ], [ -86.102969899056333, 39.730722934742211 ], [ -86.104164238683026, 39.73070848919285 ], [ -86.105341910015383, 39.73069374937856 ], [ -86.106537921854226, 39.730680301675555 ], [ -86.108918998867239, 39.730653067845104 ], [ -86.110107945311597, 39.730638237631609 ], [ -86.111315509935281, 39.730624696580399 ], [ -86.111309077866295, 39.730073260248389 ], [ -86.11128299535045, 39.725528523643845 ], [ -86.111277387103314, 39.724646618570304 ], [ -86.111266123187121, 39.723284680861994 ], [ -86.113581380470421, 39.72324954179232 ], [ -86.113580581483419, 39.723166968880619 ] ] ] } },
{ "type": "Feature", "properties": { "DISTRICT": "Southwest", "OBJECTID": 7, "JURISDCTN": "IMPD", "POLICEZONE": "SW80", "SHAPE.STArea()": 268416601.78715622, "SHAPE.STLength()": 68440.006458781223, "TOTAL": 153701.42855512249, "WHITE": 81595.549502691865, "BLACK": 28343.269351042545, "AMERICAN_INDIAN": 50.53677573601788, "ASIAN": 8791.9312291535152, "PACIFIC_ISLANDER": 11.009410671571192, "OTHER": 577.82741299073768, "TWO_OR_MORE": 5840.4346219156823, "HISPANIC": 28490.87025092055, "WHITE_PCT": 0.531, "BLACK_PCT": 0.184, "AMERICAN_INDIAN_PCT": 0.0, "ASIAN_PCT": 0.057, "PACIFIC_ISLANDER_PCT": 0.0, "OTHER_PCT": 0.004, "TWO_OR_MORE_PCT": 0.038, "HISPANIC_PCT": 0.185 }, "geometry": { "type": "Polygon", "coordinates": [ [ [ -86.25914386384693, 39.633413362907888 ], [ -86.269729340896092, 39.633254911388363 ], [ -86.288037314096698, 39.632767900141374 ], [ -86.296250749325409, 39.632720929897886 ], [ -86.307617392475876, 39.632603519006302 ], [ -86.316319108189859, 39.632386684795982 ], [ -86.326343383170141, 39.632177826259451 ], [ -86.326352776681119, 39.638965920100532 ], [ -86.326355807313789, 39.639985788638583 ], [ -86.326380903387317, 39.64890346189344 ], [ -86.326372758596406, 39.654194068802113 ], [ -86.326444445976307, 39.661336957539 ], [ -86.326468809744881, 39.668648942604989 ], [ -86.326457627281854, 39.675992005139541 ], [ -86.326488600500085, 39.677456104010233 ], [ -86.326587932390396, 39.682859317990008 ], [ -86.326619933835914, 39.686197417519693 ], [ -86.322850618070206, 39.687848454844982 ], [ -86.320090718638895, 39.689056848908791 ], [ -86.318787965053019, 39.689628673776681 ], [ -86.316510562020937, 39.690627688583135 ], [ -86.314279155835138, 39.69160649880488 ], [ -86.3131845523246, 39.69208650498728 ], [ -86.312127216376865, 39.692545703986212 ], [ -86.310493463751513, 39.693273354894885 ], [ -86.309700146897043, 39.693634295967605 ], [ -86.308748696277917, 39.694074347038274 ], [ -86.307476511881319, 39.694687741676397 ], [ -86.306941039072328, 39.694960077550462 ], [ -86.306498761961464, 39.69520512993742 ], [ -86.305320910368408, 39.695858475088912 ], [ -86.304667922279464, 39.696245033299689 ], [ -86.301858587430814, 39.697916533802193 ], [ -86.298326005685752, 39.700026001465716 ], [ -86.295291505837781, 39.701830685542028 ], [ -86.291364821095215, 39.704170963587877 ], [ -86.28870162647992, 39.705762431568495 ], [ -86.287120633995073, 39.706707378116143 ], [ -86.285254241882086, 39.707818884555202 ], [ -86.283814272208076, 39.708676214752224 ], [ -86.282411667473099, 39.709511367479699 ], [ -86.280817484959215, 39.710441197958588 ], [ -86.280555611664511, 39.710584308443678 ], [ -86.280488993290092, 39.710618633617493 ], [ -86.280354297037817, 39.710685918919928 ], [ -86.280217802090434, 39.710750811442757 ], [ -86.280148936462155, 39.710782403007208 ], [ -86.280079624608902, 39.710813653727136 ], [ -86.279939756905847, 39.710874103547205 ], [ -86.279798314420461, 39.710932158485967 ], [ -86.279726976904982, 39.710960674402976 ], [ -86.279655297876218, 39.710988162595712 ], [ -86.279510816184597, 39.711041771233894 ], [ -86.279438012365546, 39.711067892584794 ], [ -86.27936486937304, 39.711092986196384 ], [ -86.279291388608087, 39.711117737482269 ], [ -86.279143464882125, 39.711165531886564 ], [ -86.279069024240428, 39.7111885731901 ], [ -86.278919236015071, 39.711232600568934 ], [ -86.278843947458029, 39.711253931294344 ], [ -86.278692404403188, 39.711294193760978 ], [ -86.278616265597321, 39.711313812114213 ], [ -86.278463190466098, 39.711350307583992 ], [ -86.278309150097257, 39.711384748969948 ], [ -86.278231816989361, 39.71140094175108 ], [ -86.278076467328219, 39.711431614952119 ], [ -86.277998447757525, 39.71144575312649 ], [ -86.277841954421305, 39.711472656362197 ], [ -86.27776341934063, 39.71148508038582 ], [ -86.277605893170772, 39.711508215768127 ], [ -86.277447785267782, 39.711528607807026 ], [ -86.277289158155654, 39.711546600233163 ], [ -86.277130060127348, 39.711561848728579 ], [ -86.276970609687538, 39.711574697630979 ], [ -86.276810856297274, 39.711584802617061 ], [ -86.276650857115555, 39.711592163385276 ], [ -86.276570738591175, 39.711594986408528 ], [ -86.276410542389399, 39.71159891626877 ], [ -86.270796937127599, 39.711698266301923 ], [ -86.270164682050137, 39.711641501192062 ], [ -86.269965471194212, 39.711642536495582 ], [ -86.269754983218917, 39.71164328777455 ], [ -86.269620026520442, 39.711643644646841 ], [ -86.269391933481202, 39.711644485792007 ], [ -86.268241694791868, 39.711648735435993 ], [ -86.268083354845899, 39.711649212576354 ], [ -86.268008316013635, 39.711648571765963 ], [ -86.267858319346615, 39.711643857967417 ], [ -86.267783414515137, 39.711639441543667 ], [ -86.267634182010752, 39.711626830789491 ], [ -86.26755985434589, 39.711618636459754 ], [ -86.267411998941284, 39.711598468744207 ], [ -86.267338528349683, 39.711586495063706 ], [ -86.267192719480818, 39.71155876783282 ], [ -86.267048701050925, 39.711526225100371 ], [ -86.266977398529619, 39.711508063076252 ], [ -86.266906639225496, 39.711488525554657 ], [ -86.266766867012251, 39.711446009742083 ], [ -86.26662966611282, 39.711399019376422 ], [ -86.266562133297654, 39.71137363122898 ], [ -86.26642931617765, 39.711319754748558 ], [ -86.266299679666815, 39.711261057430185 ], [ -86.266173563235782, 39.711198223854169 ], [ -86.266111905662527, 39.711165255556907 ], [ -86.265991452982874, 39.711095873374667 ], [ -86.265875077273932, 39.71102269344911 ], [ -86.265763051967184, 39.710945373922122 ], [ -86.265655497275503, 39.710864599608009 ], [ -86.265603538645337, 39.710822659705585 ], [ -86.265503211070936, 39.710736356483501 ], [ -86.265407909187942, 39.710646596543114 ], [ -86.265317858144485, 39.710554064157783 ], [ -86.265233222243623, 39.71045807126913 ], [ -86.264456981764852, 39.709733691912163 ], [ -86.264314965676434, 39.709917611776284 ], [ -86.263903380414803, 39.710441929460593 ], [ -86.263840797831392, 39.710526668166203 ], [ -86.263813623333874, 39.710563526200865 ], [ -86.2637834314271, 39.710604517683997 ], [ -86.263080090799249, 39.711430004246587 ], [ -86.262734747499067, 39.711855925130266 ], [ -86.262531824992237, 39.712109876631828 ], [ -86.262499011677562, 39.712159459359057 ], [ -86.262439760753466, 39.712260825769803 ], [ -86.262397017741492, 39.712347350611232 ], [ -86.262367521189489, 39.712417849120904 ], [ -86.262342089289746, 39.712489357153167 ], [ -86.262320827546205, 39.712561530107443 ], [ -86.262300256962618, 39.712652916543455 ], [ -86.262290871719188, 39.712707870497027 ], [ -86.262282286660607, 39.712781694214904 ], [ -86.26227772385748, 39.712874371167459 ], [ -86.262280901564694, 39.712985539118264 ], [ -86.262293712266924, 39.713096314487458 ], [ -86.262311550636284, 39.713187847930058 ], [ -86.262336239835932, 39.71327848696621 ], [ -86.262354004656046, 39.713332443268925 ], [ -86.262374319829775, 39.713385701061128 ], [ -86.262396685691371, 39.713438605165862 ], [ -86.262425868355336, 39.713499537225026 ], [ -86.262448509879562, 39.713542316197298 ], [ -86.262498554615902, 39.713626648176302 ], [ -86.262566435131262, 39.713724615941068 ], [ -86.262656022121632, 39.713834310852349 ], [ -86.262697874173114, 39.713879565317789 ], [ -86.262756612130488, 39.713938115460643 ], [ -86.262818666541989, 39.713994589576842 ], [ -86.262867201652824, 39.714035691729514 ], [ -86.262917668695138, 39.714075239264233 ], [ -86.262996725372275, 39.714132484319592 ], [ -86.263080120646279, 39.714187304904875 ], [ -86.263137568614511, 39.714221669063797 ], [ -86.263196451495091, 39.714254996337907 ], [ -86.263256652588396, 39.714286601002357 ], [ -86.263380853841923, 39.714345672777171 ], [ -86.263477063568388, 39.71438567128245 ], [ -86.263575630990829, 39.71442222597436 ], [ -86.263676388708873, 39.714454994546578 ], [ -86.263779057992579, 39.714483978427047 ], [ -86.263847020968029, 39.714501130995465 ], [ -86.263950136232779, 39.714523934628559 ], [ -86.264054550158377, 39.714542614454579 ], [ -86.264124734547153, 39.714553234467324 ], [ -86.26423759025468, 39.714565351525856 ], [ -86.264436168965901, 39.714570482769275 ], [ -86.264476873856651, 39.717977186014267 ], [ -86.26447382280405, 39.720035985133663 ], [ -86.264473990567367, 39.720846438226438 ], [ -86.26447459153276, 39.723743398648679 ], [ -86.264482508341743, 39.724660158675377 ], [ -86.264503872627856, 39.729433546097972 ], [ -86.264485500486771, 39.729897570870271 ], [ -86.264536413059361, 39.732106875694619 ], [ -86.264544938444757, 39.735547355962673 ], [ -86.264535603886571, 39.736835635244255 ], [ -86.264550203155679, 39.739730716085198 ], [ -86.264563482599826, 39.742871676517424 ], [ -86.264560089202135, 39.743783221904636 ], [ -86.269835105677828, 39.742507293094057 ], [ -86.269836617540776, 39.738722549609797 ], [ -86.274665606835242, 39.738607685214575 ], [ -86.274663329245513, 39.740228936093729 ], [ -86.275725934259057, 39.740327201669537 ], [ -86.275998207194831, 39.740149599574046 ], [ -86.27604105201533, 39.739832265545878 ], [ -86.27740901684362, 39.739846030779113 ], [ -86.277279786375061, 39.740565679304886 ], [ -86.282597584744565, 39.739098352749977 ], [ -86.288830901081113, 39.737569280777031 ], [ -86.294017846462054, 39.736296725712258 ], [ -86.294498374259859, 39.736186033502662 ], [ -86.295227228641451, 39.73604276566244 ], [ -86.295892848352011, 39.735935526411822 ], [ -86.296322606785097, 39.735863191639197 ], [ -86.296748920617773, 39.735779205648576 ], [ -86.29819756107797, 39.735450822829016 ], [ -86.299689910862583, 39.735083276881262 ], [ -86.302251758736162, 39.734455406067809 ], [ -86.303844566443871, 39.734064777491376 ], [ -86.30540035623072, 39.733684976813223 ], [ -86.306979601397657, 39.733285181219316 ], [ -86.308559281471901, 39.73293424802781 ], [ -86.30862146076511, 39.732811687161316 ], [ -86.314022664060943, 39.731486188827496 ], [ -86.318792385322354, 39.730359537118836 ], [ -86.318888274112524, 39.730456771887482 ], [ -86.319109172707599, 39.730382199848783 ], [ -86.319362879137287, 39.730429660881953 ], [ -86.321005047235971, 39.730004877259404 ], [ -86.321069745148876, 39.730151174104471 ], [ -86.32293278675138, 39.729651788092582 ], [ -86.322800606149627, 39.729065891787556 ], [ -86.326507321301321, 39.728164817032578 ], [ -86.326517561783632, 39.729431454439421 ], [ -86.326554897753212, 39.734396072109035 ], [ -86.326674329826261, 39.749012929632343 ], [ -86.326716985770688, 39.753302164315606 ], [ -86.326740401073167, 39.755737767926924 ], [ -86.326749229805472, 39.757163195804246 ], [ -86.326759640889591, 39.759860356159336 ], [ -86.326765877659625, 39.761613856483116 ], [ -86.32677417754843, 39.763717022065897 ], [ -86.326859614429239, 39.769258184196161 ], [ -86.326884404561184, 39.770869852276114 ], [ -86.326885157648292, 39.770919605770651 ], [ -86.326885727744084, 39.770961810849784 ], [ -86.326885394830668, 39.771252809948358 ], [ -86.326885070458346, 39.771358504170983 ], [ -86.326884957722584, 39.771445666706512 ], [ -86.326884926088084, 39.771488904676033 ], [ -86.326884791858987, 39.771591166242246 ], [ -86.32688441504142, 39.771691370244376 ], [ -86.326884622711646, 39.771759657314959 ], [ -86.326884474207432, 39.771860546329492 ], [ -86.326884189181513, 39.771970358201692 ], [ -86.326884100854471, 39.772077423696743 ], [ -86.326883613723155, 39.772259299687953 ], [ -86.326882645417754, 39.77340888107949 ], [ -86.326880850887107, 39.774454490410612 ], [ -86.326875321744012, 39.775993580292784 ], [ -86.326872433289722, 39.778641050802385 ], [ -86.324125555878226, 39.778685469795242 ], [ -86.321587858003383, 39.778728300357628 ], [ -86.319432748411941, 39.778765149408869 ], [ -86.317491310400086, 39.778799387755605 ], [ -86.315462215695078, 39.778829279503988 ], [ -86.311392581631424, 39.778890392779104 ], [ -86.307974181128117, 39.778941932842038 ], [ -86.300481443519573, 39.779053785573971 ], [ -86.298765605424094, 39.779077899446555 ], [ -86.29668130053733, 39.779109136154709 ], [ -86.296143342750881, 39.7791175457848 ], [ -86.293768754816242, 39.779152020096134 ], [ -86.289181598362802, 39.779217551904487 ], [ -86.284222686831086, 39.779315422188397 ], [ -86.27906338584971, 39.779417912911171 ], [ -86.278581808610951, 39.779427659402089 ], [ -86.275664600632723, 39.779486928292457 ], [ -86.274593531938407, 39.779462002809993 ], [ -86.273614329159685, 39.779477765899991 ], [ -86.273499504929987, 39.779481454771954 ], [ -86.272357566171806, 39.779502175955237 ], [ -86.270754465529677, 39.779534552508942 ], [ -86.270332494149329, 39.779547729223601 ], [ -86.270136268311603, 39.779548063426162 ], [ -86.269725164618194, 39.779556034062423 ], [ -86.268895047004605, 39.779569953070578 ], [ -86.266577520771705, 39.779616958052038 ], [ -86.264280427720365, 39.77966140943812 ], [ -86.262699086662451, 39.779716554217352 ], [ -86.261740466207456, 39.779746780720117 ], [ -86.26036483126876, 39.779782727966257 ], [ -86.259629391190501, 39.779796803353776 ], [ -86.259255112846418, 39.779803963305547 ], [ -86.258440463028634, 39.779819676717885 ], [ -86.257476506526245, 39.779837452379333 ], [ -86.256949161000065, 39.779847173670412 ], [ -86.253253352513795, 39.779917043103957 ], [ -86.250604657731444, 39.779967461472317 ], [ -86.250650477355734, 39.778298113634797 ], [ -86.25064921661793, 39.778230435074796 ], [ -86.250438212601594, 39.778171624196347 ], [ -86.250430317436695, 39.777812601279656 ], [ -86.250418354551755, 39.777319165674534 ], [ -86.250406656975201, 39.776858214283365 ], [ -86.250327242290751, 39.773498063475202 ], [ -86.250362538328446, 39.773177637717062 ], [ -86.250366495788541, 39.773009944209136 ], [ -86.250322482575143, 39.772394832099408 ], [ -86.24821132978019, 39.772273657052153 ], [ -86.248122288540372, 39.77232111581791 ], [ -86.247916806179816, 39.772309672517402 ], [ -86.23901603835958, 39.771817669799411 ], [ -86.238929442159048, 39.771758386406695 ], [ -86.235362328155759, 39.771570711476528 ], [ -86.235179198449629, 39.771615189747159 ], [ -86.234255553819864, 39.77156789357587 ], [ -86.234258710710762, 39.76588070459669 ], [ -86.231771864889893, 39.765974497575662 ], [ -86.23167382762648, 39.765946250426552 ], [ -86.228616351249826, 39.766052514697968 ], [ -86.22876944558557, 39.771645642920312 ], [ -86.233869484975585, 39.771487983246189 ], [ -86.233906303073866, 39.771598643389197 ], [ -86.234291699066546, 39.771633358183408 ], [ -86.235167215908334, 39.771672213592467 ], [ -86.235369590972951, 39.771629356830012 ], [ -86.235813713064175, 39.771652325777168 ], [ -86.237362894926179, 39.771732431821022 ], [ -86.238915160519738, 39.771812676702417 ], [ -86.239014251732058, 39.771877045858275 ], [ -86.248122788013944, 39.77238047964051 ], [ -86.248223159597345, 39.772331935527724 ], [ -86.250243630648143, 39.772444300194756 ], [ -86.250299673886786, 39.773090529665375 ], [ -86.250288188808327, 39.773205007604908 ], [ -86.25025916818629, 39.773494287904988 ], [ -86.250286227443013, 39.774872415932577 ], [ -86.250319047419353, 39.776276383882447 ], [ -86.250326146085015, 39.776580044534413 ], [ -86.250332585182392, 39.7768554993064 ], [ -86.250349326950939, 39.77752851926693 ], [ -86.250359463787674, 39.777936014328084 ], [ -86.25035206933552, 39.77814761312473 ], [ -86.249425035289477, 39.777889222137631 ], [ -86.2493672786985, 39.777908901895515 ], [ -86.248652754348456, 39.777673957547684 ], [ -86.247909665690457, 39.777429613680155 ], [ -86.247595528176703, 39.77719989828028 ], [ -86.245877120006341, 39.776870911862702 ], [ -86.245693377332231, 39.776824016324106 ], [ -86.244998229085596, 39.776612518004683 ], [ -86.243980788055495, 39.776302276592105 ], [ -86.243759604299782, 39.776233143679889 ], [ -86.243474613025356, 39.776177539511544 ], [ -86.240850697594681, 39.776066202457415 ], [ -86.239942184264919, 39.775648764474198 ], [ -86.239910836283087, 39.775822532864311 ], [ -86.239492265786581, 39.776231588343428 ], [ -86.23919609280081, 39.776135372303003 ], [ -86.239048682021917, 39.776168658872855 ], [ -86.234275413830261, 39.776221452289263 ], [ -86.234269935690619, 39.778492281282944 ], [ -86.234262563373477, 39.780220459462086 ], [ -86.231848664415466, 39.780263124373974 ], [ -86.227101188373382, 39.780348258884807 ], [ -86.227022699570142, 39.780349667358877 ], [ -86.22658263533566, 39.780338751332188 ], [ -86.225429322573689, 39.780359065651012 ], [ -86.225419447046875, 39.780359232987855 ], [ -86.225428212595332, 39.780368467752538 ], [ -86.225229255267962, 39.780730564312364 ], [ -86.224829791635244, 39.781457560404604 ], [ -86.224630679922768, 39.781758671837984 ], [ -86.225115897633444, 39.781948123476845 ], [ -86.225211100754635, 39.782027477840714 ], [ -86.225236982536089, 39.783632530059158 ], [ -86.225239127177034, 39.783659544518471 ], [ -86.225240989598817, 39.78368746101193 ], [ -86.225244193032637, 39.783714470374775 ], [ -86.225248174933412, 39.78374246673399 ], [ -86.225252148826584, 39.783769472387974 ], [ -86.225257190692005, 39.783797463644746 ], [ -86.225263282174225, 39.783824459105496 ], [ -86.225270145283318, 39.783851450851657 ], [ -86.22527700839791, 39.783878442597235 ], [ -86.225285219375621, 39.783905517921937 ], [ -86.225302123179944, 39.783959486114462 ], [ -86.225401143494452, 39.784248443412849 ], [ -86.225427124745167, 39.784329482725667 ], [ -86.22545223913734, 39.784410435237028 ], [ -86.225474947215943, 39.784491490296809 ], [ -86.225490117776644, 39.784545466801802 ], [ -86.225511003965579, 39.784627431301224 ], [ -86.225531119302275, 39.784709489575363 ], [ -86.225544084198162, 39.784764557503728 ], [ -86.225561021299868, 39.784846541008648 ], [ -86.225572156236751, 39.784901526777176 ], [ -86.225587264131235, 39.784983519085721 ], [ -86.225605303398737, 39.785094503533998 ], [ -86.225617145337694, 39.785177412241289 ], [ -86.225631229341161, 39.785287515056147 ], [ -86.225636977974531, 39.785343519301883 ], [ -86.225645257147619, 39.785426445162969 ], [ -86.22564916965905, 39.785481466606839 ], [ -86.225654270077527, 39.785564407776342 ], [ -86.225659310330542, 39.785675544884576 ], [ -86.225660018440436, 39.785703466921255 ], [ -86.225671176291513, 39.786820522834965 ], [ -86.225672204287235, 39.786828535695939 ], [ -86.22567407493915, 39.786845462085395 ], [ -86.225677286657316, 39.786861481339429 ], [ -86.225681942458962, 39.786877493637157 ], [ -86.225686243858007, 39.78688548982911 ], [ -86.225694166221842, 39.786900495647977 ], [ -86.225703243147606, 39.786915495003804 ], [ -86.225708211301892, 39.786922498140697 ], [ -86.22572016954885, 39.786936492872059 ], [ -86.225733082900675, 39.786949493158666 ], [ -86.22574366921485, 39.786957984164552 ], [ -86.225749270829539, 39.786962476767513 ], [ -86.225743761429072, 39.786969809588555 ], [ -86.225735550465629, 39.7869807392116 ], [ -86.225658667304003, 39.787083533477563 ], [ -86.225659441439078, 39.787083980086393 ], [ -86.225665632630921, 39.787087463798954 ], [ -86.225666504390006, 39.787088000005028 ], [ -86.22565658563488, 39.787088137849857 ], [ -86.225657076252062, 39.787148760848268 ], [ -86.22565954831137, 39.787454217495402 ], [ -86.225707105974848, 39.787627733181779 ], [ -86.225712241531426, 39.787646469509127 ], [ -86.225509253841807, 39.787649722293551 ], [ -86.225270172780171, 39.787653552867496 ], [ -86.224732981170973, 39.787663523838653 ], [ -86.224702075604029, 39.78766448306348 ], [ -86.224672125881639, 39.787664537008681 ], [ -86.223734001674373, 39.787683457558352 ], [ -86.223726105241511, 39.787683495463106 ], [ -86.223502136648463, 39.787687452502816 ], [ -86.222332147957943, 39.787710537235093 ], [ -86.221161090089851, 39.787732443502286 ], [ -86.219892115571284, 39.787757506805391 ], [ -86.219536044004499, 39.787764518597093 ], [ -86.21854550434017, 39.787784284584745 ], [ -86.21853411283044, 39.787784510786231 ], [ -86.217176998428641, 39.787811495563268 ], [ -86.215818081742526, 39.787837482256123 ], [ -86.21462994444137, 39.787843548847782 ], [ -86.214150097688048, 39.78784743482214 ], [ -86.213644258525179, 39.787852523037415 ], [ -86.212580100201976, 39.787863479244031 ], [ -86.211676117643194, 39.78787745729722 ], [ -86.211036070828229, 39.787887487597899 ], [ -86.209585957708143, 39.787926530397847 ], [ -86.209583164513688, 39.787926453397816 ], [ -86.208424956545571, 39.787942495874908 ], [ -86.20736516068645, 39.787957436937297 ], [ -86.206841037565837, 39.78796447210555 ], [ -86.20629525503594, 39.787972506300754 ], [ -86.206273266370133, 39.787968555504875 ], [ -86.206256022265137, 39.787955483116654 ], [ -86.206243032121279, 39.787944463401928 ], [ -86.206226131978582, 39.787938506550198 ], [ -86.206221124174945, 39.787938439765796 ], [ -86.206217079035795, 39.787938458573052 ], [ -86.205626026263786, 39.787945529209047 ], [ -86.20522823670197, 39.78795052831974 ], [ -86.204153209182408, 39.787963530149071 ], [ -86.202875960377156, 39.787978537377569 ], [ -86.202086158975916, 39.787988489626379 ], [ -86.200953163255861, 39.788002448887276 ], [ -86.20090318183145, 39.78800249885407 ], [ -86.200851767259167, 39.788005482593057 ], [ -86.200850913055305, 39.788005532459486 ], [ -86.200776035223399, 39.788011462195833 ], [ -86.200705113985222, 39.788018454487514 ], [ -86.200634201087524, 39.78802652750862 ], [ -86.200562916379937, 39.788036494517108 ], [ -86.200493085755625, 39.788047445536606 ], [ -86.200458173443877, 39.788053461422372 ], [ -86.200387973539719, 39.788066485631916 ], [ -86.200353061208858, 39.78807250148617 ], [ -86.200283935440666, 39.78808750308081 ], [ -86.200215201380303, 39.788103493576934 ], [ -86.200147149715789, 39.788120471638905 ], [ -86.200079114015182, 39.788139521142263 ], [ -86.200012145267721, 39.78815946727881 ], [ -86.199995276318731, 39.788164593994246 ], [ -86.199946236031877, 39.788179497674896 ], [ -86.199314096695332, 39.788366529604119 ], [ -86.198129218298732, 39.788711388900737 ], [ -86.198120280645838, 39.788705550219383 ], [ -86.19786741986853, 39.788540381015679 ], [ -86.197661154650731, 39.788393471824996 ], [ -86.197543125946183, 39.788298524852848 ], [ -86.197333152495631, 39.788131482109911 ], [ -86.197143087779153, 39.787998488101927 ], [ -86.19703712638821, 39.787919520179862 ], [ -86.196886124928128, 39.787819498394292 ], [ -86.196753330701313, 39.787757677382672 ], [ -86.196611161107739, 39.787691485718398 ], [ -86.196498133943095, 39.7876455197136 ], [ -86.196375130161925, 39.787579510456489 ], [ -86.196193110323719, 39.787490529321737 ], [ -86.195740491692973, 39.787226850100794 ], [ -86.195596140084078, 39.787139497636829 ], [ -86.19553414809063, 39.787130502300144 ], [ -86.195406113100987, 39.787111447371544 ], [ -86.195311161831185, 39.787086477271387 ], [ -86.195223146787214, 39.787049493806016 ], [ -86.195134563403045, 39.787013593673109 ], [ -86.195117078768462, 39.787006466982561 ], [ -86.195034129964483, 39.786964505682846 ], [ -86.194960062353758, 39.786912505486718 ], [ -86.194929244493451, 39.786887242200194 ], [ -86.194916160827802, 39.786876401772325 ], [ -86.194797082400726, 39.78688243877135 ], [ -86.194716288118926, 39.786878379604637 ], [ -86.194698430903074, 39.786877482722502 ], [ -86.194697178748285, 39.786877398352196 ], [ -86.194600169303257, 39.78686045395245 ], [ -86.194509136560285, 39.7868315014911 ], [ -86.194434111486942, 39.786805538459689 ], [ -86.194298123996361, 39.78676652075535 ], [ -86.194255745818907, 39.786753110509061 ], [ -86.194206127693363, 39.786737481467938 ], [ -86.194121164691367, 39.786696430245037 ], [ -86.194066878907478, 39.78666226572431 ], [ -86.194029139246041, 39.786638474735398 ], [ -86.193976097380428, 39.786628537215933 ], [ -86.193882093406771, 39.786601489181386 ], [ -86.193846363045097, 39.786588408854264 ], [ -86.193808120573536, 39.786574440151277 ], [ -86.193682863883069, 39.786528075699316 ], [ -86.193630133860452, 39.786508497566636 ], [ -86.193560048702011, 39.786486024173762 ], [ -86.193478474322603, 39.786459820954263 ], [ -86.193387148445211, 39.786430417700551 ], [ -86.193265120588009, 39.786390524812013 ], [ -86.193228122720953, 39.786375468557011 ], [ -86.193163873879968, 39.786360806128314 ], [ -86.193101168791529, 39.786346497832348 ], [ -86.193056163838065, 39.786329496356096 ], [ -86.193017085651334, 39.786319494158093 ], [ -86.192977805933012, 39.786308321981537 ], [ -86.192925208851108, 39.786293426441524 ], [ -86.192850083590045, 39.786279443633269 ], [ -86.192746103112825, 39.786257394529905 ], [ -86.192637143538718, 39.786226450302394 ], [ -86.192601259391367, 39.786218414975892 ], [ -86.19254415036599, 39.786205522099237 ], [ -86.192460120407347, 39.786185453888294 ], [ -86.192333606089903, 39.786150805167495 ], [ -86.192212206050385, 39.786117484162638 ], [ -86.192158111065893, 39.786095478812406 ], [ -86.192065177335238, 39.786082476808751 ], [ -86.192035116697511, 39.786080451275382 ], [ -86.191941148638591, 39.78607051705545 ], [ -86.191845073262584, 39.786049512173761 ], [ -86.191780103486849, 39.786028546603326 ], [ -86.19166906638668, 39.786015537028781 ], [ -86.191656146211855, 39.786013523021055 ], [ -86.191584156834281, 39.786006552283375 ], [ -86.191538924555346, 39.785997658233889 ], [ -86.191487134087055, 39.785987442810473 ], [ -86.191377125825355, 39.785970464426192 ], [ -86.191266064009824, 39.785941419833328 ], [ -86.191196154780485, 39.785929484829886 ], [ -86.191071144915313, 39.785902484580234 ], [ -86.191028134156952, 39.785894480969247 ], [ -86.190886152921038, 39.785864494901446 ], [ -86.190798058480652, 39.78585453322237 ], [ -86.19071891759296, 39.785844170774446 ], [ -86.190668115944064, 39.785837464058758 ], [ -86.190565198972308, 39.785828469806113 ], [ -86.190502128576483, 39.785816503510539 ], [ -86.190301171223368, 39.78576849558258 ], [ -86.190180110116785, 39.785741476553717 ], [ -86.190057070343201, 39.78570752931099 ], [ -86.190005924549297, 39.78569343740832 ], [ -86.189961397580745, 39.785681123295689 ], [ -86.189908166700931, 39.785666403072767 ], [ -86.189827101339802, 39.785643437418749 ], [ -86.189478083614361, 39.785525470670429 ], [ -86.189193736653777, 39.785507955086764 ], [ -86.189185099481875, 39.785507422946814 ], [ -86.189087206952223, 39.785500476315171 ], [ -86.18900911327853, 39.785488486767079 ], [ -86.188904092021716, 39.78546851045401 ], [ -86.188813161502154, 39.78546549703993 ], [ -86.188765159317569, 39.785459497435504 ], [ -86.188564132705991, 39.785427521550275 ], [ -86.18850572666571, 39.785408416044014 ], [ -86.188472036176208, 39.785397487408218 ], [ -86.188353978917164, 39.785360093380234 ], [ -86.188314111743637, 39.785347481178697 ], [ -86.188231142481541, 39.785314523652033 ], [ -86.188155344782629, 39.78528774940969 ], [ -86.187979128136206, 39.785225482945876 ], [ -86.187813146708095, 39.785179476102272 ], [ -86.187720095217728, 39.78515043729432 ], [ -86.187663127582255, 39.785130514294849 ], [ -86.187638871096922, 39.785119092724742 ], [ -86.187597120741046, 39.78509946164975 ], [ -86.187588605943034, 39.785094094909404 ], [ -86.187419115152693, 39.78497846923014 ], [ -86.187285105749467, 39.784881511880045 ], [ -86.187232076672203, 39.784834546191448 ], [ -86.187127051790625, 39.784724486189745 ], [ -86.187096538685637, 39.784675167765322 ], [ -86.18709117763288, 39.784666453440117 ], [ -86.187028159143892, 39.784597463167792 ], [ -86.187019104462109, 39.784584262016622 ], [ -86.186994078590033, 39.784547530237205 ], [ -86.1869261575564, 39.784415503700139 ], [ -86.186920335517897, 39.78439688218625 ], [ -86.186908096651052, 39.784357391032273 ], [ -86.186893206461917, 39.784285481989905 ], [ -86.186891200770717, 39.78423648605191 ], [ -86.186897146144304, 39.784156466682361 ], [ -86.186908975169629, 39.784115966957515 ], [ -86.186919115409481, 39.784081419269548 ], [ -86.18698809541641, 39.783970488877706 ], [ -86.187027142057602, 39.783925452888475 ], [ -86.187038237921868, 39.783915493888152 ], [ -86.187074819651812, 39.783882948714826 ], [ -86.187074874158313, 39.783882900734525 ], [ -86.187092091801446, 39.783867509314902 ], [ -86.187105314064468, 39.783858711652485 ], [ -86.187110489560496, 39.78385535593808 ], [ -86.187163189847425, 39.783820527289052 ], [ -86.187223150378273, 39.783790531507087 ], [ -86.187247711274296, 39.783778440531052 ], [ -86.187280139000634, 39.783762440447781 ], [ -86.187403055312004, 39.783499568610637 ], [ -86.187431097772176, 39.783438457038557 ], [ -86.187439065969826, 39.783409595114982 ], [ -86.187448156756446, 39.783376494070502 ], [ -86.187465161837721, 39.783294532708673 ], [ -86.187468180461565, 39.783273439717135 ], [ -86.187519118990622, 39.783081516415656 ], [ -86.1875211222318, 39.783053491865097 ], [ -86.187525118601442, 39.78302149448924 ], [ -86.187533126019204, 39.782972453612217 ], [ -86.187560109814612, 39.782898555339642 ], [ -86.187569017420728, 39.782879417401467 ], [ -86.187601140968241, 39.782810450673239 ], [ -86.187602198820784, 39.782797473472577 ], [ -86.187609148057589, 39.782748527406191 ], [ -86.187628178408687, 39.782641514494628 ], [ -86.187629185371947, 39.782634483792158 ], [ -86.187638138684974, 39.782570484716345 ], [ -86.187649155130146, 39.782524493522956 ], [ -86.187677142118503, 39.782430411943722 ], [ -86.187719107366732, 39.782338519291116 ], [ -86.187753086802303, 39.782285669006178 ], [ -86.18777516858755, 39.78225142788606 ], [ -86.187820734455741, 39.782177265969999 ], [ -86.188011083011872, 39.781867428308992 ], [ -86.188071176371253, 39.781791578908816 ], [ -86.188087105384298, 39.781771509605399 ], [ -86.188100777270719, 39.781758475723628 ], [ -86.188151066061209, 39.781710506664055 ], [ -86.188204603606493, 39.781646307189462 ], [ -86.188226171075357, 39.781620537360226 ], [ -86.18825194462373, 39.781590603706725 ], [ -86.188302059441625, 39.781532455908106 ], [ -86.188309080523297, 39.781518461150036 ], [ -86.188332593534213, 39.781482593168867 ], [ -86.188354202690178, 39.781449525840586 ], [ -86.188404559387891, 39.78139777171819 ], [ -86.188434085332972, 39.78136746178366 ], [ -86.188454852467856, 39.781350432979764 ], [ -86.18848518893796, 39.781325433383969 ], [ -86.188548183549727, 39.781251463009738 ], [ -86.188588080672503, 39.781204530331884 ], [ -86.188600728758161, 39.781183484966476 ], [ -86.188629165577751, 39.781136513746489 ], [ -86.188702090097266, 39.781038537006211 ], [ -86.188809189353847, 39.780939414822114 ], [ -86.188861101651142, 39.780902517378131 ], [ -86.188876451333257, 39.780894971787568 ], [ -86.188984095490667, 39.780842509281676 ], [ -86.189013287799639, 39.780831748100333 ], [ -86.189052081523982, 39.780817431052391 ], [ -86.189078603202404, 39.780810104449607 ], [ -86.18912415106189, 39.780797468261106 ], [ -86.189196018073304, 39.780763544036361 ], [ -86.18926615837168, 39.78073052821992 ], [ -86.189284834383642, 39.780717202360755 ], [ -86.189338087686934, 39.78067939798661 ], [ -86.189500074496266, 39.780580478292549 ], [ -86.189610135586207, 39.780529446301145 ], [ -86.189619624822058, 39.780382458924144 ], [ -86.189626080890577, 39.780282458240961 ], [ -86.19012063462263, 39.779722708411455 ], [ -86.190217372873349, 39.779552827583714 ], [ -86.190274102380315, 39.77945312063904 ], [ -86.190307644829531, 39.779394190183517 ], [ -86.190538938310667, 39.778987819835081 ], [ -86.190678435761569, 39.778222300367077 ], [ -86.190519088808642, 39.777487406463919 ], [ -86.190407152437771, 39.777363924349487 ], [ -86.189147377972574, 39.775974167759209 ], [ -86.188412264115499, 39.775162498870543 ], [ -86.188621496990876, 39.775095895922611 ], [ -86.188613957367522, 39.775089362084685 ], [ -86.187065467768775, 39.77298314571302 ], [ -86.18631361245626, 39.77222647316605 ], [ -86.185178048122665, 39.771124081699426 ], [ -86.18418579335129, 39.770449522699309 ], [ -86.183022623055265, 39.769875080349699 ], [ -86.182011047688093, 39.769482120127577 ], [ -86.1803582809586, 39.769439764620486 ], [ -86.179993588856362, 39.769457938054366 ], [ -86.176747549948047, 39.768710459117742 ], [ -86.175693717552136, 39.768400432435001 ], [ -86.174724271613186, 39.767891299012163 ], [ -86.174062267566853, 39.767420640954718 ], [ -86.173744176142762, 39.767174893563904 ], [ -86.173383081072615, 39.766436557526738 ], [ -86.173220660806308, 39.765375132317672 ], [ -86.173112506913341, 39.76465244814198 ], [ -86.173195009194501, 39.764268482977108 ], [ -86.173267097931756, 39.763931644448533 ], [ -86.173424759508379, 39.763188667618152 ], [ -86.173821286969854, 39.762546600458741 ], [ -86.173925884286504, 39.762227691538897 ], [ -86.173985117392675, 39.761968004203922 ], [ -86.174013640259261, 39.761696783651352 ], [ -86.173995241273303, 39.761272375942234 ], [ -86.173947368105004, 39.760989478690547 ], [ -86.173914637589988, 39.760694847809148 ], [ -86.173881474374028, 39.760341196272847 ], [ -86.173860420205017, 39.759918171781408 ], [ -86.173822479643732, 39.759132845516667 ], [ -86.173809947426875, 39.758530655315859 ], [ -86.173680555892247, 39.757900493319845 ], [ -86.173560079645341, 39.757250388915978 ], [ -86.173457137721726, 39.75674021689148 ], [ -86.173461882684251, 39.756530868785902 ], [ -86.173370945409502, 39.756255708586309 ], [ -86.173318887044658, 39.755924100413445 ], [ -86.173449469657129, 39.7556939565142 ], [ -86.173613113778899, 39.755463325811355 ], [ -86.173726571876145, 39.755156730853521 ], [ -86.173757297571257, 39.754837458062212 ], [ -86.173772081290608, 39.754595122683298 ], [ -86.173851334924038, 39.754322993868783 ], [ -86.173949231599835, 39.753956071408503 ], [ -86.174061853057907, 39.753528345189878 ], [ -86.174125266344447, 39.75315779850812 ], [ -86.17422174625564, 39.752787450345892 ], [ -86.174351192856619, 39.752403918723736 ], [ -86.174621790347473, 39.752088399517028 ], [ -86.174591201251289, 39.751797533762343 ], [ -86.174436616343201, 39.75149346695332 ], [ -86.171175718547019, 39.75154915409248 ], [ -86.170276482379009, 39.751564715640548 ], [ -86.168236977650551, 39.751590179237624 ], [ -86.167037680423135, 39.751610283161753 ], [ -86.165799168520593, 39.751627087407783 ], [ -86.164104126226576, 39.751653033121698 ], [ -86.163069194604745, 39.751664615057813 ], [ -86.162203750340424, 39.751676710882997 ], [ -86.160824846002924, 39.751703925589844 ], [ -86.159182332348919, 39.751719953805662 ], [ -86.159149906177305, 39.750734604905986 ], [ -86.159140357278616, 39.749743761879529 ], [ -86.159125929820206, 39.748759561202661 ], [ -86.159120737291815, 39.747852273752883 ], [ -86.159108965038584, 39.746388334986442 ], [ -86.159124352904769, 39.745343931656933 ], [ -86.159102870313092, 39.74310545971295 ], [ -86.159085950281778, 39.74180622448219 ], [ -86.159054349737573, 39.740415185926508 ], [ -86.15903885255041, 39.738221933480808 ], [ -86.159027918374164, 39.737234717642949 ], [ -86.159027878573738, 39.737231091654493 ], [ -86.159009512009519, 39.736171998278159 ], [ -86.158995016053694, 39.735314142790813 ], [ -86.158980775491926, 39.733922294974462 ], [ -86.158964377616016, 39.732885963769938 ], [ -86.158927814734142, 39.731366646799202 ], [ -86.158766439182315, 39.731427086063135 ], [ -86.158861040357763, 39.727743368142029 ], [ -86.158769793075194, 39.722438635258094 ], [ -86.158733177991479, 39.720926834644608 ], [ -86.15865270463496, 39.717502973774437 ], [ -86.158595856430864, 39.715101503692757 ], [ -86.158556121938801, 39.713073674714749 ], [ -86.158527070542803, 39.711366263966724 ], [ -86.15851287438332, 39.710523804359454 ], [ -86.158492049315043, 39.709293798054112 ], [ -86.158462782061719, 39.707772860430033 ], [ -86.158422231114031, 39.705459699186235 ], [ -86.158411802410555, 39.704864817902546 ], [ -86.158394443101386, 39.703874549485946 ], [ -86.158377342396975, 39.702898940336659 ], [ -86.158323676446415, 39.699796369230157 ], [ -86.158302051215287, 39.698481303658973 ], [ -86.15828058606877, 39.697175831269156 ], [ -86.158256362523389, 39.695702591287905 ], [ -86.158228447749963, 39.694864767463528 ], [ -86.158219812023347, 39.69473887654901 ], [ -86.158202708791507, 39.694529865134221 ], [ -86.158189495596829, 39.694391609078401 ], [ -86.158167131312908, 39.694186767599611 ], [ -86.15822847330702, 39.694006260645942 ], [ -86.158284887074302, 39.693840256739797 ], [ -86.158323882892589, 39.693694880334654 ], [ -86.158380444991536, 39.693349213882755 ], [ -86.158408797728882, 39.693148885370789 ], [ -86.15840236903577, 39.693054559735209 ], [ -86.158397026146048, 39.69294730367281 ], [ -86.158413581573512, 39.692839689170846 ], [ -86.158450604795888, 39.692649908843222 ], [ -86.158490675929997, 39.692424719301769 ], [ -86.158524350666497, 39.692145940448263 ], [ -86.158545720707153, 39.691820339887364 ], [ -86.158549386894521, 39.691501432583109 ], [ -86.15854731543017, 39.691311404361869 ], [ -86.15856797740355, 39.690945711544188 ], [ -86.158577883781632, 39.69065073076235 ], [ -86.15861147566325, 39.690311655318233 ], [ -86.158744191091486, 39.689524606786129 ], [ -86.158850850574254, 39.688908342436541 ], [ -86.158944007155412, 39.688365942411096 ], [ -86.158952950780517, 39.688228502966091 ], [ -86.15893964719649, 39.688036175959404 ], [ -86.158916026821515, 39.687918751933175 ], [ -86.158868554623808, 39.687710214068225 ], [ -86.158771369360224, 39.687283291473349 ], [ -86.158647676018745, 39.686728779965655 ], [ -86.158555649344152, 39.686314456665244 ], [ -86.158534039201456, 39.686248179754955 ], [ -86.158543485090647, 39.683534962519211 ], [ -86.158550624192969, 39.681141280239416 ], [ -86.158558079774664, 39.678930344627538 ], [ -86.15854668043113, 39.677370221566804 ], [ -86.158536765401834, 39.676066238463392 ], [ -86.158526877775842, 39.674742694567762 ], [ -86.158522050369655, 39.674054326752888 ], [ -86.158519056648288, 39.673491206203472 ], [ -86.158503182931497, 39.67162857519714 ], [ -86.158495368054886, 39.67038566525693 ], [ -86.158483469596092, 39.66807347027477 ], [ -86.158479659512395, 39.667324701212962 ], [ -86.158477977157432, 39.667079687583644 ], [ -86.158471458352125, 39.665878294164102 ], [ -86.158462712004592, 39.664314447295141 ], [ -86.158454695717012, 39.662816988144954 ], [ -86.158451933838606, 39.662333479886229 ], [ -86.15844539838254, 39.66123126036122 ], [ -86.158458525164619, 39.660640273910211 ], [ -86.1584569277273, 39.660054840393549 ], [ -86.158457388287914, 39.659524647751631 ], [ -86.158457745221511, 39.659175646904217 ], [ -86.158432430120669, 39.658798615160016 ], [ -86.158429764869155, 39.658344276133136 ], [ -86.158428390915972, 39.658111271615198 ], [ -86.158422335988163, 39.657084545699846 ], [ -86.158424494910577, 39.656574592372387 ], [ -86.158421279385209, 39.653340611667332 ], [ -86.158392773786034, 39.653115959598296 ], [ -86.158405649435366, 39.651542145206093 ], [ -86.158415585394536, 39.649584340885418 ], [ -86.15841874082281, 39.648745286358839 ], [ -86.158422908111532, 39.648221253986918 ], [ -86.158428673617223, 39.646058596829192 ], [ -86.158433254259478, 39.64466086001071 ], [ -86.158437994565077, 39.64348926978073 ], [ -86.158447375854564, 39.64108500538191 ], [ -86.15845139982801, 39.639976903299733 ], [ -86.15845288381901, 39.639340322824545 ], [ -86.158456126328858, 39.63867799732958 ], [ -86.158460756007955, 39.637553420219497 ], [ -86.158455688485986, 39.636931966558024 ], [ -86.158416625462635, 39.636335707929931 ], [ -86.158397313778394, 39.635112742804218 ], [ -86.160036469522538, 39.635080741349903 ], [ -86.161588423435447, 39.63505011782982 ], [ -86.16255094494133, 39.635030913611438 ], [ -86.165667875886683, 39.634968836378825 ], [ -86.165831902392341, 39.634965729488833 ], [ -86.166242326567811, 39.634957444961096 ], [ -86.167832322635547, 39.6349255449149 ], [ -86.168149501208546, 39.634919371737119 ], [ -86.168894306103951, 39.634905515819263 ], [ -86.171054440729861, 39.634864929200575 ], [ -86.173159932812879, 39.634825225211294 ], [ -86.174618969405856, 39.634797578045692 ], [ -86.174706833753362, 39.634795821137395 ], [ -86.177448507840168, 39.63474364757009 ], [ -86.17898087708403, 39.634715279980362 ], [ -86.180161563533204, 39.634693251641309 ], [ -86.181546370820541, 39.634666531907833 ], [ -86.183581749547614, 39.634614939843473 ], [ -86.184194600125466, 39.634605690938827 ], [ -86.185439051280298, 39.634587099696262 ], [ -86.186396826088213, 39.634572866603101 ], [ -86.189624268773386, 39.634524065107378 ], [ -86.191183620583146, 39.634492326577231 ], [ -86.196436442132892, 39.634407749068181 ], [ -86.198615761269153, 39.6343847493903 ], [ -86.201331884137446, 39.634340365160647 ], [ -86.201498614758663, 39.634343029295934 ], [ -86.205639650351117, 39.63431702627269 ], [ -86.20566551642294, 39.634282932771747 ], [ -86.215004695214844, 39.63420971119195 ], [ -86.224469044669092, 39.634071651997829 ], [ -86.23463024893482, 39.633966478592086 ], [ -86.243460764462483, 39.633843696038625 ], [ -86.249805207129185, 39.633733778382464 ], [ -86.25914386384693, 39.633413362907888 ] ] ] } }
]
}
