{
"type": "FeatureCollection",
"name": "pittsburgh",
"crs": { "type": "name", "properties": { "name": "urn:ogc:def:crs:OGC:1.3:CRS84" } },
"features": [
{ "type": "Feature", "properties": { "DISTRICT": 1, "OBJECTID": 9, "GlobalID": "52cb441f-7c07-4994-a0f6-067cf34d0180", "Shape__Area": 247548056.44482422, "Shape__Length": 103561.75456637153, "Zone_T": "1", "TOTAL": 39192.593818651381, "WHITE": 20991.0190154597, "BLACK": 13536.233524519048, "AMERICAN_INDIAN": 52.996563513582224, "ASIAN": 553.72772798657309, "PACIFIC_ISLANDER": 4.0048718564165897, "OTHER": 252.41147151139165, "TWO_OR_MORE": 2506.720339664515, "HISPANIC": 1295.480304140154, "WHITE_PCT": 0.536, "BLACK_PCT": 0.345, "AMERICAN_INDIAN_PCT": 0.001, "ASIAN_PCT": 0.014, "PACIFIC_ISLANDER_PCT": 0.0, "OTHER_PCT": 0.006, "TWO_OR_MORE_PCT": 0.064, "HISPANIC_PCT": 0.033 }, "geometry": { "type": "MultiPolygon", "coordinates": [ [ [ [ -80.037978913459199, 40.4556041770037 ], [ -80.038046057193, 40.455608533371702 ], [ -80.038098516672306, 40.455618867697503 ], [ -80.038143521128902, 40.455649494335603 ], [ -80.038228258242597, 40.455712967212698 ], [ -80.038294540809503, 40.455813180538001 ], [ -80.038568692567907, 40.456092900752999 ], [ -80.038778186089999, 40.456348081268601 ], [ -80.039406952246296, 40.456883764257199 ], [ -80.039826720933206, 40.457188198697999 ], [ -80.0400645574571, 40.457389329779502 ], [ -80.040428535935604, 40.457826589008199 ], [ -80.040836129056302, 40.458262982759798 ], [ -80.0417347832812, 40.459022991257903 ], [ -80.043041078110903, 40.460219377572997 ], [ -80.044447671955496, 40.461369311831099 ], [ -80.044654341292798, 40.461651581159202 ], [ -80.045083210649807, 40.4620900715883 ], [ -80.045710444194299, 40.4625665341201 ], [ -80.046942454570299, 40.463286545561097 ], [ -80.047197929771301, 40.463525926915601 ], [ -80.047943012244801, 40.464044482041899 ], [ -80.048230977667998, 40.464383223038702 ], [ -80.048645477628995, 40.465019465024398 ], [ -80.0492660308974, 40.466151639637602 ], [ -80.049414543643607, 40.467158478690003 ], [ -80.049435749126602, 40.467715031472402 ], [ -80.0493111574621, 40.4680560492137 ], [ -80.049231765445796, 40.468347604516197 ], [ -80.049195106084596, 40.468764331574597 ], [ -80.049040096045502, 40.468911869128803 ], [ -80.048850932825502, 40.469337881774401 ], [ -80.048670425742202, 40.469569846238699 ], [ -80.048008844337303, 40.470243575095097 ], [ -80.047684228715596, 40.470577546818902 ], [ -80.047527925667097, 40.4707178196645 ], [ -80.047453198003296, 40.470777939906903 ], [ -80.047417993488907, 40.470796230241397 ], [ -80.047385011913505, 40.470804703559303 ], [ -80.047356408344996, 40.470803044093401 ], [ -80.047260456449706, 40.470754408249398 ], [ -80.047210401127401, 40.470712404409198 ], [ -80.047157254308303, 40.470654826167703 ], [ -80.046771452287004, 40.470223724865903 ], [ -80.046013827132199, 40.469338721477598 ], [ -80.045711313569001, 40.469000264858401 ], [ -80.045372540231696, 40.4684514026127 ], [ -80.044844381601294, 40.467895188395097 ], [ -80.044516204169597, 40.467657244885999 ], [ -80.044479571033705, 40.467581802833799 ], [ -80.044492989374803, 40.467518038347997 ], [ -80.044453940548607, 40.4674394406779 ], [ -80.044064813101599, 40.466998710464601 ], [ -80.043767085342694, 40.4667624795565 ], [ -80.0436946428607, 40.466656817617697 ], [ -80.043676096593202, 40.466569876083298 ], [ -80.043490505797905, 40.466307661318197 ], [ -80.043233029800803, 40.466070683670097 ], [ -80.043022423068606, 40.465836745110202 ], [ -80.042870555457597, 40.465649263856598 ], [ -80.042615340379101, 40.465239257952398 ], [ -80.042485712939197, 40.4651318222312 ], [ -80.042147672519206, 40.464804054844301 ], [ -80.042056898686994, 40.464673951282599 ], [ -80.041980534704507, 40.464604802473502 ], [ -80.041898486169401, 40.464549899441501 ], [ -80.041755442268197, 40.464515048569702 ], [ -80.041593586789801, 40.464471149862199 ], [ -80.0415181833541, 40.464430247056598 ], [ -80.041051422151497, 40.4639492782795 ], [ -80.040795777153505, 40.463681408281097 ], [ -80.040482565876601, 40.463357854942103 ], [ -80.040373148202804, 40.463223408804801 ], [ -80.040295827097594, 40.463126012560402 ], [ -80.039830253207398, 40.462483187408402 ], [ -80.039849128416407, 40.462231592104601 ], [ -80.039817824206906, 40.462186721014199 ], [ -80.039771062685304, 40.462125096905197 ], [ -80.039717440267907, 40.462080668781503 ], [ -80.039664397881396, 40.462053287443801 ], [ -80.039581402124298, 40.4620208138751 ], [ -80.039150220238398, 40.461381106673301 ], [ -80.039085494186196, 40.461228855664601 ], [ -80.039054232644304, 40.461073184320902 ], [ -80.038936037173798, 40.460992988277901 ], [ -80.038315391445394, 40.459789651869698 ], [ -80.0381981634998, 40.458611821947002 ], [ -80.038035744194303, 40.458156244903797 ], [ -80.0377721567489, 40.457440104635403 ], [ -80.037741736081301, 40.456950863600802 ], [ -80.037722534952593, 40.456604373118303 ], [ -80.037736139885794, 40.456378681052101 ], [ -80.037803928595494, 40.4559317665896 ], [ -80.037895267359104, 40.455621074874202 ], [ -80.037978913459199, 40.4556041770037 ] ] ], [ [ [ -79.981185566913993, 40.460138165320203 ], [ -79.9811913854316, 40.460181171457002 ], [ -79.981192549104094, 40.460207218435698 ], [ -79.981186342131494, 40.460223876455998 ], [ -79.981182921202802, 40.460233055710603 ], [ -79.981171824851799, 40.4602628482304 ], [ -79.981169834992002, 40.460294392842101 ], [ -79.981168026239999, 40.460333622001002 ], [ -79.981160133061294, 40.460399060561599 ], [ -79.981136219400597, 40.460471084720098 ], [ -79.981095606259004, 40.460546462629303 ], [ -79.981068011383499, 40.460629357476499 ], [ -79.981019610342898, 40.460708836892501 ], [ -79.980966638029201, 40.460795955620803 ], [ -79.980925267830301, 40.460878622611403 ], [ -79.980828994842597, 40.461028677660899 ], [ -79.980780429728497, 40.4610950488361 ], [ -79.980719437920101, 40.4611844887933 ], [ -79.9806443623131, 40.461283415510898 ], [ -79.980563725147704, 40.461395492315098 ], [ -79.980517296551895, 40.461480296316999 ], [ -79.980466651803596, 40.4615670761833 ], [ -79.980423819994101, 40.461634539278997 ], [ -79.980408916001096, 40.4616488930793 ], [ -79.980350520314801, 40.461705133274997 ], [ -79.980301199115701, 40.4617611533806 ], [ -79.980246372635506, 40.461852816366097 ], [ -79.980207111985393, 40.461934658595602 ], [ -79.980146081952995, 40.462021347683297 ], [ -79.980101953703198, 40.462104195461102 ], [ -79.980061621723493, 40.462185072746301 ], [ -79.980012815709699, 40.462266499063702 ], [ -79.979963846073005, 40.462351648212298 ], [ -79.979891628116604, 40.462441652869998 ], [ -79.979814348335907, 40.462516159230901 ], [ -79.979769725351204, 40.462577217116198 ], [ -79.979729619959897, 40.462630722321002 ], [ -79.979656628072604, 40.462728944178203 ], [ -79.979591534621804, 40.462826980309401 ], [ -79.979526579528695, 40.462925068683298 ], [ -79.979446507164596, 40.463038682306497 ], [ -79.979424189741295, 40.4630702369275 ], [ -79.979409678404195, 40.463090671086299 ], [ -79.979312808520604, 40.463227076289499 ], [ -79.979295258438796, 40.4632516743048 ], [ -79.979224466281295, 40.463351220053099 ], [ -79.979168519646095, 40.463444189592998 ], [ -79.979115279219897, 40.463538213186602 ], [ -79.979076425721303, 40.463598437915401 ], [ -79.979043627639101, 40.463649564180002 ], [ -79.978986420260895, 40.463735843735599 ], [ -79.978962832220404, 40.463780926812497 ], [ -79.978934118505094, 40.463818349512898 ], [ -79.978918129378101, 40.463839188659598 ], [ -79.978848007774005, 40.463930580043801 ], [ -79.978828842200301, 40.463955557763498 ], [ -79.978800773674706, 40.463998088537799 ], [ -79.978778232690402, 40.464042668516299 ], [ -79.978740396424598, 40.464134189579198 ], [ -79.9787237427674, 40.464175289482696 ], [ -79.978708359952094, 40.464216655863197 ], [ -79.9786525912602, 40.464331791212999 ], [ -79.978636139312698, 40.464368540509703 ], [ -79.978622558412496, 40.464405794794899 ], [ -79.978617083276404, 40.464427675298701 ], [ -79.978610859053106, 40.464449409888402 ], [ -79.978593618842098, 40.464487434692202 ], [ -79.978572895858804, 40.464524397843697 ], [ -79.978547106567603, 40.464565562126197 ], [ -79.978447804370902, 40.464727062997902 ], [ -79.978407022968, 40.464794910861599 ], [ -79.978345093292305, 40.4649015317516 ], [ -79.978282622197696, 40.465007979261202 ], [ -79.978200094638893, 40.465137845879603 ], [ -79.978114446032194, 40.465266541996201 ], [ -79.978018858853204, 40.4654083138403 ], [ -79.977922067630502, 40.465549605211997 ], [ -79.977894135068894, 40.465589398067102 ], [ -79.977782976725507, 40.465746325131803 ], [ -79.977708790282506, 40.465848848640903 ], [ -79.977600915987693, 40.465992169437499 ], [ -79.977490407843902, 40.4661343264981 ], [ -79.977395051307099, 40.466253589571998 ], [ -79.977297694204495, 40.466371931676001 ], [ -79.977204096272004, 40.466481998842099 ], [ -79.977126879253802, 40.466565490880001 ], [ -79.976983782725696, 40.466706485191601 ], [ -79.976874535622699, 40.466811715866598 ], [ -79.976796375912897, 40.466890544902199 ], [ -79.976718461458105, 40.466969519601697 ], [ -79.976660214597601, 40.467028851224498 ], [ -79.976531034260105, 40.467162543794601 ], [ -79.976528449159801, 40.467166701550099 ], [ -79.976518690641896, 40.467179092680901 ], [ -79.976493257899705, 40.467204259134597 ], [ -79.976468024572995, 40.4672294640825 ], [ -79.976433590453098, 40.467271092510103 ], [ -79.976399076211706, 40.467312689137103 ], [ -79.976370233451803, 40.467346505622402 ], [ -79.976237967824005, 40.467493536973699 ], [ -79.976198334103501, 40.467535490671203 ], [ -79.976135911010999, 40.467605550706899 ], [ -79.976073622518996, 40.467675690092904 ], [ -79.976024628415601, 40.467730208221802 ], [ -79.975975176767804, 40.467784518028203 ], [ -79.975922628693098, 40.467833288526499 ], [ -79.975878198315101, 40.4678670888011 ], [ -79.9757886908411, 40.467993004224901 ], [ -79.9757701189626, 40.468045900504798 ], [ -79.975756119663899, 40.468067582801503 ], [ -79.975735609839703, 40.468092572312997 ], [ -79.975709632265307, 40.468114187930297 ], [ -79.975691075157897, 40.468125150235501 ], [ -79.975609650614004, 40.468172693694001 ], [ -79.9755427847725, 40.4682124309602 ], [ -79.975479180656507, 40.468251570279598 ], [ -79.975383374572104, 40.468312516089597 ], [ -79.975288405711595, 40.468374209638 ], [ -79.975187999067003, 40.468440448155199 ], [ -79.975124950068803, 40.468482338650702 ], [ -79.974949480532302, 40.468600135243101 ], [ -79.974902962319007, 40.468631677183701 ], [ -79.974794905546304, 40.468706571280698 ], [ -79.974688404950399, 40.468782769512103 ], [ -79.974592471476598, 40.468853413138604 ], [ -79.974497748493505, 40.468925000021301 ], [ -79.974401765795804, 40.4689990623244 ], [ -79.974306159213299, 40.469073411890498 ], [ -79.974220118523505, 40.469139600136899 ], [ -79.974137140952706, 40.469208146416499 ], [ -79.974079220920103, 40.469267892854504 ], [ -79.974066633678703, 40.469282413780199 ], [ -79.973937674613296, 40.469431182207799 ], [ -79.973917592246593, 40.469453571347202 ], [ -79.973867541791407, 40.469497538912798 ], [ -79.973701946564802, 40.469618664149003 ], [ -79.9736236491852, 40.469685157017899 ], [ -79.9735445280823, 40.469751285506398 ], [ -79.973474323114104, 40.469802061017198 ], [ -79.973398658739896, 40.469848109218702 ], [ -79.973304165578696, 40.4698986265294 ], [ -79.973207436983202, 40.469946425585597 ], [ -79.973116888484697, 40.469988582492498 ], [ -79.973025632929506, 40.470029905204598 ], [ -79.972999342771502, 40.470041300426303 ], [ -79.972985321891898, 40.4700473752224 ], [ -79.972771752595094, 40.4701166648507 ], [ -79.9727503543821, 40.470119550946897 ], [ -79.972690417055404, 40.470124170747198 ], [ -79.972628406889498, 40.470126455678098 ], [ -79.972597198085197, 40.470124477385497 ], [ -79.972566005784998, 40.470119492569303 ], [ -79.972533446491198, 40.4701097882498 ], [ -79.972511469195197, 40.4700996147347 ], [ -79.972482132557403, 40.470079889347801 ], [ -79.972456757404203, 40.4700550582509 ], [ -79.972435002061303, 40.470025312692698 ], [ -79.9724144011129, 40.469979841902301 ], [ -79.9724044031651, 40.469932964624299 ], [ -79.972399806305702, 40.469870725510297 ], [ -79.972401944041593, 40.469839562115098 ], [ -79.972408767836001, 40.4698088149255 ], [ -79.972438029322703, 40.469727914770502 ], [ -79.9724605552517, 40.469682479753999 ], [ -79.9724768862269, 40.469649542657997 ], [ -79.972521033966203, 40.4695755875725 ], [ -79.972528377257504, 40.469563288280298 ], [ -79.972583652332602, 40.469478789890402 ], [ -79.972636132620096, 40.469406845653303 ], [ -79.972746111486501, 40.469248271047398 ], [ -79.972775133393299, 40.4692019182989 ], [ -79.972826516442893, 40.4691074003739 ], [ -79.972873564498698, 40.469011632488098 ], [ -79.972905341298599, 40.468938788937798 ], [ -79.972937557089793, 40.468866096389299 ], [ -79.972992730479604, 40.468774037835502 ], [ -79.973049340054601, 40.468682468732901 ], [ -79.973092521432605, 40.468586216553902 ], [ -79.973137762868106, 40.468490521114703 ], [ -79.973191827862607, 40.468401139524602 ], [ -79.9732192911532, 40.468359338078599 ], [ -79.973307652119104, 40.468229329832099 ], [ -79.973326919761803, 40.4682009818967 ], [ -79.973355963446906, 40.468158821202501 ], [ -79.973408709416603, 40.468081074360803 ], [ -79.973462420862802, 40.468003707106703 ], [ -79.973518140350706, 40.4679307569005 ], [ -79.973575573099097, 40.467858578187197 ], [ -79.973621388133594, 40.467800380074998 ], [ -79.973666976851405, 40.467742081794903 ], [ -79.973709825277496, 40.467682992991598 ], [ -79.973751525175203, 40.467623416371303 ], [ -79.973798602311902, 40.467559432844901 ], [ -79.973845688899502, 40.467495416683803 ], [ -79.973906927764503, 40.467401469838002 ], [ -79.9739310540958, 40.467358906295502 ], [ -79.974012356030002, 40.467191764271803 ], [ -79.974055571785996, 40.467096410068898 ], [ -79.974113287948796, 40.467007149622901 ], [ -79.974170695822394, 40.466917773457602 ], [ -79.974211574624306, 40.466839086987399 ], [ -79.974252858364395, 40.466760521532898 ], [ -79.974287395613899, 40.466701282493503 ], [ -79.974321992573394, 40.466642067517398 ], [ -79.9743522723887, 40.4665844616692 ], [ -79.974382446509793, 40.4665267641547 ], [ -79.974399320685393, 40.466499797156203 ], [ -79.974418165951704, 40.466473512923102 ], [ -79.9744277841978, 40.466461759785602 ], [ -79.974438201422899, 40.466450592153201 ], [ -79.974475764418699, 40.466338665129499 ], [ -79.974527392029898, 40.466280267375701 ], [ -79.974571371676106, 40.4662191213732 ], [ -79.974624080216699, 40.466127348975903 ], [ -79.974676956422897, 40.466035729174102 ], [ -79.974753892714205, 40.465908869142098 ], [ -79.974854220309993, 40.4657477420226 ], [ -79.974980443821295, 40.465557806556603 ], [ -79.975126557672795, 40.465359392864102 ], [ -79.975284810722002, 40.465178904123 ], [ -79.975443440460396, 40.464998775446603 ], [ -79.975499030443501, 40.464924220399702 ], [ -79.975614944153094, 40.464769308463303 ], [ -79.9757027595452, 40.464652676638899 ], [ -79.975839392012801, 40.464482312001699 ], [ -79.975977566933693, 40.464312637278603 ], [ -79.976101207581095, 40.464160865984901 ], [ -79.976231016150194, 40.4640122315067 ], [ -79.976284768235701, 40.463956547729303 ], [ -79.976424021859799, 40.463813288583196 ], [ -79.976444670836301, 40.463792132126699 ], [ -79.9765171555091, 40.463716705211198 ], [ -79.976589453600894, 40.463641169231202 ], [ -79.976616743360594, 40.463611987799602 ], [ -79.976643421708502, 40.463582472203697 ], [ -79.976686345737704, 40.463532796594997 ], [ -79.976727665484304, 40.463482331178398 ], [ -79.9768340457547, 40.463389522857298 ], [ -79.976884256967296, 40.463337902347 ], [ -79.9769341942105, 40.463286131240103 ], [ -79.9770642549407, 40.463148416637502 ], [ -79.977194143509905, 40.463010576367402 ], [ -79.977203694553495, 40.463000889063402 ], [ -79.977346210094694, 40.462859554081298 ], [ -79.977429548834493, 40.462782206650203 ], [ -79.977550544487102, 40.462677482148003 ], [ -79.9776947205103, 40.462577280001099 ], [ -79.977769281411497, 40.462517012616502 ], [ -79.977860833655896, 40.462430759104201 ], [ -79.977941223600098, 40.462350406047598 ], [ -79.978024469673599, 40.4622786111089 ], [ -79.978105423366998, 40.462209906136501 ], [ -79.978184789499807, 40.462132638295103 ], [ -79.9782709271432, 40.462054348902797 ], [ -79.978383823088805, 40.461963896249898 ], [ -79.978438186260107, 40.461921596461401 ], [ -79.978546854676594, 40.461832144925999 ], [ -79.9786238083651, 40.461747931606602 ], [ -79.978700720060502, 40.461677799659903 ], [ -79.978791458064293, 40.461612587389602 ], [ -79.978888226011705, 40.461537621253001 ], [ -79.978987089498105, 40.461443381918102 ], [ -79.979073532733906, 40.461372857808897 ], [ -79.979179398862897, 40.461297018692399 ], [ -79.979280614287404, 40.461221859235003 ], [ -79.979371199139706, 40.461146055185502 ], [ -79.9793974421641, 40.461124093896302 ], [ -79.979476836828894, 40.461049412753901 ], [ -79.979534773742003, 40.4610046597818 ], [ -79.979630320710996, 40.460951390605203 ], [ -79.979714734812404, 40.460888809373003 ], [ -79.979802936827099, 40.460823937060198 ], [ -79.979885188271396, 40.460757811043003 ], [ -79.979982784815107, 40.460681546007102 ], [ -79.980089745635098, 40.460608771275702 ], [ -79.980198395235107, 40.460535178297299 ], [ -79.980289085526394, 40.460466080240799 ], [ -79.980403302726998, 40.460380147596098 ], [ -79.980498241969002, 40.460329304630299 ], [ -79.980619549597506, 40.460269053033997 ], [ -79.980705665060199, 40.4602245862731 ], [ -79.9808223500265, 40.4601850815625 ], [ -79.980925746634895, 40.460150363682502 ], [ -79.981005150701804, 40.460128923688401 ], [ -79.981092255740904, 40.460113419490398 ], [ -79.981149653096907, 40.460111877407002 ], [ -79.981185566913993, 40.460138165320203 ] ] ], [ [ [ -80.010128325720999, 40.499118980746502 ], [ -80.009768326205503, 40.499127980730101 ], [ -80.009156325213894, 40.499143980482899 ], [ -80.009033129123196, 40.499147060638698 ], [ -80.0089163250192, 40.499149979787902 ], [ -80.009021325011005, 40.498946979367503 ], [ -80.009120325509301, 40.498757980274398 ], [ -80.009231325053406, 40.498482980863599 ], [ -80.009229325629406, 40.4984599809884 ], [ -80.009220325639305, 40.498282980253101 ], [ -80.009214325364496, 40.498231981011898 ], [ -80.009205324976705, 40.498172980260001 ], [ -80.009161325661495, 40.497843980463699 ], [ -80.009147325210904, 40.497734980708898 ], [ -80.009145325142796, 40.497717980658798 ], [ -80.009127325254298, 40.4975489806803 ], [ -80.009092325110501, 40.4975389808777 ], [ -80.008608325351403, 40.497533980099703 ], [ -80.007792324822503, 40.497526980813902 ], [ -80.007782325248897, 40.4977769808864 ], [ -80.007771324828795, 40.497891980353501 ], [ -80.007763325258594, 40.497985980445698 ], [ -80.007718325241996, 40.497984980176 ], [ -80.007620571884004, 40.497977313670802 ], [ -80.007463324704503, 40.497964980483601 ], [ -80.006988325161402, 40.497722980281701 ], [ -80.006500324785407, 40.497475980649597 ], [ -80.006447324225704, 40.4974499804093 ], [ -80.0063393241809, 40.497397980117597 ], [ -80.005563324711005, 40.497247980241902 ], [ -80.005448324709306, 40.497224980504797 ], [ -80.005370323971704, 40.497210980464999 ], [ -80.005012324407602, 40.4971579801541 ], [ -80.004992323963407, 40.497170980523201 ], [ -80.004319296734806, 40.497605807178203 ], [ -80.004037323375201, 40.497787980112697 ], [ -80.004025323883596, 40.497795979485801 ], [ -80.004024324238003, 40.497774979823099 ], [ -80.003958323602106, 40.497532981100903 ], [ -80.003954323542501, 40.497462980222899 ], [ -80.003946373089903, 40.497012400957402 ], [ -80.003936323859705, 40.496442980764797 ], [ -80.003935323664606, 40.496292980715602 ], [ -80.003995323868097, 40.496295980622399 ], [ -80.003860323529693, 40.493588980175502 ], [ -80.003854323172703, 40.493475979942502 ], [ -80.003852323691305, 40.493432979718897 ], [ -80.003805323834797, 40.492508979562203 ], [ -80.003798323373303, 40.492366979882704 ], [ -80.0037223232966, 40.490948979852497 ], [ -80.003706323379703, 40.490632979816098 ], [ -80.003685323745998, 40.490333979378498 ], [ -80.003684323460405, 40.490235979370603 ], [ -80.003645322667097, 40.489570978813497 ], [ -80.0036203229037, 40.489098978690997 ], [ -80.003601323373502, 40.4887409788317 ], [ -80.003585322553704, 40.488458978551897 ], [ -80.003583323010304, 40.488426978856197 ], [ -80.003549323158396, 40.487769978577496 ], [ -80.003515322745798, 40.487368978583 ], [ -80.003465322613593, 40.486784978775397 ], [ -80.003458323295106, 40.486705978826102 ], [ -80.003455323315706, 40.486670978887197 ], [ -80.003384322996993, 40.485688978593203 ], [ -80.003343322503, 40.485100978111497 ], [ -80.003343322566906, 40.485088978469598 ], [ -80.003343322777795, 40.485037978191301 ], [ -80.003257322964501, 40.483550977706599 ], [ -80.003240322466695, 40.483254978138199 ], [ -80.003223323322203, 40.482946977081099 ], [ -80.003210322228199, 40.482728977420003 ], [ -80.003209322512902, 40.482666977112203 ], [ -80.003209322054403, 40.482555977697601 ], [ -80.003195322608505, 40.482446977143098 ], [ -80.0031913222779, 40.4823839776762 ], [ -80.002982322356502, 40.482386977147499 ], [ -80.001770322670694, 40.482435977822703 ], [ -80.001756322704495, 40.482063977800202 ], [ -80.001725322856402, 40.481157976955103 ], [ -80.001720322042502, 40.480980977796001 ], [ -80.001710322219097, 40.480673977133598 ], [ -80.0016863225826, 40.480089977096199 ], [ -80.000966321874202, 40.480023977650802 ], [ -79.998904321086798, 40.479815976489903 ], [ -79.998781321309707, 40.479821976743899 ], [ -79.998655321322104, 40.479343976909298 ], [ -79.998610321420202, 40.479172977068799 ], [ -79.998542321586697, 40.478913977613303 ], [ -79.998513320995301, 40.478921976492501 ], [ -79.996669320501098, 40.479172976990597 ], [ -79.996520319480197, 40.479193976927803 ], [ -79.996503320310694, 40.479156976829401 ], [ -79.996476320200699, 40.479102976973103 ], [ -79.995349320128597, 40.477368977365202 ], [ -79.995875320864599, 40.477345977071401 ], [ -79.995990320091096, 40.477339976682401 ], [ -79.995982319686703, 40.4771899763345 ], [ -79.995841319203606, 40.474593976318097 ], [ -79.9958363200207, 40.474543976741202 ], [ -79.995980319285195, 40.474491975574303 ], [ -79.996073319463605, 40.474467976786201 ], [ -79.996087319892098, 40.4744639760846 ], [ -79.996222483247394, 40.474446319859503 ], [ -79.996239596818896, 40.474444084322599 ], [ -79.996309319629503, 40.474434976440101 ], [ -79.996377319944102, 40.4744359758988 ], [ -79.9964343198221, 40.474436976450399 ], [ -79.996563320263306, 40.4744469767328 ], [ -79.996686320556904, 40.474463976144897 ], [ -79.996812320240707, 40.474490976298 ], [ -79.997285319761801, 40.474580976853801 ], [ -79.997352320472103, 40.474587975174202 ], [ -79.9976143198611, 40.474598975376402 ], [ -79.997571320366802, 40.473551974750102 ], [ -79.997548320153101, 40.472989974489401 ], [ -79.995136319725702, 40.473038975599003 ], [ -79.993656318868403, 40.473084974446003 ], [ -79.991863318637996, 40.473141975247998 ], [ -79.992277319048, 40.473563975706597 ], [ -79.992589830379401, 40.473883848396802 ], [ -79.993084318951702, 40.474389976789801 ], [ -79.993289318751593, 40.474599976569202 ], [ -79.993343319212897, 40.475818977418299 ], [ -79.993359319034198, 40.476169976743499 ], [ -79.993384319450897, 40.476365977418702 ], [ -79.993396318920702, 40.476490976715098 ], [ -79.993417319515203, 40.476668977171997 ], [ -79.993625684656806, 40.476759891420301 ], [ -79.993841319148601, 40.476853976736798 ], [ -79.995026319240296, 40.477368977632601 ], [ -79.994221318997901, 40.4773979771374 ], [ -79.993906319353599, 40.477408977179302 ], [ -79.993861319368506, 40.477406977613597 ], [ -79.993612318972794, 40.477415977099199 ], [ -79.9933313191694, 40.4774279770186 ], [ -79.993130319392904, 40.477416977165802 ], [ -79.992800318962793, 40.4774009768852 ], [ -79.992691319122898, 40.477394977020701 ], [ -79.991425318822806, 40.4772739769681 ], [ -79.990325324490797, 40.477168209139897 ], [ -79.990073317754906, 40.477143976558203 ], [ -79.989889318541898, 40.477128976078298 ], [ -79.988934317111301, 40.477047977119398 ], [ -79.9884583169667, 40.476920977309 ], [ -79.988095317387703, 40.476770977228597 ], [ -79.987882317445596, 40.476310977514302 ], [ -79.987704317274193, 40.475925976842298 ], [ -79.987522316850999, 40.475550977323103 ], [ -79.987499317671293, 40.475497977318497 ], [ -79.987100316901007, 40.4746949770946 ], [ -79.987016316516105, 40.474499977307403 ], [ -79.986948316984297, 40.474340976601198 ], [ -79.986781316573797, 40.473959976928001 ], [ -79.986111175372301, 40.472398493306798 ], [ -79.985957316200299, 40.472039976322101 ], [ -79.985884316628201, 40.4719089762132 ], [ -79.985802315936297, 40.471642976156197 ], [ -79.985554316654898, 40.470972976762397 ], [ -79.985544315816895, 40.470943976501403 ], [ -79.985456315963404, 40.47070797592 ], [ -79.984996315644295, 40.469467975980201 ], [ -79.984685315849106, 40.468511975884603 ], [ -79.984588315665903, 40.468259976185699 ], [ -79.984486315965796, 40.4680179763251 ], [ -79.984329315794696, 40.467568975839697 ], [ -79.984228071069296, 40.467295091023999 ], [ -79.984156315192706, 40.467100974180099 ], [ -79.984065315801502, 40.466848974297598 ], [ -79.983912452968994, 40.466440027147897 ], [ -79.983886024824997, 40.466369326618697 ], [ -79.983871315870601, 40.466329975188103 ], [ -79.9838523152427, 40.466345975178101 ], [ -79.983816316017595, 40.466381975071698 ], [ -79.983545314968296, 40.466662975415304 ], [ -79.983428315181996, 40.466783975277103 ], [ -79.983079315226604, 40.467148975940503 ], [ -79.9829633152969, 40.4672709757617 ], [ -79.982981315104695, 40.467283975397599 ], [ -79.9830223145769, 40.4673199759536 ], [ -79.982375315480994, 40.468439975716699 ], [ -79.982345314583895, 40.468487975991103 ], [ -79.981832314457805, 40.469323975875099 ], [ -79.981816315340893, 40.469350976643298 ], [ -79.981558315269197, 40.469572975921999 ], [ -79.981149314804796, 40.469901976347302 ], [ -79.981055314273704, 40.469960976796003 ], [ -79.980873314066201, 40.470071976302897 ], [ -79.980812314458007, 40.4701069765566 ], [ -79.980637315084294, 40.470208976019897 ], [ -79.980367314306406, 40.470367976428797 ], [ -79.980316314578999, 40.470397976445 ], [ -79.980136314828101, 40.470504976820003 ], [ -79.979976314108001, 40.470598976262302 ], [ -79.979844313824302, 40.470677976451 ], [ -79.979814313798698, 40.470698976899499 ], [ -79.979698314506706, 40.470778976360002 ], [ -79.979606313876502, 40.470852977028997 ], [ -79.979370314410303, 40.471060977018603 ], [ -79.979048314374694, 40.471333976617203 ], [ -79.9788603137617, 40.471494976851503 ], [ -79.978818314463894, 40.471534977077397 ], [ -79.978810313789495, 40.471561977236902 ], [ -79.978795313953498, 40.4716179770951 ], [ -79.978774314074201, 40.4716069769215 ], [ -79.978723314238096, 40.471601976508303 ], [ -79.978466313649804, 40.471468976787698 ], [ -79.978291313409997, 40.4713779765463 ], [ -79.978156313526, 40.471307976454703 ], [ -79.978125314240003, 40.471293977100999 ], [ -79.977719314023801, 40.471105977200303 ], [ -79.977444314198806, 40.470978976856003 ], [ -79.977411313298802, 40.470938977147803 ], [ -79.977391313074506, 40.470952976418403 ], [ -79.977264313957903, 40.470891976706 ], [ -79.977196313084605, 40.470855976322497 ], [ -79.977142313069393, 40.470826977104302 ], [ -79.977122314002202, 40.470813976347301 ], [ -79.977018312975503, 40.470751976599303 ], [ -79.976802313796, 40.470626976852699 ], [ -79.976720312830295, 40.470579976880202 ], [ -79.975719313417599, 40.470021976244098 ], [ -79.975685313285496, 40.470002976546603 ], [ -79.975615312509504, 40.469963976932597 ], [ -79.975297312687005, 40.469786976881302 ], [ -79.975270312330395, 40.469771976419104 ], [ -79.975096313196801, 40.469674976748202 ], [ -79.974981312725305, 40.469610976195298 ], [ -79.974681312826206, 40.469443976416002 ], [ -79.974578312134796, 40.469465975743901 ], [ -79.974553771713303, 40.469471505434299 ], [ -79.974580632896107, 40.469450009127399 ], [ -79.974615233561096, 40.469418795756397 ], [ -79.974665782886007, 40.4693885717695 ], [ -79.974721341653606, 40.469342788897798 ], [ -79.974997854673006, 40.469097434476403 ], [ -79.975067165640795, 40.469043036593803 ], [ -79.975083875630602, 40.469029921737203 ], [ -79.975249893763305, 40.468904392753799 ], [ -79.9752782574554, 40.468883152028297 ], [ -79.975362703059105, 40.468820140406102 ], [ -79.975396142319397, 40.468795681337397 ], [ -79.975429561713796, 40.4687711929122 ], [ -79.975451886584196, 40.468753153865499 ], [ -79.975485580474796, 40.468723152223603 ], [ -79.975614370501802, 40.468600890593898 ], [ -79.975673752975496, 40.4685459483524 ], [ -79.975746014377094, 40.468474762286 ], [ -79.975810814275107, 40.4684326818833 ], [ -79.975857084444797, 40.468403969468099 ], [ -79.975980457016306, 40.468351361538701 ], [ -79.976068985661101, 40.468300305467999 ], [ -79.976114752508394, 40.468267143332397 ], [ -79.976156141428405, 40.468230427768802 ], [ -79.976225183659196, 40.4681602627983 ], [ -79.976291322461194, 40.468088799688601 ], [ -79.976359215985596, 40.468011253404597 ], [ -79.976371217448303, 40.467997661479203 ], [ -79.976505908805194, 40.467851912066898 ], [ -79.976563899128706, 40.467790858520303 ], [ -79.976605859755395, 40.467739680017402 ], [ -79.976648020626797, 40.467688602141699 ], [ -79.976715620941903, 40.467613845863603 ], [ -79.976783351855602, 40.467539155492403 ], [ -79.976828235635097, 40.467489851158902 ], [ -79.976873078556295, 40.4674405259724 ], [ -79.976913731805993, 40.467394062458602 ], [ -79.976942395127494, 40.467356570136801 ], [ -79.976988602156695, 40.467275693578998 ], [ -79.977119804903097, 40.467124184656598 ], [ -79.977251588198101, 40.466977235399902 ], [ -79.977344599410102, 40.4668754197805 ], [ -79.9774794093682, 40.466729070460097 ], [ -79.977597092867995, 40.466604316025702 ], [ -79.977714193780599, 40.4664798276333 ], [ -79.9778341066487, 40.466341141256201 ], [ -79.977946280760506, 40.466198688703599 ], [ -79.978052452609106, 40.466055260759198 ], [ -79.978153073069606, 40.465919504313902 ], [ -79.978271459163295, 40.465765689712903 ], [ -79.978293516952803, 40.465737086208399 ], [ -79.978429726714594, 40.465562910519303 ], [ -79.978544528177096, 40.465425834416401 ], [ -79.978650835832894, 40.465294977590702 ], [ -79.978656831560997, 40.465287598279403 ], [ -79.978676529052294, 40.4652584303076 ], [ -79.9787412822824, 40.465162551742601 ], [ -79.978823836357705, 40.465036765152497 ], [ -79.978896825382606, 40.464932920752197 ], [ -79.979005846473399, 40.464775148172599 ], [ -79.979015630557399, 40.464759629395203 ], [ -79.979047689339595, 40.464714952336003 ], [ -79.979053759467604, 40.464709576905797 ], [ -79.979067136695505, 40.464702812869596 ], [ -79.979114196574997, 40.464688688748502 ], [ -79.979139206679406, 40.464678876156597 ], [ -79.979150882380495, 40.464673269208397 ], [ -79.979160666598901, 40.464666141127097 ], [ -79.979163211200799, 40.464662300292702 ], [ -79.979163667305002, 40.464658614142103 ], [ -79.979161434970294, 40.464651670033803 ], [ -79.979146561527799, 40.464630440440303 ], [ -79.979131939339894, 40.464610103267603 ], [ -79.979124580105207, 40.464599959031503 ], [ -79.979118870684005, 40.464589627130998 ], [ -79.979116182167203, 40.464578088367603 ], [ -79.9791165987955, 40.464568961717703 ], [ -79.979120649441199, 40.464555124606399 ], [ -79.979128203824104, 40.464541877568003 ], [ -79.979158247827101, 40.464415381679601 ], [ -79.979182640780806, 40.464384940219702 ], [ -79.979204684639996, 40.464353585526602 ], [ -79.979227241802107, 40.464315994109697 ], [ -79.979249847695698, 40.464278450394801 ], [ -79.979287647027604, 40.464220082824802 ], [ -79.979326834619897, 40.464162252413402 ], [ -79.979340421542304, 40.4641442459315 ], [ -79.979407230252804, 40.464051413680103 ], [ -79.979433934178303, 40.4640095378777 ], [ -79.979470101781402, 40.4639434226861 ], [ -79.9795294209937, 40.4638482898334 ], [ -79.979555073045802, 40.463808958526897 ], [ -79.979582800561204, 40.463763372073302 ], [ -79.979608819700701, 40.463713170066598 ], [ -79.979634838545607, 40.463662995985501 ], [ -79.979683447083403, 40.463571343390697 ], [ -79.979735114197595, 40.463480699307901 ], [ -79.979777146654598, 40.463414045666198 ], [ -79.979879966978999, 40.463253832364302 ], [ -79.979915431576103, 40.463198905879104 ], [ -79.979969641076593, 40.463115182672801 ], [ -79.980030830458404, 40.463021862032299 ], [ -79.980092096210299, 40.462928573213503 ], [ -79.980151401021999, 40.462835126699602 ], [ -79.980210506293503, 40.462741607426402 ], [ -79.980260937365102, 40.462666590012198 ], [ -79.980311061197597, 40.462591451477898 ], [ -79.980320044273597, 40.462577194833003 ], [ -79.980350562401199, 40.462546510594102 ], [ -79.980404597746997, 40.462459871689802 ], [ -79.980477766192905, 40.462343314985397 ], [ -79.980528728879406, 40.462265274664901 ], [ -79.980583672035294, 40.462200960666799 ], [ -79.980649371430303, 40.4621148866214 ], [ -79.980718148955603, 40.462020858793998 ], [ -79.980775170659797, 40.461935815161297 ], [ -79.980859426540107, 40.461842488503102 ], [ -79.980957242792599, 40.461714593062503 ], [ -79.981019493720197, 40.4616238485509 ], [ -79.981086250024006, 40.461520449879202 ], [ -79.981152968191694, 40.461431127123603 ], [ -79.981246807224494, 40.461307468400001 ], [ -79.981338546514806, 40.461202274759003 ], [ -79.981399735193605, 40.461111537007099 ], [ -79.981456696718894, 40.461021800611 ], [ -79.981529456514593, 40.460924183764703 ], [ -79.981602184565403, 40.460841617451202 ], [ -79.9816715193639, 40.460758592290397 ], [ -79.981760996757501, 40.460659400314697 ], [ -79.981810647755395, 40.460613085473199 ], [ -79.9819491244575, 40.4604489745292 ], [ -79.982071178365004, 40.460287256133903 ], [ -79.982094323276002, 40.460259885734096 ], [ -79.982122372030204, 40.460226915403197 ], [ -79.9822043658192, 40.460147285865503 ], [ -79.982259704119699, 40.460080863418298 ], [ -79.982317314852693, 40.459992094155098 ], [ -79.982396745435196, 40.459920807401197 ], [ -79.9824881474199, 40.459858015231198 ], [ -79.982556039230502, 40.459796198671597 ], [ -79.982601729867596, 40.459737773847301 ], [ -79.982623106858, 40.4596837320085 ], [ -79.982647806033299, 40.459606848331802 ], [ -79.9827373995996, 40.459517203430998 ], [ -79.982804618869096, 40.459452153856802 ], [ -79.982892069018106, 40.459360905235101 ], [ -79.982988376860604, 40.4592836732743 ], [ -79.983045148216604, 40.459230512404801 ], [ -79.983111713305306, 40.459173933570703 ], [ -79.983412209174006, 40.458918515777199 ], [ -79.983489065498006, 40.458853188579901 ], [ -79.984170937417005, 40.458273594252503 ], [ -79.984202446760605, 40.458246810344001 ], [ -79.984233891849897, 40.458158741256398 ], [ -79.984311979059797, 40.458092490607697 ], [ -79.984384417075802, 40.458081103287498 ], [ -79.984537897727705, 40.457995534347297 ], [ -79.984871605423507, 40.457710303766902 ], [ -79.985252953302407, 40.457407523463999 ], [ -79.985727005325202, 40.457038347073798 ], [ -79.986117506615003, 40.456774257598397 ], [ -79.986320224045301, 40.456601583042897 ], [ -79.986445962318399, 40.456527202820901 ], [ -79.9865901755593, 40.456485167600199 ], [ -79.986676799803107, 40.456469246763199 ], [ -79.9867801266345, 40.456427739421898 ], [ -79.987073846160399, 40.456192519502999 ], [ -79.987561232943193, 40.455829150764103 ], [ -79.987800391728101, 40.455667286579398 ], [ -79.988374364278499, 40.455268716270702 ], [ -79.988885022610802, 40.454894308370598 ], [ -79.989303763028502, 40.454540524351003 ], [ -79.989640747752006, 40.454204611651598 ], [ -79.989971802169293, 40.453950520419198 ], [ -79.989992596356799, 40.453926140624503 ], [ -79.990001157876904, 40.453915727241402 ], [ -79.990080619482399, 40.453819091706599 ], [ -79.990633098074099, 40.453374567900298 ], [ -79.990872253496207, 40.4531875888743 ], [ -79.991297407785197, 40.4528551864476 ], [ -79.991701316207994, 40.452539303136902 ], [ -79.991803319239494, 40.452442519195102 ], [ -79.991841568374994, 40.452406153948701 ], [ -79.991866839070497, 40.4523824094613 ], [ -79.992342907716406, 40.451930402503002 ], [ -79.992766701070195, 40.451568475701102 ], [ -79.992967806205499, 40.451373820577899 ], [ -79.993114160485803, 40.451181085329999 ], [ -79.993202179221996, 40.451044657213401 ], [ -79.993398943898697, 40.450935722863598 ], [ -79.993649539463703, 40.450783696541698 ], [ -79.993893652757805, 40.450693492065298 ], [ -79.993961484770495, 40.450652616681197 ], [ -79.993988349297993, 40.450636306318302 ], [ -79.994095821566603, 40.450571494244997 ], [ -79.994133259618806, 40.450548885911701 ], [ -79.994172016119705, 40.450525393428997 ], [ -79.994223554144796, 40.450494445727003 ], [ -79.994331021418105, 40.4504294614541 ], [ -79.994359650396703, 40.450412172618101 ], [ -79.994456309090594, 40.450353801549802 ], [ -79.994736670723498, 40.450184493344402 ], [ -79.995218655313394, 40.449924741178897 ], [ -79.995847219006293, 40.449560455704002 ], [ -79.996636312561805, 40.4491868670898 ], [ -79.996757126163899, 40.4491248380548 ], [ -79.996775018388604, 40.449115695854502 ], [ -79.996817425100005, 40.449093933239901 ], [ -79.996831558785004, 40.449086622613002 ], [ -79.996874405909296, 40.449064594664399 ], [ -79.997124432745395, 40.448936426782502 ], [ -79.997449826032593, 40.448777874576798 ], [ -79.997827347421406, 40.448592736131403 ], [ -79.998094498159205, 40.448466206841303 ], [ -79.998570719997801, 40.4482634436133 ], [ -79.9987376966765, 40.4482048474935 ], [ -79.999221535910607, 40.448055477917002 ], [ -79.999588208706299, 40.447922546091299 ], [ -79.999778572206395, 40.447851222330499 ], [ -79.999952072862598, 40.447786234500597 ], [ -80.000151329535399, 40.447712163163096 ], [ -80.000192601903606, 40.447696858133398 ], [ -80.000325292758603, 40.447647594569702 ], [ -80.000366116031003, 40.447632297320098 ], [ -80.000607536239599, 40.447542731545902 ], [ -80.000978510804501, 40.447431163157198 ], [ -80.001499414229002, 40.447302255998501 ], [ -80.001698584488096, 40.447252639787699 ], [ -80.001745816086597, 40.447240907185098 ], [ -80.001874585960195, 40.447208794368599 ], [ -80.001920925270895, 40.447197251147401 ], [ -80.002022071559907, 40.4471721123018 ], [ -80.002378089558405, 40.447029853125301 ], [ -80.002593181705393, 40.446959244435 ], [ -80.002610144403903, 40.446929052344203 ], [ -80.002646068033002, 40.446915051543698 ], [ -80.002685449554704, 40.446910422749497 ], [ -80.002726693514703, 40.446921203223802 ], [ -80.002898748132694, 40.446866878437604 ], [ -80.003395765036103, 40.446695610276898 ], [ -80.003573294718805, 40.446684168609103 ], [ -80.003601433522505, 40.446665771664797 ], [ -80.003641014902797, 40.4466402012877 ], [ -80.003766798578894, 40.446559147479903 ], [ -80.003801537289604, 40.446536588534798 ], [ -80.0038380403671, 40.446513051047098 ], [ -80.003959002283196, 40.446435608991699 ], [ -80.004063011566103, 40.446402089248998 ], [ -80.004088797233806, 40.4463939486537 ], [ -80.004102595211705, 40.446390076009898 ], [ -80.004233056732403, 40.446354923077102 ], [ -80.004351380681797, 40.446292635310101 ], [ -80.004920450097003, 40.446099788674999 ], [ -80.005262383371701, 40.446006878759398 ], [ -80.005575517602296, 40.445954728100901 ], [ -80.0057368636528, 40.445927856033201 ], [ -80.006014556309594, 40.445956072552399 ], [ -80.006063191249893, 40.445999743759103 ], [ -80.006244854246304, 40.445964190758303 ], [ -80.006266220255498, 40.445917951214298 ], [ -80.006578135449701, 40.445854455199303 ], [ -80.006642944056395, 40.445898153593902 ], [ -80.006832713821893, 40.445863213413901 ], [ -80.006851227746395, 40.445812309732503 ], [ -80.007046388824307, 40.445781224183598 ], [ -80.007228846946603, 40.445752162050603 ], [ -80.007274166120496, 40.445763891015702 ], [ -80.007473334934105, 40.445727908545997 ], [ -80.0074930049107, 40.445711563398199 ], [ -80.007655032134707, 40.445679996141799 ], [ -80.007864719108994, 40.445662941330397 ], [ -80.007904479138702, 40.445629385947903 ], [ -80.008358569137698, 40.445558730729303 ], [ -80.008433386276096, 40.4455927075349 ], [ -80.008543765596499, 40.445575105704698 ], [ -80.008561304512298, 40.445535376392002 ], [ -80.008776438628601, 40.445506629920601 ], [ -80.008830922978603, 40.445537142701298 ], [ -80.009109675209302, 40.445489647093197 ], [ -80.009307467360401, 40.445399199401201 ], [ -80.009429858940806, 40.445337855586402 ], [ -80.009440905097307, 40.445332319014298 ], [ -80.0094616706388, 40.445321873596001 ], [ -80.009606052338199, 40.445286615309001 ], [ -80.009624322221299, 40.445282139253301 ], [ -80.009639026188907, 40.445278504973899 ], [ -80.009695620176302, 40.445264697755 ], [ -80.009836951687504, 40.4452457173944 ], [ -80.009934199168697, 40.445251881321298 ], [ -80.010022739305597, 40.445252895740801 ], [ -80.010290494016303, 40.445212477934597 ], [ -80.010523479480199, 40.4451668181119 ], [ -80.010818616635504, 40.445112304272399 ], [ -80.011023266428495, 40.445092512550602 ], [ -80.011102895960505, 40.445095758989503 ], [ -80.011407522285793, 40.4450563333316 ], [ -80.011974341259304, 40.444998216955497 ], [ -80.012769182583199, 40.444947474530501 ], [ -80.013721004014997, 40.444888932930702 ], [ -80.014029847966498, 40.444761032950701 ], [ -80.014229642088793, 40.444703745790903 ], [ -80.014334663765595, 40.444700572789898 ], [ -80.014470976637497, 40.4447061395229 ], [ -80.014601974191194, 40.444740727708002 ], [ -80.014735191983206, 40.444774500179797 ], [ -80.014815692379699, 40.4447903420605 ], [ -80.014981286173807, 40.444798252312999 ], [ -80.015233708439197, 40.444783007665897 ], [ -80.015543015368706, 40.444776000281699 ], [ -80.015753583538, 40.4447853439112 ], [ -80.015957393356999, 40.444820820077403 ], [ -80.016445606427794, 40.4448568968239 ], [ -80.016740152397702, 40.444878578795603 ], [ -80.016861046403406, 40.444895000808103 ], [ -80.016960397781006, 40.4449084957973 ], [ -80.017073625609001, 40.444922235592003 ], [ -80.017237109083197, 40.4449609041665 ], [ -80.017648667406505, 40.445082143905303 ], [ -80.017943583323202, 40.445154872284597 ], [ -80.017982982926995, 40.4451508378705 ], [ -80.018270094027997, 40.445218570045398 ], [ -80.018621455496202, 40.445326486346701 ], [ -80.018906479904402, 40.445412278318699 ], [ -80.019179084761404, 40.445462701502699 ], [ -80.019400496924007, 40.445540559494098 ], [ -80.019654765813499, 40.4456468604481 ], [ -80.019825231801505, 40.445719367851197 ], [ -80.020028048399993, 40.445791926037998 ], [ -80.020436667794201, 40.445905662543602 ], [ -80.020731474668693, 40.445961567454603 ], [ -80.020954002017604, 40.445992377136101 ], [ -80.021179460163793, 40.446056851617897 ], [ -80.021423576170505, 40.446128338104899 ], [ -80.0216379292862, 40.4461965488291 ], [ -80.021812934360298, 40.446256950840002 ], [ -80.0220658750263, 40.446283641685397 ], [ -80.022450481143807, 40.446311175437003 ], [ -80.022635265899694, 40.446341779932197 ], [ -80.022752174435595, 40.446291341164702 ], [ -80.023153312993202, 40.446356133291602 ], [ -80.023359102458599, 40.446396791772401 ], [ -80.023573942234293, 40.446439331268202 ], [ -80.023619722328704, 40.446448377157601 ], [ -80.023714149701405, 40.446467035432597 ], [ -80.023762864182203, 40.446500685803102 ], [ -80.023867785840807, 40.446573162104201 ], [ -80.024101140949298, 40.446698486265497 ], [ -80.024466546847904, 40.446822669725897 ], [ -80.024512900690198, 40.4468383184199 ], [ -80.0249860719141, 40.447013925220297 ], [ -80.025038465184196, 40.447035461025699 ], [ -80.025111360522402, 40.447065432692099 ], [ -80.025450326108697, 40.447204807244098 ], [ -80.025506571945101, 40.447167402210098 ], [ -80.025517987977494, 40.447159540623304 ], [ -80.025546306699894, 40.447173313422901 ], [ -80.025774709656005, 40.447284830232803 ], [ -80.026247039601898, 40.447515193587797 ], [ -80.026278097112197, 40.447530199636198 ], [ -80.026391844359594, 40.447585795172003 ], [ -80.026422904790607, 40.447600885808399 ], [ -80.026492333942997, 40.447634614929001 ], [ -80.026519421088494, 40.447718345733897 ], [ -80.026830144123196, 40.447872688647699 ], [ -80.027181882388604, 40.448044157439597 ], [ -80.027567969529898, 40.4482615412104 ], [ -80.027787911282203, 40.448375109162903 ], [ -80.028090126843296, 40.448530131769097 ], [ -80.028321410951307, 40.448633605950398 ], [ -80.028660840209895, 40.448839464726902 ], [ -80.028934874673894, 40.4489847436868 ], [ -80.029207979952602, 40.449195597849297 ], [ -80.029516468303697, 40.4494429952613 ], [ -80.029778831520105, 40.449654918547203 ], [ -80.029947303673694, 40.449787431744397 ], [ -80.030233628851306, 40.450003686662399 ], [ -80.030438943169102, 40.450109558276601 ], [ -80.030645625072793, 40.450295720200501 ], [ -80.030928938018505, 40.450515807619901 ], [ -80.031109550128605, 40.450714839812498 ], [ -80.031350188198203, 40.451054616195997 ], [ -80.031501500862305, 40.451224277970297 ], [ -80.031598766552904, 40.451243896275599 ], [ -80.031624519030899, 40.451301223018298 ], [ -80.031648961858295, 40.451412808092201 ], [ -80.031998621949199, 40.451774286367801 ], [ -80.0321134828244, 40.451902276769403 ], [ -80.032219775664004, 40.452016021159899 ], [ -80.032269811860004, 40.452047383064802 ], [ -80.032348759784, 40.452096624183497 ], [ -80.032388331644796, 40.452110858718001 ], [ -80.032429713320894, 40.452112186528304 ], [ -80.0324805844281, 40.452101828902997 ], [ -80.032551727823403, 40.452093044739698 ], [ -80.032656099247703, 40.452083603380999 ], [ -80.032746891725793, 40.452071255398202 ], [ -80.032812823945605, 40.4520678081509 ], [ -80.032841680569703, 40.452084056847198 ], [ -80.032851041899804, 40.452108413907702 ], [ -80.0328539785841, 40.452142078804698 ], [ -80.032836460078101, 40.452168767659799 ], [ -80.032815437747303, 40.452171585547703 ], [ -80.032781448048695, 40.452176291058599 ], [ -80.032744401710104, 40.452183543378297 ], [ -80.032672764543406, 40.452191050944201 ], [ -80.032588614218596, 40.452200521783297 ], [ -80.032534979327593, 40.452208874609397 ], [ -80.032463800059503, 40.452229844863702 ], [ -80.032529954606701, 40.452259516297801 ], [ -80.032565576387398, 40.452263274893802 ], [ -80.032586499954206, 40.452284055932402 ], [ -80.032642688875001, 40.4523246500775 ], [ -80.032681469882107, 40.4523818913569 ], [ -80.0326952023253, 40.452402643234002 ], [ -80.032699169654094, 40.452426934769001 ], [ -80.032711689764696, 40.452451658274498 ], [ -80.032719063507201, 40.452470391625099 ], [ -80.032751897217196, 40.4524979742311 ], [ -80.032770054273797, 40.452516664867197 ], [ -80.032806345797795, 40.452526931683998 ], [ -80.032840524380504, 40.452527801631398 ], [ -80.032901011688097, 40.452536046392702 ], [ -80.032933286504303, 40.452547078984097 ], [ -80.033039097803595, 40.452633286648798 ], [ -80.033073269688899, 40.452714888742399 ], [ -80.033201041595902, 40.452856877810397 ], [ -80.0333015928245, 40.452893305243897 ], [ -80.033400798733197, 40.452965268531401 ], [ -80.033477879467796, 40.453043354361398 ], [ -80.033531875413402, 40.453099151544599 ], [ -80.033601326358706, 40.453171701641502 ], [ -80.033655514915196, 40.453233181362698 ], [ -80.033694633393495, 40.453289272427 ], [ -80.033763122632195, 40.453333409439701 ], [ -80.033898436501801, 40.453592309107897 ], [ -80.033969812717103, 40.453721685840001 ], [ -80.034117118191006, 40.4538950523187 ], [ -80.034164253714493, 40.4539680430942 ], [ -80.034167141661698, 40.454053282003301 ], [ -80.034184330208205, 40.454121179097903 ], [ -80.034492036938801, 40.454854327634898 ], [ -80.034526028981105, 40.454978756540598 ], [ -80.034585033217795, 40.4551822997282 ], [ -80.034611778985706, 40.455312558234603 ], [ -80.034692331152996, 40.455492929856 ], [ -80.034756464269407, 40.455628135698802 ], [ -80.0347544176404, 40.455787395302103 ], [ -80.034772639570605, 40.456105473388398 ], [ -80.034762384903402, 40.456242149637603 ], [ -80.034735323125105, 40.456322293230102 ], [ -80.034706914996704, 40.4563626604467 ], [ -80.034677544297693, 40.456374613794502 ], [ -80.034648172409803, 40.456386567157999 ], [ -80.034573396406302, 40.456376673264003 ], [ -80.034551463722096, 40.456388479563799 ], [ -80.034561791494696, 40.456473571389097 ], [ -80.034629128370497, 40.456483612333301 ], [ -80.034710958756904, 40.456481994859502 ], [ -80.034748924920706, 40.4565039890823 ], [ -80.034772012664305, 40.456526278297297 ], [ -80.034795677958002, 40.456565615283402 ], [ -80.034797410563698, 40.456616758610302 ], [ -80.034814407884099, 40.456678972989003 ], [ -80.034794015238404, 40.456736240067897 ], [ -80.0347732387159, 40.456782141936003 ], [ -80.034759901436104, 40.456827896749097 ], [ -80.034724317173698, 40.457095861683598 ], [ -80.034724843858797, 40.457550762989001 ], [ -80.034766854560402, 40.457692091588598 ], [ -80.034806746612105, 40.457770912595798 ], [ -80.034830797398797, 40.457821614747402 ], [ -80.034832916278901, 40.457884123220197 ], [ -80.034848251335205, 40.458116962323899 ], [ -80.034883279624395, 40.458491571123901 ], [ -80.034877380362005, 40.458537178901103 ], [ -80.034855833282293, 40.458560351310702 ], [ -80.034834477499302, 40.458589205429 ], [ -80.034812545320094, 40.458601011750403 ], [ -80.034784136247595, 40.458641378069601 ], [ -80.034793115857099, 40.458686691735302 ], [ -80.034830313206101, 40.458685955563801 ], [ -80.034920548375496, 40.458712603835203 ], [ -80.034972623515401, 40.458711573517597 ], [ -80.035010205978196, 40.458722203367401 ], [ -80.035042853152902, 40.458806853911803 ], [ -80.035045356160296, 40.458880727571497 ], [ -80.035036399401704, 40.459495035306396 ], [ -80.035068660718196, 40.459568320678102 ], [ -80.0350919421615, 40.459596292405699 ], [ -80.035118883206493, 40.459732233281997 ], [ -80.035153071383803, 40.459862343584597 ], [ -80.035466328722094, 40.46053851584 ], [ -80.035475310221003, 40.460583829414396 ], [ -80.035899975464204, 40.461252109561698 ], [ -80.035909897729695, 40.461315040250703 ], [ -80.036042559426505, 40.461505177574402 ], [ -80.036425990871905, 40.462054857970699 ], [ -80.036576019524205, 40.462307777207698 ], [ -80.036677747669998, 40.462453610243699 ], [ -80.036975475838403, 40.462880853826697 ], [ -80.037197333092905, 40.4632392008332 ], [ -80.037223104535897, 40.4632716669595 ], [ -80.037317953619905, 40.463340452135498 ], [ -80.037344045718498, 40.463382334261802 ], [ -80.037475303819093, 40.463615279097198 ], [ -80.037663153385097, 40.463880080812203 ], [ -80.0378949476043, 40.464167565276497 ], [ -80.038042302632604, 40.464329528090303 ], [ -80.038140988959697, 40.464511298818103 ], [ -80.038567218101207, 40.464893860468202 ], [ -80.038745873694893, 40.465069335861799 ], [ -80.038841686770098, 40.465166366073802 ], [ -80.038913643469698, 40.4652874240548 ], [ -80.038952703729905, 40.465347892005802 ], [ -80.038972793751995, 40.465394602464102 ], [ -80.039142611942296, 40.4656080453519 ], [ -80.039307991805103, 40.465792140332802 ], [ -80.039988710206302, 40.466507879458597 ], [ -80.040639406867697, 40.467315363155201 ], [ -80.040832675152402, 40.4675394154334 ], [ -80.041238315128197, 40.468159318805597 ], [ -80.041265162889303, 40.468168914459397 ], [ -80.041324970860302, 40.468172792045799 ], [ -80.041404483625996, 40.468171216051502 ], [ -80.041458181600703, 40.468190408128997 ], [ -80.041478403437196, 40.468200135069303 ], [ -80.041637857965299, 40.468404599870702 ], [ -80.041744304250003, 40.468610116201802 ], [ -80.041771668265, 40.468634894061097 ], [ -80.041866499946494, 40.468693781587703 ], [ -80.041948938654301, 40.468778235960102 ], [ -80.042175174865804, 40.4689965686118 ], [ -80.042537549779993, 40.469513511817098 ], [ -80.042712845115901, 40.469793622954398 ], [ -80.042895629629498, 40.470098904727998 ], [ -80.043010945796894, 40.470370076339698 ], [ -80.043101996586103, 40.470707562344103 ], [ -80.043126006893701, 40.470828623823898 ], [ -80.043341413757204, 40.471313032501499 ], [ -80.043344511959006, 40.471404124557999 ], [ -80.043488749616699, 40.471745619074802 ], [ -80.043537373926796, 40.471810486749497 ], [ -80.043679628799197, 40.471898817172899 ], [ -80.043735224030002, 40.471973674236203 ], [ -80.0437306647203, 40.4720345340031 ], [ -80.043720509603304, 40.472125888993197 ], [ -80.043719571307506, 40.472191693053901 ], [ -80.043731912098593, 40.472213587503099 ], [ -80.044063219196104, 40.472238006223897 ], [ -80.044139594968897, 40.472267484797698 ], [ -80.044163372358497, 40.472284724403302 ], [ -80.044252992537395, 40.4723626456273 ], [ -80.0444633914245, 40.472752542395497 ], [ -80.044481376085102, 40.472769896001303 ], [ -80.044622991602395, 40.472842358071297 ], [ -80.044671452872606, 40.472903384445701 ], [ -80.044702531818501, 40.472964756709302 ], [ -80.044803972659096, 40.473219554544997 ], [ -80.044799082074306, 40.473246218767997 ], [ -80.044788698475003, 40.473281846836002 ], [ -80.044685993873799, 40.473500847693302 ], [ -80.044681103222004, 40.473527511909801 ], [ -80.045077151548099, 40.474090834371701 ], [ -80.045444031073899, 40.475159502363397 ], [ -80.045496171867299, 40.475350779419202 ], [ -80.045629337770507, 40.475791452714397 ], [ -80.045778708983704, 40.476255340638097 ], [ -80.045902011641502, 40.476707977746401 ], [ -80.0464305903389, 40.477667708132103 ], [ -80.046458413319897, 40.477734618401101 ], [ -80.046701782391906, 40.478319892045199 ], [ -80.046871781052303, 40.478595263780797 ], [ -80.046951954114604, 40.478805520849598 ], [ -80.047108502929703, 40.479114609360103 ], [ -80.047714880483397, 40.479983405282901 ], [ -80.048110035071204, 40.480438274392199 ], [ -80.048535517413299, 40.480925988355203 ], [ -80.048715562583197, 40.481067358153098 ], [ -80.049561389643202, 40.481914801684198 ], [ -80.049839586109599, 40.482171897901097 ], [ -80.049943044978306, 40.482263948498499 ], [ -80.050236589007298, 40.4825009451474 ], [ -80.050382212869394, 40.482618516511103 ], [ -80.050612569704001, 40.482817471719798 ], [ -80.050814137239101, 40.483012621032501 ], [ -80.050855506638399, 40.483049003579303 ], [ -80.051026191140906, 40.483179110429298 ], [ -80.0514465208757, 40.483522117198397 ], [ -80.051344337862901, 40.4836029758251 ], [ -80.051231337220301, 40.483690975659101 ], [ -80.051114337422305, 40.4837829756191 ], [ -80.051103338202196, 40.483789975481201 ], [ -80.050897005628102, 40.483953068939101 ], [ -80.050831337497002, 40.484004975709801 ], [ -80.050756846892995, 40.484062985817097 ], [ -80.050715724854001, 40.484095129649198 ], [ -80.050661336871698, 40.484139975950299 ], [ -80.050730337360605, 40.484183976223399 ], [ -80.050598337657902, 40.484274975895602 ], [ -80.050307337236404, 40.4844929761936 ], [ -80.050101336690901, 40.484685976354697 ], [ -80.050006337039903, 40.484790976018502 ], [ -80.049980337249394, 40.484850975978297 ], [ -80.049974337565999, 40.4848869767102 ], [ -80.049977336963295, 40.4849329766609 ], [ -80.049982337496999, 40.485132976634503 ], [ -80.049935185255407, 40.485395686796103 ], [ -80.049906336788496, 40.485530976365098 ], [ -80.049874337103205, 40.485588976735301 ], [ -80.049831337560803, 40.485631976299501 ], [ -80.049780336786299, 40.485666976553098 ], [ -80.049237336488801, 40.486024976913001 ], [ -80.048822337053295, 40.486290976588997 ], [ -80.048696336440898, 40.4863719764504 ], [ -80.048595337170298, 40.486427976913099 ], [ -80.048171336270102, 40.486382976413601 ], [ -80.047930336866997, 40.4863069762092 ], [ -80.047875336731394, 40.4863449766355 ], [ -80.047629336971198, 40.486544976717298 ], [ -80.047387336633804, 40.486737977083003 ], [ -80.047023336574497, 40.487022977182598 ], [ -80.046834336206004, 40.4871729764983 ], [ -80.046780336446204, 40.487122976975101 ], [ -80.046687336481199, 40.487036976994403 ], [ -80.046672336071595, 40.487045976565803 ], [ -80.046550336081495, 40.487111976788903 ], [ -80.046447335928704, 40.487170977157497 ], [ -80.046106336291103, 40.487429977375299 ], [ -80.0455973362496, 40.487811977097202 ], [ -80.045100336363305, 40.4881869769359 ], [ -80.043267335041406, 40.489566977692398 ], [ -80.043254335827697, 40.489576977631401 ], [ -80.042753334686694, 40.489958977490303 ], [ -80.042581335303495, 40.490075977137302 ], [ -80.040715335067603, 40.4914629781616 ], [ -80.0396623341462, 40.491042978192297 ], [ -80.038776335112004, 40.4906459776251 ], [ -80.0387093344672, 40.490616977253701 ], [ -80.038124334485602, 40.490354977220797 ], [ -80.037493333341601, 40.4900729774781 ], [ -80.037048334077895, 40.490306976944296 ], [ -80.0366203332119, 40.490515977783303 ], [ -80.0360113333101, 40.490813977528497 ], [ -80.035862332945797, 40.490886978058001 ], [ -80.0357623332564, 40.490936977924498 ], [ -80.035671333030393, 40.490937977463197 ], [ -80.035551333700298, 40.4909389780005 ], [ -80.035478333170701, 40.490938977517402 ], [ -80.035450333482601, 40.490938977729201 ], [ -80.034513332677193, 40.490954977242097 ], [ -80.034360333425198, 40.490957977958097 ], [ -80.033622332289696, 40.490969977018203 ], [ -80.032503332672903, 40.490988977432501 ], [ -80.030899332602104, 40.4910169779996 ], [ -80.028210330763898, 40.491089977745901 ], [ -80.027955331448595, 40.491095978412297 ], [ -80.027915330933894, 40.491096978035003 ], [ -80.027867330164298, 40.491097977571798 ], [ -80.0277873304141, 40.491107976525399 ], [ -80.027791330723701, 40.491126978357599 ], [ -80.027791330430901, 40.491157978521002 ], [ -80.027787330793004, 40.491266978109998 ], [ -80.027766330693296, 40.491866978207703 ], [ -80.027765304100697, 40.491881222968701 ], [ -80.027758331141598, 40.491977978161103 ], [ -80.027741330776493, 40.492214978448402 ], [ -80.027744330989407, 40.492372978595 ], [ -80.027752785467499, 40.492436917040799 ], [ -80.027760330637605, 40.492493978526198 ], [ -80.027784331215599, 40.492624978303901 ], [ -80.027784331054207, 40.492674978896098 ], [ -80.027784330244899, 40.4927539787966 ], [ -80.027774330584094, 40.493029978954702 ], [ -80.027766330341606, 40.493111978676801 ], [ -80.027805330866698, 40.493340978809201 ], [ -80.027805331120604, 40.493502978455901 ], [ -80.027806331273894, 40.494898979454703 ], [ -80.027803330720104, 40.4953309792295 ], [ -80.027804331052494, 40.495419978945201 ], [ -80.027811331451502, 40.495807979191603 ], [ -80.027799330495199, 40.495845979478602 ], [ -80.027798331236696, 40.496131979432498 ], [ -80.027797331068498, 40.496499979143401 ], [ -80.026685330342801, 40.496676979567802 ], [ -80.026565330611206, 40.496695979138103 ], [ -80.025901330101604, 40.4968079792135 ], [ -80.025684330729106, 40.496131979218802 ], [ -80.025429330382195, 40.495339979001997 ], [ -80.024997330035205, 40.4954079797593 ], [ -80.024598329666603, 40.495491978984901 ], [ -80.024167329598896, 40.495052979025402 ], [ -80.023311329035394, 40.495219979014799 ], [ -80.0229093290435, 40.495299979213797 ], [ -80.022800329776004, 40.495126979057098 ], [ -80.022449329266095, 40.494571979421899 ], [ -80.022049328937101, 40.4939439794043 ], [ -80.021986328865793, 40.493846979110799 ], [ -80.021854328694303, 40.4939389788928 ], [ -80.021779329539996, 40.493991979643098 ], [ -80.021652329481697, 40.494079979261798 ], [ -80.021311328929698, 40.494319979674302 ], [ -80.021276329137606, 40.494346978959797 ], [ -80.021156328909996, 40.494443979028297 ], [ -80.020980328812399, 40.494622979167403 ], [ -80.020830328456796, 40.494815979834399 ], [ -80.020721329071094, 40.494957979319302 ], [ -80.020598328565299, 40.495120979143898 ], [ -80.020365328469097, 40.495508980013 ], [ -80.020253328474396, 40.495709979552501 ], [ -80.020143329216907, 40.495947979227502 ], [ -80.020094328448295, 40.496097979342899 ], [ -80.020050328572793, 40.496234979820898 ], [ -80.020021328570905, 40.496338979547097 ], [ -80.019973328236205, 40.496520979801197 ], [ -80.019968329028202, 40.496575980028098 ], [ -80.019954328764896, 40.496707980046601 ], [ -80.019947329293998, 40.496788980081199 ], [ -80.0199463289416, 40.4969529799179 ], [ -80.019958328990697, 40.497104979869498 ], [ -80.019969329296302, 40.497237980139701 ], [ -80.019990329209904, 40.497360979908102 ], [ -80.020004329366401, 40.497441980374603 ], [ -80.020009328305207, 40.497469979687096 ], [ -80.0200283287529, 40.497543978594003 ], [ -80.020082328939296, 40.497716978790798 ], [ -80.019622328499096, 40.497634980334801 ], [ -80.019261328588101, 40.497570980343902 ], [ -80.019006327995299, 40.4975329800411 ], [ -80.018422328308802, 40.497441979165202 ], [ -80.017833329280407, 40.497360979428102 ], [ -80.017721327969298, 40.497684980011996 ], [ -80.017684328124901, 40.497793979904202 ], [ -80.017656327795294, 40.4978719798738 ], [ -80.017571328077096, 40.4981059803902 ], [ -80.017544327636401, 40.498184980510302 ], [ -80.0174843286308, 40.498335980501899 ], [ -80.017306328547505, 40.498791980639098 ], [ -80.017248328156697, 40.498943979999602 ], [ -80.017184327479299, 40.499150980058303 ], [ -80.017165327897303, 40.499214980403202 ], [ -80.017005328115005, 40.499777980744803 ], [ -80.017001328088696, 40.499792980340303 ], [ -80.016987327731499, 40.499841980379699 ], [ -80.016554328117195, 40.499780980235599 ], [ -80.015762327969696, 40.499916981038098 ], [ -80.015678327847695, 40.4998699802183 ], [ -80.013339327354302, 40.498726980888797 ], [ -80.013235326392902, 40.4987309804661 ], [ -80.013036326924706, 40.4987389805475 ], [ -80.012914326068397, 40.498742980178697 ], [ -80.012842325796001, 40.498745979818104 ], [ -80.012430009838795, 40.498761907301599 ], [ -80.012376326763302, 40.498763980881598 ], [ -80.012261326931906, 40.498886980752197 ], [ -80.012244326866806, 40.4990669808573 ], [ -80.012227326886602, 40.499124981008002 ], [ -80.0122123262597, 40.499178980906798 ], [ -80.011936326741605, 40.4997859806031 ], [ -80.011831326546499, 40.499971980698398 ], [ -80.011729326853995, 40.500134981260899 ], [ -80.0116763269355, 40.500221980807503 ], [ -80.011405326027599, 40.500527981373402 ], [ -80.011169325894599, 40.500761981153502 ], [ -80.0110233269844, 40.500897979871297 ], [ -80.010918325711501, 40.500981980370398 ], [ -80.010883326535506, 40.501003980073399 ], [ -80.010820326100699, 40.501044980586698 ], [ -80.010814326225798, 40.5009599806626 ], [ -80.010799325956498, 40.500757980985902 ], [ -80.010684325856502, 40.499103980364801 ], [ -80.010128325720999, 40.499118980746502 ] ] ] ] } },
{ "type": "Feature", "properties": { "DISTRICT": 2, "OBJECTID": 7, "GlobalID": "d4f9447c-7f7e-4038-9c2c-c216c6ebc227", "Shape__Area": 139370927.84701538, "Shape__Length": 83902.65009930935, "Zone_T": "2", "TOTAL": 31078.373418620227, "WHITE": 17519.733147437604, "BLACK": 9144.2303380468311, "AMERICAN_INDIAN": 11.989525617887317, "ASIAN": 1705.9433808749761, "PACIFIC_ISLANDER": 12.674922685081233, "OTHER": 126.3263444826683, "TWO_OR_MORE": 1352.2618743940232, "HISPANIC": 1205.2138850811539, "WHITE_PCT": 0.564, "BLACK_PCT": 0.294, "AMERICAN_INDIAN_PCT": 0.0, "ASIAN_PCT": 0.055, "PACIFIC_ISLANDER_PCT": 0.0, "OTHER_PCT": 0.004, "TWO_OR_MORE_PCT": 0.044, "HISPANIC_PCT": 0.039 }, "geometry": { "type": "Polygon", "coordinates": [ [ [ -79.939008014658, 40.487775383763001 ], [ -79.940295304147497, 40.487316980900601 ], [ -79.941327303849903, 40.486951979546497 ], [ -79.942219304217204, 40.486637979113397 ], [ -79.942272303761996, 40.486617979776597 ], [ -79.942432304151794, 40.4865619795507 ], [ -79.942486304250707, 40.486543979966697 ], [ -79.942750304476704, 40.486451980221602 ], [ -79.942903304634697, 40.486396980493403 ], [ -79.944152304778399, 40.485950980395799 ], [ -79.944569304389105, 40.485802979327303 ], [ -79.944721305397806, 40.4857489798312 ], [ -79.944916305849603, 40.485677980037103 ], [ -79.9456263051012, 40.485419979388503 ], [ -79.945955305287995, 40.485294979067199 ], [ -79.946301305365907, 40.485165979398097 ], [ -79.945952306073806, 40.484878979623801 ], [ -79.945897305418995, 40.484827979647399 ], [ -79.945733305632402, 40.4846749794565 ], [ -79.945679305370803, 40.484624980157498 ], [ -79.945447304580398, 40.4844189795772 ], [ -79.944754304766093, 40.483801979381703 ], [ -79.944741305361603, 40.483789979833404 ], [ -79.944522305185501, 40.483597978708097 ], [ -79.944470304177202, 40.4835819789837 ], [ -79.944291304987004, 40.483580978754603 ], [ -79.944237304634996, 40.483585978954402 ], [ -79.944109305009704, 40.483597979396897 ], [ -79.943522304360101, 40.483343978860297 ], [ -79.943435304311507, 40.483304978831903 ], [ -79.943173304321206, 40.483187979310898 ], [ -79.943265304416599, 40.483035979199897 ], [ -79.943281304069302, 40.483018979208097 ], [ -79.943317305145399, 40.482996979325002 ], [ -79.943371304687105, 40.4829809791744 ], [ -79.943450304902697, 40.482977978906703 ], [ -79.943616304085396, 40.4830059798321 ], [ -79.943730304530803, 40.483021979344301 ], [ -79.943780303934403, 40.483018979513503 ], [ -79.943865304599996, 40.482996978614104 ], [ -79.943925304426003, 40.482997978879901 ], [ -79.9439563040754, 40.482999978881097 ], [ -79.944118304525901, 40.483009979223802 ], [ -79.944153304418194, 40.483012978893903 ], [ -79.944514304898902, 40.483043979682101 ], [ -79.944567305406295, 40.483048979839097 ], [ -79.944604304840396, 40.483054979121597 ], [ -79.944765304697796, 40.483082979602898 ], [ -79.9448603044398, 40.483098979623499 ], [ -79.945147304213194, 40.483147979583499 ], [ -79.945243304484805, 40.483164979672601 ], [ -79.945194304450396, 40.4831209791137 ], [ -79.945050305040297, 40.482991979178003 ], [ -79.945003303983697, 40.482948980156898 ], [ -79.945139303924904, 40.482841979848303 ], [ -79.945469304468702, 40.482586979114203 ], [ -79.945550304430199, 40.482524979080601 ], [ -79.945689304595405, 40.4824219794898 ], [ -79.945556305159798, 40.482307979395401 ], [ -79.945337304377901, 40.482119978735199 ], [ -79.945158304860101, 40.481970979527702 ], [ -79.945095303952399, 40.4819189788779 ], [ -79.945027304441894, 40.481856978953701 ], [ -79.945064304834901, 40.481824978907099 ], [ -79.945179304051706, 40.481730979708402 ], [ -79.945217304284697, 40.481699979500398 ], [ -79.945442304328196, 40.481514979058403 ], [ -79.946120304724005, 40.480959978767103 ], [ -79.946346304609605, 40.480775979032998 ], [ -79.946460304396894, 40.480682978959699 ], [ -79.946676304405997, 40.480510978767803 ], [ -79.946807305891397, 40.480609979065001 ], [ -79.946925305278796, 40.4806989789735 ], [ -79.947049305409195, 40.480575977931103 ], [ -79.947192305275394, 40.480436978577103 ], [ -79.947428305710901, 40.480210978561402 ], [ -79.947457305464894, 40.480183978177401 ], [ -79.947549305258406, 40.4800849782429 ], [ -79.9474633057022, 40.480006978410202 ], [ -79.947450305338904, 40.479994978280097 ], [ -79.947204304523495, 40.4797749776857 ], [ -79.947118305345001, 40.479697978455803 ], [ -79.947026304999497, 40.479641977838099 ], [ -79.946753305086403, 40.479473978899897 ], [ -79.946663305043899, 40.4794179787365 ], [ -79.946866305690605, 40.4792589785039 ], [ -79.947006304515597, 40.479150978172299 ], [ -79.947276305082198, 40.478947978084499 ], [ -79.947486305857097, 40.4787969784403 ], [ -79.947696305253999, 40.478646978374201 ], [ -79.947625304954897, 40.478593978036102 ], [ -79.947414305158205, 40.478435978332598 ], [ -79.947344305295999, 40.478383978589697 ], [ -79.947055305024307, 40.478171978354801 ], [ -79.946976305362398, 40.478109978691798 ], [ -79.947149305353804, 40.478004977920101 ], [ -79.947369305403996, 40.477978977408299 ], [ -79.947743305037605, 40.477968978290001 ], [ -79.9480483052332, 40.478056977275898 ], [ -79.948725305437904, 40.478267978294603 ], [ -79.948870306200106, 40.478353978189503 ], [ -79.948887305735894, 40.478320977970903 ], [ -79.948896305970905, 40.478286978576499 ], [ -79.948947306222493, 40.478180979076498 ], [ -79.947943304996599, 40.477882978436497 ], [ -79.947061305776401, 40.477619979092097 ], [ -79.946893305134594, 40.477587979175503 ], [ -79.946765304572395, 40.4775809791592 ], [ -79.946574304712897, 40.477597979341802 ], [ -79.946423304936204, 40.477633978832898 ], [ -79.946257304739703, 40.477703979560097 ], [ -79.944537304777199, 40.478590979299902 ], [ -79.944417304329406, 40.478652979319399 ], [ -79.944036304586405, 40.478391978577498 ], [ -79.942896303337704, 40.477608978885598 ], [ -79.942719303599105, 40.477486979285104 ], [ -79.942517303398304, 40.477347979527202 ], [ -79.9416173030652, 40.476647979036798 ], [ -79.938918302682595, 40.474547978545402 ], [ -79.938374302074195, 40.474124978571503 ], [ -79.938210302008898, 40.474102978360897 ], [ -79.937943301676199, 40.474164978273897 ], [ -79.9365323024752, 40.4742759781941 ], [ -79.936522301656893, 40.474108978786902 ], [ -79.934940301246201, 40.472549978487301 ], [ -79.9350783011012, 40.472567978461903 ], [ -79.935370301294896, 40.472609978786501 ], [ -79.935456301662498, 40.4725699783911 ], [ -79.935620300356007, 40.472620978387297 ], [ -79.935800301572897, 40.472668978444297 ], [ -79.935892301291403, 40.472686978690298 ], [ -79.936060301567494, 40.472724978697997 ], [ -79.936564301783207, 40.472841978949198 ], [ -79.936653301522, 40.472862978439998 ], [ -79.9367333013913, 40.472878978057302 ], [ -79.936804301957096, 40.472892978568801 ], [ -79.937020301796693, 40.472935978037803 ], [ -79.937092302213401, 40.472950978332698 ], [ -79.937465302513601, 40.473016978668497 ], [ -79.937819302512196, 40.473063978801299 ], [ -79.938239301993093, 40.473086978420199 ], [ -79.938286302709898, 40.473089977845603 ], [ -79.938645302367107, 40.4731009788931 ], [ -79.939085302832495, 40.473088978597097 ], [ -79.939416302573207, 40.473051978104401 ], [ -79.939743303108202, 40.4729999783182 ], [ -79.940153303146701, 40.472904978398503 ], [ -79.940338302754398, 40.4728519777847 ], [ -79.941608302388701, 40.472403977533602 ], [ -79.941731302913297, 40.4723609783182 ], [ -79.942061302919399, 40.472265977308197 ], [ -79.942732303356095, 40.472136978142501 ], [ -79.943286302930403, 40.472034977366903 ], [ -79.943708304002897, 40.4719529778016 ], [ -79.943990303651901, 40.471866977998502 ], [ -79.944156304559897, 40.471806977963801 ], [ -79.944498303236799, 40.471641977680598 ], [ -79.944795303892505, 40.471452977644603 ], [ -79.944841303365394, 40.471416978003901 ], [ -79.945017303689497, 40.471283978357803 ], [ -79.9452863047281, 40.471069978181198 ], [ -79.945672304160695, 40.470760978373001 ], [ -79.945908304681893, 40.470553977882901 ], [ -79.946230303738602, 40.470246977230197 ], [ -79.946466303729096, 40.470004977046401 ], [ -79.946673304658901, 40.469780977940601 ], [ -79.946778304359995, 40.469655977336302 ], [ -79.946879304208395, 40.469508977913101 ], [ -79.946958304010394, 40.469394977941 ], [ -79.947215305020094, 40.468924977784702 ], [ -79.947336304688704, 40.468686977361401 ], [ -79.947375305108494, 40.468540976553399 ], [ -79.947385304410304, 40.468454977564598 ], [ -79.947360303931404, 40.4682219771828 ], [ -79.9473493050277, 40.468180977195999 ], [ -79.947297304995899, 40.468059977088302 ], [ -79.947246304491699, 40.467980976880703 ], [ -79.947067303457104, 40.467766977389701 ], [ -79.946927304587106, 40.467624976584503 ], [ -79.946811303664106, 40.467517977535003 ], [ -79.946749304487795, 40.4674609770789 ], [ -79.946391304564898, 40.467149977607697 ], [ -79.946198303676496, 40.467023976884199 ], [ -79.946119303851006, 40.466971977248598 ], [ -79.946144304845504, 40.466874976727397 ], [ -79.946163304705195, 40.466802977422198 ], [ -79.946206303568601, 40.466608976958199 ], [ -79.946220304370797, 40.466531976429899 ], [ -79.946265303592497, 40.466303976317903 ], [ -79.946280304061105, 40.466227976559701 ], [ -79.946312303849396, 40.466075976454903 ], [ -79.946362302644701, 40.465849975794598 ], [ -79.946414303936507, 40.4656239758081 ], [ -79.946449303522698, 40.465473977067902 ], [ -79.946644303867799, 40.465501976845502 ], [ -79.946846303836494, 40.465531976523003 ], [ -79.947229304629303, 40.465588976803403 ], [ -79.947424304777101, 40.465618976097304 ], [ -79.947553303641698, 40.465637976203503 ], [ -79.947725304317004, 40.465663976353703 ], [ -79.947941305445994, 40.465689976584599 ], [ -79.948071304956699, 40.465705977038503 ], [ -79.948102304199494, 40.46570997661 ], [ -79.949559305839898, 40.465905976755998 ], [ -79.951380304806804, 40.466155976670002 ], [ -79.9515683056933, 40.466170976820699 ], [ -79.951933305538006, 40.466177976814002 ], [ -79.952310305785801, 40.466149976400096 ], [ -79.952565305319098, 40.4661079765146 ], [ -79.952851305992596, 40.466061976459599 ], [ -79.953563306411993, 40.465938976225097 ], [ -79.953721305614096, 40.465911976206598 ], [ -79.954195306864406, 40.465831975631801 ], [ -79.954354306681694, 40.465805976338999 ], [ -79.954520306901003, 40.465775975918 ], [ -79.955020307419304, 40.4656889763802 ], [ -79.955187306975304, 40.465659975706799 ], [ -79.955485307291596, 40.4656089763888 ], [ -79.956382306860803, 40.465457976818698 ], [ -79.956681306528793, 40.465407975988597 ], [ -79.956937307567003, 40.465363976139699 ], [ -79.957707307751207, 40.465232976413198 ], [ -79.957964307145104, 40.465189975489601 ], [ -79.957942307888501, 40.465095975960601 ], [ -79.957905308037994, 40.464935975830102 ], [ -79.957870307681802, 40.464815975177899 ], [ -79.957844307289093, 40.464723976293797 ], [ -79.957818306967098, 40.464635976344503 ], [ -79.957741307497301, 40.464372976212999 ], [ -79.957716307353493, 40.464285976017798 ], [ -79.9576953066871, 40.464211975499701 ], [ -79.957632308008598, 40.463991976482703 ], [ -79.957612307427397, 40.4639189757293 ], [ -79.957592308113703, 40.463849975692099 ], [ -79.957532307507194, 40.463644976432697 ], [ -79.9575133070731, 40.463576976185699 ], [ -79.957492307473899, 40.463504976431899 ], [ -79.957431306923894, 40.463288975925302 ], [ -79.957411307360701, 40.463217975038297 ], [ -79.957387307109798, 40.463138975183 ], [ -79.957338307184997, 40.4629709760138 ], [ -79.957314307695498, 40.462901975737601 ], [ -79.9572883067286, 40.462824976150202 ], [ -79.957257307253997, 40.4627399759204 ], [ -79.957245306552693, 40.4627069757342 ], [ -79.957181306998194, 40.4624789751714 ], [ -79.957169306992398, 40.462435975354701 ], [ -79.957173306857698, 40.462390975512598 ], [ -79.956802307211106, 40.4624559753317 ], [ -79.956734306924403, 40.462471975596998 ], [ -79.956458307609793, 40.462541975758299 ], [ -79.955753307208397, 40.462647976190397 ], [ -79.955414305838005, 40.462683975563202 ], [ -79.955385306461693, 40.462687976433003 ], [ -79.954974306199702, 40.462751975862098 ], [ -79.954798306555205, 40.462779976012101 ], [ -79.954575306539894, 40.462814975611003 ], [ -79.954272305978094, 40.462863976370301 ], [ -79.954224306339697, 40.462871976042301 ], [ -79.954097306269205, 40.462890975332797 ], [ -79.953966306627393, 40.462909975965999 ], [ -79.953735305790104, 40.462814975835798 ], [ -79.953638305687903, 40.462764975720297 ], [ -79.9541883054236, 40.462191974863401 ], [ -79.954558577663093, 40.4617973943894 ], [ -79.955254307019104, 40.4610559749282 ], [ -79.955467306000202, 40.460823975155201 ], [ -79.955586305396594, 40.460693975431802 ], [ -79.955632305447693, 40.460644974380898 ], [ -79.955635827151298, 40.4606411429844 ], [ -79.955939306562797, 40.460310974371403 ], [ -79.956104233244403, 40.4601422999718 ], [ -79.956159306787498, 40.4600859753509 ], [ -79.956385306998001, 40.459808975076498 ], [ -79.956910306605195, 40.459254975695004 ], [ -79.957062307163497, 40.459068975196303 ], [ -79.957159307448705, 40.458941975622103 ], [ -79.957205306391899, 40.458828974564703 ], [ -79.957211297192899, 40.458773391130102 ], [ -79.957223307141405, 40.458661974176501 ], [ -79.956952306324098, 40.45856397427 ], [ -79.956447927835498, 40.4583975955968 ], [ -79.956182305886401, 40.458309973725498 ], [ -79.955950306584597, 40.458211973935299 ], [ -79.955793306628806, 40.4580849741997 ], [ -79.955666305966702, 40.4579129738079 ], [ -79.955537515972395, 40.457712672486601 ], [ -79.955277305321601, 40.457307974741298 ], [ -79.955282305932499, 40.457161975071102 ], [ -79.955187305801303, 40.456977973994199 ], [ -79.955112305611095, 40.456750974925797 ], [ -79.955049305921094, 40.4564729740625 ], [ -79.954988305744493, 40.456248974372897 ], [ -79.954620305189394, 40.454878974137401 ], [ -79.954539305883699, 40.454593974237802 ], [ -79.954477305120705, 40.454328974209197 ], [ -79.954406305559303, 40.454056973974303 ], [ -79.954308304950203, 40.453799973674499 ], [ -79.954263305547897, 40.4537119740151 ], [ -79.954186305384198, 40.453611974283398 ], [ -79.954134306064105, 40.453488973379201 ], [ -79.954098305223098, 40.453372973393797 ], [ -79.954090305244506, 40.453333973398003 ], [ -79.954071305353807, 40.453227974029801 ], [ -79.954073305315902, 40.453179973765799 ], [ -79.954074305875906, 40.453105973736598 ], [ -79.954111305802797, 40.452964973529902 ], [ -79.954133304829895, 40.452893973825901 ], [ -79.9541563058539, 40.452823973887497 ], [ -79.954206305661003, 40.452700974576203 ], [ -79.954358305148304, 40.452331974364498 ], [ -79.954409305052494, 40.452209973846102 ], [ -79.954508306113297, 40.451963973241703 ], [ -79.954807305243705, 40.451228973124302 ], [ -79.954907305499702, 40.450983973702201 ], [ -79.9549803060046, 40.450918973507697 ], [ -79.955239304842493, 40.450729974083004 ], [ -79.955272306019197, 40.450700973398398 ], [ -79.955482305862503, 40.450525973590302 ], [ -79.956279306425401, 40.4499719740163 ], [ -79.956398305760501, 40.4498899737386 ], [ -79.956781305630898, 40.449630973412901 ], [ -79.956965306521099, 40.449496972876098 ], [ -79.956981306021405, 40.449485973154303 ], [ -79.957356306610293, 40.449237972722997 ], [ -79.957528306529596, 40.4491129730974 ], [ -79.957713305442397, 40.448979972922899 ], [ -79.9578153058049, 40.448920973373603 ], [ -79.957869306463394, 40.448880972931001 ], [ -79.958070305883098, 40.448735973218 ], [ -79.958327306597596, 40.448551972940898 ], [ -79.958477305991096, 40.448456972206799 ], [ -79.958721306376404, 40.448306973160797 ], [ -79.958784307272396, 40.448269973119999 ], [ -79.958910306366107, 40.448143972156103 ], [ -79.959048306458598, 40.447966972312997 ], [ -79.959094306636302, 40.447906973558702 ], [ -79.959133306446304, 40.447786972919801 ], [ -79.959199306412202, 40.447705972743698 ], [ -79.959266307381995, 40.447664972674701 ], [ -79.959282306719999, 40.447655972546599 ], [ -79.959546306163006, 40.447605973134202 ], [ -79.9595993067541, 40.4475629721437 ], [ -79.959681306740407, 40.447498972357202 ], [ -79.959763305940797, 40.447441972274 ], [ -79.959820306002499, 40.447403972000302 ], [ -79.959967307048501, 40.447210972392597 ], [ -79.960038307154207, 40.447005972384702 ], [ -79.960055306887696, 40.446914972144199 ], [ -79.960246306829703, 40.445950972396197 ], [ -79.960282307278604, 40.445844972283602 ], [ -79.960344307562394, 40.445745971919997 ], [ -79.960430306530597, 40.445658972426202 ], [ -79.960602307115906, 40.445557972414797 ], [ -79.960721306183501, 40.445525972831902 ], [ -79.9608913068231, 40.445480972633 ], [ -79.9611433069322, 40.445475972133103 ], [ -79.961263306751107, 40.445508972185401 ], [ -79.961511307912005, 40.445541972203202 ], [ -79.9615863069141, 40.445547971866098 ], [ -79.9617243072056, 40.445548972221196 ], [ -79.961805308101603, 40.445549971462903 ], [ -79.961950306847996, 40.445539972219002 ], [ -79.962233307487097, 40.445485972267797 ], [ -79.962301307070106, 40.445464972158398 ], [ -79.962444307749095, 40.445412971453202 ], [ -79.962549306726999, 40.445364971881602 ], [ -79.962677307302798, 40.445294971301898 ], [ -79.962786307824004, 40.4452199714964 ], [ -79.962968307768193, 40.445034972083 ], [ -79.962990308257005, 40.445012972259498 ], [ -79.963255307640196, 40.444670971178702 ], [ -79.963433307619397, 40.444566971829801 ], [ -79.963641307109398, 40.444413972185899 ], [ -79.964120308313298, 40.444038972364403 ], [ -79.964182307697101, 40.443992971597801 ], [ -79.965044308105405, 40.443366971396401 ], [ -79.965182307397598, 40.443262971973198 ], [ -79.965483307787693, 40.443027971652597 ], [ -79.965760308999293, 40.442826971881203 ], [ -79.965872308768397, 40.443084971596498 ], [ -79.966066308074502, 40.4433849712265 ], [ -79.966111308520595, 40.443367970980702 ], [ -79.966251308476103, 40.443328971168299 ], [ -79.966444308447194, 40.443275971329903 ], [ -79.966817308480501, 40.443187970807699 ], [ -79.967007308978793, 40.443143971399699 ], [ -79.967172308689896, 40.4431059718763 ], [ -79.967209308362499, 40.443096971283197 ], [ -79.967816308190706, 40.442956971145897 ], [ -79.968019308640905, 40.4429109719674 ], [ -79.967906309400504, 40.442737971666901 ], [ -79.968512309622497, 40.442273971324397 ], [ -79.968480308251401, 40.442194971129098 ], [ -79.968336309078495, 40.441833971541399 ], [ -79.968218308732403, 40.441636971016898 ], [ -79.968177308873393, 40.441524971569102 ], [ -79.968140309164895, 40.441443970898298 ], [ -79.968069308725404, 40.441288971191803 ], [ -79.968013308703704, 40.441213971028702 ], [ -79.968005308777506, 40.441203970850303 ], [ -79.967949308927601, 40.4411549716162 ], [ -79.9679143079358, 40.4411019703482 ], [ -79.967904309019204, 40.441086970854101 ], [ -79.967855307954807, 40.440920971657597 ], [ -79.967838307968606, 40.440860971045701 ], [ -79.967794308825901, 40.440694970416303 ], [ -79.967664308931205, 40.440196970629302 ], [ -79.967621308160105, 40.440030970591401 ], [ -79.967608308824893, 40.439956971096102 ], [ -79.967596309360502, 40.439907971424901 ], [ -79.967584307812402, 40.4398569709561 ], [ -79.967578308485798, 40.439808971417897 ], [ -79.967563308044802, 40.439761970711501 ], [ -79.967552309195895, 40.439707970912998 ], [ -79.967554308450801, 40.439660970093897 ], [ -79.967556309328302, 40.4395279702075 ], [ -79.967565308260205, 40.439515970646802 ], [ -79.967618308410195, 40.439462971434999 ], [ -79.967643159017101, 40.439446781087597 ], [ -79.967684308628904, 40.439419971251802 ], [ -79.967760308964699, 40.439387970417599 ], [ -79.967861308243997, 40.439367970414999 ], [ -79.968004308843405, 40.4393569710465 ], [ -79.968192309081999, 40.439363971070399 ], [ -79.968359309648605, 40.439385970756902 ], [ -79.968412308767, 40.4392529701312 ], [ -79.968447308639796, 40.4391909704337 ], [ -79.968626309132304, 40.438914971335102 ], [ -79.968716308472906, 40.438778971028803 ], [ -79.969451309121496, 40.439053969781803 ], [ -79.969545309075201, 40.439092970235698 ], [ -79.969784309160403, 40.4391919698284 ], [ -79.970081309472206, 40.439351970715599 ], [ -79.970159309538104, 40.4394109702477 ], [ -79.9703103090513, 40.439523969906197 ], [ -79.970441309801501, 40.439649970377097 ], [ -79.970491309752902, 40.439713970639197 ], [ -79.970688309306695, 40.439665970189701 ], [ -79.970791309190304, 40.439644970644501 ], [ -79.9710793100421, 40.439587970382803 ], [ -79.971140309788794, 40.4395749712534 ], [ -79.971267309337904, 40.439550970413499 ], [ -79.971325308854503, 40.439544970081798 ], [ -79.971369309177206, 40.439541970277403 ], [ -79.971388309585294, 40.439542969850201 ], [ -79.971506309161001, 40.439548970557702 ], [ -79.971609309822099, 40.439570970728298 ], [ -79.971687309489099, 40.439596971188898 ], [ -79.971780309707896, 40.439645970754299 ], [ -79.971838309981607, 40.439690970374997 ], [ -79.971853309057593, 40.439702970792801 ], [ -79.971907310301802, 40.439759970324999 ], [ -79.971976310393003, 40.439864970927999 ], [ -79.971999310528304, 40.439924970945199 ], [ -79.972078309851796, 40.440070970737402 ], [ -79.972149309916105, 40.440147970587397 ], [ -79.972281309539696, 40.440270970653103 ], [ -79.972436309761804, 40.4403779710496 ], [ -79.972687310929402, 40.440552971266897 ], [ -79.972870309452006, 40.440675970341701 ], [ -79.973242309424904, 40.4409249709825 ], [ -79.973277309661597, 40.440938970160197 ], [ -79.973339310329393, 40.4409639710845 ], [ -79.9734183102169, 40.440981970334299 ], [ -79.9735273101182, 40.440989970058503 ], [ -79.973581309923901, 40.440986969811298 ], [ -79.973635310018494, 40.440978970587103 ], [ -79.973687309419205, 40.4409659703514 ], [ -79.973821309940902, 40.440915970653698 ], [ -79.973849310096, 40.440905970843602 ], [ -79.973951310996497, 40.440861970414197 ], [ -79.973817310184202, 40.440681970099298 ], [ -79.973768310084196, 40.440640970632003 ], [ -79.973543310897696, 40.440452970965502 ], [ -79.973374310569199, 40.440306970515898 ], [ -79.973212310681006, 40.440127970390101 ], [ -79.973153310437397, 40.440042971181299 ], [ -79.973115311197901, 40.439987970596903 ], [ -79.973023310292902, 40.4397879709975 ], [ -79.973170309670095, 40.439865970727503 ], [ -79.973409310671101, 40.439991970231603 ], [ -79.973929310680603, 40.439790970602502 ], [ -79.974317309862698, 40.439639969310598 ], [ -79.974533310266693, 40.439553971061102 ], [ -79.974677311469193, 40.439476970472903 ], [ -79.974983311219106, 40.439359970636701 ], [ -79.975376310764801, 40.439209970273403 ], [ -79.975904311995706, 40.4390089704738 ], [ -79.976211310955705, 40.438892970540202 ], [ -79.976315311820699, 40.4388409701669 ], [ -79.976630310615207, 40.438687970099799 ], [ -79.976736311706304, 40.438636970400204 ], [ -79.976786311457403, 40.4386239703162 ], [ -79.976908310750602, 40.438571970290397 ], [ -79.977419311133502, 40.438358969316702 ], [ -79.977475310649893, 40.438335969780198 ], [ -79.977505311117994, 40.438306969781102 ], [ -79.977548311342503, 40.438236969010497 ], [ -79.977216311164895, 40.438220969149398 ], [ -79.976507311489001, 40.438187970191599 ], [ -79.9763643110972, 40.438179969900901 ], [ -79.976221310769006, 40.438171970333599 ], [ -79.976058017144595, 40.438163584070402 ], [ -79.975890311207095, 40.438154970868197 ], [ -79.975789311707203, 40.438147970666698 ], [ -79.975486311005895, 40.438126970477597 ], [ -79.975386310247799, 40.438118969638502 ], [ -79.975194311019493, 40.438100969515098 ], [ -79.974622310860596, 40.4380499703719 ], [ -79.974431310639801, 40.4380339704161 ], [ -79.974397311006697, 40.4380309700623 ], [ -79.974296310784595, 40.438021969537097 ], [ -79.974263310957497, 40.438019969688298 ], [ -79.9740733108369, 40.438001969772799 ], [ -79.9735493094052, 40.437955970157901 ], [ -79.973504311059202, 40.437945969690901 ], [ -79.973318310607397, 40.437907969659697 ], [ -79.973261309967299, 40.437895970366903 ], [ -79.973218310403396, 40.437881970192301 ], [ -79.9729253097411, 40.437790970343798 ], [ -79.972828309563596, 40.437760970609602 ], [ -79.972739310252194, 40.437731970013303 ], [ -79.972646310625706, 40.437702970621402 ], [ -79.972758310376605, 40.437129969617601 ], [ -79.972794310039703, 40.436952969844697 ], [ -79.972810309780996, 40.436870969941999 ], [ -79.972838310639005, 40.4367329696856 ], [ -79.972877310613896, 40.436534970439098 ], [ -79.972897310344507, 40.436436970622204 ], [ -79.9729193101238, 40.436329969529602 ], [ -79.972931310098801, 40.436271970146301 ], [ -79.972949309514803, 40.436182969786401 ], [ -79.972984310187698, 40.4360149699367 ], [ -79.973000310778303, 40.435930970029403 ], [ -79.973021309305594, 40.435823970146799 ], [ -79.973336309382404, 40.434603970040399 ], [ -79.973386309663098, 40.4344109694906 ], [ -79.973408333267201, 40.434278834292101 ], [ -79.973494952425597, 40.434292980550303 ], [ -79.9735464409126, 40.434301514684996 ], [ -79.974188588599503, 40.4344183834462 ], [ -79.974749746971696, 40.434517414940501 ], [ -79.975510918277095, 40.434688274961097 ], [ -79.977847820416798, 40.435347729642999 ], [ -79.979967144845602, 40.435022307902699 ], [ -79.981111952792304, 40.4348537325276 ], [ -79.981812513045298, 40.434753279619301 ], [ -79.982118611472799, 40.434704977093901 ], [ -79.982129194756496, 40.434766897987899 ], [ -79.981981258906998, 40.434816607551397 ], [ -79.982528541912203, 40.434848853372102 ], [ -79.982701078305496, 40.4348502393361 ], [ -79.982724844681599, 40.434849008053497 ], [ -79.982784037551795, 40.4348459760268 ], [ -79.982939648268797, 40.434838163725601 ], [ -79.983111604837205, 40.434808497153298 ], [ -79.983198867984598, 40.434793427231497 ], [ -79.983440045873195, 40.434708494923697 ], [ -79.983468868266797, 40.434697061524702 ], [ -79.983523686352797, 40.4346753141809 ], [ -79.983704843020604, 40.4346034510788 ], [ -79.983951755813806, 40.434503329734703 ], [ -79.984290455308894, 40.434409039153103 ], [ -79.984846336554398, 40.4342535973202 ], [ -79.985401478990795, 40.434118097163299 ], [ -79.985899572204602, 40.434005171558702 ], [ -79.986475813629596, 40.433890285260603 ], [ -79.987056989742896, 40.433815940009801 ], [ -79.987611327621295, 40.433773576514199 ], [ -79.988051250635905, 40.433719035008302 ], [ -79.988596274039594, 40.433695200767303 ], [ -79.989097734903694, 40.433648464576301 ], [ -79.989448601597601, 40.433637946895701 ], [ -79.989481972411099, 40.433638667651003 ], [ -79.989639697977097, 40.433642063547801 ], [ -79.989670337520707, 40.4336427245793 ], [ -79.990287235882505, 40.433636518402501 ], [ -79.990753000969093, 40.433626053601301 ], [ -79.991391892142602, 40.4336811855893 ], [ -79.992291387473102, 40.433732212910698 ], [ -79.993327472750707, 40.433766382690301 ], [ -79.994340206633396, 40.433851556847102 ], [ -79.995286578355206, 40.433940422491801 ], [ -79.995811881067596, 40.433993500511797 ], [ -79.995826181743297, 40.433994910806398 ], [ -79.9958291919869, 40.4339952396763 ], [ -79.995833847229207, 40.4339957203523 ], [ -79.996074546385103, 40.4340211392363 ], [ -79.996168708254501, 40.434030274330297 ], [ -79.996533270773796, 40.4341193332952 ], [ -79.996910376721601, 40.434175733536399 ], [ -79.997282742921698, 40.434263216830203 ], [ -79.997327794019895, 40.434276670925399 ], [ -79.997368231863504, 40.434288746294698 ], [ -79.997393414221904, 40.434296268931 ], [ -79.997458785135393, 40.434315496082 ], [ -79.997726867751197, 40.434412216944096 ], [ -79.998374514447306, 40.4346578233598 ], [ -79.998788256258194, 40.4348108952884 ], [ -79.999179016019497, 40.434998706050301 ], [ -79.999405491367497, 40.435141037403 ], [ -79.999533524395403, 40.435320820112402 ], [ -79.999778635344001, 40.435500937561201 ], [ -79.999836925547598, 40.435543770110002 ], [ -80.000292568506296, 40.4357673590075 ], [ -80.000481264541094, 40.435951549278499 ], [ -80.000794496082193, 40.4361281244324 ], [ -80.001018692425305, 40.436203453559301 ], [ -80.001080653850394, 40.436231149450798 ], [ -80.001124281776399, 40.436250649514697 ], [ -80.001165259968403, 40.436268967878298 ], [ -80.001187910508307, 40.436279090328597 ], [ -80.001264836498507, 40.436313476407697 ], [ -80.001285794322499, 40.436323148946201 ], [ -80.001422278050001, 40.436386394600603 ], [ -80.001587190524106, 40.436467059629003 ], [ -80.001742610804399, 40.4365494805403 ], [ -80.001974321741599, 40.436653188725003 ], [ -80.002063505105994, 40.436693103745498 ], [ -80.002420044577406, 40.436820930691702 ], [ -80.003253668975105, 40.437119796477802 ], [ -80.004257915403699, 40.437494500111903 ], [ -80.005013968588898, 40.437767465530399 ], [ -80.005571958448996, 40.437971211070398 ], [ -80.006032147633604, 40.438167482558597 ], [ -80.006149158229505, 40.438220712181597 ], [ -80.006359514904105, 40.4383164072756 ], [ -80.006428260651205, 40.4383476804325 ], [ -80.007003688326805, 40.438558256037098 ], [ -80.007584448063, 40.438770775976998 ], [ -80.007690195762805, 40.438815922488899 ], [ -80.008885675878204, 40.439326289869797 ], [ -80.009071733911298, 40.439408193266097 ], [ -80.009304916573797, 40.4395108421486 ], [ -80.009397759862495, 40.439551708899401 ], [ -80.009430200428994, 40.439565990520002 ], [ -80.009444229525201, 40.439572166533402 ], [ -80.009533813613302, 40.439633367667597 ], [ -80.009548168132895, 40.439643168764 ], [ -80.009611621572404, 40.4396865162919 ], [ -80.009645307433601, 40.439709530084301 ], [ -80.009696437100899, 40.439744458365098 ], [ -80.009753252761996, 40.4397832717491 ], [ -80.009765089058106, 40.439791354532296 ], [ -80.009776593663503, 40.439799214976603 ], [ -80.009850801380907, 40.439849907775198 ], [ -80.009866179472496, 40.439860414027201 ], [ -80.009942344619503, 40.439912445037997 ], [ -80.010189154266797, 40.440053230321801 ], [ -80.010537392136001, 40.4402144647811 ], [ -80.010692213000397, 40.440286143584203 ], [ -80.011180928999906, 40.440539133175001 ], [ -80.011685143357795, 40.440796347971798 ], [ -80.012246610399401, 40.441072163770897 ], [ -80.012453165365599, 40.441187214911402 ], [ -80.012508177046598, 40.441217858861798 ], [ -80.012596341083906, 40.441259913807201 ], [ -80.012890581047699, 40.4414002666133 ], [ -80.012989994120304, 40.441459787128998 ], [ -80.013106840359001, 40.441529743422301 ], [ -80.013188535606801, 40.4415786569147 ], [ -80.0132764834959, 40.44169855282 ], [ -80.0132980077409, 40.441835250221402 ], [ -80.013293333648093, 40.441922474308797 ], [ -80.013240521076099, 40.4420140933791 ], [ -80.013231343915507, 40.442030010644601 ], [ -80.013158080496694, 40.442111364638798 ], [ -80.013042374866799, 40.442172271780301 ], [ -80.013013107446298, 40.442180058298298 ], [ -80.012887438444096, 40.442213490662297 ], [ -80.012554912536302, 40.442281677010499 ], [ -80.012394255636806, 40.442322754072102 ], [ -80.012250226651801, 40.442359581148501 ], [ -80.011766258354399, 40.442460419271399 ], [ -80.0112004183148, 40.442575847189701 ], [ -80.010795077095906, 40.442658990727097 ], [ -80.010386521505396, 40.4427427938816 ], [ -80.009495750641705, 40.442933172527198 ], [ -80.008972376983394, 40.443043118612302 ], [ -80.008957962088303, 40.443046146277801 ], [ -80.008944510095503, 40.443050357796899 ], [ -80.008901156324399, 40.443063930203799 ], [ -80.008891422011402, 40.443066976276903 ], [ -80.008862872708704, 40.443075915232001 ], [ -80.008849015731997, 40.443080251770603 ], [ -80.008834262636, 40.443084870682704 ], [ -80.008810027632407, 40.443090073119201 ], [ -80.008734716630102, 40.443106241232698 ], [ -80.008719194090304, 40.443109573394402 ], [ -80.008661165093201, 40.443122028968602 ], [ -80.008647909052698, 40.443124874489399 ], [ -80.008610251945598, 40.443132964385597 ], [ -80.008595980103607, 40.443136074793301 ], [ -80.008578359161703, 40.443139808300799 ], [ -80.008498296151302, 40.443157033075799 ], [ -80.008373403859594, 40.443183844505398 ], [ -80.0082177303468, 40.4432171769961 ], [ -80.008190078776494, 40.443223209111103 ], [ -80.008091949656603, 40.443244261327898 ], [ -80.007622269286401, 40.443331867792203 ], [ -80.007523153510405, 40.443350365876 ], [ -80.007421808382006, 40.4433693353416 ], [ -80.007211513055907, 40.443421667286302 ], [ -80.006898747719703, 40.443499684261603 ], [ -80.005754609007894, 40.443785028220503 ], [ -80.005734557761897, 40.443789967259399 ], [ -80.0056967746347, 40.443802031537203 ], [ -80.0056483254169, 40.443817565180701 ], [ -80.005526144553997, 40.443844919647198 ], [ -80.005275087146401, 40.4439009624327 ], [ -80.005191783325898, 40.443922066060601 ], [ -80.004854097921594, 40.444007342838702 ], [ -80.004680508138904, 40.444042393008502 ], [ -80.004436865027202, 40.444091767812701 ], [ -80.003598672181994, 40.444297067918399 ], [ -80.003515361633603, 40.444317999280699 ], [ -80.003017275151393, 40.444443295680699 ], [ -80.002978882995805, 40.44445056563 ], [ -80.002881977589098, 40.444468071558298 ], [ -80.002840444325003, 40.444475488278897 ], [ -80.002790878381703, 40.444484520998003 ], [ -80.002734163341898, 40.444494722761199 ], [ -80.002639956289798, 40.444525734132 ], [ -80.002332392347199, 40.444611788309103 ], [ -80.001889026117794, 40.444761412671703 ], [ -80.0014390346428, 40.444901039375601 ], [ -80.001393729260002, 40.444916594633099 ], [ -80.001140564517996, 40.4450039037403 ], [ -80.001130794750694, 40.445007354331899 ], [ -80.001092975777695, 40.445018388065698 ], [ -80.000967513925403, 40.445055240957402 ], [ -80.000931476477007, 40.445065811118297 ], [ -80.000915416585798, 40.445069213039801 ], [ -80.000893560163604, 40.445073929632798 ], [ -80.000838694564493, 40.445085724119501 ], [ -79.999778684358901, 40.445429949790601 ], [ -79.999416011953002, 40.445547703245502 ], [ -79.999382649486193, 40.4455577055435 ], [ -79.999344835653005, 40.445568910660803 ], [ -79.999303461453096, 40.4455811282822 ], [ -79.999163776256793, 40.445622632475299 ], [ -79.999118398421302, 40.445636044136997 ], [ -79.999078359623596, 40.445647892452101 ], [ -79.998248623507607, 40.4459731215332 ], [ -79.997518266396298, 40.446260885697498 ], [ -79.996737806446305, 40.446568754716999 ], [ -79.996052390757598, 40.446843793596301 ], [ -79.995814216513594, 40.446932530560701 ], [ -79.995768821889797, 40.446949443298301 ], [ -79.995626814659403, 40.447002315872197 ], [ -79.995613502188704, 40.447007294246298 ], [ -79.995511395526904, 40.447084617748899 ], [ -79.995460129050002, 40.447123627291099 ], [ -79.995440208900703, 40.447138789626003 ], [ -79.995270393340704, 40.447267869419598 ], [ -79.994752644323299, 40.447572851850502 ], [ -79.994191523974393, 40.44796534028 ], [ -79.993557532689096, 40.448328350296002 ], [ -79.992882594208197, 40.448797780973301 ], [ -79.992686242692997, 40.448918978318197 ], [ -79.992651905260601, 40.4489402386778 ], [ -79.9925541781585, 40.449000828032503 ], [ -79.992502671877105, 40.449032718508597 ], [ -79.992463927025995, 40.449056552549997 ], [ -79.992420779379799, 40.449083132293502 ], [ -79.992318204111001, 40.449146561378598 ], [ -79.992291354048703, 40.449163300798901 ], [ -79.992134626369094, 40.449260129923701 ], [ -79.991710900549407, 40.449529121730897 ], [ -79.991421938269298, 40.449729855142699 ], [ -79.990958447071094, 40.4500327377703 ], [ -79.990695795754306, 40.450200609535798 ], [ -79.990638606114501, 40.450237329015501 ], [ -79.990499585981595, 40.450326346955499 ], [ -79.990068886913093, 40.450629276594199 ], [ -79.989922526355699, 40.450740832751599 ], [ -79.989892282319801, 40.4507636435034 ], [ -79.989852402109094, 40.450793934486398 ], [ -79.989799569833295, 40.450840093143597 ], [ -79.989776418742395, 40.450860020535401 ], [ -79.989676421917295, 40.450947166797903 ], [ -79.989420474738907, 40.451181836158199 ], [ -79.989301164884907, 40.451269183313201 ], [ -79.989182148469197, 40.451324776893202 ], [ -79.989023310826397, 40.451385431762098 ], [ -79.988905338523296, 40.451418350501903 ], [ -79.988621326088094, 40.451592723725497 ], [ -79.988432943076603, 40.451710840302503 ], [ -79.9880922701402, 40.451965081153098 ], [ -79.987940335969398, 40.452071337333102 ], [ -79.987822526704505, 40.452176931681798 ], [ -79.987643631264703, 40.452337338565499 ], [ -79.987458233234804, 40.4524777923302 ], [ -79.987277016688495, 40.452622455704997 ], [ -79.987052794619501, 40.452798069211198 ], [ -79.986985021289897, 40.452855088350503 ], [ -79.986804578038303, 40.453006523160397 ], [ -79.986539381510696, 40.453179732272098 ], [ -79.986436962465504, 40.453260243335997 ], [ -79.986284026967397, 40.453422680709899 ], [ -79.986135093260302, 40.453570390419003 ], [ -79.985948046963699, 40.4537313990174 ], [ -79.985813690948802, 40.453850447822603 ], [ -79.985462799509307, 40.454102537624301 ], [ -79.985203114109694, 40.454283669091303 ], [ -79.984806323179797, 40.454554252899698 ], [ -79.984573035529394, 40.454713338873397 ], [ -79.984412521785202, 40.454829094467001 ], [ -79.983834832116202, 40.455245690826999 ], [ -79.983187840754596, 40.455713398177799 ], [ -79.983111678243304, 40.455772367919003 ], [ -79.982655375377405, 40.456125663269098 ], [ -79.982419981797605, 40.456265014767297 ], [ -79.982002101581699, 40.456501283292397 ], [ -79.981566009850297, 40.456749370854503 ], [ -79.981404759940204, 40.456887695906801 ], [ -79.981305133662502, 40.457005738947899 ], [ -79.981161932299202, 40.457177879016001 ], [ -79.981083084915497, 40.457309659946603 ], [ -79.980974530384401, 40.457407654018503 ], [ -79.980506492718504, 40.4576942878818 ], [ -79.979769885531695, 40.458201190467697 ], [ -79.979394229858499, 40.458503776530897 ], [ -79.978980965123, 40.458892948629099 ], [ -79.978434393117496, 40.459263335828901 ], [ -79.978387977140201, 40.459296836804199 ], [ -79.978243299069206, 40.459386705899 ], [ -79.978162017528902, 40.459445702391001 ], [ -79.978062493084494, 40.459520202220197 ], [ -79.977974556842298, 40.459589440027301 ], [ -79.977919248069199, 40.459642696252601 ], [ -79.977894135305405, 40.459666879500297 ], [ -79.977774635035999, 40.459736502986502 ], [ -79.977696058963303, 40.459808910511804 ], [ -79.977618720252806, 40.459878721245701 ], [ -79.977518115825305, 40.459969087715699 ], [ -79.9774280385314, 40.460036561893801 ], [ -79.977330818909607, 40.460126903503898 ], [ -79.977242804066705, 40.460207306728499 ], [ -79.977131045949093, 40.460304063218402 ], [ -79.977049883115399, 40.460372931039799 ], [ -79.976932027914202, 40.460473613674502 ], [ -79.976845843212502, 40.460547855393301 ], [ -79.976726323021396, 40.4606511391626 ], [ -79.976652310504207, 40.460715585303802 ], [ -79.976545469780206, 40.460816189575297 ], [ -79.9764621841516, 40.460902711671402 ], [ -79.976406124496805, 40.460962336322801 ], [ -79.976377796271294, 40.461002510345303 ], [ -79.976367120088, 40.461048384717998 ], [ -79.976303081388096, 40.461096899403898 ], [ -79.976268429108103, 40.4611398662773 ], [ -79.976229684032901, 40.461177363499097 ], [ -79.976134389401395, 40.461216712798901 ], [ -79.976066682472904, 40.4612592648581 ], [ -79.975999896303094, 40.461325927164502 ], [ -79.975938678967694, 40.4613974027491 ], [ -79.975879365200498, 40.461468380397299 ], [ -79.975828291519207, 40.461520365744597 ], [ -79.975733506037201, 40.461601787261301 ], [ -79.975655240370699, 40.461664968707098 ], [ -79.975537620717404, 40.461768237083099 ], [ -79.975449493794898, 40.4618573812403 ], [ -79.975376083754895, 40.4619368729523 ], [ -79.975261245920905, 40.462042226137498 ], [ -79.975190115084501, 40.462117492004602 ], [ -79.975117883988204, 40.462189371911698 ], [ -79.975036749701701, 40.462260986219697 ], [ -79.974981976448206, 40.462304905711903 ], [ -79.974901212965094, 40.462389626749101 ], [ -79.974796380085806, 40.462492188758297 ], [ -79.974779113721198, 40.462511594292899 ], [ -79.974755584706799, 40.462577307969099 ], [ -79.974728531321006, 40.462600723345602 ], [ -79.974715531069506, 40.462617127045299 ], [ -79.974701773687499, 40.462633175957798 ], [ -79.974688178985801, 40.462647828091697 ], [ -79.974673836386799, 40.462662047785798 ], [ -79.974646990108297, 40.462685843826897 ], [ -79.974620487427302, 40.462709830540099 ], [ -79.974570794336799, 40.462759424831297 ], [ -79.974521423365005, 40.4628092038852 ], [ -79.974452843424103, 40.462878681626499 ], [ -79.974384573420593, 40.4629483344346 ], [ -79.974293457017694, 40.463043127758702 ], [ -79.974203131102001, 40.463138365238599 ], [ -79.974122930384198, 40.463224080224201 ], [ -79.974042938242704, 40.463309902844003 ], [ -79.974010678792993, 40.4633424584297 ], [ -79.973876887128995, 40.463488588700798 ], [ -79.973823755374895, 40.4635530095467 ], [ -79.973763120140802, 40.463622094373697 ], [ -79.973702434385004, 40.463691153111498 ], [ -79.9736267420041, 40.463782390711003 ], [ -79.973550843020902, 40.463873628626303 ], [ -79.973461769476003, 40.463966383809499 ], [ -79.973363711107396, 40.4640537596676 ], [ -79.973246170657106, 40.464148176558197 ], [ -79.973165798165795, 40.464212188571601 ], [ -79.973128160518002, 40.4642421663332 ], [ -79.973117961305206, 40.464250676600898 ], [ -79.972962201319007, 40.464383635874199 ], [ -79.972944523563299, 40.464399107716098 ], [ -79.972875565205499, 40.464469440335698 ], [ -79.972814948198803, 40.464544356497299 ], [ -79.972764450244895, 40.464615130445402 ], [ -79.972719469776493, 40.464687905413797 ], [ -79.972688544346894, 40.464744619685 ], [ -79.9726603478058, 40.464802108476199 ], [ -79.972648033092497, 40.4648651412448 ], [ -79.972636396474002, 40.464924699834 ], [ -79.972625026295205, 40.464961924353098 ], [ -79.972616889463396, 40.464983377346201 ], [ -79.972507549036095, 40.465139863300003 ], [ -79.972501620854004, 40.465146520285899 ], [ -79.972443057403495, 40.465209836790102 ], [ -79.972383170978105, 40.465272382326802 ], [ -79.972323133056804, 40.465330548914899 ], [ -79.972263082888603, 40.465388704894004 ], [ -79.972189854322906, 40.465463909968797 ], [ -79.972119182036906, 40.465540524362702 ], [ -79.972045417288001, 40.465625096970598 ], [ -79.971972598006005, 40.465710125210997 ], [ -79.971891807023496, 40.4658067773818 ], [ -79.971811153118395, 40.4659034800071 ], [ -79.971786617750396, 40.4659263498624 ], [ -79.971649873654201, 40.466070449430902 ], [ -79.971615060996598, 40.466118023089102 ], [ -79.971555108277201, 40.4662005155663 ], [ -79.971480167339806, 40.466301308899901 ], [ -79.971404753501602, 40.466401896859097 ], [ -79.971322492034005, 40.4665075621093 ], [ -79.971239609912303, 40.466612941932901 ], [ -79.971163471775299, 40.466717882215796 ], [ -79.971085052196401, 40.4668217843316 ], [ -79.9710171673768, 40.466900563266101 ], [ -79.970888355215394, 40.467049413777197 ], [ -79.970856811192206, 40.467086349991 ], [ -79.970780318764497, 40.467176411748 ], [ -79.970709708267606, 40.467262956078699 ], [ -79.970639337944306, 40.467349635382703 ], [ -79.970593980066596, 40.467401617411298 ], [ -79.970546876963695, 40.467452721263697 ], [ -79.970546116436395, 40.467453661063701 ], [ -79.9705447060593, 40.4674566808389 ], [ -79.970544166918003, 40.467459758651401 ], [ -79.970544080976794, 40.467465888909103 ], [ -79.970543475806906, 40.467469791383301 ], [ -79.970542496723098, 40.467471902906603 ], [ -79.970533630165306, 40.4674824007692 ], [ -79.970523501515004, 40.467492433701501 ], [ -79.970517831787603, 40.467499500910897 ], [ -79.970507767061406, 40.467521182642798 ], [ -79.970505527054002, 40.467524584104801 ], [ -79.970503288195403, 40.4675279846442 ], [ -79.9704889955336, 40.467542453251902 ], [ -79.970474345305306, 40.467556773776401 ], [ -79.970459451281698, 40.467573756542699 ], [ -79.970452949067095, 40.467583089206499 ], [ -79.970440763874905, 40.467612520389302 ], [ -79.970429709008101, 40.467642140663699 ], [ -79.970417202683507, 40.467669270887498 ], [ -79.970404125193596, 40.467696285958802 ], [ -79.970387274977099, 40.467726652648999 ], [ -79.970366482128696, 40.4677556410591 ], [ -79.970360822300904, 40.467761218934598 ], [ -79.9703541569084, 40.467766134165601 ], [ -79.970339995218495, 40.4677754121373 ], [ -79.970331695439995, 40.467782347874198 ], [ -79.970319234110605, 40.467795872309701 ], [ -79.970308044068702, 40.4678100335652 ], [ -79.970293896362904, 40.4678329558119 ], [ -79.970187285593497, 40.4679712983435 ], [ -79.970154712299006, 40.468011175625698 ], [ -79.970143597017596, 40.468026606552598 ], [ -79.970132620465805, 40.468042131206801 ], [ -79.970118073350505, 40.468058800966702 ], [ -79.970102083977693, 40.468074693045502 ], [ -79.970076191716799, 40.468095048112701 ], [ -79.970068196000099, 40.468102264465699 ], [ -79.970056807977699, 40.468115108823298 ], [ -79.970046800697901, 40.468128582496703 ], [ -79.970016914516293, 40.468174163780297 ], [ -79.969986946586602, 40.468219663744797 ], [ -79.969958150634298, 40.468260169304898 ], [ -79.969929614214294, 40.468300784283301 ], [ -79.969920518775993, 40.468316410625803 ], [ -79.969911569194096, 40.468332096326201 ], [ -79.969903204561803, 40.468344589829002 ], [ -79.969893211595902, 40.468358679405902 ], [ -79.969870488888901, 40.468388680413 ], [ -79.969846341431406, 40.468418006095703 ], [ -79.969832001296197, 40.468432045811099 ], [ -79.969817512758993, 40.468446020808997 ], [ -79.969806232596497, 40.4684597441167 ], [ -79.969795882655603, 40.468473883780298 ], [ -79.969779041019606, 40.468502661974199 ], [ -79.969761622347207, 40.468531182786002 ], [ -79.969747177948506, 40.468546428051397 ], [ -79.969732445263006, 40.468561515793198 ], [ -79.969710517213002, 40.4685909006282 ], [ -79.969688724128801, 40.468620336919003 ], [ -79.969674627440099, 40.468635539463797 ], [ -79.969660560748906, 40.468650757646103 ], [ -79.969653371364103, 40.468662047525498 ], [ -79.969648126524007, 40.468674073014299 ], [ -79.969638743807593, 40.4686985702876 ], [ -79.969627681370795, 40.468715936109099 ], [ -79.969529295521497, 40.468857652345598 ], [ -79.969516124973495, 40.4688949741128 ], [ -79.969509457014595, 40.468908990807599 ], [ -79.969501699226299, 40.468922687897297 ], [ -79.969441698692407, 40.468998433459099 ], [ -79.969380568149901, 40.469073395303397 ], [ -79.969371971302394, 40.469089017429603 ], [ -79.969363534092906, 40.469104795043002 ], [ -79.969350440212196, 40.469122158391997 ], [ -79.969334904774698, 40.469138308296102 ], [ -79.969298231461707, 40.469157615227601 ], [ -79.969294511556896, 40.469161392807301 ], [ -79.969266391563295, 40.469203107674097 ], [ -79.969250268535404, 40.469227640608601 ], [ -79.969238853382294, 40.469245011356598 ], [ -79.9692194729801, 40.469272072490803 ], [ -79.969198981901897, 40.469298682886397 ], [ -79.969192052307207, 40.469305971497398 ], [ -79.96918434749, 40.469312822753203 ], [ -79.969169142364905, 40.469326610523403 ], [ -79.969120254540101, 40.469383700922599 ], [ -79.969071925681206, 40.469441040019603 ], [ -79.969059062850803, 40.469451915352799 ], [ -79.969045325262897, 40.469462303889998 ], [ -79.969037804308797, 40.469470155172601 ], [ -79.969033335208806, 40.469477262316097 ], [ -79.969029691875804, 40.469484658102701 ], [ -79.969022131017496, 40.469499326114203 ], [ -79.969003518557599, 40.469526213915103 ], [ -79.968985299608406, 40.469553267125796 ], [ -79.968969895037503, 40.469582360832099 ], [ -79.968962320165105, 40.469597248919897 ], [ -79.968845573721197, 40.469727671391801 ], [ -79.968834317312101, 40.469733274618697 ], [ -79.968814244415398, 40.469742669442702 ], [ -79.9687914074172, 40.469755173054502 ], [ -79.968769335529601, 40.4697684880731 ], [ -79.968757830365107, 40.469777358108097 ], [ -79.968747755166305, 40.469787277234801 ], [ -79.968729031944093, 40.469808079950297 ], [ -79.968715295855105, 40.469820919676899 ], [ -79.968707505886897, 40.469826082504902 ], [ -79.968698798455705, 40.469830571974498 ], [ -79.968681206834702, 40.469839448902398 ], [ -79.968671400671795, 40.469846826016003 ], [ -79.968665765506998, 40.469853378065601 ], [ -79.968660895653699, 40.469860317214803 ], [ -79.968650898423206, 40.4698740049663 ], [ -79.968638074244595, 40.469886919971799 ], [ -79.968625456056699, 40.469899965252097 ], [ -79.968621915208104, 40.469905028513402 ], [ -79.968619137657896, 40.4699104176539 ], [ -79.968614161351098, 40.469921435269001 ], [ -79.968609898592007, 40.469928362765103 ], [ -79.968599625732494, 40.469939266715599 ], [ -79.968587450326297, 40.469949278381101 ], [ -79.968562719559301, 40.469969118916801 ], [ -79.968550215972101, 40.469984214164697 ], [ -79.968532658323696, 40.470015565256197 ], [ -79.9685151386781, 40.470046924624 ], [ -79.968506558275394, 40.470061658106097 ], [ -79.968498570844403, 40.470075233404501 ], [ -79.968489864148296, 40.470088709895798 ], [ -79.968480213423405, 40.4701018171288 ], [ -79.968469308098904, 40.470113827756897 ], [ -79.968456729861998, 40.470124934484403 ], [ -79.968430313834006, 40.470146438798501 ], [ -79.968414768183294, 40.470161861763501 ], [ -79.968405442522894, 40.470175456427299 ], [ -79.9683962922403, 40.4701892188898 ], [ -79.968371686697495, 40.470216778311801 ], [ -79.9683441610389, 40.470242598331097 ], [ -79.968338229837698, 40.470246679559096 ], [ -79.968331332757003, 40.470249942414803 ], [ -79.968316716201699, 40.470255780326902 ], [ -79.968308024861003, 40.4702605820573 ], [ -79.9683040001877, 40.470264134828099 ], [ -79.9682988669351, 40.470270491648698 ], [ -79.968296726323103, 40.4702738010687 ], [ -79.968287665638798, 40.4702908977143 ], [ -79.968278905133502, 40.4703155414702 ], [ -79.968277284883499, 40.470318963423203 ], [ -79.968235277714399, 40.4703817301789 ], [ -79.968204174040693, 40.470420453469302 ], [ -79.9680962157978, 40.470556563029398 ], [ -79.968091226584505, 40.470560307263803 ], [ -79.968062216646999, 40.4705794901706 ], [ -79.968053405541099, 40.470586749041502 ], [ -79.968045629091407, 40.470596809577103 ], [ -79.968036838559797, 40.470615057730001 ], [ -79.968031868762694, 40.470629576861697 ], [ -79.968026342775502, 40.470643898562798 ], [ -79.968017798137893, 40.470657286322897 ], [ -79.968008994161394, 40.4706705718542 ], [ -79.967997623598507, 40.4706942999292 ], [ -79.967995696094604, 40.470697598047202 ], [ -79.967982143588799, 40.470714737598698 ], [ -79.967967064271406, 40.470731111875203 ], [ -79.967952423365105, 40.470745430067701 ], [ -79.967938115387298, 40.470759900423602 ], [ -79.967916544258799, 40.470788813183397 ], [ -79.967895523512098, 40.470818034287198 ], [ -79.967883113493997, 40.470832433091203 ], [ -79.967869728617302, 40.470846314579298 ], [ -79.967851603147807, 40.4708611716596 ], [ -79.967833463405299, 40.470876025407101 ], [ -79.967813916381303, 40.470896150996197 ], [ -79.967796087831601, 40.470917203039001 ], [ -79.967782388062901, 40.470938798375499 ], [ -79.967768047093998, 40.470960158271502 ], [ -79.967722282264305, 40.471022502323699 ], [ -79.967673499848402, 40.471083409701002 ], [ -79.967636889172994, 40.471118009787197 ], [ -79.967596863292997, 40.471150774540497 ], [ -79.967574521045194, 40.471174935533199 ], [ -79.967561478939501, 40.471196768666204 ], [ -79.967551916170706, 40.471219770149098 ], [ -79.967535154544905, 40.471266561972499 ], [ -79.967517830314506, 40.471298184075401 ], [ -79.967412748989304, 40.471448183160298 ], [ -79.967380495806793, 40.471494630662001 ], [ -79.967355214609995, 40.4715243414607 ], [ -79.967328509992399, 40.471553490386 ], [ -79.967317711804995, 40.471567122201002 ], [ -79.9673088828918, 40.471581522522698 ], [ -79.967286213703304, 40.471647979113897 ], [ -79.967266144337501, 40.471714829966103 ], [ -79.967260238866103, 40.471729636360699 ], [ -79.967253486340894, 40.471744260809402 ], [ -79.967245269453599, 40.471758584524601 ], [ -79.967235882284697, 40.471772474844698 ], [ -79.967224054862697, 40.471788385761997 ], [ -79.967211621272796, 40.471804014621 ], [ -79.967194506987397, 40.471824236675701 ], [ -79.967176650059798, 40.471844080192398 ], [ -79.967146365479607, 40.471873240970297 ], [ -79.967131834918604, 40.4718872326198 ], [ -79.967108145942404, 40.471907292467499 ], [ -79.967045018551701, 40.471957019218003 ], [ -79.967042781864393, 40.471959311573599 ], [ -79.967040725679396, 40.4719617121754 ], [ -79.967038825915907, 40.471964206170298 ], [ -79.967037052361903, 40.471966771615897 ], [ -79.967035379935396, 40.471969399084003 ], [ -79.967033784259598, 40.471972064718102 ], [ -79.9670322378647, 40.471974758235 ], [ -79.967030715225206, 40.471977456701602 ], [ -79.967029190020696, 40.4719801489112 ], [ -79.967027637992203, 40.471982814609298 ], [ -79.967024845994501, 40.471987591393201 ], [ -79.967022134959294, 40.471992390947896 ], [ -79.967019471522903, 40.471997203103001 ], [ -79.967016828245505, 40.472002018474697 ], [ -79.967014178954997, 40.472006830358303 ], [ -79.967011498480304, 40.472011626624102 ], [ -79.9670087583509, 40.472016402413203 ], [ -79.967005933306893, 40.472021142895002 ], [ -79.967002987893096, 40.472025846046499 ], [ -79.966999905161103, 40.472030498680098 ], [ -79.966994024081103, 40.472038838169802 ], [ -79.966987895359907, 40.472047072502498 ], [ -79.966981568160506, 40.472055225958897 ], [ -79.966975103197896, 40.472063315392901 ], [ -79.966968547395496, 40.472071368731598 ], [ -79.966961962735994, 40.472079405507202 ], [ -79.966955388862303, 40.472087447480398 ], [ -79.966948891441902, 40.472095518616896 ], [ -79.966942512446195, 40.472103639732303 ], [ -79.966934308328902, 40.472114659699699 ], [ -79.966926669019401, 40.472126139088601 ], [ -79.966919426399897, 40.472137808159999 ], [ -79.966912007522197, 40.472149390524002 ], [ -79.966903843329504, 40.472160620526203 ], [ -79.966894942297202, 40.472170787220399 ], [ -79.966888942460201, 40.472177129958297 ], [ -79.966881442448894, 40.472185060861896 ], [ -79.966872249454298, 40.472194779115597 ], [ -79.966865993155096, 40.4722013943272 ], [ -79.966859734497007, 40.472208009583703 ], [ -79.966853479374294, 40.472214624771802 ], [ -79.966847223071497, 40.472221239982503 ], [ -79.966836860378194, 40.472231188761803 ], [ -79.966823961094093, 40.4722415203994 ], [ -79.966813830491702, 40.472248984640501 ], [ -79.966803734726, 40.472256468032 ], [ -79.966790973667599, 40.472266878093301 ], [ -79.966779001749202, 40.472279153130799 ], [ -79.966769979758993, 40.4722903779493 ], [ -79.966759690176801, 40.472302945940001 ], [ -79.966752702487398, 40.472310709359398 ], [ -79.966746741488706, 40.472317193681597 ], [ -79.9667397499788, 40.472325056269 ], [ -79.966730390701599, 40.472336535289202 ], [ -79.966723606501901, 40.472345501065398 ], [ -79.966717051196895, 40.472354575961504 ], [ -79.966710653900606, 40.4723637207981 ], [ -79.966704344052403, 40.472372906298197 ], [ -79.966698040244694, 40.4723820961865 ], [ -79.966691678901697, 40.472391258349802 ], [ -79.966685179794695, 40.472400356490098 ], [ -79.966678467499705, 40.4724093569194 ], [ -79.966671474903606, 40.4724182275923 ], [ -79.966661572589402, 40.472430233214602 ], [ -79.966651504862298, 40.472442159127802 ], [ -79.966641308918597, 40.472454024437504 ], [ -79.966631022014596, 40.472465850050199 ], [ -79.966620682259105, 40.472477646946899 ], [ -79.966610322281497, 40.472489438824802 ], [ -79.966599977980707, 40.472501241211503 ], [ -79.966589687703106, 40.472513072290297 ], [ -79.966579486405806, 40.472524954813203 ], [ -79.966566713183198, 40.472540128862697 ], [ -79.966557425625894, 40.472551494785002 ], [ -79.966547426395493, 40.472564787790901 ], [ -79.966532892500496, 40.472587442153802 ], [ -79.966522613791597, 40.472605188093198 ], [ -79.9665129850559, 40.472623113455001 ], [ -79.966503939387493, 40.472641192496098 ], [ -79.966495409057501, 40.472659410299599 ], [ -79.966487314340597, 40.472677745872197 ], [ -79.966479586121594, 40.4726961780176 ], [ -79.966472154165103, 40.472714687362298 ], [ -79.966464951832293, 40.472733256265698 ], [ -79.966456590026695, 40.472755345461202 ], [ -79.966451397725507, 40.472769283212003 ], [ -79.966446297730997, 40.472783230003301 ], [ -79.966445035722103, 40.472786717127903 ], [ -79.9664053371623, 40.472829594585498 ], [ -79.966360737740501, 40.472888208622997 ], [ -79.966329647721395, 40.472915463959097 ], [ -79.966278373054905, 40.472979977775502 ], [ -79.966251269732993, 40.473070637111697 ], [ -79.966224022279604, 40.473166460264103 ], [ -79.966189485620603, 40.473257004420901 ], [ -79.966140610886299, 40.473333569894102 ], [ -79.966075123099202, 40.473422555112698 ], [ -79.966008511636204, 40.473506034112198 ], [ -79.965939837417295, 40.473593910994701 ], [ -79.965888093006598, 40.473661423591402 ], [ -79.965828701110595, 40.473746642410802 ], [ -79.965767962052396, 40.473823286445601 ], [ -79.965666826563805, 40.473908146659902 ], [ -79.965608594015293, 40.473964545152299 ], [ -79.965572010017496, 40.4740427936648 ], [ -79.965577964758793, 40.474115917254402 ], [ -79.965617938836601, 40.474198490331297 ], [ -79.965653803354201, 40.4742734974011 ], [ -79.965667959446705, 40.4743408838535 ], [ -79.965637270397295, 40.474398212108397 ], [ -79.965570566598799, 40.474454514358001 ], [ -79.965473228897196, 40.474519426690797 ], [ -79.965410190134193, 40.4745647085877 ], [ -79.965357603721301, 40.474616362887801 ], [ -79.965170537152602, 40.474909666454202 ], [ -79.964923182020897, 40.475280409941803 ], [ -79.9648744128407, 40.475385881550601 ], [ -79.964840948195999, 40.475496795767199 ], [ -79.964813852555395, 40.475577507164502 ], [ -79.964757386757597, 40.4756249437485 ], [ -79.964653344545496, 40.4756658567795 ], [ -79.964550235041102, 40.4757218098149 ], [ -79.964454947958203, 40.475777477803199 ], [ -79.964367592269198, 40.475931473705899 ], [ -79.964195078181703, 40.476172060097198 ], [ -79.964041047255094, 40.476431317633903 ], [ -79.963985491101496, 40.476552802822198 ], [ -79.963830755541693, 40.476740925899897 ], [ -79.963610971011093, 40.477043379727903 ], [ -79.963373666294601, 40.477366118128501 ], [ -79.963085647553697, 40.477811657827303 ], [ -79.962940118041004, 40.4781209119907 ], [ -79.962808023073507, 40.478416970603298 ], [ -79.962635778646401, 40.478675984461198 ], [ -79.9624458752359, 40.478946560694098 ], [ -79.962238175560003, 40.479245666009199 ], [ -79.961873376169606, 40.479706211214001 ], [ -79.961576920074407, 40.479929415303602 ], [ -79.961188089623107, 40.480294945116498 ], [ -79.960842326929495, 40.480568685348302 ], [ -79.9606921175492, 40.480634931249497 ], [ -79.960555355930197, 40.480741327195503 ], [ -79.960443844050104, 40.4807875409521 ], [ -79.960499804386799, 40.480832737710003 ], [ -79.960496832922104, 40.480835340356499 ], [ -79.9601723495485, 40.481119493723 ], [ -79.960143480113899, 40.481106423582602 ], [ -79.960079971500505, 40.481077672052798 ], [ -79.960077836245603, 40.481076704798703 ], [ -79.959882169350905, 40.481250428419102 ], [ -79.959846504251701, 40.4812820943296 ], [ -79.959810444758403, 40.481323361059403 ], [ -79.959736475612502, 40.4814080144358 ], [ -79.959615885539606, 40.481584811607803 ], [ -79.959523531580203, 40.481724554402703 ], [ -79.959429112639896, 40.4818044661071 ], [ -79.959339296279595, 40.481863869924098 ], [ -79.959196426676897, 40.481939688450701 ], [ -79.959086723438304, 40.482021599910397 ], [ -79.959030943507599, 40.482063248529997 ], [ -79.958884343786494, 40.482208563817402 ], [ -79.958742585464407, 40.482329971213098 ], [ -79.958597875404394, 40.482423559404097 ], [ -79.958455751953906, 40.482511339688102 ], [ -79.958280604945898, 40.482571156177997 ], [ -79.958149540217406, 40.4826525224356 ], [ -79.957976170114605, 40.482755517997099 ], [ -79.957821624177598, 40.482834508930097 ], [ -79.957618572846499, 40.482942051557899 ], [ -79.957375906831501, 40.4830262970221 ], [ -79.957182732002195, 40.483116264575997 ], [ -79.956863366469705, 40.483260456018598 ], [ -79.956680753951801, 40.4833805432418 ], [ -79.956365080078299, 40.483566297949899 ], [ -79.956102558673805, 40.4837238433878 ], [ -79.955864479600095, 40.483815867096403 ], [ -79.9557683325867, 40.483845164856803 ], [ -79.955711336594405, 40.483850401435198 ], [ -79.955671562338296, 40.483873338436901 ], [ -79.955647230143498, 40.483924635490901 ], [ -79.955535966227799, 40.4840178889024 ], [ -79.955413344247205, 40.4841020322025 ], [ -79.955172846048001, 40.484258710373197 ], [ -79.954718858365297, 40.484556830111501 ], [ -79.954440879293401, 40.484713651948702 ], [ -79.954280939973899, 40.484803933976998 ], [ -79.954132116093604, 40.4848811693332 ], [ -79.953991697686206, 40.484938718117597 ], [ -79.953866305179503, 40.4849709553312 ], [ -79.953769288589996, 40.485003647980001 ], [ -79.9536747879405, 40.485065450771103 ], [ -79.953448810484602, 40.485178541372001 ], [ -79.953150227438002, 40.485316351647903 ], [ -79.952882430982598, 40.485442989531101 ], [ -79.952718944595901, 40.485526295757801 ], [ -79.952612820902402, 40.485558457311797 ], [ -79.952505062158806, 40.485556501881 ], [ -79.952427442025595, 40.485545637569501 ], [ -79.952354464905397, 40.485536406323199 ], [ -79.952272762443798, 40.485586143983802 ], [ -79.952112959697104, 40.485685307293799 ], [ -79.951885357821794, 40.485816174426603 ], [ -79.951548276813696, 40.485948304756903 ], [ -79.951316362392006, 40.486061847306203 ], [ -79.951034160709497, 40.486188886516302 ], [ -79.950725551402101, 40.486282025535502 ], [ -79.9504425490898, 40.4864032490296 ], [ -79.9502603027276, 40.486448793251597 ], [ -79.949969795672402, 40.486501598402398 ], [ -79.9497776859819, 40.4865518364983 ], [ -79.949704351450194, 40.486571013577503 ], [ -79.949593925574504, 40.486611066389898 ], [ -79.949424483399397, 40.486670573179197 ], [ -79.949196286906201, 40.486715908613199 ], [ -79.948969257382501, 40.486800862827501 ], [ -79.948849864577895, 40.486823580821898 ], [ -79.948752725900803, 40.486870335695599 ], [ -79.948558389659894, 40.486970626177502 ], [ -79.948494789730702, 40.487006704899898 ], [ -79.948456473415803, 40.487005881167001 ], [ -79.948397501762301, 40.486992672306101 ], [ -79.948369479044899, 40.487001591136398 ], [ -79.948363310298802, 40.487032117818799 ], [ -79.948342779257004, 40.487083605769598 ], [ -79.948281052973698, 40.487123888195597 ], [ -79.948038690973803, 40.487192420151899 ], [ -79.947755696124901, 40.487285033563197 ], [ -79.947577010720195, 40.4873608179036 ], [ -79.947441633196405, 40.487422755294702 ], [ -79.9472893611063, 40.4874529249362 ], [ -79.947138271526995, 40.487467576230003 ], [ -79.946990733814204, 40.487488215419901 ], [ -79.946883149749894, 40.487516976074801 ], [ -79.946674594633095, 40.487568378045999 ], [ -79.946475779122096, 40.487619017190703 ], [ -79.946235516570297, 40.487689661171999 ], [ -79.945970728978594, 40.487756160671701 ], [ -79.945673049663199, 40.487830577424099 ], [ -79.945342004946497, 40.487894169693703 ], [ -79.945052531605896, 40.487949558757798 ], [ -79.944778291469007, 40.488006144391498 ], [ -79.944650517352102, 40.488043375829399 ], [ -79.944634712369805, 40.488047934133398 ], [ -79.944510888554106, 40.488083648171497 ], [ -79.944425543208695, 40.488108263932197 ], [ -79.944151680158299, 40.488170524415303 ], [ -79.943908590584599, 40.488249710401803 ], [ -79.943692012723005, 40.488349741483901 ], [ -79.943583385518707, 40.488402259111801 ], [ -79.943520772987995, 40.488446575349599 ], [ -79.943359901350505, 40.488518881931 ], [ -79.943271410748295, 40.488541906103599 ], [ -79.943215827966199, 40.488555220947298 ], [ -79.943016417426904, 40.488600680880197 ], [ -79.942549217292907, 40.488716005865797 ], [ -79.942061786509996, 40.4888195877719 ], [ -79.941648565074502, 40.488936461406801 ], [ -79.941174824931394, 40.489048193157799 ], [ -79.940639589525105, 40.489196483436899 ], [ -79.940415855160495, 40.489264786774598 ], [ -79.940246946690195, 40.489334624152001 ], [ -79.940129125527307, 40.489371252996499 ], [ -79.940080030730897, 40.489393492541701 ], [ -79.9400476969615, 40.489411601321699 ], [ -79.9400077972345, 40.489422727593897 ], [ -79.939969924338399, 40.489419317979802 ], [ -79.939937625107504, 40.489433079439301 ], [ -79.939878684451202, 40.489468197518597 ], [ -79.939831594994601, 40.489504010027801 ], [ -79.939790847704401, 40.489514982010803 ], [ -79.939673299986197, 40.4895186356433 ], [ -79.939573414701698, 40.4895110345566 ], [ -79.939479327415, 40.489519957931101 ], [ -79.939439195659205, 40.489533354052099 ], [ -79.939131208897805, 40.489624033599803 ], [ -79.938741158575098, 40.489729205414797 ], [ -79.938536053128402, 40.489796936254102 ], [ -79.938443468224307, 40.489829001272902 ], [ -79.938362875123204, 40.489870489268398 ], [ -79.938270766229294, 40.489896068880803 ], [ -79.938069405224994, 40.489946360408801 ], [ -79.937900981408603, 40.489982575955999 ], [ -79.937789173915903, 40.4899973770572 ], [ -79.937766140407803, 40.4900004270906 ], [ -79.937676674393799, 40.490012270415598 ], [ -79.937544302863401, 40.489597980677097 ], [ -79.937515302513006, 40.489505980678402 ], [ -79.937317302725106, 40.488909980777798 ], [ -79.937159302926901, 40.488436980967499 ], [ -79.937767302713596, 40.488221980302001 ], [ -79.938031303724102, 40.488123980171103 ], [ -79.938655303168105, 40.487900980475999 ], [ -79.939008014658, 40.487775383763001 ] ] ] } },
{ "type": "Feature", "properties": { "DISTRICT": 3, "OBJECTID": 6, "GlobalID": "2b022529-708b-46f1-9dc8-115574ae4a91", "Shape__Area": 236540201.05395508, "Shape__Length": 108024.8458388932, "Zone_T": "3", "TOTAL": 45794.066556208396, "WHITE": 31941.170344221759, "BLACK": 8354.533314496839, "AMERICAN_INDIAN": 61.997383331012458, "ASIAN": 1162.0772913025244, "PACIFIC_ISLANDER": 0.0, "OTHER": 417.88504903973978, "TWO_OR_MORE": 1502.6391861678967, "HISPANIC": 2353.7639876486228, "WHITE_PCT": 0.697, "BLACK_PCT": 0.182, "AMERICAN_INDIAN_PCT": 0.001, "ASIAN_PCT": 0.025, "PACIFIC_ISLANDER_PCT": 0.0, "OTHER_PCT": 0.009, "TWO_OR_MORE_PCT": 0.033, "HISPANIC_PCT": 0.051 }, "geometry": { "type": "Polygon", "coordinates": [ [ [ -80.006329317185305, 40.383479958378103 ], [ -80.006429315621801, 40.383463957915097 ], [ -80.006451315639794, 40.3835109580261 ], [ -80.005969315673099, 40.383619957658397 ], [ -80.005995316940599, 40.384042958423898 ], [ -80.006272430240401, 40.384607278967003 ], [ -80.006847317268793, 40.385777958883899 ], [ -80.007131316714904, 40.386269959091798 ], [ -80.007419699888203, 40.3867680314236 ], [ -80.007468698787704, 40.386852657094501 ], [ -80.007688317694502, 40.3872319593413 ], [ -80.007449317340303, 40.387526959322798 ], [ -80.007537317587094, 40.387722959818497 ], [ -80.007770316998602, 40.388241958956499 ], [ -80.007612317561893, 40.388274958704699 ], [ -80.007452316742899, 40.388308959512202 ], [ -80.007170316793903, 40.388379958992701 ], [ -80.007148316908797, 40.388398959084697 ], [ -80.007126317897701, 40.388419959130097 ], [ -80.007009316896799, 40.388478959874099 ], [ -80.007071316448901, 40.388500959394001 ], [ -80.007136316779594, 40.388543959419103 ], [ -80.007261317277894, 40.388647959589598 ], [ -80.007327316861407, 40.388703958733501 ], [ -80.007427316572205, 40.388843959648803 ], [ -80.007103317332593, 40.388979959373202 ], [ -80.006950317261399, 40.389044959141003 ], [ -80.006875317301393, 40.388926959910201 ], [ -80.006823316418505, 40.388882959727802 ], [ -80.0067773171033, 40.388851960077197 ], [ -80.006668317035306, 40.388834959994597 ], [ -80.006507316657206, 40.388825959717799 ], [ -80.006300316877898, 40.388825959772703 ], [ -80.006025316099397, 40.388820959335099 ], [ -80.005910316666302, 40.388816960275697 ], [ -80.005875317127703, 40.3887689591011 ], [ -80.005883316093104, 40.388381959161002 ], [ -80.005566316346304, 40.388373959320198 ], [ -80.004877316050198, 40.388359959029501 ], [ -80.004678315563694, 40.3883809591728 ], [ -80.004651316786706, 40.388372959446798 ], [ -80.004276315795707, 40.388452959516997 ], [ -80.003492316081605, 40.388621959886599 ], [ -80.003149315862203, 40.388684958956297 ], [ -80.002908315525104, 40.388730959913403 ], [ -80.002771315283795, 40.388717960095001 ], [ -80.002635315374803, 40.3886269596969 ], [ -80.002284316175206, 40.388307959888301 ], [ -80.002167315755003, 40.388200959748701 ], [ -80.001775315401304, 40.388299959543502 ], [ -80.0006023147983, 40.388597959871397 ], [ -80.000212314468897, 40.388697960312598 ], [ -80.000008315698693, 40.388751960095803 ], [ -79.999398315162296, 40.388915958874001 ], [ -79.999270314754099, 40.388950959952403 ], [ -79.999227315314997, 40.388945959799699 ], [ -79.999195313976202, 40.3889329599318 ], [ -79.999192314544203, 40.388958959412797 ], [ -79.999226315316903, 40.389126960370596 ], [ -79.999337314968301, 40.389662959293602 ], [ -79.999354313998495, 40.389705959939 ], [ -79.999404314962106, 40.389825959779103 ], [ -79.999401314432305, 40.389894959541998 ], [ -79.999234313882894, 40.389876959604898 ], [ -79.998736314496, 40.389823959955699 ], [ -79.998703314541501, 40.389820959423602 ], [ -79.998571314002007, 40.3897989591688 ], [ -79.998496314559404, 40.389794959344201 ], [ -79.998267313932402, 40.389782959128503 ], [ -79.998200314177794, 40.389777959222499 ], [ -79.998170314305497, 40.389775959570599 ], [ -79.998151314373501, 40.3897749592428 ], [ -79.998128314165797, 40.389772959333698 ], [ -79.997912314361301, 40.389757959603401 ], [ -79.997841313623397, 40.389753958778002 ], [ -79.997853314207802, 40.389828960041903 ], [ -79.997848314200098, 40.390098959522199 ], [ -79.997843314690599, 40.3903359603922 ], [ -79.997837450189806, 40.390636450510499 ], [ -79.997826315069602, 40.391206960180099 ], [ -79.997862315172796, 40.391458959941701 ], [ -79.997856314103998, 40.391476960265599 ], [ -79.997905313881006, 40.391981959732902 ], [ -79.997908314046796, 40.3920789601639 ], [ -79.997913314498803, 40.392193960109303 ], [ -79.997884315059494, 40.392283961059498 ], [ -79.997689315382203, 40.392602959967903 ], [ -79.997405314397497, 40.392869960916201 ], [ -79.997309314833899, 40.3929989605315 ], [ -79.997334314540694, 40.393221961405203 ], [ -79.997343313901894, 40.393516960793697 ], [ -79.997314314455295, 40.393863961008002 ], [ -79.997281314585294, 40.394167960461601 ], [ -79.997252314554004, 40.394328960950403 ], [ -79.997237314714596, 40.394501960850803 ], [ -79.997223314603801, 40.394791960997999 ], [ -79.997298314621901, 40.395130961668698 ], [ -79.997401314760396, 40.3953859610805 ], [ -79.997641745510407, 40.3956788633323 ], [ -79.997763314411799, 40.395826961331203 ], [ -79.997935314977994, 40.3959729613264 ], [ -79.998150315505995, 40.396286960862199 ], [ -79.999300314843794, 40.397642961405197 ], [ -79.999617316175303, 40.398013961666898 ], [ -79.999851316321397, 40.398389961872702 ], [ -79.999982315863406, 40.398651961283797 ], [ -80.000134315071804, 40.399028962145401 ], [ -80.000212315285097, 40.399452961600197 ], [ -80.000274315975005, 40.399864962134103 ], [ -80.000321316526893, 40.400341961957203 ], [ -80.000374315855098, 40.400832961734402 ], [ -80.000414316462695, 40.4011409628134 ], [ -80.0004763160008, 40.401568962040898 ], [ -80.000620316060406, 40.402084961796902 ], [ -80.000735316309203, 40.402064962425001 ], [ -80.000937316071401, 40.402030962137403 ], [ -80.001005316346294, 40.402020962152598 ], [ -80.001107315997302, 40.4020039616967 ], [ -80.001415315665298, 40.401952962220598 ], [ -80.001518315981798, 40.401936962594398 ], [ -80.001536315925094, 40.401932962190998 ], [ -80.001593315552398, 40.401922961905903 ], [ -80.001613315995002, 40.401920962095403 ], [ -80.001776315874295, 40.402236961853902 ], [ -80.001781316838702, 40.402245962399199 ], [ -80.002164316236303, 40.403234961955398 ], [ -80.0022943166191, 40.403567961915698 ], [ -80.002659317148201, 40.404141962723102 ], [ -80.003265316954398, 40.4046499628178 ], [ -80.004101317776602, 40.405227962862803 ], [ -80.004751317269793, 40.405687962365299 ], [ -80.005173317908202, 40.406024962856499 ], [ -80.0055753176363, 40.406503962847999 ], [ -80.005770317403901, 40.407102963043201 ], [ -80.005766317206394, 40.407129962364301 ], [ -80.005672317794307, 40.407905963324502 ], [ -80.005629317469996, 40.408263963127901 ], [ -80.005658318059901, 40.408725963206997 ], [ -80.005987317899695, 40.409285963718403 ], [ -80.006321318333093, 40.409546964167703 ], [ -80.007282318591507, 40.410064963656197 ], [ -80.007466318640596, 40.410249962861997 ], [ -80.007632319157906, 40.410420963379302 ], [ -80.007818318825102, 40.410662963507697 ], [ -80.008036318867596, 40.411130963029599 ], [ -80.008233319638407, 40.411644963881599 ], [ -80.008324318834894, 40.411804964187198 ], [ -80.008432319134002, 40.411963964462302 ], [ -80.008625319368306, 40.412179963840799 ], [ -80.008812319719695, 40.412378963396399 ], [ -80.008957319718405, 40.412505963579299 ], [ -80.0090173195901, 40.412542964348802 ], [ -80.009164319616801, 40.412650963304799 ], [ -80.009505319943301, 40.412838964254803 ], [ -80.009973320340407, 40.413086964136198 ], [ -80.010289319348303, 40.413206963869499 ], [ -80.010982319810196, 40.413549963369 ], [ -80.011048320598604, 40.4135769638266 ], [ -80.011407320421199, 40.413676964194501 ], [ -80.012484320952893, 40.413979964060204 ], [ -80.012681321013105, 40.4140359638915 ], [ -80.012843320770102, 40.414084964473297 ], [ -80.013297320974502, 40.414210963353298 ], [ -80.013687321127094, 40.414332963428599 ], [ -80.013805321049503, 40.414369963867898 ], [ -80.014164321820601, 40.4145269639776 ], [ -80.014324321344603, 40.414622964109 ], [ -80.014526321164794, 40.414744963689998 ], [ -80.014767322051398, 40.414932963976 ], [ -80.015006322047995, 40.4151739644104 ], [ -80.015150321654801, 40.415342963506099 ], [ -80.015278322265203, 40.415614963885403 ], [ -80.015436321999601, 40.4160449636001 ], [ -80.015455322171505, 40.416119963758099 ], [ -80.015682322383199, 40.416970964144298 ], [ -80.016145321729596, 40.4180609644594 ], [ -80.0161493224509, 40.418093964773099 ], [ -80.016241321313203, 40.418822964601503 ], [ -80.016237321923498, 40.418883964687403 ], [ -80.016221321599204, 40.4192189655354 ], [ -80.016117322608295, 40.419923964612003 ], [ -80.016185321529804, 40.420325965223498 ], [ -80.016198322218202, 40.420397964965801 ], [ -80.016262322251904, 40.420593965073003 ], [ -80.0164003225741, 40.420857965504901 ], [ -80.0166383219305, 40.421163965298703 ], [ -80.016940322316103, 40.421478965357402 ], [ -80.017261322578406, 40.421811965381998 ], [ -80.017417322455799, 40.421973965182801 ], [ -80.017785322232896, 40.422356965823099 ], [ -80.018144322869304, 40.422685965353402 ], [ -80.019022323624199, 40.423489966228999 ], [ -80.019229323455505, 40.423669965352701 ], [ -80.019597323443193, 40.423991965887801 ], [ -80.019713323604407, 40.423952965885697 ], [ -80.019799323709705, 40.423912966014797 ], [ -80.020033324370303, 40.423833965823597 ], [ -80.020101323528607, 40.423811965113799 ], [ -80.020439323709198, 40.4236569656764 ], [ -80.020692323946193, 40.4235709646887 ], [ -80.020705323463801, 40.423555965248802 ], [ -80.0207413230859, 40.423541965966699 ], [ -80.020877324782404, 40.423502965314803 ], [ -80.021036323538098, 40.423436965053298 ], [ -80.021107324117395, 40.423419965023399 ], [ -80.021208323994102, 40.423424965859198 ], [ -80.021273323519196, 40.423447966028199 ], [ -80.021325323857596, 40.4234879656413 ], [ -80.021338324223606, 40.423497964859898 ], [ -80.021395324366196, 40.423561965807302 ], [ -80.021431323470296, 40.423674965444299 ], [ -80.021468323907996, 40.423915966112801 ], [ -80.021481324929198, 40.424003965111403 ], [ -80.021487323502896, 40.424198965151902 ], [ -80.021445324078897, 40.424606965359303 ], [ -80.021377324211002, 40.424775965682301 ], [ -80.021337324073698, 40.424875965102203 ], [ -80.021279323790296, 40.424974965246598 ], [ -80.021256324601495, 40.425004965625803 ], [ -80.021149324509395, 40.425149965283602 ], [ -80.021125323941305, 40.4251919653275 ], [ -80.021142916148705, 40.425201404941198 ], [ -80.021166324804597, 40.425213965298703 ], [ -80.021217323580998, 40.425239965945003 ], [ -80.021406323632107, 40.425324965201 ], [ -80.021751324931401, 40.4254429655862 ], [ -80.022230323873202, 40.425567965526497 ], [ -80.022783325107497, 40.425710966024603 ], [ -80.023436323994204, 40.425935964920697 ], [ -80.024074324669201, 40.426255965345199 ], [ -80.024198324681706, 40.4262929654438 ], [ -80.024521324980398, 40.426486965460199 ], [ -80.026097325585098, 40.428206965782799 ], [ -80.026818326406698, 40.429002966183099 ], [ -80.027071326373402, 40.429281966736198 ], [ -80.027241326550296, 40.429468965905599 ], [ -80.027768326863196, 40.429919966136701 ], [ -80.028037326538495, 40.430083965872797 ], [ -80.027766326397995, 40.430229965672098 ], [ -80.026526326240102, 40.430896966322599 ], [ -80.026299325176694, 40.431017966881399 ], [ -80.026691325464697, 40.4313149661766 ], [ -80.027166326218406, 40.431784965661002 ], [ -80.027461326931402, 40.432157965472904 ], [ -80.027575326475201, 40.432288965209899 ], [ -80.027678326891007, 40.432419966351603 ], [ -80.027876327579605, 40.432683965708001 ], [ -80.028114325997294, 40.432964965988397 ], [ -80.028340327177304, 40.433191966168003 ], [ -80.028505326040104, 40.433323965684501 ], [ -80.028584327227406, 40.433386966367898 ], [ -80.029474327587295, 40.433921966651198 ], [ -80.029534327343001, 40.433844966860597 ], [ -80.030464327157404, 40.434360966354397 ], [ -80.031918327327105, 40.435204966556199 ], [ -80.032098328669605, 40.435299966225301 ], [ -80.032307327361806, 40.435468965792801 ], [ -80.032490328272601, 40.435645965839797 ], [ -80.032710328845297, 40.435928966650899 ], [ -80.032887328957401, 40.436214966145698 ], [ -80.032982328341703, 40.436446966431703 ], [ -80.033033328618203, 40.436660965951397 ], [ -80.033059328653906, 40.436892966388903 ], [ -80.033053329043497, 40.437318965949402 ], [ -80.032995328649406, 40.437949966809803 ], [ -80.032933328163594, 40.438676966942197 ], [ -80.032899329173205, 40.438999966821299 ], [ -80.032848328994106, 40.4392089671137 ], [ -80.032776328698404, 40.439365966707001 ], [ -80.032678327800895, 40.4395739674761 ], [ -80.032538329258799, 40.439802966814398 ], [ -80.031349328777495, 40.441060968195004 ], [ -80.030256328235595, 40.442151967954601 ], [ -80.030190327982794, 40.442082967684499 ], [ -80.029611327871095, 40.442642967466199 ], [ -80.029598328077896, 40.442815968195298 ], [ -80.029461328156003, 40.442949967765003 ], [ -80.029163740129803, 40.443242547805497 ], [ -80.028867328137395, 40.443533968436498 ], [ -80.028684327634096, 40.4437339677241 ], [ -80.028503259329895, 40.443950980602501 ], [ -80.0283726003087, 40.443974382623502 ], [ -80.028334308535193, 40.443981240929702 ], [ -80.028302327586303, 40.443986968649597 ], [ -80.027753327904193, 40.443942969493598 ], [ -80.028103094021901, 40.444165906223198 ], [ -80.028197327191805, 40.444225968355902 ], [ -80.0282630931776, 40.444255027908 ], [ -80.028283327988305, 40.444263968682399 ], [ -80.028227327140698, 40.4442589692068 ], [ -80.028158327404498, 40.444298969798403 ], [ -80.028126879493897, 40.444354842036198 ], [ -80.028087348675399, 40.444425073380003 ], [ -80.027961327093294, 40.444648969407801 ], [ -80.027821034458498, 40.444901397469103 ], [ -80.027747984187201, 40.444864395588098 ], [ -80.027728329524507, 40.444854400254101 ], [ -80.027598721132094, 40.444774705546301 ], [ -80.027519298687693, 40.444724042768499 ], [ -80.0271257270972, 40.444557532805497 ], [ -80.026894001727698, 40.444427205230902 ], [ -80.026482092202102, 40.4442959655875 ], [ -80.026128649578894, 40.444139888658 ], [ -80.025792072471504, 40.444017632047299 ], [ -80.025467011551896, 40.443890427077697 ], [ -80.025083283164506, 40.443742065766699 ], [ -80.024659585328195, 40.4436073627121 ], [ -80.024460857972201, 40.443522804441301 ], [ -80.023810083370094, 40.4433420240413 ], [ -80.023200147675098, 40.443186523663201 ], [ -80.022979107624394, 40.443132949941699 ], [ -80.022402954586397, 40.442993341932002 ], [ -80.021666400379601, 40.442813035515599 ], [ -80.020998169992296, 40.442647085135299 ], [ -80.020594216438994, 40.442537978080502 ], [ -80.020176888432303, 40.442391806904702 ], [ -80.019784009616103, 40.442224558003097 ], [ -80.019450145713904, 40.442048770590901 ], [ -80.018902573560396, 40.4417432285166 ], [ -80.018545605808896, 40.441534854940898 ], [ -80.018150137069, 40.441317025360902 ], [ -80.017921149051702, 40.441200442525798 ], [ -80.017622046247794, 40.441029373087297 ], [ -80.017246150082102, 40.440818964400599 ], [ -80.016842102253406, 40.440599581718899 ], [ -80.016491530661597, 40.440380608253697 ], [ -80.016445833204102, 40.440357563529901 ], [ -80.016122261291898, 40.440194388130301 ], [ -80.015708848256907, 40.439961377410398 ], [ -80.015407862867306, 40.439830466523503 ], [ -80.0153072935328, 40.439839667671997 ], [ -80.015189380270797, 40.439689002671699 ], [ -80.015168610175905, 40.439644316054498 ], [ -80.014783862232505, 40.4394116870563 ], [ -80.014531176295506, 40.439260595246502 ], [ -80.014217730939905, 40.439077575153497 ], [ -80.013904383635705, 40.438919278881102 ], [ -80.013610404352306, 40.438750561130398 ], [ -80.013229644349394, 40.438549080851097 ], [ -80.012843173928403, 40.438352549827002 ], [ -80.012678505497306, 40.438271067841299 ], [ -80.012663783540006, 40.4382637805817 ], [ -80.012642755246702, 40.438253376324901 ], [ -80.012578775919394, 40.438224988199799 ], [ -80.012565685802798, 40.438219177956398 ], [ -80.012486303024801, 40.438183956383597 ], [ -80.012466371783106, 40.438175113468603 ], [ -80.012429720380396, 40.438158849415203 ], [ -80.012156830159896, 40.438026296459803 ], [ -80.011814893863601, 40.437890716098899 ], [ -80.011498609134605, 40.437762455996499 ], [ -80.011097918938702, 40.4375904520804 ], [ -80.010710076043097, 40.437402041720901 ], [ -80.010266252109403, 40.437202705546802 ], [ -80.009818179562004, 40.437003025585398 ], [ -80.009379706289394, 40.436805226466902 ], [ -80.008927092743505, 40.436593853785403 ], [ -80.008464051425307, 40.436410200664199 ], [ -80.008073333905799, 40.436254253449597 ], [ -80.007925238777304, 40.436209426747197 ], [ -80.007620959250104, 40.436051789857302 ], [ -80.0074014661392, 40.435932216641 ], [ -80.0073125782842, 40.435898594387602 ], [ -80.007139525649606, 40.435833138463202 ], [ -80.006889078520899, 40.435706313253597 ], [ -80.006786430073603, 40.435654332723502 ], [ -80.006367282205005, 40.435464750260898 ], [ -80.005931193085303, 40.435255554238097 ], [ -80.005422440883095, 40.435005274041004 ], [ -80.004923668915595, 40.434750790679303 ], [ -80.004321754185099, 40.434445534893001 ], [ -80.003994584485, 40.434284176841103 ], [ -80.0035865425276, 40.434071717045001 ], [ -80.003228367442006, 40.433880007294199 ], [ -80.002980216724694, 40.433779455549299 ], [ -80.002883809548905, 40.433734773223399 ], [ -80.002855455118294, 40.433720959701901 ], [ -80.002815174664093, 40.433701331977801 ], [ -80.002780099200194, 40.4336842414424 ], [ -80.002711687410695, 40.433650911100301 ], [ -80.002214080627695, 40.433420719275503 ], [ -80.002193614969798, 40.433410686879697 ], [ -80.001848597302697, 40.4332416457558 ], [ -80.001464383693701, 40.433048339099301 ], [ -80.001088914613803, 40.432861297637103 ], [ -80.000620873184104, 40.432632552819101 ], [ -80.000298354745098, 40.432523579352399 ], [ -80.0002397261608, 40.432507435055399 ], [ -79.9996830769079, 40.432284505758197 ], [ -79.999472497475907, 40.432205561496801 ], [ -79.999354322484294, 40.4321793420403 ], [ -79.9991357543596, 40.432020621110802 ], [ -79.998913258159902, 40.431912202167602 ], [ -79.998828360639294, 40.431885032678103 ], [ -79.998473165954394, 40.431817573093099 ], [ -79.998124920620995, 40.431767308364499 ], [ -79.997620858703399, 40.431749271454898 ], [ -79.997435005451905, 40.431737126347599 ], [ -79.997391266956001, 40.431734268355903 ], [ -79.996660506107702, 40.4315024367259 ], [ -79.996634406667397, 40.431519242044502 ], [ -79.995261355998807, 40.431435922604201 ], [ -79.995213536757603, 40.4314409256164 ], [ -79.994648729390207, 40.431451899547298 ], [ -79.994108938417497, 40.431413491378002 ], [ -79.993773522659694, 40.431428154829902 ], [ -79.993639905183301, 40.431418526397799 ], [ -79.993603962101702, 40.431459967540697 ], [ -79.993582919957504, 40.4314685254949 ], [ -79.993545620497102, 40.431469249763502 ], [ -79.991427434652607, 40.431457569589803 ], [ -79.991420971713197, 40.431437339597203 ], [ -79.991399144604699, 40.431419473369999 ], [ -79.9913750100811, 40.431413451616997 ], [ -79.991348092375105, 40.431416628674498 ], [ -79.9913485441528, 40.4313953789785 ], [ -79.991315116611105, 40.431400157949597 ], [ -79.9912855671069, 40.431405450859998 ], [ -79.991254552561202, 40.431413132484998 ], [ -79.991230434321494, 40.431419205591197 ], [ -79.991186106241003, 40.431421245587501 ], [ -79.991119455958994, 40.431413688152197 ], [ -79.991105023241602, 40.431444058363098 ], [ -79.991113963112596, 40.4314807597504 ], [ -79.991012318839196, 40.431488926589999 ], [ -79.990635111388599, 40.431489056714298 ], [ -79.990215928455399, 40.431550151154198 ], [ -79.990114554668907, 40.4315480419355 ], [ -79.990039010447106, 40.431520985618803 ], [ -79.990048315098903, 40.431480062076403 ], [ -79.989612739649701, 40.4315292480984 ], [ -79.989299265949697, 40.431569411320503 ], [ -79.989281377111297, 40.431531622018603 ], [ -79.989149014671199, 40.431553255200697 ], [ -79.989045955394204, 40.4315806760805 ], [ -79.988860723654199, 40.431638290238297 ], [ -79.988654921841302, 40.431702659240699 ], [ -79.988576588521099, 40.431723244924598 ], [ -79.988522769603193, 40.431730643319803 ], [ -79.988381462338097, 40.431733380912 ], [ -79.988311124793697, 40.4317442775166 ], [ -79.9883126010307, 40.431788739702597 ], [ -79.988117474648604, 40.431798876144398 ], [ -79.988107686522397, 40.431754574062097 ], [ -79.987780302191695, 40.431789517129602 ], [ -79.987170198328599, 40.431826754482501 ], [ -79.986908890345902, 40.431847703372497 ], [ -79.986259645405895, 40.4319587872901 ], [ -79.985439364974596, 40.432054108715199 ], [ -79.984934318116302, 40.432124260144498 ], [ -79.984526807070495, 40.432125785220997 ], [ -79.9842983245764, 40.432133381064403 ], [ -79.984032964254098, 40.432157580066402 ], [ -79.983635447360399, 40.432209756970103 ], [ -79.983489983455598, 40.432212568911801 ], [ -79.983396970308206, 40.432166696926203 ], [ -79.983185112858706, 40.432173970110497 ], [ -79.982982408288606, 40.432206488768401 ], [ -79.982803694959898, 40.432209942413998 ], [ -79.982584284918602, 40.432241685919401 ], [ -79.982494240584501, 40.43223150355 ], [ -79.982267375907398, 40.432212042307199 ], [ -79.982270387579703, 40.432185160514997 ], [ -79.981962753043206, 40.432200044705702 ], [ -79.981888495599904, 40.432195518011902 ], [ -79.981841129493205, 40.432178549639097 ], [ -79.981825046029201, 40.432163958903601 ], [ -79.981805162465307, 40.432152420766798 ], [ -79.981707223847394, 40.432139410171501 ], [ -79.9816334602707, 40.432149776078496 ], [ -79.981623441699796, 40.432200637585197 ], [ -79.9813229122324, 40.432194519439498 ], [ -79.981143807913696, 40.432203938267001 ], [ -79.980253267340501, 40.432283720375601 ], [ -79.979430170320896, 40.432397959955601 ], [ -79.9793892623251, 40.432458359336898 ], [ -79.979339181452602, 40.432477208008301 ], [ -79.979265515577794, 40.432490551502802 ], [ -79.979199645699893, 40.432503743641099 ], [ -79.9790529042413, 40.432548301402498 ], [ -79.979006622227303, 40.432564095641403 ], [ -79.978743140982402, 40.432616866101803 ], [ -79.978623192677304, 40.432646003301201 ], [ -79.978540895317394, 40.432634179282097 ], [ -79.978365785286599, 40.432646497732598 ], [ -79.978222350173098, 40.432673107372402 ], [ -79.978147996460706, 40.432665600029999 ], [ -79.978121005874499, 40.432675061700401 ], [ -79.977985858488793, 40.432716413511301 ], [ -79.977812027935798, 40.432767453104702 ], [ -79.977711273563997, 40.432787278076098 ], [ -79.977648612151995, 40.4327795449829 ], [ -79.9774808059517, 40.432776818083902 ], [ -79.9772610475205, 40.432736347539297 ], [ -79.977251248341503, 40.432703354483202 ], [ -79.977198687401597, 40.432733774015901 ], [ -79.977165188751599, 40.432727266766598 ], [ -79.976786649809995, 40.432662037633001 ], [ -79.976719696760895, 40.432642464564502 ], [ -79.976499743805903, 40.432596035245503 ], [ -79.976472654734593, 40.432602518329503 ], [ -79.9764215900545, 40.432591581018997 ], [ -79.976257190396694, 40.432573884434703 ], [ -79.976053222049103, 40.432539068473297 ], [ -79.975959377941294, 40.432531934324601 ], [ -79.975884925202095, 40.432521447346701 ], [ -79.9757602911166, 40.432526828361198 ], [ -79.975620262573401, 40.4325384668604 ], [ -79.975511515350405, 40.432552483677597 ], [ -79.975398869427806, 40.4325665745801 ], [ -79.9753253009074, 40.432582893765499 ], [ -79.9752863228954, 40.432583644452897 ], [ -79.975157102364903, 40.432568249781603 ], [ -79.975080210162901, 40.432591533518902 ], [ -79.975046203216806, 40.4325939847405 ], [ -79.975010843973394, 40.432591072058202 ], [ -79.974965632850598, 40.4325389477996 ], [ -79.974947419824105, 40.432521334167703 ], [ -79.974620527130995, 40.432410859714302 ], [ -79.974576559518098, 40.432396436402399 ], [ -79.974551801882299, 40.432394218541901 ], [ -79.974517765421297, 40.432395772005599 ], [ -79.974499414958601, 40.432409598779898 ], [ -79.974475080836299, 40.432455875848099 ], [ -79.974449592473604, 40.432467145516597 ], [ -79.974406157576993, 40.432468879883899 ], [ -79.974374174446893, 40.432461412053399 ], [ -79.974348854468801, 40.432442137902598 ], [ -79.974337216024693, 40.4324100259552 ], [ -79.974337798791097, 40.4323920503926 ], [ -79.974351975433805, 40.432358543307103 ], [ -79.974391460468496, 40.4323083809997 ], [ -79.974396654213905, 40.432287622151797 ], [ -79.974289222530601, 40.432273521419397 ], [ -79.974248869006601, 40.432261723829697 ], [ -79.974228395718796, 40.432246848115597 ], [ -79.9742113872028, 40.432230109357199 ], [ -79.974188940306306, 40.432191020079799 ], [ -79.974171813422501, 40.432170690005201 ], [ -79.974147461157102, 40.432145110880299 ], [ -79.9741221709819, 40.432126735181598 ], [ -79.974094857011593, 40.432118278326698 ], [ -79.974018965931094, 40.43209818119 ], [ -79.973588268997304, 40.4319716834909 ], [ -79.973452808326002, 40.431931982518698 ], [ -79.973213342367799, 40.431902419337199 ], [ -79.9731701913053, 40.431885351037799 ], [ -79.9730034001078, 40.431864151847499 ], [ -79.972843100720596, 40.4318460823878 ], [ -79.972525164482704, 40.431826163183999 ], [ -79.972454885695299, 40.431825887123303 ], [ -79.972420782841397, 40.431824916100403 ], [ -79.972051276272396, 40.431823294210702 ], [ -79.971894871811003, 40.431811398803099 ], [ -79.971214462755398, 40.431639692838502 ], [ -79.971088750127805, 40.431612304064799 ], [ -79.970998708398497, 40.4316021136381 ], [ -79.970901163653295, 40.431601007634001 ], [ -79.970693598899501, 40.431575192619299 ], [ -79.970505031127303, 40.431534109896504 ], [ -79.970311782008295, 40.431469272498802 ], [ -79.970200977065801, 40.431420733863099 ], [ -79.969956762689094, 40.431347934017097 ], [ -79.969652807217997, 40.431237535668799 ], [ -79.969456152304602, 40.431187664549498 ], [ -79.969060709394995, 40.431141612015701 ], [ -79.968837456948904, 40.431113114005797 ], [ -79.968801984081495, 40.4311018730494 ], [ -79.968750137002104, 40.431067103997499 ], [ -79.968552482313399, 40.430868227165 ], [ -79.968525393172399, 40.430874708387897 ], [ -79.968587681566703, 40.430989750276296 ], [ -79.968585351314601, 40.431037482759201 ], [ -79.968570838030999, 40.4310705460233 ], [ -79.968551838545096, 40.431085813087101 ], [ -79.968512567507702, 40.4310776259627 ], [ -79.968461209077901, 40.431057748749502 ], [ -79.968385681832203, 40.431014492135297 ], [ -79.967936728317298, 40.430883028875101 ], [ -79.967759320099802, 40.430825335227098 ], [ -79.967573969415398, 40.430763321815697 ], [ -79.967310370241606, 40.430693869506896 ], [ -79.967081360648706, 40.4306088497408 ], [ -79.966825557263505, 40.430539246754698 ], [ -79.966613395759396, 40.430373431435797 ], [ -79.966133838799195, 40.430141212819201 ], [ -79.965904087938, 40.430055916715197 ], [ -79.965804378026505, 40.430020970651597 ], [ -79.965671858885401, 40.4299772386548 ], [ -79.965565622825395, 40.429941069832402 ], [ -79.965454254223005, 40.429903220105899 ], [ -79.965293256570305, 40.429843742363097 ], [ -79.965188440616899, 40.429798965159399 ], [ -79.965039998049903, 40.429735844663703 ], [ -79.964937807795295, 40.429694083471503 ], [ -79.964801332232199, 40.429609369968901 ], [ -79.964675931678599, 40.429557562807702 ], [ -79.964602976297201, 40.429510214077297 ], [ -79.964550106818194, 40.429456940850798 ], [ -79.964487771511102, 40.429416648627701 ], [ -79.964378873106199, 40.429364686120401 ], [ -79.964271538224295, 40.429296671528903 ], [ -79.9641447372085, 40.4292227417926 ], [ -79.964071895314106, 40.429172793347597 ], [ -79.964007915465103, 40.429109886253002 ], [ -79.963953752363594, 40.429061498662698 ], [ -79.963819176164805, 40.428982893396601 ], [ -79.963723335318306, 40.428922892953899 ], [ -79.963655210991902, 40.4288744619247 ], [ -79.963539316701599, 40.428803392753103 ], [ -79.963369422260897, 40.428719347594097 ], [ -79.9632689944482, 40.428667373147803 ], [ -79.963128793786296, 40.428566863828898 ], [ -79.962942795186095, 40.428464065875602 ], [ -79.962765343754498, 40.428381142043001 ], [ -79.962621650882795, 40.428283777293103 ], [ -79.962475317576207, 40.428195537421097 ], [ -79.962376530679293, 40.428123634133698 ], [ -79.962265788005496, 40.428036448470998 ], [ -79.962153881978907, 40.427958500003598 ], [ -79.961981975706706, 40.427846840913702 ], [ -79.961873528510907, 40.4277770743509 ], [ -79.961868894845296, 40.427762953600897 ], [ -79.961849318807495, 40.427705952715101 ], [ -79.961837727692497, 40.427672200020602 ], [ -79.961824658866107, 40.4276341487246 ], [ -79.961811971569503, 40.427597199097001 ], [ -79.961803586534899, 40.427572783822903 ], [ -79.961771595770401, 40.427544611572102 ], [ -79.961755925972994, 40.427529704822099 ], [ -79.961729208043593, 40.427502965805402 ], [ -79.961672352645905, 40.427474525392803 ], [ -79.961632855309603, 40.427466715076598 ], [ -79.961612263037296, 40.427462643635302 ], [ -79.961548283944794, 40.4274118672678 ], [ -79.961493120754398, 40.427352975526098 ], [ -79.961423325638407, 40.427274832913902 ], [ -79.961349238069502, 40.427219408635302 ], [ -79.961287948158002, 40.427154670291102 ], [ -79.961194755970496, 40.427054837318401 ], [ -79.961122653248296, 40.426989497750697 ], [ -79.961045836128903, 40.426922491660598 ], [ -79.960970885537293, 40.426836031502397 ], [ -79.9609125760512, 40.426771713395098 ], [ -79.960828164685097, 40.426674932726101 ], [ -79.960692968977099, 40.426565933170401 ], [ -79.960623212035998, 40.426495054901402 ], [ -79.960534202724006, 40.426405970770297 ], [ -79.960415794285396, 40.426292899379497 ], [ -79.960324906284001, 40.426222773856601 ], [ -79.9602331119561, 40.426138757039197 ], [ -79.960156182851804, 40.426056218788702 ], [ -79.9600832728635, 40.425985891501497 ], [ -79.959985622249405, 40.425909919602503 ], [ -79.959871767546403, 40.425830554085003 ], [ -79.9597589558973, 40.425726265703901 ], [ -79.9596703861653, 40.425661913177898 ], [ -79.959556309673403, 40.425582229992102 ], [ -79.959466240126503, 40.425529554274 ], [ -79.959375930284196, 40.425457799011497 ], [ -79.959301888432606, 40.425427923130201 ], [ -79.959274221366599, 40.425447890311098 ], [ -79.959169669702305, 40.425392594998698 ], [ -79.959014160592204, 40.425289654770197 ], [ -79.958884448790997, 40.425204464675602 ], [ -79.958786682837598, 40.425137388314198 ], [ -79.958814537874204, 40.425098495742503 ], [ -79.9587953402241, 40.425081903860203 ], [ -79.958758866824198, 40.425049165309701 ], [ -79.958722566389099, 40.4250031635084 ], [ -79.958677712701004, 40.424960728706999 ], [ -79.958619342338295, 40.424912908325503 ], [ -79.958538746843601, 40.424858743629002 ], [ -79.958462502772704, 40.424802068749401 ], [ -79.958383735124698, 40.424733474878003 ], [ -79.958306071762294, 40.4246744496281 ], [ -79.958276368838995, 40.4246518748798 ], [ -79.958204408077506, 40.424584439030497 ], [ -79.958152829562906, 40.424512705591503 ], [ -79.958134006936206, 40.424433683226702 ], [ -79.958110728993702, 40.424384825221402 ], [ -79.958058276052896, 40.424361145642401 ], [ -79.958002426311694, 40.424306642768101 ], [ -79.957961500337404, 40.424243105386999 ], [ -79.957911052379501, 40.4241674683825 ], [ -79.957831170465099, 40.424084990491103 ], [ -79.957757951590906, 40.423993481001297 ], [ -79.957691763314301, 40.423915415057699 ], [ -79.957640799788706, 40.423855312516999 ], [ -79.957606144763702, 40.423765125413603 ], [ -79.9576064789334, 40.4237136918616 ], [ -79.957602681123106, 40.423688549030899 ], [ -79.957595768673499, 40.423642751070197 ], [ -79.957533206898603, 40.423583855663203 ], [ -79.957413914977195, 40.423463359717601 ], [ -79.957316563406494, 40.423377513597302 ], [ -79.957294755996998, 40.423377148293802 ], [ -79.957243985210397, 40.423377689491701 ], [ -79.957198740836702, 40.4233666371684 ], [ -79.957154112902998, 40.423312229409198 ], [ -79.957094918586293, 40.423258926013901 ], [ -79.957017741246602, 40.423193373746699 ], [ -79.956946028730002, 40.423133044790902 ], [ -79.956841186519597, 40.423044763084697 ], [ -79.956737781846201, 40.422955158375103 ], [ -79.956621376392107, 40.422844631411799 ], [ -79.956569055570895, 40.422781970646298 ], [ -79.956518560353103, 40.422723155044601 ], [ -79.956486076960104, 40.422652813793803 ], [ -79.956445717962296, 40.422556757122301 ], [ -79.956376521456505, 40.4224467309378 ], [ -79.956314681544995, 40.4223535339395 ], [ -79.956248975388604, 40.422252654239401 ], [ -79.956187724314205, 40.422164297125398 ], [ -79.956131466638794, 40.422067433187202 ], [ -79.956083254968306, 40.421982855714703 ], [ -79.956012827515707, 40.421855547986901 ], [ -79.9559583311636, 40.421760588111098 ], [ -79.955906434677104, 40.421642929753602 ], [ -79.955871492207393, 40.421568759744403 ], [ -79.955806961534293, 40.421428395580001 ], [ -79.955754246814394, 40.421317711113602 ], [ -79.9556989809453, 40.421200446719098 ], [ -79.955656248617899, 40.421078563867603 ], [ -79.955615570034496, 40.420973133147498 ], [ -79.955573061255294, 40.4208821350867 ], [ -79.955535256380003, 40.420768076780199 ], [ -79.955501905780395, 40.420660394476499 ], [ -79.955457957531294, 40.420552282970498 ], [ -79.955403622043704, 40.420431280079796 ], [ -79.955356158352501, 40.420319356494801 ], [ -79.955310087811995, 40.420186542107302 ], [ -79.955304184101806, 40.420169063484899 ], [ -79.955272599699299, 40.420075550544503 ], [ -79.955239322843298, 40.419963825448697 ], [ -79.955210080428898, 40.419852665651902 ], [ -79.955184544871202, 40.419738359512401 ], [ -79.955158575774405, 40.419630045232601 ], [ -79.955132765956805, 40.4195201099405 ], [ -79.955110636735895, 40.419394249943899 ], [ -79.955091688808096, 40.419286927715703 ], [ -79.955069807515997, 40.419162193570997 ], [ -79.955044323673704, 40.419018937794696 ], [ -79.955023653143499, 40.418892402207298 ], [ -79.955011027392899, 40.418784304353402 ], [ -79.955002207573898, 40.4186945647889 ], [ -79.954989031754195, 40.4186011940727 ], [ -79.954988185539307, 40.418503366529499 ], [ -79.954987392506993, 40.418419287076702 ], [ -79.954976216697801, 40.418273637519803 ], [ -79.954965952422199, 40.418154332775899 ], [ -79.954961141637895, 40.418045913674199 ], [ -79.954956499479295, 40.417911775961898 ], [ -79.954942797663094, 40.417729791991 ], [ -79.954931412662901, 40.417578166421499 ], [ -79.954933579594694, 40.417475588708697 ], [ -79.954934313917704, 40.417380642599298 ], [ -79.954930797695496, 40.417291279245198 ], [ -79.954924296014994, 40.417189039954501 ], [ -79.954920764397798, 40.417086903426302 ], [ -79.954912973894906, 40.4169963343059 ], [ -79.954905735532805, 40.416903327695799 ], [ -79.954911806749095, 40.4167398377542 ], [ -79.954914423901897, 40.416649957334897 ], [ -79.954912170352898, 40.416568791229103 ], [ -79.954900815452504, 40.416496685044798 ], [ -79.954907653939799, 40.4164211803445 ], [ -79.954920214440406, 40.416334050575003 ], [ -79.9549272933872, 40.416226225193299 ], [ -79.954927127366204, 40.416176267790902 ], [ -79.954925546486393, 40.416058728735401 ], [ -79.9549254074185, 40.415978716818501 ], [ -79.954924664064805, 40.415867800300703 ], [ -79.954916735824, 40.415749130182697 ], [ -79.954908776208299, 40.415665392885103 ], [ -79.954912429698595, 40.415601857596997 ], [ -79.954917198473495, 40.415479638917503 ], [ -79.954925545739101, 40.415372144253602 ], [ -79.954935802730802, 40.4152594664505 ], [ -79.9549344215974, 40.4151527664648 ], [ -79.954926900065402, 40.415052206016199 ], [ -79.954917906670701, 40.414940000156001 ], [ -79.954912701883501, 40.414851726623802 ], [ -79.954905619639902, 40.414734992530299 ], [ -79.954900441517395, 40.414617628414597 ], [ -79.954893356850903, 40.414499123247801 ], [ -79.954893440628595, 40.414411500991399 ], [ -79.954888495927307, 40.4142693899515 ], [ -79.954875913378501, 40.414149594268601 ], [ -79.954864820875002, 40.414025909902897 ], [ -79.954862363652097, 40.413966319044498 ], [ -79.954858820250493, 40.413880408305999 ], [ -79.954856183039198, 40.413760112882699 ], [ -79.954845701770594, 40.413657299068198 ], [ -79.954830363020903, 40.413549130391999 ], [ -79.954818392561407, 40.413455999649301 ], [ -79.954787406728698, 40.413342991949897 ], [ -79.954770553349405, 40.413269411448198 ], [ -79.954770438856499, 40.413165144836 ], [ -79.954761020787799, 40.413059405400602 ], [ -79.954744201586095, 40.412947038971502 ], [ -79.954724182819703, 40.412868123552101 ], [ -79.954699311222001, 40.412776128192903 ], [ -79.954681208816297, 40.412683968495102 ], [ -79.9546641541409, 40.4125981201298 ], [ -79.954642021072402, 40.4125200306107 ], [ -79.954610797270803, 40.412433522068099 ], [ -79.954580208074702, 40.412351537299699 ], [ -79.954551293195195, 40.412284582258998 ], [ -79.954524512643999, 40.412199222187603 ], [ -79.954519682830593, 40.412161553385197 ], [ -79.954496480705103, 40.4120928325977 ], [ -79.954488916789103, 40.412040772281998 ], [ -79.954524538351507, 40.411875139042301 ], [ -79.9546123329268, 40.411466922957899 ], [ -79.954663141408602, 40.411412790901601 ], [ -79.954695751554894, 40.411370452662297 ], [ -79.954697690672702, 40.411333917687401 ], [ -79.954666228856794, 40.411279902774503 ], [ -79.954606830372796, 40.411241071054498 ], [ -79.954558647164006, 40.411198849677099 ], [ -79.954527169797004, 40.411160517419702 ], [ -79.954480789274299, 40.411085082459302 ], [ -79.954446094559501, 40.411013518927497 ], [ -79.954398572827301, 40.410942360538201 ], [ -79.954377066888696, 40.410870888518403 ], [ -79.954374151041193, 40.410822064605902 ], [ -79.954397696337793, 40.410749004005098 ], [ -79.954431368299396, 40.410701978146299 ], [ -79.9544766591182, 40.410666919339498 ], [ -79.954516866212799, 40.410644794978701 ], [ -79.954548400710095, 40.4106225010025 ], [ -79.954554325554099, 40.410582713477702 ], [ -79.954669302943401, 40.410576965933501 ], [ -79.955101301680102, 40.410553965120798 ], [ -79.955331301961706, 40.410542966139097 ], [ -79.955393302667105, 40.410539966206699 ], [ -79.955671302630904, 40.410528966258802 ], [ -79.9557093029604, 40.4105199660941 ], [ -79.955861302080507, 40.410486966159098 ], [ -79.955880302036107, 40.410484966424399 ], [ -79.955940302423201, 40.410478965751999 ], [ -79.955979302902193, 40.410474966062601 ], [ -79.956079302822303, 40.410518966503098 ], [ -79.956178302819197, 40.410564966077601 ], [ -79.9562743022029, 40.4106039663423 ], [ -79.956369302322003, 40.410638965919503 ], [ -79.956663302484401, 40.4106399665936 ], [ -79.956731302620895, 40.4106389665805 ], [ -79.956785302786599, 40.410637966440703 ], [ -79.957267303380604, 40.410563965893999 ], [ -79.9578143035761, 40.410344965788397 ], [ -79.9578973030209, 40.4102809658526 ], [ -79.958165303258994, 40.4100759649425 ], [ -79.958295303326395, 40.409976964976302 ], [ -79.958526303505806, 40.409918964663703 ], [ -79.958776302912, 40.409855965026097 ], [ -79.959058302560706, 40.409785965007401 ], [ -79.959400303794894, 40.409763966058598 ], [ -79.959441303115895, 40.409761965632597 ], [ -79.959493303136995, 40.409758965595699 ], [ -79.959577303828198, 40.409832965443798 ], [ -79.959696303093594, 40.409913965800001 ], [ -79.959871303178403, 40.409925966007499 ], [ -79.959926303355999, 40.409924965975499 ], [ -79.960145304152903, 40.409922965741103 ], [ -79.960552303869093, 40.4098299662692 ], [ -79.960823303516406, 40.4098139654498 ], [ -79.961235303646703, 40.409789965824899 ], [ -79.961300304512207, 40.409779965830197 ], [ -79.961497304346906, 40.4097459653375 ], [ -79.961542304755895, 40.409738966079502 ], [ -79.962004304562797, 40.409683965784403 ], [ -79.962174303914395, 40.409685965764801 ], [ -79.962546304018701, 40.409686965563701 ], [ -79.962615304754095, 40.409686965393597 ], [ -79.962817304442197, 40.409679966080901 ], [ -79.962833304409003, 40.409678965883302 ], [ -79.9635703043474, 40.409492965288102 ], [ -79.963587304480399, 40.409487965749904 ], [ -79.963773305094094, 40.409509965147997 ], [ -79.964154305280502, 40.4093249645546 ], [ -79.964220304773704, 40.409289964277903 ], [ -79.964402304902293, 40.409194965151201 ], [ -79.964422305355299, 40.409183964889699 ], [ -79.964509429348993, 40.409096013168799 ], [ -79.965079812806707, 40.408520198061403 ], [ -79.965262305596596, 40.408335965298797 ], [ -79.965217305645794, 40.4081009655049 ], [ -79.965231305860598, 40.408089964858704 ], [ -79.965223305319199, 40.408047964510203 ], [ -79.965215305692197, 40.407980964833598 ], [ -79.966458305468194, 40.4070229647971 ], [ -79.967728305986199, 40.406307964378399 ], [ -79.968893305816394, 40.405652964249398 ], [ -79.968937306917397, 40.405636964356098 ], [ -79.969018306271906, 40.405607964751901 ], [ -79.969212307191896, 40.405528964518702 ], [ -79.969315307338505, 40.405486964819097 ], [ -79.970195516571806, 40.405347371958698 ], [ -79.972228307612298, 40.405024964416498 ], [ -79.972609307622804, 40.4048189642306 ], [ -79.972819307569694, 40.404819964135001 ], [ -79.972951306823504, 40.404861963970198 ], [ -79.973138307436201, 40.404876964181597 ], [ -79.973305307480501, 40.404849964568498 ], [ -79.973721308139801, 40.4048029640037 ], [ -79.973966307724595, 40.404762964617198 ], [ -79.974501308208502, 40.404693963912798 ], [ -79.974850307912106, 40.404640964280802 ], [ -79.974975410916898, 40.404603786682799 ], [ -79.975093811602505, 40.404568600187197 ], [ -79.975311307905201, 40.404503964420599 ], [ -79.975569308659701, 40.404356964114399 ], [ -79.975692307649098, 40.404298963702601 ], [ -79.975875308728902, 40.404203964403898 ], [ -79.975949308283006, 40.404041963695903 ], [ -79.976100309176402, 40.404010963026401 ], [ -79.976299308026, 40.403957963579998 ], [ -79.976558308830107, 40.403927964144003 ], [ -79.976728308565896, 40.403804964307703 ], [ -79.9767683083234, 40.403777964000398 ], [ -79.977242308398701, 40.403440964321398 ], [ -79.977414308997197, 40.403319963523799 ], [ -79.977891308841706, 40.402980963584398 ], [ -79.978397309122599, 40.4026229636995 ], [ -79.978820309041197, 40.402322963797403 ], [ -79.979079308597207, 40.4021319631427 ], [ -79.979308309525393, 40.401947963310903 ], [ -79.979453308889106, 40.401785963418497 ], [ -79.979492308896994, 40.401741963779997 ], [ -79.979580309470506, 40.401644963487001 ], [ -79.979687309740299, 40.401502963078499 ], [ -79.979703309221705, 40.401481963661702 ], [ -79.979813308860102, 40.401301963722503 ], [ -79.979842309301901, 40.401218963298497 ], [ -79.979915309617397, 40.401021963584199 ], [ -79.979966309228004, 40.400856963591202 ], [ -79.979997309541602, 40.400702963014602 ], [ -79.9800093086793, 40.400444963170102 ], [ -79.9800003090524, 40.400268963374202 ], [ -79.979998309723797, 40.400221963382002 ], [ -79.979939309121406, 40.399950962704096 ], [ -79.979905309145593, 40.399851962844501 ], [ -79.979870308692099, 40.399748963462599 ], [ -79.979787309146204, 40.3995629629528 ], [ -79.979779308581399, 40.399545962848499 ], [ -79.979742308637299, 40.399469962700401 ], [ -79.979518308540406, 40.399208963453397 ], [ -79.979398308979597, 40.3990519628355 ], [ -79.9790323091201, 40.398462962507097 ], [ -79.978112308958302, 40.396977962229201 ], [ -79.977991308610399, 40.396768962678998 ], [ -79.977624308374104, 40.396171962316103 ], [ -79.977408307743701, 40.3958129620286 ], [ -79.976660307626702, 40.394572961924602 ], [ -79.976258307136504, 40.393904961868202 ], [ -79.975791306846602, 40.393129961727603 ], [ -79.975626307922298, 40.393155962150701 ], [ -79.975125307123903, 40.393236962301899 ], [ -79.974559307585196, 40.393331961678797 ], [ -79.974204307267996, 40.393391961753998 ], [ -79.974189306869604, 40.393393962348902 ], [ -79.974145307066905, 40.3934009619283 ], [ -79.974131306944102, 40.3934039621453 ], [ -79.9739063072589, 40.393440962328597 ], [ -79.973882306680494, 40.3933829619099 ], [ -79.973734306825094, 40.393002962213899 ], [ -79.973641306410201, 40.392759962278603 ], [ -79.973324306587401, 40.3927799621733 ], [ -79.973229307000594, 40.392785962291299 ], [ -79.973075306196094, 40.392530961873398 ], [ -79.973051306695197, 40.392491961738401 ], [ -79.9730383061476, 40.392470962051704 ], [ -79.973568307166403, 40.392206961657301 ], [ -79.973526306902599, 40.391940962047499 ], [ -79.973512306374701, 40.391846961701901 ], [ -79.973459306599196, 40.391646961560497 ], [ -79.973301305943806, 40.3910469615804 ], [ -79.973249306501899, 40.390847961878201 ], [ -79.973233307006893, 40.3906959616534 ], [ -79.973185306450304, 40.3902429618254 ], [ -79.973169305945902, 40.390092961557301 ], [ -79.973201306301803, 40.390082961877198 ], [ -79.973144306219893, 40.3894709613663 ], [ -79.973125306372495, 40.389280961164602 ], [ -79.973120306233497, 40.38922096148 ], [ -79.973086306743696, 40.388724961401699 ], [ -79.973163305660904, 40.388711961179297 ], [ -79.973557306018506, 40.388642961626999 ], [ -79.973812306492405, 40.388597961651698 ], [ -79.974577307063797, 40.388464960981999 ], [ -79.974833306490893, 40.388420961079099 ], [ -79.974919307300397, 40.388402961103999 ], [ -79.975178307348699, 40.388349961361399 ], [ -79.975265307019498, 40.3883329607728 ], [ -79.975416306466101, 40.388287961480799 ], [ -79.975598306398297, 40.3876919609826 ], [ -79.975662306571195, 40.387507961021598 ], [ -79.9757593072394, 40.387219960430997 ], [ -79.975349306229603, 40.386625960559201 ], [ -79.974433305859606, 40.385299960526801 ], [ -79.974263306699896, 40.385053960657302 ], [ -79.974131307032906, 40.384865959753398 ], [ -79.974084306044105, 40.384799959343702 ], [ -79.974184306576205, 40.384834960181799 ], [ -79.974426306580796, 40.384893959909903 ], [ -79.975461306118405, 40.385146960290498 ], [ -79.975807306769696, 40.385231960101002 ], [ -79.975940306650003, 40.3852629603116 ], [ -79.976160306359404, 40.385315960904002 ], [ -79.976341307413605, 40.385359960106797 ], [ -79.976475306817406, 40.385393960194598 ], [ -79.976573306814203, 40.385279960138497 ], [ -79.976705306969905, 40.385128960009602 ], [ -79.976873307283398, 40.384943960683401 ], [ -79.976927307110302, 40.384886959993402 ], [ -79.976973307551404, 40.3848319603728 ], [ -79.977070306859702, 40.384724960091603 ], [ -79.9772803066584, 40.384496959885396 ], [ -79.977360307480595, 40.384400959995403 ], [ -79.977454307330206, 40.384290960528901 ], [ -79.977498307736695, 40.384242960381798 ], [ -79.977653307673094, 40.384150960085201 ], [ -79.977488307567896, 40.383903960209402 ], [ -79.977313306651695, 40.383618960118604 ], [ -79.977217306895, 40.383465960184303 ], [ -79.977012307495599, 40.383137959938502 ], [ -79.976937306981895, 40.383006959693503 ], [ -79.976848306695004, 40.382851959640199 ], [ -79.976779306790903, 40.382710959982397 ], [ -79.976725307240301, 40.382601959522702 ], [ -79.976614307233305, 40.382356960198599 ], [ -79.976582306985094, 40.382285959859601 ], [ -79.976519306878203, 40.382143959683901 ], [ -79.976444306483501, 40.3819759598885 ], [ -79.976220306465805, 40.381474959780299 ], [ -79.976156306553193, 40.381332959778099 ], [ -79.976145306349494, 40.381308959756197 ], [ -79.976267307187598, 40.381274959347202 ], [ -79.976428307102793, 40.381230960103103 ], [ -79.976635306936998, 40.381178959232201 ], [ -79.976758306293107, 40.381148959677297 ], [ -79.976884306920994, 40.3811799594341 ], [ -79.977096307009802, 40.381233960059497 ], [ -79.977260306895403, 40.381285959314702 ], [ -79.9773483067261, 40.381314959262497 ], [ -79.977368306460804, 40.381347959250803 ], [ -79.977510306705796, 40.381582960011002 ], [ -79.977530306643303, 40.381624959789399 ], [ -79.977648306761495, 40.381750959846798 ], [ -79.977775307077394, 40.3818169593929 ], [ -79.977857306790796, 40.381840959528503 ], [ -79.978031307635405, 40.381854960090202 ], [ -79.978381306914898, 40.3817859598281 ], [ -79.978412307184996, 40.3817779598456 ], [ -79.978726307951007, 40.3817049597167 ], [ -79.978750307039604, 40.3816989596178 ], [ -79.9788233079923, 40.381680959734403 ], [ -79.978848307268905, 40.381675960106499 ], [ -79.978931307418193, 40.381656959931099 ], [ -79.979103308116805, 40.381602960075803 ], [ -79.979265307021095, 40.381552959308799 ], [ -79.979859308272793, 40.381351959852502 ], [ -79.980111308235394, 40.381266959880399 ], [ -79.980478308393899, 40.381142959145997 ], [ -79.981581308479605, 40.380770959772398 ], [ -79.981766308761706, 40.380709959674903 ], [ -79.981922308611601, 40.380658959366002 ], [ -79.981950308643903, 40.380649959676497 ], [ -79.982256308745903, 40.3809959597492 ], [ -79.982757308790994, 40.381494959174603 ], [ -79.983345309257402, 40.381523959728099 ], [ -79.984509309023196, 40.379982959525201 ], [ -79.984733309298093, 40.379683958890503 ], [ -79.984831309496698, 40.3795579587118 ], [ -79.984878308845097, 40.379496958994501 ], [ -79.984920309292804, 40.379441958623602 ], [ -79.984994309167902, 40.379345959303102 ], [ -79.985221309352397, 40.3789699585299 ], [ -79.985309309517902, 40.378820959109902 ], [ -79.985332308883798, 40.378801959172698 ], [ -79.985344309583198, 40.378785958622899 ], [ -79.985437308930003, 40.378667959058802 ], [ -79.985468309053303, 40.378628958572698 ], [ -79.985508309693699, 40.378575958811297 ], [ -79.985629309485304, 40.378420958961001 ], [ -79.985670308926302, 40.378368958697401 ], [ -79.985728309715896, 40.378293958400498 ], [ -79.985823309083401, 40.378248959053401 ], [ -79.986035309042904, 40.377829958497799 ], [ -79.986231309526602, 40.377875958644204 ], [ -79.986359309880001, 40.377904958892202 ], [ -79.986996309586701, 40.378050958529698 ], [ -79.987251309300703, 40.378108958594098 ], [ -79.989587310900404, 40.378642958391197 ], [ -79.989670310623495, 40.378662958749601 ], [ -79.990120311113699, 40.3787709587587 ], [ -79.990229310836398, 40.378796958637402 ], [ -79.991130311007595, 40.3789319588331 ], [ -79.9923923112284, 40.378665958748201 ], [ -79.992509311951096, 40.378641958601598 ], [ -79.992799311224104, 40.378616958948797 ], [ -79.992904311159606, 40.378611958813302 ], [ -79.993150312222696, 40.3785089583615 ], [ -79.993197312211393, 40.378484958125199 ], [ -79.993438311583105, 40.378380958743399 ], [ -79.993511311852501, 40.378350958621198 ], [ -79.993583311541897, 40.378328958858603 ], [ -79.9937103116484, 40.378046957959597 ], [ -79.993720311837905, 40.378018958616202 ], [ -79.993961312045201, 40.377416958160602 ], [ -79.994061312097401, 40.377153957875002 ], [ -79.994082312030002, 40.377069958103199 ], [ -79.994098311781897, 40.377010957861202 ], [ -79.994113311625696, 40.376933958394702 ], [ -79.994135312288506, 40.376735957921603 ], [ -79.994114311764505, 40.376586958388998 ], [ -79.994095311980402, 40.376439957768497 ], [ -79.994037311656399, 40.376143957933799 ], [ -79.994019311364198, 40.376049957826503 ], [ -79.994015311684706, 40.3759959579709 ], [ -79.994013311318298, 40.375980958330899 ], [ -79.994010311169006, 40.375938957792201 ], [ -79.994009312297393, 40.375924957589604 ], [ -79.9940091100394, 40.3759240110844 ], [ -79.994006310880295, 40.375910956672897 ], [ -79.994005311263294, 40.375893956527896 ], [ -79.9940053115902, 40.375880957609198 ], [ -79.994002312263305, 40.375846956938901 ], [ -79.994067311436595, 40.375826957722701 ], [ -79.994404312024898, 40.375725957436103 ], [ -79.994517312406899, 40.375714957944297 ], [ -79.994948311484507, 40.375673958232298 ], [ -79.996666312267806, 40.376093958241199 ], [ -79.996922312497603, 40.376155957999003 ], [ -79.997180312238896, 40.376229957754198 ], [ -79.997219313078006, 40.376240957894296 ], [ -79.997946312474298, 40.3764499580533 ], [ -79.998054312864198, 40.376479958234498 ], [ -79.9982823132314, 40.376665958076501 ], [ -79.999126313086904, 40.377351957991799 ], [ -79.999207313065895, 40.3772679576089 ], [ -79.999436313548003, 40.377003957848501 ], [ -79.999650313100602, 40.376753957834403 ], [ -80.000262313420706, 40.376043957418901 ], [ -80.000285313640205, 40.376024957982303 ], [ -80.000354314006898, 40.375922957510802 ], [ -80.000560314170997, 40.375617957297401 ], [ -80.000630314173193, 40.375516957858999 ], [ -80.000792313864906, 40.3753919577942 ], [ -80.001279313698504, 40.375018957332202 ], [ -80.001442313818302, 40.374894957498398 ], [ -80.001573314056998, 40.374853957122603 ], [ -80.001589314558601, 40.374848957723998 ], [ -80.001711314357806, 40.374808957043903 ], [ -80.001749314161202, 40.374797957425201 ], [ -80.0019753138954, 40.374738956917497 ], [ -80.002134314126707, 40.374703957361 ], [ -80.002277313786493, 40.374673957081697 ], [ -80.002387314556699, 40.374649957151 ], [ -80.002719313818005, 40.374576957404003 ], [ -80.0028303147283, 40.374553957336502 ], [ -80.002881313888807, 40.374542957712599 ], [ -80.003020314487202, 40.374523956936997 ], [ -80.0031953139069, 40.374495957082999 ], [ -80.003775315206298, 40.374400957001903 ], [ -80.004021315240706, 40.374115957289099 ], [ -80.004128314440607, 40.373988956866398 ], [ -80.004147314758995, 40.373989957021799 ], [ -80.004482314348493, 40.374182957234098 ], [ -80.004548314894905, 40.374220957048301 ], [ -80.004573314915504, 40.374225957035001 ], [ -80.004681315105003, 40.374296956873202 ], [ -80.004916314545994, 40.374431957302498 ], [ -80.004980315049906, 40.3744689572166 ], [ -80.005018314627407, 40.3744819571492 ], [ -80.005375315039501, 40.374604957388797 ], [ -80.005557314852496, 40.374667957629498 ], [ -80.005609315366002, 40.374685957635599 ], [ -80.0059823150266, 40.3747469576101 ], [ -80.006635315945204, 40.3748559567385 ], [ -80.006711315275794, 40.374868957457402 ], [ -80.006676315600899, 40.374896957555499 ], [ -80.0062533153625, 40.375313957137799 ], [ -80.006194315420004, 40.375406956973599 ], [ -80.006139315963694, 40.375497956992902 ], [ -80.005878315210595, 40.375996957425201 ], [ -80.005692315199695, 40.376620957921403 ], [ -80.005364315677099, 40.377140957668402 ], [ -80.004872315096904, 40.377634958150097 ], [ -80.004625315420995, 40.377830958277997 ], [ -80.004184315465906, 40.3781779576898 ], [ -80.0035973148306, 40.378568957996499 ], [ -80.003179314712995, 40.378847958353298 ], [ -80.0022233149013, 40.379294957966202 ], [ -80.001795314891694, 40.3796539579577 ], [ -80.001731314599695, 40.379706958700702 ], [ -80.001787314279596, 40.379748958742802 ], [ -80.001827314979806, 40.379786958251103 ], [ -80.002170314498997, 40.380101958306597 ], [ -80.003338315033602, 40.381177958875803 ], [ -80.003656315437894, 40.3820489591198 ], [ -80.0044163153879, 40.383005958427503 ], [ -80.004932315302597, 40.383650958560203 ], [ -80.004997316237905, 40.383732959208501 ], [ -80.005124315428901, 40.383890958763203 ], [ -80.005247315587596, 40.383847957725003 ], [ -80.005651315371395, 40.383710957456799 ], [ -80.005968271145903, 40.383602969512701 ], [ -80.006329317185305, 40.383479958378103 ] ], [ [ -79.982959310759398, 40.405922963298302 ], [ -79.982122311272704, 40.405887963145098 ], [ -79.981648310576006, 40.405869963863999 ], [ -79.981455310479305, 40.405862963344603 ], [ -79.981444311228501, 40.405927963574896 ], [ -79.981411310535293, 40.406134963136203 ], [ -79.981369309924901, 40.406327963899599 ], [ -79.981358310223001, 40.4064259642727 ], [ -79.981094310864407, 40.407847964169001 ], [ -79.981046218818804, 40.4081089141552 ], [ -79.981015031186601, 40.408278135195197 ], [ -79.981000246800605, 40.408358355851497 ], [ -79.980979309909699, 40.408471964841503 ], [ -79.980943310156704, 40.408542963958297 ], [ -79.980938311010405, 40.408565964489704 ], [ -79.980914310626801, 40.408695963783998 ], [ -79.980879310753494, 40.408884964239498 ], [ -79.980875310303702, 40.408917964162498 ], [ -79.980867310176293, 40.409018964978799 ], [ -79.980865309702693, 40.4090529640862 ], [ -79.980848309868705, 40.409167964523398 ], [ -79.980804310570406, 40.409492964400201 ], [ -79.980817310845595, 40.409511964219 ], [ -79.980883310679403, 40.409608963780798 ], [ -79.980930310723593, 40.409670964442 ], [ -79.981085310691995, 40.409847964571703 ], [ -79.981137310315205, 40.4099079641218 ], [ -79.981233310530897, 40.4100189638337 ], [ -79.981379311056003, 40.41018796465 ], [ -79.981518310388097, 40.410354964564597 ], [ -79.981574311346606, 40.410422964814401 ], [ -79.981573311159906, 40.410482964732601 ], [ -79.981580144526305, 40.410603549701896 ], [ -79.9816213108613, 40.411329964373003 ], [ -79.981662310795201, 40.411961965481503 ], [ -79.981668311410402, 40.412056965325299 ], [ -79.981676311647107, 40.412197965088303 ], [ -79.981678311636102, 40.412231965284697 ], [ -79.981706310416001, 40.412620964687299 ], [ -79.981717311582898, 40.412762964991799 ], [ -79.981730311600899, 40.4129039645346 ], [ -79.981732310764897, 40.412924965050998 ], [ -79.9817533115652, 40.413329965904097 ], [ -79.981761311057895, 40.413472964704503 ], [ -79.981765310673396, 40.413601965441302 ], [ -79.981775311583505, 40.413865965026403 ], [ -79.981786310697302, 40.4139899657713 ], [ -79.981797561458706, 40.414110918480603 ], [ -79.981798310794204, 40.4141189650718 ], [ -79.981835311574699, 40.414633965787097 ], [ -79.981843310814497, 40.414750966086402 ], [ -79.981866311818706, 40.415425965831602 ], [ -79.981883311339203, 40.415962965877902 ], [ -79.981887311508501, 40.416060966402803 ], [ -79.981890311343903, 40.416113965719703 ], [ -79.981985311539603, 40.416109965365898 ], [ -79.982188310465702, 40.416090965756403 ], [ -79.982234311292999, 40.417080965539498 ], [ -79.982262312028297, 40.4176749658902 ], [ -79.982526311988195, 40.417667965952603 ], [ -79.982689312322904, 40.417663965247897 ], [ -79.982872311087604, 40.417656966114599 ], [ -79.983424311960505, 40.417639966441399 ], [ -79.983608312540596, 40.417633965665203 ], [ -79.983787311995002, 40.417627965809103 ], [ -79.984327312623805, 40.417612965891301 ], [ -79.984507311602201, 40.417607965380697 ], [ -79.984663311521103, 40.417602965792099 ], [ -79.985133311592506, 40.417589965747503 ], [ -79.985290312256197, 40.417585965743399 ], [ -79.985406312595202, 40.417581966158501 ], [ -79.985758311833393, 40.417571965849497 ], [ -79.985875311754, 40.4175689653418 ], [ -79.985992311824404, 40.417566965590296 ], [ -79.986345312618297, 40.417563965562898 ], [ -79.986365312439403, 40.417563965759101 ], [ -79.986451312792596, 40.4176099654795 ], [ -79.986496312009706, 40.417657966125901 ], [ -79.986538312586404, 40.417679965053303 ], [ -79.986841313210405, 40.417840965642299 ], [ -79.986942312992596, 40.417894965367601 ], [ -79.987389313025801, 40.418130965233601 ], [ -79.987537388633598, 40.418209719656403 ], [ -79.987703313579999, 40.418297966655601 ], [ -79.987993975088898, 40.418446084257702 ], [ -79.988068313448096, 40.418483965725599 ], [ -79.988186313315794, 40.418517966667302 ], [ -79.988237312386104, 40.418476965363801 ], [ -79.988227348281001, 40.418257076675602 ], [ -79.988222313713607, 40.4181459657405 ], [ -79.988184313434203, 40.417407965562397 ], [ -79.988180313704007, 40.417332965472298 ], [ -79.988168314068204, 40.417111966016201 ], [ -79.988165312854804, 40.417037965472403 ], [ -79.988161312842607, 40.416960965428302 ], [ -79.988149313185502, 40.416731965238597 ], [ -79.988146312893207, 40.416655965618297 ], [ -79.988138312953097, 40.416508966262398 ], [ -79.9881173129084, 40.416067965007798 ], [ -79.988110313789505, 40.415920966066899 ], [ -79.988107313454094, 40.415858965224402 ], [ -79.988098313054707, 40.415675965317 ], [ -79.988095314110296, 40.415614965323599 ], [ -79.988090313144099, 40.415527965059503 ], [ -79.988078312842205, 40.415269965476099 ], [ -79.988074313910005, 40.415183964689298 ], [ -79.988067313446507, 40.415034964897899 ], [ -79.988048312692897, 40.414589965434601 ], [ -79.988042313145897, 40.414441965133399 ], [ -79.988177312838403, 40.4141899648749 ], [ -79.988186313693603, 40.414173964696303 ], [ -79.988667312919802, 40.413488964859297 ], [ -79.988831313578402, 40.413255964295203 ], [ -79.988909312942695, 40.413143964791502 ], [ -79.989144313952494, 40.412809964455398 ], [ -79.989223313100794, 40.412698965128698 ], [ -79.989307312732905, 40.412574964572698 ], [ -79.989418313923096, 40.412413964667302 ], [ -79.989526313405605, 40.412230964750997 ], [ -79.989543312614899, 40.412194964753802 ], [ -79.989611313678907, 40.412061965319097 ], [ -79.9896193128817, 40.412043963754698 ], [ -79.989642312951702, 40.411992964821799 ], [ -79.98965131416, 40.411975964525404 ], [ -79.989703313583803, 40.411863964936799 ], [ -79.989715313115596, 40.411840964280898 ], [ -79.989854313060206, 40.411524964799497 ], [ -79.989905313533896, 40.411412964650403 ], [ -79.989966313792706, 40.411274964791303 ], [ -79.990150312862298, 40.410862964489297 ], [ -79.990212314075507, 40.410725963953801 ], [ -79.990326313446204, 40.410590964695302 ], [ -79.990331313128294, 40.410555964846601 ], [ -79.990347313868298, 40.410450963886397 ], [ -79.990353313152696, 40.410416964445901 ], [ -79.990398313317598, 40.410317963924797 ], [ -79.990533313080206, 40.410020964047398 ], [ -79.990578313894801, 40.409921963427003 ], [ -79.990615313351597, 40.409839964497998 ], [ -79.990727313436196, 40.4095969643448 ], [ -79.990765314446094, 40.4095159639241 ], [ -79.990796313755695, 40.409446963943303 ], [ -79.9908913138336, 40.409240963813097 ], [ -79.990923313679801, 40.409172964177699 ], [ -79.990961313604302, 40.409088963760098 ], [ -79.991075313842302, 40.408835964227698 ], [ -79.991114314146301, 40.408752963235997 ], [ -79.991144313611798, 40.408684964501802 ], [ -79.9912373132006, 40.408480964058199 ], [ -79.991268314324799, 40.4084139638449 ], [ -79.991307313341693, 40.4083269637798 ], [ -79.991426313680194, 40.408067963308298 ], [ -79.991467313646297, 40.407981963964801 ], [ -79.991500314151494, 40.407908963732901 ], [ -79.991586313727396, 40.407721963315502 ], [ -79.991601314016407, 40.407689963822897 ], [ -79.991638313329901, 40.407618963370901 ], [ -79.991689313852604, 40.407528963610901 ], [ -79.991771313874594, 40.407385963198898 ], [ -79.991852314291194, 40.407264963666002 ], [ -79.991911313812494, 40.407179963384699 ], [ -79.9919273139636, 40.407156963173797 ], [ -79.991945314012398, 40.407133962879101 ], [ -79.991932313784005, 40.407132962994801 ], [ -79.9918093131989, 40.407123964185701 ], [ -79.991379313225806, 40.407049964289101 ], [ -79.991335313315602, 40.4070409633783 ], [ -79.991286313079399, 40.407031963088102 ], [ -79.991208313904593, 40.407012963536502 ], [ -79.991033312995498, 40.406971963681798 ], [ -79.990633312578694, 40.406863963417301 ], [ -79.989436312861201, 40.406540963800197 ], [ -79.9893203134922, 40.406509963103197 ], [ -79.9890393124045, 40.406426964027098 ], [ -79.988764312683202, 40.406356962997897 ], [ -79.988033313228996, 40.406171963810003 ], [ -79.987942312032303, 40.406148963666901 ], [ -79.987668312300102, 40.406082963131901 ], [ -79.987433311394298, 40.4060559642054 ], [ -79.987325312688, 40.406043963803903 ], [ -79.9870143127403, 40.406037962800603 ], [ -79.986491312328596, 40.406025963802897 ], [ -79.985932311000099, 40.406014963885099 ], [ -79.985360312385296, 40.406002963293702 ], [ -79.984471310548699, 40.4059849636892 ], [ -79.984273310494501, 40.405976963719702 ], [ -79.983558311471299, 40.405947963194102 ], [ -79.982959310759398, 40.405922963298302 ] ] ] } },
{ "type": "Feature", "properties": { "DISTRICT": 4, "OBJECTID": 5, "GlobalID": "0366611e-0f12-46c4-83b4-e236d8298068", "Shape__Area": 408240736.4173584, "Shape__Length": 175460.01426959122, "Zone_T": "4", "TOTAL": 86939.52946046587, "WHITE": 60716.081636903982, "BLACK": 7378.0265917512716, "AMERICAN_INDIAN": 102.99145795938701, "ASIAN": 10469.224315641693, "PACIFIC_ISLANDER": 5.9971799541704351, "OTHER": 564.42075341780935, "TWO_OR_MORE": 3289.4314754731622, "HISPANIC": 4413.356049364389, "WHITE_PCT": 0.698, "BLACK_PCT": 0.085, "AMERICAN_INDIAN_PCT": 0.001, "ASIAN_PCT": 0.12, "PACIFIC_ISLANDER_PCT": 0.0, "OTHER_PCT": 0.006, "TWO_OR_MORE_PCT": 0.038, "HISPANIC_PCT": 0.051 }, "geometry": { "type": "MultiPolygon", "coordinates": [ [ [ [ -79.956115302320796, 40.409123965574999 ], [ -79.956647302624305, 40.408236965706898 ], [ -79.956628301981098, 40.407781965808098 ], [ -79.956286302741702, 40.407195965528402 ], [ -79.955974301911894, 40.406894965659198 ], [ -79.956035302063597, 40.4066249654107 ], [ -79.954923302139406, 40.406852965768998 ], [ -79.953855301937907, 40.404508965237802 ], [ -79.9537373014997, 40.404249965259297 ], [ -79.953291301643802, 40.403265964781397 ], [ -79.953495300767599, 40.403212964475898 ], [ -79.953291300959705, 40.402730964725102 ], [ -79.953204301076099, 40.402525964869 ], [ -79.952924301184396, 40.402677964573002 ], [ -79.952625300834299, 40.402280965104801 ], [ -79.952558301111097, 40.402191964524398 ], [ -79.9528433007725, 40.401712964844201 ], [ -79.951696300677796, 40.400258964172203 ], [ -79.951520300736206, 40.400036963962897 ], [ -79.951151300374903, 40.400202964732003 ], [ -79.951056300573597, 40.400245964167603 ], [ -79.951014299840907, 40.400191964495299 ], [ -79.950584300544605, 40.3996389640782 ], [ -79.950611300563594, 40.399625964394197 ], [ -79.949970768715204, 40.399090421520299 ], [ -79.948988299986198, 40.3982689631382 ], [ -79.948888299689798, 40.398187964355202 ], [ -79.948382299452504, 40.397765964094603 ], [ -79.948400298893205, 40.397747964339601 ], [ -79.947616299005006, 40.397136963981701 ], [ -79.947630299015501, 40.397124963693898 ], [ -79.947382299191204, 40.3969219639933 ], [ -79.947361299009103, 40.3969389639635 ], [ -79.946081298763303, 40.3959129636849 ], [ -79.944936298139893, 40.395424963408999 ], [ -79.945081297960797, 40.395236963568898 ], [ -79.9453112984597, 40.394936963726899 ], [ -79.9449292979088, 40.394718963600198 ], [ -79.944393298285604, 40.394411963664098 ], [ -79.943925297543601, 40.394199963732902 ], [ -79.943873297587203, 40.394175963237501 ], [ -79.940010296895693, 40.393372963271503 ], [ -79.938159295187106, 40.392987963404103 ], [ -79.938188295662201, 40.3930869637557 ], [ -79.938508296193405, 40.394144963721402 ], [ -79.938536295553703, 40.394209963359899 ], [ -79.938589295968995, 40.394413963851598 ], [ -79.938597296068593, 40.394463963731702 ], [ -79.938659295614201, 40.394625963485097 ], [ -79.938725295757706, 40.394820963768701 ], [ -79.938796296061398, 40.3950339641423 ], [ -79.937029295728195, 40.3951489644829 ], [ -79.936716295028702, 40.395168964311097 ], [ -79.936940295832599, 40.3952109641627 ], [ -79.936990295693604, 40.395224963616101 ], [ -79.937115296025794, 40.395274963893399 ], [ -79.937262295954298, 40.395402963651399 ], [ -79.937387296266607, 40.395511964371103 ], [ -79.937499295343599, 40.395669964560099 ], [ -79.937561296281999, 40.395834963815702 ], [ -79.937621988087898, 40.396178331413601 ], [ -79.937553916391494, 40.396199323839497 ], [ -79.937387010255804, 40.3962453866353 ], [ -79.937265291664204, 40.396281822457603 ], [ -79.937085569453501, 40.396336340784401 ], [ -79.937014702016398, 40.396352043670902 ], [ -79.936939627247497, 40.3963521915814 ], [ -79.936893610337194, 40.396346774934301 ], [ -79.936820742517696, 40.396340957751399 ], [ -79.936740953487401, 40.396359331127698 ], [ -79.936645315618705, 40.3963772442089 ], [ -79.935868256024904, 40.396399813343599 ], [ -79.935775979285495, 40.396404981430699 ], [ -79.935651621261201, 40.396420050902002 ], [ -79.935569898139505, 40.396440349191003 ], [ -79.935493286413106, 40.396472330467098 ], [ -79.935446901680606, 40.396492492304397 ], [ -79.935425443915406, 40.396501304396303 ], [ -79.935376641009796, 40.396508973656502 ], [ -79.935217722253498, 40.396510723273302 ], [ -79.935194526373706, 40.396510978414902 ], [ -79.935018151524005, 40.396512920229902 ], [ -79.933256255265803, 40.396838879666703 ], [ -79.933196693630094, 40.396811888644002 ], [ -79.933109689735005, 40.396762680220398 ], [ -79.933062110334504, 40.396716378597901 ], [ -79.932967072463398, 40.396704317947702 ], [ -79.932902214485907, 40.396702865644201 ], [ -79.932885293850305, 40.396542964949198 ], [ -79.9328202948398, 40.395994964059298 ], [ -79.9328142946067, 40.395948964665799 ], [ -79.9328112942042, 40.395929964384599 ], [ -79.932701294598402, 40.3949989642555 ], [ -79.932686293813802, 40.3948669640871 ], [ -79.932681294748306, 40.394819963811202 ], [ -79.932622294683, 40.394220963712101 ], [ -79.932564293832499, 40.3936359639969 ], [ -79.932557294591007, 40.393559963777598 ], [ -79.932498294073, 40.392948963960698 ], [ -79.932491294021403, 40.392877963575103 ], [ -79.932423293566302, 40.392139963369203 ], [ -79.932400293456695, 40.3918859635465 ], [ -79.932360293584907, 40.391506963161 ], [ -79.931875293339203, 40.391176963265103 ], [ -79.931659293740097, 40.391047963353998 ], [ -79.931483292983401, 40.390924963039403 ], [ -79.931233293252603, 40.390759963589701 ], [ -79.9311920159073, 40.390732778488697 ], [ -79.929704293087298, 40.389752963449602 ], [ -79.929622292596903, 40.389738963197203 ], [ -79.929542293295398, 40.389800963010401 ], [ -79.929339292400797, 40.389980963131897 ], [ -79.929307292352206, 40.390006963485597 ], [ -79.928011291980496, 40.3910929637306 ], [ -79.92785829188, 40.391222963849501 ], [ -79.926737292523399, 40.392170963746999 ], [ -79.926560291898795, 40.392308963720097 ], [ -79.926316291938804, 40.392520964036898 ], [ -79.926127292057998, 40.392670963795801 ], [ -79.925961292042899, 40.392810964417201 ], [ -79.925015291763899, 40.393613963836202 ], [ -79.924633291274702, 40.393937964482603 ], [ -79.924551291362803, 40.394008964629101 ], [ -79.923600291919996, 40.394815964586002 ], [ -79.923489291081694, 40.394909964804903 ], [ -79.923290290887394, 40.395070964551799 ], [ -79.922575291301797, 40.395655964326799 ], [ -79.922145291432301, 40.396004964601303 ], [ -79.921561290978303, 40.396489964868501 ], [ -79.920631290309103, 40.397277965311801 ], [ -79.918247290430401, 40.399313965402101 ], [ -79.918152290156399, 40.399273965917402 ], [ -79.917452289298893, 40.398978965406997 ], [ -79.916601289389106, 40.398614965935799 ], [ -79.916403289468803, 40.398791965337402 ], [ -79.916255289536196, 40.398707965682902 ], [ -79.916183289878504, 40.398667965591699 ], [ -79.915962289630002, 40.398539965485298 ], [ -79.915853289242406, 40.398475965529599 ], [ -79.915656288781193, 40.398359965613402 ], [ -79.915004288945298, 40.397974965744901 ], [ -79.913309288235695, 40.396979965437701 ], [ -79.913704288888795, 40.3966479649891 ], [ -79.915145288592697, 40.3954339650073 ], [ -79.9161302887929, 40.394603964784203 ], [ -79.916523289049394, 40.394269964625899 ], [ -79.916915289037206, 40.393928964965603 ], [ -79.916777288917103, 40.393892964908197 ], [ -79.914903288752399, 40.3933979647096 ], [ -79.915394288468903, 40.392738964428702 ], [ -79.915406289143107, 40.392722964337203 ], [ -79.915464288561296, 40.392643964462899 ], [ -79.915680288459001, 40.392341964132399 ], [ -79.915923288687296, 40.3920009647236 ], [ -79.916373289374803, 40.391370964603801 ], [ -79.916691288939205, 40.391509963880601 ], [ -79.916725288522301, 40.391460963834803 ], [ -79.917094289633894, 40.390920964463298 ], [ -79.916953289325804, 40.390857964399999 ], [ -79.916788289398397, 40.390785964421802 ], [ -79.917452288804498, 40.389875963441099 ], [ -79.917690288914102, 40.3895509639094 ], [ -79.918469288910501, 40.388482963747101 ], [ -79.917930289070199, 40.388077963413402 ], [ -79.917869289135496, 40.3880409632648 ], [ -79.917668288448496, 40.3874089634906 ], [ -79.917654288595898, 40.387348963716299 ], [ -79.917543288355802, 40.386736963394597 ], [ -79.9175042890772, 40.386536963401198 ], [ -79.917479288902896, 40.386406962830499 ], [ -79.917396289119793, 40.386014963567398 ], [ -79.9173892882703, 40.385976963079599 ], [ -79.917347288490703, 40.385729963458502 ], [ -79.917314288645201, 40.385523962711098 ], [ -79.917284288401603, 40.385333962703903 ], [ -79.917196289181703, 40.384881963011203 ], [ -79.917166288553005, 40.384716962938199 ], [ -79.917294288624603, 40.384608961723799 ], [ -79.917403288532, 40.384517962139199 ], [ -79.917098288976405, 40.383959963049897 ], [ -79.916973288172699, 40.383731962768501 ], [ -79.916390288050593, 40.382662962342799 ], [ -79.916087287605606, 40.382120962269802 ], [ -79.916843288216199, 40.381803962703401 ], [ -79.917317288694605, 40.381604962212798 ], [ -79.916715287677107, 40.3807539624108 ], [ -79.916634288089199, 40.380638962448302 ], [ -79.916244288360701, 40.380086962447102 ], [ -79.916191287930104, 40.380104960737803 ], [ -79.916086288161793, 40.380139961922197 ], [ -79.915774288401593, 40.380248962525698 ], [ -79.915671287485907, 40.380284961825801 ], [ -79.915500287974396, 40.3803499624361 ], [ -79.9154632872538, 40.380364962193298 ], [ -79.915125288149596, 40.380487962545097 ], [ -79.914985287881706, 40.380533961913599 ], [ -79.914813287552505, 40.380591962491799 ], [ -79.914481287879397, 40.380713961967899 ], [ -79.914311286988195, 40.380776961944697 ], [ -79.913982287548507, 40.380885962754299 ], [ -79.913756287113898, 40.380931962602702 ], [ -79.913531286978895, 40.380949962336203 ], [ -79.913456286768195, 40.380946962493702 ], [ -79.913308286849798, 40.380941962077202 ], [ -79.913107287118905, 40.380901962120198 ], [ -79.912936287126499, 40.3808679626272 ], [ -79.912043286538207, 40.3806289621714 ], [ -79.911692286770801, 40.380548962130803 ], [ -79.911487286995097, 40.379583962518602 ], [ -79.911475286943201, 40.379578962152301 ], [ -79.911397286268993, 40.379549962316098 ], [ -79.911348286182502, 40.379466962116602 ], [ -79.911237286407598, 40.3793139621745 ], [ -79.911133285818295, 40.379185961686403 ], [ -79.910941286836703, 40.3789919621492 ], [ -79.9106932865283, 40.3787359623472 ], [ -79.910682286431694, 40.378722962412397 ], [ -79.910661285924505, 40.378706962366003 ], [ -79.910537286305996, 40.378595962030197 ], [ -79.910480285969797, 40.3783829621335 ], [ -79.910401285815496, 40.3784469623752 ], [ -79.910296286317106, 40.3785539618314 ], [ -79.9102722855785, 40.378549962441497 ], [ -79.9096222855825, 40.378392961927098 ], [ -79.9095472853339, 40.378378961827899 ], [ -79.909195285782602, 40.378316961638802 ], [ -79.908916285687297, 40.378269962280299 ], [ -79.908488285629204, 40.3781899620502 ], [ -79.908350285910799, 40.378160962152002 ], [ -79.908389284885402, 40.378109962050097 ], [ -79.908458285821197, 40.378017962058898 ], [ -79.908644285077798, 40.3778029620848 ], [ -79.908672285967, 40.377771962240402 ], [ -79.909165285441304, 40.377127961415802 ], [ -79.909339285658405, 40.376902961582402 ], [ -79.909234285642299, 40.376858961424603 ], [ -79.908919285794497, 40.376729962074599 ], [ -79.908847285099299, 40.3766999619328 ], [ -79.909234285839503, 40.376189961887 ], [ -79.909849285818694, 40.375377961399899 ], [ -79.910384285255205, 40.374675961081103 ], [ -79.910780285663094, 40.374153961167004 ], [ -79.9109082864735, 40.373986960684398 ], [ -79.911453285564903, 40.373250960829402 ], [ -79.911821285633096, 40.372812960958598 ], [ -79.911806285683497, 40.372802961152502 ], [ -79.911737286616102, 40.372766960915101 ], [ -79.910935285642495, 40.372164960390897 ], [ -79.909509285052394, 40.371163960782702 ], [ -79.908897284785098, 40.370733960369598 ], [ -79.908833285514902, 40.370688960780598 ], [ -79.908811285111298, 40.370676960964602 ], [ -79.908607285127005, 40.370530960684803 ], [ -79.908543284360704, 40.370459960147002 ], [ -79.906732283829996, 40.370969961168399 ], [ -79.903945283760507, 40.3717599611944 ], [ -79.903441283446995, 40.371896960714501 ], [ -79.901320282867601, 40.367520960327603 ], [ -79.900814281865905, 40.3664109604901 ], [ -79.900350282314193, 40.365377959561997 ], [ -79.900298281722002, 40.365262959843001 ], [ -79.900833282430597, 40.365003959666304 ], [ -79.901119281758497, 40.364864959725502 ], [ -79.901754282273401, 40.364556960009203 ], [ -79.901935282472905, 40.364469959268803 ], [ -79.9035262825372, 40.363697959718699 ], [ -79.904281282749594, 40.363330959328998 ], [ -79.904743283320698, 40.363106959211798 ], [ -79.905029282840701, 40.3629739589271 ], [ -79.905122283192398, 40.362929959271803 ], [ -79.905255283157999, 40.362868959219597 ], [ -79.905020283695293, 40.362337958909499 ], [ -79.904967283026494, 40.362218959239001 ], [ -79.904947283260199, 40.362172958692298 ], [ -79.905240283639799, 40.362146959114099 ], [ -79.905645283068594, 40.362103958715302 ], [ -79.905911283115202, 40.362075959064001 ], [ -79.905961283343203, 40.362041958803403 ], [ -79.905991283381994, 40.362020958660302 ], [ -79.907011283412601, 40.361594959060803 ], [ -79.907184284207204, 40.361521959145399 ], [ -79.907279508793806, 40.361712409450597 ], [ -79.907441284014794, 40.3620359591633 ], [ -79.9076172845852, 40.3623889589512 ], [ -79.908211283941498, 40.363579959363101 ], [ -79.908632283897006, 40.363465959243001 ], [ -79.9086722842206, 40.363512958978298 ], [ -79.908715284907302, 40.3634709589967 ], [ -79.908856284996006, 40.363428959395797 ], [ -79.909456285159806, 40.363255958867398 ], [ -79.909656284697604, 40.363198959471497 ], [ -79.909783285366899, 40.363162959178197 ], [ -79.909889284650106, 40.363130958805399 ], [ -79.910590284733402, 40.362924958900599 ], [ -79.910824285113804, 40.362856959203903 ], [ -79.910868284726504, 40.362980958944803 ], [ -79.910921284529294, 40.363128958676 ], [ -79.911006284596994, 40.363350959302302 ], [ -79.911054285540999, 40.363474958835099 ], [ -79.911182285755999, 40.363818958862197 ], [ -79.911219285734106, 40.363904959372199 ], [ -79.911295285123799, 40.364079958847199 ], [ -79.911345284974104, 40.364176959645299 ], [ -79.911763285525296, 40.364833959456597 ], [ -79.911844285244499, 40.364950958919898 ], [ -79.911901286106101, 40.365015959246698 ], [ -79.912057285814598, 40.364972959547401 ], [ -79.912220285767106, 40.364929959130599 ], [ -79.912759285573998, 40.364781959033401 ], [ -79.912788285900902, 40.364775959096299 ], [ -79.912805285367398, 40.364770959662302 ], [ -79.9128322861079, 40.3647659593085 ], [ -79.912850286168705, 40.364758959207897 ], [ -79.913316285867694, 40.364643959189401 ], [ -79.9133752854476, 40.364764959004603 ], [ -79.913448285904906, 40.364914959303498 ], [ -79.913667286135507, 40.365366958989803 ], [ -79.913733286221998, 40.365521959533503 ], [ -79.913834285925802, 40.3655159591924 ], [ -79.913853286282105, 40.365514959793003 ], [ -79.914214285919996, 40.365511959362401 ], [ -79.914335286125805, 40.365510959073802 ], [ -79.914458285903606, 40.3655089590359 ], [ -79.9148272869067, 40.365504958933698 ], [ -79.914951286855199, 40.3655039593962 ], [ -79.915061286915403, 40.3655029592611 ], [ -79.915392286364096, 40.365501959229903 ], [ -79.915503286618701, 40.365501959694598 ], [ -79.915679286258396, 40.3654959596495 ], [ -79.915903287180399, 40.365493959390001 ], [ -79.917106287636202, 40.365483959130799 ], [ -79.917361286880904, 40.365481959633399 ], [ -79.917507287421301, 40.365481959521397 ], [ -79.917702287509897, 40.3654799589116 ], [ -79.917769287757693, 40.365477959253901 ], [ -79.918455287716995, 40.365466958788197 ], [ -79.918557288151604, 40.3654609589289 ], [ -79.918820287880905, 40.365447959425801 ], [ -79.919037287621805, 40.365432958947103 ], [ -79.919189287482496, 40.365428959420299 ], [ -79.919774287517598, 40.365415959119602 ], [ -79.920298288094102, 40.365387959171002 ], [ -79.920668288183805, 40.365368959035898 ], [ -79.920679288468804, 40.3654279591956 ], [ -79.920692288760094, 40.365459958684703 ], [ -79.920835288691805, 40.365754959453398 ], [ -79.920873288038905, 40.365820958791303 ], [ -79.9210662888662, 40.3662039591837 ], [ -79.921092288422997, 40.366262959166598 ], [ -79.921257288713903, 40.3665909589403 ], [ -79.921269288685806, 40.366616959368102 ], [ -79.921308289087094, 40.366696959090902 ], [ -79.921456288937094, 40.366990959711799 ], [ -79.921466288697403, 40.3670089592786 ], [ -79.921477289010099, 40.367031959673803 ], [ -79.921490288931096, 40.367060959186098 ], [ -79.921663289220803, 40.367395959031398 ], [ -79.921694289239696, 40.367460959202198 ], [ -79.921710288612999, 40.367494959749003 ], [ -79.921865288935393, 40.367807959062297 ], [ -79.922046288436206, 40.368163959406303 ], [ -79.922077288908795, 40.368224959606202 ], [ -79.922113289194996, 40.368298959872703 ], [ -79.922288288823097, 40.368640959719002 ], [ -79.922305289382507, 40.368927959869701 ], [ -79.922311288752397, 40.369000959827602 ], [ -79.922352289086604, 40.3696909595905 ], [ -79.922353289613099, 40.369714959771699 ], [ -79.922355289491307, 40.369762960155803 ], [ -79.922380289540399, 40.370220959792597 ], [ -79.922363289114102, 40.370719960133698 ], [ -79.923299289636901, 40.370563959668999 ], [ -79.923321288946596, 40.370559960032999 ], [ -79.923441289941906, 40.370539959909202 ], [ -79.923762289856398, 40.371191960389702 ], [ -79.924206289994302, 40.372096960174403 ], [ -79.924397290147297, 40.372485960381901 ], [ -79.924685290043598, 40.373069960696398 ], [ -79.924985289881107, 40.375098960324202 ], [ -79.926522290621605, 40.375008960229401 ], [ -79.926580290315499, 40.375006959562498 ], [ -79.926864291502099, 40.374981960369098 ], [ -79.927215291292498, 40.374951961043998 ], [ -79.928869291368102, 40.374813960548501 ], [ -79.928959291990097, 40.374805960289102 ], [ -79.929054291661004, 40.374797960193298 ], [ -79.930721370418198, 40.374659301487704 ], [ -79.931182292480798, 40.374620960643099 ], [ -79.931558292543102, 40.374588960427502 ], [ -79.932104292188797, 40.374543960563003 ], [ -79.932526611856801, 40.3745110942642 ], [ -79.938103294045803, 40.3740769602909 ], [ -79.939442294391995, 40.373948960269203 ], [ -79.940455295108606, 40.374567960276003 ], [ -79.940628295530402, 40.374673960015997 ], [ -79.940654295232605, 40.374689959866302 ], [ -79.940724295548094, 40.3747329599707 ], [ -79.940875294972997, 40.374824960153703 ], [ -79.940924294678396, 40.374860959796997 ], [ -79.941045294768102, 40.374929960409197 ], [ -79.941314295233994, 40.375095959646202 ], [ -79.941403295332506, 40.375151960482498 ], [ -79.941435295320701, 40.375170959687502 ], [ -79.941716295981607, 40.375343959745798 ], [ -79.941923295118301, 40.375470960167497 ], [ -79.942737295717507, 40.375972960315202 ], [ -79.943633296347798, 40.375021960117898 ], [ -79.943669295554997, 40.374972960339797 ], [ -79.945160296293594, 40.3758779603642 ], [ -79.945200296400898, 40.3759009603694 ], [ -79.945503297256096, 40.376086959753501 ], [ -79.943335296188195, 40.378164960327098 ], [ -79.9440632969322, 40.378581960998503 ], [ -79.944001296787206, 40.378642960927301 ], [ -79.943155296580599, 40.379491960865202 ], [ -79.942892295799695, 40.379332960452302 ], [ -79.942840296696602, 40.379383961039998 ], [ -79.942538295945099, 40.379677961081804 ], [ -79.942478296670799, 40.379684960674403 ], [ -79.941503296219196, 40.379786961270199 ], [ -79.941431295907293, 40.3797949610627 ], [ -79.941405295758798, 40.379797960798797 ], [ -79.941324296134695, 40.379806961042199 ], [ -79.939331295645403, 40.380040961437402 ], [ -79.938715294521003, 40.380114961440903 ], [ -79.938281295003307, 40.3801679614919 ], [ -79.936451294212901, 40.380669961467497 ], [ -79.935768294394407, 40.3808629610688 ], [ -79.935724293797193, 40.380876961211897 ], [ -79.935476293935395, 40.380957961565599 ], [ -79.935474293931506, 40.3815759617477 ], [ -79.935474293743297, 40.381644961354503 ], [ -79.935509294328099, 40.382156961755904 ], [ -79.935533294437306, 40.382508961958202 ], [ -79.9354807683997, 40.382910972200598 ], [ -79.935406294738797, 40.383480961785203 ], [ -79.9353872943027, 40.383620961969001 ], [ -79.935401294292902, 40.383727961997899 ], [ -79.935416294390805, 40.383838961883903 ], [ -79.935479293969706, 40.384308962347397 ], [ -79.935516294098207, 40.384581962171602 ], [ -79.935788294945297, 40.386476962616499 ], [ -79.936032294198398, 40.388155962429103 ], [ -79.936127295138206, 40.388807963168603 ], [ -79.936534294398797, 40.3887719632881 ], [ -79.940525295801507, 40.388375962333697 ], [ -79.942096296614395, 40.388221962455198 ], [ -79.943394297584703, 40.388962962935402 ], [ -79.943650296909993, 40.389108962785897 ], [ -79.943844296679501, 40.389038962921497 ], [ -79.944388297638795, 40.390164962446804 ], [ -79.9443982978175, 40.390184962778299 ], [ -79.945174297483604, 40.3902619627493 ], [ -79.945627297767103, 40.390241963094297 ], [ -79.946343297670296, 40.390275962284498 ], [ -79.946947297978099, 40.390184962962103 ], [ -79.947076298011694, 40.3901789627215 ], [ -79.947285298753798, 40.390056962388599 ], [ -79.949191299187405, 40.390593962790398 ], [ -79.9492052987856, 40.390598962677302 ], [ -79.949170299030797, 40.390684962778003 ], [ -79.949166298619801, 40.3908139631003 ], [ -79.949157298529897, 40.391236962586902 ], [ -79.949505299682301, 40.391247962813999 ], [ -79.949506299548702, 40.391225962433097 ], [ -79.949515298908196, 40.390974962348302 ], [ -79.949515299632907, 40.390955962892299 ], [ -79.949522298949105, 40.390786962452601 ], [ -79.949525299127203, 40.390733962713597 ], [ -79.949696299025405, 40.3908039626996 ], [ -79.949777299153496, 40.390823962277302 ], [ -79.949888299180799, 40.390833962619602 ], [ -79.949902299319803, 40.390834962530597 ], [ -79.949963299457593, 40.390831962603599 ], [ -79.9501022996985, 40.390808962664202 ], [ -79.950150299249401, 40.3907949629169 ], [ -79.950611299908999, 40.390663963004101 ], [ -79.950916299729002, 40.390572962467999 ], [ -79.951172299774697, 40.390497962302597 ], [ -79.951573299688704, 40.390381962170203 ], [ -79.951643300114895, 40.390361962302599 ], [ -79.951873300124007, 40.3903009621961 ], [ -79.952192300450903, 40.390232962661699 ], [ -79.952439299770603, 40.390190962787003 ], [ -79.952676300497401, 40.390168962454297 ], [ -79.952805299474406, 40.390164962074302 ], [ -79.952995300375505, 40.390160962590897 ], [ -79.953223300543698, 40.390165962718903 ], [ -79.953494300770402, 40.390171962525599 ], [ -79.953546300614505, 40.390173962033501 ], [ -79.953898300826395, 40.390174962087698 ], [ -79.954026300553394, 40.390167962381803 ], [ -79.954104300965497, 40.390151962244801 ], [ -79.954210300080703, 40.390110962514598 ], [ -79.954278300356293, 40.390051962459601 ], [ -79.954356300636505, 40.389986962614103 ], [ -79.954494300877897, 40.389960962083599 ], [ -79.954705301086705, 40.389896962323597 ], [ -79.954923300616699, 40.389828961958102 ], [ -79.956012300911894, 40.389865962576501 ], [ -79.9571983015462, 40.3899029618714 ], [ -79.957643301842097, 40.389916962473002 ], [ -79.957738301080994, 40.389921962220001 ], [ -79.957740301855694, 40.389953961844299 ], [ -79.957742301484203, 40.389985962391201 ], [ -79.957920301844794, 40.3931639629524 ], [ -79.957956301551704, 40.393761962757097 ], [ -79.958049302535102, 40.3953979628998 ], [ -79.959927302942702, 40.395605963340003 ], [ -79.959799302907001, 40.396212962978304 ], [ -79.959515302273701, 40.397563963761598 ], [ -79.959825302939606, 40.397623963757397 ], [ -79.960137302607606, 40.3976839634119 ], [ -79.960415302721103, 40.397732963769798 ], [ -79.9607583031421, 40.397781963275797 ], [ -79.961060303103295, 40.397835963772003 ], [ -79.961288303436206, 40.397854963412897 ], [ -79.961517302859406, 40.3978599636716 ], [ -79.961800302952398, 40.397873963217599 ], [ -79.961878303737507, 40.397877963745202 ], [ -79.962568303590203, 40.397953963582097 ], [ -79.962676304090095, 40.397971963192902 ], [ -79.962781303365404, 40.397995963294299 ], [ -79.962882304126495, 40.398027963131703 ], [ -79.962992304102698, 40.398075963877702 ], [ -79.963218304403199, 40.3982239630975 ], [ -79.963397304011195, 40.398303963644402 ], [ -79.963454303460793, 40.398321963465399 ], [ -79.963479304312202, 40.398332963258902 ], [ -79.963588303884606, 40.398678963902803 ], [ -79.963907304657297, 40.3997229634424 ], [ -79.964642304745993, 40.399699963278302 ], [ -79.964798303936504, 40.399694963619197 ], [ -79.966240304381699, 40.399959963880299 ], [ -79.967346305460197, 40.400162963629597 ], [ -79.9690573061131, 40.400475963635202 ], [ -79.969187306014803, 40.400641964134799 ], [ -79.969506305847005, 40.401056963872399 ], [ -79.969907305792205, 40.401569964311101 ], [ -79.9708683064311, 40.402818963928503 ], [ -79.970837306605105, 40.402873964068199 ], [ -79.970874307025298, 40.403261964401302 ], [ -79.970929306351294, 40.403364964523298 ], [ -79.970964306610099, 40.403430964563299 ], [ -79.970739306831305, 40.403472964024203 ], [ -79.970109306569498, 40.404763964007103 ], [ -79.969506306585501, 40.405069964758297 ], [ -79.9690643056678, 40.4053779644344 ], [ -79.968290423444003, 40.405831387411297 ], [ -79.967178305714896, 40.406482965300498 ], [ -79.966009118627397, 40.407168320576297 ], [ -79.965890305808799, 40.407237964952799 ], [ -79.965050304762499, 40.407867964928499 ], [ -79.964443305307398, 40.408326965520999 ], [ -79.963887304908098, 40.408744965637098 ], [ -79.963566305339199, 40.408802965928402 ], [ -79.963394601107595, 40.408508526996897 ], [ -79.963033304356301, 40.407888964980302 ], [ -79.9629223041198, 40.407925965491003 ], [ -79.962230304861293, 40.408162965590698 ], [ -79.961357304260204, 40.408086965731201 ], [ -79.960912304167195, 40.407568965578903 ], [ -79.960552303801506, 40.407753965322101 ], [ -79.960492303811705, 40.407778965187198 ], [ -79.960396303442593, 40.4077689658181 ], [ -79.960275303292605, 40.408179965937201 ], [ -79.960139303176504, 40.408635965983997 ], [ -79.960101304115994, 40.408762965976003 ], [ -79.9599543031824, 40.408757965353203 ], [ -79.959314303387202, 40.408734965693 ], [ -79.959316302992804, 40.408762965359799 ], [ -79.959295303310299, 40.409064965363903 ], [ -79.9591073036935, 40.409067965671397 ], [ -79.959073303093007, 40.409068965492303 ], [ -79.959070303192405, 40.409145965664301 ], [ -79.959051303182207, 40.409747966202197 ], [ -79.958723302866204, 40.409831966181102 ], [ -79.958059303731801, 40.409994965901902 ], [ -79.956585302569295, 40.410353966366799 ], [ -79.956134302404294, 40.410316966358202 ], [ -79.956138302382797, 40.410289964846697 ], [ -79.956206302803096, 40.409439965572098 ], [ -79.956115302320796, 40.409123965574999 ] ] ], [ [ [ -79.949691304612003, 40.452592972580298 ], [ -79.949205304596305, 40.452739973199101 ], [ -79.949084304055802, 40.452777973159399 ], [ -79.948744303713099, 40.4528859727601 ], [ -79.947696303107193, 40.453194973220597 ], [ -79.947349303621294, 40.4532989730493 ], [ -79.947157302924694, 40.453355973174098 ], [ -79.946584302867194, 40.453528973017498 ], [ -79.946393302867506, 40.453586973507903 ], [ -79.946004302747994, 40.453702973192897 ], [ -79.944840303043904, 40.454050973010197 ], [ -79.9444523020601, 40.454167973571899 ], [ -79.944249302813205, 40.454227972962499 ], [ -79.9436413019246, 40.454407973453897 ], [ -79.943439302051999, 40.454468974004499 ], [ -79.943402302134402, 40.454478973962402 ], [ -79.943292302541494, 40.454510973619399 ], [ -79.943256302803903, 40.454522973385203 ], [ -79.943221302964503, 40.4545329740684 ], [ -79.943119302277594, 40.454562973204403 ], [ -79.943085301945004, 40.454573973757199 ], [ -79.943332302669802, 40.454693973598502 ], [ -79.943367302088404, 40.454710974470402 ], [ -79.943999303160297, 40.455070974103101 ], [ -79.944046301705797, 40.4551039733634 ], [ -79.944161302443007, 40.455184973377399 ], [ -79.944275302611899, 40.455257974590197 ], [ -79.943995303067297, 40.455341973918401 ], [ -79.943157302444703, 40.455594973936101 ], [ -79.942878302144706, 40.455679974020498 ], [ -79.942700301264495, 40.455732974044402 ], [ -79.942165302304105, 40.455892974174098 ], [ -79.941988302239906, 40.455946973874099 ], [ -79.941872302143196, 40.455776973723403 ], [ -79.941822301224903, 40.455701974645699 ], [ -79.941587301360997, 40.4552309741645 ], [ -79.941496301325301, 40.455047974033299 ], [ -79.941379301504199, 40.455082974706201 ], [ -79.941028301254306, 40.455187974212699 ], [ -79.940912301622404, 40.4552239734181 ], [ -79.940536301106903, 40.455336974687803 ], [ -79.940448301190301, 40.455362973803801 ], [ -79.939213300643601, 40.455736973735398 ], [ -79.939058301361698, 40.455782974161004 ], [ -79.938883300597496, 40.4558369744435 ], [ -79.938594300501805, 40.455917974334298 ], [ -79.9383093000652, 40.456000974252497 ], [ -79.937723300681895, 40.456172974497598 ], [ -79.936858300802996, 40.456437974724103 ], [ -79.9365683004564, 40.456522974683097 ], [ -79.936493300704399, 40.456572974186201 ], [ -79.936127299582793, 40.456650974986701 ], [ -79.934456299957404, 40.457153975623299 ], [ -79.9340602995061, 40.457269975577098 ], [ -79.933045298935298, 40.457570975764703 ], [ -79.930001298060205, 40.458476976596799 ], [ -79.929399298217106, 40.458656975713403 ], [ -79.928983298898103, 40.458765976763502 ], [ -79.928680297947494, 40.458858976009203 ], [ -79.928651298743702, 40.458867975346898 ], [ -79.928244298694196, 40.4590069756362 ], [ -79.927774297181003, 40.459147975367202 ], [ -79.927576297268303, 40.4592089758494 ], [ -79.927471297266294, 40.459239975906002 ], [ -79.927257297355396, 40.459303975302099 ], [ -79.926785296777894, 40.459447976454101 ], [ -79.926615296988601, 40.459493975896997 ], [ -79.926400297381207, 40.459553975793099 ], [ -79.926124296469396, 40.459618976444297 ], [ -79.926062296628899, 40.4596349762556 ], [ -79.925724297889204, 40.459733976623802 ], [ -79.925402296690095, 40.459852976656599 ], [ -79.925316297507806, 40.459878976808099 ], [ -79.925046297663599, 40.459961976356702 ], [ -79.924904296971107, 40.460002976108797 ], [ -79.924481295899398, 40.4601269763521 ], [ -79.924340297463203, 40.460168977215098 ], [ -79.9241772966502, 40.4602159762076 ], [ -79.923956296095199, 40.4602809766725 ], [ -79.923691296154004, 40.460357976538099 ], [ -79.923529296220906, 40.460405977349801 ], [ -79.922911296194499, 40.460604976153 ], [ -79.9227262960095, 40.4606639761219 ], [ -79.922625296277303, 40.4605629767618 ], [ -79.922175296319594, 40.460445976777102 ], [ -79.921569295721298, 40.4602059768252 ], [ -79.921232295214693, 40.460052977227797 ], [ -79.921000295533005, 40.459899976636301 ], [ -79.920786295501102, 40.459749976146497 ], [ -79.920544295664598, 40.459593976138201 ], [ -79.920357295915395, 40.459463976788399 ], [ -79.920133294703902, 40.4593089766798 ], [ -79.919938295068505, 40.459148976089203 ], [ -79.919515294866798, 40.458882977223503 ], [ -79.919337294858806, 40.458809975733899 ], [ -79.919084294610599, 40.458634976556901 ], [ -79.9183252949761, 40.458110975749598 ], [ -79.9180722944417, 40.457936976192698 ], [ -79.917941294211502, 40.457845976580003 ], [ -79.917737293932404, 40.457705976282398 ], [ -79.917546294266103, 40.457576976338999 ], [ -79.917415293964794, 40.4574889760042 ], [ -79.917065294407905, 40.457245976787199 ], [ -79.916363294217703, 40.456758976805098 ], [ -79.9160152938463, 40.456518976540202 ], [ -79.915665294377405, 40.456277975834098 ], [ -79.915420294061803, 40.456107976430303 ], [ -79.915017293144501, 40.455830975800097 ], [ -79.913074292443696, 40.454490976378501 ], [ -79.912427293212502, 40.454044975058302 ], [ -79.912287292482105, 40.454098975427698 ], [ -79.911893291966393, 40.454469975906697 ], [ -79.911421291803904, 40.454922976323502 ], [ -79.911244292139102, 40.455091975867298 ], [ -79.910716291845006, 40.455599976092998 ], [ -79.910540291314305, 40.455769976464197 ], [ -79.910398292562206, 40.455904976119697 ], [ -79.909972291985099, 40.456310976688798 ], [ -79.909831292425906, 40.456446976688298 ], [ -79.909821291960696, 40.456454976666102 ], [ -79.909794292124801, 40.456479976311002 ], [ -79.909785291911504, 40.456488976462197 ], [ -79.909766292215906, 40.456504976618398 ], [ -79.9097082923481, 40.456555976694297 ], [ -79.909690291668895, 40.456572976136698 ], [ -79.909662291682693, 40.456597976418401 ], [ -79.909577292693797, 40.456672976967504 ], [ -79.909550291677505, 40.456698976521899 ], [ -79.909444292780194, 40.456657977097798 ], [ -79.909128292394996, 40.456535976046901 ], [ -79.909023291902898, 40.456495976462001 ], [ -79.908971291744294, 40.456475976752699 ], [ -79.908674291114295, 40.456361976831403 ], [ -79.908461291798105, 40.456278976152802 ], [ -79.908375291043399, 40.456245976667802 ], [ -79.9081062912325, 40.456141976233297 ], [ -79.907889291099593, 40.456068976636402 ], [ -79.9075502912644, 40.455985976216702 ], [ -79.907504290590396, 40.455977976760103 ], [ -79.907151290752793, 40.455935976732299 ], [ -79.907022291517407, 40.455925976661902 ], [ -79.906675291684294, 40.455902975740301 ], [ -79.906485290099099, 40.455876976325698 ], [ -79.906349290799298, 40.455849976369798 ], [ -79.906303291283706, 40.455839976522 ], [ -79.906141291018599, 40.455807976078098 ], [ -79.906012290670603, 40.455775976958101 ], [ -79.905703290680805, 40.455662977105703 ], [ -79.905313290657702, 40.4554899765741 ], [ -79.904878291116404, 40.455292976263401 ], [ -79.903746290394693, 40.454781976682 ], [ -79.903572289982094, 40.454710976751798 ], [ -79.903131289008201, 40.454531976398897 ], [ -79.902677289451802, 40.454346976282103 ], [ -79.902253288657604, 40.4541759763177 ], [ -79.901311288923395, 40.453803976264098 ], [ -79.900856289122402, 40.453624975743303 ], [ -79.899826288942293, 40.4532179763291 ], [ -79.8996022882977, 40.453132977024403 ], [ -79.898761288091407, 40.452820976695101 ], [ -79.898749287798793, 40.452815976647699 ], [ -79.895037286142596, 40.451363975708901 ], [ -79.894442286740698, 40.451119976678797 ], [ -79.894130287187195, 40.450983976443901 ], [ -79.893745287247995, 40.450811976512199 ], [ -79.893448286228704, 40.450665976099003 ], [ -79.893009285699705, 40.4504319759845 ], [ -79.892787286993496, 40.450309975521002 ], [ -79.892604286083198, 40.450568975758003 ], [ -79.892529286090493, 40.450523975859298 ], [ -79.892426285580299, 40.450462975142898 ], [ -79.892426285891801, 40.450273976526397 ], [ -79.892462285610506, 40.450126976707502 ], [ -79.892483534968704, 40.450040211874402 ], [ -79.8924982863509, 40.449979976851601 ], [ -79.892516285608906, 40.449872976074403 ], [ -79.892529772819799, 40.449814634646998 ], [ -79.892648285818794, 40.449301976410403 ], [ -79.892692286130696, 40.449095976419002 ], [ -79.892791285783403, 40.448595976318302 ], [ -79.892805285355394, 40.448525976423497 ], [ -79.892958930442106, 40.447790222550601 ], [ -79.892999285894007, 40.4475969757328 ], [ -79.893018285739998, 40.447511975777203 ], [ -79.893024286074606, 40.447483975940798 ], [ -79.893151286318698, 40.4469249754763 ], [ -79.893166286087094, 40.446857975712 ], [ -79.893228285606298, 40.446501974917602 ], [ -79.893245285319594, 40.4464119744244 ], [ -79.893341285954904, 40.445998975744601 ], [ -79.893431285376295, 40.445498975816299 ], [ -79.893581285284796, 40.444666975241297 ], [ -79.893587285271096, 40.444596975813297 ], [ -79.893754285318806, 40.443844975003103 ], [ -79.893785285736399, 40.443730975378401 ], [ -79.893844285816797, 40.4434529749742 ], [ -79.893926285597104, 40.443073974823903 ], [ -79.894002285998795, 40.442725975223098 ], [ -79.894008285553895, 40.442696975364797 ], [ -79.894088285816096, 40.442323974858702 ], [ -79.894172285330995, 40.441936974667598 ], [ -79.894175285548599, 40.441923974642997 ], [ -79.894234286005897, 40.441645974788401 ], [ -79.894245285742002, 40.441617974866197 ], [ -79.894260285842805, 40.441569974745001 ], [ -79.894282285162902, 40.441491975159998 ], [ -79.894339285778699, 40.441297974547098 ], [ -79.894347286320098, 40.441260974887399 ], [ -79.894366285902706, 40.441182975088502 ], [ -79.894397286159901, 40.441048974464799 ], [ -79.894493285809205, 40.440645974567701 ], [ -79.894525285365404, 40.440512974209 ], [ -79.894557286095093, 40.4403779748204 ], [ -79.894652285265494, 40.439972974463998 ], [ -79.894685285218301, 40.439838973537398 ], [ -79.894709285463307, 40.439733974146201 ], [ -79.894783285264594, 40.439420974749602 ], [ -79.894809285941406, 40.439316974177899 ], [ -79.894830285893704, 40.439222974002298 ], [ -79.894895286137896, 40.438942974038603 ], [ -79.8949182854535, 40.438849974509402 ], [ -79.894910285591905, 40.438824973864897 ], [ -79.894889285486798, 40.438750973856202 ], [ -79.894882285453306, 40.438726974418103 ], [ -79.894845286061596, 40.438654973980398 ], [ -79.894867285160899, 40.4385419742487 ], [ -79.895030285372798, 40.437753974325901 ], [ -79.895042285155796, 40.437692973663303 ], [ -79.895041286019406, 40.437675974178298 ], [ -79.895071285705001, 40.437547974383598 ], [ -79.895145286197703, 40.437199973668498 ], [ -79.895214285980103, 40.436882974012399 ], [ -79.895227285633396, 40.436810974242299 ], [ -79.895380285642901, 40.435987973525499 ], [ -79.895398285601701, 40.435895973802801 ], [ -79.895571285488003, 40.4349699732497 ], [ -79.895734285191196, 40.434232973440203 ], [ -79.895811285438995, 40.433865973094399 ], [ -79.895882285774604, 40.433573973044901 ], [ -79.896033285458401, 40.432895973453903 ], [ -79.896181285125806, 40.432226972944399 ], [ -79.896247286003202, 40.4319329727034 ], [ -79.8963312860364, 40.431555972878499 ], [ -79.896482286094198, 40.430880973045802 ], [ -79.896600285599405, 40.430352972297001 ], [ -79.896631286022298, 40.430212972755101 ], [ -79.896646285736296, 40.430142972368301 ], [ -79.896740285277602, 40.429660972623701 ], [ -79.896765285769106, 40.429528972387899 ], [ -79.896799286038302, 40.429355972739998 ], [ -79.896880285896799, 40.428940972232098 ], [ -79.896901285812802, 40.428830972204899 ], [ -79.896905285871, 40.428806972050097 ], [ -79.896931285359301, 40.428677971952403 ], [ -79.897015285069998, 40.428246972182698 ], [ -79.897032285931502, 40.428139972403898 ], [ -79.897066285154395, 40.427920972225003 ], [ -79.897086286103104, 40.4277929717775 ], [ -79.897114285655704, 40.427616971912101 ], [ -79.896632285829895, 40.427518972305798 ], [ -79.895099284731501, 40.4281739723695 ], [ -79.894849284434599, 40.427833972478602 ], [ -79.894717284641303, 40.427652971755599 ], [ -79.894254284177194, 40.427022971638799 ], [ -79.893830283951601, 40.426938971582203 ], [ -79.893765284805397, 40.426929971859899 ], [ -79.893733285077204, 40.426986971755603 ], [ -79.893094284836394, 40.427949972488101 ], [ -79.893045284052604, 40.4280259721425 ], [ -79.892881284517003, 40.428272972640499 ], [ -79.892316284236202, 40.428064972225698 ], [ -79.892309283773002, 40.428056971813902 ], [ -79.892295284057994, 40.428040971867901 ], [ -79.892331284369504, 40.427979971407098 ], [ -79.892273283739101, 40.427933972683697 ], [ -79.892183284400502, 40.427895972246901 ], [ -79.892029283553597, 40.427823971835203 ], [ -79.891774284115101, 40.427705972100703 ], [ -79.891465283652593, 40.427562972260198 ], [ -79.891146283264902, 40.427396972541203 ], [ -79.891102283952407, 40.427358971909698 ], [ -79.891058283540005, 40.427320972183303 ], [ -79.891021284125799, 40.4272589718624 ], [ -79.891015283745702, 40.427248971864003 ], [ -79.891013283872695, 40.427230972014101 ], [ -79.891009283140505, 40.427204971817901 ], [ -79.891428647019794, 40.426852305855398 ], [ -79.8918832835476, 40.426469972336001 ], [ -79.892088284173695, 40.426298972139598 ], [ -79.892130284140606, 40.426277971940998 ], [ -79.893333284265694, 40.425681972034099 ], [ -79.893477284189501, 40.425639971894 ], [ -79.894197284033297, 40.425561971712703 ], [ -79.894697284494896, 40.425671971639503 ], [ -79.894934284410795, 40.425833971667899 ], [ -79.895073284137297, 40.425927971760601 ], [ -79.895249284575002, 40.4260479716215 ], [ -79.895461284766697, 40.426099971860303 ], [ -79.895712285562794, 40.4261619720954 ], [ -79.896124285244994, 40.426263971923603 ], [ -79.8962962853888, 40.426314971409802 ], [ -79.896484285502893, 40.426378971825997 ], [ -79.896715284869501, 40.4264679717174 ], [ -79.8967522852587, 40.4262689715693 ], [ -79.8972062849964, 40.426067971534899 ], [ -79.897339285399596, 40.426006971930804 ], [ -79.8973412858372, 40.425995971329598 ], [ -79.897494285409906, 40.425939971639998 ], [ -79.897701285999901, 40.424959971111598 ], [ -79.897743285346706, 40.424734971666403 ], [ -79.897821285800205, 40.424341971496901 ], [ -79.897892286015406, 40.423984970788702 ], [ -79.897931285475806, 40.4237849708108 ], [ -79.897956285120301, 40.423669971089801 ], [ -79.898048285065002, 40.423218970850101 ], [ -79.898161285746497, 40.422668971288601 ], [ -79.898174285393793, 40.422594971004102 ], [ -79.898215285926099, 40.4223979713354 ], [ -79.898229285149696, 40.422337970689199 ], [ -79.898409285519904, 40.421443970332398 ], [ -79.898424284960399, 40.421369970642097 ], [ -79.898578286079001, 40.420379970557804 ], [ -79.898618285374994, 40.420159970538599 ], [ -79.898739284828594, 40.4195039704179 ], [ -79.898780284983403, 40.419284970545696 ], [ -79.898875285425504, 40.418857969802403 ], [ -79.899120286063294, 40.417747970415398 ], [ -79.899275285280893, 40.417063968699303 ], [ -79.8992945894082, 40.416975642547001 ], [ -79.899309831122196, 40.416980180358998 ], [ -79.899316247185098, 40.416982090617303 ], [ -79.899319455230994, 40.416983046196499 ], [ -79.899322663248199, 40.416984000875097 ], [ -79.899518647300496, 40.417042352240898 ], [ -79.899775589336699, 40.417104238940098 ], [ -79.899808454579897, 40.4171121566512 ], [ -79.899981271300504, 40.417143366717298 ], [ -79.900209281467596, 40.4171856675515 ], [ -79.900320109643602, 40.417167849502803 ], [ -79.900419465922894, 40.417174440152401 ], [ -79.900678559432194, 40.417237850508798 ], [ -79.900980343373007, 40.417262340172996 ], [ -79.9012799235947, 40.417282544168899 ], [ -79.901639416183102, 40.417339876549498 ], [ -79.901997088766095, 40.4173765589114 ], [ -79.902284143748105, 40.417393046985502 ], [ -79.902550371613899, 40.417393036735803 ], [ -79.902788287959396, 40.417400291904002 ], [ -79.903219807367805, 40.4173805635183 ], [ -79.9034859401212, 40.417360286258102 ], [ -79.903682119006305, 40.417353900284702 ], [ -79.903887265642894, 40.4173316916415 ], [ -79.904156051127401, 40.417310194054203 ], [ -79.904442735034607, 40.417243274925198 ], [ -79.904649505683807, 40.417232005295297 ], [ -79.904786822026594, 40.417224900082502 ], [ -79.904971791170297, 40.417190967325404 ], [ -79.905116962258703, 40.4171473718146 ], [ -79.905386785192306, 40.417119788302102 ], [ -79.905539444668307, 40.417100094674197 ], [ -79.905607275259896, 40.417084586375701 ], [ -79.905805055740103, 40.4170830558582 ], [ -79.906188330050298, 40.4170459679465 ], [ -79.9064078133745, 40.417030623808301 ], [ -79.906547741309694, 40.417008920654702 ], [ -79.906618714098897, 40.416979220406098 ], [ -79.906852500443605, 40.4169589869825 ], [ -79.907264815991297, 40.4168780813296 ], [ -79.907380343255596, 40.416853578918499 ], [ -79.907453490798702, 40.416844140217002 ], [ -79.907697338065702, 40.4168186210036 ], [ -79.908007981097498, 40.416787723936103 ], [ -79.908283014615705, 40.416727705292502 ], [ -79.908587733585406, 40.416663989083098 ], [ -79.9087112224489, 40.416641904005303 ], [ -79.908855351649905, 40.416606817410702 ], [ -79.909293077234096, 40.416511676114297 ], [ -79.909498726224797, 40.416480947510799 ], [ -79.909629611026901, 40.416448716417896 ], [ -79.909798172524404, 40.416428584689001 ], [ -79.910010192437397, 40.416399466604403 ], [ -79.910269938323097, 40.416372293339599 ], [ -79.910389716005895, 40.4163522388247 ], [ -79.910474003658805, 40.416344401483499 ], [ -79.910567291853397, 40.416330874363702 ], [ -79.910745910510201, 40.416304645291298 ], [ -79.911109911894201, 40.416203944773699 ], [ -79.911408254397799, 40.416138204374903 ], [ -79.911488806435599, 40.416121860883202 ], [ -79.911583672130604, 40.416104684655899 ], [ -79.9116865026445, 40.416091546507403 ], [ -79.911831218035005, 40.416076311872601 ], [ -79.911957391391098, 40.416067190492299 ], [ -79.912346390901106, 40.4159964348515 ], [ -79.912663279239396, 40.415925392877497 ], [ -79.912832285780496, 40.415876073942599 ], [ -79.912932931714096, 40.415840649520597 ], [ -79.913038888145806, 40.415807238991903 ], [ -79.913373669359501, 40.415689153913199 ], [ -79.913583169216906, 40.415640292563999 ], [ -79.913941941662699, 40.415560576396302 ], [ -79.914116211096498, 40.415455752141597 ], [ -79.914191341678901, 40.415415238178802 ], [ -79.914256572125694, 40.415380063481798 ], [ -79.9143078495526, 40.415347298726701 ], [ -79.914422991501496, 40.415320013626797 ], [ -79.9144538578675, 40.415322573884197 ], [ -79.914487847791705, 40.415337635425402 ], [ -79.9145111006831, 40.415349283886101 ], [ -79.914536082944693, 40.415364543924802 ], [ -79.914548334338406, 40.415365893569899 ], [ -79.914579899192404, 40.415344921897301 ], [ -79.914586707418493, 40.415328549976202 ], [ -79.9146094966015, 40.415272092017098 ], [ -79.914653481087498, 40.4152289461965 ], [ -79.914656025869604, 40.4152279589104 ], [ -79.914763268100202, 40.4151863707663 ], [ -79.914925170295703, 40.415119124952398 ], [ -79.915031354469704, 40.415079468011598 ], [ -79.915131432169403, 40.415032648259697 ], [ -79.915278920092504, 40.414977073417496 ], [ -79.915364053123099, 40.414971370580297 ], [ -79.915665516457693, 40.414887036059703 ], [ -79.915806105330105, 40.414820225490502 ], [ -79.915864362616205, 40.414789741663299 ], [ -79.915929877331607, 40.414740847730101 ], [ -79.916003413464693, 40.414679612876803 ], [ -79.9160241933739, 40.414626033602801 ], [ -79.916066675426606, 40.4145573795346 ], [ -79.916257156077606, 40.414446516649697 ], [ -79.916442705296902, 40.414346902209203 ], [ -79.916513981942799, 40.414308637245298 ], [ -79.917010183802404, 40.4140043935137 ], [ -79.917072759609297, 40.4139660247601 ], [ -79.917361454083505, 40.413787281450098 ], [ -79.917470276223597, 40.413705208708699 ], [ -79.917541696974695, 40.4136636161941 ], [ -79.917633368449103, 40.413581596653998 ], [ -79.917785114558797, 40.413440504330303 ], [ -79.917845114699901, 40.4133800627759 ], [ -79.917906712231996, 40.413319674087802 ], [ -79.9179686897198, 40.4132594863325 ], [ -79.917994718192503, 40.413237495113997 ], [ -79.918022930496903, 40.4132168961753 ], [ -79.918058572097095, 40.413178453121397 ], [ -79.918075151756696, 40.413154478057102 ], [ -79.918090555131201, 40.413130061123702 ], [ -79.918112534219304, 40.413092670850098 ], [ -79.918130269988097, 40.4130540936034 ], [ -79.918151744593104, 40.412981521462399 ], [ -79.918168951874307, 40.412908409619703 ], [ -79.918176155576305, 40.412872979477697 ], [ -79.918183426119398, 40.412837539071603 ], [ -79.918192190228396, 40.412810326142498 ], [ -79.918203859735996, 40.412783560457903 ], [ -79.918213936757397, 40.412764564882202 ], [ -79.918451308873998, 40.412638330311403 ], [ -79.918525789122498, 40.412592570875397 ], [ -79.918595026755099, 40.412542219016999 ], [ -79.918662855327, 40.412490565695897 ], [ -79.918728620813297, 40.412437503379699 ], [ -79.918798701929305, 40.4123764405023 ], [ -79.918868617221193, 40.412315282499101 ], [ -79.918948935586798, 40.412247047414297 ], [ -79.9190308222569, 40.4121799061978 ], [ -79.919105954614395, 40.412127255126599 ], [ -79.919182755956399, 40.412075822160197 ], [ -79.919240637885594, 40.412031249578497 ], [ -79.919457984901598, 40.411828665027898 ], [ -79.919492649785496, 40.411801168218098 ], [ -79.919528585655698, 40.411774641178297 ], [ -79.919572181683193, 40.411744508229297 ], [ -79.919615401744807, 40.4117140463024 ], [ -79.919635483729394, 40.411697897676603 ], [ -79.919654474973001, 40.411680961459702 ], [ -79.919737896870302, 40.411632399119704 ], [ -79.919817880396394, 40.411585839965298 ], [ -79.9199478037917, 40.411452519081898 ], [ -79.919970312602402, 40.411425274805197 ], [ -79.919994787313001, 40.411399023279301 ], [ -79.920048680823001, 40.411348503818999 ], [ -79.920106071168405, 40.411300408623703 ], [ -79.920188301975401, 40.411238762546198 ], [ -79.920357799792896, 40.411080676990203 ], [ -79.920357487140194, 40.411047499531001 ], [ -79.920366553939402, 40.4110297334893 ], [ -79.920372945269605, 40.411021527240898 ], [ -79.920381343688803, 40.411014128289999 ], [ -79.920407188719594, 40.410999933312503 ], [ -79.920449483395302, 40.410984735569599 ], [ -79.920470056643197, 40.410976839384197 ], [ -79.920488919206207, 40.410966871821699 ], [ -79.920519492000295, 40.410946651284398 ], [ -79.920547745697604, 40.410924460885703 ], [ -79.920584733735794, 40.410889451006 ], [ -79.920619576013493, 40.410853317519901 ], [ -79.920636845975196, 40.410834068526498 ], [ -79.9206533676237, 40.410814455229499 ], [ -79.920664192037506, 40.410800516336003 ], [ -79.920674479871394, 40.410786346994101 ], [ -79.920754818762802, 40.410722086598298 ], [ -79.920831096889103, 40.410655134103699 ], [ -79.920930981381105, 40.410559434524998 ], [ -79.921026692151599, 40.410461418802903 ], [ -79.921202815256393, 40.410267099835401 ], [ -79.921276324820795, 40.410186250077601 ], [ -79.9213403251008, 40.4101205423895 ], [ -79.921404326858607, 40.410054811212397 ], [ -79.921436099733398, 40.410020190056599 ], [ -79.921466878962804, 40.4099850524576 ], [ -79.921493882555595, 40.409950952458402 ], [ -79.921520996594197, 40.409916916138997 ], [ -79.921551333769202, 40.409884268708197 ], [ -79.921581846891598, 40.409851706245497 ], [ -79.921611409858698, 40.409817634671903 ], [ -79.921640126122298, 40.4097831447922 ], [ -79.921689485076499, 40.409716379784697 ], [ -79.921739695316901, 40.4096500329644 ], [ -79.921832279209795, 40.409547470084597 ], [ -79.922031691755706, 40.409321315784403 ], [ -79.922047040784406, 40.409303117957499 ], [ -79.922074631272096, 40.409268266260803 ], [ -79.922100488231095, 40.409232575118999 ], [ -79.922143532946706, 40.409164634993701 ], [ -79.922180287164096, 40.409094622245 ], [ -79.9222210195434, 40.408993106191097 ], [ -79.922262494616007, 40.408891894156703 ], [ -79.922280399323299, 40.408856915563597 ], [ -79.922299414308696, 40.408822271026999 ], [ -79.922319564093499, 40.408787514157098 ], [ -79.922340382624895, 40.408752994245098 ], [ -79.922447594734294, 40.4085846871276 ], [ -79.922652414959202, 40.408289184914899 ], [ -79.922710464975395, 40.408210283435601 ], [ -79.922733344082999, 40.408176268804198 ], [ -79.922753454577304, 40.408141182869599 ], [ -79.922768947735904, 40.408105511743301 ], [ -79.922781501928995, 40.408069224756098 ], [ -79.922822873997802, 40.407926382728597 ], [ -79.922864692915596, 40.407783589028 ], [ -79.922878052460902, 40.407748124680602 ], [ -79.922894534941193, 40.407713354704399 ], [ -79.922914932551294, 40.407678628183703 ], [ -79.922938419051206, 40.407645112867698 ], [ -79.922964114473302, 40.407612234341002 ], [ -79.922991065013903, 40.407579979917102 ], [ -79.923020449969599, 40.407546361720101 ], [ -79.923052030717599, 40.407513997648103 ], [ -79.923306114918901, 40.407289316686999 ], [ -79.923343518825504, 40.407255396169397 ], [ -79.923413364026302, 40.4071897528992 ], [ -79.923445053711006, 40.407156574080503 ], [ -79.923474554984196, 40.407122225669703 ], [ -79.923525679225406, 40.407057148114198 ], [ -79.923577708667494, 40.406992553479 ], [ -79.9236717905749, 40.406886388837201 ], [ -79.923765798922403, 40.406780181353398 ], [ -79.923796622980902, 40.4067448719575 ], [ -79.923827448155706, 40.406709561630699 ], [ -79.923912937643493, 40.406612817587799 ], [ -79.923998407781099, 40.4065160657318 ], [ -79.924137628364306, 40.406345113897899 ], [ -79.924272199110007, 40.406193766671002 ], [ -79.924426690548898, 40.406015956064699 ], [ -79.924534836165407, 40.405880466649499 ], [ -79.924642903634606, 40.405744942558798 ], [ -79.925862918696296, 40.404244123705901 ], [ -79.925944901919706, 40.404138229998502 ], [ -79.926131384216205, 40.403896523781299 ], [ -79.926347443141495, 40.403662666793402 ], [ -79.926477927572094, 40.403503280532 ], [ -79.9268511960897, 40.403143159090902 ], [ -79.926996964592405, 40.403003100492398 ], [ -79.927179457079703, 40.402865151115797 ], [ -79.927415813086498, 40.402692559284702 ], [ -79.927533087148106, 40.402578256943002 ], [ -79.927713498084103, 40.402375894265198 ], [ -79.927809604191907, 40.4022872114355 ], [ -79.927996026746698, 40.402157593472303 ], [ -79.928291670927507, 40.401891406702099 ], [ -79.928735968191901, 40.401574775220702 ], [ -79.928872639059406, 40.401493733091897 ], [ -79.929310278991593, 40.401198375455103 ], [ -79.929634186510697, 40.4009952845119 ], [ -79.929766457798706, 40.400928556221302 ], [ -79.929965070405302, 40.400834883699403 ], [ -79.930255941852806, 40.400649543614001 ], [ -79.930304799841494, 40.400601517554101 ], [ -79.930646323035802, 40.400423784746003 ], [ -79.930881214103294, 40.400239499097701 ], [ -79.931002978252906, 40.400194378686997 ], [ -79.931322108355303, 40.400017066685002 ], [ -79.931905216114899, 40.3996891747002 ], [ -79.931949858282096, 40.399684048546298 ], [ -79.932103962766604, 40.399599776753803 ], [ -79.932291927116694, 40.399523429489903 ], [ -79.932341197912507, 40.399488241107299 ], [ -79.932245079769899, 40.399435700749102 ], [ -79.9324236166633, 40.399349145278798 ], [ -79.932805912803602, 40.399252999971203 ], [ -79.933109717862706, 40.399189910810897 ], [ -79.933277569649903, 40.399146363470599 ], [ -79.933306090768298, 40.399143066719603 ], [ -79.933371652131598, 40.399137958925799 ], [ -79.933534399360795, 40.399121559013302 ], [ -79.933708812291499, 40.399086334436802 ], [ -79.933864938560703, 40.399041280075103 ], [ -79.934093748185006, 40.398980463151801 ], [ -79.9343285850981, 40.398917913805597 ], [ -79.934481262417805, 40.3988752877096 ], [ -79.934612124085405, 40.398835872186197 ], [ -79.934729294041105, 40.398821052517903 ], [ -79.934827831523904, 40.398807378892698 ], [ -79.9349563925594, 40.398766792124697 ], [ -79.935074433249696, 40.398721762980301 ], [ -79.935203149117299, 40.398685058452699 ], [ -79.935303249992501, 40.398666217173997 ], [ -79.935470107585203, 40.3986306581034 ], [ -79.935493435459406, 40.398625686170497 ], [ -79.935630398659001, 40.398596496891898 ], [ -79.935664541987506, 40.3985892194085 ], [ -79.935803451032498, 40.398577187098397 ], [ -79.935928103374806, 40.3985567842278 ], [ -79.936093383245804, 40.398534961745703 ], [ -79.936169079547199, 40.398535629664103 ], [ -79.936246746442905, 40.398546024758602 ], [ -79.936307959180496, 40.398553509789103 ], [ -79.936355383788595, 40.398577859756102 ], [ -79.936386279661505, 40.398618388749398 ], [ -79.936411157259897, 40.398651587784499 ], [ -79.936446823450794, 40.398642361483802 ], [ -79.936477514359396, 40.398598491817502 ], [ -79.936494363494603, 40.3985611371467 ], [ -79.936515368275593, 40.398514605906598 ], [ -79.936546255529805, 40.3984717081441 ], [ -79.936590792838899, 40.398435077829902 ], [ -79.936663646683598, 40.398399981544401 ], [ -79.9367240467503, 40.398377398982902 ], [ -79.936803092577804, 40.398352232767003 ], [ -79.9368826614309, 40.3983346653417 ], [ -79.936983290336201, 40.398322622266598 ], [ -79.937085726093599, 40.3983172140275 ], [ -79.937180766369906, 40.398311251188701 ], [ -79.937276755651297, 40.398298357018703 ], [ -79.937385094239403, 40.398280241646603 ], [ -79.937503583011093, 40.398261876254701 ], [ -79.937631510412004, 40.398234721426803 ], [ -79.937724508969893, 40.398224046523502 ], [ -79.937839198142996, 40.3982194081564 ], [ -79.937987293730799, 40.398215052950697 ], [ -79.938124952544996, 40.398215449202702 ], [ -79.938270260088004, 40.398213816639299 ], [ -79.938449622377405, 40.398211529555397 ], [ -79.938552383877393, 40.398212432544199 ], [ -79.938668255658698, 40.398213451831801 ], [ -79.938774844869599, 40.398213098336598 ], [ -79.938929430169694, 40.398213162014997 ], [ -79.939102843089003, 40.398212582123101 ], [ -79.939230064518298, 40.398218397251803 ], [ -79.939394408790903, 40.3982303424756 ], [ -79.939588989634899, 40.398242562812598 ], [ -79.939813687963706, 40.398262973619403 ], [ -79.940015010114294, 40.398277188768198 ], [ -79.940179560014997, 40.398289469509898 ], [ -79.940384027080498, 40.398305493682997 ], [ -79.940563622846298, 40.398315802979802 ], [ -79.940747735090696, 40.3983350404392 ], [ -79.940902271950307, 40.398352406336201 ], [ -79.941040934432195, 40.398370751558602 ], [ -79.941165237793697, 40.398373629935499 ], [ -79.941271899921304, 40.398382482364497 ], [ -79.941375576909195, 40.398392772375203 ], [ -79.941528754034195, 40.398416263941598 ], [ -79.941687995413901, 40.398444015752801 ], [ -79.941867898359604, 40.398476466929203 ], [ -79.941997306776003, 40.3985055890059 ], [ -79.942122653205899, 40.398537565429997 ], [ -79.942264116818507, 40.398580348922401 ], [ -79.942383994125393, 40.398610669484498 ], [ -79.942556445081493, 40.3986744330291 ], [ -79.942764329377994, 40.3987304120689 ], [ -79.942921870434802, 40.398787250300003 ], [ -79.9430697202299, 40.398827667488199 ], [ -79.943179406460402, 40.398860476185597 ], [ -79.943320927407598, 40.398913938954799 ], [ -79.943467000548296, 40.398974075236097 ], [ -79.943584397127907, 40.399028604874502 ], [ -79.943739323085296, 40.399104822593898 ], [ -79.943927224932594, 40.399196037491301 ], [ -79.9440985515497, 40.3992786979139 ], [ -79.944235122770195, 40.399352171905697 ], [ -79.944354504221593, 40.399401240722298 ], [ -79.944431282918003, 40.3994287502859 ], [ -79.944532642259702, 40.399452751371001 ], [ -79.944609831481998, 40.399481068306201 ], [ -79.944682177905705, 40.399521966010397 ], [ -79.9447385536116, 40.399570310193504 ], [ -79.944797641235397, 40.399620951385003 ], [ -79.944849454790997, 40.399663287818001 ], [ -79.944942258218106, 40.399722137433301 ], [ -79.9450506019584, 40.399802294521002 ], [ -79.945158077993696, 40.3998700017357 ], [ -79.945263470304099, 40.399949828256403 ], [ -79.945342800183894, 40.4000187567813 ], [ -79.945448496115205, 40.400120403698203 ], [ -79.945546593114301, 40.4001932130273 ], [ -79.945641057870105, 40.400239952525403 ], [ -79.945709972629103, 40.400270146724502 ], [ -79.945784576475504, 40.400301677716897 ], [ -79.945875843421007, 40.4003360998435 ], [ -79.945988892435906, 40.4003988437468 ], [ -79.946072623688906, 40.400456329001102 ], [ -79.946161578787297, 40.400532285441003 ], [ -79.946274651089198, 40.400621874624498 ], [ -79.946381459773093, 40.400691844711297 ], [ -79.946505193513801, 40.400775535604701 ], [ -79.946617585006805, 40.4008541350603 ], [ -79.946702390428896, 40.400910484164498 ], [ -79.946843592133007, 40.401028284606902 ], [ -79.946949017997795, 40.401120066288101 ], [ -79.947016943547496, 40.401188247617 ], [ -79.947076624848506, 40.401256017294401 ], [ -79.947169236830206, 40.401370652646499 ], [ -79.947253274176703, 40.401478740464697 ], [ -79.947333378501099, 40.401580969007597 ], [ -79.947438026000498, 40.4017109080105 ], [ -79.947515199133704, 40.401797104425697 ], [ -79.947570278720406, 40.401861762421703 ], [ -79.947620880141997, 40.401914428509002 ], [ -79.947726231492894, 40.402011554907503 ], [ -79.947828649163597, 40.402120920441298 ], [ -79.947908749969102, 40.402209419376902 ], [ -79.947989997593396, 40.402277870939898 ], [ -79.948051465454597, 40.402353906777201 ], [ -79.948092016360206, 40.402392873395002 ], [ -79.948138084417593, 40.402425393752502 ], [ -79.948198938188, 40.4024737709044 ], [ -79.948247905159505, 40.402564979236999 ], [ -79.948321156638698, 40.402695005159998 ], [ -79.948418313365806, 40.402812433146401 ], [ -79.948451024014204, 40.402877280504697 ], [ -79.948481802677705, 40.402973006000302 ], [ -79.948528030898302, 40.403054998178099 ], [ -79.948593718247295, 40.403134092060903 ], [ -79.948655181523606, 40.403208820515196 ], [ -79.948741609474894, 40.403273051467103 ], [ -79.948833947047305, 40.403347474027299 ], [ -79.948886548173604, 40.403401664530399 ], [ -79.948938277614303, 40.403483498664997 ], [ -79.948995709911003, 40.403569539376598 ], [ -79.949068572188807, 40.403667068782198 ], [ -79.949121580202302, 40.403737749115599 ], [ -79.949187033924204, 40.4038401202681 ], [ -79.949235814832704, 40.403909343251897 ], [ -79.949300020208, 40.403991185608199 ], [ -79.949370375475894, 40.404056702320098 ], [ -79.949445804990901, 40.404126262770497 ], [ -79.949496495967907, 40.404187726996199 ], [ -79.949538012450901, 40.404243896724999 ], [ -79.949547180771006, 40.404256303707399 ], [ -79.949569516081496, 40.404338441514902 ], [ -79.949600287299305, 40.404440956751401 ], [ -79.949637642611506, 40.404519065367602 ], [ -79.949689757300902, 40.404637435743403 ], [ -79.949727962021697, 40.4047089130475 ], [ -79.949777242939604, 40.4047893917039 ], [ -79.949847077196907, 40.404868387011199 ], [ -79.949913808703201, 40.404966398438603 ], [ -79.949971432772003, 40.405074262281303 ], [ -79.950017223413894, 40.405176461597101 ], [ -79.950063016866395, 40.405274621329703 ], [ -79.950128658164402, 40.405402215540299 ], [ -79.950177375806206, 40.405537073325704 ], [ -79.950208340512305, 40.405662867773799 ], [ -79.950237617789298, 40.405779769414501 ], [ -79.950268794786894, 40.405903140057902 ], [ -79.950299781478805, 40.406006787912602 ], [ -79.950350583749994, 40.406171876131097 ], [ -79.950401383338999, 40.406340850742701 ], [ -79.950419917764904, 40.406418298790101 ], [ -79.950461444130895, 40.4065544465778 ], [ -79.950477011150298, 40.406638360857499 ], [ -79.950484345058996, 40.4067082045107 ], [ -79.950485742339794, 40.406789848284603 ], [ -79.950492422749406, 40.406877962368199 ], [ -79.950493810439298, 40.406971890619197 ], [ -79.950489742164507, 40.407025238514997 ], [ -79.950480999550095, 40.407097982961098 ], [ -79.950480523417596, 40.4071479372992 ], [ -79.950540128050704, 40.407184023968099 ], [ -79.950605658753702, 40.407214778946397 ], [ -79.950681121293897, 40.407251843548799 ], [ -79.9507252561786, 40.407318797781599 ], [ -79.9507342417769, 40.407429383433197 ], [ -79.950732255789404, 40.407514420387699 ], [ -79.950730033124998, 40.407622089062599 ], [ -79.950739024765895, 40.407723136157401 ], [ -79.950755224085995, 40.407812869694403 ], [ -79.950780075264504, 40.407919098209703 ], [ -79.950817620395199, 40.408019515653599 ], [ -79.9508558148449, 40.408105869807002 ], [ -79.950879230137502, 40.408167153212602 ], [ -79.950903876163196, 40.4082664299752 ], [ -79.950916051302599, 40.408358912156302 ], [ -79.950940254917199, 40.408479854311203 ], [ -79.950951370679505, 40.408571686424402 ], [ -79.950973034680999, 40.408695373274803 ], [ -79.9509919881272, 40.408776704108803 ], [ -79.951010747496696, 40.408843806657401 ], [ -79.951041555928398, 40.408912206576197 ], [ -79.951074248707698, 40.409003729302398 ], [ -79.951098045049704, 40.409106241029697 ], [ -79.951119099845201, 40.409204224060801 ], [ -79.9511329742502, 40.409290399256598 ], [ -79.951152786506697, 40.409359928486701 ], [ -79.951195656993903, 40.4094233256804 ], [ -79.9512357622975, 40.409501271492097 ], [ -79.9512581296853, 40.409553020142098 ], [ -79.951231669978498, 40.4095782236123 ], [ -79.951199695357602, 40.409618622685002 ], [ -79.951184633355993, 40.409662261494901 ], [ -79.951160701669394, 40.409696684043098 ], [ -79.951093204580204, 40.409728979218997 ], [ -79.951032695447495, 40.409749798313001 ], [ -79.951052325728298, 40.409791196785797 ], [ -79.951099278933796, 40.409790418259398 ], [ -79.951166536102903, 40.409786250180801 ], [ -79.951225944784994, 40.409807139849399 ], [ -79.951260595765902, 40.409843051299397 ], [ -79.951304326531996, 40.409893354099303 ], [ -79.951328602319094, 40.409940735872901 ], [ -79.951330016776893, 40.410008311267298 ], [ -79.951328901591907, 40.410066512648903 ], [ -79.951350777890994, 40.410186482880498 ], [ -79.951390126385306, 40.410394731702098 ], [ -79.951420838741299, 40.410564175174699 ], [ -79.951441254032801, 40.410667816095703 ], [ -79.951455788777196, 40.410727640763 ], [ -79.951479854023702, 40.4107716266277 ], [ -79.951488049296799, 40.410828701937596 ], [ -79.951493433728999, 40.410945428013498 ], [ -79.951499087348793, 40.411002661669798 ], [ -79.951516103283694, 40.411121818221098 ], [ -79.9515259210702, 40.411247924356601 ], [ -79.951525636592507, 40.411320676098903 ], [ -79.951521928117202, 40.411438689849803 ], [ -79.951509142567602, 40.4115387537583 ], [ -79.951506707301803, 40.411645290451702 ], [ -79.951512555371806, 40.4117219233773 ], [ -79.951524914293799, 40.411844960446302 ], [ -79.951540048691697, 40.411942776052598 ], [ -79.951570593957399, 40.412068731252901 ], [ -79.951588911305706, 40.412153128056097 ], [ -79.951600442693007, 40.412258052639302 ], [ -79.951613433665003, 40.412382862273603 ], [ -79.951637225663703, 40.412492982719399 ], [ -79.951672008567797, 40.412610201542797 ], [ -79.951683989742406, 40.412687324741498 ], [ -79.951688778920001, 40.4127654138235 ], [ -79.951715118422101, 40.412863875257997 ], [ -79.951745297522507, 40.412933245516399 ], [ -79.951789845942898, 40.4130139568123 ], [ -79.951830184268005, 40.413075730036603 ], [ -79.951839652490804, 40.413124878598801 ], [ -79.951820356809506, 40.413178385232399 ], [ -79.951784983392898, 40.413229599307499 ], [ -79.951755342491893, 40.413261591206997 ], [ -79.951734555973005, 40.413323340388999 ], [ -79.951737024152195, 40.413394804548602 ], [ -79.951740956607793, 40.413481780836001 ], [ -79.951743978093901, 40.413639566792298 ], [ -79.951749510428698, 40.413822256331301 ], [ -79.951754030372101, 40.413966182634098 ], [ -79.9517552532065, 40.414005109416202 ], [ -79.951755506318804, 40.414183093419801 ], [ -79.951755737073199, 40.4143772629049 ], [ -79.951759403192696, 40.414525832346499 ], [ -79.951765178807406, 40.414673924653997 ], [ -79.951772249774805, 40.414797921879298 ], [ -79.95177209869, 40.4149550619913 ], [ -79.951769075894902, 40.415015367196297 ], [ -79.951766890482503, 40.415092163109698 ], [ -79.951763625870996, 40.415184470078202 ], [ -79.951761954198901, 40.415210324523201 ], [ -79.951758040281007, 40.415270953006797 ], [ -79.951758577308496, 40.415288497153597 ], [ -79.951761117602999, 40.4153715253059 ], [ -79.951761460172705, 40.415451856696997 ], [ -79.951755240185406, 40.415543533525799 ], [ -79.951751975515606, 40.415638585443098 ], [ -79.951749773092004, 40.415726204741702 ], [ -79.951745236078807, 40.415826441098297 ], [ -79.951741124602194, 40.415921657794399 ], [ -79.951736369228001, 40.416025931510298 ], [ -79.951737962270499, 40.416127937447598 ], [ -79.951733630356998, 40.416233016575198 ], [ -79.951732602369006, 40.416251831949197 ], [ -79.951729322992705, 40.416311753753703 ], [ -79.951729157206202, 40.416376034987302 ], [ -79.951728981870005, 40.416444322577 ], [ -79.951728484028493, 40.4165235339728 ], [ -79.951728391384606, 40.416614875985097 ], [ -79.951735041820299, 40.416736781260198 ], [ -79.951739828989204, 40.416816640545598 ], [ -79.951741256286198, 40.416872417814801 ], [ -79.951738973259907, 40.416980074909098 ], [ -79.951755357991104, 40.417080656600703 ], [ -79.951759689635693, 40.417157065218497 ], [ -79.951766376173296, 40.417228088586498 ], [ -79.951786663442903, 40.417300777886503 ], [ -79.951801515919598, 40.417412228957602 ], [ -79.951803767921305, 40.417569215996998 ], [ -79.951808792465101, 40.417671807835397 ], [ -79.9518130930486, 40.417796246985098 ], [ -79.951820047418494, 40.417917886092098 ], [ -79.951828994106705, 40.418011502561399 ], [ -79.9518399566536, 40.418120444963499 ], [ -79.951846560118696, 40.418213625927201 ], [ -79.951847944897906, 40.418296562556897 ], [ -79.951843094021299, 40.418388842057503 ], [ -79.951859045299202, 40.4185381132543 ], [ -79.951879283859498, 40.418707515573701 ], [ -79.951903662768899, 40.418880226244703 ], [ -79.951926243185099, 40.4190499046234 ], [ -79.951938413159994, 40.419170446126799 ], [ -79.951941364889805, 40.419199678081903 ], [ -79.951961816364005, 40.4193200725393 ], [ -79.951988017521799, 40.419453612812397 ], [ -79.952005356059104, 40.419594122686497 ], [ -79.9520125680896, 40.419649772551601 ], [ -79.952035393950496, 40.4197591202974 ], [ -79.952052070762093, 40.419849835421502 ], [ -79.952077449868796, 40.419941340486197 ], [ -79.952083910894501, 40.4200303215706 ], [ -79.952097696780896, 40.420123033169602 ], [ -79.952133883444205, 40.420208824283797 ], [ -79.952175836452994, 40.4203145525466 ], [ -79.952199190510996, 40.420402543151802 ], [ -79.952224342426703, 40.420517991356697 ], [ -79.952254704884794, 40.420612795866397 ], [ -79.952295393750603, 40.420718710342399 ], [ -79.952341848184403, 40.420832110133503 ], [ -79.952381320460503, 40.420964087445597 ], [ -79.952417548604402, 40.421075429984697 ], [ -79.952466380159194, 40.421184253930001 ], [ -79.952509461266402, 40.4212918992434 ], [ -79.952562971818907, 40.4214320058705 ], [ -79.952590144042802, 40.4215079510289 ], [ -79.952640204010805, 40.421621600871198 ], [ -79.952713123878098, 40.421741583073903 ], [ -79.952764381463197, 40.421822542652698 ], [ -79.9528015556253, 40.421894080078701 ], [ -79.952857461958004, 40.421950364411799 ], [ -79.952882754528801, 40.421965862679897 ], [ -79.952931807789895, 40.422001422493899 ], [ -79.953012712429597, 40.422119785641897 ], [ -79.953107114538994, 40.422285749203702 ], [ -79.953213558860099, 40.422475564216398 ], [ -79.953302985797805, 40.422607826337803 ], [ -79.953377761932799, 40.422732459973602 ], [ -79.953431424963199, 40.422815633680798 ], [ -79.953462753826301, 40.422877102550601 ], [ -79.953488983905899, 40.422950317823201 ], [ -79.953493653681605, 40.423017985954601 ], [ -79.953500052496807, 40.423099039578297 ], [ -79.953502570327601, 40.423141200957197 ], [ -79.9535098973233, 40.423181803991604 ], [ -79.953542760855001, 40.423214132829699 ], [ -79.953590795408502, 40.423269282328697 ], [ -79.953648980707996, 40.423336352199698 ], [ -79.953699106190896, 40.423396795829198 ], [ -79.953761840908996, 40.423448572166997 ], [ -79.953794449015604, 40.423498048480702 ], [ -79.953825734545703, 40.4235705141135 ], [ -79.953866688610901, 40.423659442492301 ], [ -79.953885094019, 40.423688460676303 ], [ -79.953921075961802, 40.423745190369502 ], [ -79.953992119556901, 40.423822998200798 ], [ -79.954057963303697, 40.423903499700003 ], [ -79.954101740388097, 40.423957763586202 ], [ -79.954120874120804, 40.424009289610801 ], [ -79.954157517601701, 40.424053024163698 ], [ -79.954206540839195, 40.424099902580203 ], [ -79.954274408489695, 40.424134919115801 ], [ -79.954322456511605, 40.424190225721603 ], [ -79.954364472389798, 40.4242487319856 ], [ -79.9544380975194, 40.4243216364072 ], [ -79.954510999403894, 40.424404257865099 ], [ -79.9545484068218, 40.4244701337416 ], [ -79.954565844840403, 40.424515384157097 ], [ -79.954564687888904, 40.424567646835698 ], [ -79.954601289225394, 40.424622376287402 ], [ -79.954659950577593, 40.424678766676998 ], [ -79.954723487972302, 40.424723085106898 ], [ -79.954799816924407, 40.424782350776802 ], [ -79.954888047436796, 40.424861430936701 ], [ -79.954975201608505, 40.424933900263397 ], [ -79.955032470218995, 40.4250111767196 ], [ -79.955090074644204, 40.425079715498399 ], [ -79.955152175907799, 40.425155924918201 ], [ -79.955227744085306, 40.425260488918497 ], [ -79.955268288432407, 40.4253068918309 ], [ -79.955365994927405, 40.425396776887403 ], [ -79.955441708188701, 40.4254688300569 ], [ -79.955497966211396, 40.425553566779897 ], [ -79.955543888525597, 40.425626869642699 ], [ -79.955597747834602, 40.425685133172898 ], [ -79.955631620833898, 40.4257588417004 ], [ -79.955690097677007, 40.425815877435198 ], [ -79.955748713386498, 40.425870811461301 ], [ -79.955828869282101, 40.425948919907697 ], [ -79.955866864582404, 40.426001197220799 ], [ -79.955928155823301, 40.426078393750302 ], [ -79.956070407775698, 40.426183548795898 ], [ -79.956135653611696, 40.426264868669399 ], [ -79.9561945131709, 40.426326912902397 ], [ -79.956265026420198, 40.426401495405003 ], [ -79.956384977770597, 40.426492061115901 ], [ -79.956462725780497, 40.426555502100499 ], [ -79.956507904998205, 40.4266074699499 ], [ -79.956559030499207, 40.426653820795302 ], [ -79.956618075436495, 40.426675047317602 ], [ -79.9567034967761, 40.426714587422801 ], [ -79.956819146860497, 40.426783104053698 ], [ -79.956878969424295, 40.426830082308904 ], [ -79.956983643231894, 40.426913358411902 ], [ -79.957087438440198, 40.426995678267097 ], [ -79.957157730715295, 40.4270699401565 ], [ -79.957251926656397, 40.427156173759201 ], [ -79.957342509220297, 40.427247977942997 ], [ -79.957453140236794, 40.427332097450702 ], [ -79.957563737242694, 40.4274152409617 ], [ -79.957674465607795, 40.427508263517502 ], [ -79.957724999209901, 40.427549773086099 ], [ -79.957775193143206, 40.427600895114303 ], [ -79.957858592497701, 40.427685834603203 ], [ -79.957999615201501, 40.427810253468799 ], [ -79.958009985865502, 40.427823340425498 ], [ -79.958047415682103, 40.427870573076099 ], [ -79.958105751999597, 40.427923411366898 ], [ -79.958175479913095, 40.427987496399098 ], [ -79.958255619003495, 40.428064963038302 ], [ -79.958324575544097, 40.428137311105203 ], [ -79.958381648229206, 40.428196477712802 ], [ -79.958443792527106, 40.428273654865997 ], [ -79.958471006279197, 40.428295584398903 ], [ -79.958539668420201, 40.428316678392399 ], [ -79.958606519588201, 40.428340392464897 ], [ -79.958679321493605, 40.4283832236436 ], [ -79.958795153944607, 40.428464650677498 ], [ -79.958881089165303, 40.428526151658303 ], [ -79.958982526205702, 40.4286013962788 ], [ -79.959077768201595, 40.428680987052097 ], [ -79.959143763148404, 40.4287349531416 ], [ -79.959236195602699, 40.428825107976202 ], [ -79.959301566683493, 40.428879418329899 ], [ -79.959373293508307, 40.428933919714098 ], [ -79.9593936914099, 40.428947634600803 ], [ -79.959431418546401, 40.428972793391701 ], [ -79.959446394579601, 40.428982395872602 ], [ -79.959470237978095, 40.428997683543102 ], [ -79.959538166729004, 40.429041240702702 ], [ -79.959558277293198, 40.429054134957198 ], [ -79.9595999638682, 40.429080862065398 ], [ -79.959666988989795, 40.429134006391102 ], [ -79.959755948525199, 40.429215485189502 ], [ -79.959870639363501, 40.429306639910997 ], [ -79.959972521261903, 40.429370237729302 ], [ -79.960069452782093, 40.429437492199 ], [ -79.960153734824601, 40.429487858489502 ], [ -79.9602203989987, 40.4295366518949 ], [ -79.960284467347293, 40.429602142128097 ], [ -79.960303241175794, 40.429637017871798 ], [ -79.960361047820896, 40.429680639378297 ], [ -79.960484063615993, 40.429767740685499 ], [ -79.960567375026997, 40.429814401952498 ], [ -79.960637385524706, 40.429855999803699 ], [ -79.960675625500897, 40.429902933269403 ], [ -79.960698847747906, 40.429937886897001 ], [ -79.960801104726301, 40.429975604701397 ], [ -79.9609075064471, 40.430035221672703 ], [ -79.961024462995098, 40.430100128283001 ], [ -79.961141749410601, 40.4301805612957 ], [ -79.961229007213802, 40.430243471274501 ], [ -79.961318095425995, 40.430304097582002 ], [ -79.961390968266002, 40.430348866232002 ], [ -79.961509027143507, 40.430421044727602 ], [ -79.9615881459749, 40.430481204916497 ], [ -79.961699250150104, 40.4305420293285 ], [ -79.961798684364894, 40.430595977263302 ], [ -79.961920688532899, 40.430665956473 ], [ -79.962023006836503, 40.430723720054203 ], [ -79.962139056026999, 40.430792847312397 ], [ -79.962217410417495, 40.430849149774303 ], [ -79.962331784357303, 40.430918802598498 ], [ -79.962402241599506, 40.430973164324598 ], [ -79.962476751552899, 40.431016294710098 ], [ -79.962601695974598, 40.431073432648198 ], [ -79.962729442280803, 40.431150251298 ], [ -79.962862883766206, 40.431226625613498 ], [ -79.963080205482996, 40.431326662647898 ], [ -79.963314869037504, 40.431455861641602 ], [ -79.963474225180605, 40.431545413191699 ], [ -79.963635781171007, 40.431632148597998 ], [ -79.963809588336204, 40.431706219720198 ], [ -79.963983215319601, 40.4317888712444 ], [ -79.964156173093798, 40.431871378586798 ], [ -79.964313171668095, 40.431939320826402 ], [ -79.964466912751405, 40.432006064068503 ], [ -79.964620658976898, 40.432076689772302 ], [ -79.964782087074198, 40.432148705817902 ], [ -79.964928573847303, 40.432226181772798 ], [ -79.9650142050358, 40.432261475100603 ], [ -79.965132841601005, 40.4322956194165 ], [ -79.965282571784499, 40.432354227943101 ], [ -79.965494217353097, 40.432426516207698 ], [ -79.965607995005797, 40.432461453189397 ], [ -79.965773120684304, 40.432531088045302 ], [ -79.965894729631501, 40.4325654655755 ], [ -79.966047368438893, 40.432622856126798 ], [ -79.966185060906199, 40.432669692956402 ], [ -79.966381997394393, 40.432732066575603 ], [ -79.966430541398395, 40.432769033308801 ], [ -79.966578796523905, 40.432815331036302 ], [ -79.966957247107302, 40.432943118399599 ], [ -79.967067900531106, 40.432988658632802 ], [ -79.967762733903101, 40.433253364235597 ], [ -79.968039769883305, 40.4333422310144 ], [ -79.968131782872902, 40.433366281904 ], [ -79.968310621801507, 40.433410550739197 ], [ -79.968504417080595, 40.433457542857099 ], [ -79.969194501423701, 40.433557472308401 ], [ -79.969798856518295, 40.433672945152701 ], [ -79.970435938436594, 40.433759126485299 ], [ -79.971309714333998, 40.433912662047497 ], [ -79.971979556474295, 40.434038706642198 ], [ -79.972701990925501, 40.434193082606598 ], [ -79.973018187374905, 40.434219434813201 ], [ -79.973114790268596, 40.434233880252599 ], [ -79.973137814194004, 40.434237384004 ], [ -79.973297166463297, 40.434261347784897 ], [ -79.973345015655696, 40.434268493518303 ], [ -79.973408333258305, 40.434278834274103 ], [ -79.973386309654202, 40.434410969472701 ], [ -79.973336309373593, 40.434603970022401 ], [ -79.973021309296797, 40.435823970128801 ], [ -79.973000310769606, 40.435930970011299 ], [ -79.972984310179001, 40.436014969918602 ], [ -79.972949309506006, 40.436182969768403 ], [ -79.972931310090004, 40.436271970128203 ], [ -79.972919310115003, 40.436329969511497 ], [ -79.972897310335696, 40.436436970604198 ], [ -79.972877310605298, 40.4365349704211 ], [ -79.972838310630394, 40.436732969667602 ], [ -79.9728103097722, 40.436870969923902 ], [ -79.972794310031006, 40.436952969826699 ], [ -79.972758310367894, 40.437129969599603 ], [ -79.972646310616994, 40.437702970603397 ], [ -79.972739310243398, 40.437731969995198 ], [ -79.972828309554899, 40.437760970591697 ], [ -79.972925309732403, 40.437790970325601 ], [ -79.973218310394699, 40.437881970174203 ], [ -79.973261309958602, 40.437895970348798 ], [ -79.9733183105987, 40.4379079696416 ], [ -79.973504311050505, 40.437945969672903 ], [ -79.973549309396503, 40.437955970139797 ], [ -79.974073310828203, 40.438001969754801 ], [ -79.9742633109488, 40.4380199696704 ], [ -79.974296310775799, 40.438021969519099 ], [ -79.974397310997901, 40.438030970044302 ], [ -79.974431310631104, 40.438033970398102 ], [ -79.974622310851899, 40.438049970353902 ], [ -79.975194311010796, 40.4381009694971 ], [ -79.975386310239003, 40.438118969620398 ], [ -79.975486310997098, 40.438126970459599 ], [ -79.975789311698506, 40.4381479706486 ], [ -79.975890311198398, 40.4381549708501 ], [ -79.976058017135799, 40.438163584052397 ], [ -79.976221310760394, 40.438171970315501 ], [ -79.976364311088403, 40.438179969882803 ], [ -79.976507311480205, 40.438187970173502 ], [ -79.977216311156099, 40.438220969131301 ], [ -79.977548311333805, 40.438236968992399 ], [ -79.977505311109198, 40.438306969763097 ], [ -79.977475310641296, 40.4383359697622 ], [ -79.977419311124606, 40.438358969298697 ], [ -79.976908310741905, 40.438571970272299 ], [ -79.976786311448706, 40.438623970298003 ], [ -79.976736311697707, 40.438636970382198 ], [ -79.976630310606495, 40.438687970081702 ], [ -79.976315311812002, 40.438840970148902 ], [ -79.976211310946894, 40.438892970522097 ], [ -79.975904311986994, 40.439008970455703 ], [ -79.975376310756104, 40.439209970255398 ], [ -79.974983311210394, 40.439359970618703 ], [ -79.974677311460496, 40.439476970454898 ], [ -79.974533310257996, 40.439553971042997 ], [ -79.974317309853902, 40.4396399692926 ], [ -79.973929310671807, 40.439790970584497 ], [ -79.973409310662305, 40.439991970213399 ], [ -79.973170309661398, 40.439865970709398 ], [ -79.973023310284105, 40.439787970979502 ], [ -79.973115311189204, 40.439987970578898 ], [ -79.9731533104286, 40.440042971163301 ], [ -79.973212310672295, 40.440127970372103 ], [ -79.973374310560402, 40.440306970497801 ], [ -79.9735433108889, 40.440452970947497 ], [ -79.973768310075599, 40.440640970614098 ], [ -79.973817310175505, 40.440681970081201 ], [ -79.973951310987701, 40.440861970396099 ], [ -79.973849310087203, 40.440905970825597 ], [ -79.973821309932205, 40.4409159706357 ], [ -79.973687309410494, 40.440965970333203 ], [ -79.973635310009698, 40.440978970569098 ], [ -79.973581309915104, 40.440986969793201 ], [ -79.973527310109503, 40.440989970040398 ], [ -79.973418310208203, 40.440981970316301 ], [ -79.973339310320696, 40.440963971066402 ], [ -79.973277309653, 40.440938970142199 ], [ -79.973242309427903, 40.440924970988497 ], [ -79.972870309449206, 40.440675970335697 ], [ -79.972687310920705, 40.4405529712487 ], [ -79.972436309753107, 40.440377971031403 ], [ -79.972281309530899, 40.440270970635197 ], [ -79.972149309907493, 40.440147970569299 ], [ -79.972078309843099, 40.440070970719397 ], [ -79.971999310519493, 40.439924970927102 ], [ -79.971976310384207, 40.439864970910001 ], [ -79.971907310293105, 40.439759970307001 ], [ -79.971853309048896, 40.439702970774803 ], [ -79.971838309972895, 40.439690970356999 ], [ -79.971780309699099, 40.4396459707364 ], [ -79.971687309480401, 40.439596971170801 ], [ -79.971609309813303, 40.4395709707102 ], [ -79.971506309152304, 40.439548970539597 ], [ -79.971388309576497, 40.439542969832203 ], [ -79.971369309168395, 40.439541970259199 ], [ -79.971325308845806, 40.4395449700637 ], [ -79.971267309329207, 40.439550970395203 ], [ -79.971140309779898, 40.439574971235501 ], [ -79.971079310033303, 40.439587970364897 ], [ -79.970791309181706, 40.439644970626297 ], [ -79.970688309297898, 40.439665970171703 ], [ -79.970491309744205, 40.439713970621099 ], [ -79.970441309792804, 40.439649970359 ], [ -79.970310309042503, 40.439523969888199 ], [ -79.970159309529393, 40.439410970229702 ], [ -79.970081309463396, 40.439351970697601 ], [ -79.969784309151706, 40.439191969810402 ], [ -79.969545309066504, 40.4390929702177 ], [ -79.969451309112699, 40.439053969763698 ], [ -79.968716308464096, 40.438778971010699 ], [ -79.968626309123593, 40.438914971317097 ], [ -79.968447308631099, 40.439190970415702 ], [ -79.968412308758204, 40.439252970113102 ], [ -79.968359309639794, 40.439385970738698 ], [ -79.968192309073203, 40.439363971052302 ], [ -79.968004308834693, 40.439356971028602 ], [ -79.9678613082353, 40.439367970396901 ], [ -79.967760308955903, 40.439387970399501 ], [ -79.967684308620207, 40.439419971233598 ], [ -79.967643159008304, 40.439446781069599 ], [ -79.967618308401498, 40.439462971416901 ], [ -79.967565308251594, 40.439515970628698 ], [ -79.967556309319605, 40.439527970189403 ], [ -79.967554308442104, 40.439660970075998 ], [ -79.967552309187099, 40.439707970894801 ], [ -79.967563308036105, 40.439761970693503 ], [ -79.967578308477101, 40.439808971399799 ], [ -79.967584307803605, 40.439856970938003 ], [ -79.967596309351805, 40.439907971406797 ], [ -79.967608308816096, 40.439956971077997 ], [ -79.967621308151394, 40.440030970573297 ], [ -79.967664308922394, 40.440196970611296 ], [ -79.967794308817105, 40.440694970398397 ], [ -79.967838307959894, 40.440860971027703 ], [ -79.967855307946095, 40.4409209716394 ], [ -79.967904309010507, 40.441086970836103 ], [ -79.967914307927103, 40.441101970330202 ], [ -79.967949308918904, 40.441154971598202 ], [ -79.968005308768895, 40.441203970832198 ], [ -79.968013308694907, 40.441213971010797 ], [ -79.968069308716693, 40.441288971173798 ], [ -79.968140309156198, 40.4414439708803 ], [ -79.968177308864696, 40.441524971550997 ], [ -79.968218308723706, 40.4416369709988 ], [ -79.968336309069798, 40.441833971523202 ], [ -79.968480308242704, 40.442194971111199 ], [ -79.9685123096137, 40.4422739713063 ], [ -79.967906309391793, 40.442737971648697 ], [ -79.968019308632194, 40.442910971949303 ], [ -79.967816308182094, 40.442956971127799 ], [ -79.967209308353702, 40.443096971265199 ], [ -79.967172308681299, 40.443105971858301 ], [ -79.967007308970096, 40.443143971381602 ], [ -79.966817308471803, 40.443187970789701 ], [ -79.966444308438398, 40.443275971311799 ], [ -79.966251308467307, 40.443328971150201 ], [ -79.966111308511898, 40.443367970962598 ], [ -79.966066308065805, 40.443384971208502 ], [ -79.9658723087597, 40.443084971578401 ], [ -79.965760308990596, 40.442826971863198 ], [ -79.965483307778996, 40.4430279716345 ], [ -79.965182307389, 40.4432629719552 ], [ -79.965044308096694, 40.443366971378303 ], [ -79.964182307688404, 40.443992971579803 ], [ -79.964120308304601, 40.444038972346497 ], [ -79.963641307100602, 40.444413972167801 ], [ -79.9634333076106, 40.444566971811597 ], [ -79.963255307631499, 40.444670971160697 ], [ -79.962990308248095, 40.4450129722414 ], [ -79.962968307759397, 40.445034972065002 ], [ -79.962786307815307, 40.445219971478402 ], [ -79.962677307294001, 40.445294971283801 ], [ -79.962549306718103, 40.445364971863498 ], [ -79.962444307740398, 40.445412971435204 ], [ -79.962301307061296, 40.4454649721403 ], [ -79.962233307478499, 40.445485972249799 ], [ -79.961950306839299, 40.445539972200997 ], [ -79.961805308092906, 40.445549971444898 ], [ -79.961724307196903, 40.445548972203198 ], [ -79.961586306905403, 40.445547971848001 ], [ -79.961511307903294, 40.445541972185197 ], [ -79.961263306742396, 40.445508972167303 ], [ -79.961143306923404, 40.445475972115098 ], [ -79.960891306814403, 40.445480972615002 ], [ -79.960721306174904, 40.445525972813797 ], [ -79.960602307107095, 40.445557972396799 ], [ -79.9604303065219, 40.445658972408097 ], [ -79.960344307553598, 40.445745971901999 ], [ -79.960282307269907, 40.445844972265597 ], [ -79.960246306821006, 40.445950972378199 ], [ -79.960055306878999, 40.446914972126102 ], [ -79.960038307145496, 40.447005972366703 ], [ -79.959967307039705, 40.4472109723744 ], [ -79.959820305993901, 40.447403971982297 ], [ -79.959763305931901, 40.447441972255902 ], [ -79.959681306731696, 40.447498972339197 ], [ -79.959599306745403, 40.447562972125603 ], [ -79.959546306154294, 40.447605973116097 ], [ -79.959282306711202, 40.447655972528601 ], [ -79.959266307373198, 40.447664972656597 ], [ -79.959199306403406, 40.447705972725601 ], [ -79.959133306437593, 40.447786972901802 ], [ -79.959094306627506, 40.447906973540697 ], [ -79.959048306449802, 40.4479669722949 ], [ -79.958910306357296, 40.448143972138098 ], [ -79.958784307263699, 40.448269973102001 ], [ -79.958721306367593, 40.448306973142799 ], [ -79.958477305982299, 40.448456972188701 ], [ -79.958327306588899, 40.448551972922701 ], [ -79.958070305874401, 40.448735973199902 ], [ -79.957869306454796, 40.448880972912903 ], [ -79.957815305796203, 40.448920973355499 ], [ -79.9577133054336, 40.448979972904901 ], [ -79.957528306520999, 40.449112973079302 ], [ -79.957356306601596, 40.449237972704999 ], [ -79.956981306012594, 40.449485973136298 ], [ -79.956965306512302, 40.449496972858 ], [ -79.956781305622201, 40.449630973394903 ], [ -79.956398305751804, 40.449889973720502 ], [ -79.956279306416704, 40.449971973998203 ], [ -79.955482305853906, 40.450525973572198 ], [ -79.9552723060104, 40.4507009733803 ], [ -79.955239304833796, 40.450729974064899 ], [ -79.954980305995804, 40.450918973489699 ], [ -79.954907305491005, 40.450983973684203 ], [ -79.954807305234993, 40.451228973106303 ], [ -79.9545083061046, 40.451963973223599 ], [ -79.954409305043598, 40.452209973828097 ], [ -79.954358305139706, 40.4523319743465 ], [ -79.954206305652306, 40.452700974558098 ], [ -79.954156305845203, 40.4528239738694 ], [ -79.954133304821198, 40.452893973807797 ], [ -79.954111305794001, 40.452964973511897 ], [ -79.954074305867195, 40.4531059737185 ], [ -79.954073305307205, 40.453179973747801 ], [ -79.954071305345096, 40.453227974011803 ], [ -79.954090305235596, 40.453333973379898 ], [ -79.954098305214302, 40.4533729733757 ], [ -79.954134306055394, 40.453488973361097 ], [ -79.954186305375501, 40.4536119742653 ], [ -79.9542633055392, 40.453711973997102 ], [ -79.954308304941506, 40.453799973656501 ], [ -79.954406305550606, 40.454056973956199 ], [ -79.954477305111993, 40.4543289741911 ], [ -79.954539305875002, 40.454593974219598 ], [ -79.954620305180697, 40.454878974119403 ], [ -79.954988305735796, 40.456248974354899 ], [ -79.955049305912397, 40.456472974044402 ], [ -79.955112305602299, 40.456750974907699 ], [ -79.955187305792606, 40.456977973976102 ], [ -79.955282305923802, 40.457161975052998 ], [ -79.955277305312805, 40.4573079747233 ], [ -79.955537515963599, 40.457712672468602 ], [ -79.955666305958005, 40.457912973789803 ], [ -79.955793306620095, 40.458084974181602 ], [ -79.9559503065759, 40.458211973917301 ], [ -79.956182305877704, 40.4583099737076 ], [ -79.956447927826801, 40.458397595578802 ], [ -79.956952306315401, 40.458563974252002 ], [ -79.957223307132693, 40.458661974158503 ], [ -79.957211297184202, 40.458773391111997 ], [ -79.957205306383202, 40.458828974546599 ], [ -79.957159307439994, 40.458941975604098 ], [ -79.9570623071548, 40.459068975178198 ], [ -79.956910306596498, 40.459254975676998 ], [ -79.956385306989304, 40.459808975058401 ], [ -79.956159306778801, 40.460085975332902 ], [ -79.956104233235706, 40.460142299953702 ], [ -79.9559393065542, 40.460310974353298 ], [ -79.955728305814006, 40.460157973628398 ], [ -79.955479306183307, 40.459921973795701 ], [ -79.955442846611206, 40.459882934948602 ], [ -79.955267306850203, 40.459694974392001 ], [ -79.955218305564401, 40.459634973775202 ], [ -79.954817250165902, 40.4591504966969 ], [ -79.954569306413205, 40.458850973738897 ], [ -79.954268305445396, 40.4584949742354 ], [ -79.954049305305503, 40.458275974367602 ], [ -79.953833305277797, 40.4580889733029 ], [ -79.953752306320297, 40.458032973918399 ], [ -79.953456305581199, 40.457851974692602 ], [ -79.953303306165196, 40.457773974561299 ], [ -79.953051305333801, 40.457661973407397 ], [ -79.952994304846698, 40.457636974330299 ], [ -79.952647305142193, 40.457533974459899 ], [ -79.952537305738304, 40.4575079734621 ], [ -79.952219305150606, 40.457450973761098 ], [ -79.952090305129204, 40.457431973723097 ], [ -79.951968305534294, 40.457413974373303 ], [ -79.951809304956697, 40.457391973603997 ], [ -79.951604304994206, 40.457365973293903 ], [ -79.951483305426095, 40.457351974049097 ], [ -79.951475304708893, 40.457323975297797 ], [ -79.951451304807193, 40.457239974492602 ], [ -79.951444305358294, 40.457211974686302 ], [ -79.951418304873897, 40.4571199744585 ], [ -79.951410305742698, 40.457090974811102 ], [ -79.951333305622001, 40.456846974464199 ], [ -79.951305304519906, 40.456756975296898 ], [ -79.951213304619998, 40.456464975064399 ], [ -79.951111304948299, 40.4562059746941 ], [ -79.951004304025702, 40.455932974535401 ], [ -79.950648304198296, 40.455095974785998 ], [ -79.950426304843006, 40.454592974555702 ], [ -79.950190303972704, 40.454058974116798 ], [ -79.950065304424797, 40.453771974864097 ], [ -79.949890304280103, 40.4533699740945 ], [ -79.949778303714993, 40.453121974228203 ], [ -79.949741304054797, 40.452899973700902 ], [ -79.949724554630095, 40.452797135289501 ], [ -79.949691304612003, 40.452592972580298 ] ] ] ] } },
{ "type": "Feature", "properties": { "DISTRICT": 5, "OBJECTID": 4, "GlobalID": "27d26607-901e-4293-9d4b-5bf5d2c7f96c", "Shape__Area": 221585521.00775146, "Shape__Length": 108899.28533723303, "Zone_T": "5", "TOTAL": 49703.616925024195, "WHITE": 22921.903135925666, "BLACK": 20335.080479722354, "AMERICAN_INDIAN": 5.0081178533559862, "ASIAN": 1996.1833489007558, "PACIFIC_ISLANDER": 1.0004008755295608, "OTHER": 207.15635020732077, "TWO_OR_MORE": 2487.1311168008715, "HISPANIC": 1750.1539747383385, "WHITE_PCT": 0.461, "BLACK_PCT": 0.409, "AMERICAN_INDIAN_PCT": 0.0, "ASIAN_PCT": 0.04, "PACIFIC_ISLANDER_PCT": 0.0, "OTHER_PCT": 0.004, "TWO_OR_MORE_PCT": 0.05, "HISPANIC_PCT": 0.035 }, "geometry": { "type": "MultiPolygon", "coordinates": [ [ [ [ -79.932586826443895, 40.4904489767614 ], [ -79.9325203879893, 40.490446720904401 ], [ -79.932423793819098, 40.490451677003101 ], [ -79.932308973378795, 40.490446798204303 ], [ -79.932192547146599, 40.490439297476001 ], [ -79.932036459050494, 40.490427763249997 ], [ -79.931912778404595, 40.490411359942698 ], [ -79.931772690934096, 40.490391969808698 ], [ -79.931589359040004, 40.490378632863198 ], [ -79.9314684948787, 40.490381547029898 ], [ -79.931276306274896, 40.4903770635973 ], [ -79.931142569173204, 40.490378523017903 ], [ -79.930993319690899, 40.490376049829003 ], [ -79.930920006876704, 40.490371051676703 ], [ -79.930755992107805, 40.490356735637199 ], [ -79.9306304820837, 40.490349019971902 ], [ -79.930522981232599, 40.490345931917602 ], [ -79.930406572237004, 40.490348617736203 ], [ -79.930299208455807, 40.490352649043999 ], [ -79.930189452382095, 40.490353087702601 ], [ -79.930082250642499, 40.490347900915701 ], [ -79.929967457592994, 40.490337033106201 ], [ -79.929846176527903, 40.490329096341497 ], [ -79.929744679076407, 40.4903193614103 ], [ -79.929637808839999, 40.490316614684502 ], [ -79.929495562109196, 40.4903138373204 ], [ -79.929389237908595, 40.490318380596399 ], [ -79.9293010666632, 40.490319484553801 ], [ -79.929194759378802, 40.490308017353399 ], [ -79.929112480029602, 40.4903049022479 ], [ -79.928946986844096, 40.490295568910497 ], [ -79.928807833039798, 40.490289768616798 ], [ -79.928615425722896, 40.490275579091801 ], [ -79.928486577544206, 40.490271495879703 ], [ -79.928333634746593, 40.490266010620601 ], [ -79.928178480813102, 40.490252565422701 ], [ -79.928033647042099, 40.490235481687698 ], [ -79.927864182178695, 40.490219744469798 ], [ -79.927709333882504, 40.490204029045103 ], [ -79.927524102416299, 40.490185315428299 ], [ -79.927348101820002, 40.490168762733298 ], [ -79.927210837038402, 40.490153156103403 ], [ -79.927012712495397, 40.490128623461999 ], [ -79.926871230787995, 40.490112430985 ], [ -79.926728580471305, 40.490093773075799 ], [ -79.926536843000605, 40.490063422408198 ], [ -79.926428240808093, 40.490046225906902 ], [ -79.926259594363401, 40.490005592984602 ], [ -79.926133876938096, 40.489977156738 ], [ -79.925981510227402, 40.489947598454897 ], [ -79.925846138832895, 40.489917003131502 ], [ -79.925737883959997, 40.4898913980971 ], [ -79.9256305529575, 40.489858880451401 ], [ -79.925476647312706, 40.489815366519402 ], [ -79.925362143423399, 40.489792379461399 ], [ -79.925265857012803, 40.489774530415303 ], [ -79.925107920936696, 40.489741430002297 ], [ -79.924958461270904, 40.4897132210424 ], [ -79.924706631989807, 40.489665883165799 ], [ -79.924525621607401, 40.4896272107923 ], [ -79.924305227271603, 40.489593082929403 ], [ -79.924158780987298, 40.489558812106601 ], [ -79.923973978487894, 40.489524734256698 ], [ -79.9237526327437, 40.489472790855203 ], [ -79.923509001219998, 40.489411737574201 ], [ -79.923373319956795, 40.489378376898401 ], [ -79.923203757083201, 40.489344669047497 ], [ -79.923099927442294, 40.489329853511499 ], [ -79.922965952918005, 40.489306382283601 ], [ -79.922776960898602, 40.489271247992797 ], [ -79.922602052264494, 40.489233690370703 ], [ -79.922415264951397, 40.489191313561598 ], [ -79.922252993519393, 40.489145332877698 ], [ -79.922087229991604, 40.489096685274902 ], [ -79.921985492227805, 40.489062180966101 ], [ -79.921864360041994, 40.489035647609001 ], [ -79.9217751214359, 40.489021512671997 ], [ -79.921646377018803, 40.489004806208698 ], [ -79.921553436708706, 40.488987984007501 ], [ -79.921447131554203, 40.488971671229997 ], [ -79.921330550763898, 40.488963017555797 ], [ -79.921229423274696, 40.488949566663599 ], [ -79.921125636628503, 40.488923596015901 ], [ -79.921015801380705, 40.488885189957202 ], [ -79.920933790354397, 40.488875606726801 ], [ -79.920839901977601, 40.488866375220603 ], [ -79.920756960319196, 40.488843499244297 ], [ -79.920653279942499, 40.488820121538801 ], [ -79.920553624267797, 40.4887966700025 ], [ -79.920449807716807, 40.4887765341375 ], [ -79.920346344493296, 40.488768360269901 ], [ -79.920206763143597, 40.4887473522422 ], [ -79.920060889224899, 40.4887095125979 ], [ -79.919934885098399, 40.488677834716803 ], [ -79.919739214409404, 40.488625055138399 ], [ -79.919565215330906, 40.488575872043597 ], [ -79.919409964159101, 40.488534250073798 ], [ -79.919280098467794, 40.488503769095303 ], [ -79.919121037450495, 40.488477428192702 ], [ -79.918969491006195, 40.4884486940025 ], [ -79.918833953357904, 40.488417094653698 ], [ -79.9187357041274, 40.488390449601901 ], [ -79.918663277665502, 40.4883440582011 ], [ -79.918614051154293, 40.488294977765399 ], [ -79.918564665502501, 40.488254812420102 ], [ -79.9185059238267, 40.488220713166598 ], [ -79.918456828339401, 40.488183769186499 ], [ -79.918433791985905, 40.488162122173499 ], [ -79.918418295416203, 40.4881475631123 ], [ -79.918360053346703, 40.488131925482399 ], [ -79.918321700342204, 40.488145182670898 ], [ -79.918302707820999, 40.488176147922097 ], [ -79.918279249713706, 40.488215523470899 ], [ -79.918241782296406, 40.488245347804899 ], [ -79.918165477380597, 40.48825143226 ], [ -79.918118400538702, 40.488232161035199 ], [ -79.918030102653802, 40.488200586737896 ], [ -79.917875149627093, 40.488172250115198 ], [ -79.917730748140301, 40.488144966780602 ], [ -79.917600894663394, 40.488119330295 ], [ -79.917516611952607, 40.488098202297202 ], [ -79.917365061355099, 40.488059417111501 ], [ -79.917258560584997, 40.488032571439497 ], [ -79.917083433792001, 40.487990152279103 ], [ -79.916977660835201, 40.487966230389702 ], [ -79.916870750054002, 40.487928858393801 ], [ -79.916755445237897, 40.487889673416603 ], [ -79.916622277793294, 40.487851977886798 ], [ -79.916552082778693, 40.4878282925877 ], [ -79.916512451753107, 40.487823595729203 ], [ -79.916500873887301, 40.487832050020302 ], [ -79.916479577745704, 40.487870365822801 ], [ -79.916443421082903, 40.4878854829349 ], [ -79.914068278670896, 40.487223368734597 ], [ -79.913838757307303, 40.487159381919803 ], [ -79.913839639083704, 40.487157630381603 ], [ -79.913840552941906, 40.487155407999197 ], [ -79.913841472477102, 40.487152884626198 ], [ -79.913842372232807, 40.487150222892602 ], [ -79.913843232994907, 40.487147596120799 ], [ -79.913844025971898, 40.487145173308697 ], [ -79.9138447223431, 40.487143122554002 ], [ -79.913846224343402, 40.487138822614703 ], [ -79.913847642357297, 40.4871344792044 ], [ -79.913848914640397, 40.487130116900502 ], [ -79.913849980396705, 40.487125753055899 ], [ -79.913850778656595, 40.487121399621699 ], [ -79.913851247473303, 40.487117074873503 ], [ -79.913851330825395, 40.4871127978763 ], [ -79.913850957333196, 40.487108587081899 ], [ -79.913850073101798, 40.487104454308898 ], [ -79.9138486174798, 40.487100421412002 ], [ -79.913847302162395, 40.487097782208302 ], [ -79.913845759590302, 40.4870951941013 ], [ -79.9138440377628, 40.487092645382297 ], [ -79.913842183585999, 40.487090127066402 ], [ -79.913840247359104, 40.487087625600097 ], [ -79.913838279497298, 40.487085131031598 ], [ -79.913836332860697, 40.487082636065999 ], [ -79.913834447164902, 40.487080128248998 ], [ -79.913832682258104, 40.487077597452199 ], [ -79.913831078977594, 40.487075029398802 ], [ -79.9138290508794, 40.487071319808898 ], [ -79.913827185812295, 40.4870675432079 ], [ -79.913825433621298, 40.487063717650599 ], [ -79.913823741793394, 40.4870598612357 ], [ -79.913822060230999, 40.487055993818402 ], [ -79.913820332681794, 40.487052127261599 ], [ -79.913818507782494, 40.487048278741803 ], [ -79.9138165342859, 40.487044469036299 ], [ -79.913814359563403, 40.487040712642901 ], [ -79.913811925234796, 40.487037028670798 ], [ -79.913809973387004, 40.487034481553003 ], [ -79.913807832029093, 40.4870320586951 ], [ -79.913805512693102, 40.487029751773797 ], [ -79.9138030326327, 40.487027546953499 ], [ -79.913800411344496, 40.4870254267531 ], [ -79.913797663984397, 40.487023385483802 ], [ -79.913794805476698, 40.487021410254599 ], [ -79.913791851751796, 40.487019482750398 ], [ -79.913788821531796, 40.487017598116502 ], [ -79.913785729596697, 40.487015738960402 ], [ -79.913782316474297, 40.487013724561699 ], [ -79.913778902120796, 40.487011745319101 ], [ -79.913775470605799, 40.487009819547801 ], [ -79.913772005970301, 40.487007964662403 ], [ -79.913768499271995, 40.487006196144797 ], [ -79.913764929806405, 40.487004530597801 ], [ -79.913761287654296, 40.487002989826998 ], [ -79.913757559012893, 40.4870015849013 ], [ -79.913753725737806, 40.487000338681398 ], [ -79.913749774112503, 40.4869992649365 ], [ -79.913740430004594, 40.486997073239003 ], [ -79.913731045452593, 40.486995018325999 ], [ -79.913721636155699, 40.486993074679802 ], [ -79.913712208090601, 40.4869912079564 ], [ -79.9137027741357, 40.4869893782774 ], [ -79.913693344036801, 40.486987558434699 ], [ -79.913683923654901, 40.486985710482998 ], [ -79.913674530932298, 40.486983805259499 ], [ -79.913665174117199, 40.486981805674901 ], [ -79.9136558593312, 40.486979681886801 ], [ -79.913624886521305, 40.4869722158926 ], [ -79.913593990364902, 40.486964564682602 ], [ -79.9135631395215, 40.486956781092601 ], [ -79.913532312257402, 40.486948923183398 ], [ -79.9135014844517, 40.486941048160098 ], [ -79.913470628503205, 40.486933215094602 ], [ -79.913439722562401, 40.486925478446203 ], [ -79.913408742681298, 40.486917900821801 ], [ -79.913377664622601, 40.486910535825103 ], [ -79.913346459663899, 40.486903444350098 ], [ -79.913331988885005, 40.486900327863601 ], [ -79.913317480886903, 40.4868973751257 ], [ -79.913302925947804, 40.486894577309499 ], [ -79.913288337523497, 40.486891912542703 ], [ -79.913273704712793, 40.486889372021302 ], [ -79.913259041116802, 40.486886938374198 ], [ -79.913244336926496, 40.4868846000738 ], [ -79.913229598523301, 40.486882335380699 ], [ -79.913214825705097, 40.486880137992301 ], [ -79.913200020194594, 40.486877988057898 ], [ -79.913172627297101, 40.486868098352197 ], [ -79.9130023436866, 40.486806555646503 ], [ -79.912945834887594, 40.486793746715499 ], [ -79.912890165181395, 40.486779068112497 ], [ -79.912833798331903, 40.486761708978797 ], [ -79.912777551788807, 40.486744163794803 ], [ -79.912660089635807, 40.486710484220097 ], [ -79.912541550963397, 40.486679102910799 ], [ -79.912518546887199, 40.486674753186897 ], [ -79.912495478812701, 40.4866705415848 ], [ -79.912408865887798, 40.4866482004159 ], [ -79.912358525106498, 40.486633461550198 ], [ -79.912341793019607, 40.486628444091401 ], [ -79.912307732062203, 40.4866182320484 ], [ -79.912293406368207, 40.486613085711099 ], [ -79.912192316120198, 40.486576527779199 ], [ -79.912072174290302, 40.486535098085398 ], [ -79.912050401758407, 40.486528899220403 ], [ -79.912028578050297, 40.486522796798504 ], [ -79.911947813440705, 40.486500436934001 ], [ -79.911866934914499, 40.4864783493991 ], [ -79.911739442408901, 40.486452355098898 ], [ -79.911612070817, 40.486426080937797 ], [ -79.911540434036993, 40.486402623194401 ], [ -79.911469237478201, 40.4863782112864 ], [ -79.911454542090397, 40.4863739339673 ], [ -79.911439497884103, 40.486369964050198 ], [ -79.911406867895707, 40.4863638220667 ], [ -79.911374130462406, 40.486360106270503 ], [ -79.911370186791004, 40.486359756580399 ], [ -79.911366243061806, 40.486359405089701 ], [ -79.911360289081998, 40.486359318185897 ], [ -79.911355842634805, 40.486359736408403 ], [ -79.911349263372102, 40.4863614908176 ], [ -79.911342872521502, 40.486365037099503 ], [ -79.911340051697593, 40.486367472570599 ], [ -79.911336994606899, 40.486371849285497 ], [ -79.911335836264101, 40.486375206783997 ], [ -79.911334369996396, 40.486385557031703 ], [ -79.911333003593896, 40.486393281236097 ], [ -79.911331567159394, 40.486400992336002 ], [ -79.911330781274302, 40.486404264498802 ], [ -79.911329996510602, 40.486407534838797 ], [ -79.911328019738704, 40.486414032683101 ], [ -79.911327055182596, 40.486416184825103 ], [ -79.911322975071897, 40.486422288672003 ], [ -79.911313731062094, 40.486433996830897 ], [ -79.911296807949995, 40.486450507708703 ], [ -79.911281519273501, 40.486462465768298 ], [ -79.908269920080102, 40.485624185379599 ], [ -79.908266981603802, 40.485624532999402 ], [ -79.908271272902297, 40.485613667935098 ], [ -79.908272526412006, 40.485602259602501 ], [ -79.908271465981997, 40.4855947861275 ], [ -79.908267437072894, 40.485585506900698 ], [ -79.908265107544906, 40.485582505507502 ], [ -79.908236838639496, 40.485547497299599 ], [ -79.908225543190397, 40.4855368204462 ], [ -79.908202381885999, 40.485515854837502 ], [ -79.908189797884503, 40.485506056935797 ], [ -79.908164626152896, 40.485486454891699 ], [ -79.9081577593834, 40.485481107683 ], [ -79.908151538584306, 40.485477069063897 ], [ -79.908110451130796, 40.485450399597198 ], [ -79.908103326762998, 40.485445776971602 ], [ -79.908043394164196, 40.485414696388297 ], [ -79.907979823495197, 40.485389602248397 ], [ -79.907933849075107, 40.485375974532403 ], [ -79.907875966413002, 40.485355559504299 ], [ -79.907816846254804, 40.485338502485 ], [ -79.907776127646898, 40.4853303168575 ], [ -79.907593518742104, 40.485306254556598 ], [ -79.907410973345307, 40.485283545662497 ], [ -79.907370663789294, 40.485276563003801 ], [ -79.907240889261203, 40.485254081865101 ], [ -79.907069157927907, 40.485228847406503 ], [ -79.906928278811407, 40.485222696462998 ], [ -79.906902406256194, 40.485223066441897 ], [ -79.906794574757797, 40.485224599343503 ], [ -79.906787415302702, 40.485224703148702 ], [ -79.906740670271205, 40.485225773180801 ], [ -79.906722702674998, 40.485226182160503 ], [ -79.906668800086806, 40.485227415384699 ], [ -79.906662892238302, 40.485227549890404 ], [ -79.906538368760295, 40.485230383893899 ], [ -79.906426667545801, 40.4852329173942 ], [ -79.906314961830603, 40.485235310338098 ], [ -79.906222469287698, 40.485235439623501 ], [ -79.906129963945503, 40.485234799748 ], [ -79.906084891447193, 40.485234969910898 ], [ -79.906067814509399, 40.485235080216398 ], [ -79.906039819269196, 40.485235260764 ], [ -79.905925736040601, 40.4852114550254 ], [ -79.905876739958501, 40.485206882318899 ], [ -79.905827652274198, 40.485202839196802 ], [ -79.905779848288503, 40.485199424337402 ], [ -79.905732090493998, 40.485197712102803 ], [ -79.905689985205498, 40.485201495054199 ], [ -79.905627665981001, 40.485215688461203 ], [ -79.905596324251107, 40.485222200292299 ], [ -79.905564524514503, 40.485225605516703 ], [ -79.905458479789203, 40.485228814577397 ], [ -79.9053523773769, 40.485230440923502 ], [ -79.905302072446005, 40.485230947032697 ], [ -79.905248151346697, 40.485231490790099 ], [ -79.905230176400494, 40.485231669957997 ], [ -79.905194229690395, 40.4852316480684 ], [ -79.905176256834096, 40.485231449733497 ], [ -79.905140307526693, 40.485231051320703 ], [ -79.905122334613196, 40.485230851176802 ], [ -79.905068422570295, 40.485230091153198 ], [ -79.904926337495596, 40.485222524296397 ], [ -79.904780736748194, 40.485212268881597 ], [ -79.904667893759495, 40.485205176570901 ], [ -79.904555653159406, 40.485194449713198 ], [ -79.904441272388496, 40.485177742248602 ], [ -79.904327215750101, 40.485160025988797 ], [ -79.904218580939101, 40.485143172522299 ], [ -79.904109956017706, 40.485126294447397 ], [ -79.904015742335602, 40.4851132791213 ], [ -79.903921491793696, 40.485100586008599 ], [ -79.903886366062494, 40.485091065188399 ], [ -79.903835783181805, 40.485068428534703 ], [ -79.903731611058902, 40.485048407889501 ], [ -79.903713651343395, 40.485048951382701 ], [ -79.903598720591802, 40.485043598622802 ], [ -79.903474850776107, 40.485019054785901 ], [ -79.903315412025904, 40.4849817451164 ], [ -79.9032256899185, 40.484925239031902 ], [ -79.903125110359596, 40.484895784830698 ], [ -79.903036149590804, 40.484845893771201 ], [ -79.902992866524599, 40.484821365088003 ], [ -79.902980706574098, 40.4848112587568 ], [ -79.9029563796377, 40.484791047122698 ], [ -79.902944214981801, 40.484780940875503 ], [ -79.902919890483105, 40.484760730990601 ], [ -79.902908646985907, 40.484751354392898 ], [ -79.902872251584697, 40.484719613160301 ], [ -79.902849227931199, 40.484699533988298 ], [ -79.902731646552695, 40.484688298540703 ], [ -79.902594781327707, 40.484623716973097 ], [ -79.902470055782302, 40.484572334621397 ], [ -79.902386621169498, 40.484529136211002 ], [ -79.902344047663405, 40.484480699082901 ], [ -79.902137625541002, 40.484432887305097 ], [ -79.902065983355399, 40.484424533814199 ], [ -79.901901959310194, 40.484399076248998 ], [ -79.901738148882103, 40.484373025323897 ], [ -79.901591980130107, 40.484349775465397 ], [ -79.901539194191201, 40.484341355467301 ], [ -79.901521625121504, 40.484338459123599 ], [ -79.901486482327698, 40.484332668316704 ], [ -79.901468913262605, 40.484329771965001 ], [ -79.901433775108003, 40.484323978353402 ], [ -79.901416201330903, 40.484321082081699 ], [ -79.901363489499104, 40.484312394874799 ], [ -79.901348162104995, 40.484309868487301 ], [ -79.901150042227101, 40.484272328725702 ], [ -79.900952461576296, 40.484233082301898 ], [ -79.900854661428795, 40.484214686419797 ], [ -79.900769238746193, 40.484198619551201 ], [ -79.900585397224305, 40.4841658742262 ], [ -79.900399933201996, 40.484139144017902 ], [ -79.900213229812906, 40.484117865970397 ], [ -79.900134516955504, 40.484110490467998 ], [ -79.900080994986993, 40.484105467080902 ], [ -79.900063160450799, 40.484103750159498 ], [ -79.900027493681804, 40.484100314463703 ], [ -79.900009659119704, 40.4840985966337 ], [ -79.899973991177106, 40.484095160943397 ], [ -79.8999561578254, 40.484093443983497 ], [ -79.8997762431474, 40.484035604229099 ], [ -79.899505763598299, 40.4840022796973 ], [ -79.899230604700307, 40.483986888201599 ], [ -79.898979417963702, 40.483994538353699 ], [ -79.898562458645202, 40.483935006612903 ], [ -79.898373668405597, 40.4838974068035 ], [ -79.898080042692996, 40.483895047712302 ], [ -79.897848081401605, 40.483870078029597 ], [ -79.897603547504502, 40.483833677216303 ], [ -79.897311230091105, 40.483794484166403 ], [ -79.897057855007006, 40.483743403129402 ], [ -79.896870820291298, 40.483717649567701 ], [ -79.896683401766694, 40.483751533499202 ], [ -79.896542384776097, 40.483766665858496 ], [ -79.896381000081405, 40.483741310984598 ], [ -79.8961881149107, 40.483667560593602 ], [ -79.896185043038699, 40.483666385249002 ], [ -79.896011811732507, 40.483555950349398 ], [ -79.895785690889298, 40.483475439068101 ], [ -79.895618158596406, 40.483421555701497 ], [ -79.895030124954204, 40.483239736320101 ], [ -79.894706595639903, 40.483206403708699 ], [ -79.894016769771895, 40.483130625754399 ], [ -79.893382706962797, 40.483053204738397 ], [ -79.892816530922303, 40.4829952354361 ], [ -79.892326617816494, 40.4829295887142 ], [ -79.892064295035794, 40.482889261085496 ], [ -79.891662526455406, 40.482837720986403 ], [ -79.891208522570594, 40.482787972840697 ], [ -79.890848823768593, 40.482744297232998 ], [ -79.890363306483593, 40.482693201419302 ], [ -79.890025622110798, 40.482624242536197 ], [ -79.889629583944895, 40.482601636238897 ], [ -79.889083311423306, 40.482518718949898 ], [ -79.888467403134698, 40.482479967170597 ], [ -79.8883421223711, 40.4824599970798 ], [ -79.888041801112095, 40.482442886011199 ], [ -79.887721174310101, 40.482440082928399 ], [ -79.8874125061743, 40.482444138549802 ], [ -79.887129662249507, 40.4824141406772 ], [ -79.886760716235401, 40.482384782823097 ], [ -79.886517519964499, 40.482375578301102 ], [ -79.886295020669294, 40.482366971017399 ], [ -79.886115236639398, 40.482376651412302 ], [ -79.885919083809597, 40.482411935906597 ], [ -79.885723430574302, 40.482398754409402 ], [ -79.885413947128598, 40.482336350047298 ], [ -79.885215303572906, 40.482266548994303 ], [ -79.885047965940899, 40.482237472391802 ], [ -79.8848694508427, 40.482230438381301 ], [ -79.884674155031604, 40.482237723813498 ], [ -79.884588769620905, 40.482248928288897 ], [ -79.884470992351297, 40.482264383551502 ], [ -79.884325382342993, 40.482306316558798 ], [ -79.884289216727396, 40.482326417100602 ], [ -79.8842498720972, 40.4823482852075 ], [ -79.884115342518996, 40.482385754239601 ], [ -79.884055166978698, 40.482420050115202 ], [ -79.884005242524907, 40.482429412389401 ], [ -79.883956035570094, 40.482421523748897 ], [ -79.883971284956004, 40.482337981811 ], [ -79.884036285778905, 40.482032982440202 ], [ -79.884119284928403, 40.481636981753098 ], [ -79.8841602860997, 40.4814429822097 ], [ -79.8841682853419, 40.481404981993499 ], [ -79.884226285813597, 40.481130981769503 ], [ -79.884363285548005, 40.480500981553199 ], [ -79.884495285402593, 40.480077982050197 ], [ -79.884668285432895, 40.479319981383902 ], [ -79.884986285848896, 40.478820981356201 ], [ -79.885364285456504, 40.478599981116702 ], [ -79.886564286608802, 40.478191981435401 ], [ -79.886862285879005, 40.476898980579101 ], [ -79.886879286057194, 40.476825980755301 ], [ -79.886905285567707, 40.476762980649802 ], [ -79.886924286428993, 40.476629980842702 ], [ -79.887084286710902, 40.475927981647501 ], [ -79.887115285572406, 40.475800981255503 ], [ -79.887492286243997, 40.474163981536996 ], [ -79.8875892858767, 40.473744981040298 ], [ -79.887725285822995, 40.4731499807015 ], [ -79.887738286700198, 40.473074980864403 ], [ -79.887789285951399, 40.472791981013501 ], [ -79.887873286370805, 40.472329980723998 ], [ -79.887938285507005, 40.471969980535903 ], [ -79.888008285990395, 40.471580980511902 ], [ -79.888140286197697, 40.470850980269802 ], [ -79.888286286012502, 40.470044980272 ], [ -79.888303285836002, 40.469967980333102 ], [ -79.888453286211401, 40.469267980708601 ], [ -79.8884672857494, 40.469201980618998 ], [ -79.8886152865079, 40.468513979967099 ], [ -79.888752286155906, 40.467899979947198 ], [ -79.888836285486505, 40.467530980056701 ], [ -79.889005285937401, 40.4667029793398 ], [ -79.889047286379693, 40.466501979754398 ], [ -79.889107285529406, 40.466226979357003 ], [ -79.8891302861376, 40.466119979836598 ], [ -79.889289285443198, 40.465380979850501 ], [ -79.889340285433903, 40.465135979164998 ], [ -79.889339286396904, 40.465116979846002 ], [ -79.889518286265201, 40.4642269792297 ], [ -79.889590285798704, 40.463893979477099 ], [ -79.889977286116206, 40.462115978962998 ], [ -79.889971285660295, 40.462048978604997 ], [ -79.890000285762696, 40.461876978667597 ], [ -79.8899952859515, 40.461836978044502 ], [ -79.889693285701398, 40.461758978665898 ], [ -79.888588285889398, 40.461459978707197 ], [ -79.888505285291799, 40.4614379786535 ], [ -79.8881262854742, 40.461338978468703 ], [ -79.888074284881, 40.461324978991897 ], [ -79.887342285485602, 40.461134978971899 ], [ -79.886580284704607, 40.460954978810598 ], [ -79.886206284713893, 40.460866978462001 ], [ -79.885723284085699, 40.460753978920302 ], [ -79.885192284827795, 40.460627978324297 ], [ -79.884864284183806, 40.460550979177398 ], [ -79.884784284780295, 40.460524978954403 ], [ -79.884232283454693, 40.460390978581103 ], [ -79.8841282836716, 40.460365978653698 ], [ -79.883588283421403, 40.460229979013697 ], [ -79.883020283542805, 40.460086978688999 ], [ -79.882952283757405, 40.460069978670901 ], [ -79.882522440208106, 40.459956122906597 ], [ -79.881944283619603, 40.459802978335297 ], [ -79.881550283687204, 40.459699978864101 ], [ -79.881381283201705, 40.459655979004602 ], [ -79.880657283318897, 40.459468978784997 ], [ -79.879685282212506, 40.459214978466498 ], [ -79.879317282876897, 40.459119978439197 ], [ -79.879244281978004, 40.459159976685001 ], [ -79.879209282169398, 40.4591589791399 ], [ -79.879103282753505, 40.459158978554598 ], [ -79.879069282707405, 40.459158978707698 ], [ -79.878974282402993, 40.459157979065999 ], [ -79.878872282299398, 40.459144978362403 ], [ -79.878283282529793, 40.459075978837902 ], [ -79.878087281754503, 40.459052979119697 ], [ -79.877778281802307, 40.459015979058002 ], [ -79.877369282337497, 40.458967978851703 ], [ -79.8773422821982, 40.459033978994199 ], [ -79.877284281766407, 40.459391978791302 ], [ -79.877496282312606, 40.459415979022801 ], [ -79.877481281453299, 40.459452979009903 ], [ -79.877418281494997, 40.459792979176697 ], [ -79.877402281536902, 40.459837979033303 ], [ -79.876298281343907, 40.459708979360599 ], [ -79.8764802812684, 40.460321979353402 ], [ -79.876502281296297, 40.460439979113303 ], [ -79.876585281484694, 40.460661979076598 ], [ -79.876905281460196, 40.461614978971198 ], [ -79.875534281412499, 40.461556979761198 ], [ -79.875548281105694, 40.461422979227301 ], [ -79.875555281476196, 40.461366979171999 ], [ -79.875601281389706, 40.460875978794398 ], [ -79.875604281153699, 40.460848979344 ], [ -79.875610281678206, 40.460693979422402 ], [ -79.875611281601195, 40.460661979216098 ], [ -79.875614281392998, 40.4605659794966 ], [ -79.875616281098104, 40.460534978860601 ], [ -79.875626281246795, 40.460338979064097 ], [ -79.875647280989796, 40.459962979003301 ], [ -79.8755562816431, 40.459960978692699 ], [ -79.875354281005002, 40.459955979038 ], [ -79.875275281048602, 40.459952978649902 ], [ -79.875213281201496, 40.459912978723601 ], [ -79.875347281185995, 40.459798978640698 ], [ -79.874507281105295, 40.459270978743497 ], [ -79.874482280377407, 40.4592929792516 ], [ -79.874151281112901, 40.459586978696102 ], [ -79.873889280874195, 40.459820978772498 ], [ -79.873781280359495, 40.459917978840402 ], [ -79.873743281064506, 40.4599469788389 ], [ -79.8735292801762, 40.4601149794739 ], [ -79.873291280563393, 40.4603109791599 ], [ -79.873143280258802, 40.460434979253897 ], [ -79.872893280062002, 40.460615979608697 ], [ -79.872881280791404, 40.4606259795451 ], [ -79.872663280602893, 40.4607439793647 ], [ -79.872437279812004, 40.4608429791001 ], [ -79.872287279905294, 40.460891979791498 ], [ -79.872040280043606, 40.460962979545698 ], [ -79.871952279909706, 40.460988979024798 ], [ -79.8717422797111, 40.461037979547903 ], [ -79.871541279981699, 40.461084979477903 ], [ -79.871449280124097, 40.4611019795693 ], [ -79.871381279856095, 40.461115979858903 ], [ -79.871096279471601, 40.461161979240003 ], [ -79.870889279791896, 40.461180979068601 ], [ -79.870576279638698, 40.461197979216202 ], [ -79.870557280263498, 40.461195979250199 ], [ -79.870259279649204, 40.461177979437998 ], [ -79.870108279533397, 40.461154979419597 ], [ -79.869913279289506, 40.461126979287599 ], [ -79.869658279945199, 40.461080979336003 ], [ -79.869509279863706, 40.461053979956702 ], [ -79.869131279059303, 40.460985979751598 ], [ -79.869105278954805, 40.460980979256199 ], [ -79.869197279848194, 40.460639979871303 ], [ -79.869225279517707, 40.460533979521699 ], [ -79.870152280262005, 40.4606829795528 ], [ -79.8702592797638, 40.460699979786 ], [ -79.870635279598005, 40.460759979276602 ], [ -79.871698280072096, 40.460572979324901 ], [ -79.871668279778604, 40.4601339790295 ], [ -79.871630279633706, 40.458714979336797 ], [ -79.871623279784899, 40.458396978933699 ], [ -79.871998280326295, 40.458097979262902 ], [ -79.872010280493498, 40.458090979205501 ], [ -79.8722652807039, 40.457885978517403 ], [ -79.872559280737505, 40.457650978216002 ], [ -79.872611279601401, 40.457537978022003 ], [ -79.872647280678393, 40.457462977360301 ], [ -79.872566279627094, 40.457435978270297 ], [ -79.872358280153094, 40.457368978502302 ], [ -79.871930280448794, 40.457268978962901 ], [ -79.871469279478205, 40.457150978398602 ], [ -79.868281278897896, 40.4563589788063 ], [ -79.865846277923197, 40.455752978726998 ], [ -79.865979278069105, 40.455104978500302 ], [ -79.866264277981898, 40.453712978603903 ], [ -79.866480277849902, 40.452773978514799 ], [ -79.866633277747795, 40.452084978147802 ], [ -79.866737277775897, 40.451348977816899 ], [ -79.866854277566901, 40.450783978085397 ], [ -79.8668982780097, 40.450575977844601 ], [ -79.866954277689899, 40.450305977839101 ], [ -79.867143277553694, 40.449399977124003 ], [ -79.867564277602895, 40.449396977632603 ], [ -79.868284278697601, 40.449405977798897 ], [ -79.869043279024993, 40.449396977531599 ], [ -79.869836278890602, 40.449396976921797 ], [ -79.870091279317407, 40.449395977711099 ], [ -79.870891279119604, 40.449395977486802 ], [ -79.870938279520104, 40.449395977101403 ], [ -79.871240278841498, 40.449395977620803 ], [ -79.871684279754902, 40.449394976857903 ], [ -79.872616280118507, 40.449382977134803 ], [ -79.872688280098998, 40.449374976817801 ], [ -79.873155279628307, 40.449420977584303 ], [ -79.873951280087397, 40.449492976697798 ], [ -79.874146279551198, 40.449509977368997 ], [ -79.874230280241093, 40.449518977024198 ], [ -79.874502280557095, 40.449545977370803 ], [ -79.876486281299904, 40.449747976653498 ], [ -79.876577280398607, 40.449755977433803 ], [ -79.877131281194394, 40.449810976989802 ], [ -79.877695281492805, 40.449865977199103 ], [ -79.877955280792406, 40.449891976959101 ], [ -79.878315281986602, 40.449929977103203 ], [ -79.878580281106096, 40.449890977297997 ], [ -79.879032281783395, 40.449805977121102 ], [ -79.879258282175996, 40.449763977232301 ], [ -79.879303281899496, 40.449754976602797 ], [ -79.879438281991, 40.4497289772359 ], [ -79.879484281378595, 40.449720976976302 ], [ -79.879565281706505, 40.449704977265 ], [ -79.879808281371197, 40.449660976676398 ], [ -79.879890282445203, 40.449645977152599 ], [ -79.879996281558704, 40.4496259770116 ], [ -79.8801352821649, 40.449599976962602 ], [ -79.880312282346395, 40.449555976444799 ], [ -79.880417282523098, 40.449530976598602 ], [ -79.880480281643301, 40.449515976482502 ], [ -79.880684281918406, 40.449465977093197 ], [ -79.881044282709695, 40.449392976972298 ], [ -79.881219282767901, 40.449359977053099 ], [ -79.8813022817166, 40.449345976973397 ], [ -79.8814752827886, 40.449317977201702 ], [ -79.881537282882405, 40.449326976421503 ], [ -79.881551282812495, 40.449334977204998 ], [ -79.881595282221994, 40.449359976840803 ], [ -79.881617282049305, 40.449386976713001 ], [ -79.8817312821038, 40.449347977135503 ], [ -79.882073283110998, 40.4492339766227 ], [ -79.8821882821575, 40.449196976957502 ], [ -79.882291282804601, 40.449190976946198 ], [ -79.882601282982804, 40.449174976743002 ], [ -79.882705282132093, 40.449169976797499 ], [ -79.882744282359894, 40.449166977073403 ], [ -79.882862282279802, 40.4491609763258 ], [ -79.882902282249205, 40.449158976959197 ], [ -79.882978282649901, 40.449136976458 ], [ -79.883060283211805, 40.449112976986697 ], [ -79.883164282842102, 40.449082976248597 ], [ -79.883310282868294, 40.449058976359602 ], [ -79.883395283129104, 40.449045976500301 ], [ -79.883521282550902, 40.449016976467597 ], [ -79.883571282448997, 40.449006976499099 ], [ -79.883904283408199, 40.448947976729798 ], [ -79.884032283307207, 40.448925976633099 ], [ -79.884043283214496, 40.448970976350502 ], [ -79.884078282969199, 40.449105976401903 ], [ -79.884090282679296, 40.449151975613397 ], [ -79.884187283146503, 40.4491829762894 ], [ -79.884481283156006, 40.449278976338597 ], [ -79.884579283766499, 40.449310977081502 ], [ -79.884669283114903, 40.449147976279001 ], [ -79.884831283061104, 40.448856976991699 ], [ -79.884942282840797, 40.448660976369098 ], [ -79.885033283784594, 40.448498976492701 ], [ -79.8850772832009, 40.448419976213202 ], [ -79.885210283798799, 40.448185976387002 ], [ -79.885255283755299, 40.448107976404302 ], [ -79.8853002839749, 40.448027976509302 ], [ -79.885325283262404, 40.447984976492499 ], [ -79.8853712828939, 40.447893976738797 ], [ -79.885425282950294, 40.447783976151698 ], [ -79.885467283135895, 40.447702976715497 ], [ -79.885516283034903, 40.447626976461997 ], [ -79.885583283573197, 40.447526976431497 ], [ -79.885658283133793, 40.447394976284897 ], [ -79.885703283223194, 40.447316976095301 ], [ -79.885748283739403, 40.447235976046301 ], [ -79.885887284025202, 40.446994976532501 ], [ -79.885904283087598, 40.446965976595898 ], [ -79.885933283842803, 40.446914975891701 ], [ -79.886146283848007, 40.446988976203002 ], [ -79.886383283122399, 40.4470669763922 ], [ -79.887736284659198, 40.447516976319797 ], [ -79.888187284170598, 40.447666975864202 ], [ -79.888321284666304, 40.447722976297797 ], [ -79.888369284882401, 40.447742976217199 ], [ -79.8884092843536, 40.447780976311897 ], [ -79.888550283995698, 40.447851975871203 ], [ -79.888732284834006, 40.4480689759299 ], [ -79.889008284719694, 40.4483379763005 ], [ -79.889245285226806, 40.448548975951901 ], [ -79.889819284646194, 40.449058976044903 ], [ -79.890447285293902, 40.449466976216598 ], [ -79.891076285588397, 40.449786976552097 ], [ -79.891157285045495, 40.4498289762901 ], [ -79.891771285659303, 40.450105976639101 ], [ -79.891946717888402, 40.450157306323 ], [ -79.892041285359596, 40.450184976402802 ], [ -79.892375285767599, 40.4502599767685 ], [ -79.892426285891801, 40.450273976526397 ], [ -79.892426285580299, 40.450462975142898 ], [ -79.892529286090493, 40.450523975859298 ], [ -79.892604286083198, 40.450568975758003 ], [ -79.892787286993496, 40.450309975521002 ], [ -79.893009285699705, 40.4504319759845 ], [ -79.893448286228704, 40.450665976099003 ], [ -79.893745287247995, 40.450811976512199 ], [ -79.894130287187195, 40.450983976443901 ], [ -79.894442286740698, 40.451119976678797 ], [ -79.895037286142596, 40.451363975708901 ], [ -79.898749287798793, 40.452815976647699 ], [ -79.898761288091407, 40.452820976695101 ], [ -79.8996022882977, 40.453132977024403 ], [ -79.899826288942293, 40.4532179763291 ], [ -79.900856289122402, 40.453624975743303 ], [ -79.901311288923395, 40.453803976264098 ], [ -79.902253288657604, 40.4541759763177 ], [ -79.902677289451802, 40.454346976282103 ], [ -79.903131289008201, 40.454531976398897 ], [ -79.903572289982094, 40.454710976751798 ], [ -79.903746290394693, 40.454781976682 ], [ -79.904878291116404, 40.455292976263401 ], [ -79.905313290657702, 40.4554899765741 ], [ -79.905703290680805, 40.455662977105703 ], [ -79.906012290670603, 40.455775976958101 ], [ -79.906141291018599, 40.455807976078098 ], [ -79.906303291283706, 40.455839976522 ], [ -79.906349290799298, 40.455849976369798 ], [ -79.906485290099099, 40.455876976325698 ], [ -79.906675291684294, 40.455902975740301 ], [ -79.907022291517407, 40.455925976661902 ], [ -79.907151290752793, 40.455935976732299 ], [ -79.907504290590396, 40.455977976760103 ], [ -79.9075502912644, 40.455985976216702 ], [ -79.907889291099593, 40.456068976636402 ], [ -79.9081062912325, 40.456141976233297 ], [ -79.908375291043399, 40.456245976667802 ], [ -79.908461291798105, 40.456278976152802 ], [ -79.908674291114295, 40.456361976831403 ], [ -79.908971291744294, 40.456475976752699 ], [ -79.909023291902898, 40.456495976462001 ], [ -79.909128292394996, 40.456535976046901 ], [ -79.909444292780194, 40.456657977097798 ], [ -79.909550291677505, 40.456698976521899 ], [ -79.909577292693797, 40.456672976967504 ], [ -79.909662291682693, 40.456597976418401 ], [ -79.909690291668895, 40.456572976136698 ], [ -79.9097082923481, 40.456555976694297 ], [ -79.909766292215906, 40.456504976618398 ], [ -79.909785291911504, 40.456488976462197 ], [ -79.909794292124801, 40.456479976311002 ], [ -79.909821291960696, 40.456454976666102 ], [ -79.909831292425906, 40.456446976688298 ], [ -79.909972291985099, 40.456310976688798 ], [ -79.910398292562206, 40.455904976119697 ], [ -79.910540291314305, 40.455769976464197 ], [ -79.910716291845006, 40.455599976092998 ], [ -79.911244292139102, 40.455091975867298 ], [ -79.911421291803904, 40.454922976323502 ], [ -79.911893291966393, 40.454469975906697 ], [ -79.912287292482105, 40.454098975427698 ], [ -79.912427293212502, 40.454044975058302 ], [ -79.913074292443696, 40.454490976378501 ], [ -79.915017293144501, 40.455830975800097 ], [ -79.915420294061803, 40.456107976430303 ], [ -79.915665294377405, 40.456277975834098 ], [ -79.9160152938463, 40.456518976540202 ], [ -79.916363294217703, 40.456758976805098 ], [ -79.917065294407905, 40.457245976787199 ], [ -79.917415293964794, 40.4574889760042 ], [ -79.917546294266103, 40.457576976338999 ], [ -79.917737293932404, 40.457705976282398 ], [ -79.917941294211502, 40.457845976580003 ], [ -79.9180722944417, 40.457936976192698 ], [ -79.9183252949761, 40.458110975749598 ], [ -79.919084294610599, 40.458634976556901 ], [ -79.919337294858806, 40.458809975733899 ], [ -79.919515294866798, 40.458882977223503 ], [ -79.919938295068505, 40.459148976089203 ], [ -79.920133294703902, 40.4593089766798 ], [ -79.920357295915395, 40.459463976788399 ], [ -79.920544295664598, 40.459593976138201 ], [ -79.920786295501102, 40.459749976146497 ], [ -79.921000295533005, 40.459899976636301 ], [ -79.921232295214693, 40.460052977227797 ], [ -79.921569295721298, 40.4602059768252 ], [ -79.922175296319594, 40.460445976777102 ], [ -79.922625296277303, 40.4605629767618 ], [ -79.9227262960095, 40.4606639761219 ], [ -79.922911296194499, 40.460604976153 ], [ -79.923529296220906, 40.460405977349801 ], [ -79.923691296154004, 40.460357976538099 ], [ -79.923956296095199, 40.4602809766725 ], [ -79.9241772966502, 40.4602159762076 ], [ -79.924340297463203, 40.460168977215098 ], [ -79.924481295899398, 40.4601269763521 ], [ -79.924904296971107, 40.460002976108797 ], [ -79.925046297663599, 40.459961976356702 ], [ -79.925316297507806, 40.459878976808099 ], [ -79.925402296690095, 40.459852976656599 ], [ -79.925724297889204, 40.459733976623802 ], [ -79.926062296628899, 40.4596349762556 ], [ -79.926124296469396, 40.459618976444297 ], [ -79.926400297381207, 40.459553975793099 ], [ -79.926615296988601, 40.459493975896997 ], [ -79.926785296777894, 40.459447976454101 ], [ -79.927257297355396, 40.459303975302099 ], [ -79.927471297266294, 40.459239975906002 ], [ -79.927576297268303, 40.4592089758494 ], [ -79.927774297181003, 40.459147975367202 ], [ -79.928244298694196, 40.4590069756362 ], [ -79.928651298743702, 40.458867975346898 ], [ -79.928680297947494, 40.458858976009203 ], [ -79.928983298898103, 40.458765976763502 ], [ -79.929399298217106, 40.458656975713403 ], [ -79.930001298060205, 40.458476976596799 ], [ -79.933045298935298, 40.457570975764703 ], [ -79.9340602995061, 40.457269975577098 ], [ -79.934456299957404, 40.457153975623299 ], [ -79.936127299582793, 40.456650974986701 ], [ -79.936493300704399, 40.456572974186201 ], [ -79.9365683004564, 40.456522974683097 ], [ -79.936858300802996, 40.456437974724103 ], [ -79.937723300681895, 40.456172974497598 ], [ -79.9383093000652, 40.456000974252497 ], [ -79.938594300501805, 40.455917974334298 ], [ -79.938883300597496, 40.4558369744435 ], [ -79.939058301361698, 40.455782974161004 ], [ -79.939213300643601, 40.455736973735398 ], [ -79.940448301190301, 40.455362973803801 ], [ -79.940536301106903, 40.455336974687803 ], [ -79.940912301622404, 40.4552239734181 ], [ -79.941028301254306, 40.455187974212699 ], [ -79.941379301504199, 40.455082974706201 ], [ -79.941496301325301, 40.455047974033299 ], [ -79.941587301360997, 40.4552309741645 ], [ -79.941822301224903, 40.455701974645699 ], [ -79.941872302143196, 40.455776973723403 ], [ -79.941988302239906, 40.455946973874099 ], [ -79.942165302304105, 40.455892974174098 ], [ -79.942700301264495, 40.455732974044402 ], [ -79.942878302144706, 40.455679974020498 ], [ -79.943157302444703, 40.455594973936101 ], [ -79.943995303067297, 40.455341973918401 ], [ -79.944275302611899, 40.455257974590197 ], [ -79.944161302443007, 40.455184973377399 ], [ -79.944046301705797, 40.4551039733634 ], [ -79.943999303160297, 40.455070974103101 ], [ -79.943367302088404, 40.454710974470402 ], [ -79.943332302669802, 40.454693973598502 ], [ -79.943085301945004, 40.454573973757199 ], [ -79.943119302277594, 40.454562973204403 ], [ -79.943221302964503, 40.4545329740684 ], [ -79.943256302803903, 40.454522973385203 ], [ -79.943292302541494, 40.454510973619399 ], [ -79.943402302134402, 40.454478973962402 ], [ -79.943439302051999, 40.454468974004499 ], [ -79.9436413019246, 40.454407973453897 ], [ -79.944249302813205, 40.454227972962499 ], [ -79.9444523020601, 40.454167973571899 ], [ -79.944840303043904, 40.454050973010197 ], [ -79.946004302747994, 40.453702973192897 ], [ -79.946393302867506, 40.453586973507903 ], [ -79.946584302867194, 40.453528973017498 ], [ -79.947157302924694, 40.453355973174098 ], [ -79.947349303621294, 40.4532989730493 ], [ -79.947696303107193, 40.453194973220597 ], [ -79.948744303713099, 40.4528859727601 ], [ -79.949084304055802, 40.452777973159399 ], [ -79.949205304596305, 40.452739973199101 ], [ -79.949691304612003, 40.452592972580298 ], [ -79.949724554630095, 40.452797135289501 ], [ -79.949741304054797, 40.452899973700902 ], [ -79.949778303714993, 40.453121974228203 ], [ -79.949890304280103, 40.4533699740945 ], [ -79.950065304424797, 40.453771974864097 ], [ -79.950190303972704, 40.454058974116798 ], [ -79.950426304843006, 40.454592974555702 ], [ -79.950648304198296, 40.455095974785998 ], [ -79.951004304025702, 40.455932974535401 ], [ -79.951111304948299, 40.4562059746941 ], [ -79.951213304619998, 40.456464975064399 ], [ -79.951305304519906, 40.456756975296898 ], [ -79.951333305622001, 40.456846974464199 ], [ -79.951410305742698, 40.457090974811102 ], [ -79.951418304873897, 40.4571199744585 ], [ -79.951444305358294, 40.457211974686302 ], [ -79.951451304807193, 40.457239974492602 ], [ -79.951475304708893, 40.457323975297797 ], [ -79.951483305426095, 40.457351974049097 ], [ -79.951604304994206, 40.457365973293903 ], [ -79.951809304956697, 40.457391973603997 ], [ -79.951968305534294, 40.457413974373303 ], [ -79.952090305129204, 40.457431973723097 ], [ -79.952219305150606, 40.457450973761098 ], [ -79.952537305738304, 40.4575079734621 ], [ -79.952647305142193, 40.457533974459899 ], [ -79.952994304846698, 40.457636974330299 ], [ -79.953051305333801, 40.457661973407397 ], [ -79.953303306165196, 40.457773974561299 ], [ -79.953456305581199, 40.457851974692602 ], [ -79.953752306320297, 40.458032973918399 ], [ -79.953833305277797, 40.4580889733029 ], [ -79.954049305305503, 40.458275974367602 ], [ -79.954268305445396, 40.4584949742354 ], [ -79.954569306413205, 40.458850973738897 ], [ -79.954817250165902, 40.4591504966969 ], [ -79.955218305564401, 40.459634973775202 ], [ -79.955267306850203, 40.459694974392001 ], [ -79.955442846611206, 40.459882934948602 ], [ -79.955479306183307, 40.459921973795701 ], [ -79.955728305814006, 40.460157973628398 ], [ -79.9559393065542, 40.460310974353298 ], [ -79.955635827142601, 40.460641142966303 ], [ -79.955632305438897, 40.460644974362701 ], [ -79.955586305387897, 40.460693975413697 ], [ -79.955467305991505, 40.460823975137203 ], [ -79.955254307010406, 40.461055974910202 ], [ -79.954558577654296, 40.461797394371303 ], [ -79.954188305414903, 40.462191974845403 ], [ -79.953638305679107, 40.462764975702299 ], [ -79.953735305781393, 40.462814975817899 ], [ -79.953966306618696, 40.462909975948001 ], [ -79.954097306260607, 40.4628909753147 ], [ -79.9542243063309, 40.462871976024097 ], [ -79.954272305969397, 40.462863976352203 ], [ -79.954575306531098, 40.462814975592998 ], [ -79.954798306546493, 40.462779975994103 ], [ -79.954974306190906, 40.462751975843901 ], [ -79.955385306452996, 40.462687976414998 ], [ -79.955414305829095, 40.462683975545197 ], [ -79.9557533071997, 40.462647976172299 ], [ -79.956458307601096, 40.462541975740201 ], [ -79.956734306915706, 40.462471975579 ], [ -79.956802307202395, 40.462455975313603 ], [ -79.957173306849, 40.4623909754946 ], [ -79.957169306983602, 40.462435975336703 ], [ -79.957181306989597, 40.462478975153303 ], [ -79.957245306543896, 40.462706975716102 ], [ -79.9572573072453, 40.462739975902402 ], [ -79.957288306719903, 40.462824976132097 ], [ -79.957314307686701, 40.462901975719497 ], [ -79.957338307176201, 40.462970975995802 ], [ -79.957387307101001, 40.463138975164902 ], [ -79.957411307351904, 40.463217975020299 ], [ -79.957431306915097, 40.463288975907098 ], [ -79.957492307465202, 40.463504976413901 ], [ -79.957513307064403, 40.463576976167602 ], [ -79.957532307498496, 40.463644976414699 ], [ -79.957592308105106, 40.463849975674101 ], [ -79.9576123074186, 40.463918975711202 ], [ -79.957632307999901, 40.463991976464698 ], [ -79.957695306678403, 40.464211975481703 ], [ -79.957716307344697, 40.4642859759998 ], [ -79.957741307488604, 40.464372976195001 ], [ -79.957818306958401, 40.464635976326399 ], [ -79.957844307280396, 40.464723976275799 ], [ -79.957870307673005, 40.464815975159802 ], [ -79.957905308029197, 40.464935975812097 ], [ -79.957942307879705, 40.465095975942504 ], [ -79.957964307136294, 40.465189975471503 ], [ -79.957707307742496, 40.4652329763951 ], [ -79.956937307558306, 40.465363976121701 ], [ -79.956681306520096, 40.465407975970599 ], [ -79.956382306852007, 40.4654579768006 ], [ -79.955485307282899, 40.465608976370703 ], [ -79.955187306966494, 40.465659975688801 ], [ -79.955020307410607, 40.465688976362102 ], [ -79.954520306892206, 40.465775975900002 ], [ -79.954354306672997, 40.465805976321001 ], [ -79.954195306855695, 40.465831975613703 ], [ -79.953721305605299, 40.4659119761887 ], [ -79.953563306403296, 40.465938976207099 ], [ -79.952851305983899, 40.466061976441402 ], [ -79.952565305310301, 40.466107976496502 ], [ -79.952310305777004, 40.466149976382098 ], [ -79.951933305529295, 40.466177976795898 ], [ -79.951568305684603, 40.466170976802701 ], [ -79.951380304798107, 40.466155976651898 ], [ -79.949559305831201, 40.465905976738 ], [ -79.948102304190797, 40.465709976591903 ], [ -79.948071304948002, 40.465705977020399 ], [ -79.947941305437197, 40.465689976566601 ], [ -79.947725304308307, 40.465663976335499 ], [ -79.947553303633001, 40.465637976185398 ], [ -79.947424304768305, 40.465618976079199 ], [ -79.947229304620606, 40.465588976785398 ], [ -79.946846303827698, 40.465531976504899 ], [ -79.946644303859003, 40.465501976827497 ], [ -79.946449303513901, 40.465473977049797 ], [ -79.946414303924897, 40.465623975783998 ], [ -79.946362302633005, 40.465849975770503 ], [ -79.946312303837701, 40.466075976430901 ], [ -79.946280304052493, 40.466227976541703 ], [ -79.9462653035838, 40.466303976299898 ], [ -79.946220304362001, 40.466531976411801 ], [ -79.946206303560004, 40.466608976940201 ], [ -79.946163304696398, 40.4668029774042 ], [ -79.946144304836807, 40.466874976709398 ], [ -79.946119303842096, 40.4669719772305 ], [ -79.946198303667799, 40.467023976866201 ], [ -79.946391304556201, 40.467149977589699 ], [ -79.946749304479098, 40.467460977060803 ], [ -79.946811303655394, 40.467517977516998 ], [ -79.946927304578395, 40.467624976566498 ], [ -79.947067303448506, 40.467766977371703 ], [ -79.947246304482903, 40.467980976862698 ], [ -79.947297304987103, 40.468059977070197 ], [ -79.947349305019102, 40.468180977178001 ], [ -79.947360303922494, 40.468221977164902 ], [ -79.947385304401607, 40.4684549775466 ], [ -79.947375305099797, 40.468540976535401 ], [ -79.947336304679894, 40.468686977343197 ], [ -79.947215305011397, 40.468924977766598 ], [ -79.946958304001697, 40.469394977923002 ], [ -79.946879304199697, 40.469508977895003 ], [ -79.946778304351199, 40.469655977318197 ], [ -79.946673304650105, 40.469780977922497 ], [ -79.9464663037203, 40.470004977028402 ], [ -79.946230303729905, 40.470246977212199 ], [ -79.945908304673196, 40.470553977864903 ], [ -79.945672304152097, 40.470760978355003 ], [ -79.945286304719403, 40.471069978163001 ], [ -79.9450173036808, 40.471283978339699 ], [ -79.944841303356597, 40.471416977985903 ], [ -79.944795303883694, 40.471452977626598 ], [ -79.944498303228102, 40.4716419776625 ], [ -79.9441563045511, 40.471806977945803 ], [ -79.943990303643105, 40.471866977980397 ], [ -79.9437083039942, 40.471952977783602 ], [ -79.943286302921607, 40.472034977348898 ], [ -79.942732303347299, 40.472136978124503 ], [ -79.942061302910602, 40.472265977290299 ], [ -79.9417313029046, 40.472360978300102 ], [ -79.941608302380104, 40.472403977515597 ], [ -79.940338302745701, 40.472851977766602 ], [ -79.940153303137905, 40.472904978380498 ], [ -79.939743303099505, 40.472999978300301 ], [ -79.939416302564496, 40.473051978086403 ], [ -79.939085302823798, 40.473088978579199 ], [ -79.938645302358395, 40.473100978874903 ], [ -79.938286302701201, 40.473089977827499 ], [ -79.938239301984396, 40.4730869784023 ], [ -79.937819302503499, 40.473063978783202 ], [ -79.937465302504805, 40.473016978650399 ], [ -79.937092302204704, 40.4729509783146 ], [ -79.937020301787996, 40.472935978019699 ], [ -79.936804301948399, 40.472892978550803 ], [ -79.936733301382603, 40.472878978039198 ], [ -79.936653301513303, 40.472862978421901 ], [ -79.936564301774396, 40.4728419789311 ], [ -79.936060301558797, 40.472724978679899 ], [ -79.935892301282607, 40.4726869786723 ], [ -79.9358003015642, 40.472668978426299 ], [ -79.935620300347196, 40.4726209783692 ], [ -79.935456301653801, 40.472569978373002 ], [ -79.935370301286099, 40.472609978768503 ], [ -79.935078301092503, 40.472567978443898 ], [ -79.934940301237404, 40.472549978469203 ], [ -79.936522301648196, 40.474108978768903 ], [ -79.936532302466503, 40.474275978176003 ], [ -79.937943301667403, 40.4741649782558 ], [ -79.938210302000201, 40.474102978342998 ], [ -79.938374302065498, 40.474124978553398 ], [ -79.938918302673898, 40.474547978527397 ], [ -79.941617303056304, 40.4766479790188 ], [ -79.942517303389593, 40.477347979509098 ], [ -79.942719303590394, 40.477486979267098 ], [ -79.942896303329107, 40.4776089788676 ], [ -79.944036304577693, 40.478391978559401 ], [ -79.944417304320694, 40.478652979301401 ], [ -79.944537304768502, 40.478590979281798 ], [ -79.946257304731006, 40.477703979542 ], [ -79.946423304927507, 40.477633978814801 ], [ -79.9465743047042, 40.477597979323697 ], [ -79.946765304563698, 40.477580979141102 ], [ -79.946893305125997, 40.477587979157498 ], [ -79.947061305767605, 40.477619979074099 ], [ -79.947943304987902, 40.4778829784183 ], [ -79.948947306213796, 40.4781809790585 ], [ -79.948896305962194, 40.478286978558401 ], [ -79.948887305727297, 40.478320977952897 ], [ -79.948870306191395, 40.478353978171498 ], [ -79.948725305429207, 40.478267978276598 ], [ -79.948048305224503, 40.4780569772578 ], [ -79.947743305028894, 40.477968978271903 ], [ -79.947369305395299, 40.477978977390201 ], [ -79.947149305345107, 40.478004977902103 ], [ -79.946976305353701, 40.4781099786738 ], [ -79.947055305015695, 40.478171978336697 ], [ -79.947344305287402, 40.478383978571699 ], [ -79.947414305149493, 40.4784359783146 ], [ -79.947625304946101, 40.478593978018097 ], [ -79.947696305245302, 40.478646978356203 ], [ -79.9474863058484, 40.478796978422302 ], [ -79.947276305073402, 40.478947978066302 ], [ -79.9470063045068, 40.479150978154202 ], [ -79.946866305681795, 40.479258978485902 ], [ -79.946663305035202, 40.479417978718502 ], [ -79.946753305077706, 40.479473978881899 ], [ -79.9470263049908, 40.479641977820101 ], [ -79.947118305336204, 40.479697978437798 ], [ -79.947204304514798, 40.479774977667702 ], [ -79.947450305330193, 40.479994978262098 ], [ -79.947463305693503, 40.480006978392097 ], [ -79.947549305249595, 40.480084978224802 ], [ -79.947457305456197, 40.480183978159502 ], [ -79.947428305702203, 40.480210978543397 ], [ -79.947192305266597, 40.480436978559098 ], [ -79.947049305400498, 40.480575977912999 ], [ -79.946925305270099, 40.480698978955502 ], [ -79.946807305882501, 40.480609979046903 ], [ -79.946676304397201, 40.480510978749798 ], [ -79.946460304388296, 40.4806829789418 ], [ -79.946346304600894, 40.480775979014901 ], [ -79.946120304715393, 40.480959978749098 ], [ -79.9454423043194, 40.481514979040398 ], [ -79.9452173042759, 40.4816999794824 ], [ -79.945179304042995, 40.481730979690397 ], [ -79.945064304826104, 40.4818249788892 ], [ -79.945027304433296, 40.481856978935603 ], [ -79.945095303943603, 40.481918978859902 ], [ -79.945158304851404, 40.481970979509597 ], [ -79.945337304369204, 40.482119978717101 ], [ -79.945556305151101, 40.482307979377403 ], [ -79.945689304586594, 40.482421979471901 ], [ -79.945550304421502, 40.482524979062497 ], [ -79.945469304460005, 40.482586979095998 ], [ -79.945139303916207, 40.482841979830297 ], [ -79.945003303975, 40.4829489801389 ], [ -79.945050305031501, 40.482991979159998 ], [ -79.945194304441699, 40.483120979095602 ], [ -79.945243304476094, 40.483164979654603 ], [ -79.945147304210195, 40.483147979577602 ], [ -79.944860304436901, 40.483098979617502 ], [ -79.944765304689, 40.4830829795849 ], [ -79.944604304831699, 40.4830549791034 ], [ -79.944567305397499, 40.4830489798209 ], [ -79.944514304890205, 40.483043979663996 ], [ -79.944153304409497, 40.483012978875799 ], [ -79.944118304517204, 40.483009979205697 ], [ -79.943956304066703, 40.482999978862999 ], [ -79.943925304417306, 40.482997978861803 ], [ -79.943865304591299, 40.482996978595999 ], [ -79.943780303925706, 40.483018979495498 ], [ -79.943730304522106, 40.483021979326203 ], [ -79.943616304076698, 40.483005979814102 ], [ -79.943450304893901, 40.482977978888698 ], [ -79.943371304678394, 40.482980979156402 ], [ -79.943317305136702, 40.482996979306797 ], [ -79.943281304060605, 40.483018979190099 ], [ -79.943265304407902, 40.483035979181899 ], [ -79.943173304312495, 40.483187979292801 ], [ -79.943435304302795, 40.483304978813898 ], [ -79.943522304351404, 40.4833439788421 ], [ -79.944109305001007, 40.4835979793788 ], [ -79.944237304626299, 40.483585978936297 ], [ -79.944291304978293, 40.483580978736597 ], [ -79.944470304168405, 40.483581978965702 ], [ -79.944522305176704, 40.483597978690099 ], [ -79.944741305353006, 40.483789979815299 ], [ -79.944754304757396, 40.483801979363697 ], [ -79.945447304571701, 40.484418979559202 ], [ -79.945679305362006, 40.4846249801395 ], [ -79.945733305623804, 40.484674979438402 ], [ -79.945897305410199, 40.484827979629301 ], [ -79.945952306064996, 40.484878979605803 ], [ -79.946301305357196, 40.485165979380099 ], [ -79.945955305279199, 40.485294979049101 ], [ -79.945626305092404, 40.485419979370498 ], [ -79.944916305840806, 40.485677980019098 ], [ -79.944721305389095, 40.485748979813202 ], [ -79.944569304380494, 40.485802979309298 ], [ -79.944152304769702, 40.485950980377702 ], [ -79.942903304626, 40.486396980475298 ], [ -79.942750304468007, 40.486451980203498 ], [ -79.942486304241996, 40.4865439799486 ], [ -79.942432304143097, 40.486561979532603 ], [ -79.942272303753299, 40.486617979758599 ], [ -79.942219304208507, 40.4866379790952 ], [ -79.941327303841206, 40.486951979528499 ], [ -79.9402953041388, 40.487316980882603 ], [ -79.939008014649303, 40.487775383744903 ], [ -79.938655303159294, 40.487900980458001 ], [ -79.938031303715405, 40.488123980153098 ], [ -79.9377673027047, 40.488221980284003 ], [ -79.937159302918204, 40.488436980949501 ], [ -79.937317302716494, 40.488909980759701 ], [ -79.937515302504295, 40.489505980660297 ], [ -79.937544302854704, 40.489597980659099 ], [ -79.937676674385102, 40.4900122703975 ], [ -79.937396468552706, 40.490049361967998 ], [ -79.937122301339002, 40.490094782373397 ], [ -79.936950782291106, 40.490094936135002 ], [ -79.936826864733007, 40.4901003144385 ], [ -79.9366786950185, 40.490119482950902 ], [ -79.936395726597496, 40.490154845123101 ], [ -79.936141403976805, 40.490206170566502 ], [ -79.935959744022199, 40.490257837209001 ], [ -79.935864278138297, 40.490278071394201 ], [ -79.935771535208005, 40.490251281615201 ], [ -79.935746809155503, 40.4902204415109 ], [ -79.935680129590907, 40.490220282013198 ], [ -79.9356128914918, 40.490232409894503 ], [ -79.935529891963199, 40.490282609383499 ], [ -79.935132484025104, 40.490376134604602 ], [ -79.935032795724297, 40.490343324428103 ], [ -79.934918604967706, 40.490312916887603 ], [ -79.934804596679996, 40.490298038338999 ], [ -79.934673586769804, 40.4903000520953 ], [ -79.934546309964901, 40.490304098682302 ], [ -79.934436422522296, 40.490307912152403 ], [ -79.934278552187706, 40.4903189801407 ], [ -79.934168395077094, 40.490334136613697 ], [ -79.934050126680802, 40.490356018808498 ], [ -79.934001637154097, 40.4903757164873 ], [ -79.933921702095304, 40.490397882664197 ], [ -79.933730873523302, 40.4904223896636 ], [ -79.933509469408705, 40.4904532787561 ], [ -79.933423082165106, 40.490462365276102 ], [ -79.933391814704294, 40.490465487011399 ], [ -79.933360376456804, 40.490452115504297 ], [ -79.933337549422305, 40.490456085928997 ], [ -79.933286127937507, 40.490469895715101 ], [ -79.933194014480506, 40.490489513061 ], [ -79.933110588054902, 40.490509251914403 ], [ -79.933096017716295, 40.4905126979748 ], [ -79.933030212873007, 40.490516128356198 ], [ -79.932919783550304, 40.490512001461902 ], [ -79.932826240679802, 40.490504898209302 ], [ -79.932727793176298, 40.490487310514702 ], [ -79.932653732224196, 40.4904700020805 ], [ -79.932586826443895, 40.4904489767614 ] ] ], [ [ [ -79.884611286639, 40.487757984285402 ], [ -79.884592286378293, 40.487491983539996 ], [ -79.884595285918607, 40.487336984004102 ], [ -79.8845872865476, 40.487225983795803 ], [ -79.884566286624803, 40.486892983666799 ], [ -79.884559285527004, 40.486781983940297 ], [ -79.885363286616993, 40.4866859834354 ], [ -79.885749053777701, 40.486640249228103 ], [ -79.886333286836106, 40.486570982934502 ], [ -79.887086450117096, 40.486510808224502 ], [ -79.887109287277397, 40.486508983565898 ], [ -79.887783287573399, 40.4864689831956 ], [ -79.888178286702995, 40.486447983918303 ], [ -79.888165287310699, 40.4862009839024 ], [ -79.888163445411806, 40.486165006699601 ], [ -79.888114287535004, 40.485204981995302 ], [ -79.888114287475403, 40.485196423971999 ], [ -79.888366285176502, 40.485184204434901 ], [ -79.888467924104901, 40.4851849202241 ], [ -79.888544265462798, 40.485193530330903 ], [ -79.888561944731805, 40.4851828787966 ], [ -79.8885793625237, 40.485174658971097 ], [ -79.888599369061595, 40.485165218366703 ], [ -79.888629496209603, 40.4851545149779 ], [ -79.8886809283036, 40.4851437256441 ], [ -79.888861419987805, 40.485148687754901 ], [ -79.889105653955198, 40.485177921146501 ], [ -79.889499127830803, 40.485215878700799 ], [ -79.889953580278899, 40.485259255636898 ], [ -79.890310048659401, 40.485290041685303 ], [ -79.890515437876701, 40.485341754599901 ], [ -79.890683218465298, 40.4854229498794 ], [ -79.891262714307601, 40.485555289515197 ], [ -79.8917473648835, 40.485607657354898 ], [ -79.891995409248906, 40.4856275318106 ], [ -79.892367271953702, 40.485657323757103 ], [ -79.892906249122802, 40.485706882192197 ], [ -79.893234005617302, 40.485736376148701 ], [ -79.893446763859004, 40.485770261937198 ], [ -79.893715934645101, 40.485824499367801 ], [ -79.894266369501906, 40.485942609691698 ], [ -79.894652913224903, 40.486019564272901 ], [ -79.895114216918103, 40.486115517851701 ], [ -79.895636798983404, 40.486223531838398 ], [ -79.896139331466799, 40.486325363735503 ], [ -79.896431058722698, 40.486382386915899 ], [ -79.896704519589306, 40.4864358396893 ], [ -79.897329708268103, 40.486571671955701 ], [ -79.898067987391499, 40.486724673856102 ], [ -79.898862141667706, 40.486889943744998 ], [ -79.899336495278902, 40.4869863768876 ], [ -79.899636701311096, 40.487047407214 ], [ -79.899776271918896, 40.487076850395397 ], [ -79.900590283719495, 40.487248626387 ], [ -79.901488987121198, 40.487438617205903 ], [ -79.901491291618697, 40.487484983297001 ], [ -79.901504291399206, 40.487745983632102 ], [ -79.901604291846098, 40.488374983015298 ], [ -79.901610291180901, 40.488603983027801 ], [ -79.901610290944703, 40.4886389836578 ], [ -79.901610627650896, 40.4886511226183 ], [ -79.901611491384998, 40.488682176775903 ], [ -79.901613291976105, 40.488746982669099 ], [ -79.9016182911556, 40.488824982316999 ], [ -79.901626291386506, 40.488950982732497 ], [ -79.901629292051197, 40.488992982963403 ], [ -79.901611291187393, 40.488987982159998 ], [ -79.901558291677404, 40.488973982631599 ], [ -79.901541291473393, 40.488969982959397 ], [ -79.901509290904798, 40.488960982494703 ], [ -79.901416291162704, 40.488936983577197 ], [ -79.901385291244196, 40.488928983321202 ], [ -79.901322290841605, 40.488911983440602 ], [ -79.901133290823395, 40.4888619832182 ], [ -79.9010712911588, 40.488845983445799 ], [ -79.900899290494294, 40.4887959831375 ], [ -79.9007522912529, 40.488753982863798 ], [ -79.900703594413301, 40.488740485757603 ], [ -79.900384291146196, 40.488651983620102 ], [ -79.900213291005798, 40.488604983343699 ], [ -79.900040291161901, 40.488556983122102 ], [ -79.899522291362601, 40.488412983066297 ], [ -79.899350290752807, 40.488365983014603 ], [ -79.899176290511704, 40.488318983839498 ], [ -79.898656289974696, 40.488180983458598 ], [ -79.898523290633804, 40.488145983804202 ], [ -79.898487290951607, 40.4881269835479 ], [ -79.898321290358894, 40.488080983063703 ], [ -79.897985290125703, 40.487987983664198 ], [ -79.897824289370305, 40.487944982215602 ], [ -79.897658289762703, 40.4879019832983 ], [ -79.897607290693799, 40.487886983633302 ], [ -79.897563290663697, 40.488141982712001 ], [ -79.897546007087001, 40.488243518286801 ], [ -79.897539290638605, 40.488282982980401 ], [ -79.897496267495498, 40.488538329607799 ], [ -79.897436984314098, 40.488890175921199 ], [ -79.897339290385702, 40.489469983780303 ], [ -79.897273290672103, 40.489865983488698 ], [ -79.897262290092598, 40.489922983390301 ], [ -79.897232289969494, 40.490095983983203 ], [ -79.897222289892099, 40.490153984157601 ], [ -79.897213290420495, 40.490197983719902 ], [ -79.897186290813394, 40.490329984223003 ], [ -79.897178290692494, 40.490374984082301 ], [ -79.897134289663697, 40.4906539840782 ], [ -79.897002290286693, 40.491493984486603 ], [ -79.896964290429494, 40.491742983760503 ], [ -79.896968290176801, 40.491774984120497 ], [ -79.896967290662005, 40.4917859839857 ], [ -79.896967290363193, 40.491821984490102 ], [ -79.896967290234997, 40.4918339837579 ], [ -79.896962290089405, 40.491915984180103 ], [ -79.896960290707597, 40.491977984169097 ], [ -79.896953289985007, 40.492249983959397 ], [ -79.896947290581195, 40.492308984515901 ], [ -79.896945290305297, 40.492334984021198 ], [ -79.896936290091205, 40.492410984289002 ], [ -79.896878289700297, 40.4924879842659 ], [ -79.896927289732602, 40.492497983882501 ], [ -79.8969202908184, 40.492561984665102 ], [ -79.896915290799896, 40.4926219847097 ], [ -79.896858290525401, 40.492610984118699 ], [ -79.896089289554396, 40.492474983957102 ], [ -79.895885289854903, 40.492439984343399 ], [ -79.895431289335903, 40.4923699843254 ], [ -79.894843289392597, 40.4922719840715 ], [ -79.894244289105103, 40.4921799844549 ], [ -79.893802289812598, 40.492112984218501 ], [ -79.891260288383805, 40.491743984622303 ], [ -79.890338287865504, 40.491608984018796 ], [ -79.889835287541402, 40.491534984700202 ], [ -79.888854287984799, 40.491390984465603 ], [ -79.887511286750794, 40.4911999843074 ], [ -79.887243287788195, 40.491158984459403 ], [ -79.886975287206297, 40.4911229846076 ], [ -79.886436286945695, 40.491068984159597 ], [ -79.8857333607166, 40.491009921344499 ], [ -79.885720710872206, 40.491008858411298 ], [ -79.885353286848101, 40.490977984118501 ], [ -79.884905286865902, 40.490946983890801 ], [ -79.884845286124104, 40.490941983797498 ], [ -79.884793496272906, 40.490939249066599 ], [ -79.8846662859373, 40.490931983431302 ], [ -79.884607286416298, 40.490929983458599 ], [ -79.884603286221903, 40.4907899834365 ], [ -79.884598286441104, 40.490558983397499 ], [ -79.884633105302598, 40.490514847114497 ], [ -79.884669286546895, 40.490468984880799 ], [ -79.884697285803995, 40.4904019840424 ], [ -79.884707285796395, 40.490301984252604 ], [ -79.884693286385598, 40.490182984567198 ], [ -79.8846432863877, 40.490003983925803 ], [ -79.884577286767097, 40.489826984778396 ], [ -79.884571286095706, 40.489622984324598 ], [ -79.884550286695401, 40.489344984393 ], [ -79.884528315367007, 40.489245329686298 ], [ -79.884522286240099, 40.489217983271502 ], [ -79.884487285619301, 40.4889569830111 ], [ -79.884510438705902, 40.488872843913597 ], [ -79.884569286605696, 40.488658983953101 ], [ -79.884621286473802, 40.488382984066199 ], [ -79.884611286639, 40.487757984285402 ] ] ] ] } },
{ "type": "Feature", "properties": { "DISTRICT": 6, "OBJECTID": 8, "GlobalID": "9f97def8-5919-4ecd-af15-c4fc5513d772", "Shape__Area": 291351103.49932861, "Shape__Length": 155612.85351455657, "Zone_T": "6", "TOTAL": 44089.733791079365, "WHITE": 31059.719809670682, "BLACK": 7710.6055199472848, "AMERICAN_INDIAN": 17.070522919545102, "ASIAN": 1425.553316444132, "PACIFIC_ISLANDER": 0.0, "OTHER": 52.233233645741123, "TWO_OR_MORE": 2226.8481623387979, "HISPANIC": 1597.7032261131817, "WHITE_PCT": 0.704, "BLACK_PCT": 0.175, "AMERICAN_INDIAN_PCT": 0.0, "ASIAN_PCT": 0.032, "PACIFIC_ISLANDER_PCT": 0.0, "OTHER_PCT": 0.001, "TWO_OR_MORE_PCT": 0.051, "HISPANIC_PCT": 0.036 }, "geometry": { "type": "Polygon", "coordinates": [ [ [ -80.027821034464296, 40.444901397481203 ], [ -80.027961327099007, 40.444648969419802 ], [ -80.028087348681197, 40.444425073391898 ], [ -80.028126879499695, 40.444354842048199 ], [ -80.028158327410296, 40.444298969810497 ], [ -80.028227327146595, 40.444258969218801 ], [ -80.028283327994203, 40.444263968694301 ], [ -80.028263093183398, 40.4442550279201 ], [ -80.028197327197702, 40.444225968367903 ], [ -80.028103094027898, 40.444165906235298 ], [ -80.027753327910006, 40.443942969505699 ], [ -80.028302327592201, 40.443986968661598 ], [ -80.028334308541105, 40.443981240941703 ], [ -80.028372600314498, 40.443974382635602 ], [ -80.028503259335693, 40.443950980614602 ], [ -80.028684327639894, 40.443733967736101 ], [ -80.028867328143207, 40.443533968448499 ], [ -80.029163740135701, 40.443242547817498 ], [ -80.029461328161901, 40.442949967776997 ], [ -80.029598328083694, 40.442815968207299 ], [ -80.029611327876907, 40.4426429674782 ], [ -80.030190327988606, 40.4420829676965 ], [ -80.030256328241506, 40.442151967966602 ], [ -80.031349328783406, 40.441060968206997 ], [ -80.032538329264696, 40.439802966826399 ], [ -80.032678327806707, 40.439573967488101 ], [ -80.032776328704202, 40.439365966719002 ], [ -80.032848328999904, 40.439208967125701 ], [ -80.032899329179003, 40.4389999668333 ], [ -80.032933328169506, 40.438676966954198 ], [ -80.032995328655204, 40.437949966821897 ], [ -80.033053329049295, 40.437318965961403 ], [ -80.033059328659704, 40.436892966400997 ], [ -80.033033328624001, 40.436660965963398 ], [ -80.032982328347501, 40.436446966443803 ], [ -80.032887328963298, 40.436214966157699 ], [ -80.032710328851195, 40.4359289666628 ], [ -80.032490328278399, 40.435645965851798 ], [ -80.032307327367604, 40.435468965804802 ], [ -80.032098328675403, 40.435299966237302 ], [ -80.031918327332903, 40.4352049665683 ], [ -80.030464327163202, 40.434360966366498 ], [ -80.029534327348799, 40.433844966872599 ], [ -80.029474327593107, 40.433921966663199 ], [ -80.028584327233204, 40.433386966379899 ], [ -80.028505326045902, 40.433323965696502 ], [ -80.028340327183102, 40.433191966180097 ], [ -80.028114326003205, 40.432964966000299 ], [ -80.027876327585503, 40.432683965719903 ], [ -80.027678326896805, 40.432419966363597 ], [ -80.027575326480999, 40.432288965222 ], [ -80.0274613269372, 40.432157965484897 ], [ -80.027166326224204, 40.431784965673003 ], [ -80.026691325470495, 40.431314966188602 ], [ -80.026299325182507, 40.431017966893499 ], [ -80.0265263262459, 40.430896966334601 ], [ -80.027766326403807, 40.430229965684099 ], [ -80.028037326544293, 40.430083965884798 ], [ -80.027768326868994, 40.429919966148802 ], [ -80.027241326556094, 40.4294689659177 ], [ -80.027071326379399, 40.429281966748199 ], [ -80.026818326412496, 40.4290029661951 ], [ -80.026097325591095, 40.4282069657948 ], [ -80.024521324986196, 40.4264869654723 ], [ -80.024198324687504, 40.426292965455801 ], [ -80.024074324674999, 40.426255965357299 ], [ -80.023436324, 40.425935964932698 ], [ -80.022783325113394, 40.425710966036597 ], [ -80.022230323879, 40.425567965538598 ], [ -80.021751324937398, 40.4254429655983 ], [ -80.021406323637905, 40.425324965213001 ], [ -80.021217323586797, 40.425239965956997 ], [ -80.021166324810395, 40.425213965310597 ], [ -80.021142916154503, 40.425201404953299 ], [ -80.021125323947103, 40.425191965339501 ], [ -80.021149324515207, 40.425149965295603 ], [ -80.021256324607293, 40.425004965637797 ], [ -80.021279323796094, 40.424974965258599 ], [ -80.021337324079596, 40.424875965114197 ], [ -80.0213773242169, 40.424775965694302 ], [ -80.021445324084794, 40.424606965371403 ], [ -80.021487323508694, 40.424198965164102 ], [ -80.021481324934996, 40.424003965123497 ], [ -80.021468323913894, 40.423915966124703 ], [ -80.021431323476094, 40.4236749654563 ], [ -80.021395324372094, 40.423561965819303 ], [ -80.021338324229404, 40.423497964871999 ], [ -80.021325323863493, 40.423487965653202 ], [ -80.021273323524994, 40.4234479660403 ], [ -80.021208323999801, 40.423424965871199 ], [ -80.021107324123193, 40.4234199650355 ], [ -80.021036323543996, 40.423436965065299 ], [ -80.020877324788202, 40.423502965326797 ], [ -80.020741323091698, 40.423541965978799 ], [ -80.020705323469599, 40.423555965260697 ], [ -80.020692323952105, 40.423570964700602 ], [ -80.020439323714996, 40.423656965688401 ], [ -80.020101323534405, 40.4238119651258 ], [ -80.020033324376101, 40.423833965835598 ], [ -80.019799323715503, 40.423912966026798 ], [ -80.019713323610205, 40.423952965897698 ], [ -80.019597323449005, 40.423991965899802 ], [ -80.019229323461303, 40.423669965364802 ], [ -80.019022323630097, 40.423489966241 ], [ -80.018144322875102, 40.422685965365403 ], [ -80.017785322238694, 40.4223569658351 ], [ -80.017417322461597, 40.421973965194802 ], [ -80.017261322584204, 40.421811965394099 ], [ -80.016940322321901, 40.421478965369502 ], [ -80.016638321936398, 40.421163965310697 ], [ -80.016400322579798, 40.420857965516902 ], [ -80.016262322257703, 40.420593965084997 ], [ -80.016198322224099, 40.420397964977802 ], [ -80.016185321535701, 40.420325965235499 ], [ -80.016117322614093, 40.419923964624097 ], [ -80.016221321605002, 40.419218965547302 ], [ -80.016237321929296, 40.418883964699504 ], [ -80.0162413213191, 40.418822964613497 ], [ -80.016149322456698, 40.4180939647852 ], [ -80.016145321735394, 40.418060964471501 ], [ -80.015682322389097, 40.416970964156398 ], [ -80.015455322177303, 40.4161199637701 ], [ -80.015436322005499, 40.416044963612102 ], [ -80.015278322271101, 40.415614963897397 ], [ -80.015150321660599, 40.4153429635181 ], [ -80.015006322053793, 40.4151739644225 ], [ -80.014767322057196, 40.4149329639881 ], [ -80.014526321170607, 40.414744963701999 ], [ -80.014324321350401, 40.414622964121001 ], [ -80.014164321826399, 40.414526963989701 ], [ -80.013805321055301, 40.414369963879899 ], [ -80.013687321132906, 40.4143329634406 ], [ -80.013297320980499, 40.414210963365299 ], [ -80.0128433207759, 40.414084964485397 ], [ -80.012681321018903, 40.414035963903501 ], [ -80.012484320958805, 40.413979964072098 ], [ -80.011407320427097, 40.413676964206502 ], [ -80.011048320604502, 40.413576963838601 ], [ -80.010982319816094, 40.413549963381001 ], [ -80.010289319354101, 40.4132069638815 ], [ -80.009973320346106, 40.413086964148199 ], [ -80.009505319949099, 40.412838964266797 ], [ -80.009164319622599, 40.412650963316899 ], [ -80.009017319595898, 40.412542964360803 ], [ -80.008957319724203, 40.4125059635913 ], [ -80.008812319725607, 40.4123789634085 ], [ -80.008625319374104, 40.4121799638528 ], [ -80.0084323191398, 40.411963964474403 ], [ -80.008324318840906, 40.411804964199199 ], [ -80.008233319644305, 40.4116449638936 ], [ -80.008036318873295, 40.4111309630417 ], [ -80.007818318830999, 40.410662963519798 ], [ -80.007632319163704, 40.410420963391303 ], [ -80.007466318646394, 40.410249962873898 ], [ -80.007282318597404, 40.410064963668198 ], [ -80.006321318338905, 40.409546964179697 ], [ -80.005987317905607, 40.409285963730397 ], [ -80.005658318065699, 40.408725963218998 ], [ -80.005629317475893, 40.408263963139902 ], [ -80.005672317800204, 40.407905963336603 ], [ -80.005766317212206, 40.407129962376303 ], [ -80.005770317409798, 40.407102963055202 ], [ -80.005575317642197, 40.4065039628601 ], [ -80.005173317914, 40.4060249628685 ], [ -80.004751317275606, 40.405687962377399 ], [ -80.0041013177824, 40.405227962874797 ], [ -80.003265316960196, 40.404649962829801 ], [ -80.002659317153999, 40.404141962735203 ], [ -80.002294316624997, 40.403567961927799 ], [ -80.002164316242101, 40.403234961967399 ], [ -80.0017813168445, 40.4022459624112 ], [ -80.001776315880207, 40.402236961866002 ], [ -80.001613316000899, 40.401920962107503 ], [ -80.001593315558296, 40.401922961917897 ], [ -80.001536315930906, 40.401932962202999 ], [ -80.001518315987596, 40.401936962606399 ], [ -80.001415315671096, 40.401952962232698 ], [ -80.0011073160032, 40.402003961708601 ], [ -80.001005316352007, 40.402020962164599 ], [ -80.000937316077199, 40.402030962149297 ], [ -80.000735316315001, 40.402064962437102 ], [ -80.000620316066204, 40.402084961808903 ], [ -80.000476316006598, 40.401568962052799 ], [ -80.000414316468493, 40.401140962825401 ], [ -80.000374315860995, 40.400832961746502 ], [ -80.000321316532705, 40.400341961969197 ], [ -80.000274315980704, 40.399864962146097 ], [ -80.000212315290895, 40.399452961612198 ], [ -80.000134315077702, 40.399028962157502 ], [ -79.999982315869204, 40.398651961295897 ], [ -79.999851316327195, 40.398389961884803 ], [ -79.999617316181102, 40.398013961678899 ], [ -79.999300314849705, 40.397642961417198 ], [ -79.998150315511793, 40.3962869608742 ], [ -79.997935314983906, 40.395972961338401 ], [ -79.997763314417597, 40.395826961343303 ], [ -79.997641745516304, 40.395678863344301 ], [ -79.997401314766194, 40.3953859610926 ], [ -79.997298314627699, 40.395130961680699 ], [ -79.997223314609599, 40.3947919610101 ], [ -79.997237314720394, 40.394501960862797 ], [ -79.997252314559802, 40.394328960962397 ], [ -79.997281314591106, 40.394167960473702 ], [ -79.997314314461207, 40.393863961020003 ], [ -79.997343313907706, 40.393516960805698 ], [ -79.997334314546507, 40.393221961417296 ], [ -79.997309314839697, 40.392998960543601 ], [ -79.997405314403295, 40.392869960928302 ], [ -79.997689315388001, 40.392602959979897 ], [ -79.997884315065306, 40.392283961071598 ], [ -79.997913314504601, 40.392193960121404 ], [ -79.997908314052694, 40.3920789601761 ], [ -79.997905313886804, 40.391981959744903 ], [ -79.997856314109796, 40.3914769602777 ], [ -79.997862315178594, 40.391458959953702 ], [ -79.9978263150754, 40.3912069601921 ], [ -79.997837450195604, 40.390636450522599 ], [ -79.997843314696397, 40.3903359604043 ], [ -79.997848314205896, 40.390098959534299 ], [ -79.9978533142137, 40.389828960053997 ], [ -79.997841313629294, 40.389753958790102 ], [ -79.997912314367099, 40.389757959615402 ], [ -79.998128314171595, 40.389772959345699 ], [ -79.998151314379399, 40.389774959254801 ], [ -79.998170314311295, 40.3897759595827 ], [ -79.998200314183606, 40.3897779592345 ], [ -79.9982673139383, 40.389782959140597 ], [ -79.998496314565202, 40.389794959356301 ], [ -79.998571314007805, 40.389798959180901 ], [ -79.998703314547399, 40.389820959435703 ], [ -79.998736314501798, 40.3898239599677 ], [ -79.999234313888707, 40.389876959617098 ], [ -79.999401314438202, 40.389894959554198 ], [ -79.999404314968004, 40.389825959791096 ], [ -79.999354314004293, 40.389705959951002 ], [ -79.999337314974099, 40.389662959305703 ], [ -79.999226315322701, 40.389126960382598 ], [ -79.9991923145502, 40.388958959424897 ], [ -79.999195313982, 40.388932959943801 ], [ -79.999227315320795, 40.388945959811799 ], [ -79.999270314759997, 40.388950959964397 ], [ -79.999398315168094, 40.388915958886102 ], [ -80.000008315704505, 40.388751960107797 ], [ -80.000212314474695, 40.388697960324698 ], [ -80.000602314804098, 40.388597959883398 ], [ -80.001775315407201, 40.388299959555603 ], [ -80.002167315760801, 40.388200959760702 ], [ -80.002284316181104, 40.388307959900303 ], [ -80.002635315380601, 40.388626959708802 ], [ -80.002771315289607, 40.388717960107002 ], [ -80.002908315530902, 40.388730959925397 ], [ -80.003149315868001, 40.388684958968298 ], [ -80.003492316087403, 40.3886219598986 ], [ -80.004276315801505, 40.388452959529097 ], [ -80.004651316792703, 40.388372959458898 ], [ -80.004678315569507, 40.3883809591849 ], [ -80.004877316055996, 40.388359959041502 ], [ -80.005566316352102, 40.388373959332299 ], [ -80.005883316098902, 40.388381959173003 ], [ -80.005875317133601, 40.388768959113101 ], [ -80.0059103166722, 40.388816960287699 ], [ -80.006025316105195, 40.3888209593471 ], [ -80.006300316883696, 40.388825959784697 ], [ -80.006507316663004, 40.388825959729999 ], [ -80.006668317041104, 40.388834960006598 ], [ -80.006777317109197, 40.388851960089198 ], [ -80.006823316424303, 40.388882959739902 ], [ -80.006875317307205, 40.388926959922301 ], [ -80.006950317267297, 40.389044959152898 ], [ -80.007103317338505, 40.388979959385097 ], [ -80.007427316578003, 40.388843959660797 ], [ -80.007327316867304, 40.388703958745602 ], [ -80.007261317283707, 40.388647959601698 ], [ -80.007136316785505, 40.388543959431097 ], [ -80.007071316454798, 40.388500959406002 ], [ -80.007009316902696, 40.3884789598861 ], [ -80.007126317903499, 40.388419959142098 ], [ -80.007148316914595, 40.388398959096698 ], [ -80.007170316799801, 40.388379959004702 ], [ -80.007452316748697, 40.388308959524203 ], [ -80.007612317567705, 40.3882749587167 ], [ -80.0077703170045, 40.3882419589685 ], [ -80.007537317592906, 40.387722959830498 ], [ -80.007449317346101, 40.387526959334799 ], [ -80.0076883177003, 40.3872319593534 ], [ -80.007468698793502, 40.386852657106502 ], [ -80.007419699894101, 40.3867680314357 ], [ -80.007131316720802, 40.386269959103899 ], [ -80.006847317274605, 40.385777958896 ], [ -80.006272430246298, 40.384607278979203 ], [ -80.005995316946397, 40.384042958435899 ], [ -80.005969315678996, 40.383619957670398 ], [ -80.006451315645606, 40.383510958038102 ], [ -80.006429315627599, 40.383463957927297 ], [ -80.006329317191103, 40.383479958390097 ], [ -80.006422315879604, 40.383447957533399 ], [ -80.007191316538197, 40.383185958969101 ], [ -80.007625316523004, 40.383037958907202 ], [ -80.007679316428707, 40.3830199590533 ], [ -80.0076613162027, 40.382961958547703 ], [ -80.007600317045004, 40.382764958990201 ], [ -80.007408316410405, 40.382136958207902 ], [ -80.007226315721596, 40.3816979585498 ], [ -80.007215316100101, 40.381673958559396 ], [ -80.007161316313002, 40.381538958165102 ], [ -80.007170316292999, 40.3815089582314 ], [ -80.007193316592307, 40.381439958001899 ], [ -80.007313315839198, 40.3810499586547 ], [ -80.007359316638102, 40.380905958174701 ], [ -80.007464316307605, 40.3809909582573 ], [ -80.007498316720103, 40.3810189579915 ], [ -80.0075253168866, 40.381040958627302 ], [ -80.007607316396701, 40.3811069580808 ], [ -80.007635316050198, 40.381129958055602 ], [ -80.0076883166047, 40.381137958493298 ], [ -80.007698315809606, 40.381129958544697 ], [ -80.007887316245899, 40.380966957996201 ], [ -80.0080043162409, 40.380909958725397 ], [ -80.008072316858701, 40.3808899587196 ], [ -80.008138316709207, 40.380881958033797 ], [ -80.008206316535606, 40.380885958599499 ], [ -80.008270316761198, 40.380899957968303 ], [ -80.008303316044106, 40.3809149582777 ], [ -80.008649316709594, 40.381061958547001 ], [ -80.0088453163049, 40.381145958211697 ], [ -80.008894317059898, 40.381152957987403 ], [ -80.008951316809203, 40.381144958155197 ], [ -80.0089783167749, 40.381132957932799 ], [ -80.008992316959294, 40.381120958007003 ], [ -80.009011317265006, 40.3811049584871 ], [ -80.009031316989393, 40.381069958532699 ], [ -80.009030316297299, 40.381023957889397 ], [ -80.0090993162583, 40.381029958162102 ], [ -80.009920317589206, 40.380940958181498 ], [ -80.010031316790602, 40.380928958495701 ], [ -80.010385317496798, 40.380449958486601 ], [ -80.011166317202694, 40.380608958053998 ], [ -80.0125823181735, 40.380896958070799 ], [ -80.013142317593903, 40.382714958193198 ], [ -80.013177318279503, 40.382842958238903 ], [ -80.012333317788006, 40.382981958161899 ], [ -80.012319317834596, 40.3830369589528 ], [ -80.012439317504601, 40.383054958730199 ], [ -80.012550317968007, 40.383070958180497 ], [ -80.012580317663094, 40.383074958536902 ], [ -80.012495318201701, 40.383406958685804 ], [ -80.012507318105506, 40.383408958651302 ], [ -80.012630317930103, 40.3834269589115 ], [ -80.012985318686404, 40.383467958646499 ], [ -80.013078318118602, 40.383473958272504 ], [ -80.013328317819401, 40.383491958502098 ], [ -80.0133933186506, 40.383488958171597 ], [ -80.013597318341596, 40.383990958390697 ], [ -80.013594318430904, 40.384035958198702 ], [ -80.013627318256496, 40.384240958734502 ], [ -80.013708317912801, 40.3844719584609 ], [ -80.013765318352995, 40.384636959065404 ], [ -80.013812318858598, 40.384770958723998 ], [ -80.013930319108596, 40.385136958506699 ], [ -80.013985318284995, 40.385304958578097 ], [ -80.014111318484396, 40.3856209585771 ], [ -80.014122318791195, 40.385646958824204 ], [ -80.014161319164202, 40.385772958547697 ], [ -80.0138893191005, 40.385742959016 ], [ -80.013613318884396, 40.385713958882299 ], [ -80.0135963181108, 40.385863959115703 ], [ -80.013590318973201, 40.385924958985498 ], [ -80.013570318000603, 40.386097959230803 ], [ -80.013822318916795, 40.386569958841903 ], [ -80.013843317999402, 40.386560958025498 ], [ -80.013878317937298, 40.3865449584396 ], [ -80.0139853187287, 40.386495958229098 ], [ -80.014021318189194, 40.386480957908397 ], [ -80.014336319047302, 40.386339958878096 ], [ -80.014627319468502, 40.386210959305402 ], [ -80.014916318405994, 40.386077958636399 ], [ -80.015256319061905, 40.385869959158001 ], [ -80.015471319173201, 40.3857389592389 ], [ -80.015549319690606, 40.385686958997297 ], [ -80.015726319411002, 40.3855809589191 ], [ -80.015838319424702, 40.385514958989098 ], [ -80.016253319763905, 40.385255958958801 ], [ -80.016333318971505, 40.385206958542398 ], [ -80.016421319470595, 40.385136958860897 ], [ -80.016520319072598, 40.385299959050798 ], [ -80.016775319841202, 40.385717959101001 ], [ -80.016806319891103, 40.385797958762303 ], [ -80.016877319416906, 40.385976958676203 ], [ -80.016958319927298, 40.38603295883 ], [ -80.016979319681496, 40.386071958774899 ], [ -80.017098319339297, 40.386285959039697 ], [ -80.017111320250095, 40.386321959289099 ], [ -80.017793320444994, 40.386409959092198 ], [ -80.018162319984995, 40.386457959242399 ], [ -80.018810320044807, 40.386800959273998 ], [ -80.018910320522394, 40.386823958925397 ], [ -80.018999320848096, 40.386871959122701 ], [ -80.019391320367106, 40.387083958757202 ], [ -80.020474548279196, 40.3876702412689 ], [ -80.020834320824207, 40.387864959192598 ], [ -80.021316321388198, 40.388125959495497 ], [ -80.021423321181999, 40.388181958704202 ], [ -80.021785321407094, 40.388376958761498 ], [ -80.021924321770001, 40.388452959275597 ], [ -80.022009321665294, 40.388498959377898 ], [ -80.022793321492799, 40.388927959127201 ], [ -80.0231883222975, 40.389142959248403 ], [ -80.023656321406094, 40.389397959114802 ], [ -80.023952322150393, 40.389549959699004 ], [ -80.024706322758306, 40.3899389595786 ], [ -80.024842321979605, 40.390006959115901 ], [ -80.025141322914294, 40.390156958913799 ], [ -80.025230322794201, 40.390204958971502 ], [ -80.025497322046405, 40.390348959654197 ], [ -80.025587322742595, 40.390396959542699 ], [ -80.026029322551196, 40.390617959108098 ], [ -80.026481322332202, 40.390857959746697 ], [ -80.0267523233086, 40.391004959783501 ], [ -80.026987322816098, 40.391131959359598 ], [ -80.027569323800407, 40.391443959345601 ], [ -80.027781323379003, 40.3915579597465 ], [ -80.027830323456598, 40.391605959499302 ], [ -80.028294323999901, 40.391422959064698 ], [ -80.028681323468504, 40.391270958932999 ], [ -80.028699323810798, 40.391303959353401 ], [ -80.028806323235301, 40.391493959137797 ], [ -80.029220323379704, 40.392236959872399 ], [ -80.029359323686293, 40.392484959581303 ], [ -80.029554324011201, 40.392832959299199 ], [ -80.029783323763795, 40.393240960046398 ], [ -80.030139324215497, 40.393876960221199 ], [ -80.030207324731506, 40.393997959929898 ], [ -80.030330324114104, 40.394227960205001 ], [ -80.030350324406996, 40.394263959609702 ], [ -80.030413324226501, 40.394371959843397 ], [ -80.0304343238288, 40.394407960220903 ], [ -80.030704324598602, 40.3948869599012 ], [ -80.030770324906101, 40.395014960018599 ], [ -80.030723324673204, 40.395284960369302 ], [ -80.030701324316993, 40.395358960148897 ], [ -80.030721324505095, 40.395362959710397 ], [ -80.030726324954799, 40.395375959962202 ], [ -80.030808325117903, 40.395616960415197 ], [ -80.030947325196195, 40.3960289599368 ], [ -80.031014325182497, 40.396224960438801 ], [ -80.0311473243748, 40.396620960352202 ], [ -80.031119324305294, 40.3966319602212 ], [ -80.030997325194093, 40.396655959965898 ], [ -80.030960325020104, 40.396666960089497 ], [ -80.030667324804298, 40.396759959895803 ], [ -80.030496324596001, 40.396816959933602 ], [ -80.0303433246998, 40.396869960154397 ], [ -80.030235324302396, 40.396912959995802 ], [ -80.030011324584294, 40.397004960494399 ], [ -80.029911323933305, 40.397037960710399 ], [ -80.029802323796105, 40.397074960096397 ], [ -80.029759324683894, 40.397087960222997 ], [ -80.029634324152497, 40.397129960864298 ], [ -80.029592324519399, 40.397144959200801 ], [ -80.029438324431894, 40.397196960825497 ], [ -80.029393324283106, 40.397212959747698 ], [ -80.029816323928102, 40.397733960882 ], [ -80.031103325435495, 40.399299961155599 ], [ -80.031506265306405, 40.399796223119701 ], [ -80.031565325208305, 40.399868961218701 ], [ -80.031656324654705, 40.399970960848101 ], [ -80.031760324938503, 40.400096961028403 ], [ -80.031751806149003, 40.400105983330199 ], [ -80.031591324481695, 40.400275959954598 ], [ -80.031471325370603, 40.400404959422303 ], [ -80.031535325204899, 40.400483961165499 ], [ -80.031542324757396, 40.400492464263401 ], [ -80.031670325033105, 40.400647961341697 ], [ -80.031726325398196, 40.400722960697898 ], [ -80.031787325287297, 40.400805961190699 ], [ -80.031854324999102, 40.4008909611101 ], [ -80.031979325584601, 40.401050961245701 ], [ -80.032028324957395, 40.401111961062902 ], [ -80.032095325837403, 40.401188960884902 ], [ -80.032247325781299, 40.4013629613587 ], [ -80.0323683252862, 40.401528960842498 ], [ -80.032427325056304, 40.401626960796797 ], [ -80.032485326132999, 40.4017369614552 ], [ -80.032669326190103, 40.401542961320899 ], [ -80.032706325588805, 40.401540961557899 ], [ -80.032756325698799, 40.401530960724003 ], [ -80.034159325662799, 40.401270960946597 ], [ -80.034251326281094, 40.401253961231603 ], [ -80.034816326200996, 40.401153961010301 ], [ -80.035878327080894, 40.400950961192699 ], [ -80.036400818187403, 40.400851508909703 ], [ -80.036582326344003, 40.400816960557698 ], [ -80.036700326990001, 40.400792961237897 ], [ -80.035791326957295, 40.401546960585797 ], [ -80.0356963267363, 40.401629961021598 ], [ -80.035625326953806, 40.401705961207 ], [ -80.035582326608306, 40.402277960840202 ], [ -80.0354683263255, 40.403829961691997 ], [ -80.035445326729999, 40.404045961327 ], [ -80.035447326948699, 40.404070961217698 ], [ -80.035456327145596, 40.404144961899199 ], [ -80.035460326907497, 40.404170961854 ], [ -80.035474327223, 40.404293961456602 ], [ -80.035586327135206, 40.4042979612545 ], [ -80.035968326281903, 40.404262961561898 ], [ -80.035994327319798, 40.404260961347099 ], [ -80.036138326779806, 40.404250961555697 ], [ -80.036173326520498, 40.404252961527803 ], [ -80.036313327194094, 40.404270961211601 ], [ -80.036346327124903, 40.404268961106098 ], [ -80.036419326905701, 40.404284959998698 ], [ -80.038008327293994, 40.402881961254302 ], [ -80.038669327552597, 40.402284961217397 ], [ -80.039172327503806, 40.401852961131198 ], [ -80.039767328207802, 40.401326961255499 ], [ -80.039821328383297, 40.4012869610631 ], [ -80.039903327886506, 40.401221960755798 ], [ -80.040449327868899, 40.400851960371497 ], [ -80.040818327695604, 40.400601960642703 ], [ -80.041154327706707, 40.400375960201004 ], [ -80.042025328080499, 40.399785960610799 ], [ -80.042081328413701, 40.399753960112399 ], [ -80.042031328187306, 40.399683959962601 ], [ -80.041967328311699, 40.399594960234502 ], [ -80.041944328320994, 40.399563960067503 ], [ -80.041878328662605, 40.399470960357696 ], [ -80.041856327801796, 40.399440960161598 ], [ -80.041940328357896, 40.399393959962602 ], [ -80.044628329199696, 40.399095959751101 ], [ -80.044746329372501, 40.399082960177502 ], [ -80.044885329668503, 40.399067960286402 ], [ -80.045054329682202, 40.399048960454799 ], [ -80.045750328945203, 40.399374959902502 ], [ -80.048547330400993, 40.400695960763798 ], [ -80.048657329959497, 40.400753960450203 ], [ -80.048891331143395, 40.400862960090599 ], [ -80.049596331160501, 40.401191960540999 ], [ -80.049831331099398, 40.401301960062497 ], [ -80.049880330714998, 40.401314960828799 ], [ -80.050145331562902, 40.401438960447102 ], [ -80.050166331186006, 40.401448960202899 ], [ -80.050968331289795, 40.4018519600437 ], [ -80.051068331149906, 40.4018969603583 ], [ -80.051094330965597, 40.401908960320696 ], [ -80.0512053318554, 40.401950960251597 ], [ -80.050840330969294, 40.402539960257499 ], [ -80.050489331363394, 40.403109960257098 ], [ -80.050229331065793, 40.403532960504201 ], [ -80.049942331285806, 40.403920960893501 ], [ -80.049865330541607, 40.404025960677401 ], [ -80.049854330806994, 40.404071960686601 ], [ -80.049857330695701, 40.404134961153602 ], [ -80.048724330457901, 40.405968961490998 ], [ -80.048646330469595, 40.4060969612405 ], [ -80.048541330718393, 40.406263961199997 ], [ -80.048306331219095, 40.4066449617168 ], [ -80.048028330312107, 40.407103961142099 ], [ -80.047912331125701, 40.407285961220502 ], [ -80.047602330389907, 40.4077879617181 ], [ -80.047498330874205, 40.407953961407898 ], [ -80.047336330550706, 40.408212962045802 ], [ -80.047188330334507, 40.408452961527502 ], [ -80.047085330422505, 40.408619961622897 ], [ -80.047002330116896, 40.408752962213399 ], [ -80.046914330825501, 40.408896962101998 ], [ -80.046756330884605, 40.4091549624289 ], [ -80.046686050350502, 40.409271227911297 ], [ -80.046675330274198, 40.409288961717898 ], [ -80.0465963305776, 40.409414961730498 ], [ -80.046359330620106, 40.409794962302399 ], [ -80.046281330186602, 40.409921962014401 ], [ -80.046182330653295, 40.410080961862398 ], [ -80.045885330013604, 40.410560962645803 ], [ -80.0457873302378, 40.410720962044799 ], [ -80.045677329732499, 40.410887961992401 ], [ -80.045351329685104, 40.411389962673503 ], [ -80.045242329851206, 40.411557962976097 ], [ -80.045227330502698, 40.411588962675303 ], [ -80.045186330196202, 40.411681962501198 ], [ -80.045173330728602, 40.411713962988301 ], [ -80.045122330026402, 40.411805962404998 ], [ -80.045104330377001, 40.411833962256701 ], [ -80.044970330117096, 40.412054962344499 ], [ -80.044885330163396, 40.412184963081799 ], [ -80.044810330248595, 40.412301962440999 ], [ -80.044718329992506, 40.412457962335701 ], [ -80.044700330320794, 40.412490962989402 ], [ -80.044543329994596, 40.412739962517797 ], [ -80.044425330356106, 40.412903963252198 ], [ -80.044420330179605, 40.4129129625247 ], [ -80.044332330177198, 40.4130659627995 ], [ -80.044219330011103, 40.413269962864902 ], [ -80.043728329991893, 40.414059963426503 ], [ -80.042997329407399, 40.415235963240299 ], [ -80.041591329944097, 40.417498963521297 ], [ -80.040795329335396, 40.418769963898903 ], [ -80.040633938442596, 40.419039657552901 ], [ -80.040567329614305, 40.419150964117101 ], [ -80.039755328597593, 40.4204379643351 ], [ -80.039663329110795, 40.420603963953702 ], [ -80.039620329645999, 40.420677964249002 ], [ -80.039525328423295, 40.4208299638874 ], [ -80.039150329637295, 40.421435965058201 ], [ -80.039066329022404, 40.421573964411898 ], [ -80.039026329429106, 40.421638964543497 ], [ -80.038954329441907, 40.4217409650619 ], [ -80.038924329556494, 40.421781964522999 ], [ -80.038620329313702, 40.422213964755201 ], [ -80.038520328771298, 40.422358965245202 ], [ -80.038295328441293, 40.4227419647898 ], [ -80.037621328402807, 40.423890964849697 ], [ -80.037397329083703, 40.424274965038101 ], [ -80.037160328774604, 40.424616965747497 ], [ -80.035549328125001, 40.427208965735403 ], [ -80.034830328671603, 40.428365965783499 ], [ -80.035188327964903, 40.428389966218298 ], [ -80.036837329450094, 40.428500966207203 ], [ -80.0368973288832, 40.4285049659428 ], [ -80.036931329453907, 40.428507965874097 ], [ -80.037392329075004, 40.428542966485203 ], [ -80.037466328525497, 40.428552966167203 ], [ -80.037520329161893, 40.428517965824597 ], [ -80.037637329031099, 40.428400965734397 ], [ -80.037716328937293, 40.428323966212098 ], [ -80.038178328739804, 40.4279719656897 ], [ -80.038281329736407, 40.427893966089599 ], [ -80.038374329194696, 40.427853965925003 ], [ -80.039188329497904, 40.428128965524998 ], [ -80.039340329560503, 40.428179965840997 ], [ -80.039659329142793, 40.428305965699003 ], [ -80.040625330506103, 40.428642965790097 ], [ -80.040701330417903, 40.428690964843298 ], [ -80.041377330553601, 40.428897966178504 ], [ -80.041693330716299, 40.428994966241099 ], [ -80.041992330896605, 40.428880965828803 ], [ -80.042494331007802, 40.428625965958297 ], [ -80.042986330406094, 40.428196965572702 ], [ -80.043153330674897, 40.428051965767203 ], [ -80.042816330750696, 40.428511965537702 ], [ -80.042708330523993, 40.428681965872002 ], [ -80.043292331239797, 40.428200965889197 ], [ -80.043306331237403, 40.428208965408203 ], [ -80.043371331326895, 40.428250965811699 ], [ -80.043434331097501, 40.428291965355797 ], [ -80.043712330886706, 40.428470965807698 ], [ -80.043945331503593, 40.428624965589798 ], [ -80.044277331419096, 40.4288399661298 ], [ -80.044631331379605, 40.4290699656313 ], [ -80.046646332322993, 40.429427965647399 ], [ -80.046658331909896, 40.429248965403801 ], [ -80.0467153317162, 40.4284369653992 ], [ -80.046727331408604, 40.428270965915097 ], [ -80.046753332476996, 40.428169965990001 ], [ -80.046749332068501, 40.428132965605599 ], [ -80.046741331449297, 40.428041965857098 ], [ -80.046742331440697, 40.428023965928901 ], [ -80.046746331979094, 40.427987965942698 ], [ -80.046754331398503, 40.427886965311103 ], [ -80.046776331569006, 40.427630965846099 ], [ -80.046781331895104, 40.427585965864601 ], [ -80.046795331398997, 40.427486965746503 ], [ -80.046801331386803, 40.427449965651697 ], [ -80.046812332254305, 40.427379965473797 ], [ -80.046753331985101, 40.427276965254201 ], [ -80.046641331473893, 40.4271089650044 ], [ -80.046595332017304, 40.427038965491903 ], [ -80.046696331831697, 40.427042965821499 ], [ -80.046874332009494, 40.427051965861303 ], [ -80.046940331466502, 40.427046965472599 ], [ -80.047138331771507, 40.427034965821903 ], [ -80.047205331904806, 40.427030965197702 ], [ -80.047399332375306, 40.427017965356399 ], [ -80.047384331629502, 40.425964965451698 ], [ -80.047517331751607, 40.425892965234603 ], [ -80.047806332367003, 40.425742965464003 ], [ -80.048080332681295, 40.425948965505498 ], [ -80.048462332188507, 40.426235965384301 ], [ -80.048614331853699, 40.4263459649111 ], [ -80.0488243327963, 40.426476964984197 ], [ -80.048904333006604, 40.426521965636098 ], [ -80.049045332833003, 40.426601965669903 ], [ -80.049209332200903, 40.426684965463402 ], [ -80.049463332426797, 40.426819965325599 ], [ -80.049632332128994, 40.426871965207702 ], [ -80.049781332617997, 40.426912964821803 ], [ -80.050571332964097, 40.427078965174999 ], [ -80.050799333581693, 40.427110965191403 ], [ -80.050954333166004, 40.427113965691703 ], [ -80.051114333318907, 40.4271049655555 ], [ -80.051309333416896, 40.427117965205198 ], [ -80.051463333777406, 40.427145964963799 ], [ -80.051676333413297, 40.427201965553898 ], [ -80.051995333758299, 40.427326965069298 ], [ -80.052140334042207, 40.4273929655755 ], [ -80.052228333965203, 40.427418965047103 ], [ -80.052285333862599, 40.427397965351901 ], [ -80.052580333799199, 40.427513965025298 ], [ -80.052596334242295, 40.427520965016598 ], [ -80.053477333803798, 40.427837965551802 ], [ -80.053776334563096, 40.427945964523801 ], [ -80.0540053342215, 40.427726964863297 ], [ -80.054102333834606, 40.427658965012398 ], [ -80.054193334301004, 40.427612964791898 ], [ -80.054343334561494, 40.427547965320699 ], [ -80.054490334212801, 40.427484965129999 ], [ -80.056293335228503, 40.426760964508603 ], [ -80.056414335110702, 40.4267129645254 ], [ -80.056739334405705, 40.426594964758401 ], [ -80.056954334693401, 40.426526964881297 ], [ -80.0572383353866, 40.426446965062802 ], [ -80.057420335584098, 40.426435964545803 ], [ -80.057779335351299, 40.426424965198699 ], [ -80.057868335539894, 40.4264239648424 ], [ -80.058849336124695, 40.426419965081998 ], [ -80.059911335346797, 40.426397964638397 ], [ -80.060646336568794, 40.426392965096703 ], [ -80.061097335744094, 40.426390964917303 ], [ -80.061573336703603, 40.426379964566799 ], [ -80.061907336863698, 40.426381964247 ], [ -80.062266336461803, 40.426389964410397 ], [ -80.062512337256507, 40.426390964982801 ], [ -80.063206336539693, 40.426394964425803 ], [ -80.063278336626098, 40.426395964239198 ], [ -80.063608336410695, 40.426389964345901 ], [ -80.063729337325, 40.426382964588797 ], [ -80.063790337302507, 40.426370964585203 ], [ -80.063955336790499, 40.426298964614602 ], [ -80.064051337046706, 40.4262339644538 ], [ -80.064412337270497, 40.425925964364303 ], [ -80.064668337298201, 40.425721964837699 ], [ -80.064805337211496, 40.425624964244903 ], [ -80.065032337675802, 40.425467964649201 ], [ -80.065353337768201, 40.425245964630001 ], [ -80.065450337356296, 40.425172963941598 ], [ -80.065517337457806, 40.4251249644079 ], [ -80.065669337751501, 40.424954963972503 ], [ -80.065738337546605, 40.424859963913299 ], [ -80.065943337036003, 40.424578963903201 ], [ -80.066561337368398, 40.423736964275299 ], [ -80.066767338099297, 40.423456964157999 ], [ -80.066783337736894, 40.423438964032698 ], [ -80.066827337183497, 40.423378963672803 ], [ -80.067002337445004, 40.423141964030997 ], [ -80.067061337539002, 40.423063963625196 ], [ -80.067167338229297, 40.422891963760001 ], [ -80.0672053376923, 40.4227839637797 ], [ -80.067226338318406, 40.422672963308401 ], [ -80.067224337300502, 40.422600963829701 ], [ -80.067224337355697, 40.422555963843202 ], [ -80.067214337763801, 40.4224659635438 ], [ -80.067198337462699, 40.422378963784503 ], [ -80.066968337500199, 40.421121963711599 ], [ -80.066934338066105, 40.420933963659202 ], [ -80.066885337892501, 40.420628962658697 ], [ -80.066877337725302, 40.420597963652 ], [ -80.066856337539704, 40.420507963211797 ], [ -80.066849337097494, 40.420477963071697 ], [ -80.066837337345902, 40.420422963196998 ], [ -80.066824337437694, 40.420363963559801 ], [ -80.066752337796601, 40.420022963396001 ], [ -80.066728337009195, 40.419909963648998 ], [ -80.066611337472693, 40.419391963141599 ], [ -80.066572337468997, 40.419244963248602 ], [ -80.0665033369025, 40.418986963139297 ], [ -80.066419336927495, 40.418699962859598 ], [ -80.066344337471406, 40.418422963125799 ], [ -80.066151336794704, 40.417737962634803 ], [ -80.066099336540702, 40.417506962866 ], [ -80.066094336831199, 40.417373963085701 ], [ -80.066103336589805, 40.417308962807901 ], [ -80.066116337410307, 40.417264962491501 ], [ -80.066126337006395, 40.4172359628921 ], [ -80.066171337682604, 40.417153962390998 ], [ -80.066383337031297, 40.416872962728398 ], [ -80.066433337357694, 40.416783962751303 ], [ -80.066510337047404, 40.416713962763701 ], [ -80.066555337033506, 40.416672963022798 ], [ -80.066657336894707, 40.416605962473596 ], [ -80.066821336796593, 40.416499962467903 ], [ -80.066959336993904, 40.416418962107599 ], [ -80.067126336990995, 40.416320962738801 ], [ -80.067285337696404, 40.416228962330599 ], [ -80.067387336931901, 40.416188962038703 ], [ -80.067666336999494, 40.4160949626704 ], [ -80.067932337733396, 40.416035962232002 ], [ -80.068049337534106, 40.416010962151503 ], [ -80.068416337550303, 40.4159729626139 ], [ -80.068740337933093, 40.415948962006098 ], [ -80.069956337802694, 40.415873962645797 ], [ -80.070205338705904, 40.415858962372099 ], [ -80.070621337810095, 40.415836962603997 ], [ -80.070633337904496, 40.415836962067502 ], [ -80.070662337882396, 40.415835962345099 ], [ -80.070751338422895, 40.415834962584597 ], [ -80.070781338115907, 40.4158349625691 ], [ -80.070930338249298, 40.4158349626139 ], [ -80.071254338000202, 40.415835962194002 ], [ -80.071379338750006, 40.415828961929599 ], [ -80.071529339228704, 40.415821961805001 ], [ -80.0716713391637, 40.415773961838603 ], [ -80.071778338311205, 40.415731962510399 ], [ -80.071844338980597, 40.4156879619349 ], [ -80.071911338355306, 40.415624961923797 ], [ -80.071999339207096, 40.415483962057003 ], [ -80.072036338683304, 40.415425962315098 ], [ -80.072074339122494, 40.415353962225602 ], [ -80.072116339223101, 40.415273961879002 ], [ -80.072167339166796, 40.415176961630401 ], [ -80.072243339177902, 40.415036962261198 ], [ -80.072286338608095, 40.414957961572597 ], [ -80.072318338400606, 40.414897962234498 ], [ -80.072394339084795, 40.414783961897299 ], [ -80.072464339207599, 40.414680962357401 ], [ -80.072634339275396, 40.414455961670399 ], [ -80.072768338443197, 40.414298962296201 ], [ -80.0728113392354, 40.4142499614344 ], [ -80.072911339520005, 40.4141519619306 ], [ -80.072951339358696, 40.414112961928801 ], [ -80.073125339226607, 40.413965962203797 ], [ -80.073292339192605, 40.4138319615857 ], [ -80.0735113391938, 40.413660961466199 ], [ -80.073770338611894, 40.413470961568798 ], [ -80.073865339353105, 40.413406961861398 ], [ -80.074300338806495, 40.413746962037997 ], [ -80.074323338818402, 40.413728961333099 ], [ -80.074525339237397, 40.413880961822798 ], [ -80.074675339506697, 40.413991961515798 ], [ -80.075042340213301, 40.414263961479499 ], [ -80.075135885176806, 40.414198281069098 ], [ -80.075135985316805, 40.414198350165101 ], [ -80.075143661066207, 40.414203629365304 ], [ -80.075144561405594, 40.414204326309203 ], [ -80.075437339703797, 40.414430962071201 ], [ -80.075492340062297, 40.414471962159098 ], [ -80.075834339309907, 40.414727962074998 ], [ -80.075857340455997, 40.414709961943998 ], [ -80.075924339795904, 40.414658962234803 ], [ -80.075932414411895, 40.414665209577798 ], [ -80.076282339867703, 40.414935962179101 ], [ -80.076675339957305, 40.415240961599501 ], [ -80.076751339822593, 40.415182962091201 ], [ -80.076768340309101, 40.415172961957602 ], [ -80.076800340011303, 40.415192961603402 ], [ -80.077153340335599, 40.415448962287797 ], [ -80.077181340364504, 40.415423962058703 ], [ -80.077202339839204, 40.415420961502797 ], [ -80.077229340374103, 40.415399961593501 ], [ -80.077248340675496, 40.415380961605202 ], [ -80.077261340701796, 40.415366961800601 ], [ -80.077300340759393, 40.4153289614923 ], [ -80.077314340602797, 40.415315962262 ], [ -80.077356340221598, 40.4152699618285 ], [ -80.077373634878398, 40.415285376497202 ], [ -80.077448340553502, 40.415351961641598 ], [ -80.077583340617096, 40.415476961786602 ], [ -80.077619340020803, 40.415519961790203 ], [ -80.078421367218397, 40.416253078472899 ], [ -80.078585341305995, 40.4164029620473 ], [ -80.078625341237895, 40.416438962162204 ], [ -80.078662340995706, 40.416469962357901 ], [ -80.078607341297101, 40.416492962165897 ], [ -80.077507340271495, 40.416946961783601 ], [ -80.077159340986697, 40.417097961858602 ], [ -80.076678340698095, 40.417386961858803 ], [ -80.076403340295499, 40.417588962372903 ], [ -80.076360340305101, 40.417610962649803 ], [ -80.076033339672904, 40.417954962128299 ], [ -80.075130339763106, 40.419483962379999 ], [ -80.074806340593398, 40.420131963141898 ], [ -80.074786340150297, 40.420415962689901 ], [ -80.074809340187599, 40.4204909630636 ], [ -80.074862339803303, 40.4206099634035 ], [ -80.075006340276005, 40.420711962859997 ], [ -80.075162339701606, 40.420765962868103 ], [ -80.075476340233806, 40.420841963336002 ], [ -80.075651340268806, 40.420834962943403 ], [ -80.076118340708206, 40.420704962896401 ], [ -80.076662340874094, 40.420566963271902 ], [ -80.076896340253299, 40.4205269626842 ], [ -80.079597341596596, 40.420045962329503 ], [ -80.080781341674793, 40.420172962241701 ], [ -80.080891341913897, 40.420188962689402 ], [ -80.081572341641305, 40.420220962536703 ], [ -80.081647906500606, 40.420213372486501 ], [ -80.082687342140005, 40.420108962459999 ], [ -80.084510343338096, 40.420529962362501 ], [ -80.084603343065197, 40.420603962616703 ], [ -80.085415343402701, 40.421250962419599 ], [ -80.085745343855805, 40.422799962827902 ], [ -80.085725219862795, 40.422908509899102 ], [ -80.085712344297903, 40.422977962466803 ], [ -80.085545344079605, 40.423849962943002 ], [ -80.083728342699104, 40.423801963512901 ], [ -80.083601342396506, 40.423798963147902 ], [ -80.083553343052799, 40.423774963227601 ], [ -80.083447342651695, 40.423745963626601 ], [ -80.083349342588903, 40.423733962777902 ], [ -80.083293342776798, 40.423733963181597 ], [ -80.083167342277207, 40.423733962883297 ], [ -80.083049343233697, 40.423732963018203 ], [ -80.082698343094194, 40.423730963451902 ], [ -80.082581342925593, 40.423730963665001 ], [ -80.082567342082001, 40.423730963468302 ], [ -80.082445342542201, 40.423730963582898 ], [ -80.082140343056096, 40.423733963330797 ], [ -80.082039342531004, 40.4237389634539 ], [ -80.081904342419605, 40.423746963294903 ], [ -80.081874343023699, 40.4237479634224 ], [ -80.081785342844, 40.423752963442404 ], [ -80.081756342263105, 40.423754963203102 ], [ -80.0815093426272, 40.423756963593902 ], [ -80.081441342775506, 40.423757962938403 ], [ -80.081039342476203, 40.423749963199597 ], [ -80.080768342561299, 40.423739963340999 ], [ -80.080522342291601, 40.4237309630441 ], [ -80.080152342245597, 40.423816963644498 ], [ -80.080104342006607, 40.423830963360999 ], [ -80.079877341645698, 40.423903963420699 ], [ -80.079655342332899, 40.4239659630421 ], [ -80.079454341522506, 40.424011963100803 ], [ -80.079077341403803, 40.424087963475401 ], [ -80.078854340970196, 40.424134963650801 ], [ -80.078678341806395, 40.4241729637261 ], [ -80.078437340918995, 40.424236963799203 ], [ -80.078251341900099, 40.424287963890798 ], [ -80.078135341517395, 40.424316963834997 ], [ -80.077229341148296, 40.424547963641103 ], [ -80.076927340804303, 40.424625964077002 ], [ -80.076571341199298, 40.424716963820202 ], [ -80.076048340547402, 40.424851963764397 ], [ -80.075520340787904, 40.424986963726198 ], [ -80.075506340550703, 40.424989963562403 ], [ -80.075153340261593, 40.425086964256401 ], [ -80.074726340560701, 40.425209963760999 ], [ -80.074641340901707, 40.425234964243799 ], [ -80.0743163397524, 40.425333963805102 ], [ -80.073885339656599, 40.425470964057503 ], [ -80.073720339749997, 40.425553964076002 ], [ -80.073592340557497, 40.425643963835803 ], [ -80.073513340519895, 40.425721963576301 ], [ -80.073462339613997, 40.425772964102798 ], [ -80.073210339849595, 40.426046963620799 ], [ -80.073104340245195, 40.4261569636706 ], [ -80.072789339599694, 40.426486964166003 ], [ -80.072684339732405, 40.426597964416501 ], [ -80.071806041053705, 40.427444281893003 ], [ -80.070982338948994, 40.428237964733299 ], [ -80.070570339804604, 40.428636964848202 ], [ -80.069507338692901, 40.429937964624898 ], [ -80.069311339567705, 40.430248964751001 ], [ -80.068982339468405, 40.430759965332399 ], [ -80.068583339407695, 40.431365964931501 ], [ -80.068523338438993, 40.431347965394799 ], [ -80.068426339023802, 40.431318965015002 ], [ -80.068370338474395, 40.4313019653071 ], [ -80.0682053387347, 40.431251965250397 ], [ -80.068150338203495, 40.431235965191497 ], [ -80.068025339024004, 40.431198965004498 ], [ -80.067835338875099, 40.431125965133198 ], [ -80.067705338230795, 40.431076964959999 ], [ -80.066917338329603, 40.430736965491803 ], [ -80.066766338742198, 40.430671965588402 ], [ -80.066609338361204, 40.430612965079398 ], [ -80.066447338151093, 40.430551965509103 ], [ -80.066402338011002, 40.430541965026997 ], [ -80.065958337670594, 40.4304459650835 ], [ -80.065762338192201, 40.430402964958901 ], [ -80.065549338449102, 40.430356965582597 ], [ -80.065382338328007, 40.430108965153302 ], [ -80.065135337226096, 40.429779965048198 ], [ -80.064700336999493, 40.429199964907703 ], [ -80.064367336785097, 40.428765964767102 ], [ -80.064171337418799, 40.4286059650128 ], [ -80.063809336882997, 40.428349964537503 ], [ -80.063759407287407, 40.428312907789604 ], [ -80.063681336972394, 40.4282549650638 ], [ -80.063276336137307, 40.427955964733002 ], [ -80.063176337473294, 40.427873964396902 ], [ -80.063144336516203, 40.4279219644446 ], [ -80.062889336554306, 40.428217965232299 ], [ -80.062225169673994, 40.428991905729198 ], [ -80.0621693370164, 40.429056965247703 ], [ -80.062143336622199, 40.4290469648857 ], [ -80.062139238106198, 40.4290448820473 ], [ -80.062082336429, 40.429015964991301 ], [ -80.062030337151398, 40.428998965085 ], [ -80.061682336139995, 40.428882964899799 ], [ -80.061566336529907, 40.428844965194301 ], [ -80.061453336154898, 40.428806964830002 ], [ -80.061147336444606, 40.428705965062598 ], [ -80.061116336659893, 40.428695965381898 ], [ -80.061004336772598, 40.4286619652827 ], [ -80.060873336089003, 40.428617964972901 ], [ -80.0607933368602, 40.428590965128897 ], [ -80.060480336582998, 40.4284909649054 ], [ -80.060424335792803, 40.4284739650342 ], [ -80.060352336685099, 40.428442965281803 ], [ -80.060223335700201, 40.428387964840297 ], [ -80.060189335728495, 40.428373965461297 ], [ -80.060011336165701, 40.428306965293501 ], [ -80.059948336580803, 40.428289965490897 ], [ -80.059851335682197, 40.428277965238799 ], [ -80.059822336273399, 40.428280964819798 ], [ -80.059790335744395, 40.428290964908399 ], [ -80.059748335436595, 40.428317964842101 ], [ -80.059709336010599, 40.428358965079099 ], [ -80.059681336046197, 40.428409965194803 ], [ -80.059609335783094, 40.428560965263102 ], [ -80.059532336032802, 40.428724965167703 ], [ -80.059456335852104, 40.428865964932903 ], [ -80.059372336430002, 40.429004965078001 ], [ -80.059278336191795, 40.429148965024297 ], [ -80.059157336718599, 40.429338965586297 ], [ -80.059092336274006, 40.4294689650864 ], [ -80.059033335659095, 40.429581964520999 ], [ -80.058945335531305, 40.429753964847997 ], [ -80.058631336185897, 40.430297964293104 ], [ -80.058495336941107, 40.430534964466297 ], [ -80.0581223365716, 40.431090965413802 ], [ -80.057910335902406, 40.431466966189497 ], [ -80.057864336580295, 40.4314459652892 ], [ -80.057534570833397, 40.431295106489898 ], [ -80.057523335360798, 40.431289966039699 ], [ -80.057339336457403, 40.431520965683802 ], [ -80.057288335755601, 40.431579965855299 ], [ -80.057459336443003, 40.433369965637297 ], [ -80.057531335756195, 40.434148966153401 ], [ -80.057545335733806, 40.434291966006597 ], [ -80.057568336198202, 40.434522965831697 ], [ -80.057660335870096, 40.434522966302801 ], [ -80.057934336429895, 40.434522965752699 ], [ -80.058028335537003, 40.434515965668602 ], [ -80.058042336377696, 40.434643966434997 ], [ -80.058085336563096, 40.435027965902101 ], [ -80.058100336204603, 40.4351559656224 ], [ -80.058106336429702, 40.435222966141602 ], [ -80.058083336922294, 40.435424966865099 ], [ -80.058076336109806, 40.435492965814099 ], [ -80.058069336099095, 40.435539966657103 ], [ -80.058052336307099, 40.435680965852001 ], [ -80.058047337066, 40.435728966360799 ], [ -80.058029336246506, 40.435870966617202 ], [ -80.058005336397798, 40.436071965659004 ], [ -80.057993335986694, 40.436300966298901 ], [ -80.057991336325998, 40.436360966279203 ], [ -80.057921336885798, 40.436406965992298 ], [ -80.057966337217394, 40.436480965867602 ], [ -80.057983336694704, 40.436489965911399 ], [ -80.058266336566504, 40.4366399661644 ], [ -80.058361336324296, 40.436690966293597 ], [ -80.0584573357593, 40.4367309662534 ], [ -80.058524336558193, 40.436759966271801 ], [ -80.058728336486595, 40.4368879663539 ], [ -80.058817336989094, 40.436943967042097 ], [ -80.058858927626105, 40.436965565623403 ], [ -80.0590503363387, 40.4370649655446 ], [ -80.059113850715093, 40.437130151831198 ], [ -80.059126336813705, 40.437142966210402 ], [ -80.058372336123895, 40.437328966548002 ], [ -80.058237337000506, 40.437361965892997 ], [ -80.057839895169096, 40.437478191985697 ], [ -80.057748336676497, 40.437504966150797 ], [ -80.057727136119098, 40.437510231178003 ], [ -80.057682222106394, 40.437521384191101 ], [ -80.057599336094796, 40.437541966376102 ], [ -80.057892336356204, 40.437805966334402 ], [ -80.058049336497902, 40.4379479666229 ], [ -80.059206336845804, 40.438962966854902 ], [ -80.059402336871699, 40.439159966794598 ], [ -80.059765336264206, 40.439455966658997 ], [ -80.060855338352297, 40.440343966654503 ], [ -80.061176337933702, 40.440604967218498 ], [ -80.061219337589193, 40.440639967377997 ], [ -80.061136337853497, 40.4409439672758 ], [ -80.061132337121407, 40.440961967016399 ], [ -80.061004337688203, 40.441501967311503 ], [ -80.060924336849098, 40.441749967661799 ], [ -80.060871337766201, 40.441849967519097 ], [ -80.060841337254402, 40.441907968033398 ], [ -80.060667336749106, 40.442088968042398 ], [ -80.060514337432593, 40.4422169679818 ], [ -80.060335337243203, 40.442316967873801 ], [ -80.060160337243403, 40.442391967831803 ], [ -80.060130337150895, 40.442405967483502 ], [ -80.058467336449496, 40.4429599680537 ], [ -80.057903336295595, 40.4431489681334 ], [ -80.057496336563602, 40.443276967887797 ], [ -80.056277336532503, 40.443660968002497 ], [ -80.056214336336495, 40.443680968392101 ], [ -80.055872335366303, 40.443791967942701 ], [ -80.055772336275695, 40.443821968431401 ], [ -80.055473335990001, 40.443912968388602 ], [ -80.0553743352705, 40.443943968420001 ], [ -80.055845336184007, 40.444071968593498 ], [ -80.056142335426998, 40.444154968517999 ], [ -80.056185335997, 40.444166967967199 ], [ -80.056599336731793, 40.444284968454902 ], [ -80.056631335840706, 40.444293968430003 ], [ -80.056745336790001, 40.444322968378799 ], [ -80.056802336713005, 40.444337968319097 ], [ -80.057797336001101, 40.444403968557502 ], [ -80.058047336218607, 40.444426968393799 ], [ -80.058242336173905, 40.444488967819701 ], [ -80.058500336331505, 40.444595968501403 ], [ -80.058767336462097, 40.4447689685638 ], [ -80.059122337477305, 40.4450269685899 ], [ -80.059190336910206, 40.445076968080798 ], [ -80.059332337130201, 40.445179968623698 ], [ -80.059760336813895, 40.445490968018703 ], [ -80.059795337602907, 40.445516968294299 ], [ -80.059901337836394, 40.4455979680152 ], [ -80.059960337491603, 40.445643968604998 ], [ -80.060124337414294, 40.4458049686435 ], [ -80.060182336806093, 40.445861968329602 ], [ -80.060735338021004, 40.446485968814599 ], [ -80.060938337979593, 40.446714968601299 ], [ -80.061125337408399, 40.4469269683185 ], [ -80.061490338046198, 40.447339968558303 ], [ -80.061686338345694, 40.4475659683809 ], [ -80.061892338333493, 40.447802967776198 ], [ -80.061904339149095, 40.447814968177603 ], [ -80.0619781697973, 40.447752870859901 ], [ -80.062045307739496, 40.447696402846397 ], [ -80.0624203381755, 40.447380968872402 ], [ -80.062465338123204, 40.447347968645303 ], [ -80.062614337950095, 40.447240968827998 ], [ -80.062823338299395, 40.447391968351603 ], [ -80.063397338542501, 40.447773968449802 ], [ -80.063450338249993, 40.447811968557602 ], [ -80.0635463386118, 40.447882968901197 ], [ -80.063633338033199, 40.447930968412599 ], [ -80.064010339154706, 40.447632968901303 ], [ -80.064078338638893, 40.447646968518697 ], [ -80.064176338457003, 40.447666968232198 ], [ -80.064204338472805, 40.447669968792098 ], [ -80.064265338919498, 40.447690968775802 ], [ -80.064326338338702, 40.447712968743097 ], [ -80.064291338526004, 40.448181968861803 ], [ -80.065116338959001, 40.448477968800802 ], [ -80.065245339064404, 40.448524969006698 ], [ -80.065323339578399, 40.448546968417098 ], [ -80.065350339094294, 40.448551968921102 ], [ -80.0653503396464, 40.448831968328399 ], [ -80.066197339269493, 40.449388969145097 ], [ -80.066260339371397, 40.449316969056298 ], [ -80.066685339687396, 40.448827969119897 ], [ -80.066721339907701, 40.4488359690476 ], [ -80.0667343392454, 40.448838968807799 ], [ -80.067045339594898, 40.448897968893498 ], [ -80.067107340038504, 40.448897969087 ], [ -80.067143340287004, 40.448897968922601 ], [ -80.067224340045499, 40.4488399685792 ], [ -80.0672523397823, 40.4487919686608 ], [ -80.0672943393227, 40.448749969078001 ], [ -80.0673263393073, 40.448718969030303 ], [ -80.0673483397659, 40.448698968525903 ], [ -80.067415339942301, 40.448638968578898 ], [ -80.067438339354993, 40.4486199687408 ], [ -80.067481339305701, 40.448581968825302 ], [ -80.067611339876606, 40.448466968731502 ], [ -80.067655339786896, 40.448429968508499 ], [ -80.067732340315402, 40.448360968756297 ], [ -80.067953339613396, 40.448166968824303 ], [ -80.067966339908693, 40.448154968492098 ], [ -80.068044339960394, 40.448086968284002 ], [ -80.068127340179501, 40.448013968646897 ], [ -80.068139339588896, 40.4480039685414 ], [ -80.068362339480103, 40.447785968306199 ], [ -80.068619339525895, 40.4478529671212 ], [ -80.069046132333398, 40.447964410468799 ], [ -80.070059340393996, 40.448228968215602 ], [ -80.070873341010795, 40.448440968528097 ], [ -80.071590341170094, 40.448628968645302 ], [ -80.072720340947001, 40.448382968745499 ], [ -80.072948340930907, 40.448332968301798 ], [ -80.073152342064404, 40.448660968533503 ], [ -80.075462342143496, 40.448219968313801 ], [ -80.0763533429636, 40.448049968202298 ], [ -80.076463342108397, 40.448031968364198 ], [ -80.076537342766102, 40.448014967890202 ], [ -80.076355342051002, 40.447253968164397 ], [ -80.076405342808798, 40.4472469679665 ], [ -80.076732342010601, 40.447180967922201 ], [ -80.076753343140794, 40.447177967630203 ], [ -80.076951342846499, 40.447147967611897 ], [ -80.077298343004102, 40.4470159678242 ], [ -80.077632342824799, 40.446912967504701 ], [ -80.077953342545698, 40.446766967761299 ], [ -80.078102342976507, 40.446703968108501 ], [ -80.078508343009602, 40.446534967941098 ], [ -80.078272343463695, 40.446016967450099 ], [ -80.077440342203602, 40.444195967288103 ], [ -80.077311342706295, 40.443913967345402 ], [ -80.076991342920294, 40.443211967022101 ], [ -80.076708342721503, 40.442591966783901 ], [ -80.076609342079905, 40.442373967443601 ], [ -80.076574341565006, 40.442297966779897 ], [ -80.076378342676307, 40.441870966222602 ], [ -80.076355341788002, 40.441815966248598 ], [ -80.076453341945196, 40.441791966315897 ], [ -80.076625342016101, 40.441751966526098 ], [ -80.077052342201199, 40.441649966867303 ], [ -80.077662342153801, 40.441487967027903 ], [ -80.078121342089801, 40.441356966533398 ], [ -80.078787343074694, 40.441151966617397 ], [ -80.079775343432303, 40.440822966757203 ], [ -80.080139343667199, 40.440689966135899 ], [ -80.080237343286797, 40.440648966535903 ], [ -80.080514343470696, 40.440502966790497 ], [ -80.080615343371605, 40.440125966476202 ], [ -80.080733343350204, 40.439797966421096 ], [ -80.080752343666802, 40.439745966025001 ], [ -80.080887343114796, 40.439787966454602 ], [ -80.081463343356802, 40.439969966381497 ], [ -80.081812343858402, 40.440052966792699 ], [ -80.082399343584299, 40.440251966329598 ], [ -80.082558344159494, 40.440307966003097 ], [ -80.082886344118293, 40.440444966486403 ], [ -80.083244344157706, 40.440832966082297 ], [ -80.083329344254906, 40.440966965289498 ], [ -80.083578344571094, 40.441370966608702 ], [ -80.083913344386104, 40.441724966502598 ], [ -80.083970344213299, 40.441801966734602 ], [ -80.084071344784107, 40.441936966586503 ], [ -80.0847043441197, 40.442056967019496 ], [ -80.084869345135203, 40.442088966675101 ], [ -80.084917344291796, 40.442099966229499 ], [ -80.085052345050201, 40.442146966411997 ], [ -80.085577345284904, 40.442331967014198 ], [ -80.0874813452794, 40.442810966997499 ], [ -80.088106346021803, 40.442958966785802 ], [ -80.089240346750799, 40.443340966979598 ], [ -80.090168346621795, 40.444169967207202 ], [ -80.090402346260703, 40.445417967123603 ], [ -80.090368346681402, 40.4456099670074 ], [ -80.090197346260297, 40.446166967388699 ], [ -80.090138346309402, 40.4463589671048 ], [ -80.090111346706294, 40.446586967543503 ], [ -80.0901583466066, 40.446854966940002 ], [ -80.090276347011297, 40.447529967361902 ], [ -80.090297347025796, 40.447579967449101 ], [ -80.090392346898696, 40.447771967507997 ], [ -80.090417346890405, 40.447823967656397 ], [ -80.090546347205503, 40.448092967507101 ], [ -80.090747347255999, 40.448493967829997 ], [ -80.090918911779895, 40.448839548609797 ], [ -80.091027346458802, 40.4490579662016 ], [ -80.090805346913299, 40.449170967611202 ], [ -80.090638347254995, 40.449254968141403 ], [ -80.0904213473288, 40.4493649675209 ], [ -80.089646346312705, 40.4497579681776 ], [ -80.089604346654696, 40.449789968018301 ], [ -80.089537346363102, 40.449843967667 ], [ -80.089520346948603, 40.450434967727503 ], [ -80.089690346960595, 40.450672968169499 ], [ -80.089719346333297, 40.4507319676812 ], [ -80.089776346755201, 40.450792967882997 ], [ -80.089943347164507, 40.451025968332601 ], [ -80.090241347300505, 40.451247968283901 ], [ -80.0905113465993, 40.451351968574897 ], [ -80.090716347424603, 40.451428968403803 ], [ -80.091123347573102, 40.451431968047302 ], [ -80.091516348011993, 40.451349967733002 ], [ -80.091722347773796, 40.451283967782601 ], [ -80.091838347571496, 40.451224967712299 ], [ -80.092413347145794, 40.450925967762799 ], [ -80.092575348205798, 40.450838967842998 ], [ -80.092703347211099, 40.450797967845801 ], [ -80.092897347897903, 40.450774967629499 ], [ -80.093259347890495, 40.450752968232202 ], [ -80.093378348389393, 40.450761968073699 ], [ -80.093567347893995, 40.450754968174699 ], [ -80.093602348208407, 40.450754968355 ], [ -80.093638347964003, 40.450768968116599 ], [ -80.093808348291503, 40.450839967728299 ], [ -80.094044347922093, 40.450941968264097 ], [ -80.094183348273006, 40.451030968192498 ], [ -80.0945033483938, 40.451338968227901 ], [ -80.094639348737303, 40.451867968522002 ], [ -80.094657347925093, 40.4519379684466 ], [ -80.094627348940804, 40.452655968243903 ], [ -80.094607348174506, 40.453017968664099 ], [ -80.094605348871895, 40.4530299687137 ], [ -80.0945883490878, 40.453143967928803 ], [ -80.094555347992596, 40.453362968585601 ], [ -80.094675348975898, 40.454004968355299 ], [ -80.095265348596797, 40.457114968646302 ], [ -80.0952733487008, 40.457172969509799 ], [ -80.095304349359495, 40.457347968793997 ], [ -80.095331348795597, 40.457502969033399 ], [ -80.095322349182695, 40.457612968993303 ], [ -80.095313349293093, 40.457806969129699 ], [ -80.095297348807904, 40.458141969245801 ], [ -80.095287348883105, 40.458319968898302 ], [ -80.095258349749201, 40.458811969050601 ], [ -80.095233349101093, 40.459110969651697 ], [ -80.095142349527904, 40.459276969404499 ], [ -80.095036349041706, 40.459427969778602 ], [ -80.0948933494372, 40.459521969184401 ], [ -80.094757348650504, 40.459626969691897 ], [ -80.094687348672906, 40.459677969899403 ], [ -80.094614348773902, 40.459723969643797 ], [ -80.094177349245996, 40.459758969909203 ], [ -80.093460348372702, 40.459830969970596 ], [ -80.093133348719505, 40.459833969373499 ], [ -80.091867347795002, 40.459860969928997 ], [ -80.090690347985202, 40.459831969657799 ], [ -80.090480347910798, 40.4598279697246 ], [ -80.089726347368099, 40.459803969575603 ], [ -80.088774347091501, 40.459769970016403 ], [ -80.088588347155294, 40.459763970233404 ], [ -80.088384346686794, 40.459755969442199 ], [ -80.0880273465702, 40.459744969429998 ], [ -80.087874346668301, 40.459761969460402 ], [ -80.087744347444001, 40.4597769698767 ], [ -80.087538346611097, 40.459796970195498 ], [ -80.087286346935997, 40.459821969644103 ], [ -80.087111347312302, 40.459840970257801 ], [ -80.087064346318996, 40.459843970112601 ], [ -80.086785346456196, 40.459863970226898 ], [ -80.086669346713506, 40.459851970214999 ], [ -80.086649347030004, 40.459849970009302 ], [ -80.086438346212105, 40.459832970367998 ], [ -80.086301346294803, 40.459825970140201 ], [ -80.086121346300303, 40.459816970346701 ], [ -80.085158345622304, 40.459662969833502 ], [ -80.084195970764199, 40.459516521710498 ], [ -80.083916345986495, 40.459473968196903 ], [ -80.083826345676599, 40.459460970114797 ], [ -80.083705345606504, 40.459446969918801 ], [ -80.083448345084307, 40.459524969980301 ], [ -80.083160344969599, 40.459612969919696 ], [ -80.082781345313606, 40.459780970410797 ], [ -80.082627344805104, 40.459848970042898 ], [ -80.082276344878906, 40.460006970462103 ], [ -80.082169345589705, 40.4600899706139 ], [ -80.081918344819798, 40.460288970164903 ], [ -80.081456345584499, 40.460626970750397 ], [ -80.0814013448324, 40.460684970038102 ], [ -80.081191344433606, 40.460891970648497 ], [ -80.080976344550507, 40.461145970628102 ], [ -80.080893345197495, 40.461244970176701 ], [ -80.080841345088899, 40.461341970713697 ], [ -80.080684344439007, 40.461631970707401 ], [ -80.080622344444706, 40.461749970888498 ], [ -80.0805893447654, 40.461812970278601 ], [ -80.080548345312906, 40.461897970518699 ], [ -80.080527345144901, 40.461932970384602 ], [ -80.080486344362598, 40.4620179706247 ], [ -80.080357345027195, 40.462286970470103 ], [ -80.080306344464205, 40.462389970366701 ], [ -80.080263344701905, 40.462473970270501 ], [ -80.080252344857499, 40.462497970316598 ], [ -80.080175344905498, 40.462727970416402 ], [ -80.080169344817094, 40.462744970590002 ], [ -80.080107345375893, 40.462937971068399 ], [ -80.080065410069395, 40.463045524115998 ], [ -80.079937345219705, 40.463373970991398 ], [ -80.079720344924198, 40.463581970918497 ], [ -80.079675344414099, 40.463620971403699 ], [ -80.079400344892605, 40.463861970973397 ], [ -80.078791129773506, 40.464239889317099 ], [ -80.078062344273704, 40.4646919715642 ], [ -80.077700343932307, 40.464743971135903 ], [ -80.077597344697296, 40.464747971213903 ], [ -80.077346343740899, 40.464756971734801 ], [ -80.077034344019793, 40.4647379700586 ], [ -80.076710343997505, 40.4647029713202 ], [ -80.076501344319396, 40.464664971684002 ], [ -80.076320118505507, 40.464587969692403 ], [ -80.0762683435388, 40.464565970147099 ], [ -80.076078343701894, 40.464435970430898 ], [ -80.075367343354898, 40.463988971583497 ], [ -80.074894344195599, 40.4636929708916 ], [ -80.0747623427837, 40.463619970200099 ], [ -80.074347342687403, 40.463236970728502 ], [ -80.074237342475996, 40.463134971323697 ], [ -80.072453342440397, 40.461488970502998 ], [ -80.072337342151897, 40.4613819710531 ], [ -80.0722243423847, 40.461349971162903 ], [ -80.071893341882898, 40.461259970496798 ], [ -80.071078341886604, 40.461112970940697 ], [ -80.069533341168594, 40.460834970690399 ], [ -80.069244341607899, 40.460819970606302 ], [ -80.068863340869797, 40.460799970458503 ], [ -80.068711340980698, 40.460791971026303 ], [ -80.068554340942498, 40.460794970717203 ], [ -80.068169340807103, 40.460897971124403 ], [ -80.067759340707099, 40.4610079705621 ], [ -80.067267340735597, 40.461179971434497 ], [ -80.066907340080206, 40.4613059707237 ], [ -80.066206339988099, 40.461642970975802 ], [ -80.065576340555694, 40.461946970915903 ], [ -80.065420340297393, 40.4620219709442 ], [ -80.065214339708405, 40.462120971137402 ], [ -80.064499339484399, 40.462461971657703 ], [ -80.064096339915594, 40.462635971130801 ], [ -80.064006339436801, 40.462674971614199 ], [ -80.063401339108594, 40.462823971821102 ], [ -80.062917338966002, 40.4630539714219 ], [ -80.061938338996598, 40.463521971632403 ], [ -80.060838338790404, 40.464191972181602 ], [ -80.060749339094897, 40.464206971880401 ], [ -80.060111338155707, 40.464153971872101 ], [ -80.059832338268194, 40.464071972260498 ], [ -80.059436338228295, 40.463930972269303 ], [ -80.059185338213197, 40.463785971803702 ], [ -80.058974338601203, 40.463669971541698 ], [ -80.058488338589996, 40.463454971296002 ], [ -80.058249337588407, 40.463442972053301 ], [ -80.058137337566706, 40.463436971581501 ], [ -80.058037338428306, 40.463458971645103 ], [ -80.057798337397202, 40.463511971714802 ], [ -80.057252337698898, 40.4637219715529 ], [ -80.057142338123597, 40.463760972057798 ], [ -80.056963337167403, 40.463833971714898 ], [ -80.056639337189694, 40.463958972093401 ], [ -80.056357337537804, 40.464050971751099 ], [ -80.056166337066102, 40.4641129718296 ], [ -80.055961337513494, 40.464197972218201 ], [ -80.055564337601496, 40.464363972106803 ], [ -80.055343337616506, 40.464444972516901 ], [ -80.055042337587693, 40.464555971918102 ], [ -80.055020337070701, 40.464557971852301 ], [ -80.054182336829996, 40.464808972178297 ], [ -80.053638336371606, 40.464890971960301 ], [ -80.053543337023399, 40.464918971956699 ], [ -80.053362336902694, 40.464971972623403 ], [ -80.052597336876801, 40.465197972687697 ], [ -80.052389177742, 40.465257123511499 ], [ -80.052365372446701, 40.465203231625402 ], [ -80.052309914662402, 40.464985933372702 ], [ -80.052096830181398, 40.464514545822198 ], [ -80.052031492079394, 40.464403399688102 ], [ -80.051964021562497, 40.464298989596202 ], [ -80.050954185524006, 40.462918825137997 ], [ -80.050886076801504, 40.462833055760399 ], [ -80.050733856825204, 40.4626701325939 ], [ -80.050687885569999, 40.462596369190202 ], [ -80.050526226479107, 40.462475122317898 ], [ -80.050492808436701, 40.462450893994202 ], [ -80.050397560416897, 40.462365664449003 ], [ -80.050197056783603, 40.462220297665198 ], [ -80.050174920058097, 40.462208291463 ], [ -80.049974417372496, 40.4620629242891 ], [ -80.049902296906694, 40.462018721964903 ], [ -80.049756783807894, 40.461893004213799 ], [ -80.049507923591506, 40.461732905730997 ], [ -80.049312364662399, 40.461610372158098 ], [ -80.049204813104495, 40.461490038191499 ], [ -80.049083908945903, 40.461433181540102 ], [ -80.048988580416903, 40.461367914399702 ], [ -80.048850823155206, 40.461271885977901 ], [ -80.048728708517103, 40.4611794967241 ], [ -80.048653786447503, 40.461105921800502 ], [ -80.048611089766794, 40.461067263234099 ], [ -80.048192656501598, 40.460779277017103 ], [ -80.048155801405599, 40.460760255954803 ], [ -80.047942453202694, 40.460570910704902 ], [ -80.047762542496699, 40.460452013924098 ], [ -80.0476729230746, 40.460402435657898 ], [ -80.047481733856898, 40.4602561071368 ], [ -80.047411444565199, 40.460166636859199 ], [ -80.047378952572899, 40.460123823733198 ], [ -80.047241738103807, 40.4600435860849 ], [ -80.046981602660594, 40.459854821230302 ], [ -80.045254126205194, 40.458564224754497 ], [ -80.043967273458406, 40.457511930156102 ], [ -80.0422796613976, 40.456223112434003 ], [ -80.041775503554703, 40.4558317702392 ], [ -80.041453375184304, 40.455582923437703 ], [ -80.041044701503296, 40.455195151755497 ], [ -80.040691254891001, 40.454827119026 ], [ -80.040189231057298, 40.454300555893496 ], [ -80.039943839610103, 40.454102273011998 ], [ -80.039908531984196, 40.454066509977999 ], [ -80.039822341897406, 40.453937995932002 ], [ -80.039639340579598, 40.453769729097502 ], [ -80.039378027146199, 40.453504045199601 ], [ -80.039076183630897, 40.4532495813298 ], [ -80.038978396731096, 40.453147624830301 ], [ -80.03877222269, 40.452932652296901 ], [ -80.0385219880976, 40.452729934573497 ], [ -80.037722639404194, 40.452030419044299 ], [ -80.037487211400304, 40.451782180605498 ], [ -80.037167204992301, 40.451550068434798 ], [ -80.036193585443499, 40.450731156152997 ], [ -80.034961606965794, 40.449823411358302 ], [ -80.033115451155794, 40.448411124201201 ], [ -80.0328754020898, 40.448195182027298 ], [ -80.032657611951905, 40.448012676712501 ], [ -80.0323768297783, 40.447814165752 ], [ -80.032026250920595, 40.447531223726699 ], [ -80.0318771808234, 40.4474542782648 ], [ -80.031347412725495, 40.4470803960943 ], [ -80.030331727073204, 40.446366768888602 ], [ -80.029274202128306, 40.445703985442201 ], [ -80.028804898301999, 40.445430153811301 ], [ -80.028464374675906, 40.445244569179899 ], [ -80.028262727956601, 40.445127037515498 ], [ -80.027893330481007, 40.444937815130999 ], [ -80.027866369554104, 40.444924360297897 ], [ -80.027821034464296, 40.444901397481203 ] ] ] } }
]
}
